<?xml version="1.0" encoding="UTF-8"?>
<gpx version="1.1" creator="MultiTrail"
     xmlns="http://www.topografix.com/GPX/1/1">
  <trk>
    <name>Dolina Chochołowska</name>
    <trkseg>
      <trkpt lat="49.287510" lon="19.847296"><ele>889.0</ele></trkpt>
      <trkpt lat="49.287487" lon="19.847281"><ele>889.0</ele></trkpt>
      <trkpt lat="49.287465" lon="19.847266"><ele>889.0</ele></trkpt>
      <trkpt lat="49.287442" lon="19.847251"><ele>889.0</ele></trkpt>
      <trkpt lat="49.287419" lon="19.847235"><ele>889.0</ele></trkpt>
      <trkpt lat="49.287389" lon="19.847210"><ele>889.0</ele></trkpt>
      <trkpt lat="49.287360" lon="19.847190"><ele>889.0</ele></trkpt>
      <trkpt lat="49.287334" lon="19.847165"><ele>889.2</ele></trkpt>
      <trkpt lat="49.287318" lon="19.847149"><ele>889.4</ele></trkpt>
      <trkpt lat="49.287293" lon="19.847126"><ele>889.4</ele></trkpt>
      <trkpt lat="49.287274" lon="19.847107"><ele>889.4</ele></trkpt>
      <trkpt lat="49.287258" lon="19.847091"><ele>889.6</ele></trkpt>
      <trkpt lat="49.287242" lon="19.847075"><ele>889.8</ele></trkpt>
      <trkpt lat="49.287219" lon="19.847050"><ele>889.8</ele></trkpt>
      <trkpt lat="49.287190" lon="19.847029"><ele>890.0</ele></trkpt>
      <trkpt lat="49.287162" lon="19.847002"><ele>890.0</ele></trkpt>
      <trkpt lat="49.287139" lon="19.846976"><ele>890.0</ele></trkpt>
      <trkpt lat="49.287120" lon="19.846958"><ele>890.2</ele></trkpt>
      <trkpt lat="49.287104" lon="19.846942"><ele>890.4</ele></trkpt>
      <trkpt lat="49.287088" lon="19.846918"><ele>890.4</ele></trkpt>
      <trkpt lat="49.287075" lon="19.846888"><ele>890.6</ele></trkpt>
      <trkpt lat="49.287062" lon="19.846867"><ele>890.6</ele></trkpt>
      <trkpt lat="49.287040" lon="19.846830"><ele>890.6</ele></trkpt>
      <trkpt lat="49.287030" lon="19.846805"><ele>890.6</ele></trkpt>
      <trkpt lat="49.287014" lon="19.846781"><ele>890.6</ele></trkpt>
      <trkpt lat="49.286998" lon="19.846762"><ele>890.6</ele></trkpt>
      <trkpt lat="49.286982" lon="19.846742"><ele>890.6</ele></trkpt>
      <trkpt lat="49.286963" lon="19.846720"><ele>890.6</ele></trkpt>
      <trkpt lat="49.286941" lon="19.846690"><ele>890.8</ele></trkpt>
      <trkpt lat="49.286925" lon="19.846662"><ele>890.8</ele></trkpt>
      <trkpt lat="49.286902" lon="19.846643"><ele>890.8</ele></trkpt>
      <trkpt lat="49.286877" lon="19.846621"><ele>891.0</ele></trkpt>
      <trkpt lat="49.286858" lon="19.846602"><ele>891.0</ele></trkpt>
      <trkpt lat="49.286838" lon="19.846576"><ele>891.0</ele></trkpt>
      <trkpt lat="49.286822" lon="19.846558"><ele>891.2</ele></trkpt>
      <trkpt lat="49.286803" lon="19.846531"><ele>891.4</ele></trkpt>
      <trkpt lat="49.286784" lon="19.846504"><ele>891.4</ele></trkpt>
      <trkpt lat="49.286762" lon="19.846477"><ele>891.4</ele></trkpt>
      <trkpt lat="49.286746" lon="19.846464"><ele>891.6</ele></trkpt>
      <trkpt lat="49.286723" lon="19.846430"><ele>891.8</ele></trkpt>
      <trkpt lat="49.286698" lon="19.846405"><ele>891.8</ele></trkpt>
      <trkpt lat="49.286672" lon="19.846381"><ele>891.8</ele></trkpt>
      <trkpt lat="49.286653" lon="19.846352"><ele>891.8</ele></trkpt>
      <trkpt lat="49.286634" lon="19.846325"><ele>892.0</ele></trkpt>
      <trkpt lat="49.286611" lon="19.846306"><ele>892.0</ele></trkpt>
      <trkpt lat="49.286586" lon="19.846286"><ele>892.2</ele></trkpt>
      <trkpt lat="49.286560" lon="19.846261"><ele>892.2</ele></trkpt>
      <trkpt lat="49.286541" lon="19.846238"><ele>892.0</ele></trkpt>
      <trkpt lat="49.286525" lon="19.846226"><ele>892.0</ele></trkpt>
      <trkpt lat="49.286506" lon="19.846205"><ele>892.0</ele></trkpt>
      <trkpt lat="49.286486" lon="19.846176"><ele>892.2</ele></trkpt>
      <trkpt lat="49.286467" lon="19.846158"><ele>892.4</ele></trkpt>
      <trkpt lat="49.286445" lon="19.846134"><ele>892.4</ele></trkpt>
      <trkpt lat="49.286429" lon="19.846122"><ele>892.4</ele></trkpt>
      <trkpt lat="49.286413" lon="19.846106"><ele>892.4</ele></trkpt>
      <trkpt lat="49.286387" lon="19.846090"><ele>892.4</ele></trkpt>
      <trkpt lat="49.286365" lon="19.846067"><ele>892.6</ele></trkpt>
      <trkpt lat="49.286342" lon="19.846043"><ele>892.4</ele></trkpt>
      <trkpt lat="49.286326" lon="19.846027"><ele>892.6</ele></trkpt>
      <trkpt lat="49.286301" lon="19.846003"><ele>892.6</ele></trkpt>
      <trkpt lat="49.286285" lon="19.845989"><ele>892.6</ele></trkpt>
      <trkpt lat="49.286269" lon="19.845973"><ele>892.6</ele></trkpt>
      <trkpt lat="49.286240" lon="19.845939"><ele>892.8</ele></trkpt>
      <trkpt lat="49.286218" lon="19.845915"><ele>892.8</ele></trkpt>
      <trkpt lat="49.286198" lon="19.845888"><ele>892.8</ele></trkpt>
      <trkpt lat="49.286179" lon="19.845867"><ele>893.0</ele></trkpt>
      <trkpt lat="49.286163" lon="19.845845"><ele>893.0</ele></trkpt>
      <trkpt lat="49.286150" lon="19.845811"><ele>893.2</ele></trkpt>
      <trkpt lat="49.286141" lon="19.845787"><ele>893.2</ele></trkpt>
      <trkpt lat="49.286122" lon="19.845766"><ele>893.4</ele></trkpt>
      <trkpt lat="49.286102" lon="19.845750"><ele>893.4</ele></trkpt>
      <trkpt lat="49.286083" lon="19.845725"><ele>893.6</ele></trkpt>
      <trkpt lat="49.286067" lon="19.845699"><ele>893.6</ele></trkpt>
      <trkpt lat="49.286045" lon="19.845685"><ele>893.6</ele></trkpt>
      <trkpt lat="49.286029" lon="19.845662"><ele>893.8</ele></trkpt>
      <trkpt lat="49.286010" lon="19.845650"><ele>893.8</ele></trkpt>
      <trkpt lat="49.285990" lon="19.845621"><ele>893.8</ele></trkpt>
      <trkpt lat="49.285981" lon="19.845589"><ele>893.8</ele></trkpt>
      <trkpt lat="49.285962" lon="19.845568"><ele>893.8</ele></trkpt>
      <trkpt lat="49.285936" lon="19.845557"><ele>893.8</ele></trkpt>
      <trkpt lat="49.285901" lon="19.845550"><ele>893.8</ele></trkpt>
      <trkpt lat="49.285878" lon="19.845539"><ele>893.8</ele></trkpt>
      <trkpt lat="49.285850" lon="19.845512"><ele>893.8</ele></trkpt>
      <trkpt lat="49.285830" lon="19.845482"><ele>894.0</ele></trkpt>
      <trkpt lat="49.285808" lon="19.845461"><ele>894.0</ele></trkpt>
      <trkpt lat="49.285786" lon="19.845437"><ele>894.0</ele></trkpt>
      <trkpt lat="49.285766" lon="19.845411"><ele>894.2</ele></trkpt>
      <trkpt lat="49.285741" lon="19.845402"><ele>894.2</ele></trkpt>
      <trkpt lat="49.285718" lon="19.845381"><ele>894.4</ele></trkpt>
      <trkpt lat="49.285699" lon="19.845352"><ele>894.6</ele></trkpt>
      <trkpt lat="49.285680" lon="19.845323"><ele>894.6</ele></trkpt>
      <trkpt lat="49.285661" lon="19.845293"><ele>894.6</ele></trkpt>
      <trkpt lat="49.285638" lon="19.845262"><ele>894.6</ele></trkpt>
      <trkpt lat="49.285619" lon="19.845242"><ele>894.4</ele></trkpt>
      <trkpt lat="49.285600" lon="19.845221"><ele>894.4</ele></trkpt>
      <trkpt lat="49.285581" lon="19.845195"><ele>894.6</ele></trkpt>
      <trkpt lat="49.285555" lon="19.845170"><ele>894.6</ele></trkpt>
      <trkpt lat="49.285539" lon="19.845144"><ele>894.6</ele></trkpt>
      <trkpt lat="49.285514" lon="19.845120"><ele>894.6</ele></trkpt>
      <trkpt lat="49.285494" lon="19.845101"><ele>894.6</ele></trkpt>
      <trkpt lat="49.285475" lon="19.845082"><ele>894.8</ele></trkpt>
      <trkpt lat="49.285462" lon="19.845051"><ele>895.0</ele></trkpt>
      <trkpt lat="49.285443" lon="19.845016"><ele>895.0</ele></trkpt>
      <trkpt lat="49.285421" lon="19.844987"><ele>895.2</ele></trkpt>
      <trkpt lat="49.285402" lon="19.844963"><ele>895.2</ele></trkpt>
      <trkpt lat="49.285386" lon="19.844944"><ele>895.4</ele></trkpt>
      <trkpt lat="49.285366" lon="19.844920"><ele>895.4</ele></trkpt>
      <trkpt lat="49.285347" lon="19.844878"><ele>895.6</ele></trkpt>
      <trkpt lat="49.285322" lon="19.844843"><ele>895.8</ele></trkpt>
      <trkpt lat="49.285306" lon="19.844824"><ele>895.8</ele></trkpt>
      <trkpt lat="49.285286" lon="19.844798"><ele>895.8</ele></trkpt>
      <trkpt lat="49.285251" lon="19.844792"><ele>896.0</ele></trkpt>
      <trkpt lat="49.285232" lon="19.844773"><ele>896.0</ele></trkpt>
      <trkpt lat="49.285210" lon="19.844744"><ele>896.0</ele></trkpt>
      <trkpt lat="49.285187" lon="19.844715"><ele>896.0</ele></trkpt>
      <trkpt lat="49.285171" lon="19.844699"><ele>896.0</ele></trkpt>
      <trkpt lat="49.285149" lon="19.844674"><ele>895.8</ele></trkpt>
      <trkpt lat="49.285126" lon="19.844646"><ele>896.0</ele></trkpt>
      <trkpt lat="49.285110" lon="19.844634"><ele>895.8</ele></trkpt>
      <trkpt lat="49.285094" lon="19.844616"><ele>895.8</ele></trkpt>
      <trkpt lat="49.285072" lon="19.844606"><ele>896.0</ele></trkpt>
      <trkpt lat="49.285078" lon="19.844576"><ele>896.2</ele></trkpt>
      <trkpt lat="49.285053" lon="19.844557"><ele>896.6</ele></trkpt>
      <trkpt lat="49.285034" lon="19.844533"><ele>896.6</ele></trkpt>
      <trkpt lat="49.285014" lon="19.844506"><ele>896.6</ele></trkpt>
      <trkpt lat="49.284989" lon="19.844478"><ele>896.6</ele></trkpt>
      <trkpt lat="49.284970" lon="19.844459"><ele>896.6</ele></trkpt>
      <trkpt lat="49.284957" lon="19.844429"><ele>896.8</ele></trkpt>
      <trkpt lat="49.284934" lon="19.844397"><ele>896.8</ele></trkpt>
      <trkpt lat="49.284909" lon="19.844384"><ele>896.8</ele></trkpt>
      <trkpt lat="49.284886" lon="19.844365"><ele>897.0</ele></trkpt>
      <trkpt lat="49.284864" lon="19.844336"><ele>897.0</ele></trkpt>
      <trkpt lat="49.284838" lon="19.844317"><ele>897.0</ele></trkpt>
      <trkpt lat="49.284816" lon="19.844306"><ele>897.2</ele></trkpt>
      <trkpt lat="49.284797" lon="19.844278"><ele>897.2</ele></trkpt>
      <trkpt lat="49.284774" lon="19.844246"><ele>897.2</ele></trkpt>
      <trkpt lat="49.284755" lon="19.844229"><ele>897.2</ele></trkpt>
      <trkpt lat="49.284739" lon="19.844206"><ele>897.2</ele></trkpt>
      <trkpt lat="49.284730" lon="19.844182"><ele>897.2</ele></trkpt>
      <trkpt lat="49.284710" lon="19.844157"><ele>897.0</ele></trkpt>
      <trkpt lat="49.284694" lon="19.844136"><ele>897.0</ele></trkpt>
      <trkpt lat="49.284675" lon="19.844112"><ele>897.0</ele></trkpt>
      <trkpt lat="49.284659" lon="19.844099"><ele>897.0</ele></trkpt>
      <trkpt lat="49.284640" lon="19.844072"><ele>897.0</ele></trkpt>
      <trkpt lat="49.284618" lon="19.844046"><ele>897.2</ele></trkpt>
      <trkpt lat="49.284602" lon="19.844034"><ele>897.2</ele></trkpt>
      <trkpt lat="49.284576" lon="19.844003"><ele>897.2</ele></trkpt>
      <trkpt lat="49.284554" lon="19.843981"><ele>897.2</ele></trkpt>
      <trkpt lat="49.284534" lon="19.843960"><ele>897.4</ele></trkpt>
      <trkpt lat="49.284518" lon="19.843941"><ele>897.6</ele></trkpt>
      <trkpt lat="49.284499" lon="19.843923"><ele>897.6</ele></trkpt>
      <trkpt lat="49.284477" lon="19.843891"><ele>897.6</ele></trkpt>
      <trkpt lat="49.284454" lon="19.843861"><ele>897.8</ele></trkpt>
      <trkpt lat="49.284429" lon="19.843840"><ele>897.8</ele></trkpt>
      <trkpt lat="49.284403" lon="19.843816"><ele>897.8</ele></trkpt>
      <trkpt lat="49.284390" lon="19.843795"><ele>897.8</ele></trkpt>
      <trkpt lat="49.284371" lon="19.843779"><ele>898.0</ele></trkpt>
      <trkpt lat="49.284355" lon="19.843762"><ele>898.0</ele></trkpt>
      <trkpt lat="49.284336" lon="19.843742"><ele>898.0</ele></trkpt>
      <trkpt lat="49.284317" lon="19.843710"><ele>898.0</ele></trkpt>
      <trkpt lat="49.284298" lon="19.843685"><ele>898.0</ele></trkpt>
      <trkpt lat="49.284278" lon="19.843661"><ele>898.2</ele></trkpt>
      <trkpt lat="49.284256" lon="19.843632"><ele>898.2</ele></trkpt>
      <trkpt lat="49.284234" lon="19.843602"><ele>898.2</ele></trkpt>
      <trkpt lat="49.284214" lon="19.843576"><ele>898.2</ele></trkpt>
      <trkpt lat="49.284195" lon="19.843560"><ele>898.2</ele></trkpt>
      <trkpt lat="49.284179" lon="19.843538"><ele>898.4</ele></trkpt>
      <trkpt lat="49.284160" lon="19.843515"><ele>898.4</ele></trkpt>
      <trkpt lat="49.284138" lon="19.843488"><ele>898.6</ele></trkpt>
      <trkpt lat="49.284115" lon="19.843466"><ele>898.6</ele></trkpt>
      <trkpt lat="49.284096" lon="19.843437"><ele>898.6</ele></trkpt>
      <trkpt lat="49.284083" lon="19.843414"><ele>898.8</ele></trkpt>
      <trkpt lat="49.284064" lon="19.843387"><ele>898.8</ele></trkpt>
      <trkpt lat="49.284042" lon="19.843357"><ele>898.8</ele></trkpt>
      <trkpt lat="49.284026" lon="19.843344"><ele>898.8</ele></trkpt>
      <trkpt lat="49.284003" lon="19.843315"><ele>899.0</ele></trkpt>
      <trkpt lat="49.283984" lon="19.843290"><ele>899.0</ele></trkpt>
      <trkpt lat="49.283962" lon="19.843262"><ele>899.0</ele></trkpt>
      <trkpt lat="49.283939" lon="19.843235"><ele>899.0</ele></trkpt>
      <trkpt lat="49.283914" lon="19.843216"><ele>899.0</ele></trkpt>
      <trkpt lat="49.283898" lon="19.843198"><ele>899.2</ele></trkpt>
      <trkpt lat="49.283878" lon="19.843178"><ele>899.4</ele></trkpt>
      <trkpt lat="49.283866" lon="19.843150"><ele>899.2</ele></trkpt>
      <trkpt lat="49.283846" lon="19.843139"><ele>899.4</ele></trkpt>
      <trkpt lat="49.283824" lon="19.843117"><ele>899.4</ele></trkpt>
      <trkpt lat="49.283805" lon="19.843090"><ele>899.4</ele></trkpt>
      <trkpt lat="49.283786" lon="19.843067"><ele>899.4</ele></trkpt>
      <trkpt lat="49.283763" lon="19.843048"><ele>899.4</ele></trkpt>
      <trkpt lat="49.283744" lon="19.843029"><ele>899.4</ele></trkpt>
      <trkpt lat="49.283722" lon="19.843000"><ele>899.6</ele></trkpt>
      <trkpt lat="49.283706" lon="19.842978"><ele>899.6</ele></trkpt>
      <trkpt lat="49.283683" lon="19.842952"><ele>899.6</ele></trkpt>
      <trkpt lat="49.283667" lon="19.842925"><ele>899.8</ele></trkpt>
      <trkpt lat="49.283645" lon="19.842894"><ele>899.8</ele></trkpt>
      <trkpt lat="49.283622" lon="19.842867"><ele>899.8</ele></trkpt>
      <trkpt lat="49.283600" lon="19.842846"><ele>899.8</ele></trkpt>
      <trkpt lat="49.283581" lon="19.842827"><ele>900.0</ele></trkpt>
      <trkpt lat="49.283558" lon="19.842806"><ele>900.0</ele></trkpt>
      <trkpt lat="49.283536" lon="19.842782"><ele>900.2</ele></trkpt>
      <trkpt lat="49.283514" lon="19.842752"><ele>900.2</ele></trkpt>
      <trkpt lat="49.283485" lon="19.842738"><ele>900.4</ele></trkpt>
      <trkpt lat="49.283456" lon="19.842722"><ele>900.4</ele></trkpt>
      <trkpt lat="49.283440" lon="19.842707"><ele>900.6</ele></trkpt>
      <trkpt lat="49.283424" lon="19.842690"><ele>900.6</ele></trkpt>
      <trkpt lat="49.283405" lon="19.842672"><ele>900.8</ele></trkpt>
      <trkpt lat="49.283386" lon="19.842648"><ele>900.8</ele></trkpt>
      <trkpt lat="49.283376" lon="19.842624"><ele>901.0</ele></trkpt>
      <trkpt lat="49.283363" lon="19.842602"><ele>901.0</ele></trkpt>
      <trkpt lat="49.283344" lon="19.842568"><ele>901.0</ele></trkpt>
      <trkpt lat="49.283325" lon="19.842531"><ele>901.0</ele></trkpt>
      <trkpt lat="49.283306" lon="19.842509"><ele>901.0</ele></trkpt>
      <trkpt lat="49.283286" lon="19.842488"><ele>901.2</ele></trkpt>
      <trkpt lat="49.283267" lon="19.842475"><ele>901.2</ele></trkpt>
      <trkpt lat="49.283248" lon="19.842450"><ele>901.2</ele></trkpt>
      <trkpt lat="49.283226" lon="19.842421"><ele>901.4</ele></trkpt>
      <trkpt lat="49.283200" lon="19.842384"><ele>901.4</ele></trkpt>
      <trkpt lat="49.283181" lon="19.842354"><ele>901.6</ele></trkpt>
      <trkpt lat="49.283158" lon="19.842333"><ele>901.6</ele></trkpt>
      <trkpt lat="49.283136" lon="19.842312"><ele>901.8</ele></trkpt>
      <trkpt lat="49.283110" lon="19.842283"><ele>901.8</ele></trkpt>
      <trkpt lat="49.283098" lon="19.842250"><ele>902.0</ele></trkpt>
      <trkpt lat="49.283085" lon="19.842221"><ele>902.0</ele></trkpt>
      <trkpt lat="49.283059" lon="19.842202"><ele>902.0</ele></trkpt>
      <trkpt lat="49.283040" lon="19.842186"><ele>902.2</ele></trkpt>
      <trkpt lat="49.283021" lon="19.842165"><ele>902.2</ele></trkpt>
      <trkpt lat="49.282992" lon="19.842146"><ele>902.2</ele></trkpt>
      <trkpt lat="49.282970" lon="19.842117"><ele>902.4</ele></trkpt>
      <trkpt lat="49.282947" lon="19.842091"><ele>902.2</ele></trkpt>
      <trkpt lat="49.282931" lon="19.842078"><ele>902.2</ele></trkpt>
      <trkpt lat="49.282909" lon="19.842066"><ele>902.2</ele></trkpt>
      <trkpt lat="49.282893" lon="19.842038"><ele>902.2</ele></trkpt>
      <trkpt lat="49.282867" lon="19.842027"><ele>902.4</ele></trkpt>
      <trkpt lat="49.282845" lon="19.842013"><ele>902.4</ele></trkpt>
      <trkpt lat="49.282822" lon="19.841989"><ele>902.6</ele></trkpt>
      <trkpt lat="49.282800" lon="19.841965"><ele>902.6</ele></trkpt>
      <trkpt lat="49.282771" lon="19.841942"><ele>902.8</ele></trkpt>
      <trkpt lat="49.282752" lon="19.841923"><ele>902.8</ele></trkpt>
      <trkpt lat="49.282733" lon="19.841906"><ele>902.8</ele></trkpt>
      <trkpt lat="49.282710" lon="19.841880"><ele>903.0</ele></trkpt>
      <trkpt lat="49.282688" lon="19.841854"><ele>903.0</ele></trkpt>
      <trkpt lat="49.282669" lon="19.841824"><ele>903.0</ele></trkpt>
      <trkpt lat="49.282646" lon="19.841798"><ele>903.0</ele></trkpt>
      <trkpt lat="49.282624" lon="19.841773"><ele>903.2</ele></trkpt>
      <trkpt lat="49.282605" lon="19.841749"><ele>903.4</ele></trkpt>
      <trkpt lat="49.282586" lon="19.841730"><ele>903.6</ele></trkpt>
      <trkpt lat="49.282560" lon="19.841717"><ele>903.6</ele></trkpt>
      <trkpt lat="49.282544" lon="19.841680"><ele>903.6</ele></trkpt>
      <trkpt lat="49.282522" lon="19.841648"><ele>903.6</ele></trkpt>
      <trkpt lat="49.282493" lon="19.841629"><ele>903.8</ele></trkpt>
      <trkpt lat="49.282474" lon="19.841600"><ele>903.8</ele></trkpt>
      <trkpt lat="49.282461" lon="19.841578"><ele>903.8</ele></trkpt>
      <trkpt lat="49.282445" lon="19.841565"><ele>903.8</ele></trkpt>
      <trkpt lat="49.282426" lon="19.841541"><ele>904.0</ele></trkpt>
      <trkpt lat="49.282406" lon="19.841525"><ele>904.0</ele></trkpt>
      <trkpt lat="49.282387" lon="19.841507"><ele>904.0</ele></trkpt>
      <trkpt lat="49.282371" lon="19.841494"><ele>904.0</ele></trkpt>
      <trkpt lat="49.282355" lon="19.841475"><ele>904.0</ele></trkpt>
      <trkpt lat="49.282330" lon="19.841450"><ele>904.0</ele></trkpt>
      <trkpt lat="49.282307" lon="19.841410"><ele>904.2</ele></trkpt>
      <trkpt lat="49.282285" lon="19.841378"><ele>904.2</ele></trkpt>
      <trkpt lat="49.282266" lon="19.841350"><ele>904.4</ele></trkpt>
      <trkpt lat="49.282246" lon="19.841331"><ele>904.4</ele></trkpt>
      <trkpt lat="49.282224" lon="19.841328"><ele>904.4</ele></trkpt>
      <trkpt lat="49.282198" lon="19.841318"><ele>904.4</ele></trkpt>
      <trkpt lat="49.282186" lon="19.841293"><ele>904.4</ele></trkpt>
      <trkpt lat="49.282166" lon="19.841277"><ele>904.4</ele></trkpt>
      <trkpt lat="49.282150" lon="19.841254"><ele>904.2</ele></trkpt>
      <trkpt lat="49.282134" lon="19.841227"><ele>904.2</ele></trkpt>
      <trkpt lat="49.282118" lon="19.841211"><ele>904.2</ele></trkpt>
      <trkpt lat="49.282106" lon="19.841190"><ele>904.2</ele></trkpt>
      <trkpt lat="49.282125" lon="19.841192"><ele>904.8</ele></trkpt>
      <trkpt lat="49.282099" lon="19.841168"><ele>904.6</ele></trkpt>
      <trkpt lat="49.282077" lon="19.841130"><ele>904.4</ele></trkpt>
      <trkpt lat="49.282058" lon="19.841090"><ele>904.6</ele></trkpt>
      <trkpt lat="49.282038" lon="19.841061"><ele>904.6</ele></trkpt>
      <trkpt lat="49.282019" lon="19.841043"><ele>904.8</ele></trkpt>
      <trkpt lat="49.282000" lon="19.841030"><ele>904.8</ele></trkpt>
      <trkpt lat="49.281987" lon="19.841003"><ele>905.0</ele></trkpt>
      <trkpt lat="49.281971" lon="19.840970"><ele>905.0</ele></trkpt>
      <trkpt lat="49.281952" lon="19.840941"><ele>905.0</ele></trkpt>
      <trkpt lat="49.281933" lon="19.840922"><ele>905.2</ele></trkpt>
      <trkpt lat="49.281910" lon="19.840917"><ele>905.2</ele></trkpt>
      <trkpt lat="49.281885" lon="19.840904"><ele>905.4</ele></trkpt>
      <trkpt lat="49.281859" lon="19.840885"><ele>905.4</ele></trkpt>
      <trkpt lat="49.281840" lon="19.840867"><ele>905.4</ele></trkpt>
      <trkpt lat="49.281821" lon="19.840853"><ele>905.4</ele></trkpt>
      <trkpt lat="49.281802" lon="19.840832"><ele>905.4</ele></trkpt>
      <trkpt lat="49.281779" lon="19.840797"><ele>905.6</ele></trkpt>
      <trkpt lat="49.281760" lon="19.840778"><ele>905.6</ele></trkpt>
      <trkpt lat="49.281738" lon="19.840755"><ele>905.4</ele></trkpt>
      <trkpt lat="49.281718" lon="19.840734"><ele>905.6</ele></trkpt>
      <trkpt lat="49.281699" lon="19.840717"><ele>905.8</ele></trkpt>
      <trkpt lat="49.281680" lon="19.840701"><ele>906.2</ele></trkpt>
      <trkpt lat="49.281658" lon="19.840688"><ele>906.2</ele></trkpt>
      <trkpt lat="49.281642" lon="19.840674"><ele>906.2</ele></trkpt>
      <trkpt lat="49.281632" lon="19.840645"><ele>906.4</ele></trkpt>
      <trkpt lat="49.281613" lon="19.840621"><ele>906.4</ele></trkpt>
      <trkpt lat="49.281590" lon="19.840598"><ele>906.4</ele></trkpt>
      <trkpt lat="49.281574" lon="19.840582"><ele>906.4</ele></trkpt>
      <trkpt lat="49.281552" lon="19.840555"><ele>906.4</ele></trkpt>
      <trkpt lat="49.281539" lon="19.840530"><ele>906.6</ele></trkpt>
      <trkpt lat="49.281523" lon="19.840494"><ele>906.6</ele></trkpt>
      <trkpt lat="49.281501" lon="19.840482"><ele>906.4</ele></trkpt>
      <trkpt lat="49.281482" lon="19.840464"><ele>906.8</ele></trkpt>
      <trkpt lat="49.281469" lon="19.840440"><ele>906.8</ele></trkpt>
      <trkpt lat="49.281443" lon="19.840416"><ele>907.0</ele></trkpt>
      <trkpt lat="49.281421" lon="19.840387"><ele>907.0</ele></trkpt>
      <trkpt lat="49.281402" lon="19.840370"><ele>907.0</ele></trkpt>
      <trkpt lat="49.281379" lon="19.840358"><ele>907.0</ele></trkpt>
      <trkpt lat="49.281360" lon="19.840333"><ele>907.2</ele></trkpt>
      <trkpt lat="49.281341" lon="19.840296"><ele>907.2</ele></trkpt>
      <trkpt lat="49.281315" lon="19.840274"><ele>907.2</ele></trkpt>
      <trkpt lat="49.281299" lon="19.840258"><ele>907.4</ele></trkpt>
      <trkpt lat="49.281280" lon="19.840238"><ele>907.4</ele></trkpt>
      <trkpt lat="49.281261" lon="19.840219"><ele>907.4</ele></trkpt>
      <trkpt lat="49.281245" lon="19.840205"><ele>907.4</ele></trkpt>
      <trkpt lat="49.281222" lon="19.840171"><ele>907.4</ele></trkpt>
      <trkpt lat="49.281203" lon="19.840147"><ele>907.4</ele></trkpt>
      <trkpt lat="49.281184" lon="19.840128"><ele>907.4</ele></trkpt>
      <trkpt lat="49.281171" lon="19.840107"><ele>907.6</ele></trkpt>
      <trkpt lat="49.281155" lon="19.840086"><ele>907.6</ele></trkpt>
      <trkpt lat="49.281133" lon="19.840066"><ele>907.6</ele></trkpt>
      <trkpt lat="49.281117" lon="19.840045"><ele>907.8</ele></trkpt>
      <trkpt lat="49.281098" lon="19.840022"><ele>907.8</ele></trkpt>
      <trkpt lat="49.281078" lon="19.839998"><ele>908.0</ele></trkpt>
      <trkpt lat="49.281075" lon="19.839970"><ele>907.8</ele></trkpt>
      <trkpt lat="49.281085" lon="19.839946"><ele>907.8</ele></trkpt>
      <trkpt lat="49.281101" lon="19.839909"><ele>907.6</ele></trkpt>
      <trkpt lat="49.281123" lon="19.839872"><ele>907.6</ele></trkpt>
      <trkpt lat="49.281146" lon="19.839846"><ele>907.2</ele></trkpt>
      <trkpt lat="49.281162" lon="19.839832"><ele>907.2</ele></trkpt>
      <trkpt lat="49.281178" lon="19.839819"><ele>907.0</ele></trkpt>
      <trkpt lat="49.281210" lon="19.839794"><ele>906.8</ele></trkpt>
      <trkpt lat="49.281232" lon="19.839768"><ele>906.8</ele></trkpt>
      <trkpt lat="49.281245" lon="19.839744"><ele>906.6</ele></trkpt>
      <trkpt lat="49.281235" lon="19.839758"><ele>906.8</ele></trkpt>
      <trkpt lat="49.281224" lon="19.839773"><ele>906.8</ele></trkpt>
      <trkpt lat="49.281214" lon="19.839787"><ele>906.8</ele></trkpt>
      <trkpt lat="49.281203" lon="19.839802"><ele>906.8</ele></trkpt>
      <trkpt lat="49.281184" lon="19.839834"><ele>906.8</ele></trkpt>
      <trkpt lat="49.281171" lon="19.839861"><ele>906.8</ele></trkpt>
      <trkpt lat="49.281152" lon="19.839882"><ele>907.0</ele></trkpt>
      <trkpt lat="49.281136" lon="19.839901"><ele>907.0</ele></trkpt>
      <trkpt lat="49.281120" lon="19.839918"><ele>907.2</ele></trkpt>
      <trkpt lat="49.281104" lon="19.839938"><ele>907.2</ele></trkpt>
      <trkpt lat="49.281082" lon="19.839960"><ele>907.4</ele></trkpt>
      <trkpt lat="49.281056" lon="19.839966"><ele>907.8</ele></trkpt>
      <trkpt lat="49.281034" lon="19.839952"><ele>908.0</ele></trkpt>
      <trkpt lat="49.281014" lon="19.839939"><ele>908.2</ele></trkpt>
      <trkpt lat="49.280995" lon="19.839912"><ele>908.2</ele></trkpt>
      <trkpt lat="49.280973" lon="19.839891"><ele>908.2</ele></trkpt>
      <trkpt lat="49.280954" lon="19.839867"><ele>908.2</ele></trkpt>
      <trkpt lat="49.280928" lon="19.839854"><ele>908.4</ele></trkpt>
      <trkpt lat="49.280906" lon="19.839848"><ele>908.4</ele></trkpt>
      <trkpt lat="49.280893" lon="19.839824"><ele>908.4</ele></trkpt>
      <trkpt lat="49.280864" lon="19.839800"><ele>908.4</ele></trkpt>
      <trkpt lat="49.280842" lon="19.839779"><ele>908.6</ele></trkpt>
      <trkpt lat="49.280822" lon="19.839754"><ele>908.6</ele></trkpt>
      <trkpt lat="49.280803" lon="19.839731"><ele>908.6</ele></trkpt>
      <trkpt lat="49.280787" lon="19.839707"><ele>908.4</ele></trkpt>
      <trkpt lat="49.280762" lon="19.839674"><ele>908.4</ele></trkpt>
      <trkpt lat="49.280739" lon="19.839648"><ele>908.6</ele></trkpt>
      <trkpt lat="49.280720" lon="19.839622"><ele>908.8</ele></trkpt>
      <trkpt lat="49.280704" lon="19.839598"><ele>909.0</ele></trkpt>
      <trkpt lat="49.280685" lon="19.839574"><ele>909.0</ele></trkpt>
      <trkpt lat="49.280669" lon="19.839550"><ele>909.2</ele></trkpt>
      <trkpt lat="49.280643" lon="19.839539"><ele>909.2</ele></trkpt>
      <trkpt lat="49.280627" lon="19.839517"><ele>909.2</ele></trkpt>
      <trkpt lat="49.280605" lon="19.839493"><ele>909.4</ele></trkpt>
      <trkpt lat="49.280586" lon="19.839472"><ele>909.6</ele></trkpt>
      <trkpt lat="49.280566" lon="19.839451"><ele>909.6</ele></trkpt>
      <trkpt lat="49.280547" lon="19.839430"><ele>909.8</ele></trkpt>
      <trkpt lat="49.280525" lon="19.839405"><ele>909.8</ele></trkpt>
      <trkpt lat="49.280509" lon="19.839384"><ele>909.8</ele></trkpt>
      <trkpt lat="49.280490" lon="19.839365"><ele>909.8</ele></trkpt>
      <trkpt lat="49.280470" lon="19.839347"><ele>909.8</ele></trkpt>
      <trkpt lat="49.280451" lon="19.839323"><ele>909.8</ele></trkpt>
      <trkpt lat="49.280435" lon="19.839293"><ele>910.0</ele></trkpt>
      <trkpt lat="49.280410" lon="19.839254"><ele>910.0</ele></trkpt>
      <trkpt lat="49.280390" lon="19.839229"><ele>910.0</ele></trkpt>
      <trkpt lat="49.280365" lon="19.839197"><ele>910.0</ele></trkpt>
      <trkpt lat="49.280349" lon="19.839171"><ele>910.2</ele></trkpt>
      <trkpt lat="49.280326" lon="19.839139"><ele>910.2</ele></trkpt>
      <trkpt lat="49.280304" lon="19.839114"><ele>910.2</ele></trkpt>
      <trkpt lat="49.280285" lon="19.839085"><ele>910.2</ele></trkpt>
      <trkpt lat="49.280266" lon="19.839058"><ele>910.0</ele></trkpt>
      <trkpt lat="49.280250" lon="19.839029"><ele>910.0</ele></trkpt>
      <trkpt lat="49.280237" lon="19.838998"><ele>910.2</ele></trkpt>
      <trkpt lat="49.280221" lon="19.838963"><ele>910.4</ele></trkpt>
      <trkpt lat="49.280205" lon="19.838933"><ele>910.6</ele></trkpt>
      <trkpt lat="49.280189" lon="19.838906"><ele>910.6</ele></trkpt>
      <trkpt lat="49.280173" lon="19.838880"><ele>910.6</ele></trkpt>
      <trkpt lat="49.280163" lon="19.838851"><ele>910.6</ele></trkpt>
      <trkpt lat="49.280144" lon="19.838826"><ele>910.8</ele></trkpt>
      <trkpt lat="49.280128" lon="19.838798"><ele>910.8</ele></trkpt>
      <trkpt lat="49.280112" lon="19.838774"><ele>910.8</ele></trkpt>
      <trkpt lat="49.280102" lon="19.838746"><ele>911.0</ele></trkpt>
      <trkpt lat="49.280086" lon="19.838715"><ele>910.8</ele></trkpt>
      <trkpt lat="49.280064" lon="19.838680"><ele>910.8</ele></trkpt>
      <trkpt lat="49.280048" lon="19.838656"><ele>911.0</ele></trkpt>
      <trkpt lat="49.280032" lon="19.838621"><ele>911.0</ele></trkpt>
      <trkpt lat="49.280013" lon="19.838592"><ele>911.2</ele></trkpt>
      <trkpt lat="49.279994" lon="19.838560"><ele>911.2</ele></trkpt>
      <trkpt lat="49.279984" lon="19.838528"><ele>911.4</ele></trkpt>
      <trkpt lat="49.279968" lon="19.838504"><ele>911.6</ele></trkpt>
      <trkpt lat="49.279952" lon="19.838474"><ele>911.4</ele></trkpt>
      <trkpt lat="49.279942" lon="19.838438"><ele>911.2</ele></trkpt>
      <trkpt lat="49.279923" lon="19.838403"><ele>911.2</ele></trkpt>
      <trkpt lat="49.279904" lon="19.838378"><ele>911.4</ele></trkpt>
      <trkpt lat="49.279891" lon="19.838354"><ele>911.4</ele></trkpt>
      <trkpt lat="49.279875" lon="19.838328"><ele>911.6</ele></trkpt>
      <trkpt lat="49.279862" lon="19.838288"><ele>911.6</ele></trkpt>
      <trkpt lat="49.279850" lon="19.838266"><ele>911.6</ele></trkpt>
      <trkpt lat="49.279840" lon="19.838230"><ele>911.8</ele></trkpt>
      <trkpt lat="49.279830" lon="19.838205"><ele>912.0</ele></trkpt>
      <trkpt lat="49.279859" lon="19.838189"><ele>912.6</ele></trkpt>
      <trkpt lat="49.279843" lon="19.838166"><ele>912.8</ele></trkpt>
      <trkpt lat="49.279824" lon="19.838139"><ele>912.8</ele></trkpt>
      <trkpt lat="49.279808" lon="19.838117"><ele>912.6</ele></trkpt>
      <trkpt lat="49.279792" lon="19.838090"><ele>912.6</ele></trkpt>
      <trkpt lat="49.279773" lon="19.838064"><ele>912.8</ele></trkpt>
      <trkpt lat="49.279760" lon="19.838034"><ele>913.0</ele></trkpt>
      <trkpt lat="49.279747" lon="19.838000"><ele>913.0</ele></trkpt>
      <trkpt lat="49.279731" lon="19.837971"><ele>913.2</ele></trkpt>
      <trkpt lat="49.279715" lon="19.837942"><ele>913.2</ele></trkpt>
      <trkpt lat="49.279693" lon="19.837910"><ele>913.2</ele></trkpt>
      <trkpt lat="49.279674" lon="19.837877"><ele>913.2</ele></trkpt>
      <trkpt lat="49.279654" lon="19.837843"><ele>913.2</ele></trkpt>
      <trkpt lat="49.279642" lon="19.837813"><ele>913.2</ele></trkpt>
      <trkpt lat="49.279629" lon="19.837789"><ele>913.2</ele></trkpt>
      <trkpt lat="49.279616" lon="19.837765"><ele>913.4</ele></trkpt>
      <trkpt lat="49.279597" lon="19.837734"><ele>913.6</ele></trkpt>
      <trkpt lat="49.279578" lon="19.837704"><ele>913.6</ele></trkpt>
      <trkpt lat="49.279562" lon="19.837664"><ele>913.8</ele></trkpt>
      <trkpt lat="49.279546" lon="19.837627"><ele>913.6</ele></trkpt>
      <trkpt lat="49.279526" lon="19.837600"><ele>913.6</ele></trkpt>
      <trkpt lat="49.279514" lon="19.837578"><ele>913.8</ele></trkpt>
      <trkpt lat="49.279498" lon="19.837550"><ele>914.0</ele></trkpt>
      <trkpt lat="49.279485" lon="19.837518"><ele>914.0</ele></trkpt>
      <trkpt lat="49.279469" lon="19.837483"><ele>914.0</ele></trkpt>
      <trkpt lat="49.279450" lon="19.837458"><ele>914.0</ele></trkpt>
      <trkpt lat="49.279427" lon="19.837427"><ele>914.0</ele></trkpt>
      <trkpt lat="49.279414" lon="19.837400"><ele>914.0</ele></trkpt>
      <trkpt lat="49.279398" lon="19.837378"><ele>914.0</ele></trkpt>
      <trkpt lat="49.279386" lon="19.837352"><ele>914.2</ele></trkpt>
      <trkpt lat="49.279363" lon="19.837318"><ele>914.2</ele></trkpt>
      <trkpt lat="49.279347" lon="19.837285"><ele>914.2</ele></trkpt>
      <trkpt lat="49.279331" lon="19.837251"><ele>914.2</ele></trkpt>
      <trkpt lat="49.279315" lon="19.837227"><ele>914.2</ele></trkpt>
      <trkpt lat="49.279299" lon="19.837206"><ele>914.2</ele></trkpt>
      <trkpt lat="49.279286" lon="19.837176"><ele>914.2</ele></trkpt>
      <trkpt lat="49.279267" lon="19.837139"><ele>914.4</ele></trkpt>
      <trkpt lat="49.279254" lon="19.837118"><ele>914.6</ele></trkpt>
      <trkpt lat="49.279232" lon="19.837086"><ele>914.6</ele></trkpt>
      <trkpt lat="49.279216" lon="19.837053"><ele>914.6</ele></trkpt>
      <trkpt lat="49.279197" lon="19.837024"><ele>914.8</ele></trkpt>
      <trkpt lat="49.279178" lon="19.836997"><ele>915.0</ele></trkpt>
      <trkpt lat="49.279165" lon="19.836965"><ele>915.0</ele></trkpt>
      <trkpt lat="49.279152" lon="19.836944"><ele>915.0</ele></trkpt>
      <trkpt lat="49.279133" lon="19.836912"><ele>915.0</ele></trkpt>
      <trkpt lat="49.279114" lon="19.836875"><ele>915.2</ele></trkpt>
      <trkpt lat="49.279098" lon="19.836834"><ele>915.2</ele></trkpt>
      <trkpt lat="49.279085" lon="19.836798"><ele>915.2</ele></trkpt>
      <trkpt lat="49.279069" lon="19.836766"><ele>915.4</ele></trkpt>
      <trkpt lat="49.279053" lon="19.836741"><ele>915.4</ele></trkpt>
      <trkpt lat="49.279034" lon="19.836709"><ele>915.4</ele></trkpt>
      <trkpt lat="49.279018" lon="19.836677"><ele>915.6</ele></trkpt>
      <trkpt lat="49.279002" lon="19.836651"><ele>915.6</ele></trkpt>
      <trkpt lat="49.278989" lon="19.836621"><ele>915.8</ele></trkpt>
      <trkpt lat="49.278970" lon="19.836586"><ele>916.0</ele></trkpt>
      <trkpt lat="49.278954" lon="19.836552"><ele>916.0</ele></trkpt>
      <trkpt lat="49.278938" lon="19.836520"><ele>916.0</ele></trkpt>
      <trkpt lat="49.278922" lon="19.836488"><ele>916.0</ele></trkpt>
      <trkpt lat="49.278909" lon="19.836458"><ele>916.0</ele></trkpt>
      <trkpt lat="49.278893" lon="19.836426"><ele>916.0</ele></trkpt>
      <trkpt lat="49.278877" lon="19.836398"><ele>916.0</ele></trkpt>
      <trkpt lat="49.278870" lon="19.836371"><ele>916.2</ele></trkpt>
      <trkpt lat="49.278858" lon="19.836342"><ele>916.2</ele></trkpt>
      <trkpt lat="49.278848" lon="19.836312"><ele>916.4</ele></trkpt>
      <trkpt lat="49.278822" lon="19.836282"><ele>916.6</ele></trkpt>
      <trkpt lat="49.278803" lon="19.836238"><ele>916.8</ele></trkpt>
      <trkpt lat="49.278781" lon="19.836195"><ele>917.0</ele></trkpt>
      <trkpt lat="49.278762" lon="19.836154"><ele>917.2</ele></trkpt>
      <trkpt lat="49.278752" lon="19.836130"><ele>917.2</ele></trkpt>
      <trkpt lat="49.278739" lon="19.836109"><ele>917.2</ele></trkpt>
      <trkpt lat="49.278720" lon="19.836067"><ele>917.2</ele></trkpt>
      <trkpt lat="49.278701" lon="19.836029"><ele>917.2</ele></trkpt>
      <trkpt lat="49.278688" lon="19.835998"><ele>917.2</ele></trkpt>
      <trkpt lat="49.278672" lon="19.835966"><ele>917.4</ele></trkpt>
      <trkpt lat="49.278656" lon="19.835947"><ele>917.4</ele></trkpt>
      <trkpt lat="49.278637" lon="19.835925"><ele>917.4</ele></trkpt>
      <trkpt lat="49.278621" lon="19.835901"><ele>917.6</ele></trkpt>
      <trkpt lat="49.278608" lon="19.835872"><ele>917.6</ele></trkpt>
      <trkpt lat="49.278592" lon="19.835830"><ele>917.8</ele></trkpt>
      <trkpt lat="49.278576" lon="19.835790"><ele>917.8</ele></trkpt>
      <trkpt lat="49.278554" lon="19.835754"><ele>917.8</ele></trkpt>
      <trkpt lat="49.278538" lon="19.835723"><ele>917.8</ele></trkpt>
      <trkpt lat="49.278518" lon="19.835691"><ele>918.0</ele></trkpt>
      <trkpt lat="49.278499" lon="19.835661"><ele>918.0</ele></trkpt>
      <trkpt lat="49.278480" lon="19.835637"><ele>918.0</ele></trkpt>
      <trkpt lat="49.278464" lon="19.835606"><ele>918.0</ele></trkpt>
      <trkpt lat="49.278451" lon="19.835573"><ele>918.2</ele></trkpt>
      <trkpt lat="49.278435" lon="19.835560"><ele>918.2</ele></trkpt>
      <trkpt lat="49.278422" lon="19.835533"><ele>918.2</ele></trkpt>
      <trkpt lat="49.278410" lon="19.835502"><ele>918.2</ele></trkpt>
      <trkpt lat="49.278394" lon="19.835475"><ele>918.2</ele></trkpt>
      <trkpt lat="49.278374" lon="19.835450"><ele>918.4</ele></trkpt>
      <trkpt lat="49.278362" lon="19.835419"><ele>918.4</ele></trkpt>
      <trkpt lat="49.278346" lon="19.835381"><ele>918.4</ele></trkpt>
      <trkpt lat="49.278333" lon="19.835344"><ele>918.6</ele></trkpt>
      <trkpt lat="49.278317" lon="19.835315"><ele>918.6</ele></trkpt>
      <trkpt lat="49.278301" lon="19.835290"><ele>918.8</ele></trkpt>
      <trkpt lat="49.278291" lon="19.835256"><ele>918.8</ele></trkpt>
      <trkpt lat="49.278278" lon="19.835226"><ele>918.8</ele></trkpt>
      <trkpt lat="49.278275" lon="19.835197"><ele>919.0</ele></trkpt>
      <trkpt lat="49.278259" lon="19.835170"><ele>919.0</ele></trkpt>
      <trkpt lat="49.278246" lon="19.835136"><ele>919.0</ele></trkpt>
      <trkpt lat="49.278234" lon="19.835110"><ele>919.2</ele></trkpt>
      <trkpt lat="49.278218" lon="19.835077"><ele>919.2</ele></trkpt>
      <trkpt lat="49.278202" lon="19.835043"><ele>919.0</ele></trkpt>
      <trkpt lat="49.278186" lon="19.835008"><ele>919.0</ele></trkpt>
      <trkpt lat="49.278176" lon="19.834974"><ele>919.0</ele></trkpt>
      <trkpt lat="49.278163" lon="19.834939"><ele>919.0</ele></trkpt>
      <trkpt lat="49.278154" lon="19.834907"><ele>919.0</ele></trkpt>
      <trkpt lat="49.278138" lon="19.834872"><ele>919.2</ele></trkpt>
      <trkpt lat="49.278118" lon="19.834832"><ele>919.0</ele></trkpt>
      <trkpt lat="49.278102" lon="19.834800"><ele>919.2</ele></trkpt>
      <trkpt lat="49.278093" lon="19.834763"><ele>919.2</ele></trkpt>
      <trkpt lat="49.278077" lon="19.834728"><ele>919.2</ele></trkpt>
      <trkpt lat="49.278061" lon="19.834696"><ele>919.4</ele></trkpt>
      <trkpt lat="49.278048" lon="19.834661"><ele>919.4</ele></trkpt>
      <trkpt lat="49.278035" lon="19.834627"><ele>919.4</ele></trkpt>
      <trkpt lat="49.278026" lon="19.834589"><ele>919.4</ele></trkpt>
      <trkpt lat="49.278013" lon="19.834550"><ele>919.4</ele></trkpt>
      <trkpt lat="49.278000" lon="19.834525"><ele>919.4</ele></trkpt>
      <trkpt lat="49.277987" lon="19.834491"><ele>919.4</ele></trkpt>
      <trkpt lat="49.277978" lon="19.834458"><ele>919.4</ele></trkpt>
      <trkpt lat="49.277965" lon="19.834418"><ele>919.6</ele></trkpt>
      <trkpt lat="49.277949" lon="19.834379"><ele>919.6</ele></trkpt>
      <trkpt lat="49.277939" lon="19.834346"><ele>919.6</ele></trkpt>
      <trkpt lat="49.277926" lon="19.834309"><ele>919.8</ele></trkpt>
      <trkpt lat="49.277917" lon="19.834272"><ele>919.8</ele></trkpt>
      <trkpt lat="49.277901" lon="19.834234"><ele>919.8</ele></trkpt>
      <trkpt lat="49.277888" lon="19.834192"><ele>920.0</ele></trkpt>
      <trkpt lat="49.277875" lon="19.834152"><ele>920.0</ele></trkpt>
      <trkpt lat="49.277862" lon="19.834114"><ele>920.2</ele></trkpt>
      <trkpt lat="49.277850" lon="19.834078"><ele>920.2</ele></trkpt>
      <trkpt lat="49.277837" lon="19.834042"><ele>920.2</ele></trkpt>
      <trkpt lat="49.277824" lon="19.834002"><ele>920.2</ele></trkpt>
      <trkpt lat="49.277814" lon="19.833958"><ele>920.4</ele></trkpt>
      <trkpt lat="49.277802" lon="19.833918"><ele>920.6</ele></trkpt>
      <trkpt lat="49.277798" lon="19.833880"><ele>920.4</ele></trkpt>
      <trkpt lat="49.277786" lon="19.833835"><ele>920.4</ele></trkpt>
      <trkpt lat="49.277776" lon="19.833792"><ele>920.2</ele></trkpt>
      <trkpt lat="49.277766" lon="19.833760"><ele>920.4</ele></trkpt>
      <trkpt lat="49.277763" lon="19.833725"><ele>920.4</ele></trkpt>
      <trkpt lat="49.277757" lon="19.833693"><ele>920.4</ele></trkpt>
      <trkpt lat="49.277750" lon="19.833643"><ele>920.6</ele></trkpt>
      <trkpt lat="49.277747" lon="19.833602"><ele>920.6</ele></trkpt>
      <trkpt lat="49.277738" lon="19.833554"><ele>920.6</ele></trkpt>
      <trkpt lat="49.277728" lon="19.833504"><ele>920.6</ele></trkpt>
      <trkpt lat="49.277722" lon="19.833475"><ele>920.6</ele></trkpt>
      <trkpt lat="49.277709" lon="19.833427"><ele>920.6</ele></trkpt>
      <trkpt lat="49.277702" lon="19.833376"><ele>920.6</ele></trkpt>
      <trkpt lat="49.277699" lon="19.833334"><ele>920.6</ele></trkpt>
      <trkpt lat="49.277696" lon="19.833286"><ele>920.8</ele></trkpt>
      <trkpt lat="49.277683" lon="19.833243"><ele>920.8</ele></trkpt>
      <trkpt lat="49.277677" lon="19.833202"><ele>920.6</ele></trkpt>
      <trkpt lat="49.277664" lon="19.833170"><ele>920.6</ele></trkpt>
      <trkpt lat="49.277658" lon="19.833141"><ele>920.8</ele></trkpt>
      <trkpt lat="49.277645" lon="19.833109"><ele>920.8</ele></trkpt>
      <trkpt lat="49.277638" lon="19.833072"><ele>920.8</ele></trkpt>
      <trkpt lat="49.277638" lon="19.833042"><ele>920.8</ele></trkpt>
      <trkpt lat="49.277622" lon="19.833006"><ele>920.8</ele></trkpt>
      <trkpt lat="49.277610" lon="19.832978"><ele>920.8</ele></trkpt>
      <trkpt lat="49.277603" lon="19.832939"><ele>920.8</ele></trkpt>
      <trkpt lat="49.277590" lon="19.832899"><ele>920.8</ele></trkpt>
      <trkpt lat="49.277581" lon="19.832859"><ele>920.8</ele></trkpt>
      <trkpt lat="49.277565" lon="19.832818"><ele>921.0</ele></trkpt>
      <trkpt lat="49.277552" lon="19.832778"><ele>921.2</ele></trkpt>
      <trkpt lat="49.277542" lon="19.832734"><ele>921.2</ele></trkpt>
      <trkpt lat="49.277526" lon="19.832698"><ele>921.4</ele></trkpt>
      <trkpt lat="49.277517" lon="19.832670"><ele>921.4</ele></trkpt>
      <trkpt lat="49.277501" lon="19.832650"><ele>921.6</ele></trkpt>
      <trkpt lat="49.277485" lon="19.832624"><ele>921.6</ele></trkpt>
      <trkpt lat="49.277466" lon="19.832600"><ele>921.6</ele></trkpt>
      <trkpt lat="49.277450" lon="19.832570"><ele>921.8</ele></trkpt>
      <trkpt lat="49.277427" lon="19.832546"><ele>921.8</ele></trkpt>
      <trkpt lat="49.277405" lon="19.832514"><ele>921.8</ele></trkpt>
      <trkpt lat="49.277389" lon="19.832490"><ele>921.8</ele></trkpt>
      <trkpt lat="49.277366" lon="19.832453"><ele>921.8</ele></trkpt>
      <trkpt lat="49.277341" lon="19.832419"><ele>921.8</ele></trkpt>
      <trkpt lat="49.277318" lon="19.832384"><ele>921.8</ele></trkpt>
      <trkpt lat="49.277293" lon="19.832350"><ele>922.0</ele></trkpt>
      <trkpt lat="49.277274" lon="19.832326"><ele>922.0</ele></trkpt>
      <trkpt lat="49.277261" lon="19.832301"><ele>922.0</ele></trkpt>
      <trkpt lat="49.277248" lon="19.832261"><ele>922.2</ele></trkpt>
      <trkpt lat="49.277229" lon="19.832224"><ele>922.4</ele></trkpt>
      <trkpt lat="49.277210" lon="19.832195"><ele>922.4</ele></trkpt>
      <trkpt lat="49.277190" lon="19.832173"><ele>922.8</ele></trkpt>
      <trkpt lat="49.277171" lon="19.832157"><ele>922.6</ele></trkpt>
      <trkpt lat="49.277152" lon="19.832134"><ele>922.6</ele></trkpt>
      <trkpt lat="49.277133" lon="19.832114"><ele>922.6</ele></trkpt>
      <trkpt lat="49.277120" lon="19.832088"><ele>922.4</ele></trkpt>
      <trkpt lat="49.277107" lon="19.832067"><ele>922.4</ele></trkpt>
      <trkpt lat="49.277091" lon="19.832040"><ele>922.4</ele></trkpt>
      <trkpt lat="49.277066" lon="19.832019"><ele>922.6</ele></trkpt>
      <trkpt lat="49.277043" lon="19.831995"><ele>922.6</ele></trkpt>
      <trkpt lat="49.277027" lon="19.831979"><ele>922.6</ele></trkpt>
      <trkpt lat="49.277011" lon="19.831960"><ele>922.6</ele></trkpt>
      <trkpt lat="49.276986" lon="19.831934"><ele>922.8</ele></trkpt>
      <trkpt lat="49.276973" lon="19.831914"><ele>922.8</ele></trkpt>
      <trkpt lat="49.276954" lon="19.831893"><ele>923.2</ele></trkpt>
      <trkpt lat="49.276931" lon="19.831867"><ele>923.2</ele></trkpt>
      <trkpt lat="49.276909" lon="19.831834"><ele>923.4</ele></trkpt>
      <trkpt lat="49.276890" lon="19.831798"><ele>923.4</ele></trkpt>
      <trkpt lat="49.276877" lon="19.831778"><ele>923.4</ele></trkpt>
      <trkpt lat="49.276851" lon="19.831744"><ele>923.4</ele></trkpt>
      <trkpt lat="49.276829" lon="19.831720"><ele>923.6</ele></trkpt>
      <trkpt lat="49.276813" lon="19.831696"><ele>923.6</ele></trkpt>
      <trkpt lat="49.276797" lon="19.831672"><ele>923.6</ele></trkpt>
      <trkpt lat="49.276778" lon="19.831645"><ele>923.8</ele></trkpt>
      <trkpt lat="49.276765" lon="19.831611"><ele>923.8</ele></trkpt>
      <trkpt lat="49.276746" lon="19.831573"><ele>924.0</ele></trkpt>
      <trkpt lat="49.276723" lon="19.831550"><ele>924.0</ele></trkpt>
      <trkpt lat="49.276704" lon="19.831533"><ele>924.0</ele></trkpt>
      <trkpt lat="49.276688" lon="19.831510"><ele>924.2</ele></trkpt>
      <trkpt lat="49.276675" lon="19.831483"><ele>924.4</ele></trkpt>
      <trkpt lat="49.276650" lon="19.831461"><ele>924.6</ele></trkpt>
      <trkpt lat="49.276627" lon="19.831424"><ele>924.6</ele></trkpt>
      <trkpt lat="49.276608" lon="19.831397"><ele>924.8</ele></trkpt>
      <trkpt lat="49.276589" lon="19.831363"><ele>925.0</ele></trkpt>
      <trkpt lat="49.276576" lon="19.831320"><ele>924.8</ele></trkpt>
      <trkpt lat="49.276566" lon="19.831285"><ele>925.0</ele></trkpt>
      <trkpt lat="49.276557" lon="19.831250"><ele>925.0</ele></trkpt>
      <trkpt lat="49.276544" lon="19.831222"><ele>925.0</ele></trkpt>
      <trkpt lat="49.276534" lon="19.831184"><ele>925.2</ele></trkpt>
      <trkpt lat="49.276525" lon="19.831154"><ele>925.2</ele></trkpt>
      <trkpt lat="49.276512" lon="19.831115"><ele>925.2</ele></trkpt>
      <trkpt lat="49.276506" lon="19.831083"><ele>925.4</ele></trkpt>
      <trkpt lat="49.276490" lon="19.831045"><ele>925.6</ele></trkpt>
      <trkpt lat="49.276474" lon="19.831011"><ele>925.8</ele></trkpt>
      <trkpt lat="49.276464" lon="19.830970"><ele>926.0</ele></trkpt>
      <trkpt lat="49.276445" lon="19.830933"><ele>926.0</ele></trkpt>
      <trkpt lat="49.276429" lon="19.830894"><ele>926.0</ele></trkpt>
      <trkpt lat="49.276416" lon="19.830854"><ele>926.2</ele></trkpt>
      <trkpt lat="49.276406" lon="19.830813"><ele>926.4</ele></trkpt>
      <trkpt lat="49.276394" lon="19.830782"><ele>926.4</ele></trkpt>
      <trkpt lat="49.276384" lon="19.830749"><ele>926.4</ele></trkpt>
      <trkpt lat="49.276368" lon="19.830717"><ele>926.6</ele></trkpt>
      <trkpt lat="49.276352" lon="19.830678"><ele>926.6</ele></trkpt>
      <trkpt lat="49.276336" lon="19.830637"><ele>926.8</ele></trkpt>
      <trkpt lat="49.276320" lon="19.830597"><ele>926.6</ele></trkpt>
      <trkpt lat="49.276307" lon="19.830554"><ele>926.6</ele></trkpt>
      <trkpt lat="49.276294" lon="19.830515"><ele>926.4</ele></trkpt>
      <trkpt lat="49.276285" lon="19.830477"><ele>926.4</ele></trkpt>
      <trkpt lat="49.276269" lon="19.830435"><ele>926.4</ele></trkpt>
      <trkpt lat="49.276253" lon="19.830402"><ele>926.6</ele></trkpt>
      <trkpt lat="49.276246" lon="19.830371"><ele>926.4</ele></trkpt>
      <trkpt lat="49.276234" lon="19.830334"><ele>926.4</ele></trkpt>
      <trkpt lat="49.276218" lon="19.830294"><ele>926.6</ele></trkpt>
      <trkpt lat="49.276211" lon="19.830258"><ele>926.6</ele></trkpt>
      <trkpt lat="49.276195" lon="19.830219"><ele>926.6</ele></trkpt>
      <trkpt lat="49.276179" lon="19.830181"><ele>926.6</ele></trkpt>
      <trkpt lat="49.276166" lon="19.830146"><ele>926.6</ele></trkpt>
      <trkpt lat="49.276154" lon="19.830096"><ele>926.8</ele></trkpt>
      <trkpt lat="49.276138" lon="19.830046"><ele>926.8</ele></trkpt>
      <trkpt lat="49.276131" lon="19.830019"><ele>926.8</ele></trkpt>
      <trkpt lat="49.276118" lon="19.829994"><ele>926.8</ele></trkpt>
      <trkpt lat="49.276102" lon="19.829950"><ele>926.8</ele></trkpt>
      <trkpt lat="49.276099" lon="19.829918"><ele>927.0</ele></trkpt>
      <trkpt lat="49.276093" lon="19.829883"><ele>927.0</ele></trkpt>
      <trkpt lat="49.276086" lon="19.829851"><ele>927.2</ele></trkpt>
      <trkpt lat="49.276074" lon="19.829822"><ele>927.2</ele></trkpt>
      <trkpt lat="49.276067" lon="19.829795"><ele>927.4</ele></trkpt>
      <trkpt lat="49.276058" lon="19.829763"><ele>927.4</ele></trkpt>
      <trkpt lat="49.276048" lon="19.829730"><ele>927.4</ele></trkpt>
      <trkpt lat="49.276038" lon="19.829685"><ele>927.2</ele></trkpt>
      <trkpt lat="49.276032" lon="19.829640"><ele>927.2</ele></trkpt>
      <trkpt lat="49.276022" lon="19.829616"><ele>927.2</ele></trkpt>
      <trkpt lat="49.276019" lon="19.829586"><ele>927.4</ele></trkpt>
      <trkpt lat="49.276013" lon="19.829554"><ele>927.4</ele></trkpt>
      <trkpt lat="49.276003" lon="19.829523"><ele>927.4</ele></trkpt>
      <trkpt lat="49.275990" lon="19.829493"><ele>927.4</ele></trkpt>
      <trkpt lat="49.275990" lon="19.829458"><ele>927.6</ele></trkpt>
      <trkpt lat="49.275978" lon="19.829430"><ele>927.4</ele></trkpt>
      <trkpt lat="49.275974" lon="19.829373"><ele>927.4</ele></trkpt>
      <trkpt lat="49.275968" lon="19.829346"><ele>927.4</ele></trkpt>
      <trkpt lat="49.275955" lon="19.829309"><ele>927.4</ele></trkpt>
      <trkpt lat="49.275939" lon="19.829293"><ele>927.6</ele></trkpt>
      <trkpt lat="49.275923" lon="19.829267"><ele>927.6</ele></trkpt>
      <trkpt lat="49.275914" lon="19.829243"><ele>927.6</ele></trkpt>
      <trkpt lat="49.275910" lon="19.829205"><ele>927.8</ele></trkpt>
      <trkpt lat="49.275907" lon="19.829168"><ele>927.8</ele></trkpt>
      <trkpt lat="49.275910" lon="19.829134"><ele>927.8</ele></trkpt>
      <trkpt lat="49.275910" lon="19.829088"><ele>927.8</ele></trkpt>
      <trkpt lat="49.275910" lon="19.829059"><ele>927.8</ele></trkpt>
      <trkpt lat="49.275907" lon="19.829014"><ele>927.8</ele></trkpt>
      <trkpt lat="49.275898" lon="19.828989"><ele>927.8</ele></trkpt>
      <trkpt lat="49.275888" lon="19.828947"><ele>927.8</ele></trkpt>
      <trkpt lat="49.275882" lon="19.828907"><ele>927.8</ele></trkpt>
      <trkpt lat="49.275875" lon="19.828875"><ele>927.8</ele></trkpt>
      <trkpt lat="49.275875" lon="19.828846"><ele>927.8</ele></trkpt>
      <trkpt lat="49.275875" lon="19.828808"><ele>928.2</ele></trkpt>
      <trkpt lat="49.275875" lon="19.828771"><ele>928.2</ele></trkpt>
      <trkpt lat="49.275869" lon="19.828717"><ele>928.0</ele></trkpt>
      <trkpt lat="49.275862" lon="19.828672"><ele>928.0</ele></trkpt>
      <trkpt lat="49.275856" lon="19.828643"><ele>928.0</ele></trkpt>
      <trkpt lat="49.275843" lon="19.828608"><ele>928.0</ele></trkpt>
      <trkpt lat="49.275834" lon="19.828558"><ele>928.0</ele></trkpt>
      <trkpt lat="49.275821" lon="19.828512"><ele>928.0</ele></trkpt>
      <trkpt lat="49.275808" lon="19.828485"><ele>928.0</ele></trkpt>
      <trkpt lat="49.275789" lon="19.828480"><ele>928.4</ele></trkpt>
      <trkpt lat="49.275776" lon="19.828451"><ele>928.4</ele></trkpt>
      <trkpt lat="49.275770" lon="19.828422"><ele>928.4</ele></trkpt>
      <trkpt lat="49.275757" lon="19.828395"><ele>928.6</ele></trkpt>
      <trkpt lat="49.275744" lon="19.828354"><ele>928.6</ele></trkpt>
      <trkpt lat="49.275738" lon="19.828318"><ele>928.6</ele></trkpt>
      <trkpt lat="49.275718" lon="19.828286"><ele>928.6</ele></trkpt>
      <trkpt lat="49.275712" lon="19.828253"><ele>928.8</ele></trkpt>
      <trkpt lat="49.275699" lon="19.828222"><ele>928.8</ele></trkpt>
      <trkpt lat="49.275680" lon="19.828187"><ele>929.0</ele></trkpt>
      <trkpt lat="49.275661" lon="19.828166"><ele>929.0</ele></trkpt>
      <trkpt lat="49.275638" lon="19.828133"><ele>929.0</ele></trkpt>
      <trkpt lat="49.275622" lon="19.828106"><ele>929.0</ele></trkpt>
      <trkpt lat="49.275610" lon="19.828077"><ele>929.0</ele></trkpt>
      <trkpt lat="49.275603" lon="19.828026"><ele>929.0</ele></trkpt>
      <trkpt lat="49.275584" lon="19.827989"><ele>929.0</ele></trkpt>
      <trkpt lat="49.275571" lon="19.827949"><ele>929.0</ele></trkpt>
      <trkpt lat="49.275558" lon="19.827928"><ele>929.0</ele></trkpt>
      <trkpt lat="49.275533" lon="19.827899"><ele>929.0</ele></trkpt>
      <trkpt lat="49.275517" lon="19.827874"><ele>929.2</ele></trkpt>
      <trkpt lat="49.275494" lon="19.827850"><ele>929.2</ele></trkpt>
      <trkpt lat="49.275485" lon="19.827800"><ele>929.4</ele></trkpt>
      <trkpt lat="49.275475" lon="19.827770"><ele>929.4</ele></trkpt>
      <trkpt lat="49.275462" lon="19.827746"><ele>929.4</ele></trkpt>
      <trkpt lat="49.275443" lon="19.827714"><ele>929.4</ele></trkpt>
      <trkpt lat="49.275421" lon="19.827670"><ele>929.4</ele></trkpt>
      <trkpt lat="49.275411" lon="19.827629"><ele>929.4</ele></trkpt>
      <trkpt lat="49.275402" lon="19.827605"><ele>929.4</ele></trkpt>
      <trkpt lat="49.275382" lon="19.827568"><ele>929.6</ele></trkpt>
      <trkpt lat="49.275379" lon="19.827541"><ele>929.6</ele></trkpt>
      <trkpt lat="49.275363" lon="19.827518"><ele>929.6</ele></trkpt>
      <trkpt lat="49.275354" lon="19.827494"><ele>929.6</ele></trkpt>
      <trkpt lat="49.275334" lon="19.827475"><ele>929.8</ele></trkpt>
      <trkpt lat="49.275322" lon="19.827448"><ele>929.8</ele></trkpt>
      <trkpt lat="49.275312" lon="19.827422"><ele>929.8</ele></trkpt>
      <trkpt lat="49.275293" lon="19.827395"><ele>929.8</ele></trkpt>
      <trkpt lat="49.275277" lon="19.827362"><ele>930.0</ele></trkpt>
      <trkpt lat="49.275261" lon="19.827336"><ele>929.8</ele></trkpt>
      <trkpt lat="49.275258" lon="19.827299"><ele>929.8</ele></trkpt>
      <trkpt lat="49.275235" lon="19.827267"><ele>930.4</ele></trkpt>
      <trkpt lat="49.275222" lon="19.827237"><ele>930.4</ele></trkpt>
      <trkpt lat="49.275203" lon="19.827214"><ele>930.4</ele></trkpt>
      <trkpt lat="49.275178" lon="19.827174"><ele>930.4</ele></trkpt>
      <trkpt lat="49.275162" lon="19.827150"><ele>930.6</ele></trkpt>
      <trkpt lat="49.275139" lon="19.827123"><ele>930.6</ele></trkpt>
      <trkpt lat="49.275123" lon="19.827101"><ele>930.6</ele></trkpt>
      <trkpt lat="49.275107" lon="19.827080"><ele>930.8</ele></trkpt>
      <trkpt lat="49.275094" lon="19.827059"><ele>930.8</ele></trkpt>
      <trkpt lat="49.275075" lon="19.827014"><ele>930.8</ele></trkpt>
      <trkpt lat="49.275059" lon="19.826986"><ele>930.8</ele></trkpt>
      <trkpt lat="49.275046" lon="19.826944"><ele>930.8</ele></trkpt>
      <trkpt lat="49.275040" lon="19.826902"><ele>931.0</ele></trkpt>
      <trkpt lat="49.275024" lon="19.826869"><ele>931.0</ele></trkpt>
      <trkpt lat="49.275008" lon="19.826832"><ele>931.0</ele></trkpt>
      <trkpt lat="49.274989" lon="19.826797"><ele>931.0</ele></trkpt>
      <trkpt lat="49.274979" lon="19.826766"><ele>931.0</ele></trkpt>
      <trkpt lat="49.274970" lon="19.826714"><ele>931.2</ele></trkpt>
      <trkpt lat="49.274963" lon="19.826677"><ele>931.2</ele></trkpt>
      <trkpt lat="49.274957" lon="19.826632"><ele>931.4</ele></trkpt>
      <trkpt lat="49.274947" lon="19.826594"><ele>931.4</ele></trkpt>
      <trkpt lat="49.274938" lon="19.826554"><ele>931.4</ele></trkpt>
      <trkpt lat="49.274925" lon="19.826533"><ele>931.4</ele></trkpt>
      <trkpt lat="49.274909" lon="19.826486"><ele>931.6</ele></trkpt>
      <trkpt lat="49.274902" lon="19.826435"><ele>931.6</ele></trkpt>
      <trkpt lat="49.274899" lon="19.826408"><ele>931.6</ele></trkpt>
      <trkpt lat="49.274890" lon="19.826363"><ele>931.6</ele></trkpt>
      <trkpt lat="49.274886" lon="19.826326"><ele>931.6</ele></trkpt>
      <trkpt lat="49.274883" lon="19.826294"><ele>931.6</ele></trkpt>
      <trkpt lat="49.274890" lon="19.826251"><ele>931.8</ele></trkpt>
      <trkpt lat="49.274896" lon="19.826210"><ele>931.8</ele></trkpt>
      <trkpt lat="49.274886" lon="19.826171"><ele>932.0</ele></trkpt>
      <trkpt lat="49.274880" lon="19.826126"><ele>932.0</ele></trkpt>
      <trkpt lat="49.274877" lon="19.826082"><ele>932.0</ele></trkpt>
      <trkpt lat="49.274870" lon="19.826042"><ele>932.2</ele></trkpt>
      <trkpt lat="49.274861" lon="19.826005"><ele>932.2</ele></trkpt>
      <trkpt lat="49.274851" lon="19.825963"><ele>932.2</ele></trkpt>
      <trkpt lat="49.274845" lon="19.825926"><ele>932.4</ele></trkpt>
      <trkpt lat="49.274845" lon="19.825878"><ele>932.4</ele></trkpt>
      <trkpt lat="49.274842" lon="19.825830"><ele>932.4</ele></trkpt>
      <trkpt lat="49.274838" lon="19.825803"><ele>932.6</ele></trkpt>
      <trkpt lat="49.274835" lon="19.825766"><ele>932.8</ele></trkpt>
      <trkpt lat="49.274819" lon="19.825723"><ele>932.6</ele></trkpt>
      <trkpt lat="49.274803" lon="19.825674"><ele>932.8</ele></trkpt>
      <trkpt lat="49.274790" lon="19.825645"><ele>932.8</ele></trkpt>
      <trkpt lat="49.274778" lon="19.825610"><ele>932.8</ele></trkpt>
      <trkpt lat="49.274768" lon="19.825584"><ele>932.8</ele></trkpt>
      <trkpt lat="49.274758" lon="19.825555"><ele>932.8</ele></trkpt>
      <trkpt lat="49.274742" lon="19.825530"><ele>933.0</ele></trkpt>
      <trkpt lat="49.274726" lon="19.825493"><ele>933.2</ele></trkpt>
      <trkpt lat="49.274710" lon="19.825480"><ele>933.0</ele></trkpt>
      <trkpt lat="49.274691" lon="19.825437"><ele>933.0</ele></trkpt>
      <trkpt lat="49.274669" lon="19.825402"><ele>933.0</ele></trkpt>
      <trkpt lat="49.274653" lon="19.825387"><ele>933.0</ele></trkpt>
      <trkpt lat="49.274630" lon="19.825350"><ele>933.0</ele></trkpt>
      <trkpt lat="49.274605" lon="19.825307"><ele>933.0</ele></trkpt>
      <trkpt lat="49.274582" lon="19.825275"><ele>933.2</ele></trkpt>
      <trkpt lat="49.274566" lon="19.825232"><ele>933.2</ele></trkpt>
      <trkpt lat="49.274544" lon="19.825221"><ele>933.4</ele></trkpt>
      <trkpt lat="49.274518" lon="19.825198"><ele>933.4</ele></trkpt>
      <trkpt lat="49.274502" lon="19.825162"><ele>933.6</ele></trkpt>
      <trkpt lat="49.274493" lon="19.825138"><ele>933.8</ele></trkpt>
      <trkpt lat="49.274464" lon="19.825117"><ele>933.8</ele></trkpt>
      <trkpt lat="49.274445" lon="19.825098"><ele>933.8</ele></trkpt>
      <trkpt lat="49.274429" lon="19.825064"><ele>933.8</ele></trkpt>
      <trkpt lat="49.274406" lon="19.825027"><ele>933.8</ele></trkpt>
      <trkpt lat="49.274394" lon="19.825005"><ele>933.8</ele></trkpt>
      <trkpt lat="49.274384" lon="19.824974"><ele>933.8</ele></trkpt>
      <trkpt lat="49.274362" lon="19.824954"><ele>934.0</ele></trkpt>
      <trkpt lat="49.274346" lon="19.824934"><ele>934.0</ele></trkpt>
      <trkpt lat="49.274326" lon="19.824915"><ele>934.2</ele></trkpt>
      <trkpt lat="49.274307" lon="19.824896"><ele>934.2</ele></trkpt>
      <trkpt lat="49.274282" lon="19.824869"><ele>934.4</ele></trkpt>
      <trkpt lat="49.274259" lon="19.824830"><ele>934.4</ele></trkpt>
      <trkpt lat="49.274243" lon="19.824814"><ele>934.4</ele></trkpt>
      <trkpt lat="49.274227" lon="19.824795"><ele>934.4</ele></trkpt>
      <trkpt lat="49.274211" lon="19.824779"><ele>934.6</ele></trkpt>
      <trkpt lat="49.274192" lon="19.824744"><ele>934.6</ele></trkpt>
      <trkpt lat="49.274166" lon="19.824710"><ele>934.6</ele></trkpt>
      <trkpt lat="49.274150" lon="19.824691"><ele>934.6</ele></trkpt>
      <trkpt lat="49.274131" lon="19.824658"><ele>934.8</ele></trkpt>
      <trkpt lat="49.274115" lon="19.824640"><ele>934.8</ele></trkpt>
      <trkpt lat="49.274106" lon="19.824611"><ele>934.8</ele></trkpt>
      <trkpt lat="49.274090" lon="19.824582"><ele>935.0</ele></trkpt>
      <trkpt lat="49.274074" lon="19.824560"><ele>935.0</ele></trkpt>
      <trkpt lat="49.274061" lon="19.824518"><ele>935.2</ele></trkpt>
      <trkpt lat="49.274045" lon="19.824488"><ele>935.2</ele></trkpt>
      <trkpt lat="49.274029" lon="19.824459"><ele>935.2</ele></trkpt>
      <trkpt lat="49.274013" lon="19.824430"><ele>935.2</ele></trkpt>
      <trkpt lat="49.273997" lon="19.824416"><ele>935.2</ele></trkpt>
      <trkpt lat="49.273984" lon="19.824382"><ele>935.2</ele></trkpt>
      <trkpt lat="49.273965" lon="19.824354"><ele>935.2</ele></trkpt>
      <trkpt lat="49.273942" lon="19.824325"><ele>935.4</ele></trkpt>
      <trkpt lat="49.273923" lon="19.824288"><ele>935.4</ele></trkpt>
      <trkpt lat="49.273914" lon="19.824264"><ele>935.2</ele></trkpt>
      <trkpt lat="49.273904" lon="19.824222"><ele>935.2</ele></trkpt>
      <trkpt lat="49.273891" lon="19.824192"><ele>935.2</ele></trkpt>
      <trkpt lat="49.273885" lon="19.824162"><ele>935.2</ele></trkpt>
      <trkpt lat="49.273872" lon="19.824133"><ele>935.4</ele></trkpt>
      <trkpt lat="49.273856" lon="19.824109"><ele>935.4</ele></trkpt>
      <trkpt lat="49.273846" lon="19.824078"><ele>935.6</ele></trkpt>
      <trkpt lat="49.273830" lon="19.824054"><ele>935.8</ele></trkpt>
      <trkpt lat="49.273811" lon="19.824037"><ele>936.0</ele></trkpt>
      <trkpt lat="49.273798" lon="19.824006"><ele>936.2</ele></trkpt>
      <trkpt lat="49.273782" lon="19.823981"><ele>936.6</ele></trkpt>
      <trkpt lat="49.273763" lon="19.823950"><ele>936.4</ele></trkpt>
      <trkpt lat="49.273744" lon="19.823917"><ele>936.2</ele></trkpt>
      <trkpt lat="49.273731" lon="19.823891"><ele>936.2</ele></trkpt>
      <trkpt lat="49.273709" lon="19.823853"><ele>936.2</ele></trkpt>
      <trkpt lat="49.273683" lon="19.823824"><ele>936.2</ele></trkpt>
      <trkpt lat="49.273667" lon="19.823802"><ele>936.2</ele></trkpt>
      <trkpt lat="49.273654" lon="19.823773"><ele>936.2</ele></trkpt>
      <trkpt lat="49.273645" lon="19.823741"><ele>936.2</ele></trkpt>
      <trkpt lat="49.273626" lon="19.823709"><ele>936.4</ele></trkpt>
      <trkpt lat="49.273613" lon="19.823688"><ele>936.4</ele></trkpt>
      <trkpt lat="49.273587" lon="19.823659"><ele>936.4</ele></trkpt>
      <trkpt lat="49.273574" lon="19.823634"><ele>936.4</ele></trkpt>
      <trkpt lat="49.273558" lon="19.823594"><ele>936.4</ele></trkpt>
      <trkpt lat="49.273549" lon="19.823570"><ele>936.4</ele></trkpt>
      <trkpt lat="49.273533" lon="19.823547"><ele>936.4</ele></trkpt>
      <trkpt lat="49.273520" lon="19.823526"><ele>936.4</ele></trkpt>
      <trkpt lat="49.273494" lon="19.823494"><ele>936.4</ele></trkpt>
      <trkpt lat="49.273475" lon="19.823456"><ele>936.6</ele></trkpt>
      <trkpt lat="49.273456" lon="19.823421"><ele>936.6</ele></trkpt>
      <trkpt lat="49.273437" lon="19.823390"><ele>936.8</ele></trkpt>
      <trkpt lat="49.273418" lon="19.823370"><ele>936.8</ele></trkpt>
      <trkpt lat="49.273408" lon="19.823346"><ele>937.0</ele></trkpt>
      <trkpt lat="49.273392" lon="19.823325"><ele>937.2</ele></trkpt>
      <trkpt lat="49.273379" lon="19.823298"><ele>937.2</ele></trkpt>
      <trkpt lat="49.273366" lon="19.823277"><ele>937.2</ele></trkpt>
      <trkpt lat="49.273347" lon="19.823245"><ele>937.2</ele></trkpt>
      <trkpt lat="49.273322" lon="19.823216"><ele>937.2</ele></trkpt>
      <trkpt lat="49.273296" lon="19.823195"><ele>937.4</ele></trkpt>
      <trkpt lat="49.273274" lon="19.823162"><ele>937.4</ele></trkpt>
      <trkpt lat="49.273254" lon="19.823136"><ele>937.4</ele></trkpt>
      <trkpt lat="49.273232" lon="19.823117"><ele>937.6</ele></trkpt>
      <trkpt lat="49.273216" lon="19.823093"><ele>937.6</ele></trkpt>
      <trkpt lat="49.273206" lon="19.823059"><ele>937.6</ele></trkpt>
      <trkpt lat="49.273200" lon="19.823032"><ele>937.6</ele></trkpt>
      <trkpt lat="49.273187" lon="19.823010"><ele>937.6</ele></trkpt>
      <trkpt lat="49.273171" lon="19.822973"><ele>937.8</ele></trkpt>
      <trkpt lat="49.273155" lon="19.822942"><ele>937.8</ele></trkpt>
      <trkpt lat="49.273139" lon="19.822920"><ele>938.0</ele></trkpt>
      <trkpt lat="49.273120" lon="19.822899"><ele>938.0</ele></trkpt>
      <trkpt lat="49.273101" lon="19.822870"><ele>938.0</ele></trkpt>
      <trkpt lat="49.273088" lon="19.822845"><ele>938.0</ele></trkpt>
      <trkpt lat="49.273075" lon="19.822821"><ele>938.0</ele></trkpt>
      <trkpt lat="49.273056" lon="19.822795"><ele>938.2</ele></trkpt>
      <trkpt lat="49.273040" lon="19.822770"><ele>938.4</ele></trkpt>
      <trkpt lat="49.273024" lon="19.822742"><ele>938.4</ele></trkpt>
      <trkpt lat="49.273011" lon="19.822714"><ele>938.4</ele></trkpt>
      <trkpt lat="49.272989" lon="19.822675"><ele>938.4</ele></trkpt>
      <trkpt lat="49.272963" lon="19.822640"><ele>938.4</ele></trkpt>
      <trkpt lat="49.272941" lon="19.822613"><ele>938.6</ele></trkpt>
      <trkpt lat="49.272922" lon="19.822600"><ele>938.6</ele></trkpt>
      <trkpt lat="49.272902" lon="19.822563"><ele>938.6</ele></trkpt>
      <trkpt lat="49.272890" lon="19.822531"><ele>938.6</ele></trkpt>
      <trkpt lat="49.272874" lon="19.822501"><ele>938.6</ele></trkpt>
      <trkpt lat="49.272854" lon="19.822466"><ele>938.8</ele></trkpt>
      <trkpt lat="49.272838" lon="19.822437"><ele>939.0</ele></trkpt>
      <trkpt lat="49.272819" lon="19.822392"><ele>939.0</ele></trkpt>
      <trkpt lat="49.272803" lon="19.822346"><ele>939.0</ele></trkpt>
      <trkpt lat="49.272784" lon="19.822312"><ele>939.0</ele></trkpt>
      <trkpt lat="49.272771" lon="19.822285"><ele>939.0</ele></trkpt>
      <trkpt lat="49.272755" lon="19.822262"><ele>939.0</ele></trkpt>
      <trkpt lat="49.272739" lon="19.822232"><ele>939.0</ele></trkpt>
      <trkpt lat="49.272723" lon="19.822208"><ele>939.2</ele></trkpt>
      <trkpt lat="49.272698" lon="19.822176"><ele>939.2</ele></trkpt>
      <trkpt lat="49.272685" lon="19.822155"><ele>939.2</ele></trkpt>
      <trkpt lat="49.272662" lon="19.822110"><ele>939.4</ele></trkpt>
      <trkpt lat="49.272637" lon="19.822075"><ele>939.4</ele></trkpt>
      <trkpt lat="49.272618" lon="19.822046"><ele>939.4</ele></trkpt>
      <trkpt lat="49.272602" lon="19.822018"><ele>939.6</ele></trkpt>
      <trkpt lat="49.272586" lon="19.821995"><ele>939.6</ele></trkpt>
      <trkpt lat="49.272563" lon="19.821965"><ele>939.6</ele></trkpt>
      <trkpt lat="49.272544" lon="19.821944"><ele>939.6</ele></trkpt>
      <trkpt lat="49.272531" lon="19.821917"><ele>939.8</ele></trkpt>
      <trkpt lat="49.272506" lon="19.821885"><ele>939.6</ele></trkpt>
      <trkpt lat="49.272493" lon="19.821854"><ele>939.8</ele></trkpt>
      <trkpt lat="49.272477" lon="19.821830"><ele>939.8</ele></trkpt>
      <trkpt lat="49.272464" lon="19.821806"><ele>939.8</ele></trkpt>
      <trkpt lat="49.272442" lon="19.821776"><ele>940.0</ele></trkpt>
      <trkpt lat="49.272422" lon="19.821741"><ele>940.0</ele></trkpt>
      <trkpt lat="49.272406" lon="19.821712"><ele>940.0</ele></trkpt>
      <trkpt lat="49.272387" lon="19.821699"><ele>940.0</ele></trkpt>
      <trkpt lat="49.272384" lon="19.821661"><ele>940.2</ele></trkpt>
      <trkpt lat="49.272368" lon="19.821629"><ele>940.2</ele></trkpt>
      <trkpt lat="49.272346" lon="19.821594"><ele>940.2</ele></trkpt>
      <trkpt lat="49.272326" lon="19.821558"><ele>940.4</ele></trkpt>
      <trkpt lat="49.272298" lon="19.821541"><ele>940.4</ele></trkpt>
      <trkpt lat="49.272282" lon="19.821528"><ele>940.4</ele></trkpt>
      <trkpt lat="49.272266" lon="19.821504"><ele>940.6</ele></trkpt>
      <trkpt lat="49.272243" lon="19.821475"><ele>940.6</ele></trkpt>
      <trkpt lat="49.272224" lon="19.821448"><ele>940.6</ele></trkpt>
      <trkpt lat="49.272202" lon="19.821413"><ele>940.6</ele></trkpt>
      <trkpt lat="49.272186" lon="19.821374"><ele>940.8</ele></trkpt>
      <trkpt lat="49.272170" lon="19.821342"><ele>940.8</ele></trkpt>
      <trkpt lat="49.272147" lon="19.821312"><ele>941.0</ele></trkpt>
      <trkpt lat="49.272125" lon="19.821282"><ele>941.2</ele></trkpt>
      <trkpt lat="49.272115" lon="19.821254"><ele>941.4</ele></trkpt>
      <trkpt lat="49.272096" lon="19.821216"><ele>941.6</ele></trkpt>
      <trkpt lat="49.272080" lon="19.821190"><ele>941.6</ele></trkpt>
      <trkpt lat="49.272067" lon="19.821170"><ele>941.8</ele></trkpt>
      <trkpt lat="49.272048" lon="19.821141"><ele>941.8</ele></trkpt>
      <trkpt lat="49.272035" lon="19.821104"><ele>942.0</ele></trkpt>
      <trkpt lat="49.272016" lon="19.821072"><ele>942.0</ele></trkpt>
      <trkpt lat="49.271997" lon="19.821038"><ele>942.2</ele></trkpt>
      <trkpt lat="49.271981" lon="19.821022"><ele>942.0</ele></trkpt>
      <trkpt lat="49.271958" lon="19.820987"><ele>942.2</ele></trkpt>
      <trkpt lat="49.271942" lon="19.820958"><ele>942.2</ele></trkpt>
      <trkpt lat="49.271920" lon="19.820917"><ele>942.4</ele></trkpt>
      <trkpt lat="49.271904" lon="19.820891"><ele>942.4</ele></trkpt>
      <trkpt lat="49.271891" lon="19.820859"><ele>942.6</ele></trkpt>
      <trkpt lat="49.271885" lon="19.820832"><ele>942.6</ele></trkpt>
      <trkpt lat="49.271869" lon="19.820808"><ele>942.8</ele></trkpt>
      <trkpt lat="49.271850" lon="19.820786"><ele>942.8</ele></trkpt>
      <trkpt lat="49.271840" lon="19.820754"><ele>942.8</ele></trkpt>
      <trkpt lat="49.271824" lon="19.820733"><ele>942.8</ele></trkpt>
      <trkpt lat="49.271802" lon="19.820750"><ele>943.0</ele></trkpt>
      <trkpt lat="49.271782" lon="19.820739"><ele>943.0</ele></trkpt>
      <trkpt lat="49.271766" lon="19.820726"><ele>943.0</ele></trkpt>
      <trkpt lat="49.271750" lon="19.820710"><ele>943.2</ele></trkpt>
      <trkpt lat="49.271747" lon="19.820675"><ele>943.2</ele></trkpt>
      <trkpt lat="49.271731" lon="19.820646"><ele>943.4</ele></trkpt>
      <trkpt lat="49.271712" lon="19.820618"><ele>943.6</ele></trkpt>
      <trkpt lat="49.271690" lon="19.820606"><ele>943.8</ele></trkpt>
      <trkpt lat="49.271670" lon="19.820589"><ele>943.8</ele></trkpt>
      <trkpt lat="49.271642" lon="19.820576"><ele>944.0</ele></trkpt>
      <trkpt lat="49.271632" lon="19.820538"><ele>944.0</ele></trkpt>
      <trkpt lat="49.271626" lon="19.820496"><ele>944.2</ele></trkpt>
      <trkpt lat="49.271622" lon="19.820467"><ele>944.2</ele></trkpt>
      <trkpt lat="49.271606" lon="19.820448"><ele>944.2</ele></trkpt>
      <trkpt lat="49.271587" lon="19.820454"><ele>944.2</ele></trkpt>
      <trkpt lat="49.271568" lon="19.820459"><ele>944.2</ele></trkpt>
      <trkpt lat="49.271546" lon="19.820437"><ele>944.4</ele></trkpt>
      <trkpt lat="49.271530" lon="19.820413"><ele>944.4</ele></trkpt>
      <trkpt lat="49.271507" lon="19.820379"><ele>944.6</ele></trkpt>
      <trkpt lat="49.271482" lon="19.820378"><ele>945.0</ele></trkpt>
      <trkpt lat="49.271462" lon="19.820379"><ele>945.2</ele></trkpt>
      <trkpt lat="49.271446" lon="19.820360"><ele>945.0</ele></trkpt>
      <trkpt lat="49.271424" lon="19.820347"><ele>945.0</ele></trkpt>
      <trkpt lat="49.271402" lon="19.820333"><ele>945.0</ele></trkpt>
      <trkpt lat="49.271373" lon="19.820328"><ele>945.2</ele></trkpt>
      <trkpt lat="49.271344" lon="19.820322"><ele>945.2</ele></trkpt>
      <trkpt lat="49.271322" lon="19.820312"><ele>945.4</ele></trkpt>
      <trkpt lat="49.271312" lon="19.820286"><ele>945.4</ele></trkpt>
      <trkpt lat="49.271296" lon="19.820253"><ele>945.4</ele></trkpt>
      <trkpt lat="49.271283" lon="19.820227"><ele>945.4</ele></trkpt>
      <trkpt lat="49.271264" lon="19.820206"><ele>945.6</ele></trkpt>
      <trkpt lat="49.271242" lon="19.820184"><ele>945.6</ele></trkpt>
      <trkpt lat="49.271213" lon="19.820168"><ele>945.8</ele></trkpt>
      <trkpt lat="49.271190" lon="19.820154"><ele>946.0</ele></trkpt>
      <trkpt lat="49.271165" lon="19.820128"><ele>946.0</ele></trkpt>
      <trkpt lat="49.271142" lon="19.820090"><ele>946.0</ele></trkpt>
      <trkpt lat="49.271117" lon="19.820054"><ele>946.0</ele></trkpt>
      <trkpt lat="49.271098" lon="19.820022"><ele>946.2</ele></trkpt>
      <trkpt lat="49.271082" lon="19.819995"><ele>946.2</ele></trkpt>
      <trkpt lat="49.271053" lon="19.819982"><ele>946.4</ele></trkpt>
      <trkpt lat="49.271034" lon="19.819971"><ele>946.4</ele></trkpt>
      <trkpt lat="49.271024" lon="19.819939"><ele>946.4</ele></trkpt>
      <trkpt lat="49.271018" lon="19.819904"><ele>946.4</ele></trkpt>
      <trkpt lat="49.271008" lon="19.819878"><ele>946.4</ele></trkpt>
      <trkpt lat="49.270989" lon="19.819846"><ele>946.8</ele></trkpt>
      <trkpt lat="49.270973" lon="19.819834"><ele>946.8</ele></trkpt>
      <trkpt lat="49.270957" lon="19.819813"><ele>947.0</ele></trkpt>
      <trkpt lat="49.270938" lon="19.819792"><ele>946.8</ele></trkpt>
      <trkpt lat="49.270925" lon="19.819762"><ele>946.8</ele></trkpt>
      <trkpt lat="49.270906" lon="19.819725"><ele>947.0</ele></trkpt>
      <trkpt lat="49.270886" lon="19.819701"><ele>947.0</ele></trkpt>
      <trkpt lat="49.270867" lon="19.819680"><ele>947.2</ele></trkpt>
      <trkpt lat="49.270845" lon="19.819664"><ele>947.2</ele></trkpt>
      <trkpt lat="49.270826" lon="19.819648"><ele>947.4</ele></trkpt>
      <trkpt lat="49.270800" lon="19.819627"><ele>947.4</ele></trkpt>
      <trkpt lat="49.270778" lon="19.819598"><ele>947.4</ele></trkpt>
      <trkpt lat="49.270755" lon="19.819573"><ele>947.4</ele></trkpt>
      <trkpt lat="49.270746" lon="19.819549"><ele>947.6</ele></trkpt>
      <trkpt lat="49.270720" lon="19.819512"><ele>947.6</ele></trkpt>
      <trkpt lat="49.270698" lon="19.819499"><ele>947.6</ele></trkpt>
      <trkpt lat="49.270675" lon="19.819486"><ele>947.8</ele></trkpt>
      <trkpt lat="49.270656" lon="19.819467"><ele>947.8</ele></trkpt>
      <trkpt lat="49.270634" lon="19.819422"><ele>947.8</ele></trkpt>
      <trkpt lat="49.270614" lon="19.819403"><ele>947.8</ele></trkpt>
      <trkpt lat="49.270598" lon="19.819386"><ele>948.0</ele></trkpt>
      <trkpt lat="49.270570" lon="19.819360"><ele>948.2</ele></trkpt>
      <trkpt lat="49.270550" lon="19.819357"><ele>948.2</ele></trkpt>
      <trkpt lat="49.270528" lon="19.819349"><ele>948.4</ele></trkpt>
      <trkpt lat="49.270512" lon="19.819325"><ele>948.4</ele></trkpt>
      <trkpt lat="49.270496" lon="19.819296"><ele>948.4</ele></trkpt>
      <trkpt lat="49.270467" lon="19.819278"><ele>948.4</ele></trkpt>
      <trkpt lat="49.270448" lon="19.819250"><ele>948.6</ele></trkpt>
      <trkpt lat="49.270429" lon="19.819229"><ele>948.8</ele></trkpt>
      <trkpt lat="49.270410" lon="19.819210"><ele>948.8</ele></trkpt>
      <trkpt lat="49.270390" lon="19.819189"><ele>948.8</ele></trkpt>
      <trkpt lat="49.270371" lon="19.819168"><ele>948.8</ele></trkpt>
      <trkpt lat="49.270352" lon="19.819146"><ele>948.8</ele></trkpt>
      <trkpt lat="49.270336" lon="19.819128"><ele>949.0</ele></trkpt>
      <trkpt lat="49.270317" lon="19.819106"><ele>949.0</ele></trkpt>
      <trkpt lat="49.270301" lon="19.819086"><ele>949.0</ele></trkpt>
      <trkpt lat="49.270278" lon="19.819056"><ele>949.0</ele></trkpt>
      <trkpt lat="49.270259" lon="19.819027"><ele>949.2</ele></trkpt>
      <trkpt lat="49.270234" lon="19.819008"><ele>949.2</ele></trkpt>
      <trkpt lat="49.270211" lon="19.818981"><ele>949.2</ele></trkpt>
      <trkpt lat="49.270189" lon="19.818950"><ele>949.4</ele></trkpt>
      <trkpt lat="49.270173" lon="19.818938"><ele>949.4</ele></trkpt>
      <trkpt lat="49.270141" lon="19.818917"><ele>949.6</ele></trkpt>
      <trkpt lat="49.270115" lon="19.818899"><ele>949.8</ele></trkpt>
      <trkpt lat="49.270096" lon="19.818872"><ele>949.8</ele></trkpt>
      <trkpt lat="49.270080" lon="19.818832"><ele>950.0</ele></trkpt>
      <trkpt lat="49.270061" lon="19.818800"><ele>950.0</ele></trkpt>
      <trkpt lat="49.270042" lon="19.818773"><ele>950.2</ele></trkpt>
      <trkpt lat="49.270022" lon="19.818768"><ele>950.2</ele></trkpt>
      <trkpt lat="49.270000" lon="19.818742"><ele>950.2</ele></trkpt>
      <trkpt lat="49.269974" lon="19.818720"><ele>950.2</ele></trkpt>
      <trkpt lat="49.269946" lon="19.818701"><ele>950.2</ele></trkpt>
      <trkpt lat="49.269914" lon="19.818699"><ele>950.2</ele></trkpt>
      <trkpt lat="49.269894" lon="19.818683"><ele>950.2</ele></trkpt>
      <trkpt lat="49.269878" lon="19.818669"><ele>950.2</ele></trkpt>
      <trkpt lat="49.269856" lon="19.818634"><ele>950.2</ele></trkpt>
      <trkpt lat="49.269837" lon="19.818602"><ele>950.4</ele></trkpt>
      <trkpt lat="49.269818" lon="19.818574"><ele>950.4</ele></trkpt>
      <trkpt lat="49.269802" lon="19.818555"><ele>950.4</ele></trkpt>
      <trkpt lat="49.269786" lon="19.818530"><ele>950.6</ele></trkpt>
      <trkpt lat="49.269763" lon="19.818496"><ele>950.8</ele></trkpt>
      <trkpt lat="49.269747" lon="19.818469"><ele>950.8</ele></trkpt>
      <trkpt lat="49.269734" lon="19.818440"><ele>950.8</ele></trkpt>
      <trkpt lat="49.269718" lon="19.818424"><ele>951.0</ele></trkpt>
      <trkpt lat="49.269702" lon="19.818411"><ele>951.0</ele></trkpt>
      <trkpt lat="49.269686" lon="19.818394"><ele>951.0</ele></trkpt>
      <trkpt lat="49.269661" lon="19.818365"><ele>950.8</ele></trkpt>
      <trkpt lat="49.269642" lon="19.818336"><ele>950.8</ele></trkpt>
      <trkpt lat="49.269626" lon="19.818323"><ele>950.8</ele></trkpt>
      <trkpt lat="49.269600" lon="19.818286"><ele>951.0</ele></trkpt>
      <trkpt lat="49.269578" lon="19.818258"><ele>951.0</ele></trkpt>
      <trkpt lat="49.269562" lon="19.818245"><ele>951.0</ele></trkpt>
      <trkpt lat="49.269539" lon="19.818216"><ele>951.0</ele></trkpt>
      <trkpt lat="49.269517" lon="19.818190"><ele>951.0</ele></trkpt>
      <trkpt lat="49.269501" lon="19.818173"><ele>951.0</ele></trkpt>
      <trkpt lat="49.269482" lon="19.818155"><ele>951.0</ele></trkpt>
      <trkpt lat="49.269462" lon="19.818138"><ele>951.2</ele></trkpt>
      <trkpt lat="49.269446" lon="19.818109"><ele>951.2</ele></trkpt>
      <trkpt lat="49.269427" lon="19.818085"><ele>951.4</ele></trkpt>
      <trkpt lat="49.269405" lon="19.818064"><ele>951.6</ele></trkpt>
      <trkpt lat="49.269386" lon="19.818042"><ele>951.6</ele></trkpt>
      <trkpt lat="49.269363" lon="19.818010"><ele>951.6</ele></trkpt>
      <trkpt lat="49.269347" lon="19.817995"><ele>951.4</ele></trkpt>
      <trkpt lat="49.269318" lon="19.817966"><ele>951.4</ele></trkpt>
      <trkpt lat="49.269302" lon="19.817952"><ele>951.4</ele></trkpt>
      <trkpt lat="49.269286" lon="19.817936"><ele>951.6</ele></trkpt>
      <trkpt lat="49.269270" lon="19.817920"><ele>951.6</ele></trkpt>
      <trkpt lat="49.269245" lon="19.817890"><ele>951.6</ele></trkpt>
      <trkpt lat="49.269226" lon="19.817867"><ele>951.8</ele></trkpt>
      <trkpt lat="49.269203" lon="19.817848"><ele>951.8</ele></trkpt>
      <trkpt lat="49.269184" lon="19.817819"><ele>952.0</ele></trkpt>
      <trkpt lat="49.269165" lon="19.817800"><ele>952.0</ele></trkpt>
      <trkpt lat="49.269149" lon="19.817776"><ele>952.0</ele></trkpt>
      <trkpt lat="49.269130" lon="19.817760"><ele>952.0</ele></trkpt>
      <trkpt lat="49.269101" lon="19.817734"><ele>952.0</ele></trkpt>
      <trkpt lat="49.269078" lon="19.817699"><ele>952.0</ele></trkpt>
      <trkpt lat="49.269062" lon="19.817686"><ele>952.0</ele></trkpt>
      <trkpt lat="49.269040" lon="19.817661"><ele>952.2</ele></trkpt>
      <trkpt lat="49.269024" lon="19.817645"><ele>952.2</ele></trkpt>
      <trkpt lat="49.269005" lon="19.817621"><ele>952.2</ele></trkpt>
      <trkpt lat="49.268989" lon="19.817602"><ele>952.2</ele></trkpt>
      <trkpt lat="49.268973" lon="19.817582"><ele>952.4</ele></trkpt>
      <trkpt lat="49.268960" lon="19.817552"><ele>952.4</ele></trkpt>
      <trkpt lat="49.268941" lon="19.817522"><ele>952.6</ele></trkpt>
      <trkpt lat="49.268925" lon="19.817507"><ele>952.6</ele></trkpt>
      <trkpt lat="49.268906" lon="19.817474"><ele>952.6</ele></trkpt>
      <trkpt lat="49.268883" lon="19.817448"><ele>953.0</ele></trkpt>
      <trkpt lat="49.268861" lon="19.817424"><ele>953.0</ele></trkpt>
      <trkpt lat="49.268845" lon="19.817406"><ele>953.0</ele></trkpt>
      <trkpt lat="49.268822" lon="19.817390"><ele>952.8</ele></trkpt>
      <trkpt lat="49.268803" lon="19.817373"><ele>952.8</ele></trkpt>
      <trkpt lat="49.268787" lon="19.817344"><ele>952.8</ele></trkpt>
      <trkpt lat="49.268768" lon="19.817323"><ele>952.8</ele></trkpt>
      <trkpt lat="49.268749" lon="19.817325"><ele>952.8</ele></trkpt>
      <trkpt lat="49.268723" lon="19.817314"><ele>952.8</ele></trkpt>
      <trkpt lat="49.268704" lon="19.817285"><ele>952.8</ele></trkpt>
      <trkpt lat="49.268685" lon="19.817264"><ele>952.8</ele></trkpt>
      <trkpt lat="49.268653" lon="19.817245"><ele>952.8</ele></trkpt>
      <trkpt lat="49.268630" lon="19.817222"><ele>952.8</ele></trkpt>
      <trkpt lat="49.268605" lon="19.817194"><ele>953.0</ele></trkpt>
      <trkpt lat="49.268586" lon="19.817184"><ele>953.0</ele></trkpt>
      <trkpt lat="49.268560" lon="19.817162"><ele>952.8</ele></trkpt>
      <trkpt lat="49.268541" lon="19.817152"><ele>952.8</ele></trkpt>
      <trkpt lat="49.268515" lon="19.817130"><ele>953.0</ele></trkpt>
      <trkpt lat="49.268496" lon="19.817120"><ele>953.0</ele></trkpt>
      <trkpt lat="49.268464" lon="19.817099"><ele>953.2</ele></trkpt>
      <trkpt lat="49.268432" lon="19.817072"><ele>953.4</ele></trkpt>
      <trkpt lat="49.268406" lon="19.817051"><ele>953.4</ele></trkpt>
      <trkpt lat="49.268381" lon="19.817040"><ele>953.6</ele></trkpt>
      <trkpt lat="49.268362" lon="19.817030"><ele>953.6</ele></trkpt>
      <trkpt lat="49.268346" lon="19.817014"><ele>953.6</ele></trkpt>
      <trkpt lat="49.268326" lon="19.816997"><ele>953.6</ele></trkpt>
      <trkpt lat="49.268307" lon="19.816984"><ele>953.6</ele></trkpt>
      <trkpt lat="49.268285" lon="19.816965"><ele>953.8</ele></trkpt>
      <trkpt lat="49.268247" lon="19.816947"><ele>953.8</ele></trkpt>
      <trkpt lat="49.268208" lon="19.816920"><ele>954.0</ele></trkpt>
      <trkpt lat="49.268176" lon="19.816904"><ele>954.0</ele></trkpt>
      <trkpt lat="49.268157" lon="19.816893"><ele>954.0</ele></trkpt>
      <trkpt lat="49.268134" lon="19.816877"><ele>954.0</ele></trkpt>
      <trkpt lat="49.268112" lon="19.816856"><ele>954.0</ele></trkpt>
      <trkpt lat="49.268086" lon="19.816837"><ele>954.4</ele></trkpt>
      <trkpt lat="49.268067" lon="19.816816"><ele>954.6</ele></trkpt>
      <trkpt lat="49.268045" lon="19.816802"><ele>954.6</ele></trkpt>
      <trkpt lat="49.268016" lon="19.816776"><ele>954.6</ele></trkpt>
      <trkpt lat="49.267994" lon="19.816757"><ele>954.6</ele></trkpt>
      <trkpt lat="49.267965" lon="19.816738"><ele>954.6</ele></trkpt>
      <trkpt lat="49.267936" lon="19.816718"><ele>954.4</ele></trkpt>
      <trkpt lat="49.267914" lon="19.816704"><ele>954.6</ele></trkpt>
      <trkpt lat="49.267891" lon="19.816686"><ele>954.6</ele></trkpt>
      <trkpt lat="49.267869" lon="19.816667"><ele>954.6</ele></trkpt>
      <trkpt lat="49.267850" lon="19.816674"><ele>954.6</ele></trkpt>
      <trkpt lat="49.267830" lon="19.816664"><ele>954.8</ele></trkpt>
      <trkpt lat="49.267814" lon="19.816643"><ele>954.6</ele></trkpt>
      <trkpt lat="49.267802" lon="19.816616"><ele>954.6</ele></trkpt>
      <trkpt lat="49.267792" lon="19.816587"><ele>954.6</ele></trkpt>
      <trkpt lat="49.267776" lon="19.816563"><ele>954.6</ele></trkpt>
      <trkpt lat="49.267750" lon="19.816536"><ele>954.8</ele></trkpt>
      <trkpt lat="49.267728" lon="19.816507"><ele>954.8</ele></trkpt>
      <trkpt lat="49.267699" lon="19.816498"><ele>955.0</ele></trkpt>
      <trkpt lat="49.267670" lon="19.816477"><ele>954.8</ele></trkpt>
      <trkpt lat="49.267651" lon="19.816464"><ele>954.8</ele></trkpt>
      <trkpt lat="49.267629" lon="19.816456"><ele>954.8</ele></trkpt>
      <trkpt lat="49.267606" lon="19.816429"><ele>954.8</ele></trkpt>
      <trkpt lat="49.267578" lon="19.816416"><ele>955.0</ele></trkpt>
      <trkpt lat="49.267558" lon="19.816403"><ele>955.0</ele></trkpt>
      <trkpt lat="49.267536" lon="19.816395"><ele>955.2</ele></trkpt>
      <trkpt lat="49.267510" lon="19.816389"><ele>955.2</ele></trkpt>
      <trkpt lat="49.267488" lon="19.816376"><ele>955.4</ele></trkpt>
      <trkpt lat="49.267456" lon="19.816368"><ele>955.6</ele></trkpt>
      <trkpt lat="49.267434" lon="19.816354"><ele>955.6</ele></trkpt>
      <trkpt lat="49.267414" lon="19.816338"><ele>955.6</ele></trkpt>
      <trkpt lat="49.267395" lon="19.816326"><ele>955.6</ele></trkpt>
      <trkpt lat="49.267376" lon="19.816325"><ele>955.6</ele></trkpt>
      <trkpt lat="49.267354" lon="19.816310"><ele>955.6</ele></trkpt>
      <trkpt lat="49.267325" lon="19.816299"><ele>955.6</ele></trkpt>
      <trkpt lat="49.267299" lon="19.816290"><ele>955.8</ele></trkpt>
      <trkpt lat="49.267280" lon="19.816272"><ele>955.8</ele></trkpt>
      <trkpt lat="49.267258" lon="19.816269"><ele>955.8</ele></trkpt>
      <trkpt lat="49.267235" lon="19.816258"><ele>956.0</ele></trkpt>
      <trkpt lat="49.267210" lon="19.816251"><ele>956.0</ele></trkpt>
      <trkpt lat="49.267181" lon="19.816250"><ele>956.2</ele></trkpt>
      <trkpt lat="49.267158" lon="19.816248"><ele>956.4</ele></trkpt>
      <trkpt lat="49.267133" lon="19.816248"><ele>956.4</ele></trkpt>
      <trkpt lat="49.267114" lon="19.816238"><ele>956.4</ele></trkpt>
      <trkpt lat="49.267085" lon="19.816238"><ele>956.6</ele></trkpt>
      <trkpt lat="49.267066" lon="19.816230"><ele>956.6</ele></trkpt>
      <trkpt lat="49.267043" lon="19.816230"><ele>956.8</ele></trkpt>
      <trkpt lat="49.267018" lon="19.816226"><ele>956.8</ele></trkpt>
      <trkpt lat="49.266992" lon="19.816216"><ele>956.8</ele></trkpt>
      <trkpt lat="49.266960" lon="19.816198"><ele>956.8</ele></trkpt>
      <trkpt lat="49.266938" lon="19.816189"><ele>956.8</ele></trkpt>
      <trkpt lat="49.266915" lon="19.816173"><ele>956.8</ele></trkpt>
      <trkpt lat="49.266893" lon="19.816160"><ele>956.8</ele></trkpt>
      <trkpt lat="49.266864" lon="19.816152"><ele>956.8</ele></trkpt>
      <trkpt lat="49.266842" lon="19.816139"><ele>957.0</ele></trkpt>
      <trkpt lat="49.266806" lon="19.816139"><ele>957.0</ele></trkpt>
      <trkpt lat="49.266787" lon="19.816141"><ele>957.0</ele></trkpt>
      <trkpt lat="49.266762" lon="19.816138"><ele>957.2</ele></trkpt>
      <trkpt lat="49.266739" lon="19.816120"><ele>957.2</ele></trkpt>
      <trkpt lat="49.266733" lon="19.816083"><ele>957.4</ele></trkpt>
      <trkpt lat="49.266733" lon="19.816050"><ele>957.4</ele></trkpt>
      <trkpt lat="49.266723" lon="19.816018"><ele>957.4</ele></trkpt>
      <trkpt lat="49.266720" lon="19.815989"><ele>957.4</ele></trkpt>
      <trkpt lat="49.266720" lon="19.815958"><ele>957.2</ele></trkpt>
      <trkpt lat="49.266701" lon="19.815918"><ele>957.0</ele></trkpt>
      <trkpt lat="49.266688" lon="19.815880"><ele>956.8</ele></trkpt>
      <trkpt lat="49.266669" lon="19.815845"><ele>956.8</ele></trkpt>
      <trkpt lat="49.266666" lon="19.815803"><ele>957.0</ele></trkpt>
      <trkpt lat="49.266659" lon="19.815774"><ele>956.8</ele></trkpt>
      <trkpt lat="49.266669" lon="19.815810"><ele>957.4</ele></trkpt>
      <trkpt lat="49.266682" lon="19.815848"><ele>957.4</ele></trkpt>
      <trkpt lat="49.266669" lon="19.815888"><ele>957.6</ele></trkpt>
      <trkpt lat="49.266656" lon="19.815910"><ele>957.6</ele></trkpt>
      <trkpt lat="49.266627" lon="19.815952"><ele>957.6</ele></trkpt>
      <trkpt lat="49.266602" lon="19.815994"><ele>957.8</ele></trkpt>
      <trkpt lat="49.266586" lon="19.816011"><ele>958.0</ele></trkpt>
      <trkpt lat="49.266566" lon="19.816022"><ele>958.0</ele></trkpt>
      <trkpt lat="49.266547" lon="19.816024"><ele>958.4</ele></trkpt>
      <trkpt lat="49.266522" lon="19.816021"><ele>958.8</ele></trkpt>
      <trkpt lat="49.266515" lon="19.815989"><ele>958.8</ele></trkpt>
      <trkpt lat="49.266490" lon="19.815982"><ele>958.8</ele></trkpt>
      <trkpt lat="49.266464" lon="19.815987"><ele>959.0</ele></trkpt>
      <trkpt lat="49.266445" lon="19.815990"><ele>959.0</ele></trkpt>
      <trkpt lat="49.266419" lon="19.815987"><ele>959.2</ele></trkpt>
      <trkpt lat="49.266390" lon="19.815984"><ele>959.4</ele></trkpt>
      <trkpt lat="49.266362" lon="19.815994"><ele>959.6</ele></trkpt>
      <trkpt lat="49.266336" lon="19.815997"><ele>959.6</ele></trkpt>
      <trkpt lat="49.266310" lon="19.815992"><ele>959.8</ele></trkpt>
      <trkpt lat="49.266288" lon="19.815994"><ele>959.8</ele></trkpt>
      <trkpt lat="49.266259" lon="19.815992"><ele>960.0</ele></trkpt>
      <trkpt lat="49.266240" lon="19.815990"><ele>960.0</ele></trkpt>
      <trkpt lat="49.266211" lon="19.815989"><ele>960.0</ele></trkpt>
      <trkpt lat="49.266189" lon="19.815982"><ele>960.2</ele></trkpt>
      <trkpt lat="49.266170" lon="19.815981"><ele>960.2</ele></trkpt>
      <trkpt lat="49.266141" lon="19.815981"><ele>960.2</ele></trkpt>
      <trkpt lat="49.266106" lon="19.815984"><ele>960.2</ele></trkpt>
      <trkpt lat="49.266086" lon="19.815989"><ele>960.2</ele></trkpt>
      <trkpt lat="49.266067" lon="19.815994"><ele>960.6</ele></trkpt>
      <trkpt lat="49.266048" lon="19.815987"><ele>960.6</ele></trkpt>
      <trkpt lat="49.266026" lon="19.815989"><ele>960.6</ele></trkpt>
      <trkpt lat="49.266006" lon="19.815994"><ele>960.8</ele></trkpt>
      <trkpt lat="49.265981" lon="19.815994"><ele>961.0</ele></trkpt>
      <trkpt lat="49.265958" lon="19.815990"><ele>961.2</ele></trkpt>
      <trkpt lat="49.265933" lon="19.815992"><ele>961.2</ele></trkpt>
      <trkpt lat="49.265910" lon="19.815997"><ele>961.4</ele></trkpt>
      <trkpt lat="49.265891" lon="19.815994"><ele>961.4</ele></trkpt>
      <trkpt lat="49.265872" lon="19.815997"><ele>961.6</ele></trkpt>
      <trkpt lat="49.265846" lon="19.816021"><ele>961.6</ele></trkpt>
      <trkpt lat="49.265827" lon="19.816027"><ele>961.6</ele></trkpt>
      <trkpt lat="49.265808" lon="19.816022"><ele>961.6</ele></trkpt>
      <trkpt lat="49.265786" lon="19.816013"><ele>962.0</ele></trkpt>
      <trkpt lat="49.265763" lon="19.816016"><ele>962.4</ele></trkpt>
      <trkpt lat="49.265741" lon="19.816021"><ele>962.6</ele></trkpt>
      <trkpt lat="49.265709" lon="19.816027"><ele>962.8</ele></trkpt>
      <trkpt lat="49.265686" lon="19.816030"><ele>962.6</ele></trkpt>
      <trkpt lat="49.265664" lon="19.816030"><ele>962.4</ele></trkpt>
      <trkpt lat="49.265635" lon="19.816037"><ele>962.6</ele></trkpt>
      <trkpt lat="49.265603" lon="19.816046"><ele>962.6</ele></trkpt>
      <trkpt lat="49.265568" lon="19.816058"><ele>962.8</ele></trkpt>
      <trkpt lat="49.265536" lon="19.816066"><ele>962.8</ele></trkpt>
      <trkpt lat="49.265517" lon="19.816072"><ele>962.8</ele></trkpt>
      <trkpt lat="49.265494" lon="19.816078"><ele>963.0</ele></trkpt>
      <trkpt lat="49.265469" lon="19.816083"><ele>963.0</ele></trkpt>
      <trkpt lat="49.265446" lon="19.816080"><ele>963.0</ele></trkpt>
      <trkpt lat="49.265418" lon="19.816086"><ele>963.2</ele></trkpt>
      <trkpt lat="49.265398" lon="19.816091"><ele>963.2</ele></trkpt>
      <trkpt lat="49.265370" lon="19.816098"><ele>963.4</ele></trkpt>
      <trkpt lat="49.265350" lon="19.816106"><ele>963.4</ele></trkpt>
      <trkpt lat="49.265318" lon="19.816115"><ele>963.6</ele></trkpt>
      <trkpt lat="49.265296" lon="19.816118"><ele>963.8</ele></trkpt>
      <trkpt lat="49.265270" lon="19.816126"><ele>963.8</ele></trkpt>
      <trkpt lat="49.265251" lon="19.816130"><ele>964.0</ele></trkpt>
      <trkpt lat="49.265229" lon="19.816126"><ele>964.0</ele></trkpt>
      <trkpt lat="49.265210" lon="19.816131"><ele>964.0</ele></trkpt>
      <trkpt lat="49.265190" lon="19.816138"><ele>964.0</ele></trkpt>
      <trkpt lat="49.265165" lon="19.816138"><ele>964.0</ele></trkpt>
      <trkpt lat="49.265136" lon="19.816139"><ele>964.0</ele></trkpt>
      <trkpt lat="49.265114" lon="19.816139"><ele>964.0</ele></trkpt>
      <trkpt lat="49.265094" lon="19.816141"><ele>964.2</ele></trkpt>
      <trkpt lat="49.265069" lon="19.816139"><ele>964.2</ele></trkpt>
      <trkpt lat="49.265046" lon="19.816142"><ele>964.4</ele></trkpt>
      <trkpt lat="49.265021" lon="19.816142"><ele>964.4</ele></trkpt>
      <trkpt lat="49.264995" lon="19.816139"><ele>964.6</ele></trkpt>
      <trkpt lat="49.264966" lon="19.816133"><ele>964.6</ele></trkpt>
      <trkpt lat="49.264947" lon="19.816130"><ele>964.6</ele></trkpt>
      <trkpt lat="49.264922" lon="19.816128"><ele>964.8</ele></trkpt>
      <trkpt lat="49.264899" lon="19.816136"><ele>964.8</ele></trkpt>
      <trkpt lat="49.264874" lon="19.816136"><ele>964.8</ele></trkpt>
      <trkpt lat="49.264854" lon="19.816130"><ele>965.0</ele></trkpt>
      <trkpt lat="49.264819" lon="19.816136"><ele>965.0</ele></trkpt>
      <trkpt lat="49.264790" lon="19.816142"><ele>965.0</ele></trkpt>
      <trkpt lat="49.264771" lon="19.816150"><ele>965.0</ele></trkpt>
      <trkpt lat="49.264752" lon="19.816157"><ele>965.0</ele></trkpt>
      <trkpt lat="49.264730" lon="19.816160"><ele>965.0</ele></trkpt>
      <trkpt lat="49.264707" lon="19.816160"><ele>965.0</ele></trkpt>
      <trkpt lat="49.264675" lon="19.816171"><ele>965.0</ele></trkpt>
      <trkpt lat="49.264653" lon="19.816170"><ele>965.0</ele></trkpt>
      <trkpt lat="49.264630" lon="19.816166"><ele>965.2</ele></trkpt>
      <trkpt lat="49.264611" lon="19.816162"><ele>965.2</ele></trkpt>
      <trkpt lat="49.264579" lon="19.816152"><ele>965.2</ele></trkpt>
      <trkpt lat="49.264554" lon="19.816147"><ele>965.2</ele></trkpt>
      <trkpt lat="49.264534" lon="19.816146"><ele>965.2</ele></trkpt>
      <trkpt lat="49.264502" lon="19.816165"><ele>965.2</ele></trkpt>
      <trkpt lat="49.264477" lon="19.816171"><ele>965.2</ele></trkpt>
      <trkpt lat="49.264451" lon="19.816170"><ele>965.4</ele></trkpt>
      <trkpt lat="49.264426" lon="19.816178"><ele>965.4</ele></trkpt>
      <trkpt lat="49.264400" lon="19.816176"><ele>965.4</ele></trkpt>
      <trkpt lat="49.264378" lon="19.816181"><ele>965.6</ele></trkpt>
      <trkpt lat="49.264358" lon="19.816187"><ele>965.6</ele></trkpt>
      <trkpt lat="49.264336" lon="19.816187"><ele>965.8</ele></trkpt>
      <trkpt lat="49.264314" lon="19.816189"><ele>965.8</ele></trkpt>
      <trkpt lat="49.264291" lon="19.816197"><ele>965.8</ele></trkpt>
      <trkpt lat="49.264266" lon="19.816202"><ele>965.8</ele></trkpt>
      <trkpt lat="49.264246" lon="19.816206"><ele>966.0</ele></trkpt>
      <trkpt lat="49.264224" lon="19.816216"><ele>966.0</ele></trkpt>
      <trkpt lat="49.264202" lon="19.816226"><ele>966.2</ele></trkpt>
      <trkpt lat="49.264182" lon="19.816227"><ele>966.0</ele></trkpt>
      <trkpt lat="49.264160" lon="19.816221"><ele>966.4</ele></trkpt>
      <trkpt lat="49.264141" lon="19.816218"><ele>966.6</ele></trkpt>
      <trkpt lat="49.264122" lon="19.816219"><ele>966.6</ele></trkpt>
      <trkpt lat="49.264099" lon="19.816219"><ele>966.6</ele></trkpt>
      <trkpt lat="49.264077" lon="19.816218"><ele>966.6</ele></trkpt>
      <trkpt lat="49.264054" lon="19.816221"><ele>966.6</ele></trkpt>
      <trkpt lat="49.264026" lon="19.816237"><ele>966.6</ele></trkpt>
      <trkpt lat="49.264000" lon="19.816250"><ele>966.8</ele></trkpt>
      <trkpt lat="49.263974" lon="19.816258"><ele>966.8</ele></trkpt>
      <trkpt lat="49.263955" lon="19.816262"><ele>966.8</ele></trkpt>
      <trkpt lat="49.263926" lon="19.816262"><ele>966.8</ele></trkpt>
      <trkpt lat="49.263898" lon="19.816258"><ele>967.0</ele></trkpt>
      <trkpt lat="49.263875" lon="19.816258"><ele>967.2</ele></trkpt>
      <trkpt lat="49.263856" lon="19.816259"><ele>967.6</ele></trkpt>
      <trkpt lat="49.263840" lon="19.816290"><ele>967.6</ele></trkpt>
      <trkpt lat="49.263808" lon="19.816310"><ele>967.6</ele></trkpt>
      <trkpt lat="49.263786" lon="19.816306"><ele>967.4</ele></trkpt>
      <trkpt lat="49.263760" lon="19.816301"><ele>967.6</ele></trkpt>
      <trkpt lat="49.263738" lon="19.816301"><ele>967.6</ele></trkpt>
      <trkpt lat="49.263709" lon="19.816309"><ele>968.0</ele></trkpt>
      <trkpt lat="49.263683" lon="19.816315"><ele>967.8</ele></trkpt>
      <trkpt lat="49.263658" lon="19.816312"><ele>967.8</ele></trkpt>
      <trkpt lat="49.263629" lon="19.816320"><ele>968.0</ele></trkpt>
      <trkpt lat="49.263610" lon="19.816315"><ele>968.0</ele></trkpt>
      <trkpt lat="49.263587" lon="19.816325"><ele>968.0</ele></trkpt>
      <trkpt lat="49.263565" lon="19.816330"><ele>968.0</ele></trkpt>
      <trkpt lat="49.263539" lon="19.816341"><ele>968.2</ele></trkpt>
      <trkpt lat="49.263510" lon="19.816349"><ele>968.2</ele></trkpt>
      <trkpt lat="49.263488" lon="19.816347"><ele>968.2</ele></trkpt>
      <trkpt lat="49.263466" lon="19.816355"><ele>968.4</ele></trkpt>
      <trkpt lat="49.263443" lon="19.816366"><ele>968.4</ele></trkpt>
      <trkpt lat="49.263421" lon="19.816381"><ele>968.6</ele></trkpt>
      <trkpt lat="49.263392" lon="19.816398"><ele>968.6</ele></trkpt>
      <trkpt lat="49.263373" lon="19.816416"><ele>968.6</ele></trkpt>
      <trkpt lat="49.263347" lon="19.816418"><ele>968.8</ele></trkpt>
      <trkpt lat="49.263325" lon="19.816419"><ele>969.0</ele></trkpt>
      <trkpt lat="49.263299" lon="19.816424"><ele>969.0</ele></trkpt>
      <trkpt lat="49.263274" lon="19.816429"><ele>969.2</ele></trkpt>
      <trkpt lat="49.263248" lon="19.816429"><ele>969.2</ele></trkpt>
      <trkpt lat="49.263229" lon="19.816426"><ele>969.2</ele></trkpt>
      <trkpt lat="49.263203" lon="19.816434"><ele>969.2</ele></trkpt>
      <trkpt lat="49.263174" lon="19.816450"><ele>969.4</ele></trkpt>
      <trkpt lat="49.263146" lon="19.816456"><ele>969.6</ele></trkpt>
      <trkpt lat="49.263120" lon="19.816469"><ele>969.6</ele></trkpt>
      <trkpt lat="49.263088" lon="19.816461"><ele>969.8</ele></trkpt>
      <trkpt lat="49.263062" lon="19.816469"><ele>969.8</ele></trkpt>
      <trkpt lat="49.263043" lon="19.816480"><ele>970.0</ele></trkpt>
      <trkpt lat="49.263021" lon="19.816499"><ele>970.0</ele></trkpt>
      <trkpt lat="49.262989" lon="19.816509"><ele>970.0</ele></trkpt>
      <trkpt lat="49.262970" lon="19.816483"><ele>970.2</ele></trkpt>
      <trkpt lat="49.262947" lon="19.816477"><ele>970.2</ele></trkpt>
      <trkpt lat="49.262928" lon="19.816478"><ele>970.2</ele></trkpt>
      <trkpt lat="49.262906" lon="19.816486"><ele>970.2</ele></trkpt>
      <trkpt lat="49.262883" lon="19.816485"><ele>970.4</ele></trkpt>
      <trkpt lat="49.262861" lon="19.816494"><ele>970.4</ele></trkpt>
      <trkpt lat="49.262832" lon="19.816506"><ele>970.4</ele></trkpt>
      <trkpt lat="49.262810" lon="19.816509"><ele>970.6</ele></trkpt>
      <trkpt lat="49.262790" lon="19.816515"><ele>970.8</ele></trkpt>
      <trkpt lat="49.262776" lon="19.816514"><ele>971.0</ele></trkpt>
      <trkpt lat="49.262762" lon="19.816512"><ele>971.2</ele></trkpt>
      <trkpt lat="49.262748" lon="19.816511"><ele>971.2</ele></trkpt>
      <trkpt lat="49.262734" lon="19.816510"><ele>971.0</ele></trkpt>
      <trkpt lat="49.262704" lon="19.816509"><ele>971.2</ele></trkpt>
      <trkpt lat="49.262672" lon="19.816510"><ele>971.2</ele></trkpt>
      <trkpt lat="49.262650" lon="19.816510"><ele>971.2</ele></trkpt>
      <trkpt lat="49.262627" lon="19.816509"><ele>971.2</ele></trkpt>
      <trkpt lat="49.262598" lon="19.816514"><ele>971.2</ele></trkpt>
      <trkpt lat="49.262565" lon="19.816525"><ele>971.4</ele></trkpt>
      <trkpt lat="49.262550" lon="19.816528"><ele>971.6</ele></trkpt>
      <trkpt lat="49.262531" lon="19.816542"><ele>971.6</ele></trkpt>
      <trkpt lat="49.262506" lon="19.816544"><ele>971.4</ele></trkpt>
      <trkpt lat="49.262483" lon="19.816554"><ele>971.6</ele></trkpt>
      <trkpt lat="49.262464" lon="19.816555"><ele>971.6</ele></trkpt>
      <trkpt lat="49.262429" lon="19.816570"><ele>971.6</ele></trkpt>
      <trkpt lat="49.262390" lon="19.816582"><ele>971.8</ele></trkpt>
      <trkpt lat="49.262365" lon="19.816589"><ele>971.8</ele></trkpt>
      <trkpt lat="49.262346" lon="19.816594"><ele>972.0</ele></trkpt>
      <trkpt lat="49.262326" lon="19.816610"><ele>972.2</ele></trkpt>
      <trkpt lat="49.262301" lon="19.816600"><ele>972.2</ele></trkpt>
      <trkpt lat="49.262285" lon="19.816622"><ele>972.2</ele></trkpt>
      <trkpt lat="49.262269" lon="19.816638"><ele>972.2</ele></trkpt>
      <trkpt lat="49.262237" lon="19.816638"><ele>972.6</ele></trkpt>
      <trkpt lat="49.262218" lon="19.816643"><ele>972.6</ele></trkpt>
      <trkpt lat="49.262189" lon="19.816629"><ele>972.6</ele></trkpt>
      <trkpt lat="49.262160" lon="19.816632"><ele>972.6</ele></trkpt>
      <trkpt lat="49.262134" lon="19.816638"><ele>972.6</ele></trkpt>
      <trkpt lat="49.262112" lon="19.816643"><ele>972.8</ele></trkpt>
      <trkpt lat="49.262090" lon="19.816642"><ele>973.0</ele></trkpt>
      <trkpt lat="49.262061" lon="19.816648"><ele>973.0</ele></trkpt>
      <trkpt lat="49.262032" lon="19.816654"><ele>973.0</ele></trkpt>
      <trkpt lat="49.262013" lon="19.816656"><ele>973.0</ele></trkpt>
      <trkpt lat="49.261994" lon="19.816662"><ele>973.0</ele></trkpt>
      <trkpt lat="49.261971" lon="19.816675"><ele>973.2</ele></trkpt>
      <trkpt lat="49.261939" lon="19.816686"><ele>973.2</ele></trkpt>
      <trkpt lat="49.261917" lon="19.816691"><ele>973.4</ele></trkpt>
      <trkpt lat="49.261875" lon="19.816694"><ele>973.4</ele></trkpt>
      <trkpt lat="49.261850" lon="19.816688"><ele>973.6</ele></trkpt>
      <trkpt lat="49.261830" lon="19.816664"><ele>973.8</ele></trkpt>
      <trkpt lat="49.261798" lon="19.816654"><ele>973.8</ele></trkpt>
      <trkpt lat="49.261773" lon="19.816632"><ele>974.0</ele></trkpt>
      <trkpt lat="49.261757" lon="19.816619"><ele>974.0</ele></trkpt>
      <trkpt lat="49.261738" lon="19.816606"><ele>973.8</ele></trkpt>
      <trkpt lat="49.261718" lon="19.816598"><ele>973.8</ele></trkpt>
      <trkpt lat="49.261693" lon="19.816578"><ele>974.0</ele></trkpt>
      <trkpt lat="49.261677" lon="19.816547"><ele>974.0</ele></trkpt>
      <trkpt lat="49.261658" lon="19.816549"><ele>974.4</ele></trkpt>
      <trkpt lat="49.261638" lon="19.816542"><ele>974.6</ele></trkpt>
      <trkpt lat="49.261619" lon="19.816538"><ele>974.6</ele></trkpt>
      <trkpt lat="49.261594" lon="19.816536"><ele>974.6</ele></trkpt>
      <trkpt lat="49.261565" lon="19.816525"><ele>974.6</ele></trkpt>
      <trkpt lat="49.261542" lon="19.816520"><ele>974.4</ele></trkpt>
      <trkpt lat="49.261520" lon="19.816509"><ele>974.4</ele></trkpt>
      <trkpt lat="49.261501" lon="19.816504"><ele>974.4</ele></trkpt>
      <trkpt lat="49.261478" lon="19.816509"><ele>974.6</ele></trkpt>
      <trkpt lat="49.261453" lon="19.816504"><ele>974.8</ele></trkpt>
      <trkpt lat="49.261424" lon="19.816499"><ele>974.8</ele></trkpt>
      <trkpt lat="49.261398" lon="19.816493"><ele>974.8</ele></trkpt>
      <trkpt lat="49.261373" lon="19.816490"><ele>975.0</ele></trkpt>
      <trkpt lat="49.261347" lon="19.816475"><ele>975.2</ele></trkpt>
      <trkpt lat="49.261331" lon="19.816459"><ele>975.2</ele></trkpt>
      <trkpt lat="49.261306" lon="19.816445"><ele>975.4</ele></trkpt>
      <trkpt lat="49.261283" lon="19.816427"><ele>975.4</ele></trkpt>
      <trkpt lat="49.261258" lon="19.816408"><ele>975.4</ele></trkpt>
      <trkpt lat="49.261238" lon="19.816405"><ele>975.4</ele></trkpt>
      <trkpt lat="49.261216" lon="19.816397"><ele>975.2</ele></trkpt>
      <trkpt lat="49.261197" lon="19.816384"><ele>975.2</ele></trkpt>
      <trkpt lat="49.261178" lon="19.816370"><ele>975.4</ele></trkpt>
      <trkpt lat="49.261158" lon="19.816362"><ele>975.4</ele></trkpt>
      <trkpt lat="49.261136" lon="19.816350"><ele>975.4</ele></trkpt>
      <trkpt lat="49.261107" lon="19.816336"><ele>975.4</ele></trkpt>
      <trkpt lat="49.261082" lon="19.816318"><ele>975.4</ele></trkpt>
      <trkpt lat="49.261059" lon="19.816309"><ele>975.4</ele></trkpt>
      <trkpt lat="49.261043" lon="19.816296"><ele>975.4</ele></trkpt>
      <trkpt lat="49.261014" lon="19.816286"><ele>975.8</ele></trkpt>
      <trkpt lat="49.260982" lon="19.816270"><ele>975.8</ele></trkpt>
      <trkpt lat="49.260960" lon="19.816262"><ele>975.8</ele></trkpt>
      <trkpt lat="49.260925" lon="19.816269"><ele>975.6</ele></trkpt>
      <trkpt lat="49.260899" lon="19.816250"><ele>975.6</ele></trkpt>
      <trkpt lat="49.260877" lon="19.816237"><ele>975.6</ele></trkpt>
      <trkpt lat="49.260858" lon="19.816230"><ele>975.6</ele></trkpt>
      <trkpt lat="49.260829" lon="19.816232"><ele>975.4</ele></trkpt>
      <trkpt lat="49.260803" lon="19.816218"><ele>975.6</ele></trkpt>
      <trkpt lat="49.260778" lon="19.816206"><ele>975.6</ele></trkpt>
      <trkpt lat="49.260746" lon="19.816198"><ele>975.6</ele></trkpt>
      <trkpt lat="49.260726" lon="19.816197"><ele>975.6</ele></trkpt>
      <trkpt lat="49.260698" lon="19.816192"><ele>975.4</ele></trkpt>
      <trkpt lat="49.260672" lon="19.816178"><ele>975.6</ele></trkpt>
      <trkpt lat="49.260646" lon="19.816165"><ele>975.6</ele></trkpt>
      <trkpt lat="49.260621" lon="19.816155"><ele>975.8</ele></trkpt>
      <trkpt lat="49.260611" lon="19.816130"><ele>976.0</ele></trkpt>
      <trkpt lat="49.260586" lon="19.816115"><ele>975.8</ele></trkpt>
      <trkpt lat="49.260566" lon="19.816117"><ele>976.0</ele></trkpt>
      <trkpt lat="49.260531" lon="19.816118"><ele>976.0</ele></trkpt>
      <trkpt lat="49.260512" lon="19.816107"><ele>976.0</ele></trkpt>
      <trkpt lat="49.260486" lon="19.816107"><ele>976.2</ele></trkpt>
      <trkpt lat="49.260470" lon="19.816074"><ele>976.4</ele></trkpt>
      <trkpt lat="49.260461" lon="19.816046"><ele>976.6</ele></trkpt>
      <trkpt lat="49.260448" lon="19.816018"><ele>976.6</ele></trkpt>
      <trkpt lat="49.260422" lon="19.815989"><ele>976.8</ele></trkpt>
      <trkpt lat="49.260403" lon="19.815982"><ele>976.8</ele></trkpt>
      <trkpt lat="49.260374" lon="19.815997"><ele>976.8</ele></trkpt>
      <trkpt lat="49.260352" lon="19.816013"><ele>976.8</ele></trkpt>
      <trkpt lat="49.260333" lon="19.816029"><ele>976.8</ele></trkpt>
      <trkpt lat="49.260314" lon="19.816034"><ele>976.8</ele></trkpt>
      <trkpt lat="49.260288" lon="19.816038"><ele>976.8</ele></trkpt>
      <trkpt lat="49.260262" lon="19.816032"><ele>976.8</ele></trkpt>
      <trkpt lat="49.260240" lon="19.816019"><ele>977.0</ele></trkpt>
      <trkpt lat="49.260205" lon="19.816016"><ele>977.0</ele></trkpt>
      <trkpt lat="49.260170" lon="19.816029"><ele>977.2</ele></trkpt>
      <trkpt lat="49.260147" lon="19.816043"><ele>977.2</ele></trkpt>
      <trkpt lat="49.260115" lon="19.816043"><ele>977.2</ele></trkpt>
      <trkpt lat="49.260090" lon="19.816029"><ele>977.2</ele></trkpt>
      <trkpt lat="49.260083" lon="19.815994"><ele>977.4</ele></trkpt>
      <trkpt lat="49.260074" lon="19.815963"><ele>977.4</ele></trkpt>
      <trkpt lat="49.260051" lon="19.815957"><ele>977.4</ele></trkpt>
      <trkpt lat="49.260032" lon="19.815954"><ele>977.4</ele></trkpt>
      <trkpt lat="49.260022" lon="19.815928"><ele>977.4</ele></trkpt>
      <trkpt lat="49.259997" lon="19.815909"><ele>977.4</ele></trkpt>
      <trkpt lat="49.259981" lon="19.815885"><ele>977.4</ele></trkpt>
      <trkpt lat="49.259971" lon="19.815843"><ele>977.4</ele></trkpt>
      <trkpt lat="49.259952" lon="19.815834"><ele>977.6</ele></trkpt>
      <trkpt lat="49.259923" lon="19.815829"><ele>977.8</ele></trkpt>
      <trkpt lat="49.259891" lon="19.815830"><ele>977.8</ele></trkpt>
      <trkpt lat="49.259866" lon="19.815811"><ele>977.8</ele></trkpt>
      <trkpt lat="49.259850" lon="19.815778"><ele>977.8</ele></trkpt>
      <trkpt lat="49.259830" lon="19.815755"><ele>977.8</ele></trkpt>
      <trkpt lat="49.259824" lon="19.815723"><ele>978.0</ele></trkpt>
      <trkpt lat="49.259808" lon="19.815701"><ele>978.0</ele></trkpt>
      <trkpt lat="49.259773" lon="19.815690"><ele>978.2</ele></trkpt>
      <trkpt lat="49.259750" lon="19.815672"><ele>978.2</ele></trkpt>
      <trkpt lat="49.259734" lon="19.815656"><ele>978.2</ele></trkpt>
      <trkpt lat="49.259712" lon="19.815651"><ele>978.4</ele></trkpt>
      <trkpt lat="49.259690" lon="19.815643"><ele>978.4</ele></trkpt>
      <trkpt lat="49.259667" lon="19.815643"><ele>978.4</ele></trkpt>
      <trkpt lat="49.259635" lon="19.815642"><ele>978.4</ele></trkpt>
      <trkpt lat="49.259616" lon="19.815624"><ele>978.8</ele></trkpt>
      <trkpt lat="49.259597" lon="19.815614"><ele>979.0</ele></trkpt>
      <trkpt lat="49.259574" lon="19.815616"><ele>978.8</ele></trkpt>
      <trkpt lat="49.259555" lon="19.815614"><ele>978.6</ele></trkpt>
      <trkpt lat="49.259574" lon="19.815606"><ele>978.6</ele></trkpt>
      <trkpt lat="49.259546" lon="19.815574"><ele>979.2</ele></trkpt>
      <trkpt lat="49.259520" lon="19.815550"><ele>979.4</ele></trkpt>
      <trkpt lat="49.259494" lon="19.815533"><ele>979.6</ele></trkpt>
      <trkpt lat="49.259478" lon="19.815520"><ele>979.6</ele></trkpt>
      <trkpt lat="49.259450" lon="19.815506"><ele>979.4</ele></trkpt>
      <trkpt lat="49.259434" lon="19.815491"><ele>979.6</ele></trkpt>
      <trkpt lat="49.259414" lon="19.815470"><ele>979.4</ele></trkpt>
      <trkpt lat="49.259389" lon="19.815462"><ele>979.6</ele></trkpt>
      <trkpt lat="49.259366" lon="19.815443"><ele>979.6</ele></trkpt>
      <trkpt lat="49.259341" lon="19.815432"><ele>979.6</ele></trkpt>
      <trkpt lat="49.259322" lon="19.815426"><ele>979.6</ele></trkpt>
      <trkpt lat="49.259296" lon="19.815418"><ele>979.8</ele></trkpt>
      <trkpt lat="49.259274" lon="19.815413"><ele>980.0</ele></trkpt>
      <trkpt lat="49.259254" lon="19.815402"><ele>980.0</ele></trkpt>
      <trkpt lat="49.259232" lon="19.815387"><ele>980.0</ele></trkpt>
      <trkpt lat="49.259210" lon="19.815373"><ele>980.0</ele></trkpt>
      <trkpt lat="49.259187" lon="19.815358"><ele>980.0</ele></trkpt>
      <trkpt lat="49.259162" lon="19.815355"><ele>980.0</ele></trkpt>
      <trkpt lat="49.259136" lon="19.815358"><ele>980.0</ele></trkpt>
      <trkpt lat="49.259114" lon="19.815368"><ele>980.0</ele></trkpt>
      <trkpt lat="49.259088" lon="19.815366"><ele>980.2</ele></trkpt>
      <trkpt lat="49.259056" lon="19.815363"><ele>980.2</ele></trkpt>
      <trkpt lat="49.259024" lon="19.815352"><ele>980.2</ele></trkpt>
      <trkpt lat="49.258989" lon="19.815346"><ele>980.4</ele></trkpt>
      <trkpt lat="49.258963" lon="19.815331"><ele>980.4</ele></trkpt>
      <trkpt lat="49.258957" lon="19.815304"><ele>980.4</ele></trkpt>
      <trkpt lat="49.258934" lon="19.815291"><ele>980.4</ele></trkpt>
      <trkpt lat="49.258922" lon="19.815267"><ele>980.6</ele></trkpt>
      <trkpt lat="49.258902" lon="19.815248"><ele>980.6</ele></trkpt>
      <trkpt lat="49.258877" lon="19.815226"><ele>980.8</ele></trkpt>
      <trkpt lat="49.258854" lon="19.815210"><ele>980.8</ele></trkpt>
      <trkpt lat="49.258829" lon="19.815203"><ele>980.8</ele></trkpt>
      <trkpt lat="49.258800" lon="19.815202"><ele>980.8</ele></trkpt>
      <trkpt lat="49.258781" lon="19.815203"><ele>980.8</ele></trkpt>
      <trkpt lat="49.258762" lon="19.815203"><ele>980.8</ele></trkpt>
      <trkpt lat="49.258742" lon="19.815202"><ele>980.8</ele></trkpt>
      <trkpt lat="49.258717" lon="19.815182"><ele>980.8</ele></trkpt>
      <trkpt lat="49.258691" lon="19.815174"><ele>981.2</ele></trkpt>
      <trkpt lat="49.258666" lon="19.815174"><ele>981.2</ele></trkpt>
      <trkpt lat="49.258640" lon="19.815170"><ele>981.2</ele></trkpt>
      <trkpt lat="49.258614" lon="19.815155"><ele>981.2</ele></trkpt>
      <trkpt lat="49.258592" lon="19.815158"><ele>981.6</ele></trkpt>
      <trkpt lat="49.258566" lon="19.815160"><ele>981.6</ele></trkpt>
      <trkpt lat="49.258541" lon="19.815157"><ele>981.6</ele></trkpt>
      <trkpt lat="49.258518" lon="19.815155"><ele>981.6</ele></trkpt>
      <trkpt lat="49.258493" lon="19.815154"><ele>981.6</ele></trkpt>
      <trkpt lat="49.258464" lon="19.815160"><ele>981.6</ele></trkpt>
      <trkpt lat="49.258438" lon="19.815165"><ele>981.6</ele></trkpt>
      <trkpt lat="49.258416" lon="19.815174"><ele>981.8</ele></trkpt>
      <trkpt lat="49.258384" lon="19.815184"><ele>982.0</ele></trkpt>
      <trkpt lat="49.258362" lon="19.815197"><ele>982.0</ele></trkpt>
      <trkpt lat="49.258333" lon="19.815213"><ele>982.0</ele></trkpt>
      <trkpt lat="49.258314" lon="19.815213"><ele>982.0</ele></trkpt>
      <trkpt lat="49.258288" lon="19.815210"><ele>982.2</ele></trkpt>
      <trkpt lat="49.258269" lon="19.815216"><ele>982.4</ele></trkpt>
      <trkpt lat="49.258250" lon="19.815216"><ele>982.4</ele></trkpt>
      <trkpt lat="49.258221" lon="19.815227"><ele>982.4</ele></trkpt>
      <trkpt lat="49.258202" lon="19.815235"><ele>982.4</ele></trkpt>
      <trkpt lat="49.258176" lon="19.815229"><ele>982.4</ele></trkpt>
      <trkpt lat="49.258157" lon="19.815238"><ele>982.6</ele></trkpt>
      <trkpt lat="49.258138" lon="19.815242"><ele>982.8</ele></trkpt>
      <trkpt lat="49.258109" lon="19.815245"><ele>982.8</ele></trkpt>
      <trkpt lat="49.258083" lon="19.815248"><ele>983.2</ele></trkpt>
      <trkpt lat="49.258058" lon="19.815254"><ele>983.4</ele></trkpt>
      <trkpt lat="49.258035" lon="19.815258"><ele>983.2</ele></trkpt>
      <trkpt lat="49.258010" lon="19.815248"><ele>983.2</ele></trkpt>
      <trkpt lat="49.257990" lon="19.815229"><ele>983.2</ele></trkpt>
      <trkpt lat="49.257971" lon="19.815216"><ele>983.2</ele></trkpt>
      <trkpt lat="49.257958" lon="19.815223"><ele>983.2</ele></trkpt>
      <trkpt lat="49.257945" lon="19.815230"><ele>983.0</ele></trkpt>
      <trkpt lat="49.257932" lon="19.815237"><ele>983.2</ele></trkpt>
      <trkpt lat="49.257901" lon="19.815256"><ele>983.4</ele></trkpt>
      <trkpt lat="49.257872" lon="19.815274"><ele>983.4</ele></trkpt>
      <trkpt lat="49.257856" lon="19.815286"><ele>983.4</ele></trkpt>
      <trkpt lat="49.257837" lon="19.815299"><ele>983.6</ele></trkpt>
      <trkpt lat="49.257808" lon="19.815328"><ele>983.8</ele></trkpt>
      <trkpt lat="49.257789" lon="19.815333"><ele>983.8</ele></trkpt>
      <trkpt lat="49.257766" lon="19.815344"><ele>983.8</ele></trkpt>
      <trkpt lat="49.257741" lon="19.815344"><ele>984.0</ele></trkpt>
      <trkpt lat="49.257722" lon="19.815352"><ele>984.0</ele></trkpt>
      <trkpt lat="49.257699" lon="19.815373"><ele>984.0</ele></trkpt>
      <trkpt lat="49.257667" lon="19.815387"><ele>984.0</ele></trkpt>
      <trkpt lat="49.257648" lon="19.815397"><ele>984.2</ele></trkpt>
      <trkpt lat="49.257629" lon="19.815402"><ele>984.2</ele></trkpt>
      <trkpt lat="49.257603" lon="19.815406"><ele>984.2</ele></trkpt>
      <trkpt lat="49.257568" lon="19.815414"><ele>984.0</ele></trkpt>
      <trkpt lat="49.257549" lon="19.815426"><ele>984.0</ele></trkpt>
      <trkpt lat="49.257523" lon="19.815435"><ele>984.2</ele></trkpt>
      <trkpt lat="49.257501" lon="19.815442"><ele>984.2</ele></trkpt>
      <trkpt lat="49.257482" lon="19.815422"><ele>984.4</ele></trkpt>
      <trkpt lat="49.257462" lon="19.815405"><ele>984.2</ele></trkpt>
      <trkpt lat="49.257430" lon="19.815413"><ele>984.2</ele></trkpt>
      <trkpt lat="49.257402" lon="19.815413"><ele>984.2</ele></trkpt>
      <trkpt lat="49.257370" lon="19.815424"><ele>984.2</ele></trkpt>
      <trkpt lat="49.257354" lon="19.815437"><ele>984.2</ele></trkpt>
      <trkpt lat="49.257331" lon="19.815430"><ele>984.4</ele></trkpt>
      <trkpt lat="49.257306" lon="19.815440"><ele>984.4</ele></trkpt>
      <trkpt lat="49.257280" lon="19.815453"><ele>984.6</ele></trkpt>
      <trkpt lat="49.257264" lon="19.815480"><ele>984.8</ele></trkpt>
      <trkpt lat="49.257242" lon="19.815472"><ele>985.0</ele></trkpt>
      <trkpt lat="49.257222" lon="19.815474"><ele>985.0</ele></trkpt>
      <trkpt lat="49.257203" lon="19.815472"><ele>985.0</ele></trkpt>
      <trkpt lat="49.257174" lon="19.815480"><ele>985.2</ele></trkpt>
      <trkpt lat="49.257155" lon="19.815490"><ele>985.2</ele></trkpt>
      <trkpt lat="49.257136" lon="19.815491"><ele>985.4</ele></trkpt>
      <trkpt lat="49.257107" lon="19.815515"><ele>985.6</ele></trkpt>
      <trkpt lat="49.257082" lon="19.815531"><ele>985.8</ele></trkpt>
      <trkpt lat="49.257056" lon="19.815533"><ele>985.8</ele></trkpt>
      <trkpt lat="49.257027" lon="19.815546"><ele>985.8</ele></trkpt>
      <trkpt lat="49.257008" lon="19.815546"><ele>986.2</ele></trkpt>
      <trkpt lat="49.256986" lon="19.815544"><ele>986.4</ele></trkpt>
      <trkpt lat="49.256963" lon="19.815554"><ele>986.6</ele></trkpt>
      <trkpt lat="49.256934" lon="19.815547"><ele>986.8</ele></trkpt>
      <trkpt lat="49.256912" lon="19.815562"><ele>987.0</ele></trkpt>
      <trkpt lat="49.256890" lon="19.815571"><ele>987.0</ele></trkpt>
      <trkpt lat="49.256870" lon="19.815563"><ele>987.2</ele></trkpt>
      <trkpt lat="49.256845" lon="19.815562"><ele>987.4</ele></trkpt>
      <trkpt lat="49.256816" lon="19.815560"><ele>987.6</ele></trkpt>
      <trkpt lat="49.256790" lon="19.815555"><ele>987.6</ele></trkpt>
      <trkpt lat="49.256771" lon="19.815547"><ele>987.8</ele></trkpt>
      <trkpt lat="49.256749" lon="19.815550"><ele>988.0</ele></trkpt>
      <trkpt lat="49.256720" lon="19.815536"><ele>988.2</ele></trkpt>
      <trkpt lat="49.256698" lon="19.815526"><ele>988.4</ele></trkpt>
      <trkpt lat="49.256675" lon="19.815530"><ele>988.6</ele></trkpt>
      <trkpt lat="49.256656" lon="19.815512"><ele>988.8</ele></trkpt>
      <trkpt lat="49.256630" lon="19.815504"><ele>989.0</ele></trkpt>
      <trkpt lat="49.256611" lon="19.815502"><ele>989.0</ele></trkpt>
      <trkpt lat="49.256592" lon="19.815504"><ele>989.0</ele></trkpt>
      <trkpt lat="49.256573" lon="19.815502"><ele>989.0</ele></trkpt>
      <trkpt lat="49.256550" lon="19.815506"><ele>989.2</ele></trkpt>
      <trkpt lat="49.256522" lon="19.815515"><ele>989.6</ele></trkpt>
      <trkpt lat="49.256499" lon="19.815517"><ele>989.6</ele></trkpt>
      <trkpt lat="49.256470" lon="19.815520"><ele>989.8</ele></trkpt>
      <trkpt lat="49.256451" lon="19.815523"><ele>990.0</ele></trkpt>
      <trkpt lat="49.256422" lon="19.815523"><ele>990.0</ele></trkpt>
      <trkpt lat="49.256397" lon="19.815514"><ele>990.2</ele></trkpt>
      <trkpt lat="49.256371" lon="19.815512"><ele>990.2</ele></trkpt>
      <trkpt lat="49.256336" lon="19.815504"><ele>990.4</ele></trkpt>
      <trkpt lat="49.256317" lon="19.815504"><ele>990.4</ele></trkpt>
      <trkpt lat="49.256288" lon="19.815523"><ele>990.2</ele></trkpt>
      <trkpt lat="49.256269" lon="19.815541"><ele>990.4</ele></trkpt>
      <trkpt lat="49.256250" lon="19.815557"><ele>990.4</ele></trkpt>
      <trkpt lat="49.256250" lon="19.815526"><ele>990.6</ele></trkpt>
      <trkpt lat="49.256230" lon="19.815517"><ele>990.6</ele></trkpt>
      <trkpt lat="49.256214" lon="19.815498"><ele>990.6</ele></trkpt>
      <trkpt lat="49.256189" lon="19.815493"><ele>990.6</ele></trkpt>
      <trkpt lat="49.256163" lon="19.815491"><ele>990.6</ele></trkpt>
      <trkpt lat="49.256134" lon="19.815491"><ele>990.6</ele></trkpt>
      <trkpt lat="49.256115" lon="19.815482"><ele>990.8</ele></trkpt>
      <trkpt lat="49.256090" lon="19.815485"><ele>990.8</ele></trkpt>
      <trkpt lat="49.256064" lon="19.815475"><ele>990.8</ele></trkpt>
      <trkpt lat="49.256042" lon="19.815472"><ele>990.8</ele></trkpt>
      <trkpt lat="49.256019" lon="19.815467"><ele>990.8</ele></trkpt>
      <trkpt lat="49.255997" lon="19.815467"><ele>990.8</ele></trkpt>
      <trkpt lat="49.255974" lon="19.815454"><ele>990.8</ele></trkpt>
      <trkpt lat="49.255952" lon="19.815443"><ele>990.6</ele></trkpt>
      <trkpt lat="49.255933" lon="19.815442"><ele>990.6</ele></trkpt>
      <trkpt lat="49.255910" lon="19.815435"><ele>990.6</ele></trkpt>
      <trkpt lat="49.255882" lon="19.815437"><ele>990.6</ele></trkpt>
      <trkpt lat="49.255862" lon="19.815440"><ele>990.6</ele></trkpt>
      <trkpt lat="49.255837" lon="19.815440"><ele>990.6</ele></trkpt>
      <trkpt lat="49.255814" lon="19.815435"><ele>990.4</ele></trkpt>
      <trkpt lat="49.255786" lon="19.815434"><ele>990.4</ele></trkpt>
      <trkpt lat="49.255763" lon="19.815440"><ele>990.2</ele></trkpt>
      <trkpt lat="49.255734" lon="19.815442"><ele>990.2</ele></trkpt>
      <trkpt lat="49.255715" lon="19.815435"><ele>990.0</ele></trkpt>
      <trkpt lat="49.255680" lon="19.815437"><ele>990.0</ele></trkpt>
      <trkpt lat="49.255654" lon="19.815427"><ele>990.2</ele></trkpt>
      <trkpt lat="49.255635" lon="19.815421"><ele>990.2</ele></trkpt>
      <trkpt lat="49.255613" lon="19.815413"><ele>990.2</ele></trkpt>
      <trkpt lat="49.255587" lon="19.815408"><ele>990.2</ele></trkpt>
      <trkpt lat="49.255562" lon="19.815398"><ele>990.2</ele></trkpt>
      <trkpt lat="49.255533" lon="19.815394"><ele>990.2</ele></trkpt>
      <trkpt lat="49.255504" lon="19.815394"><ele>990.2</ele></trkpt>
      <trkpt lat="49.255488" lon="19.815408"><ele>990.2</ele></trkpt>
      <trkpt lat="49.255466" lon="19.815406"><ele>990.2</ele></trkpt>
      <trkpt lat="49.255446" lon="19.815413"><ele>990.4</ele></trkpt>
      <trkpt lat="49.255418" lon="19.815418"><ele>990.4</ele></trkpt>
      <trkpt lat="49.255395" lon="19.815418"><ele>990.4</ele></trkpt>
      <trkpt lat="49.255370" lon="19.815418"><ele>990.4</ele></trkpt>
      <trkpt lat="49.255344" lon="19.815416"><ele>990.4</ele></trkpt>
      <trkpt lat="49.255325" lon="19.815416"><ele>990.4</ele></trkpt>
      <trkpt lat="49.255290" lon="19.815413"><ele>990.4</ele></trkpt>
      <trkpt lat="49.255264" lon="19.815408"><ele>990.4</ele></trkpt>
      <trkpt lat="49.255245" lon="19.815398"><ele>990.6</ele></trkpt>
      <trkpt lat="49.255219" lon="19.815398"><ele>990.6</ele></trkpt>
      <trkpt lat="49.255187" lon="19.815398"><ele>990.6</ele></trkpt>
      <trkpt lat="49.255165" lon="19.815398"><ele>990.8</ele></trkpt>
      <trkpt lat="49.255142" lon="19.815397"><ele>990.8</ele></trkpt>
      <trkpt lat="49.255117" lon="19.815374"><ele>990.8</ele></trkpt>
      <trkpt lat="49.255085" lon="19.815366"><ele>991.0</ele></trkpt>
      <trkpt lat="49.255056" lon="19.815363"><ele>991.0</ele></trkpt>
      <trkpt lat="49.255037" lon="19.815357"><ele>991.2</ele></trkpt>
      <trkpt lat="49.255018" lon="19.815362"><ele>991.4</ele></trkpt>
      <trkpt lat="49.254989" lon="19.815373"><ele>991.6</ele></trkpt>
      <trkpt lat="49.254970" lon="19.815378"><ele>991.6</ele></trkpt>
      <trkpt lat="49.254950" lon="19.815374"><ele>991.6</ele></trkpt>
      <trkpt lat="49.254928" lon="19.815371"><ele>991.8</ele></trkpt>
      <trkpt lat="49.254902" lon="19.815368"><ele>991.8</ele></trkpt>
      <trkpt lat="49.254880" lon="19.815371"><ele>992.0</ele></trkpt>
      <trkpt lat="49.254861" lon="19.815371"><ele>992.0</ele></trkpt>
      <trkpt lat="49.254842" lon="19.815376"><ele>991.8</ele></trkpt>
      <trkpt lat="49.254822" lon="19.815381"><ele>992.0</ele></trkpt>
      <trkpt lat="49.254794" lon="19.815382"><ele>992.2</ele></trkpt>
      <trkpt lat="49.254771" lon="19.815381"><ele>992.2</ele></trkpt>
      <trkpt lat="49.254742" lon="19.815386"><ele>992.2</ele></trkpt>
      <trkpt lat="49.254710" lon="19.815387"><ele>992.4</ele></trkpt>
      <trkpt lat="49.254688" lon="19.815394"><ele>992.4</ele></trkpt>
      <trkpt lat="49.254662" lon="19.815398"><ele>992.6</ele></trkpt>
      <trkpt lat="49.254643" lon="19.815403"><ele>992.6</ele></trkpt>
      <trkpt lat="49.254624" lon="19.815403"><ele>992.6</ele></trkpt>
      <trkpt lat="49.254602" lon="19.815403"><ele>992.6</ele></trkpt>
      <trkpt lat="49.254573" lon="19.815405"><ele>992.8</ele></trkpt>
      <trkpt lat="49.254547" lon="19.815405"><ele>992.8</ele></trkpt>
      <trkpt lat="49.254525" lon="19.815397"><ele>993.0</ele></trkpt>
      <trkpt lat="49.254506" lon="19.815376"><ele>993.0</ele></trkpt>
      <trkpt lat="49.254483" lon="19.815363"><ele>993.0</ele></trkpt>
      <trkpt lat="49.254470" lon="19.815342"><ele>993.0</ele></trkpt>
      <trkpt lat="49.254451" lon="19.815325"><ele>993.0</ele></trkpt>
      <trkpt lat="49.254426" lon="19.815306"><ele>993.2</ele></trkpt>
      <trkpt lat="49.254394" lon="19.815293"><ele>993.4</ele></trkpt>
      <trkpt lat="49.254368" lon="19.815294"><ele>993.4</ele></trkpt>
      <trkpt lat="49.254346" lon="19.815298"><ele>993.4</ele></trkpt>
      <trkpt lat="49.254323" lon="19.815293"><ele>993.4</ele></trkpt>
      <trkpt lat="49.254294" lon="19.815294"><ele>993.6</ele></trkpt>
      <trkpt lat="49.254269" lon="19.815293"><ele>993.6</ele></trkpt>
      <trkpt lat="49.254243" lon="19.815298"><ele>993.6</ele></trkpt>
      <trkpt lat="49.254224" lon="19.815307"><ele>993.8</ele></trkpt>
      <trkpt lat="49.254198" lon="19.815315"><ele>993.8</ele></trkpt>
      <trkpt lat="49.254173" lon="19.815318"><ele>994.0</ele></trkpt>
      <trkpt lat="49.254154" lon="19.815317"><ele>994.2</ele></trkpt>
      <trkpt lat="49.254131" lon="19.815318"><ele>994.2</ele></trkpt>
      <trkpt lat="49.254118" lon="19.815298"><ele>994.0</ele></trkpt>
      <trkpt lat="49.254118" lon="19.815267"><ele>994.2</ele></trkpt>
      <trkpt lat="49.254099" lon="19.815274"><ele>994.4</ele></trkpt>
      <trkpt lat="49.254074" lon="19.815282"><ele>994.6</ele></trkpt>
      <trkpt lat="49.254054" lon="19.815283"><ele>994.6</ele></trkpt>
      <trkpt lat="49.254032" lon="19.815291"><ele>994.6</ele></trkpt>
      <trkpt lat="49.253994" lon="19.815302"><ele>994.8</ele></trkpt>
      <trkpt lat="49.253965" lon="19.815309"><ele>994.8</ele></trkpt>
      <trkpt lat="49.253946" lon="19.815307"><ele>994.8</ele></trkpt>
      <trkpt lat="49.253917" lon="19.815309"><ele>994.8</ele></trkpt>
      <trkpt lat="49.253894" lon="19.815325"><ele>994.8</ele></trkpt>
      <trkpt lat="49.253866" lon="19.815323"><ele>994.8</ele></trkpt>
      <trkpt lat="49.253846" lon="19.815323"><ele>995.0</ele></trkpt>
      <trkpt lat="49.253821" lon="19.815331"><ele>995.0</ele></trkpt>
      <trkpt lat="49.253795" lon="19.815328"><ele>995.0</ele></trkpt>
      <trkpt lat="49.253773" lon="19.815325"><ele>995.2</ele></trkpt>
      <trkpt lat="49.253750" lon="19.815322"><ele>995.0</ele></trkpt>
      <trkpt lat="49.253722" lon="19.815318"><ele>995.0</ele></trkpt>
      <trkpt lat="49.253686" lon="19.815333"><ele>995.0</ele></trkpt>
      <trkpt lat="49.253667" lon="19.815346"><ele>995.0</ele></trkpt>
      <trkpt lat="49.253642" lon="19.815354"><ele>995.2</ele></trkpt>
      <trkpt lat="49.253622" lon="19.815346"><ele>995.4</ele></trkpt>
      <trkpt lat="49.253600" lon="19.815317"><ele>995.4</ele></trkpt>
      <trkpt lat="49.253578" lon="19.815314"><ele>995.6</ele></trkpt>
      <trkpt lat="49.253552" lon="19.815315"><ele>995.6</ele></trkpt>
      <trkpt lat="49.253530" lon="19.815317"><ele>995.6</ele></trkpt>
      <trkpt lat="49.253507" lon="19.815317"><ele>995.8</ele></trkpt>
      <trkpt lat="49.253478" lon="19.815317"><ele>996.0</ele></trkpt>
      <trkpt lat="49.253453" lon="19.815312"><ele>996.0</ele></trkpt>
      <trkpt lat="49.253421" lon="19.815314"><ele>996.0</ele></trkpt>
      <trkpt lat="49.253395" lon="19.815341"><ele>996.2</ele></trkpt>
      <trkpt lat="49.253376" lon="19.815333"><ele>996.2</ele></trkpt>
      <trkpt lat="49.253357" lon="19.815334"><ele>996.0</ele></trkpt>
      <trkpt lat="49.253328" lon="19.815347"><ele>996.2</ele></trkpt>
      <trkpt lat="49.253299" lon="19.815366"><ele>996.2</ele></trkpt>
      <trkpt lat="49.253277" lon="19.815374"><ele>996.2</ele></trkpt>
      <trkpt lat="49.253254" lon="19.815376"><ele>996.4</ele></trkpt>
      <trkpt lat="49.253229" lon="19.815382"><ele>996.6</ele></trkpt>
      <trkpt lat="49.253210" lon="19.815392"><ele>996.6</ele></trkpt>
      <trkpt lat="49.253184" lon="19.815397"><ele>996.6</ele></trkpt>
      <trkpt lat="49.253165" lon="19.815394"><ele>996.6</ele></trkpt>
      <trkpt lat="49.253139" lon="19.815387"><ele>996.6</ele></trkpt>
      <trkpt lat="49.253110" lon="19.815403"><ele>996.8</ele></trkpt>
      <trkpt lat="49.253085" lon="19.815398"><ele>996.8</ele></trkpt>
      <trkpt lat="49.253062" lon="19.815386"><ele>996.8</ele></trkpt>
      <trkpt lat="49.253040" lon="19.815373"><ele>996.8</ele></trkpt>
      <trkpt lat="49.253021" lon="19.815363"><ele>996.8</ele></trkpt>
      <trkpt lat="49.252995" lon="19.815352"><ele>997.0</ele></trkpt>
      <trkpt lat="49.252973" lon="19.815346"><ele>997.2</ele></trkpt>
      <trkpt lat="49.252944" lon="19.815347"><ele>997.2</ele></trkpt>
      <trkpt lat="49.252922" lon="19.815347"><ele>997.2</ele></trkpt>
      <trkpt lat="49.252899" lon="19.815342"><ele>997.4</ele></trkpt>
      <trkpt lat="49.252877" lon="19.815338"><ele>997.2</ele></trkpt>
      <trkpt lat="49.252854" lon="19.815331"><ele>997.4</ele></trkpt>
      <trkpt lat="49.252832" lon="19.815323"><ele>997.4</ele></trkpt>
      <trkpt lat="49.252794" lon="19.815326"><ele>997.6</ele></trkpt>
      <trkpt lat="49.252774" lon="19.815326"><ele>997.6</ele></trkpt>
      <trkpt lat="49.252739" lon="19.815326"><ele>997.8</ele></trkpt>
      <trkpt lat="49.252720" lon="19.815328"><ele>998.0</ele></trkpt>
      <trkpt lat="49.252698" lon="19.815344"><ele>998.0</ele></trkpt>
      <trkpt lat="49.252669" lon="19.815355"><ele>998.0</ele></trkpt>
      <trkpt lat="49.252643" lon="19.815373"><ele>998.0</ele></trkpt>
      <trkpt lat="49.252624" lon="19.815366"><ele>998.2</ele></trkpt>
      <trkpt lat="49.252598" lon="19.815376"><ele>998.2</ele></trkpt>
      <trkpt lat="49.252576" lon="19.815373"><ele>998.2</ele></trkpt>
      <trkpt lat="49.252554" lon="19.815355"><ele>998.4</ele></trkpt>
      <trkpt lat="49.252528" lon="19.815325"><ele>998.4</ele></trkpt>
      <trkpt lat="49.252499" lon="19.815336"><ele>998.6</ele></trkpt>
      <trkpt lat="49.252480" lon="19.815342"><ele>998.6</ele></trkpt>
      <trkpt lat="49.252461" lon="19.815328"><ele>998.6</ele></trkpt>
      <trkpt lat="49.252429" lon="19.815333"><ele>998.8</ele></trkpt>
      <trkpt lat="49.252410" lon="19.815341"><ele>998.8</ele></trkpt>
      <trkpt lat="49.252390" lon="19.815333"><ele>998.8</ele></trkpt>
      <trkpt lat="49.252371" lon="19.815325"><ele>998.8</ele></trkpt>
      <trkpt lat="49.252346" lon="19.815318"><ele>998.8</ele></trkpt>
      <trkpt lat="49.252323" lon="19.815307"><ele>999.0</ele></trkpt>
      <trkpt lat="49.252288" lon="19.815298"><ele>999.0</ele></trkpt>
      <trkpt lat="49.252269" lon="19.815304"><ele>999.0</ele></trkpt>
      <trkpt lat="49.252240" lon="19.815299"><ele>999.0</ele></trkpt>
      <trkpt lat="49.252221" lon="19.815294"><ele>999.2</ele></trkpt>
      <trkpt lat="49.252189" lon="19.815291"><ele>999.2</ele></trkpt>
      <trkpt lat="49.252163" lon="19.815278"><ele>999.2</ele></trkpt>
      <trkpt lat="49.252138" lon="19.815258"><ele>999.4</ele></trkpt>
      <trkpt lat="49.252122" lon="19.815245"><ele>999.4</ele></trkpt>
      <trkpt lat="49.252093" lon="19.815242"><ele>999.6</ele></trkpt>
      <trkpt lat="49.252070" lon="19.815235"><ele>999.8</ele></trkpt>
      <trkpt lat="49.252045" lon="19.815232"><ele>999.8</ele></trkpt>
      <trkpt lat="49.252022" lon="19.815234"><ele>999.8</ele></trkpt>
      <trkpt lat="49.252000" lon="19.815250"><ele>999.8</ele></trkpt>
      <trkpt lat="49.251981" lon="19.815259"><ele>1000.0</ele></trkpt>
      <trkpt lat="49.251962" lon="19.815267"><ele>1000.0</ele></trkpt>
      <trkpt lat="49.251942" lon="19.815250"><ele>1000.0</ele></trkpt>
      <trkpt lat="49.251914" lon="19.815234"><ele>1000.0</ele></trkpt>
      <trkpt lat="49.251888" lon="19.815222"><ele>1000.2</ele></trkpt>
      <trkpt lat="49.251862" lon="19.815216"><ele>1000.2</ele></trkpt>
      <trkpt lat="49.251834" lon="19.815206"><ele>1000.2</ele></trkpt>
      <trkpt lat="49.251808" lon="19.815194"><ele>1000.4</ele></trkpt>
      <trkpt lat="49.251786" lon="19.815186"><ele>1000.6</ele></trkpt>
      <trkpt lat="49.251754" lon="19.815174"><ele>1000.8</ele></trkpt>
      <trkpt lat="49.251734" lon="19.815160"><ele>1001.0</ele></trkpt>
      <trkpt lat="49.251715" lon="19.815149"><ele>1001.2</ele></trkpt>
      <trkpt lat="49.251690" lon="19.815134"><ele>1001.4</ele></trkpt>
      <trkpt lat="49.251670" lon="19.815130"><ele>1001.4</ele></trkpt>
      <trkpt lat="49.251651" lon="19.815123"><ele>1001.4</ele></trkpt>
      <trkpt lat="49.251629" lon="19.815114"><ele>1001.6</ele></trkpt>
      <trkpt lat="49.251616" lon="19.815083"><ele>1002.0</ele></trkpt>
      <trkpt lat="49.251590" lon="19.815088"><ele>1002.0</ele></trkpt>
      <trkpt lat="49.251568" lon="19.815090"><ele>1002.0</ele></trkpt>
      <trkpt lat="49.251546" lon="19.815093"><ele>1002.0</ele></trkpt>
      <trkpt lat="49.251523" lon="19.815085"><ele>1002.0</ele></trkpt>
      <trkpt lat="49.251491" lon="19.815080"><ele>1002.0</ele></trkpt>
      <trkpt lat="49.251466" lon="19.815077"><ele>1002.0</ele></trkpt>
      <trkpt lat="49.251446" lon="19.815080"><ele>1002.0</ele></trkpt>
      <trkpt lat="49.251424" lon="19.815075"><ele>1002.0</ele></trkpt>
      <trkpt lat="49.251398" lon="19.815077"><ele>1002.0</ele></trkpt>
      <trkpt lat="49.251373" lon="19.815083"><ele>1002.2</ele></trkpt>
      <trkpt lat="49.251354" lon="19.815069"><ele>1002.4</ele></trkpt>
      <trkpt lat="49.251334" lon="19.815070"><ele>1002.4</ele></trkpt>
      <trkpt lat="49.251315" lon="19.815074"><ele>1003.0</ele></trkpt>
      <trkpt lat="49.251296" lon="19.815056"><ele>1003.0</ele></trkpt>
      <trkpt lat="49.251277" lon="19.815045"><ele>1003.6</ele></trkpt>
      <trkpt lat="49.251258" lon="19.815040"><ele>1003.2</ele></trkpt>
      <trkpt lat="49.251238" lon="19.815034"><ele>1003.2</ele></trkpt>
      <trkpt lat="49.251213" lon="19.815014"><ele>1003.2</ele></trkpt>
      <trkpt lat="49.251187" lon="19.815006"><ele>1003.2</ele></trkpt>
      <trkpt lat="49.251165" lon="19.815005"><ele>1003.6</ele></trkpt>
      <trkpt lat="49.251136" lon="19.814995"><ele>1003.6</ele></trkpt>
      <trkpt lat="49.251117" lon="19.814976"><ele>1003.8</ele></trkpt>
      <trkpt lat="49.251094" lon="19.814966"><ele>1003.8</ele></trkpt>
      <trkpt lat="49.251069" lon="19.814954"><ele>1003.8</ele></trkpt>
      <trkpt lat="49.251046" lon="19.814941"><ele>1003.8</ele></trkpt>
      <trkpt lat="49.251018" lon="19.814931"><ele>1004.0</ele></trkpt>
      <trkpt lat="49.250992" lon="19.814934"><ele>1004.2</ele></trkpt>
      <trkpt lat="49.250960" lon="19.814930"><ele>1004.6</ele></trkpt>
      <trkpt lat="49.250934" lon="19.814934"><ele>1004.6</ele></trkpt>
      <trkpt lat="49.250906" lon="19.814928"><ele>1004.6</ele></trkpt>
      <trkpt lat="49.250886" lon="19.814909"><ele>1004.8</ele></trkpt>
      <trkpt lat="49.250861" lon="19.814898"><ele>1004.8</ele></trkpt>
      <trkpt lat="49.250829" lon="19.814886"><ele>1004.8</ele></trkpt>
      <trkpt lat="49.250806" lon="19.814885"><ele>1004.8</ele></trkpt>
      <trkpt lat="49.250778" lon="19.814878"><ele>1005.0</ele></trkpt>
      <trkpt lat="49.250755" lon="19.814864"><ele>1005.2</ele></trkpt>
      <trkpt lat="49.250723" lon="19.814845"><ele>1005.2</ele></trkpt>
      <trkpt lat="49.250701" lon="19.814830"><ele>1005.4</ele></trkpt>
      <trkpt lat="49.250678" lon="19.814829"><ele>1005.6</ele></trkpt>
      <trkpt lat="49.250659" lon="19.814838"><ele>1005.6</ele></trkpt>
      <trkpt lat="49.250640" lon="19.814822"><ele>1005.6</ele></trkpt>
      <trkpt lat="49.250618" lon="19.814822"><ele>1005.8</ele></trkpt>
      <trkpt lat="49.250595" lon="19.814830"><ele>1005.8</ele></trkpt>
      <trkpt lat="49.250570" lon="19.814819"><ele>1006.0</ele></trkpt>
      <trkpt lat="49.250541" lon="19.814819"><ele>1006.0</ele></trkpt>
      <trkpt lat="49.250515" lon="19.814827"><ele>1006.0</ele></trkpt>
      <trkpt lat="49.250490" lon="19.814827"><ele>1006.2</ele></trkpt>
      <trkpt lat="49.250461" lon="19.814818"><ele>1006.2</ele></trkpt>
      <trkpt lat="49.250438" lon="19.814800"><ele>1006.2</ele></trkpt>
      <trkpt lat="49.250419" lon="19.814798"><ele>1006.2</ele></trkpt>
      <trkpt lat="49.250394" lon="19.814806"><ele>1006.2</ele></trkpt>
      <trkpt lat="49.250365" lon="19.814818"><ele>1006.4</ele></trkpt>
      <trkpt lat="49.250342" lon="19.814822"><ele>1006.6</ele></trkpt>
      <trkpt lat="49.250317" lon="19.814827"><ele>1006.8</ele></trkpt>
      <trkpt lat="49.250285" lon="19.814830"><ele>1006.8</ele></trkpt>
      <trkpt lat="49.250259" lon="19.814837"><ele>1006.8</ele></trkpt>
      <trkpt lat="49.250237" lon="19.814837"><ele>1007.0</ele></trkpt>
      <trkpt lat="49.250214" lon="19.814830"><ele>1007.0</ele></trkpt>
      <trkpt lat="49.250195" lon="19.814848"><ele>1007.4</ele></trkpt>
      <trkpt lat="49.250166" lon="19.814861"><ele>1007.6</ele></trkpt>
      <trkpt lat="49.250144" lon="19.814877"><ele>1007.6</ele></trkpt>
      <trkpt lat="49.250118" lon="19.814890"><ele>1007.6</ele></trkpt>
      <trkpt lat="49.250086" lon="19.814882"><ele>1007.8</ele></trkpt>
      <trkpt lat="49.250061" lon="19.814877"><ele>1007.8</ele></trkpt>
      <trkpt lat="49.250038" lon="19.814870"><ele>1008.0</ele></trkpt>
      <trkpt lat="49.250013" lon="19.814856"><ele>1008.2</ele></trkpt>
      <trkpt lat="49.249984" lon="19.814850"><ele>1008.4</ele></trkpt>
      <trkpt lat="49.249962" lon="19.814851"><ele>1008.4</ele></trkpt>
      <trkpt lat="49.249946" lon="19.814838"><ele>1008.6</ele></trkpt>
      <trkpt lat="49.249923" lon="19.814835"><ele>1008.8</ele></trkpt>
      <trkpt lat="49.249901" lon="19.814821"><ele>1009.0</ele></trkpt>
      <trkpt lat="49.249869" lon="19.814821"><ele>1009.0</ele></trkpt>
      <trkpt lat="49.249843" lon="19.814821"><ele>1009.2</ele></trkpt>
      <trkpt lat="49.249818" lon="19.814838"><ele>1009.2</ele></trkpt>
      <trkpt lat="49.249798" lon="19.814845"><ele>1009.2</ele></trkpt>
      <trkpt lat="49.249776" lon="19.814835"><ele>1009.2</ele></trkpt>
      <trkpt lat="49.249747" lon="19.814829"><ele>1009.4</ele></trkpt>
      <trkpt lat="49.249725" lon="19.814818"><ele>1009.4</ele></trkpt>
      <trkpt lat="49.249709" lon="19.814802"><ele>1009.6</ele></trkpt>
      <trkpt lat="49.249686" lon="19.814779"><ele>1009.6</ele></trkpt>
      <trkpt lat="49.249670" lon="19.814766"><ele>1009.8</ele></trkpt>
      <trkpt lat="49.249645" lon="19.814747"><ele>1010.0</ele></trkpt>
      <trkpt lat="49.249619" lon="19.814746"><ele>1010.0</ele></trkpt>
      <trkpt lat="49.249597" lon="19.814739"><ele>1010.0</ele></trkpt>
      <trkpt lat="49.249571" lon="19.814723"><ele>1010.2</ele></trkpt>
      <trkpt lat="49.249546" lon="19.814712"><ele>1010.2</ele></trkpt>
      <trkpt lat="49.249520" lon="19.814707"><ele>1010.4</ele></trkpt>
      <trkpt lat="49.249501" lon="19.814709"><ele>1010.4</ele></trkpt>
      <trkpt lat="49.249485" lon="19.814693"><ele>1010.4</ele></trkpt>
      <trkpt lat="49.249472" lon="19.814666"><ele>1010.4</ele></trkpt>
      <trkpt lat="49.249446" lon="19.814659"><ele>1010.6</ele></trkpt>
      <trkpt lat="49.249424" lon="19.814646"><ele>1010.8</ele></trkpt>
      <trkpt lat="49.249402" lon="19.814656"><ele>1010.8</ele></trkpt>
      <trkpt lat="49.249370" lon="19.814648"><ele>1011.0</ele></trkpt>
      <trkpt lat="49.249350" lon="19.814629"><ele>1011.0</ele></trkpt>
      <trkpt lat="49.249331" lon="19.814618"><ele>1011.0</ele></trkpt>
      <trkpt lat="49.249299" lon="19.814608"><ele>1011.2</ele></trkpt>
      <trkpt lat="49.249277" lon="19.814602"><ele>1011.2</ele></trkpt>
      <trkpt lat="49.249251" lon="19.814594"><ele>1011.4</ele></trkpt>
      <trkpt lat="49.249226" lon="19.814582"><ele>1011.4</ele></trkpt>
      <trkpt lat="49.249206" lon="19.814570"><ele>1011.4</ele></trkpt>
      <trkpt lat="49.249184" lon="19.814566"><ele>1011.6</ele></trkpt>
      <trkpt lat="49.249162" lon="19.814566"><ele>1011.8</ele></trkpt>
      <trkpt lat="49.249142" lon="19.814554"><ele>1012.0</ele></trkpt>
      <trkpt lat="49.249126" lon="19.814538"><ele>1012.2</ele></trkpt>
      <trkpt lat="49.249104" lon="19.814523"><ele>1012.2</ele></trkpt>
      <trkpt lat="49.249088" lon="19.814504"><ele>1012.2</ele></trkpt>
      <trkpt lat="49.249059" lon="19.814488"><ele>1012.2</ele></trkpt>
      <trkpt lat="49.249040" lon="19.814480"><ele>1012.2</ele></trkpt>
      <trkpt lat="49.249021" lon="19.814453"><ele>1012.2</ele></trkpt>
      <trkpt lat="49.249002" lon="19.814451"><ele>1012.4</ele></trkpt>
      <trkpt lat="49.248973" lon="19.814448"><ele>1012.4</ele></trkpt>
      <trkpt lat="49.248947" lon="19.814419"><ele>1012.6</ele></trkpt>
      <trkpt lat="49.248925" lon="19.814405"><ele>1012.6</ele></trkpt>
      <trkpt lat="49.248906" lon="19.814410"><ele>1012.6</ele></trkpt>
      <trkpt lat="49.248890" lon="19.814395"><ele>1012.6</ele></trkpt>
      <trkpt lat="49.248861" lon="19.814382"><ele>1012.8</ele></trkpt>
      <trkpt lat="49.248842" lon="19.814379"><ele>1012.8</ele></trkpt>
      <trkpt lat="49.248835" lon="19.814342"><ele>1012.8</ele></trkpt>
      <trkpt lat="49.248810" lon="19.814334"><ele>1013.0</ele></trkpt>
      <trkpt lat="49.248771" lon="19.814331"><ele>1013.2</ele></trkpt>
      <trkpt lat="49.248746" lon="19.814318"><ele>1013.0</ele></trkpt>
      <trkpt lat="49.248730" lon="19.814301"><ele>1013.2</ele></trkpt>
      <trkpt lat="49.248710" lon="19.814280"><ele>1013.2</ele></trkpt>
      <trkpt lat="49.248688" lon="19.814251"><ele>1013.4</ele></trkpt>
      <trkpt lat="49.248669" lon="19.814251"><ele>1013.4</ele></trkpt>
      <trkpt lat="49.248650" lon="19.814234"><ele>1013.4</ele></trkpt>
      <trkpt lat="49.248656" lon="19.814200"><ele>1013.4</ele></trkpt>
      <trkpt lat="49.248637" lon="19.814186"><ele>1013.4</ele></trkpt>
      <trkpt lat="49.248614" lon="19.814203"><ele>1013.6</ele></trkpt>
      <trkpt lat="49.248597" lon="19.814207"><ele>1013.6</ele></trkpt>
      <trkpt lat="49.248581" lon="19.814211"><ele>1013.4</ele></trkpt>
      <trkpt lat="49.248564" lon="19.814215"><ele>1013.4</ele></trkpt>
      <trkpt lat="49.248547" lon="19.814219"><ele>1013.4</ele></trkpt>
      <trkpt lat="49.248528" lon="19.814232"><ele>1013.4</ele></trkpt>
      <trkpt lat="49.248502" lon="19.814232"><ele>1013.6</ele></trkpt>
      <trkpt lat="49.248470" lon="19.814235"><ele>1013.6</ele></trkpt>
      <trkpt lat="49.248448" lon="19.814224"><ele>1013.6</ele></trkpt>
      <trkpt lat="49.248429" lon="19.814222"><ele>1013.6</ele></trkpt>
      <trkpt lat="49.248406" lon="19.814224"><ele>1013.8</ele></trkpt>
      <trkpt lat="49.248387" lon="19.814219"><ele>1013.8</ele></trkpt>
      <trkpt lat="49.248368" lon="19.814210"><ele>1014.0</ele></trkpt>
      <trkpt lat="49.248349" lon="19.814210"><ele>1014.0</ele></trkpt>
      <trkpt lat="49.248330" lon="19.814206"><ele>1014.2</ele></trkpt>
      <trkpt lat="49.248310" lon="19.814184"><ele>1014.2</ele></trkpt>
      <trkpt lat="49.248285" lon="19.814181"><ele>1014.2</ele></trkpt>
      <trkpt lat="49.248256" lon="19.814171"><ele>1014.4</ele></trkpt>
      <trkpt lat="49.248237" lon="19.814163"><ele>1014.6</ele></trkpt>
      <trkpt lat="49.248218" lon="19.814154"><ele>1014.8</ele></trkpt>
      <trkpt lat="49.248198" lon="19.814150"><ele>1015.0</ele></trkpt>
      <trkpt lat="49.248176" lon="19.814154"><ele>1015.2</ele></trkpt>
      <trkpt lat="49.248150" lon="19.814160"><ele>1015.2</ele></trkpt>
      <trkpt lat="49.248134" lon="19.814136"><ele>1015.4</ele></trkpt>
      <trkpt lat="49.248112" lon="19.814130"><ele>1015.4</ele></trkpt>
      <trkpt lat="49.248086" lon="19.814131"><ele>1015.4</ele></trkpt>
      <trkpt lat="49.248067" lon="19.814125"><ele>1015.6</ele></trkpt>
      <trkpt lat="49.248038" lon="19.814125"><ele>1015.6</ele></trkpt>
      <trkpt lat="49.248016" lon="19.814131"><ele>1015.6</ele></trkpt>
      <trkpt lat="49.247994" lon="19.814115"><ele>1015.8</ele></trkpt>
      <trkpt lat="49.247974" lon="19.814106"><ele>1016.0</ele></trkpt>
      <trkpt lat="49.247952" lon="19.814107"><ele>1016.0</ele></trkpt>
      <trkpt lat="49.247926" lon="19.814114"><ele>1016.2</ele></trkpt>
      <trkpt lat="49.247894" lon="19.814117"><ele>1016.2</ele></trkpt>
      <trkpt lat="49.247875" lon="19.814093"><ele>1016.4</ele></trkpt>
      <trkpt lat="49.247850" lon="19.814064"><ele>1016.6</ele></trkpt>
      <trkpt lat="49.247827" lon="19.814091"><ele>1016.6</ele></trkpt>
      <trkpt lat="49.247808" lon="19.814093"><ele>1016.6</ele></trkpt>
      <trkpt lat="49.247776" lon="19.814074"><ele>1016.8</ele></trkpt>
      <trkpt lat="49.247760" lon="19.814042"><ele>1016.8</ele></trkpt>
      <trkpt lat="49.247741" lon="19.814022"><ele>1017.0</ele></trkpt>
      <trkpt lat="49.247718" lon="19.814021"><ele>1017.2</ele></trkpt>
      <trkpt lat="49.247693" lon="19.814008"><ele>1017.2</ele></trkpt>
      <trkpt lat="49.247674" lon="19.813998"><ele>1017.2</ele></trkpt>
      <trkpt lat="49.247651" lon="19.813986"><ele>1017.2</ele></trkpt>
      <trkpt lat="49.247632" lon="19.813958"><ele>1017.2</ele></trkpt>
      <trkpt lat="49.247613" lon="19.813944"><ele>1017.2</ele></trkpt>
      <trkpt lat="49.247597" lon="19.813925"><ele>1017.4</ele></trkpt>
      <trkpt lat="49.247571" lon="19.813907"><ele>1017.4</ele></trkpt>
      <trkpt lat="49.247542" lon="19.813894"><ele>1017.6</ele></trkpt>
      <trkpt lat="49.247539" lon="19.813867"><ele>1017.2</ele></trkpt>
      <trkpt lat="49.247504" lon="19.813842"><ele>1018.0</ele></trkpt>
      <trkpt lat="49.247485" lon="19.813827"><ele>1018.0</ele></trkpt>
      <trkpt lat="49.247462" lon="19.813798"><ele>1018.4</ele></trkpt>
      <trkpt lat="49.247440" lon="19.813766"><ele>1018.2</ele></trkpt>
      <trkpt lat="49.247414" lon="19.813736"><ele>1018.2</ele></trkpt>
      <trkpt lat="49.247376" lon="19.813720"><ele>1018.2</ele></trkpt>
      <trkpt lat="49.247357" lon="19.813726"><ele>1018.0</ele></trkpt>
      <trkpt lat="49.247338" lon="19.813718"><ele>1018.2</ele></trkpt>
      <trkpt lat="49.247318" lon="19.813690"><ele>1018.2</ele></trkpt>
      <trkpt lat="49.247306" lon="19.813664"><ele>1018.6</ele></trkpt>
      <trkpt lat="49.247274" lon="19.813658"><ele>1018.4</ele></trkpt>
      <trkpt lat="49.247254" lon="19.813654"><ele>1018.4</ele></trkpt>
      <trkpt lat="49.247238" lon="19.813621"><ele>1018.2</ele></trkpt>
      <trkpt lat="49.247216" lon="19.813589"><ele>1018.2</ele></trkpt>
      <trkpt lat="49.247197" lon="19.813571"><ele>1018.4</ele></trkpt>
      <trkpt lat="49.247181" lon="19.813555"><ele>1018.4</ele></trkpt>
      <trkpt lat="49.247162" lon="19.813547"><ele>1018.6</ele></trkpt>
      <trkpt lat="49.247142" lon="19.813525"><ele>1018.6</ele></trkpt>
      <trkpt lat="49.247136" lon="19.813470"><ele>1018.8</ele></trkpt>
      <trkpt lat="49.247117" lon="19.813461"><ele>1019.0</ele></trkpt>
      <trkpt lat="49.247094" lon="19.813450"><ele>1019.0</ele></trkpt>
      <trkpt lat="49.247069" lon="19.813442"><ele>1019.0</ele></trkpt>
      <trkpt lat="49.247043" lon="19.813430"><ele>1019.0</ele></trkpt>
      <trkpt lat="49.247018" lon="19.813414"><ele>1019.0</ele></trkpt>
      <trkpt lat="49.246989" lon="19.813392"><ele>1019.0</ele></trkpt>
      <trkpt lat="49.246970" lon="19.813370"><ele>1019.2</ele></trkpt>
      <trkpt lat="49.246947" lon="19.813346"><ele>1019.6</ele></trkpt>
      <trkpt lat="49.246922" lon="19.813317"><ele>1019.6</ele></trkpt>
      <trkpt lat="49.246899" lon="19.813299"><ele>1019.4</ele></trkpt>
      <trkpt lat="49.246867" lon="19.813280"><ele>1019.4</ele></trkpt>
      <trkpt lat="49.246845" lon="19.813261"><ele>1019.6</ele></trkpt>
      <trkpt lat="49.246822" lon="19.813256"><ele>1019.6</ele></trkpt>
      <trkpt lat="49.246800" lon="19.813246"><ele>1019.8</ele></trkpt>
      <trkpt lat="49.246771" lon="19.813219"><ele>1020.0</ele></trkpt>
      <trkpt lat="49.246755" lon="19.813184"><ele>1020.2</ele></trkpt>
      <trkpt lat="49.246730" lon="19.813179"><ele>1020.2</ele></trkpt>
      <trkpt lat="49.246707" lon="19.813166"><ele>1020.2</ele></trkpt>
      <trkpt lat="49.246685" lon="19.813149"><ele>1020.4</ele></trkpt>
      <trkpt lat="49.246659" lon="19.813130"><ele>1020.4</ele></trkpt>
      <trkpt lat="49.246640" lon="19.813114"><ele>1020.6</ele></trkpt>
      <trkpt lat="49.246618" lon="19.813091"><ele>1020.6</ele></trkpt>
      <trkpt lat="49.246598" lon="19.813074"><ele>1020.8</ele></trkpt>
      <trkpt lat="49.246570" lon="19.813062"><ele>1020.8</ele></trkpt>
      <trkpt lat="49.246550" lon="19.813061"><ele>1020.8</ele></trkpt>
      <trkpt lat="49.246528" lon="19.813053"><ele>1021.0</ele></trkpt>
      <trkpt lat="49.246502" lon="19.813034"><ele>1021.2</ele></trkpt>
      <trkpt lat="49.246486" lon="19.813019"><ele>1021.2</ele></trkpt>
      <trkpt lat="49.246464" lon="19.813002"><ele>1021.4</ele></trkpt>
      <trkpt lat="49.246442" lon="19.812992"><ele>1021.6</ele></trkpt>
      <trkpt lat="49.246413" lon="19.812981"><ele>1021.6</ele></trkpt>
      <trkpt lat="49.246394" lon="19.812982"><ele>1021.8</ele></trkpt>
      <trkpt lat="49.246371" lon="19.812971"><ele>1022.0</ele></trkpt>
      <trkpt lat="49.246352" lon="19.812954"><ele>1022.2</ele></trkpt>
      <trkpt lat="49.246330" lon="19.812955"><ele>1022.2</ele></trkpt>
      <trkpt lat="49.246310" lon="19.812950"><ele>1022.4</ele></trkpt>
      <trkpt lat="49.246282" lon="19.812944"><ele>1022.4</ele></trkpt>
      <trkpt lat="49.246262" lon="19.812942"><ele>1022.6</ele></trkpt>
      <trkpt lat="49.246243" lon="19.812958"><ele>1022.8</ele></trkpt>
      <trkpt lat="49.246224" lon="19.812960"><ele>1023.0</ele></trkpt>
      <trkpt lat="49.246205" lon="19.812970"><ele>1023.2</ele></trkpt>
      <trkpt lat="49.246182" lon="19.812955"><ele>1023.2</ele></trkpt>
      <trkpt lat="49.246160" lon="19.812954"><ele>1023.4</ele></trkpt>
      <trkpt lat="49.246131" lon="19.812954"><ele>1023.4</ele></trkpt>
      <trkpt lat="49.246106" lon="19.812950"><ele>1023.8</ele></trkpt>
      <trkpt lat="49.246083" lon="19.812936"><ele>1024.0</ele></trkpt>
      <trkpt lat="49.246061" lon="19.812934"><ele>1024.0</ele></trkpt>
      <trkpt lat="49.246026" lon="19.812933"><ele>1024.2</ele></trkpt>
      <trkpt lat="49.245987" lon="19.812942"><ele>1024.2</ele></trkpt>
      <trkpt lat="49.245965" lon="19.812946"><ele>1024.4</ele></trkpt>
      <trkpt lat="49.245933" lon="19.812955"><ele>1024.6</ele></trkpt>
      <trkpt lat="49.245904" lon="19.812942"><ele>1024.6</ele></trkpt>
      <trkpt lat="49.245875" lon="19.812946"><ele>1024.8</ele></trkpt>
      <trkpt lat="49.245853" lon="19.812960"><ele>1025.2</ele></trkpt>
      <trkpt lat="49.245824" lon="19.812971"><ele>1025.4</ele></trkpt>
      <trkpt lat="49.245792" lon="19.812982"><ele>1025.4</ele></trkpt>
      <trkpt lat="49.245773" lon="19.812973"><ele>1025.8</ele></trkpt>
      <trkpt lat="49.245747" lon="19.812970"><ele>1025.8</ele></trkpt>
      <trkpt lat="49.245712" lon="19.812965"><ele>1025.8</ele></trkpt>
      <trkpt lat="49.245683" lon="19.812970"><ele>1026.0</ele></trkpt>
      <trkpt lat="49.245658" lon="19.812962"><ele>1026.0</ele></trkpt>
      <trkpt lat="49.245632" lon="19.812962"><ele>1026.0</ele></trkpt>
      <trkpt lat="49.245606" lon="19.812955"><ele>1026.2</ele></trkpt>
      <trkpt lat="49.245584" lon="19.812954"><ele>1026.2</ele></trkpt>
      <trkpt lat="49.245558" lon="19.812952"><ele>1026.4</ele></trkpt>
      <trkpt lat="49.245526" lon="19.812942"><ele>1026.4</ele></trkpt>
      <trkpt lat="49.245510" lon="19.812930"><ele>1026.4</ele></trkpt>
      <trkpt lat="49.245488" lon="19.812914"><ele>1026.4</ele></trkpt>
      <trkpt lat="49.245459" lon="19.812899"><ele>1026.6</ele></trkpt>
      <trkpt lat="49.245440" lon="19.812882"><ele>1026.6</ele></trkpt>
      <trkpt lat="49.245418" lon="19.812866"><ele>1026.6</ele></trkpt>
      <trkpt lat="49.245392" lon="19.812838"><ele>1026.8</ele></trkpt>
      <trkpt lat="49.245379" lon="19.812813"><ele>1027.0</ele></trkpt>
      <trkpt lat="49.245350" lon="19.812786"><ele>1027.2</ele></trkpt>
      <trkpt lat="49.245334" lon="19.812771"><ele>1027.2</ele></trkpt>
      <trkpt lat="49.245309" lon="19.812744"><ele>1027.4</ele></trkpt>
      <trkpt lat="49.245293" lon="19.812730"><ele>1027.4</ele></trkpt>
      <trkpt lat="49.245267" lon="19.812701"><ele>1027.6</ele></trkpt>
      <trkpt lat="49.245242" lon="19.812677"><ele>1027.6</ele></trkpt>
      <trkpt lat="49.245216" lon="19.812656"><ele>1027.6</ele></trkpt>
      <trkpt lat="49.245200" lon="19.812626"><ele>1027.6</ele></trkpt>
      <trkpt lat="49.245187" lon="19.812605"><ele>1027.8</ele></trkpt>
      <trkpt lat="49.245168" lon="19.812574"><ele>1028.0</ele></trkpt>
      <trkpt lat="49.245152" lon="19.812546"><ele>1028.2</ele></trkpt>
      <trkpt lat="49.245136" lon="19.812531"><ele>1028.2</ele></trkpt>
      <trkpt lat="49.245117" lon="19.812512"><ele>1028.2</ele></trkpt>
      <trkpt lat="49.245101" lon="19.812493"><ele>1028.0</ele></trkpt>
      <trkpt lat="49.245088" lon="19.812472"><ele>1028.2</ele></trkpt>
      <trkpt lat="49.245062" lon="19.812448"><ele>1028.6</ele></trkpt>
      <trkpt lat="49.245043" lon="19.812435"><ele>1028.8</ele></trkpt>
      <trkpt lat="49.245030" lon="19.812410"><ele>1029.0</ele></trkpt>
      <trkpt lat="49.245014" lon="19.812392"><ele>1029.0</ele></trkpt>
      <trkpt lat="49.245014" lon="19.812347"><ele>1029.6</ele></trkpt>
      <trkpt lat="49.244982" lon="19.812349"><ele>1029.6</ele></trkpt>
      <trkpt lat="49.244954" lon="19.812336"><ele>1029.6</ele></trkpt>
      <trkpt lat="49.244928" lon="19.812307"><ele>1029.6</ele></trkpt>
      <trkpt lat="49.244909" lon="19.812283"><ele>1029.8</ele></trkpt>
      <trkpt lat="49.244890" lon="19.812256"><ele>1030.0</ele></trkpt>
      <trkpt lat="49.244877" lon="19.812229"><ele>1030.2</ele></trkpt>
      <trkpt lat="49.244861" lon="19.812203"><ele>1030.4</ele></trkpt>
      <trkpt lat="49.244842" lon="19.812168"><ele>1030.8</ele></trkpt>
      <trkpt lat="49.244835" lon="19.812125"><ele>1031.0</ele></trkpt>
      <trkpt lat="49.244822" lon="19.812101"><ele>1031.2</ele></trkpt>
      <trkpt lat="49.244803" lon="19.812107"><ele>1031.4</ele></trkpt>
      <trkpt lat="49.244781" lon="19.812085"><ele>1031.6</ele></trkpt>
      <trkpt lat="49.244758" lon="19.812064"><ele>1031.8</ele></trkpt>
      <trkpt lat="49.244739" lon="19.812048"><ele>1031.8</ele></trkpt>
      <trkpt lat="49.244723" lon="19.812029"><ele>1032.0</ele></trkpt>
      <trkpt lat="49.244698" lon="19.812005"><ele>1032.2</ele></trkpt>
      <trkpt lat="49.244675" lon="19.811992"><ele>1032.4</ele></trkpt>
      <trkpt lat="49.244656" lon="19.811976"><ele>1032.6</ele></trkpt>
      <trkpt lat="49.244640" lon="19.811958"><ele>1032.8</ele></trkpt>
      <trkpt lat="49.244614" lon="19.811941"><ele>1032.8</ele></trkpt>
      <trkpt lat="49.244592" lon="19.811941"><ele>1033.0</ele></trkpt>
      <trkpt lat="49.244566" lon="19.811912"><ele>1033.2</ele></trkpt>
      <trkpt lat="49.244554" lon="19.811882"><ele>1033.2</ele></trkpt>
      <trkpt lat="49.244538" lon="19.811859"><ele>1033.6</ele></trkpt>
      <trkpt lat="49.244518" lon="19.811840"><ele>1033.6</ele></trkpt>
      <trkpt lat="49.244496" lon="19.811829"><ele>1033.8</ele></trkpt>
      <trkpt lat="49.244480" lon="19.811816"><ele>1034.0</ele></trkpt>
      <trkpt lat="49.244461" lon="19.811803"><ele>1034.2</ele></trkpt>
      <trkpt lat="49.244438" lon="19.811787"><ele>1034.4</ele></trkpt>
      <trkpt lat="49.244422" lon="19.811760"><ele>1034.4</ele></trkpt>
      <trkpt lat="49.244422" lon="19.811728"><ele>1034.6</ele></trkpt>
      <trkpt lat="49.244400" lon="19.811712"><ele>1034.8</ele></trkpt>
      <trkpt lat="49.244384" lon="19.811694"><ele>1035.0</ele></trkpt>
      <trkpt lat="49.244362" lon="19.811683"><ele>1035.2</ele></trkpt>
      <trkpt lat="49.244342" lon="19.811672"><ele>1035.6</ele></trkpt>
      <trkpt lat="49.244314" lon="19.811662"><ele>1036.0</ele></trkpt>
      <trkpt lat="49.244288" lon="19.811658"><ele>1036.0</ele></trkpt>
      <trkpt lat="49.244266" lon="19.811645"><ele>1036.2</ele></trkpt>
      <trkpt lat="49.244240" lon="19.811619"><ele>1036.4</ele></trkpt>
      <trkpt lat="49.244208" lon="19.811605"><ele>1036.6</ele></trkpt>
      <trkpt lat="49.244186" lon="19.811582"><ele>1036.8</ele></trkpt>
      <trkpt lat="49.244163" lon="19.811562"><ele>1037.2</ele></trkpt>
      <trkpt lat="49.244144" lon="19.811546"><ele>1037.4</ele></trkpt>
      <trkpt lat="49.244118" lon="19.811541"><ele>1037.6</ele></trkpt>
      <trkpt lat="49.244096" lon="19.811522"><ele>1037.6</ele></trkpt>
      <trkpt lat="49.244067" lon="19.811510"><ele>1037.8</ele></trkpt>
      <trkpt lat="49.244048" lon="19.811475"><ele>1038.0</ele></trkpt>
      <trkpt lat="49.244026" lon="19.811451"><ele>1038.0</ele></trkpt>
      <trkpt lat="49.244003" lon="19.811435"><ele>1038.2</ele></trkpt>
      <trkpt lat="49.243984" lon="19.811422"><ele>1038.4</ele></trkpt>
      <trkpt lat="49.243968" lon="19.811406"><ele>1038.4</ele></trkpt>
      <trkpt lat="49.243949" lon="19.811382"><ele>1038.4</ele></trkpt>
      <trkpt lat="49.243930" lon="19.811360"><ele>1038.8</ele></trkpt>
      <trkpt lat="49.243910" lon="19.811344"><ele>1038.8</ele></trkpt>
      <trkpt lat="49.243891" lon="19.811333"><ele>1039.0</ele></trkpt>
      <trkpt lat="49.243872" lon="19.811326"><ele>1039.0</ele></trkpt>
      <trkpt lat="49.243850" lon="19.811310"><ele>1039.2</ele></trkpt>
      <trkpt lat="49.243827" lon="19.811294"><ele>1039.2</ele></trkpt>
      <trkpt lat="49.243798" lon="19.811282"><ele>1039.4</ele></trkpt>
      <trkpt lat="49.243770" lon="19.811267"><ele>1039.4</ele></trkpt>
      <trkpt lat="49.243750" lon="19.811246"><ele>1039.4</ele></trkpt>
      <trkpt lat="49.243741" lon="19.811218"><ele>1039.6</ele></trkpt>
      <trkpt lat="49.243722" lon="19.811194"><ele>1039.4</ele></trkpt>
      <trkpt lat="49.243702" lon="19.811173"><ele>1039.6</ele></trkpt>
      <trkpt lat="49.243686" lon="19.811149"><ele>1039.6</ele></trkpt>
      <trkpt lat="49.243667" lon="19.811141"><ele>1039.6</ele></trkpt>
      <trkpt lat="49.243645" lon="19.811128"><ele>1039.6</ele></trkpt>
      <trkpt lat="49.243632" lon="19.811106"><ele>1039.8</ele></trkpt>
      <trkpt lat="49.243606" lon="19.811085"><ele>1040.0</ele></trkpt>
      <trkpt lat="49.243581" lon="19.811075"><ele>1040.0</ele></trkpt>
      <trkpt lat="49.243562" lon="19.811069"><ele>1040.0</ele></trkpt>
      <trkpt lat="49.243542" lon="19.811062"><ele>1040.0</ele></trkpt>
      <trkpt lat="49.243514" lon="19.811051"><ele>1040.0</ele></trkpt>
      <trkpt lat="49.243494" lon="19.811048"><ele>1040.0</ele></trkpt>
      <trkpt lat="49.243466" lon="19.811048"><ele>1040.2</ele></trkpt>
      <trkpt lat="49.243443" lon="19.811051"><ele>1040.2</ele></trkpt>
      <trkpt lat="49.243424" lon="19.811042"><ele>1040.4</ele></trkpt>
      <trkpt lat="49.243405" lon="19.811027"><ele>1040.4</ele></trkpt>
      <trkpt lat="49.243382" lon="19.811008"><ele>1040.4</ele></trkpt>
      <trkpt lat="49.243360" lon="19.811016"><ele>1040.6</ele></trkpt>
      <trkpt lat="49.243331" lon="19.811006"><ele>1040.6</ele></trkpt>
      <trkpt lat="49.243312" lon="19.810970"><ele>1040.8</ele></trkpt>
      <trkpt lat="49.243296" lon="19.810957"><ele>1040.8</ele></trkpt>
      <trkpt lat="49.243280" lon="19.810936"><ele>1041.2</ele></trkpt>
      <trkpt lat="49.243261" lon="19.810925"><ele>1041.4</ele></trkpt>
      <trkpt lat="49.243235" lon="19.810904"><ele>1041.4</ele></trkpt>
      <trkpt lat="49.243216" lon="19.810874"><ele>1041.4</ele></trkpt>
      <trkpt lat="49.243203" lon="19.810843"><ele>1041.6</ele></trkpt>
      <trkpt lat="49.243184" lon="19.810818"><ele>1041.8</ele></trkpt>
      <trkpt lat="49.243155" lon="19.810790"><ele>1041.8</ele></trkpt>
      <trkpt lat="49.243130" lon="19.810770"><ele>1041.8</ele></trkpt>
      <trkpt lat="49.243107" lon="19.810754"><ele>1042.0</ele></trkpt>
      <trkpt lat="49.243091" lon="19.810730"><ele>1042.2</ele></trkpt>
      <trkpt lat="49.243072" lon="19.810699"><ele>1042.2</ele></trkpt>
      <trkpt lat="49.243046" lon="19.810680"><ele>1042.4</ele></trkpt>
      <trkpt lat="49.243027" lon="19.810654"><ele>1042.6</ele></trkpt>
      <trkpt lat="49.243011" lon="19.810637"><ele>1042.6</ele></trkpt>
      <trkpt lat="49.242986" lon="19.810616"><ele>1042.6</ele></trkpt>
      <trkpt lat="49.242963" lon="19.810605"><ele>1042.8</ele></trkpt>
      <trkpt lat="49.242947" lon="19.810592"><ele>1043.0</ele></trkpt>
      <trkpt lat="49.242918" lon="19.810570"><ele>1043.0</ele></trkpt>
      <trkpt lat="49.242902" lon="19.810550"><ele>1043.2</ele></trkpt>
      <trkpt lat="49.242886" lon="19.810526"><ele>1043.4</ele></trkpt>
      <trkpt lat="49.242867" lon="19.810502"><ele>1043.4</ele></trkpt>
      <trkpt lat="49.242838" lon="19.810483"><ele>1043.6</ele></trkpt>
      <trkpt lat="49.242826" lon="19.810458"><ele>1043.8</ele></trkpt>
      <trkpt lat="49.242813" lon="19.810432"><ele>1044.0</ele></trkpt>
      <trkpt lat="49.242794" lon="19.810419"><ele>1044.4</ele></trkpt>
      <trkpt lat="49.242774" lon="19.810392"><ele>1044.6</ele></trkpt>
      <trkpt lat="49.242765" lon="19.810363"><ele>1044.6</ele></trkpt>
      <trkpt lat="49.242752" lon="19.810334"><ele>1045.0</ele></trkpt>
      <trkpt lat="49.242736" lon="19.810310"><ele>1045.2</ele></trkpt>
      <trkpt lat="49.242720" lon="19.810278"><ele>1045.6</ele></trkpt>
      <trkpt lat="49.242710" lon="19.810254"><ele>1045.8</ele></trkpt>
      <trkpt lat="49.242698" lon="19.810227"><ele>1046.0</ele></trkpt>
      <trkpt lat="49.242688" lon="19.810184"><ele>1046.4</ele></trkpt>
      <trkpt lat="49.242678" lon="19.810160"><ele>1047.0</ele></trkpt>
      <trkpt lat="49.242656" lon="19.810142"><ele>1047.2</ele></trkpt>
      <trkpt lat="49.242640" lon="19.810123"><ele>1047.4</ele></trkpt>
      <trkpt lat="49.242614" lon="19.810094"><ele>1047.6</ele></trkpt>
      <trkpt lat="49.242605" lon="19.810070"><ele>1047.8</ele></trkpt>
      <trkpt lat="49.242586" lon="19.810070"><ele>1048.6</ele></trkpt>
      <trkpt lat="49.242570" lon="19.810035"><ele>1048.8</ele></trkpt>
      <trkpt lat="49.242538" lon="19.810003"><ele>1049.0</ele></trkpt>
      <trkpt lat="49.242515" lon="19.809971"><ele>1049.2</ele></trkpt>
      <trkpt lat="49.242499" lon="19.809931"><ele>1049.6</ele></trkpt>
      <trkpt lat="49.242486" lon="19.809891"><ele>1049.8</ele></trkpt>
      <trkpt lat="49.242477" lon="19.809867"><ele>1049.8</ele></trkpt>
      <trkpt lat="49.242458" lon="19.809842"><ele>1050.2</ele></trkpt>
      <trkpt lat="49.242454" lon="19.809813"><ele>1050.4</ele></trkpt>
      <trkpt lat="49.242429" lon="19.809797"><ele>1050.6</ele></trkpt>
      <trkpt lat="49.242413" lon="19.809782"><ele>1050.8</ele></trkpt>
      <trkpt lat="49.242390" lon="19.809746"><ele>1051.0</ele></trkpt>
      <trkpt lat="49.242374" lon="19.809712"><ele>1051.4</ele></trkpt>
      <trkpt lat="49.242352" lon="19.809696"><ele>1051.6</ele></trkpt>
      <trkpt lat="49.242339" lon="19.809664"><ele>1051.6</ele></trkpt>
      <trkpt lat="49.242342" lon="19.809637"><ele>1051.8</ele></trkpt>
      <trkpt lat="49.242333" lon="19.809610"><ele>1052.0</ele></trkpt>
      <trkpt lat="49.242314" lon="19.809570"><ele>1052.4</ele></trkpt>
      <trkpt lat="49.242288" lon="19.809554"><ele>1052.6</ele></trkpt>
      <trkpt lat="49.242291" lon="19.809506"><ele>1052.8</ele></trkpt>
      <trkpt lat="49.242272" lon="19.809474"><ele>1053.0</ele></trkpt>
      <trkpt lat="49.242253" lon="19.809429"><ele>1053.2</ele></trkpt>
      <trkpt lat="49.242250" lon="19.809376"><ele>1053.4</ele></trkpt>
      <trkpt lat="49.242237" lon="19.809350"><ele>1053.6</ele></trkpt>
      <trkpt lat="49.242234" lon="19.809307"><ele>1053.8</ele></trkpt>
      <trkpt lat="49.242237" lon="19.809278"><ele>1054.2</ele></trkpt>
      <trkpt lat="49.242221" lon="19.809256"><ele>1054.4</ele></trkpt>
      <trkpt lat="49.242208" lon="19.809218"><ele>1054.4</ele></trkpt>
      <trkpt lat="49.242202" lon="19.809182"><ele>1054.6</ele></trkpt>
      <trkpt lat="49.242202" lon="19.809150"><ele>1054.6</ele></trkpt>
      <trkpt lat="49.242192" lon="19.809126"><ele>1055.0</ele></trkpt>
      <trkpt lat="49.242176" lon="19.809099"><ele>1055.0</ele></trkpt>
      <trkpt lat="49.242150" lon="19.809086"><ele>1055.2</ele></trkpt>
      <trkpt lat="49.242134" lon="19.809061"><ele>1055.4</ele></trkpt>
      <trkpt lat="49.242115" lon="19.809056"><ele>1055.6</ele></trkpt>
      <trkpt lat="49.242102" lon="19.809022"><ele>1055.6</ele></trkpt>
      <trkpt lat="49.242109" lon="19.808984"><ele>1055.8</ele></trkpt>
      <trkpt lat="49.242102" lon="19.808954"><ele>1056.0</ele></trkpt>
      <trkpt lat="49.242102" lon="19.808917"><ele>1056.2</ele></trkpt>
      <trkpt lat="49.242077" lon="19.808894"><ele>1056.6</ele></trkpt>
      <trkpt lat="49.242061" lon="19.808870"><ele>1056.6</ele></trkpt>
      <trkpt lat="49.242038" lon="19.808848"><ele>1056.8</ele></trkpt>
      <trkpt lat="49.242022" lon="19.808835"><ele>1056.8</ele></trkpt>
      <trkpt lat="49.242010" lon="19.808808"><ele>1057.0</ele></trkpt>
      <trkpt lat="49.241997" lon="19.808782"><ele>1057.2</ele></trkpt>
      <trkpt lat="49.241978" lon="19.808784"><ele>1057.2</ele></trkpt>
      <trkpt lat="49.241958" lon="19.808782"><ele>1057.4</ele></trkpt>
      <trkpt lat="49.241946" lon="19.808762"><ele>1057.4</ele></trkpt>
      <trkpt lat="49.241930" lon="19.808730"><ele>1057.8</ele></trkpt>
      <trkpt lat="49.241933" lon="19.808702"><ele>1057.8</ele></trkpt>
      <trkpt lat="49.241910" lon="19.808678"><ele>1058.0</ele></trkpt>
      <trkpt lat="49.241901" lon="19.808646"><ele>1058.6</ele></trkpt>
      <trkpt lat="49.241898" lon="19.808603"><ele>1058.8</ele></trkpt>
      <trkpt lat="49.241878" lon="19.808566"><ele>1059.0</ele></trkpt>
      <trkpt lat="49.241872" lon="19.808534"><ele>1059.2</ele></trkpt>
      <trkpt lat="49.241856" lon="19.808506"><ele>1059.4</ele></trkpt>
      <trkpt lat="49.241840" lon="19.808491"><ele>1059.4</ele></trkpt>
      <trkpt lat="49.241821" lon="19.808467"><ele>1059.6</ele></trkpt>
      <trkpt lat="49.241798" lon="19.808461"><ele>1059.8</ele></trkpt>
      <trkpt lat="49.241779" lon="19.808448"><ele>1060.0</ele></trkpt>
      <trkpt lat="49.241757" lon="19.808432"><ele>1060.0</ele></trkpt>
      <trkpt lat="49.241738" lon="19.808411"><ele>1060.2</ele></trkpt>
      <trkpt lat="49.241725" lon="19.808386"><ele>1060.4</ele></trkpt>
      <trkpt lat="49.241725" lon="19.808354"><ele>1061.0</ele></trkpt>
      <trkpt lat="49.241718" lon="19.808326"><ele>1061.2</ele></trkpt>
      <trkpt lat="49.241722" lon="19.808294"><ele>1061.6</ele></trkpt>
      <trkpt lat="49.241718" lon="19.808267"><ele>1061.8</ele></trkpt>
      <trkpt lat="49.241706" lon="19.808227"><ele>1062.4</ele></trkpt>
      <trkpt lat="49.241693" lon="19.808186"><ele>1062.6</ele></trkpt>
      <trkpt lat="49.241683" lon="19.808160"><ele>1062.8</ele></trkpt>
      <trkpt lat="49.241661" lon="19.808142"><ele>1063.2</ele></trkpt>
      <trkpt lat="49.241638" lon="19.808123"><ele>1063.4</ele></trkpt>
      <trkpt lat="49.241638" lon="19.808094"><ele>1063.6</ele></trkpt>
      <trkpt lat="49.241626" lon="19.808064"><ele>1064.0</ele></trkpt>
      <trkpt lat="49.241616" lon="19.808034"><ele>1064.4</ele></trkpt>
      <trkpt lat="49.241603" lon="19.808003"><ele>1064.4</ele></trkpt>
      <trkpt lat="49.241600" lon="19.807968"><ele>1064.6</ele></trkpt>
      <trkpt lat="49.241594" lon="19.807934"><ele>1064.6</ele></trkpt>
      <trkpt lat="49.241578" lon="19.807910"><ele>1064.8</ele></trkpt>
      <trkpt lat="49.241562" lon="19.807891"><ele>1064.8</ele></trkpt>
      <trkpt lat="49.241546" lon="19.807867"><ele>1065.2</ele></trkpt>
      <trkpt lat="49.241533" lon="19.807837"><ele>1065.6</ele></trkpt>
      <trkpt lat="49.241517" lon="19.807806"><ele>1065.8</ele></trkpt>
      <trkpt lat="49.241494" lon="19.807778"><ele>1066.0</ele></trkpt>
      <trkpt lat="49.241462" lon="19.807757"><ele>1066.0</ele></trkpt>
      <trkpt lat="49.241446" lon="19.807738"><ele>1066.2</ele></trkpt>
      <trkpt lat="49.241427" lon="19.807709"><ele>1066.4</ele></trkpt>
      <trkpt lat="49.241408" lon="19.807678"><ele>1066.6</ele></trkpt>
      <trkpt lat="49.241386" lon="19.807659"><ele>1066.6</ele></trkpt>
      <trkpt lat="49.241363" lon="19.807656"><ele>1066.8</ele></trkpt>
      <trkpt lat="49.241341" lon="19.807634"><ele>1067.0</ele></trkpt>
      <trkpt lat="49.241322" lon="19.807621"><ele>1067.2</ele></trkpt>
      <trkpt lat="49.241302" lon="19.807597"><ele>1067.4</ele></trkpt>
      <trkpt lat="49.241283" lon="19.807600"><ele>1067.4</ele></trkpt>
      <trkpt lat="49.241270" lon="19.807573"><ele>1067.8</ele></trkpt>
      <trkpt lat="49.241261" lon="19.807533"><ele>1068.2</ele></trkpt>
      <trkpt lat="49.241258" lon="19.807501"><ele>1068.6</ele></trkpt>
      <trkpt lat="49.241242" lon="19.807474"><ele>1068.8</ele></trkpt>
      <trkpt lat="49.241226" lon="19.807461"><ele>1069.0</ele></trkpt>
      <trkpt lat="49.241200" lon="19.807461"><ele>1069.2</ele></trkpt>
      <trkpt lat="49.241181" lon="19.807448"><ele>1069.4</ele></trkpt>
      <trkpt lat="49.241200" lon="19.807453"><ele>1070.6</ele></trkpt>
      <trkpt lat="49.241181" lon="19.807443"><ele>1071.0</ele></trkpt>
      <trkpt lat="49.241146" lon="19.807448"><ele>1071.4</ele></trkpt>
      <trkpt lat="49.241123" lon="19.807448"><ele>1071.4</ele></trkpt>
      <trkpt lat="49.241101" lon="19.807440"><ele>1071.4</ele></trkpt>
      <trkpt lat="49.241082" lon="19.807432"><ele>1071.6</ele></trkpt>
      <trkpt lat="49.241056" lon="19.807419"><ele>1071.8</ele></trkpt>
      <trkpt lat="49.241030" lon="19.807405"><ele>1072.0</ele></trkpt>
      <trkpt lat="49.241005" lon="19.807400"><ele>1072.2</ele></trkpt>
      <trkpt lat="49.240979" lon="19.807394"><ele>1072.4</ele></trkpt>
      <trkpt lat="49.240957" lon="19.807373"><ele>1072.8</ele></trkpt>
      <trkpt lat="49.240941" lon="19.807355"><ele>1073.0</ele></trkpt>
      <trkpt lat="49.240925" lon="19.807339"><ele>1073.4</ele></trkpt>
      <trkpt lat="49.240902" lon="19.807334"><ele>1073.8</ele></trkpt>
      <trkpt lat="49.240883" lon="19.807325"><ele>1074.0</ele></trkpt>
      <trkpt lat="49.240867" lon="19.807309"><ele>1074.0</ele></trkpt>
      <trkpt lat="49.240842" lon="19.807269"><ele>1074.4</ele></trkpt>
      <trkpt lat="49.240813" lon="19.807235"><ele>1074.6</ele></trkpt>
      <trkpt lat="49.240790" lon="19.807216"><ele>1075.0</ele></trkpt>
      <trkpt lat="49.240762" lon="19.807200"><ele>1076.0</ele></trkpt>
      <trkpt lat="49.240733" lon="19.807184"><ele>1076.4</ele></trkpt>
      <trkpt lat="49.240710" lon="19.807171"><ele>1076.6</ele></trkpt>
      <trkpt lat="49.240678" lon="19.807170"><ele>1077.2</ele></trkpt>
      <trkpt lat="49.240653" lon="19.807154"><ele>1077.4</ele></trkpt>
      <trkpt lat="49.240630" lon="19.807130"><ele>1077.6</ele></trkpt>
      <trkpt lat="49.240621" lon="19.807098"><ele>1078.0</ele></trkpt>
      <trkpt lat="49.240608" lon="19.807066"><ele>1078.2</ele></trkpt>
      <trkpt lat="49.240582" lon="19.807042"><ele>1078.4</ele></trkpt>
      <trkpt lat="49.240560" lon="19.807027"><ele>1078.6</ele></trkpt>
      <trkpt lat="49.240541" lon="19.807000"><ele>1078.8</ele></trkpt>
      <trkpt lat="49.240525" lon="19.806962"><ele>1079.2</ele></trkpt>
      <trkpt lat="49.240502" lon="19.806933"><ele>1079.4</ele></trkpt>
      <trkpt lat="49.240486" lon="19.806912"><ele>1079.6</ele></trkpt>
      <trkpt lat="49.240467" lon="19.806907"><ele>1079.8</ele></trkpt>
      <trkpt lat="49.240448" lon="19.806907"><ele>1080.2</ele></trkpt>
      <trkpt lat="49.240426" lon="19.806902"><ele>1080.4</ele></trkpt>
      <trkpt lat="49.240406" lon="19.806906"><ele>1080.6</ele></trkpt>
      <trkpt lat="49.240387" lon="19.806906"><ele>1080.6</ele></trkpt>
      <trkpt lat="49.240362" lon="19.806893"><ele>1080.8</ele></trkpt>
      <trkpt lat="49.240333" lon="19.806888"><ele>1080.8</ele></trkpt>
      <trkpt lat="49.240310" lon="19.806877"><ele>1080.8</ele></trkpt>
      <trkpt lat="49.240288" lon="19.806854"><ele>1080.8</ele></trkpt>
      <trkpt lat="49.240266" lon="19.806838"><ele>1081.0</ele></trkpt>
      <trkpt lat="49.240237" lon="19.806813"><ele>1081.0</ele></trkpt>
      <trkpt lat="49.240208" lon="19.806774"><ele>1081.0</ele></trkpt>
      <trkpt lat="49.240192" lon="19.806755"><ele>1081.0</ele></trkpt>
      <trkpt lat="49.240166" lon="19.806725"><ele>1080.8</ele></trkpt>
      <trkpt lat="49.240150" lon="19.806702"><ele>1080.8</ele></trkpt>
      <trkpt lat="49.240128" lon="19.806683"><ele>1080.8</ele></trkpt>
      <trkpt lat="49.240109" lon="19.806680"><ele>1080.8</ele></trkpt>
      <trkpt lat="49.240077" lon="19.806677"><ele>1080.8</ele></trkpt>
      <trkpt lat="49.240058" lon="19.806677"><ele>1080.8</ele></trkpt>
      <trkpt lat="49.240054" lon="19.806650"><ele>1080.8</ele></trkpt>
      <trkpt lat="49.240051" lon="19.806621"><ele>1080.8</ele></trkpt>
      <trkpt lat="49.240032" lon="19.806600"><ele>1080.8</ele></trkpt>
      <trkpt lat="49.240019" lon="19.806576"><ele>1080.8</ele></trkpt>
      <trkpt lat="49.240003" lon="19.806531"><ele>1080.8</ele></trkpt>
      <trkpt lat="49.239994" lon="19.806498"><ele>1080.8</ele></trkpt>
      <trkpt lat="49.239971" lon="19.806461"><ele>1080.8</ele></trkpt>
      <trkpt lat="49.239952" lon="19.806442"><ele>1080.6</ele></trkpt>
      <trkpt lat="49.239930" lon="19.806418"><ele>1080.8</ele></trkpt>
      <trkpt lat="49.239910" lon="19.806378"><ele>1080.8</ele></trkpt>
      <trkpt lat="49.239894" lon="19.806347"><ele>1081.0</ele></trkpt>
      <trkpt lat="49.239866" lon="19.806320"><ele>1081.0</ele></trkpt>
      <trkpt lat="49.239850" lon="19.806306"><ele>1081.0</ele></trkpt>
      <trkpt lat="49.239818" lon="19.806270"><ele>1081.0</ele></trkpt>
      <trkpt lat="49.239805" lon="19.806240"><ele>1081.2</ele></trkpt>
      <trkpt lat="49.239786" lon="19.806213"><ele>1081.0</ele></trkpt>
      <trkpt lat="49.239760" lon="19.806192"><ele>1081.0</ele></trkpt>
      <trkpt lat="49.239741" lon="19.806171"><ele>1081.0</ele></trkpt>
      <trkpt lat="49.239728" lon="19.806149"><ele>1080.6</ele></trkpt>
      <trkpt lat="49.239718" lon="19.806122"><ele>1080.6</ele></trkpt>
      <trkpt lat="49.239728" lon="19.806088"><ele>1080.6</ele></trkpt>
      <trkpt lat="49.239712" lon="19.806061"><ele>1080.6</ele></trkpt>
      <trkpt lat="49.239699" lon="19.806038"><ele>1080.6</ele></trkpt>
      <trkpt lat="49.239696" lon="19.806011"><ele>1080.4</ele></trkpt>
      <trkpt lat="49.239693" lon="19.805984"><ele>1080.4</ele></trkpt>
      <trkpt lat="49.239686" lon="19.805954"><ele>1080.2</ele></trkpt>
      <trkpt lat="49.239674" lon="19.805930"><ele>1080.0</ele></trkpt>
      <trkpt lat="49.239674" lon="19.805893"><ele>1079.8</ele></trkpt>
      <trkpt lat="49.239677" lon="19.805862"><ele>1079.6</ele></trkpt>
      <trkpt lat="49.239670" lon="19.805830"><ele>1079.6</ele></trkpt>
      <trkpt lat="49.239667" lon="19.805803"><ele>1079.6</ele></trkpt>
      <trkpt lat="49.239667" lon="19.805762"><ele>1079.4</ele></trkpt>
      <trkpt lat="49.239658" lon="19.805715"><ele>1079.2</ele></trkpt>
      <trkpt lat="49.239648" lon="19.805666"><ele>1079.0</ele></trkpt>
      <trkpt lat="49.239642" lon="19.805613"><ele>1079.0</ele></trkpt>
      <trkpt lat="49.239638" lon="19.805586"><ele>1078.8</ele></trkpt>
      <trkpt lat="49.239635" lon="19.805554"><ele>1078.8</ele></trkpt>
      <trkpt lat="49.239619" lon="19.805533"><ele>1078.6</ele></trkpt>
      <trkpt lat="49.239613" lon="19.805502"><ele>1078.4</ele></trkpt>
      <trkpt lat="49.239613" lon="19.805467"><ele>1078.2</ele></trkpt>
      <trkpt lat="49.239606" lon="19.805438"><ele>1078.2</ele></trkpt>
      <trkpt lat="49.239597" lon="19.805394"><ele>1078.0</ele></trkpt>
      <trkpt lat="49.239597" lon="19.805360"><ele>1077.8</ele></trkpt>
      <trkpt lat="49.239578" lon="19.805330"><ele>1077.8</ele></trkpt>
      <trkpt lat="49.239568" lon="19.805298"><ele>1077.8</ele></trkpt>
      <trkpt lat="49.239552" lon="19.805264"><ele>1077.8</ele></trkpt>
      <trkpt lat="49.239539" lon="19.805243"><ele>1078.0</ele></trkpt>
      <trkpt lat="49.239533" lon="19.805203"><ele>1077.8</ele></trkpt>
      <trkpt lat="49.239530" lon="19.805157"><ele>1077.6</ele></trkpt>
      <trkpt lat="49.239517" lon="19.805114"><ele>1077.6</ele></trkpt>
      <trkpt lat="49.239501" lon="19.805077"><ele>1077.4</ele></trkpt>
      <trkpt lat="49.239498" lon="19.805045"><ele>1077.6</ele></trkpt>
      <trkpt lat="49.239488" lon="19.805014"><ele>1077.4</ele></trkpt>
      <trkpt lat="49.239472" lon="19.804979"><ele>1077.2</ele></trkpt>
      <trkpt lat="49.239462" lon="19.804950"><ele>1077.2</ele></trkpt>
      <trkpt lat="49.239469" lon="19.804918"><ele>1077.0</ele></trkpt>
      <trkpt lat="49.239459" lon="19.804880"><ele>1076.8</ele></trkpt>
      <trkpt lat="49.239462" lon="19.804840"><ele>1077.0</ele></trkpt>
      <trkpt lat="49.239469" lon="19.804794"><ele>1076.8</ele></trkpt>
      <trkpt lat="49.239459" lon="19.804758"><ele>1076.8</ele></trkpt>
      <trkpt lat="49.239459" lon="19.804714"><ele>1076.8</ele></trkpt>
      <trkpt lat="49.239459" lon="19.804678"><ele>1076.8</ele></trkpt>
      <trkpt lat="49.239453" lon="19.804634"><ele>1076.6</ele></trkpt>
      <trkpt lat="49.239450" lon="19.804581"><ele>1076.4</ele></trkpt>
      <trkpt lat="49.239453" lon="19.804546"><ele>1076.4</ele></trkpt>
      <trkpt lat="49.239456" lon="19.804494"><ele>1076.4</ele></trkpt>
      <trkpt lat="49.239459" lon="19.804450"><ele>1076.4</ele></trkpt>
      <trkpt lat="49.239450" lon="19.804405"><ele>1076.4</ele></trkpt>
      <trkpt lat="49.239440" lon="19.804381"><ele>1076.4</ele></trkpt>
      <trkpt lat="49.239437" lon="19.804352"><ele>1076.4</ele></trkpt>
      <trkpt lat="49.239434" lon="19.804310"><ele>1076.4</ele></trkpt>
      <trkpt lat="49.239434" lon="19.804274"><ele>1076.4</ele></trkpt>
      <trkpt lat="49.239427" lon="19.804232"><ele>1076.2</ele></trkpt>
      <trkpt lat="49.239414" lon="19.804194"><ele>1076.2</ele></trkpt>
      <trkpt lat="49.239411" lon="19.804150"><ele>1076.2</ele></trkpt>
      <trkpt lat="49.239395" lon="19.804115"><ele>1076.2</ele></trkpt>
      <trkpt lat="49.239382" lon="19.804082"><ele>1076.0</ele></trkpt>
      <trkpt lat="49.239379" lon="19.804053"><ele>1076.0</ele></trkpt>
      <trkpt lat="49.239373" lon="19.804008"><ele>1076.0</ele></trkpt>
      <trkpt lat="49.239363" lon="19.803966"><ele>1076.2</ele></trkpt>
      <trkpt lat="49.239357" lon="19.803918"><ele>1076.2</ele></trkpt>
      <trkpt lat="49.239350" lon="19.803875"><ele>1076.2</ele></trkpt>
      <trkpt lat="49.239344" lon="19.803829"><ele>1076.2</ele></trkpt>
      <trkpt lat="49.239338" lon="19.803794"><ele>1076.2</ele></trkpt>
      <trkpt lat="49.239331" lon="19.803763"><ele>1076.4</ele></trkpt>
      <trkpt lat="49.239328" lon="19.803730"><ele>1076.4</ele></trkpt>
      <trkpt lat="49.239315" lon="19.803686"><ele>1076.6</ele></trkpt>
      <trkpt lat="49.239315" lon="19.803650"><ele>1076.6</ele></trkpt>
      <trkpt lat="49.239315" lon="19.803618"><ele>1076.6</ele></trkpt>
      <trkpt lat="49.239309" lon="19.803579"><ele>1076.8</ele></trkpt>
      <trkpt lat="49.239299" lon="19.803547"><ele>1076.8</ele></trkpt>
      <trkpt lat="49.239290" lon="19.803510"><ele>1076.8</ele></trkpt>
      <trkpt lat="49.239280" lon="19.803475"><ele>1077.0</ele></trkpt>
      <trkpt lat="49.239274" lon="19.803430"><ele>1077.0</ele></trkpt>
      <trkpt lat="49.239264" lon="19.803389"><ele>1077.2</ele></trkpt>
      <trkpt lat="49.239258" lon="19.803347"><ele>1077.2</ele></trkpt>
      <trkpt lat="49.239251" lon="19.803312"><ele>1077.4</ele></trkpt>
      <trkpt lat="49.239251" lon="19.803272"><ele>1077.6</ele></trkpt>
      <trkpt lat="49.239251" lon="19.803234"><ele>1077.8</ele></trkpt>
      <trkpt lat="49.239251" lon="19.803195"><ele>1077.8</ele></trkpt>
      <trkpt lat="49.239242" lon="19.803160"><ele>1078.0</ele></trkpt>
      <trkpt lat="49.239242" lon="19.803125"><ele>1078.2</ele></trkpt>
      <trkpt lat="49.239235" lon="19.803091"><ele>1078.2</ele></trkpt>
      <trkpt lat="49.239232" lon="19.803061"><ele>1078.4</ele></trkpt>
      <trkpt lat="49.239232" lon="19.803014"><ele>1078.8</ele></trkpt>
      <trkpt lat="49.239222" lon="19.802971"><ele>1079.0</ele></trkpt>
      <trkpt lat="49.239219" lon="19.802931"><ele>1079.2</ele></trkpt>
      <trkpt lat="49.239222" lon="19.802894"><ele>1079.6</ele></trkpt>
      <trkpt lat="49.239222" lon="19.802851"><ele>1079.8</ele></trkpt>
      <trkpt lat="49.239229" lon="19.802805"><ele>1080.0</ele></trkpt>
      <trkpt lat="49.239222" lon="19.802765"><ele>1080.2</ele></trkpt>
      <trkpt lat="49.239216" lon="19.802736"><ele>1080.2</ele></trkpt>
      <trkpt lat="49.239210" lon="19.802704"><ele>1080.8</ele></trkpt>
      <trkpt lat="49.239178" lon="19.802693"><ele>1081.0</ele></trkpt>
      <trkpt lat="49.239155" lon="19.802659"><ele>1081.2</ele></trkpt>
      <trkpt lat="49.239146" lon="19.802634"><ele>1081.2</ele></trkpt>
      <trkpt lat="49.239123" lon="19.802622"><ele>1081.4</ele></trkpt>
      <trkpt lat="49.239104" lon="19.802603"><ele>1081.6</ele></trkpt>
      <trkpt lat="49.239091" lon="19.802565"><ele>1081.6</ele></trkpt>
      <trkpt lat="49.239078" lon="19.802512"><ele>1081.8</ele></trkpt>
      <trkpt lat="49.239059" lon="19.802490"><ele>1081.8</ele></trkpt>
      <trkpt lat="49.239043" lon="19.802474"><ele>1081.8</ele></trkpt>
      <trkpt lat="49.239024" lon="19.802445"><ele>1081.8</ele></trkpt>
      <trkpt lat="49.238998" lon="19.802413"><ele>1082.0</ele></trkpt>
      <trkpt lat="49.238986" lon="19.802363"><ele>1082.0</ele></trkpt>
      <trkpt lat="49.238957" lon="19.802326"><ele>1082.2</ele></trkpt>
      <trkpt lat="49.238950" lon="19.802296"><ele>1082.2</ele></trkpt>
      <trkpt lat="49.238944" lon="19.802261"><ele>1082.2</ele></trkpt>
      <trkpt lat="49.238941" lon="19.802230"><ele>1082.2</ele></trkpt>
      <trkpt lat="49.238944" lon="19.802198"><ele>1082.2</ele></trkpt>
      <trkpt lat="49.238931" lon="19.802170"><ele>1082.2</ele></trkpt>
      <trkpt lat="49.238912" lon="19.802142"><ele>1082.4</ele></trkpt>
      <trkpt lat="49.238893" lon="19.802112"><ele>1082.2</ele></trkpt>
      <trkpt lat="49.238877" lon="19.802078"><ele>1082.2</ele></trkpt>
      <trkpt lat="49.238861" lon="19.802042"><ele>1082.2</ele></trkpt>
      <trkpt lat="49.238864" lon="19.802006"><ele>1082.2</ele></trkpt>
      <trkpt lat="49.238864" lon="19.801976"><ele>1082.0</ele></trkpt>
      <trkpt lat="49.238851" lon="19.801939"><ele>1082.0</ele></trkpt>
      <trkpt lat="49.238826" lon="19.801909"><ele>1082.0</ele></trkpt>
      <trkpt lat="49.238822" lon="19.801882"><ele>1082.0</ele></trkpt>
      <trkpt lat="49.238816" lon="19.801837"><ele>1082.0</ele></trkpt>
      <trkpt lat="49.238813" lon="19.801803"><ele>1082.0</ele></trkpt>
      <trkpt lat="49.238800" lon="19.801781"><ele>1082.2</ele></trkpt>
      <trkpt lat="49.238794" lon="19.801754"><ele>1082.2</ele></trkpt>
      <trkpt lat="49.238774" lon="19.801715"><ele>1082.4</ele></trkpt>
      <trkpt lat="49.238762" lon="19.801694"><ele>1082.4</ele></trkpt>
      <trkpt lat="49.238742" lon="19.801650"><ele>1082.4</ele></trkpt>
      <trkpt lat="49.238733" lon="19.801605"><ele>1082.4</ele></trkpt>
      <trkpt lat="49.238717" lon="19.801584"><ele>1082.6</ele></trkpt>
      <trkpt lat="49.238720" lon="19.801557"><ele>1082.4</ele></trkpt>
      <trkpt lat="49.238720" lon="19.801515"><ele>1082.6</ele></trkpt>
      <trkpt lat="49.238717" lon="19.801464"><ele>1082.6</ele></trkpt>
      <trkpt lat="49.238707" lon="19.801421"><ele>1082.6</ele></trkpt>
      <trkpt lat="49.238694" lon="19.801386"><ele>1082.6</ele></trkpt>
      <trkpt lat="49.238678" lon="19.801363"><ele>1083.0</ele></trkpt>
      <trkpt lat="49.238678" lon="19.801334"><ele>1083.0</ele></trkpt>
      <trkpt lat="49.238675" lon="19.801306"><ele>1083.0</ele></trkpt>
      <trkpt lat="49.238666" lon="19.801278"><ele>1083.8</ele></trkpt>
      <trkpt lat="49.238662" lon="19.801251"><ele>1083.8</ele></trkpt>
      <trkpt lat="49.238662" lon="19.801214"><ele>1083.8</ele></trkpt>
      <trkpt lat="49.238659" lon="19.801176"><ele>1083.8</ele></trkpt>
      <trkpt lat="49.238659" lon="19.801139"><ele>1083.8</ele></trkpt>
      <trkpt lat="49.238659" lon="19.801109"><ele>1083.8</ele></trkpt>
      <trkpt lat="49.238656" lon="19.801056"><ele>1084.0</ele></trkpt>
      <trkpt lat="49.238656" lon="19.801003"><ele>1084.2</ele></trkpt>
      <trkpt lat="49.238653" lon="19.800958"><ele>1084.2</ele></trkpt>
      <trkpt lat="49.238640" lon="19.800922"><ele>1084.4</ele></trkpt>
      <trkpt lat="49.238637" lon="19.800891"><ele>1084.6</ele></trkpt>
      <trkpt lat="49.238627" lon="19.800864"><ele>1084.4</ele></trkpt>
      <trkpt lat="49.238602" lon="19.800830"><ele>1084.4</ele></trkpt>
      <trkpt lat="49.238582" lon="19.800786"><ele>1084.6</ele></trkpt>
      <trkpt lat="49.238576" lon="19.800746"><ele>1084.8</ele></trkpt>
      <trkpt lat="49.238586" lon="19.800712"><ele>1085.0</ele></trkpt>
      <trkpt lat="49.238586" lon="19.800667"><ele>1085.0</ele></trkpt>
      <trkpt lat="49.238579" lon="19.800640"><ele>1085.0</ele></trkpt>
      <trkpt lat="49.238563" lon="19.800616"><ele>1085.0</ele></trkpt>
      <trkpt lat="49.238547" lon="19.800598"><ele>1085.0</ele></trkpt>
      <trkpt lat="49.238522" lon="19.800576"><ele>1085.2</ele></trkpt>
      <trkpt lat="49.238515" lon="19.800539"><ele>1085.6</ele></trkpt>
      <trkpt lat="49.238506" lon="19.800507"><ele>1085.6</ele></trkpt>
      <trkpt lat="49.238509" lon="19.800459"><ele>1085.6</ele></trkpt>
      <trkpt lat="49.238502" lon="19.800419"><ele>1085.6</ele></trkpt>
      <trkpt lat="49.238496" lon="19.800362"><ele>1085.6</ele></trkpt>
      <trkpt lat="49.238490" lon="19.800333"><ele>1085.6</ele></trkpt>
      <trkpt lat="49.238483" lon="19.800304"><ele>1085.6</ele></trkpt>
      <trkpt lat="49.238477" lon="19.800254"><ele>1085.8</ele></trkpt>
      <trkpt lat="49.238467" lon="19.800210"><ele>1085.8</ele></trkpt>
      <trkpt lat="49.238461" lon="19.800170"><ele>1085.6</ele></trkpt>
      <trkpt lat="49.238458" lon="19.800126"><ele>1085.8</ele></trkpt>
      <trkpt lat="49.238445" lon="19.800080"><ele>1085.8</ele></trkpt>
      <trkpt lat="49.238445" lon="19.800051"><ele>1086.0</ele></trkpt>
      <trkpt lat="49.238445" lon="19.800013"><ele>1086.0</ele></trkpt>
      <trkpt lat="49.238438" lon="19.799957"><ele>1086.0</ele></trkpt>
      <trkpt lat="49.238435" lon="19.799907"><ele>1086.0</ele></trkpt>
      <trkpt lat="49.238442" lon="19.799874"><ele>1086.2</ele></trkpt>
      <trkpt lat="49.238448" lon="19.799842"><ele>1086.2</ele></trkpt>
      <trkpt lat="49.238442" lon="19.799811"><ele>1086.4</ele></trkpt>
      <trkpt lat="49.238442" lon="19.799774"><ele>1086.6</ele></trkpt>
      <trkpt lat="49.238442" lon="19.799746"><ele>1086.8</ele></trkpt>
      <trkpt lat="49.238438" lon="19.799715"><ele>1086.8</ele></trkpt>
      <trkpt lat="49.238438" lon="19.799685"><ele>1086.8</ele></trkpt>
      <trkpt lat="49.238438" lon="19.799645"><ele>1086.8</ele></trkpt>
      <trkpt lat="49.238429" lon="19.799603"><ele>1086.8</ele></trkpt>
      <trkpt lat="49.238429" lon="19.799563"><ele>1086.8</ele></trkpt>
      <trkpt lat="49.238429" lon="19.799530"><ele>1087.0</ele></trkpt>
      <trkpt lat="49.238442" lon="19.799488"><ele>1087.0</ele></trkpt>
      <trkpt lat="49.238442" lon="19.799445"><ele>1087.2</ele></trkpt>
      <trkpt lat="49.238435" lon="19.799397"><ele>1087.4</ele></trkpt>
      <trkpt lat="49.238422" lon="19.799350"><ele>1087.4</ele></trkpt>
      <trkpt lat="49.238422" lon="19.799302"><ele>1087.4</ele></trkpt>
      <trkpt lat="49.238419" lon="19.799262"><ele>1087.6</ele></trkpt>
      <trkpt lat="49.238419" lon="19.799232"><ele>1087.6</ele></trkpt>
      <trkpt lat="49.238419" lon="19.799197"><ele>1087.8</ele></trkpt>
      <trkpt lat="49.238422" lon="19.799149"><ele>1087.8</ele></trkpt>
      <trkpt lat="49.238410" lon="19.799122"><ele>1087.8</ele></trkpt>
      <trkpt lat="49.238403" lon="19.799091"><ele>1088.0</ele></trkpt>
      <trkpt lat="49.238403" lon="19.799058"><ele>1088.0</ele></trkpt>
      <trkpt lat="49.238400" lon="19.799027"><ele>1088.0</ele></trkpt>
      <trkpt lat="49.238403" lon="19.798987"><ele>1088.6</ele></trkpt>
      <trkpt lat="49.238390" lon="19.798946"><ele>1089.0</ele></trkpt>
      <trkpt lat="49.238374" lon="19.798912"><ele>1088.8</ele></trkpt>
      <trkpt lat="49.238358" lon="19.798885"><ele>1088.8</ele></trkpt>
      <trkpt lat="49.238349" lon="19.798853"><ele>1088.8</ele></trkpt>
      <trkpt lat="49.238336" lon="19.798821"><ele>1089.0</ele></trkpt>
      <trkpt lat="49.238323" lon="19.798781"><ele>1089.0</ele></trkpt>
      <trkpt lat="49.238301" lon="19.798754"><ele>1089.2</ele></trkpt>
      <trkpt lat="49.238291" lon="19.798714"><ele>1089.4</ele></trkpt>
      <trkpt lat="49.238275" lon="19.798674"><ele>1089.4</ele></trkpt>
      <trkpt lat="49.238262" lon="19.798646"><ele>1089.6</ele></trkpt>
      <trkpt lat="49.238246" lon="19.798624"><ele>1089.8</ele></trkpt>
      <trkpt lat="49.238227" lon="19.798594"><ele>1089.8</ele></trkpt>
      <trkpt lat="49.238211" lon="19.798558"><ele>1090.0</ele></trkpt>
      <trkpt lat="49.238198" lon="19.798525"><ele>1090.2</ele></trkpt>
      <trkpt lat="49.238176" lon="19.798494"><ele>1090.2</ele></trkpt>
      <trkpt lat="49.238163" lon="19.798453"><ele>1090.4</ele></trkpt>
      <trkpt lat="49.238150" lon="19.798414"><ele>1090.4</ele></trkpt>
      <trkpt lat="49.238141" lon="19.798382"><ele>1090.2</ele></trkpt>
      <trkpt lat="49.238122" lon="19.798358"><ele>1090.4</ele></trkpt>
      <trkpt lat="49.238102" lon="19.798342"><ele>1090.6</ele></trkpt>
      <trkpt lat="49.238086" lon="19.798312"><ele>1090.6</ele></trkpt>
      <trkpt lat="49.238070" lon="19.798270"><ele>1090.8</ele></trkpt>
      <trkpt lat="49.238061" lon="19.798235"><ele>1090.8</ele></trkpt>
      <trkpt lat="49.238048" lon="19.798203"><ele>1091.0</ele></trkpt>
      <trkpt lat="49.238032" lon="19.798174"><ele>1091.2</ele></trkpt>
      <trkpt lat="49.238019" lon="19.798139"><ele>1091.2</ele></trkpt>
      <trkpt lat="49.237994" lon="19.798101"><ele>1091.4</ele></trkpt>
      <trkpt lat="49.237984" lon="19.798069"><ele>1091.4</ele></trkpt>
      <trkpt lat="49.237978" lon="19.798040"><ele>1091.6</ele></trkpt>
      <trkpt lat="49.237962" lon="19.798018"><ele>1091.8</ele></trkpt>
      <trkpt lat="49.237949" lon="19.797981"><ele>1091.8</ele></trkpt>
      <trkpt lat="49.237939" lon="19.797926"><ele>1092.0</ele></trkpt>
      <trkpt lat="49.237923" lon="19.797909"><ele>1092.0</ele></trkpt>
      <trkpt lat="49.237907" lon="19.797896"><ele>1092.0</ele></trkpt>
      <trkpt lat="49.237888" lon="19.797875"><ele>1092.2</ele></trkpt>
      <trkpt lat="49.237872" lon="19.797850"><ele>1092.2</ele></trkpt>
      <trkpt lat="49.237853" lon="19.797819"><ele>1092.2</ele></trkpt>
      <trkpt lat="49.237834" lon="19.797792"><ele>1092.2</ele></trkpt>
      <trkpt lat="49.237821" lon="19.797771"><ele>1092.2</ele></trkpt>
      <trkpt lat="49.237802" lon="19.797738"><ele>1092.4</ele></trkpt>
      <trkpt lat="49.237782" lon="19.797701"><ele>1092.4</ele></trkpt>
      <trkpt lat="49.237766" lon="19.797669"><ele>1092.6</ele></trkpt>
      <trkpt lat="49.237750" lon="19.797642"><ele>1092.6</ele></trkpt>
      <trkpt lat="49.237744" lon="19.797610"><ele>1092.6</ele></trkpt>
      <trkpt lat="49.237722" lon="19.797573"><ele>1092.6</ele></trkpt>
      <trkpt lat="49.237706" lon="19.797538"><ele>1092.6</ele></trkpt>
      <trkpt lat="49.237690" lon="19.797504"><ele>1092.6</ele></trkpt>
      <trkpt lat="49.237664" lon="19.797474"><ele>1092.8</ele></trkpt>
      <trkpt lat="49.237645" lon="19.797443"><ele>1092.8</ele></trkpt>
      <trkpt lat="49.237632" lon="19.797403"><ele>1093.0</ele></trkpt>
      <trkpt lat="49.237616" lon="19.797376"><ele>1093.2</ele></trkpt>
      <trkpt lat="49.237606" lon="19.797342"><ele>1093.0</ele></trkpt>
      <trkpt lat="49.237594" lon="19.797317"><ele>1093.2</ele></trkpt>
      <trkpt lat="49.237571" lon="19.797286"><ele>1093.2</ele></trkpt>
      <trkpt lat="49.237562" lon="19.797261"><ele>1093.4</ele></trkpt>
      <trkpt lat="49.237552" lon="19.797237"><ele>1093.4</ele></trkpt>
      <trkpt lat="49.237536" lon="19.797195"><ele>1093.4</ele></trkpt>
      <trkpt lat="49.237523" lon="19.797152"><ele>1093.4</ele></trkpt>
      <trkpt lat="49.237514" lon="19.797115"><ele>1093.6</ele></trkpt>
      <trkpt lat="49.237501" lon="19.797088"><ele>1093.6</ele></trkpt>
      <trkpt lat="49.237491" lon="19.797064"><ele>1093.8</ele></trkpt>
      <trkpt lat="49.237475" lon="19.797022"><ele>1093.8</ele></trkpt>
      <trkpt lat="49.237462" lon="19.796979"><ele>1094.0</ele></trkpt>
      <trkpt lat="49.237450" lon="19.796944"><ele>1094.0</ele></trkpt>
      <trkpt lat="49.237437" lon="19.796912"><ele>1094.4</ele></trkpt>
      <trkpt lat="49.237424" lon="19.796880"><ele>1094.4</ele></trkpt>
      <trkpt lat="49.237408" lon="19.796843"><ele>1094.6</ele></trkpt>
      <trkpt lat="49.237402" lon="19.796816"><ele>1094.6</ele></trkpt>
      <trkpt lat="49.237389" lon="19.796776"><ele>1094.6</ele></trkpt>
      <trkpt lat="49.237376" lon="19.796744"><ele>1094.8</ele></trkpt>
      <trkpt lat="49.237363" lon="19.796707"><ele>1094.8</ele></trkpt>
      <trkpt lat="49.237350" lon="19.796670"><ele>1095.0</ele></trkpt>
      <trkpt lat="49.237334" lon="19.796630"><ele>1095.2</ele></trkpt>
      <trkpt lat="49.237318" lon="19.796595"><ele>1095.4</ele></trkpt>
      <trkpt lat="49.237306" lon="19.796558"><ele>1095.4</ele></trkpt>
      <trkpt lat="49.237293" lon="19.796526"><ele>1095.8</ele></trkpt>
      <trkpt lat="49.237286" lon="19.796490"><ele>1095.8</ele></trkpt>
      <trkpt lat="49.237283" lon="19.796461"><ele>1096.0</ele></trkpt>
      <trkpt lat="49.237270" lon="19.796435"><ele>1096.2</ele></trkpt>
      <trkpt lat="49.237258" lon="19.796397"><ele>1096.2</ele></trkpt>
      <trkpt lat="49.237254" lon="19.796352"><ele>1096.4</ele></trkpt>
      <trkpt lat="49.237248" lon="19.796317"><ele>1096.6</ele></trkpt>
      <trkpt lat="49.237238" lon="19.796288"><ele>1096.8</ele></trkpt>
      <trkpt lat="49.237226" lon="19.796261"><ele>1097.2</ele></trkpt>
      <trkpt lat="49.237248" lon="19.796269"><ele>1097.4</ele></trkpt>
      <trkpt lat="49.237238" lon="19.796242"><ele>1097.4</ele></trkpt>
      <trkpt lat="49.237232" lon="19.796214"><ele>1097.4</ele></trkpt>
      <trkpt lat="49.237215" lon="19.796138"><ele>1097.6</ele></trkpt>
      <trkpt lat="49.237206" lon="19.796090"><ele>1097.8</ele></trkpt>
      <trkpt lat="49.237203" lon="19.796062"><ele>1098.0</ele></trkpt>
      <trkpt lat="49.237190" lon="19.796034"><ele>1098.0</ele></trkpt>
      <trkpt lat="49.237187" lon="19.796005"><ele>1098.2</ele></trkpt>
      <trkpt lat="49.237174" lon="19.795966"><ele>1098.2</ele></trkpt>
      <trkpt lat="49.237165" lon="19.795931"><ele>1098.4</ele></trkpt>
      <trkpt lat="49.237152" lon="19.795906"><ele>1098.6</ele></trkpt>
      <trkpt lat="49.237139" lon="19.795877"><ele>1098.8</ele></trkpt>
      <trkpt lat="49.237126" lon="19.795851"><ele>1098.8</ele></trkpt>
      <trkpt lat="49.237110" lon="19.795818"><ele>1099.0</ele></trkpt>
      <trkpt lat="49.237094" lon="19.795781"><ele>1099.0</ele></trkpt>
      <trkpt lat="49.237078" lon="19.795747"><ele>1099.0</ele></trkpt>
      <trkpt lat="49.237069" lon="19.795723"><ele>1099.2</ele></trkpt>
      <trkpt lat="49.237056" lon="19.795693"><ele>1099.2</ele></trkpt>
      <trkpt lat="49.237053" lon="19.795654"><ele>1099.4</ele></trkpt>
      <trkpt lat="49.237040" lon="19.795634"><ele>1099.4</ele></trkpt>
      <trkpt lat="49.237027" lon="19.795608"><ele>1099.4</ele></trkpt>
      <trkpt lat="49.237008" lon="19.795576"><ele>1099.4</ele></trkpt>
      <trkpt lat="49.236992" lon="19.795546"><ele>1099.4</ele></trkpt>
      <trkpt lat="49.236979" lon="19.795523"><ele>1099.4</ele></trkpt>
      <trkpt lat="49.236966" lon="19.795488"><ele>1099.2</ele></trkpt>
      <trkpt lat="49.236950" lon="19.795445"><ele>1099.2</ele></trkpt>
      <trkpt lat="49.236931" lon="19.795416"><ele>1099.4</ele></trkpt>
      <trkpt lat="49.236915" lon="19.795389"><ele>1099.4</ele></trkpt>
      <trkpt lat="49.236906" lon="19.795355"><ele>1099.4</ele></trkpt>
      <trkpt lat="49.236890" lon="19.795326"><ele>1099.6</ele></trkpt>
      <trkpt lat="49.236874" lon="19.795298"><ele>1099.6</ele></trkpt>
      <trkpt lat="49.236858" lon="19.795277"><ele>1099.6</ele></trkpt>
      <trkpt lat="49.236842" lon="19.795245"><ele>1099.8</ele></trkpt>
      <trkpt lat="49.236829" lon="19.795206"><ele>1099.8</ele></trkpt>
      <trkpt lat="49.236819" lon="19.795179"><ele>1099.8</ele></trkpt>
      <trkpt lat="49.236813" lon="19.795150"><ele>1099.4</ele></trkpt>
      <trkpt lat="49.236794" lon="19.795131"><ele>1099.4</ele></trkpt>
      <trkpt lat="49.236778" lon="19.795098"><ele>1099.4</ele></trkpt>
      <trkpt lat="49.236752" lon="19.795061"><ele>1099.6</ele></trkpt>
      <trkpt lat="49.236736" lon="19.795030"><ele>1099.6</ele></trkpt>
      <trkpt lat="49.236720" lon="19.794994"><ele>1099.6</ele></trkpt>
      <trkpt lat="49.236707" lon="19.794966"><ele>1099.8</ele></trkpt>
      <trkpt lat="49.236688" lon="19.794941"><ele>1099.8</ele></trkpt>
      <trkpt lat="49.236672" lon="19.794909"><ele>1099.8</ele></trkpt>
      <trkpt lat="49.236653" lon="19.794877"><ele>1099.8</ele></trkpt>
      <trkpt lat="49.236637" lon="19.794851"><ele>1099.8</ele></trkpt>
      <trkpt lat="49.236627" lon="19.794811"><ele>1099.8</ele></trkpt>
      <trkpt lat="49.236608" lon="19.794781"><ele>1100.0</ele></trkpt>
      <trkpt lat="49.236592" lon="19.794752"><ele>1100.0</ele></trkpt>
      <trkpt lat="49.236576" lon="19.794723"><ele>1100.0</ele></trkpt>
      <trkpt lat="49.236570" lon="19.794690"><ele>1100.2</ele></trkpt>
      <trkpt lat="49.236554" lon="19.794653"><ele>1100.4</ele></trkpt>
      <trkpt lat="49.236541" lon="19.794630"><ele>1100.4</ele></trkpt>
      <trkpt lat="49.236528" lon="19.794602"><ele>1100.6</ele></trkpt>
      <trkpt lat="49.236512" lon="19.794571"><ele>1100.8</ele></trkpt>
      <trkpt lat="49.236502" lon="19.794544"><ele>1100.8</ele></trkpt>
      <trkpt lat="49.236493" lon="19.794515"><ele>1101.0</ele></trkpt>
      <trkpt lat="49.236480" lon="19.794486"><ele>1101.0</ele></trkpt>
      <trkpt lat="49.236474" lon="19.794454"><ele>1101.2</ele></trkpt>
      <trkpt lat="49.236461" lon="19.794414"><ele>1101.4</ele></trkpt>
      <trkpt lat="49.236458" lon="19.794373"><ele>1101.4</ele></trkpt>
      <trkpt lat="49.236451" lon="19.794334"><ele>1101.4</ele></trkpt>
      <trkpt lat="49.236438" lon="19.794296"><ele>1101.6</ele></trkpt>
      <trkpt lat="49.236435" lon="19.794266"><ele>1101.6</ele></trkpt>
      <trkpt lat="49.236429" lon="19.794227"><ele>1101.6</ele></trkpt>
      <trkpt lat="49.236422" lon="19.794192"><ele>1101.8</ele></trkpt>
      <trkpt lat="49.236416" lon="19.794152"><ele>1102.0</ele></trkpt>
      <trkpt lat="49.236413" lon="19.794117"><ele>1102.0</ele></trkpt>
      <trkpt lat="49.236410" lon="19.794086"><ele>1102.2</ele></trkpt>
      <trkpt lat="49.236403" lon="19.794048"><ele>1102.4</ele></trkpt>
      <trkpt lat="49.236397" lon="19.794005"><ele>1102.4</ele></trkpt>
      <trkpt lat="49.236384" lon="19.793963"><ele>1102.4</ele></trkpt>
      <trkpt lat="49.236384" lon="19.793926"><ele>1102.6</ele></trkpt>
      <trkpt lat="49.236381" lon="19.793890"><ele>1102.8</ele></trkpt>
      <trkpt lat="49.236378" lon="19.793846"><ele>1102.8</ele></trkpt>
      <trkpt lat="49.236384" lon="19.793818"><ele>1102.8</ele></trkpt>
      <trkpt lat="49.236381" lon="19.793786"><ele>1103.0</ele></trkpt>
      <trkpt lat="49.236381" lon="19.793750"><ele>1103.0</ele></trkpt>
      <trkpt lat="49.236374" lon="19.793707"><ele>1103.2</ele></trkpt>
      <trkpt lat="49.236371" lon="19.793666"><ele>1103.2</ele></trkpt>
      <trkpt lat="49.236362" lon="19.793627"><ele>1103.2</ele></trkpt>
      <trkpt lat="49.236346" lon="19.793589"><ele>1103.4</ele></trkpt>
      <trkpt lat="49.236336" lon="19.793550"><ele>1103.4</ele></trkpt>
      <trkpt lat="49.236330" lon="19.793507"><ele>1103.6</ele></trkpt>
      <trkpt lat="49.236323" lon="19.793462"><ele>1103.8</ele></trkpt>
      <trkpt lat="49.236323" lon="19.793429"><ele>1103.8</ele></trkpt>
      <trkpt lat="49.236323" lon="19.793394"><ele>1104.0</ele></trkpt>
      <trkpt lat="49.236317" lon="19.793354"><ele>1104.2</ele></trkpt>
      <trkpt lat="49.236314" lon="19.793322"><ele>1104.2</ele></trkpt>
      <trkpt lat="49.236310" lon="19.793290"><ele>1104.4</ele></trkpt>
      <trkpt lat="49.236310" lon="19.793253"><ele>1104.4</ele></trkpt>
      <trkpt lat="49.236304" lon="19.793221"><ele>1104.6</ele></trkpt>
      <trkpt lat="49.236298" lon="19.793182"><ele>1104.8</ele></trkpt>
      <trkpt lat="49.236294" lon="19.793141"><ele>1104.8</ele></trkpt>
      <trkpt lat="49.236291" lon="19.793099"><ele>1105.0</ele></trkpt>
      <trkpt lat="49.236285" lon="19.793064"><ele>1105.0</ele></trkpt>
      <trkpt lat="49.236282" lon="19.793030"><ele>1105.2</ele></trkpt>
      <trkpt lat="49.236282" lon="19.792992"><ele>1105.2</ele></trkpt>
      <trkpt lat="49.236282" lon="19.792950"><ele>1105.4</ele></trkpt>
      <trkpt lat="49.236282" lon="19.792912"><ele>1105.4</ele></trkpt>
      <trkpt lat="49.236278" lon="19.792867"><ele>1105.4</ele></trkpt>
      <trkpt lat="49.236262" lon="19.792832"><ele>1105.8</ele></trkpt>
      <trkpt lat="49.236243" lon="19.792826"><ele>1106.2</ele></trkpt>
      <trkpt lat="49.236224" lon="19.792824"><ele>1106.6</ele></trkpt>
      <trkpt lat="49.236221" lon="19.792797"><ele>1106.8</ele></trkpt>
      <trkpt lat="49.236218" lon="19.792762"><ele>1106.6</ele></trkpt>
      <trkpt lat="49.236221" lon="19.792720"><ele>1106.6</ele></trkpt>
      <trkpt lat="49.236224" lon="19.792678"><ele>1106.6</ele></trkpt>
      <trkpt lat="49.236224" lon="19.792630"><ele>1106.6</ele></trkpt>
      <trkpt lat="49.236230" lon="19.792589"><ele>1106.6</ele></trkpt>
      <trkpt lat="49.236234" lon="19.792546"><ele>1106.8</ele></trkpt>
      <trkpt lat="49.236230" lon="19.792488"><ele>1106.6</ele></trkpt>
      <trkpt lat="49.236230" lon="19.792437"><ele>1106.8</ele></trkpt>
      <trkpt lat="49.236234" lon="19.792390"><ele>1106.8</ele></trkpt>
      <trkpt lat="49.236237" lon="19.792349"><ele>1107.0</ele></trkpt>
      <trkpt lat="49.236237" lon="19.792299"><ele>1107.2</ele></trkpt>
      <trkpt lat="49.236253" lon="19.792261"><ele>1107.2</ele></trkpt>
      <trkpt lat="49.236266" lon="19.792229"><ele>1107.2</ele></trkpt>
      <trkpt lat="49.236278" lon="19.792192"><ele>1107.4</ele></trkpt>
      <trkpt lat="49.236291" lon="19.792171"><ele>1107.4</ele></trkpt>
      <trkpt lat="49.236310" lon="19.792141"><ele>1107.6</ele></trkpt>
      <trkpt lat="49.236320" lon="19.792104"><ele>1107.6</ele></trkpt>
      <trkpt lat="49.236333" lon="19.792074"><ele>1108.0</ele></trkpt>
      <trkpt lat="49.236333" lon="19.792032"><ele>1108.2</ele></trkpt>
      <trkpt lat="49.236333" lon="19.791997"><ele>1108.4</ele></trkpt>
      <trkpt lat="49.236317" lon="19.791965"><ele>1108.4</ele></trkpt>
      <trkpt lat="49.236304" lon="19.791938"><ele>1108.4</ele></trkpt>
      <trkpt lat="49.236310" lon="19.791909"><ele>1108.6</ele></trkpt>
      <trkpt lat="49.236330" lon="19.791864"><ele>1108.6</ele></trkpt>
      <trkpt lat="49.236342" lon="19.791829"><ele>1108.6</ele></trkpt>
      <trkpt lat="49.236342" lon="19.791795"><ele>1108.8</ele></trkpt>
      <trkpt lat="49.236342" lon="19.791752"><ele>1108.8</ele></trkpt>
      <trkpt lat="49.236336" lon="19.791725"><ele>1108.8</ele></trkpt>
      <trkpt lat="49.236323" lon="19.791674"><ele>1109.0</ele></trkpt>
      <trkpt lat="49.236317" lon="19.791626"><ele>1109.4</ele></trkpt>
      <trkpt lat="49.236304" lon="19.791582"><ele>1109.8</ele></trkpt>
      <trkpt lat="49.236291" lon="19.791536"><ele>1110.0</ele></trkpt>
      <trkpt lat="49.236278" lon="19.791493"><ele>1110.0</ele></trkpt>
      <trkpt lat="49.236275" lon="19.791466"><ele>1110.0</ele></trkpt>
      <trkpt lat="49.236262" lon="19.791429"><ele>1110.2</ele></trkpt>
      <trkpt lat="49.236262" lon="19.791382"><ele>1110.4</ele></trkpt>
      <trkpt lat="49.236250" lon="19.791362"><ele>1110.6</ele></trkpt>
      <trkpt lat="49.236237" lon="19.791338"><ele>1110.6</ele></trkpt>
      <trkpt lat="49.236221" lon="19.791307"><ele>1111.0</ele></trkpt>
      <trkpt lat="49.236198" lon="19.791277"><ele>1111.2</ele></trkpt>
      <trkpt lat="49.236192" lon="19.791243"><ele>1111.6</ele></trkpt>
      <trkpt lat="49.236176" lon="19.791224"><ele>1111.8</ele></trkpt>
      <trkpt lat="49.236160" lon="19.791184"><ele>1112.0</ele></trkpt>
      <trkpt lat="49.236134" lon="19.791134"><ele>1112.2</ele></trkpt>
      <trkpt lat="49.236125" lon="19.791099"><ele>1112.4</ele></trkpt>
      <trkpt lat="49.236118" lon="19.791067"><ele>1112.4</ele></trkpt>
      <trkpt lat="49.236102" lon="19.791051"><ele>1112.6</ele></trkpt>
      <trkpt lat="49.236102" lon="19.791005"><ele>1112.8</ele></trkpt>
      <trkpt lat="49.236093" lon="19.790981"><ele>1113.0</ele></trkpt>
      <trkpt lat="49.236067" lon="19.790966"><ele>1113.0</ele></trkpt>
      <trkpt lat="49.236054" lon="19.790938"><ele>1113.2</ele></trkpt>
      <trkpt lat="49.236035" lon="19.790901"><ele>1113.2</ele></trkpt>
      <trkpt lat="49.236013" lon="19.790870"><ele>1113.4</ele></trkpt>
      <trkpt lat="49.235997" lon="19.790838"><ele>1113.6</ele></trkpt>
      <trkpt lat="49.235984" lon="19.790794"><ele>1113.6</ele></trkpt>
      <trkpt lat="49.235978" lon="19.790738"><ele>1113.6</ele></trkpt>
      <trkpt lat="49.235968" lon="19.790698"><ele>1113.6</ele></trkpt>
      <trkpt lat="49.235965" lon="19.790653"><ele>1113.8</ele></trkpt>
      <trkpt lat="49.235965" lon="19.790618"><ele>1113.8</ele></trkpt>
      <trkpt lat="49.235958" lon="19.790579"><ele>1114.0</ele></trkpt>
      <trkpt lat="49.235955" lon="19.790541"><ele>1114.2</ele></trkpt>
      <trkpt lat="49.235946" lon="19.790501"><ele>1114.6</ele></trkpt>
      <trkpt lat="49.235936" lon="19.790450"><ele>1114.8</ele></trkpt>
      <trkpt lat="49.235939" lon="19.790421"><ele>1114.8</ele></trkpt>
      <trkpt lat="49.235939" lon="19.790389"><ele>1115.2</ele></trkpt>
      <trkpt lat="49.235942" lon="19.790354"><ele>1115.4</ele></trkpt>
      <trkpt lat="49.235946" lon="19.790315"><ele>1115.6</ele></trkpt>
      <trkpt lat="49.235936" lon="19.790283"><ele>1116.0</ele></trkpt>
      <trkpt lat="49.235923" lon="19.790254"><ele>1116.2</ele></trkpt>
      <trkpt lat="49.235920" lon="19.790210"><ele>1116.4</ele></trkpt>
      <trkpt lat="49.235923" lon="19.790182"><ele>1116.6</ele></trkpt>
      <trkpt lat="49.235936" lon="19.790146"><ele>1117.0</ele></trkpt>
      <trkpt lat="49.235942" lon="19.790112"><ele>1117.2</ele></trkpt>
      <trkpt lat="49.235936" lon="19.790069"><ele>1117.6</ele></trkpt>
      <trkpt lat="49.235936" lon="19.790038"><ele>1117.8</ele></trkpt>
      <trkpt lat="49.235917" lon="19.790011"><ele>1118.2</ele></trkpt>
      <trkpt lat="49.235907" lon="19.789976"><ele>1118.4</ele></trkpt>
      <trkpt lat="49.235898" lon="19.789936"><ele>1118.6</ele></trkpt>
      <trkpt lat="49.235901" lon="19.789902"><ele>1118.8</ele></trkpt>
      <trkpt lat="49.235898" lon="19.789866"><ele>1119.2</ele></trkpt>
      <trkpt lat="49.235888" lon="19.789826"><ele>1119.4</ele></trkpt>
      <trkpt lat="49.235882" lon="19.789789"><ele>1119.6</ele></trkpt>
      <trkpt lat="49.235878" lon="19.789757"><ele>1119.6</ele></trkpt>
      <trkpt lat="49.235875" lon="19.789725"><ele>1120.0</ele></trkpt>
      <trkpt lat="49.235869" lon="19.789685"><ele>1120.0</ele></trkpt>
      <trkpt lat="49.235866" lon="19.789646"><ele>1120.4</ele></trkpt>
      <trkpt lat="49.235878" lon="19.789610"><ele>1120.6</ele></trkpt>
      <trkpt lat="49.235875" lon="19.789571"><ele>1121.0</ele></trkpt>
      <trkpt lat="49.235869" lon="19.789538"><ele>1121.4</ele></trkpt>
      <trkpt lat="49.235869" lon="19.789507"><ele>1121.8</ele></trkpt>
      <trkpt lat="49.235869" lon="19.789459"><ele>1122.2</ele></trkpt>
      <trkpt lat="49.235882" lon="19.789437"><ele>1122.4</ele></trkpt>
      <trkpt lat="49.235894" lon="19.789402"><ele>1122.6</ele></trkpt>
      <trkpt lat="49.235894" lon="19.789371"><ele>1122.8</ele></trkpt>
      <trkpt lat="49.235904" lon="19.789333"><ele>1123.2</ele></trkpt>
      <trkpt lat="49.235898" lon="19.789291"><ele>1123.4</ele></trkpt>
      <trkpt lat="49.235904" lon="19.789261"><ele>1123.6</ele></trkpt>
      <trkpt lat="49.235917" lon="19.789232"><ele>1123.8</ele></trkpt>
      <trkpt lat="49.235936" lon="19.789190"><ele>1124.4</ele></trkpt>
      <trkpt lat="49.235936" lon="19.789162"><ele>1124.8</ele></trkpt>
      <trkpt lat="49.235958" lon="19.789141"><ele>1125.2</ele></trkpt>
      <trkpt lat="49.235978" lon="19.789115"><ele>1125.6</ele></trkpt>
      <trkpt lat="49.235994" lon="19.789078"><ele>1126.0</ele></trkpt>
      <trkpt lat="49.236003" lon="19.789042"><ele>1126.4</ele></trkpt>
      <trkpt lat="49.236019" lon="19.789022"><ele>1126.6</ele></trkpt>
      <trkpt lat="49.236042" lon="19.789006"><ele>1127.0</ele></trkpt>
      <trkpt lat="49.236067" lon="19.789000"><ele>1127.4</ele></trkpt>
      <trkpt lat="49.236086" lon="19.788995"><ele>1127.6</ele></trkpt>
      <trkpt lat="49.236106" lon="19.788992"><ele>1128.0</ele></trkpt>
      <trkpt lat="49.236134" lon="19.788982"><ele>1128.6</ele></trkpt>
      <trkpt lat="49.236160" lon="19.788966"><ele>1129.4</ele></trkpt>
      <trkpt lat="49.236195" lon="19.788965"><ele>1129.8</ele></trkpt>
      <trkpt lat="49.236218" lon="19.788962"><ele>1130.0</ele></trkpt>
      <trkpt lat="49.236253" lon="19.788917"><ele>1130.4</ele></trkpt>
      <trkpt lat="49.236278" lon="19.788893"><ele>1130.8</ele></trkpt>
      <trkpt lat="49.236298" lon="19.788874"><ele>1131.6</ele></trkpt>
      <trkpt lat="49.236317" lon="19.788867"><ele>1132.0</ele></trkpt>
      <trkpt lat="49.236336" lon="19.788867"><ele>1132.4</ele></trkpt>
      <trkpt lat="49.236358" lon="19.788862"><ele>1133.4</ele></trkpt>
      <trkpt lat="49.236381" lon="19.788837"><ele>1133.8</ele></trkpt>
      <trkpt lat="49.236413" lon="19.788816"><ele>1134.2</ele></trkpt>
      <trkpt lat="49.236442" lon="19.788795"><ele>1134.6</ele></trkpt>
      <trkpt lat="49.236461" lon="19.788784"><ele>1134.8</ele></trkpt>
      <trkpt lat="49.236477" lon="19.788755"><ele>1135.2</ele></trkpt>
      <trkpt lat="49.236490" lon="19.788718"><ele>1135.8</ele></trkpt>
      <trkpt lat="49.236502" lon="19.788693"><ele>1136.0</ele></trkpt>
      <trkpt lat="49.236502" lon="19.788646"><ele>1136.6</ele></trkpt>
      <trkpt lat="49.236515" lon="19.788622"><ele>1136.8</ele></trkpt>
      <trkpt lat="49.236515" lon="19.788584"><ele>1137.2</ele></trkpt>
      <trkpt lat="49.236515" lon="19.788549"><ele>1137.4</ele></trkpt>
      <trkpt lat="49.236515" lon="19.788515"><ele>1137.8</ele></trkpt>
      <trkpt lat="49.236502" lon="19.788480"><ele>1138.0</ele></trkpt>
      <trkpt lat="49.236499" lon="19.788446"><ele>1138.2</ele></trkpt>
      <trkpt lat="49.236490" lon="19.788418"><ele>1138.4</ele></trkpt>
      <trkpt lat="49.236477" lon="19.788395"><ele>1138.6</ele></trkpt>
      <trkpt lat="49.236464" lon="19.788365"><ele>1139.0</ele></trkpt>
      <trkpt lat="49.236474" lon="19.788331"><ele>1139.4</ele></trkpt>
      <trkpt lat="49.236490" lon="19.788306"><ele>1139.8</ele></trkpt>
      <trkpt lat="49.236483" lon="19.788269"><ele>1139.8</ele></trkpt>
      <trkpt lat="49.236477" lon="19.788237"><ele>1140.0</ele></trkpt>
      <trkpt lat="49.236470" lon="19.788210"><ele>1140.4</ele></trkpt>
      <trkpt lat="49.236461" lon="19.788178"><ele>1140.8</ele></trkpt>
      <trkpt lat="49.236442" lon="19.788150"><ele>1141.6</ele></trkpt>
      <trkpt lat="49.236416" lon="19.788139"><ele>1142.8</ele></trkpt>
      <trkpt lat="49.236394" lon="19.788138"><ele>1143.4</ele></trkpt>
      <trkpt lat="49.236439" lon="19.788302"><ele>1144.4</ele></trkpt>
      <trkpt lat="49.236435" lon="19.788269"><ele>1144.2</ele></trkpt>
      <trkpt lat="49.236461" lon="19.788282"><ele>1144.0</ele></trkpt>
      <trkpt lat="49.236451" lon="19.788250"><ele>1143.4</ele></trkpt>
      <trkpt lat="49.236464" lon="19.788226"><ele>1142.6</ele></trkpt>
      <trkpt lat="49.236483" lon="19.788230"><ele>1142.2</ele></trkpt>
      <trkpt lat="49.236480" lon="19.788266"><ele>1141.4</ele></trkpt>
      <trkpt lat="49.236464" lon="19.788285"><ele>1141.4</ele></trkpt>
      <trkpt lat="49.236432" lon="19.788299"><ele>1140.8</ele></trkpt>
      <trkpt lat="49.236400" lon="19.788291"><ele>1140.8</ele></trkpt>
      <trkpt lat="49.236378" lon="19.788280"><ele>1140.6</ele></trkpt>
      <trkpt lat="49.236355" lon="19.788256"><ele>1140.8</ele></trkpt>
      <trkpt lat="49.236333" lon="19.788238"><ele>1141.0</ele></trkpt>
      <trkpt lat="49.236310" lon="19.788218"><ele>1141.2</ele></trkpt>
      <trkpt lat="49.236291" lon="19.788181"><ele>1141.4</ele></trkpt>
      <trkpt lat="49.236272" lon="19.788152"><ele>1141.6</ele></trkpt>
      <trkpt lat="49.236256" lon="19.788120"><ele>1141.8</ele></trkpt>
      <trkpt lat="49.236253" lon="19.788093"><ele>1141.8</ele></trkpt>
      <trkpt lat="49.236262" lon="19.788046"><ele>1142.0</ele></trkpt>
      <trkpt lat="49.236266" lon="19.788011"><ele>1142.4</ele></trkpt>
      <trkpt lat="49.236291" lon="19.788018"><ele>1142.6</ele></trkpt>
      <trkpt lat="49.236310" lon="19.788032"><ele>1142.8</ele></trkpt>
      <trkpt lat="49.236336" lon="19.788042"><ele>1143.4</ele></trkpt>
      <trkpt lat="49.236355" lon="19.788022"><ele>1144.2</ele></trkpt>
      <trkpt lat="49.236330" lon="19.788000"><ele>1145.6</ele></trkpt>
      <trkpt lat="49.236317" lon="19.787963"><ele>1146.0</ele></trkpt>
      <trkpt lat="49.236294" lon="19.787960"><ele>1146.2</ele></trkpt>
      <trkpt lat="49.236275" lon="19.787962"><ele>1146.4</ele></trkpt>
      <trkpt lat="49.236262" lon="19.787939"><ele>1146.4</ele></trkpt>
      <trkpt lat="49.236253" lon="19.787907"><ele>1146.6</ele></trkpt>
      <trkpt lat="49.236234" lon="19.787891"><ele>1146.6</ele></trkpt>
      <trkpt lat="49.236234" lon="19.787862"><ele>1146.6</ele></trkpt>
      <trkpt lat="49.236221" lon="19.787834"><ele>1146.6</ele></trkpt>
      <trkpt lat="49.236214" lon="19.787803"><ele>1146.8</ele></trkpt>
      <trkpt lat="49.236224" lon="19.787778"><ele>1146.8</ele></trkpt>
      <trkpt lat="49.236240" lon="19.787790"><ele>1146.6</ele></trkpt>
      <trkpt lat="49.236256" lon="19.787808"><ele>1146.6</ele></trkpt>
      <trkpt lat="49.236275" lon="19.787811"><ele>1146.6</ele></trkpt>
      <trkpt lat="49.236259" lon="19.787837"><ele>1146.6</ele></trkpt>
      <trkpt lat="49.236262" lon="19.787864"><ele>1146.8</ele></trkpt>
      <trkpt lat="49.236253" lon="19.787898"><ele>1146.6</ele></trkpt>
      <trkpt lat="49.236240" lon="19.787941"><ele>1146.4</ele></trkpt>
      <trkpt lat="49.236240" lon="19.787976"><ele>1146.4</ele></trkpt>
      <trkpt lat="49.236240" lon="19.788006"><ele>1146.4</ele></trkpt>
      <trkpt lat="49.236237" lon="19.788050"><ele>1146.4</ele></trkpt>
      <trkpt lat="49.236218" lon="19.788046"><ele>1146.4</ele></trkpt>
      <trkpt lat="49.236198" lon="19.788058"><ele>1147.8</ele></trkpt>
      <trkpt lat="49.236208" lon="19.788043"><ele>1150.6</ele></trkpt>
      <trkpt lat="49.236218" lon="19.788028"><ele>1152.4</ele></trkpt>
      <trkpt lat="49.236227" lon="19.788012"><ele>1154.4</ele></trkpt>
      <trkpt lat="49.236237" lon="19.787998"><ele>1156.6</ele></trkpt>
      <trkpt lat="49.236241" lon="19.787974"><ele>1156.6</ele></trkpt>
      <trkpt lat="49.236244" lon="19.787952"><ele>1156.6</ele></trkpt>
      <trkpt lat="49.236248" lon="19.787929"><ele>1156.6</ele></trkpt>
      <trkpt lat="49.236253" lon="19.787909"><ele>1156.6</ele></trkpt>
      <trkpt lat="49.236260" lon="19.787891"><ele>1157.0</ele></trkpt>
      <trkpt lat="49.236266" lon="19.787872"><ele>1156.6</ele></trkpt>
      <trkpt lat="49.236273" lon="19.787854"><ele>1155.8</ele></trkpt>
      <trkpt lat="49.236279" lon="19.787835"><ele>1154.8</ele></trkpt>
      <trkpt lat="49.236304" lon="19.787848"><ele>1155.0</ele></trkpt>
      <trkpt lat="49.236317" lon="19.787880"><ele>1155.0</ele></trkpt>
      <trkpt lat="49.236330" lon="19.787902"><ele>1155.0</ele></trkpt>
      <trkpt lat="49.236333" lon="19.787942"><ele>1155.0</ele></trkpt>
      <trkpt lat="49.236330" lon="19.787971"><ele>1155.4</ele></trkpt>
      <trkpt lat="49.236304" lon="19.787986"><ele>1156.0</ele></trkpt>
      <trkpt lat="49.236278" lon="19.788000"><ele>1156.0</ele></trkpt>
      <trkpt lat="49.236262" lon="19.788013"><ele>1156.0</ele></trkpt>
      <trkpt lat="49.236240" lon="19.788046"><ele>1156.0</ele></trkpt>
      <trkpt lat="49.236214" lon="19.788067"><ele>1156.4</ele></trkpt>
      <trkpt lat="49.236195" lon="19.788086"><ele>1156.4</ele></trkpt>
      <trkpt lat="49.236192" lon="19.788117"><ele>1156.4</ele></trkpt>
      <trkpt lat="49.236187" lon="19.788140"><ele>1156.4</ele></trkpt>
      <trkpt lat="49.236181" lon="19.788163"><ele>1156.2</ele></trkpt>
      <trkpt lat="49.236176" lon="19.788186"><ele>1156.2</ele></trkpt>
      <trkpt lat="49.236144" lon="19.788192"><ele>1156.0</ele></trkpt>
      <trkpt lat="49.236068" lon="19.788157"><ele>1155.8</ele></trkpt>
      <trkpt lat="49.236061" lon="19.788206"><ele>1155.8</ele></trkpt>
      <trkpt lat="49.236106" lon="19.788224"><ele>1155.8</ele></trkpt>
      <trkpt lat="49.236142" lon="19.788288"><ele>1155.8</ele></trkpt>
      <trkpt lat="49.236160" lon="19.788323"><ele>1156.0</ele></trkpt>
      <trkpt lat="49.236179" lon="19.788323"><ele>1156.0</ele></trkpt>
      <trkpt lat="49.236162" lon="19.788305"><ele>1156.0</ele></trkpt>
      <trkpt lat="49.236146" lon="19.788287"><ele>1156.0</ele></trkpt>
      <trkpt lat="49.236129" lon="19.788270"><ele>1156.0</ele></trkpt>
      <trkpt lat="49.236112" lon="19.788252"><ele>1156.0</ele></trkpt>
      <trkpt lat="49.236095" lon="19.788234"><ele>1156.0</ele></trkpt>
      <trkpt lat="49.236079" lon="19.788216"><ele>1156.0</ele></trkpt>
      <trkpt lat="49.236062" lon="19.788199"><ele>1156.0</ele></trkpt>
      <trkpt lat="49.236045" lon="19.788181"><ele>1156.0</ele></trkpt>
      <trkpt lat="49.236058" lon="19.788158"><ele>1156.0</ele></trkpt>
      <trkpt lat="49.236083" lon="19.788149"><ele>1156.0</ele></trkpt>
      <trkpt lat="49.236093" lon="19.788120"><ele>1156.0</ele></trkpt>
      <trkpt lat="49.236082" lon="19.788107"><ele>1155.8</ele></trkpt>
      <trkpt lat="49.236061" lon="19.788082"><ele>1155.8</ele></trkpt>
      <trkpt lat="49.236040" lon="19.788056"><ele>1155.8</ele></trkpt>
      <trkpt lat="49.236029" lon="19.788043"><ele>1155.8</ele></trkpt>
      <trkpt lat="49.236008" lon="19.788018"><ele>1155.8</ele></trkpt>
      <trkpt lat="49.235997" lon="19.788005"><ele>1155.6</ele></trkpt>
      <trkpt lat="49.235976" lon="19.787980"><ele>1155.6</ele></trkpt>
      <trkpt lat="49.235955" lon="19.787954"><ele>1155.8</ele></trkpt>
      <trkpt lat="49.235971" lon="19.787959"><ele>1155.6</ele></trkpt>
      <trkpt lat="49.235986" lon="19.787964"><ele>1155.6</ele></trkpt>
      <trkpt lat="49.236002" lon="19.787969"><ele>1155.4</ele></trkpt>
      <trkpt lat="49.236017" lon="19.787974"><ele>1155.4</ele></trkpt>
      <trkpt lat="49.236033" lon="19.787979"><ele>1155.4</ele></trkpt>
      <trkpt lat="49.236048" lon="19.787983"><ele>1155.4</ele></trkpt>
      <trkpt lat="49.236064" lon="19.787988"><ele>1155.4</ele></trkpt>
      <trkpt lat="49.236079" lon="19.787993"><ele>1155.4</ele></trkpt>
      <trkpt lat="49.236095" lon="19.787998"><ele>1155.6</ele></trkpt>
      <trkpt lat="49.236110" lon="19.788003"><ele>1155.6</ele></trkpt>
      <trkpt lat="49.236126" lon="19.788008"><ele>1155.6</ele></trkpt>
      <trkpt lat="49.236141" lon="19.788013"><ele>1155.6</ele></trkpt>
      <trkpt lat="49.236147" lon="19.787994"><ele>1155.6</ele></trkpt>
      <trkpt lat="49.236154" lon="19.787975"><ele>1155.8</ele></trkpt>
      <trkpt lat="49.236160" lon="19.787955"><ele>1155.8</ele></trkpt>
      <trkpt lat="49.236166" lon="19.787936"><ele>1155.8</ele></trkpt>
      <trkpt lat="49.236168" lon="19.787908"><ele>1155.8</ele></trkpt>
      <trkpt lat="49.236169" lon="19.787879"><ele>1155.8</ele></trkpt>
      <trkpt lat="49.236171" lon="19.787851"><ele>1156.0</ele></trkpt>
      <trkpt lat="49.236173" lon="19.787823"><ele>1156.0</ele></trkpt>
      <trkpt lat="49.236174" lon="19.787794"><ele>1156.0</ele></trkpt>
      <trkpt lat="49.236176" lon="19.787766"><ele>1156.0</ele></trkpt>
      <trkpt lat="49.236177" lon="19.787737"><ele>1155.8</ele></trkpt>
      <trkpt lat="49.236179" lon="19.787709"><ele>1155.8</ele></trkpt>
      <trkpt lat="49.236186" lon="19.787741"><ele>1155.8</ele></trkpt>
      <trkpt lat="49.236200" lon="19.787747"><ele>1155.4</ele></trkpt>
      <trkpt lat="49.236214" lon="19.787753"><ele>1155.2</ele></trkpt>
      <trkpt lat="49.236229" lon="19.787759"><ele>1155.2</ele></trkpt>
      <trkpt lat="49.236243" lon="19.787765"><ele>1155.2</ele></trkpt>
      <trkpt lat="49.236257" lon="19.787792"><ele>1155.2</ele></trkpt>
      <trkpt lat="49.236264" lon="19.787817"><ele>1155.2</ele></trkpt>
      <trkpt lat="49.236271" lon="19.787841"><ele>1155.2</ele></trkpt>
      <trkpt lat="49.236277" lon="19.787865"><ele>1155.2</ele></trkpt>
      <trkpt lat="49.236284" lon="19.787890"><ele>1155.2</ele></trkpt>
      <trkpt lat="49.236291" lon="19.787914"><ele>1155.2</ele></trkpt>
      <trkpt lat="49.236253" lon="19.787902"><ele>1154.0</ele></trkpt>
      <trkpt lat="49.236251" lon="19.787923"><ele>1154.2</ele></trkpt>
      <trkpt lat="49.236248" lon="19.787944"><ele>1154.4</ele></trkpt>
      <trkpt lat="49.236246" lon="19.787965"><ele>1155.0</ele></trkpt>
      <trkpt lat="49.236244" lon="19.787986"><ele>1155.4</ele></trkpt>
      <trkpt lat="49.236262" lon="19.788032"><ele>1155.4</ele></trkpt>
      <trkpt lat="49.236275" lon="19.788053"><ele>1155.4</ele></trkpt>
      <trkpt lat="49.236282" lon="19.788102"><ele>1155.6</ele></trkpt>
      <trkpt lat="49.236290" lon="19.788189"><ele>1155.8</ele></trkpt>
      <trkpt lat="49.236294" lon="19.788210"><ele>1156.0</ele></trkpt>
      <trkpt lat="49.236314" lon="19.788245"><ele>1156.2</ele></trkpt>
      <trkpt lat="49.236253" lon="19.787938"><ele>1156.0</ele></trkpt>
      <trkpt lat="49.236282" lon="19.787938"><ele>1155.8</ele></trkpt>
      <trkpt lat="49.236278" lon="19.787899"><ele>1155.6</ele></trkpt>
      <trkpt lat="49.236278" lon="19.787862"><ele>1155.4</ele></trkpt>
      <trkpt lat="49.236272" lon="19.787824"><ele>1155.2</ele></trkpt>
      <trkpt lat="49.236262" lon="19.787789"><ele>1155.2</ele></trkpt>
      <trkpt lat="49.236253" lon="19.787813"><ele>1155.0</ele></trkpt>
      <trkpt lat="49.236253" lon="19.787843"><ele>1155.2</ele></trkpt>
      <trkpt lat="49.236239" lon="19.787854"><ele>1155.2</ele></trkpt>
      <trkpt lat="49.236224" lon="19.787865"><ele>1155.2</ele></trkpt>
      <trkpt lat="49.236210" lon="19.787875"><ele>1155.2</ele></trkpt>
      <trkpt lat="49.236195" lon="19.787886"><ele>1155.2</ele></trkpt>
      <trkpt lat="49.236211" lon="19.787899"><ele>1155.4</ele></trkpt>
      <trkpt lat="49.236224" lon="19.787922"><ele>1155.2</ele></trkpt>
      <trkpt lat="49.236237" lon="19.787883"><ele>1155.4</ele></trkpt>
      <trkpt lat="49.236246" lon="19.787867"><ele>1153.0</ele></trkpt>
      <trkpt lat="49.236255" lon="19.787851"><ele>1151.0</ele></trkpt>
      <trkpt lat="49.236240" lon="19.787814"><ele>1149.8</ele></trkpt>
      <trkpt lat="49.236214" lon="19.787805"><ele>1149.8</ele></trkpt>
      <trkpt lat="49.236186" lon="19.787792"><ele>1149.8</ele></trkpt>
      <trkpt lat="49.236157" lon="19.787781"><ele>1149.8</ele></trkpt>
      <trkpt lat="49.236138" lon="19.787773"><ele>1149.6</ele></trkpt>
      <trkpt lat="49.236122" lon="19.787741"><ele>1149.8</ele></trkpt>
      <trkpt lat="49.236144" lon="19.787738"><ele>1149.6</ele></trkpt>
      <trkpt lat="49.236163" lon="19.787733"><ele>1149.6</ele></trkpt>
      <trkpt lat="49.236198" lon="19.787718"><ele>1149.6</ele></trkpt>
      <trkpt lat="49.236218" lon="19.787722"><ele>1149.6</ele></trkpt>
      <trkpt lat="49.236237" lon="19.787733"><ele>1149.8</ele></trkpt>
      <trkpt lat="49.236250" lon="19.787754"><ele>1150.0</ele></trkpt>
      <trkpt lat="49.236240" lon="19.787779"><ele>1149.8</ele></trkpt>
      <trkpt lat="49.236259" lon="19.787760"><ele>1149.4</ele></trkpt>
      <trkpt lat="49.236275" lon="19.787781"><ele>1149.8</ele></trkpt>
      <trkpt lat="49.236250" lon="19.787813"><ele>1148.8</ele></trkpt>
      <trkpt lat="49.236234" lon="19.787792"><ele>1148.8</ele></trkpt>
      <trkpt lat="49.236214" lon="19.787763"><ele>1148.8</ele></trkpt>
      <trkpt lat="49.236198" lon="19.787739"><ele>1148.8</ele></trkpt>
      <trkpt lat="49.236179" lon="19.787715"><ele>1148.8</ele></trkpt>
      <trkpt lat="49.236166" lon="19.787691"><ele>1148.8</ele></trkpt>
      <trkpt lat="49.236138" lon="19.787653"><ele>1148.8</ele></trkpt>
      <trkpt lat="49.236115" lon="19.787642"><ele>1148.8</ele></trkpt>
      <trkpt lat="49.236102" lon="19.787662"><ele>1148.6</ele></trkpt>
      <trkpt lat="49.236086" lon="19.787704"><ele>1148.2</ele></trkpt>
      <trkpt lat="49.236093" lon="19.787733"><ele>1148.0</ele></trkpt>
      <trkpt lat="49.236099" lon="19.787765"><ele>1147.6</ele></trkpt>
      <trkpt lat="49.236106" lon="19.787797"><ele>1147.4</ele></trkpt>
      <trkpt lat="49.236112" lon="19.787832"><ele>1147.6</ele></trkpt>
      <trkpt lat="49.236122" lon="19.787859"><ele>1147.2</ele></trkpt>
      <trkpt lat="49.236131" lon="19.787888"><ele>1146.8</ele></trkpt>
      <trkpt lat="49.236144" lon="19.787920"><ele>1146.2</ele></trkpt>
      <trkpt lat="49.236157" lon="19.787944"><ele>1146.0</ele></trkpt>
      <trkpt lat="49.236173" lon="19.787973"><ele>1145.8</ele></trkpt>
      <trkpt lat="49.236182" lon="19.788000"><ele>1145.6</ele></trkpt>
      <trkpt lat="49.236198" lon="19.788021"><ele>1145.6</ele></trkpt>
      <trkpt lat="49.236221" lon="19.788050"><ele>1145.2</ele></trkpt>
      <trkpt lat="49.236240" lon="19.788069"><ele>1145.0</ele></trkpt>
      <trkpt lat="49.236262" lon="19.788086"><ele>1144.8</ele></trkpt>
      <trkpt lat="49.236285" lon="19.788106"><ele>1144.4</ele></trkpt>
      <trkpt lat="49.236304" lon="19.788131"><ele>1144.0</ele></trkpt>
      <trkpt lat="49.236323" lon="19.788149"><ele>1143.8</ele></trkpt>
      <trkpt lat="49.236339" lon="19.788176"><ele>1143.6</ele></trkpt>
      <trkpt lat="49.236352" lon="19.788198"><ele>1143.6</ele></trkpt>
      <trkpt lat="49.236381" lon="19.788227"><ele>1143.4</ele></trkpt>
      <trkpt lat="49.236410" lon="19.788234"><ele>1143.2</ele></trkpt>
      <trkpt lat="49.236435" lon="19.788242"><ele>1143.0</ele></trkpt>
      <trkpt lat="49.236451" lon="19.788258"><ele>1142.8</ele></trkpt>
      <trkpt lat="49.236474" lon="19.788274"><ele>1142.6</ele></trkpt>
      <trkpt lat="49.236499" lon="19.788288"><ele>1142.2</ele></trkpt>
      <trkpt lat="49.236518" lon="19.788309"><ele>1142.0</ele></trkpt>
      <trkpt lat="49.236538" lon="19.788334"><ele>1141.8</ele></trkpt>
      <trkpt lat="49.236544" lon="19.788363"><ele>1141.4</ele></trkpt>
      <trkpt lat="49.236554" lon="19.788389"><ele>1141.4</ele></trkpt>
      <trkpt lat="49.236560" lon="19.788422"><ele>1141.2</ele></trkpt>
      <trkpt lat="49.236573" lon="19.788464"><ele>1141.0</ele></trkpt>
      <trkpt lat="49.236576" lon="19.788502"><ele>1141.0</ele></trkpt>
      <trkpt lat="49.236579" lon="19.788534"><ele>1141.0</ele></trkpt>
      <trkpt lat="49.236595" lon="19.788563"><ele>1140.6</ele></trkpt>
      <trkpt lat="49.236608" lon="19.788597"><ele>1140.2</ele></trkpt>
      <trkpt lat="49.236627" lon="19.788619"><ele>1139.8</ele></trkpt>
      <trkpt lat="49.236643" lon="19.788638"><ele>1139.6</ele></trkpt>
      <trkpt lat="49.236662" lon="19.788654"><ele>1139.4</ele></trkpt>
      <trkpt lat="49.236688" lon="19.788666"><ele>1139.6</ele></trkpt>
      <trkpt lat="49.236714" lon="19.788674"><ele>1139.6</ele></trkpt>
      <trkpt lat="49.236733" lon="19.788693"><ele>1140.0</ele></trkpt>
      <trkpt lat="49.236752" lon="19.788701"><ele>1140.6</ele></trkpt>
      <trkpt lat="49.236771" lon="19.788706"><ele>1140.8</ele></trkpt>
      <trkpt lat="49.236787" lon="19.788718"><ele>1141.2</ele></trkpt>
      <trkpt lat="49.236806" lon="19.788733"><ele>1141.6</ele></trkpt>
      <trkpt lat="49.236829" lon="19.788733"><ele>1142.0</ele></trkpt>
      <trkpt lat="49.236848" lon="19.788747"><ele>1142.4</ele></trkpt>
      <trkpt lat="49.236870" lon="19.788766"><ele>1142.4</ele></trkpt>
      <trkpt lat="49.236886" lon="19.788790"><ele>1142.4</ele></trkpt>
      <trkpt lat="49.236899" lon="19.788813"><ele>1142.6</ele></trkpt>
      <trkpt lat="49.236925" lon="19.788827"><ele>1142.6</ele></trkpt>
      <trkpt lat="49.236957" lon="19.788842"><ele>1143.0</ele></trkpt>
      <trkpt lat="49.236986" lon="19.788861"><ele>1143.4</ele></trkpt>
      <trkpt lat="49.237008" lon="19.788877"><ele>1143.6</ele></trkpt>
      <trkpt lat="49.237027" lon="19.788890"><ele>1143.8</ele></trkpt>
      <trkpt lat="49.237046" lon="19.788899"><ele>1144.0</ele></trkpt>
      <trkpt lat="49.237066" lon="19.788906"><ele>1144.0</ele></trkpt>
      <trkpt lat="49.237091" lon="19.788925"><ele>1144.2</ele></trkpt>
      <trkpt lat="49.237120" lon="19.788941"><ele>1144.4</ele></trkpt>
      <trkpt lat="49.237152" lon="19.788946"><ele>1144.4</ele></trkpt>
      <trkpt lat="49.237174" lon="19.788955"><ele>1144.4</ele></trkpt>
      <trkpt lat="49.237194" lon="19.788954"><ele>1144.8</ele></trkpt>
      <trkpt lat="49.237216" lon="19.788944"><ele>1145.0</ele></trkpt>
      <trkpt lat="49.237238" lon="19.788963"><ele>1145.2</ele></trkpt>
      <trkpt lat="49.237264" lon="19.788981"><ele>1145.2</ele></trkpt>
      <trkpt lat="49.237290" lon="19.789010"><ele>1145.4</ele></trkpt>
      <trkpt lat="49.237309" lon="19.789040"><ele>1145.2</ele></trkpt>
      <trkpt lat="49.237325" lon="19.789062"><ele>1145.4</ele></trkpt>
      <trkpt lat="49.237338" lon="19.789088"><ele>1145.4</ele></trkpt>
      <trkpt lat="49.237357" lon="19.789110"><ele>1145.6</ele></trkpt>
      <trkpt lat="49.237373" lon="19.789134"><ele>1145.8</ele></trkpt>
      <trkpt lat="49.237395" lon="19.789170"><ele>1146.0</ele></trkpt>
      <trkpt lat="49.237414" lon="19.789211"><ele>1146.0</ele></trkpt>
      <trkpt lat="49.237427" lon="19.789248"><ele>1146.0</ele></trkpt>
      <trkpt lat="49.237446" lon="19.789272"><ele>1146.0</ele></trkpt>
      <trkpt lat="49.237466" lon="19.789283"><ele>1146.2</ele></trkpt>
      <trkpt lat="49.237485" lon="19.789288"><ele>1146.4</ele></trkpt>
      <trkpt lat="49.237504" lon="19.789301"><ele>1146.6</ele></trkpt>
      <trkpt lat="49.237526" lon="19.789298"><ele>1147.0</ele></trkpt>
      <trkpt lat="49.237546" lon="19.789301"><ele>1147.8</ele></trkpt>
      <trkpt lat="49.237568" lon="19.789341"><ele>1148.2</ele></trkpt>
      <trkpt lat="49.237584" lon="19.789360"><ele>1148.4</ele></trkpt>
      <trkpt lat="49.237603" lon="19.789379"><ele>1148.8</ele></trkpt>
      <trkpt lat="49.237626" lon="19.789408"><ele>1149.6</ele></trkpt>
      <trkpt lat="49.237651" lon="19.789435"><ele>1150.4</ele></trkpt>
      <trkpt lat="49.237664" lon="19.789459"><ele>1150.8</ele></trkpt>
      <trkpt lat="49.237680" lon="19.789486"><ele>1151.4</ele></trkpt>
      <trkpt lat="49.237702" lon="19.789512"><ele>1151.8</ele></trkpt>
      <trkpt lat="49.237722" lon="19.789526"><ele>1152.4</ele></trkpt>
      <trkpt lat="49.237741" lon="19.789542"><ele>1153.0</ele></trkpt>
      <trkpt lat="49.237760" lon="19.789565"><ele>1153.8</ele></trkpt>
      <trkpt lat="49.237770" lon="19.789590"><ele>1154.4</ele></trkpt>
      <trkpt lat="49.237773" lon="19.789619"><ele>1155.8</ele></trkpt>
      <trkpt lat="49.237754" lon="19.789611"><ele>1155.4</ele></trkpt>
      <trkpt lat="49.237766" lon="19.789632"><ele>1155.8</ele></trkpt>
      <trkpt lat="49.237782" lon="19.789658"><ele>1155.8</ele></trkpt>
      <trkpt lat="49.237795" lon="19.789680"><ele>1156.0</ele></trkpt>
      <trkpt lat="49.237808" lon="19.789709"><ele>1156.0</ele></trkpt>
      <trkpt lat="49.237827" lon="19.789749"><ele>1156.0</ele></trkpt>
      <trkpt lat="49.237840" lon="19.789778"><ele>1156.0</ele></trkpt>
      <trkpt lat="49.237853" lon="19.789800"><ele>1156.0</ele></trkpt>
      <trkpt lat="49.237878" lon="19.789829"><ele>1156.0</ele></trkpt>
      <trkpt lat="49.237891" lon="19.789856"><ele>1156.2</ele></trkpt>
      <trkpt lat="49.237907" lon="19.789878"><ele>1156.2</ele></trkpt>
      <trkpt lat="49.237926" lon="19.789902"><ele>1156.6</ele></trkpt>
      <trkpt lat="49.237946" lon="19.789930"><ele>1156.8</ele></trkpt>
      <trkpt lat="49.237962" lon="19.789954"><ele>1156.8</ele></trkpt>
      <trkpt lat="49.237978" lon="19.789986"><ele>1156.8</ele></trkpt>
      <trkpt lat="49.237994" lon="19.790018"><ele>1156.8</ele></trkpt>
      <trkpt lat="49.238010" lon="19.790064"><ele>1156.8</ele></trkpt>
      <trkpt lat="49.238022" lon="19.790101"><ele>1157.0</ele></trkpt>
      <trkpt lat="49.238032" lon="19.790141"><ele>1157.2</ele></trkpt>
      <trkpt lat="49.238048" lon="19.790173"><ele>1157.6</ele></trkpt>
      <trkpt lat="49.238070" lon="19.790194"><ele>1157.6</ele></trkpt>
      <trkpt lat="49.238090" lon="19.790210"><ele>1157.6</ele></trkpt>
      <trkpt lat="49.238106" lon="19.790224"><ele>1157.4</ele></trkpt>
      <trkpt lat="49.238118" lon="19.790259"><ele>1157.2</ele></trkpt>
      <trkpt lat="49.238141" lon="19.790283"><ele>1157.2</ele></trkpt>
      <trkpt lat="49.238150" lon="19.790307"><ele>1157.0</ele></trkpt>
      <trkpt lat="49.238166" lon="19.790331"><ele>1156.8</ele></trkpt>
      <trkpt lat="49.238186" lon="19.790362"><ele>1156.8</ele></trkpt>
      <trkpt lat="49.238198" lon="19.790384"><ele>1156.6</ele></trkpt>
      <trkpt lat="49.238208" lon="19.790422"><ele>1156.2</ele></trkpt>
      <trkpt lat="49.238224" lon="19.790456"><ele>1156.0</ele></trkpt>
      <trkpt lat="49.238237" lon="19.790488"><ele>1156.0</ele></trkpt>
      <trkpt lat="49.238246" lon="19.790515"><ele>1155.4</ele></trkpt>
      <trkpt lat="49.238262" lon="19.790538"><ele>1155.0</ele></trkpt>
      <trkpt lat="49.238278" lon="19.790562"><ele>1154.0</ele></trkpt>
      <trkpt lat="49.238298" lon="19.790582"><ele>1153.4</ele></trkpt>
      <trkpt lat="49.238310" lon="19.790608"><ele>1153.0</ele></trkpt>
      <trkpt lat="49.238323" lon="19.790638"><ele>1152.8</ele></trkpt>
      <trkpt lat="49.238339" lon="19.790662"><ele>1152.4</ele></trkpt>
      <trkpt lat="49.238355" lon="19.790691"><ele>1152.0</ele></trkpt>
      <trkpt lat="49.238362" lon="19.790722"><ele>1151.6</ele></trkpt>
      <trkpt lat="49.238378" lon="19.790752"><ele>1151.0</ele></trkpt>
      <trkpt lat="49.238390" lon="19.790781"><ele>1150.6</ele></trkpt>
      <trkpt lat="49.238400" lon="19.790810"><ele>1150.0</ele></trkpt>
      <trkpt lat="49.238410" lon="19.790838"><ele>1149.8</ele></trkpt>
      <trkpt lat="49.238429" lon="19.790859"><ele>1149.4</ele></trkpt>
      <trkpt lat="49.238442" lon="19.790907"><ele>1149.2</ele></trkpt>
      <trkpt lat="49.238454" lon="19.790950"><ele>1149.0</ele></trkpt>
      <trkpt lat="49.238464" lon="19.790978"><ele>1149.0</ele></trkpt>
      <trkpt lat="49.238467" lon="19.791005"><ele>1148.8</ele></trkpt>
      <trkpt lat="49.238467" lon="19.791058"><ele>1148.8</ele></trkpt>
      <trkpt lat="49.238467" lon="19.791096"><ele>1148.6</ele></trkpt>
      <trkpt lat="49.238483" lon="19.791109"><ele>1148.6</ele></trkpt>
      <trkpt lat="49.238486" lon="19.791136"><ele>1148.4</ele></trkpt>
      <trkpt lat="49.238496" lon="19.791176"><ele>1148.2</ele></trkpt>
      <trkpt lat="49.238515" lon="19.791216"><ele>1148.0</ele></trkpt>
      <trkpt lat="49.238525" lon="19.791240"><ele>1148.0</ele></trkpt>
      <trkpt lat="49.238525" lon="19.791269"><ele>1147.8</ele></trkpt>
      <trkpt lat="49.238541" lon="19.791298"><ele>1146.2</ele></trkpt>
      <trkpt lat="49.238547" lon="19.791334"><ele>1146.0</ele></trkpt>
      <trkpt lat="49.238547" lon="19.791378"><ele>1145.8</ele></trkpt>
      <trkpt lat="49.238557" lon="19.791413"><ele>1145.6</ele></trkpt>
      <trkpt lat="49.238563" lon="19.791451"><ele>1145.0</ele></trkpt>
      <trkpt lat="49.238566" lon="19.791478"><ele>1144.8</ele></trkpt>
      <trkpt lat="49.238563" lon="19.791507"><ele>1144.6</ele></trkpt>
      <trkpt lat="49.238557" lon="19.791534"><ele>1144.4</ele></trkpt>
      <trkpt lat="49.238560" lon="19.791565"><ele>1143.8</ele></trkpt>
      <trkpt lat="49.238560" lon="19.791597"><ele>1143.6</ele></trkpt>
      <trkpt lat="49.238557" lon="19.791627"><ele>1143.4</ele></trkpt>
      <trkpt lat="49.238547" lon="19.791666"><ele>1143.2</ele></trkpt>
      <trkpt lat="49.238547" lon="19.791704"><ele>1143.2</ele></trkpt>
      <trkpt lat="49.238554" lon="19.791734"><ele>1142.8</ele></trkpt>
      <trkpt lat="49.238547" lon="19.791771"><ele>1142.8</ele></trkpt>
      <trkpt lat="49.238554" lon="19.791800"><ele>1142.8</ele></trkpt>
      <trkpt lat="49.238557" lon="19.791832"><ele>1142.8</ele></trkpt>
      <trkpt lat="49.238560" lon="19.791866"><ele>1142.6</ele></trkpt>
      <trkpt lat="49.238563" lon="19.791894"><ele>1142.4</ele></trkpt>
      <trkpt lat="49.238563" lon="19.791923"><ele>1142.0</ele></trkpt>
      <trkpt lat="49.238570" lon="19.791955"><ele>1141.6</ele></trkpt>
      <trkpt lat="49.238586" lon="19.791997"><ele>1141.4</ele></trkpt>
      <trkpt lat="49.238595" lon="19.792040"><ele>1141.0</ele></trkpt>
      <trkpt lat="49.238595" lon="19.792078"><ele>1140.8</ele></trkpt>
      <trkpt lat="49.238598" lon="19.792112"><ele>1140.4</ele></trkpt>
      <trkpt lat="49.238598" lon="19.792157"><ele>1140.0</ele></trkpt>
      <trkpt lat="49.238598" lon="19.792194"><ele>1139.6</ele></trkpt>
      <trkpt lat="49.238608" lon="19.792227"><ele>1139.2</ele></trkpt>
      <trkpt lat="49.238634" lon="19.792259"><ele>1139.0</ele></trkpt>
      <trkpt lat="49.238653" lon="19.792272"><ele>1138.8</ele></trkpt>
      <trkpt lat="49.238669" lon="19.792285"><ele>1138.6</ele></trkpt>
      <trkpt lat="49.238688" lon="19.792296"><ele>1138.2</ele></trkpt>
      <trkpt lat="49.238698" lon="19.792320"><ele>1138.0</ele></trkpt>
      <trkpt lat="49.238717" lon="19.792325"><ele>1137.8</ele></trkpt>
      <trkpt lat="49.238694" lon="19.792365"><ele>1137.6</ele></trkpt>
      <trkpt lat="49.238678" lon="19.792390"><ele>1137.6</ele></trkpt>
      <trkpt lat="49.238659" lon="19.792365"><ele>1137.4</ele></trkpt>
      <trkpt lat="49.238656" lon="19.792328"><ele>1137.4</ele></trkpt>
      <trkpt lat="49.238646" lon="19.792298"><ele>1137.4</ele></trkpt>
      <trkpt lat="49.238646" lon="19.792267"><ele>1137.6</ele></trkpt>
      <trkpt lat="49.238659" lon="19.792246"><ele>1138.0</ele></trkpt>
      <trkpt lat="49.238640" lon="19.792246"><ele>1138.4</ele></trkpt>
      <trkpt lat="49.238656" lon="19.792259"><ele>1138.4</ele></trkpt>
      <trkpt lat="49.238669" lon="19.792301"><ele>1137.2</ele></trkpt>
      <trkpt lat="49.238682" lon="19.792336"><ele>1136.8</ele></trkpt>
      <trkpt lat="49.238685" lon="19.792365"><ele>1136.6</ele></trkpt>
      <trkpt lat="49.238688" lon="19.792392"><ele>1136.4</ele></trkpt>
      <trkpt lat="49.238698" lon="19.792418"><ele>1136.2</ele></trkpt>
      <trkpt lat="49.238707" lon="19.792451"><ele>1136.0</ele></trkpt>
      <trkpt lat="49.238717" lon="19.792482"><ele>1135.6</ele></trkpt>
      <trkpt lat="49.238736" lon="19.792482"><ele>1135.4</ele></trkpt>
      <trkpt lat="49.238755" lon="19.792474"><ele>1135.6</ele></trkpt>
      <trkpt lat="49.238774" lon="19.792456"><ele>1135.6</ele></trkpt>
      <trkpt lat="49.238794" lon="19.792461"><ele>1135.8</ele></trkpt>
      <trkpt lat="49.238778" lon="19.792480"><ele>1135.6</ele></trkpt>
      <trkpt lat="49.238755" lon="19.792488"><ele>1135.0</ele></trkpt>
      <trkpt lat="49.238752" lon="19.792528"><ele>1134.8</ele></trkpt>
      <trkpt lat="49.238765" lon="19.792554"><ele>1135.2</ele></trkpt>
      <trkpt lat="49.238787" lon="19.792565"><ele>1135.6</ele></trkpt>
      <trkpt lat="49.238803" lon="19.792579"><ele>1135.6</ele></trkpt>
      <trkpt lat="49.238816" lon="19.792603"><ele>1135.6</ele></trkpt>
      <trkpt lat="49.238800" lon="19.792586"><ele>1135.2</ele></trkpt>
      <trkpt lat="49.238806" lon="19.792555"><ele>1134.8</ele></trkpt>
      <trkpt lat="49.238813" lon="19.792525"><ele>1135.0</ele></trkpt>
      <trkpt lat="49.238826" lon="19.792554"><ele>1136.0</ele></trkpt>
      <trkpt lat="49.238813" lon="19.792523"><ele>1135.6</ele></trkpt>
      <trkpt lat="49.238819" lon="19.792494"><ele>1135.4</ele></trkpt>
      <trkpt lat="49.238800" lon="19.792499"><ele>1135.4</ele></trkpt>
      <trkpt lat="49.238781" lon="19.792520"><ele>1135.2</ele></trkpt>
      <trkpt lat="49.238758" lon="19.792541"><ele>1135.2</ele></trkpt>
      <trkpt lat="49.238726" lon="19.792546"><ele>1135.0</ele></trkpt>
      <trkpt lat="49.238707" lon="19.792523"><ele>1134.8</ele></trkpt>
      <trkpt lat="49.238694" lon="19.792477"><ele>1134.8</ele></trkpt>
      <trkpt lat="49.238688" lon="19.792438"><ele>1135.0</ele></trkpt>
      <trkpt lat="49.238694" lon="19.792406"><ele>1135.2</ele></trkpt>
      <trkpt lat="49.238714" lon="19.792378"><ele>1135.6</ele></trkpt>
      <trkpt lat="49.238720" lon="19.792341"><ele>1135.8</ele></trkpt>
      <trkpt lat="49.238736" lon="19.792312"><ele>1135.8</ele></trkpt>
      <trkpt lat="49.238752" lon="19.792299"><ele>1136.0</ele></trkpt>
      <trkpt lat="49.238774" lon="19.792320"><ele>1136.8</ele></trkpt>
      <trkpt lat="49.238746" lon="19.792346"><ele>1137.0</ele></trkpt>
      <trkpt lat="49.238726" lon="19.792362"><ele>1137.0</ele></trkpt>
      <trkpt lat="49.238707" lon="19.792387"><ele>1136.8</ele></trkpt>
      <trkpt lat="49.238688" lon="19.792418"><ele>1136.8</ele></trkpt>
      <trkpt lat="49.238678" lon="19.792448"><ele>1136.6</ele></trkpt>
      <trkpt lat="49.238666" lon="19.792490"><ele>1136.2</ele></trkpt>
      <trkpt lat="49.238666" lon="19.792518"><ele>1136.0</ele></trkpt>
      <trkpt lat="49.238678" lon="19.792554"><ele>1135.6</ele></trkpt>
      <trkpt lat="49.238694" lon="19.792597"><ele>1135.2</ele></trkpt>
      <trkpt lat="49.238714" lon="19.792608"><ele>1134.8</ele></trkpt>
      <trkpt lat="49.238739" lon="19.792605"><ele>1134.4</ele></trkpt>
      <trkpt lat="49.238765" lon="19.792600"><ele>1134.4</ele></trkpt>
      <trkpt lat="49.238800" lon="19.792576"><ele>1134.4</ele></trkpt>
      <trkpt lat="49.238822" lon="19.792570"><ele>1134.2</ele></trkpt>
      <trkpt lat="49.238842" lon="19.792549"><ele>1134.4</ele></trkpt>
      <trkpt lat="49.238858" lon="19.792563"><ele>1135.6</ele></trkpt>
      <trkpt lat="49.238877" lon="19.792558"><ele>1135.8</ele></trkpt>
      <trkpt lat="49.238887" lon="19.792541"><ele>1137.0</ele></trkpt>
      <trkpt lat="49.238897" lon="19.792526"><ele>1138.0</ele></trkpt>
      <trkpt lat="49.238907" lon="19.792509"><ele>1139.2</ele></trkpt>
      <trkpt lat="49.238931" lon="19.792504"><ele>1139.6</ele></trkpt>
      <trkpt lat="49.238954" lon="19.792509"><ele>1139.8</ele></trkpt>
      <trkpt lat="49.238976" lon="19.792520"><ele>1139.8</ele></trkpt>
      <trkpt lat="49.238998" lon="19.792528"><ele>1140.0</ele></trkpt>
      <trkpt lat="49.238992" lon="19.792573"><ele>1140.2</ele></trkpt>
      <trkpt lat="49.238982" lon="19.792600"><ele>1139.8</ele></trkpt>
      <trkpt lat="49.238973" lon="19.792640"><ele>1139.4</ele></trkpt>
      <trkpt lat="49.238944" lon="19.792646"><ele>1138.8</ele></trkpt>
      <trkpt lat="49.238934" lon="19.792618"><ele>1139.0</ele></trkpt>
      <trkpt lat="49.238941" lon="19.792586"><ele>1139.2</ele></trkpt>
      <trkpt lat="49.238927" lon="19.792588"><ele>1138.8</ele></trkpt>
      <trkpt lat="49.238913" lon="19.792591"><ele>1139.4</ele></trkpt>
      <trkpt lat="49.238899" lon="19.792593"><ele>1139.4</ele></trkpt>
      <trkpt lat="49.238885" lon="19.792595"><ele>1141.6</ele></trkpt>
      <trkpt lat="49.238871" lon="19.792598"><ele>1142.6</ele></trkpt>
      <trkpt lat="49.238861" lon="19.792627"><ele>1141.0</ele></trkpt>
      <trkpt lat="49.238861" lon="19.792664"><ele>1141.0</ele></trkpt>
      <trkpt lat="49.238835" lon="19.792627"><ele>1141.8</ele></trkpt>
      <trkpt lat="49.238845" lon="19.792589"><ele>1142.2</ele></trkpt>
      <trkpt lat="49.238833" lon="19.792578"><ele>1141.2</ele></trkpt>
      <trkpt lat="49.238821" lon="19.792568"><ele>1141.2</ele></trkpt>
      <trkpt lat="49.238809" lon="19.792557"><ele>1141.2</ele></trkpt>
      <trkpt lat="49.238765" lon="19.792563"><ele>1140.8</ele></trkpt>
      <trkpt lat="49.238736" lon="19.792586"><ele>1140.8</ele></trkpt>
      <trkpt lat="49.238720" lon="19.792598"><ele>1140.8</ele></trkpt>
      <trkpt lat="49.238704" lon="19.792629"><ele>1140.6</ele></trkpt>
      <trkpt lat="49.238701" lon="19.792659"><ele>1140.4</ele></trkpt>
      <trkpt lat="49.238701" lon="19.792690"><ele>1140.2</ele></trkpt>
      <trkpt lat="49.238714" lon="19.792718"><ele>1140.0</ele></trkpt>
      <trkpt lat="49.238733" lon="19.792730"><ele>1139.6</ele></trkpt>
      <trkpt lat="49.238739" lon="19.792757"><ele>1139.6</ele></trkpt>
      <trkpt lat="49.238714" lon="19.792762"><ele>1139.0</ele></trkpt>
      <trkpt lat="49.238701" lon="19.792738"><ele>1139.0</ele></trkpt>
      <trkpt lat="49.238707" lon="19.792709"><ele>1139.0</ele></trkpt>
      <trkpt lat="49.238733" lon="19.792714"><ele>1139.2</ele></trkpt>
      <trkpt lat="49.238752" lon="19.792707"><ele>1139.2</ele></trkpt>
      <trkpt lat="49.238774" lon="19.792702"><ele>1139.0</ele></trkpt>
      <trkpt lat="49.238797" lon="19.792699"><ele>1139.0</ele></trkpt>
      <trkpt lat="49.238816" lon="19.792709"><ele>1139.0</ele></trkpt>
      <trkpt lat="49.238832" lon="19.792747"><ele>1139.0</ele></trkpt>
      <trkpt lat="49.238835" lon="19.792802"><ele>1139.0</ele></trkpt>
      <trkpt lat="49.238826" lon="19.792846"><ele>1139.0</ele></trkpt>
      <trkpt lat="49.238806" lon="19.792878"><ele>1138.8</ele></trkpt>
      <trkpt lat="49.238781" lon="19.792896"><ele>1138.6</ele></trkpt>
      <trkpt lat="49.238765" lon="19.792910"><ele>1138.6</ele></trkpt>
      <trkpt lat="49.238746" lon="19.792907"><ele>1138.6</ele></trkpt>
      <trkpt lat="49.238720" lon="19.792912"><ele>1138.4</ele></trkpt>
      <trkpt lat="49.238694" lon="19.792910"><ele>1138.4</ele></trkpt>
      <trkpt lat="49.238669" lon="19.792915"><ele>1138.4</ele></trkpt>
      <trkpt lat="49.238640" lon="19.792893"><ele>1136.0</ele></trkpt>
      <trkpt lat="49.238614" lon="19.792885"><ele>1135.6</ele></trkpt>
      <trkpt lat="49.238582" lon="19.792883"><ele>1135.2</ele></trkpt>
      <trkpt lat="49.238560" lon="19.792875"><ele>1134.6</ele></trkpt>
      <trkpt lat="49.238563" lon="19.792845"><ele>1133.4</ele></trkpt>
      <trkpt lat="49.238547" lon="19.792882"><ele>1133.2</ele></trkpt>
      <trkpt lat="49.238538" lon="19.792917"><ele>1132.6</ele></trkpt>
      <trkpt lat="49.238528" lon="19.792942"><ele>1132.0</ele></trkpt>
      <trkpt lat="49.238506" lon="19.792973"><ele>1131.2</ele></trkpt>
      <trkpt lat="49.238490" lon="19.792990"><ele>1130.8</ele></trkpt>
      <trkpt lat="49.238470" lon="19.792994"><ele>1129.8</ele></trkpt>
      <trkpt lat="49.238448" lon="19.792997"><ele>1129.4</ele></trkpt>
      <trkpt lat="49.238429" lon="19.793024"><ele>1129.2</ele></trkpt>
      <trkpt lat="49.238410" lon="19.793042"><ele>1128.6</ele></trkpt>
      <trkpt lat="49.238387" lon="19.793051"><ele>1128.0</ele></trkpt>
      <trkpt lat="49.238365" lon="19.793053"><ele>1127.4</ele></trkpt>
      <trkpt lat="49.238339" lon="19.793054"><ele>1127.0</ele></trkpt>
      <trkpt lat="49.238310" lon="19.793053"><ele>1126.4</ele></trkpt>
      <trkpt lat="49.238285" lon="19.793054"><ele>1126.0</ele></trkpt>
      <trkpt lat="49.238259" lon="19.793056"><ele>1125.6</ele></trkpt>
      <trkpt lat="49.238237" lon="19.793061"><ele>1125.4</ele></trkpt>
      <trkpt lat="49.238208" lon="19.793056"><ele>1125.2</ele></trkpt>
      <trkpt lat="49.238189" lon="19.793064"><ele>1125.0</ele></trkpt>
      <trkpt lat="49.238166" lon="19.793072"><ele>1124.6</ele></trkpt>
      <trkpt lat="49.238144" lon="19.793082"><ele>1124.4</ele></trkpt>
      <trkpt lat="49.238125" lon="19.793072"><ele>1124.0</ele></trkpt>
      <trkpt lat="49.238099" lon="19.793077"><ele>1123.6</ele></trkpt>
      <trkpt lat="49.238077" lon="19.793086"><ele>1122.2</ele></trkpt>
      <trkpt lat="49.238058" lon="19.793080"><ele>1122.0</ele></trkpt>
      <trkpt lat="49.238026" lon="19.793086"><ele>1121.6</ele></trkpt>
      <trkpt lat="49.238006" lon="19.793093"><ele>1121.4</ele></trkpt>
      <trkpt lat="49.237981" lon="19.793114"><ele>1120.0</ele></trkpt>
      <trkpt lat="49.237952" lon="19.793120"><ele>1119.6</ele></trkpt>
      <trkpt lat="49.237930" lon="19.793122"><ele>1119.4</ele></trkpt>
      <trkpt lat="49.237910" lon="19.793126"><ele>1119.2</ele></trkpt>
      <trkpt lat="49.237882" lon="19.793131"><ele>1119.0</ele></trkpt>
      <trkpt lat="49.237850" lon="19.793141"><ele>1118.8</ele></trkpt>
      <trkpt lat="49.237827" lon="19.793150"><ele>1118.4</ele></trkpt>
      <trkpt lat="49.237802" lon="19.793162"><ele>1118.2</ele></trkpt>
      <trkpt lat="49.237782" lon="19.793176"><ele>1117.8</ele></trkpt>
      <trkpt lat="49.237760" lon="19.793194"><ele>1117.4</ele></trkpt>
      <trkpt lat="49.237734" lon="19.793203"><ele>1117.0</ele></trkpt>
      <trkpt lat="49.237715" lon="19.793206"><ele>1116.8</ele></trkpt>
      <trkpt lat="49.237699" lon="19.793224"><ele>1116.2</ele></trkpt>
      <trkpt lat="49.237680" lon="19.793238"><ele>1115.6</ele></trkpt>
      <trkpt lat="49.237664" lon="19.793253"><ele>1115.4</ele></trkpt>
      <trkpt lat="49.237635" lon="19.793270"><ele>1115.2</ele></trkpt>
      <trkpt lat="49.237610" lon="19.793290"><ele>1115.0</ele></trkpt>
      <trkpt lat="49.237587" lon="19.793298"><ele>1114.6</ele></trkpt>
      <trkpt lat="49.237568" lon="19.793306"><ele>1114.4</ele></trkpt>
      <trkpt lat="49.237546" lon="19.793318"><ele>1114.2</ele></trkpt>
      <trkpt lat="49.237517" lon="19.793330"><ele>1114.0</ele></trkpt>
      <trkpt lat="49.237491" lon="19.793342"><ele>1113.6</ele></trkpt>
      <trkpt lat="49.237466" lon="19.793358"><ele>1113.4</ele></trkpt>
      <trkpt lat="49.237434" lon="19.793374"><ele>1113.4</ele></trkpt>
      <trkpt lat="49.237408" lon="19.793387"><ele>1113.2</ele></trkpt>
      <trkpt lat="49.237386" lon="19.793403"><ele>1113.0</ele></trkpt>
      <trkpt lat="49.237366" lon="19.793408"><ele>1112.6</ele></trkpt>
      <trkpt lat="49.237344" lon="19.793418"><ele>1112.4</ele></trkpt>
      <trkpt lat="49.237315" lon="19.793429"><ele>1112.2</ele></trkpt>
      <trkpt lat="49.237286" lon="19.793438"><ele>1112.0</ele></trkpt>
      <trkpt lat="49.237264" lon="19.793454"><ele>1111.8</ele></trkpt>
      <trkpt lat="49.237238" lon="19.793461"><ele>1111.4</ele></trkpt>
      <trkpt lat="49.237219" lon="19.793470"><ele>1111.0</ele></trkpt>
      <trkpt lat="49.237194" lon="19.793480"><ele>1110.8</ele></trkpt>
      <trkpt lat="49.237168" lon="19.793491"><ele>1110.4</ele></trkpt>
      <trkpt lat="49.237139" lon="19.793510"><ele>1110.0</ele></trkpt>
      <trkpt lat="49.237117" lon="19.793526"><ele>1109.8</ele></trkpt>
      <trkpt lat="49.237098" lon="19.793531"><ele>1109.2</ele></trkpt>
      <trkpt lat="49.237075" lon="19.793549"><ele>1108.8</ele></trkpt>
      <trkpt lat="49.237053" lon="19.793554"><ele>1108.6</ele></trkpt>
      <trkpt lat="49.237030" lon="19.793568"><ele>1108.4</ele></trkpt>
      <trkpt lat="49.237008" lon="19.793579"><ele>1108.2</ele></trkpt>
      <trkpt lat="49.236989" lon="19.793573"><ele>1107.0</ele></trkpt>
      <trkpt lat="49.236957" lon="19.793579"><ele>1107.0</ele></trkpt>
      <trkpt lat="49.236931" lon="19.793592"><ele>1106.6</ele></trkpt>
      <trkpt lat="49.236906" lon="19.793603"><ele>1106.2</ele></trkpt>
      <trkpt lat="49.236886" lon="19.793621"><ele>1105.8</ele></trkpt>
      <trkpt lat="49.236861" lon="19.793630"><ele>1105.6</ele></trkpt>
      <trkpt lat="49.236838" lon="19.793646"><ele>1105.4</ele></trkpt>
      <trkpt lat="49.236813" lon="19.793661"><ele>1105.2</ele></trkpt>
      <trkpt lat="49.236790" lon="19.793670"><ele>1105.0</ele></trkpt>
      <trkpt lat="49.236768" lon="19.793672"><ele>1104.8</ele></trkpt>
      <trkpt lat="49.236749" lon="19.793677"><ele>1104.6</ele></trkpt>
      <trkpt lat="49.236726" lon="19.793686"><ele>1104.4</ele></trkpt>
      <trkpt lat="49.236698" lon="19.793686"><ele>1104.2</ele></trkpt>
      <trkpt lat="49.236672" lon="19.793696"><ele>1104.4</ele></trkpt>
      <trkpt lat="49.236650" lon="19.793702"><ele>1104.2</ele></trkpt>
      <trkpt lat="49.236627" lon="19.793710"><ele>1104.2</ele></trkpt>
      <trkpt lat="49.236602" lon="19.793715"><ele>1104.0</ele></trkpt>
      <trkpt lat="49.236579" lon="19.793725"><ele>1104.0</ele></trkpt>
      <trkpt lat="49.236557" lon="19.793736"><ele>1103.6</ele></trkpt>
      <trkpt lat="49.236538" lon="19.793749"><ele>1103.4</ele></trkpt>
      <trkpt lat="49.236518" lon="19.793752"><ele>1103.2</ele></trkpt>
      <trkpt lat="49.236499" lon="19.793762"><ele>1103.2</ele></trkpt>
      <trkpt lat="49.236470" lon="19.793766"><ele>1103.4</ele></trkpt>
      <trkpt lat="49.236442" lon="19.793781"><ele>1103.6</ele></trkpt>
      <trkpt lat="49.236419" lon="19.793806"><ele>1103.4</ele></trkpt>
      <trkpt lat="49.236410" lon="19.793842"><ele>1103.2</ele></trkpt>
      <trkpt lat="49.236410" lon="19.793878"><ele>1103.2</ele></trkpt>
      <trkpt lat="49.236413" lon="19.793918"><ele>1102.8</ele></trkpt>
      <trkpt lat="49.236419" lon="19.793947"><ele>1102.8</ele></trkpt>
      <trkpt lat="49.236429" lon="19.793978"><ele>1102.6</ele></trkpt>
      <trkpt lat="49.236429" lon="19.794010"><ele>1102.6</ele></trkpt>
      <trkpt lat="49.236432" lon="19.794037"><ele>1102.6</ele></trkpt>
      <trkpt lat="49.236435" lon="19.794067"><ele>1102.4</ele></trkpt>
      <trkpt lat="49.236438" lon="19.794104"><ele>1102.2</ele></trkpt>
      <trkpt lat="49.236442" lon="19.794134"><ele>1102.2</ele></trkpt>
      <trkpt lat="49.236451" lon="19.794168"><ele>1102.0</ele></trkpt>
      <trkpt lat="49.236458" lon="19.794202"><ele>1102.0</ele></trkpt>
      <trkpt lat="49.236461" lon="19.794234"><ele>1101.8</ele></trkpt>
      <trkpt lat="49.236461" lon="19.794266"><ele>1101.8</ele></trkpt>
      <trkpt lat="49.236470" lon="19.794302"><ele>1101.6</ele></trkpt>
      <trkpt lat="49.236483" lon="19.794325"><ele>1101.4</ele></trkpt>
      <trkpt lat="49.236480" lon="19.794362"><ele>1100.4</ele></trkpt>
      <trkpt lat="49.236490" lon="19.794400"><ele>1100.2</ele></trkpt>
      <trkpt lat="49.236499" lon="19.794443"><ele>1100.2</ele></trkpt>
      <trkpt lat="49.236512" lon="19.794475"><ele>1100.2</ele></trkpt>
      <trkpt lat="49.236518" lon="19.794512"><ele>1100.0</ele></trkpt>
      <trkpt lat="49.236531" lon="19.794544"><ele>1099.8</ele></trkpt>
      <trkpt lat="49.236538" lon="19.794581"><ele>1099.6</ele></trkpt>
      <trkpt lat="49.236544" lon="19.794613"><ele>1099.4</ele></trkpt>
      <trkpt lat="49.236557" lon="19.794645"><ele>1099.2</ele></trkpt>
      <trkpt lat="49.236576" lon="19.794675"><ele>1099.0</ele></trkpt>
      <trkpt lat="49.236592" lon="19.794715"><ele>1099.0</ele></trkpt>
      <trkpt lat="49.236598" lon="19.794752"><ele>1099.0</ele></trkpt>
      <trkpt lat="49.236611" lon="19.794792"><ele>1099.0</ele></trkpt>
      <trkpt lat="49.236634" lon="19.794808"><ele>1098.8</ele></trkpt>
      <trkpt lat="49.236650" lon="19.794842"><ele>1098.8</ele></trkpt>
      <trkpt lat="49.236659" lon="19.794874"><ele>1098.6</ele></trkpt>
      <trkpt lat="49.236675" lon="19.794902"><ele>1098.4</ele></trkpt>
      <trkpt lat="49.236694" lon="19.794931"><ele>1098.4</ele></trkpt>
      <trkpt lat="49.236710" lon="19.794966"><ele>1098.4</ele></trkpt>
      <trkpt lat="49.236726" lon="19.794997"><ele>1098.4</ele></trkpt>
      <trkpt lat="49.236739" lon="19.795022"><ele>1098.4</ele></trkpt>
      <trkpt lat="49.236755" lon="19.795051"><ele>1098.2</ele></trkpt>
      <trkpt lat="49.236771" lon="19.795086"><ele>1098.2</ele></trkpt>
      <trkpt lat="49.236790" lon="19.795118"><ele>1098.2</ele></trkpt>
      <trkpt lat="49.236806" lon="19.795150"><ele>1098.0</ele></trkpt>
      <trkpt lat="49.236819" lon="19.795181"><ele>1098.0</ele></trkpt>
      <trkpt lat="49.236842" lon="19.795206"><ele>1098.0</ele></trkpt>
      <trkpt lat="49.236858" lon="19.795230"><ele>1098.0</ele></trkpt>
      <trkpt lat="49.236874" lon="19.795258"><ele>1098.0</ele></trkpt>
      <trkpt lat="49.236893" lon="19.795286"><ele>1098.0</ele></trkpt>
      <trkpt lat="49.236912" lon="19.795314"><ele>1097.8</ele></trkpt>
      <trkpt lat="49.236928" lon="19.795339"><ele>1097.6</ele></trkpt>
      <trkpt lat="49.236938" lon="19.795373"><ele>1097.6</ele></trkpt>
      <trkpt lat="49.236950" lon="19.795408"><ele>1097.6</ele></trkpt>
      <trkpt lat="49.236966" lon="19.795435"><ele>1097.6</ele></trkpt>
      <trkpt lat="49.236986" lon="19.795470"><ele>1097.6</ele></trkpt>
      <trkpt lat="49.237008" lon="19.795478"><ele>1097.4</ele></trkpt>
      <trkpt lat="49.237027" lon="19.795477"><ele>1097.0</ele></trkpt>
      <trkpt lat="49.237034" lon="19.795507"><ele>1097.0</ele></trkpt>
      <trkpt lat="49.237040" lon="19.795534"><ele>1097.0</ele></trkpt>
      <trkpt lat="49.237050" lon="19.795565"><ele>1097.0</ele></trkpt>
      <trkpt lat="49.237056" lon="19.795598"><ele>1096.8</ele></trkpt>
      <trkpt lat="49.237066" lon="19.795635"><ele>1096.8</ele></trkpt>
      <trkpt lat="49.237078" lon="19.795666"><ele>1096.8</ele></trkpt>
      <trkpt lat="49.237088" lon="19.795702"><ele>1096.8</ele></trkpt>
      <trkpt lat="49.237098" lon="19.795734"><ele>1097.0</ele></trkpt>
      <trkpt lat="49.237110" lon="19.795765"><ele>1097.0</ele></trkpt>
      <trkpt lat="49.237130" lon="19.795794"><ele>1096.8</ele></trkpt>
      <trkpt lat="49.237149" lon="19.795816"><ele>1096.8</ele></trkpt>
      <trkpt lat="49.237158" lon="19.795843"><ele>1096.8</ele></trkpt>
      <trkpt lat="49.237174" lon="19.795875"><ele>1096.6</ele></trkpt>
      <trkpt lat="49.237190" lon="19.795910"><ele>1096.6</ele></trkpt>
      <trkpt lat="49.237194" lon="19.795944"><ele>1096.6</ele></trkpt>
      <trkpt lat="49.237197" lon="19.795981"><ele>1096.4</ele></trkpt>
      <trkpt lat="49.237203" lon="19.796019"><ele>1096.2</ele></trkpt>
      <trkpt lat="49.237213" lon="19.796056"><ele>1096.0</ele></trkpt>
      <trkpt lat="49.237229" lon="19.796099"><ele>1096.0</ele></trkpt>
      <trkpt lat="49.237238" lon="19.796130"><ele>1096.0</ele></trkpt>
      <trkpt lat="49.237248" lon="19.796170"><ele>1095.8</ele></trkpt>
      <trkpt lat="49.237254" lon="19.796210"><ele>1095.6</ele></trkpt>
      <trkpt lat="49.237258" lon="19.796250"><ele>1095.4</ele></trkpt>
      <trkpt lat="49.237274" lon="19.796288"><ele>1095.2</ele></trkpt>
      <trkpt lat="49.237283" lon="19.796323"><ele>1095.0</ele></trkpt>
      <trkpt lat="49.237293" lon="19.796366"><ele>1094.8</ele></trkpt>
      <trkpt lat="49.237309" lon="19.796402"><ele>1094.6</ele></trkpt>
      <trkpt lat="49.237315" lon="19.796438"><ele>1094.4</ele></trkpt>
      <trkpt lat="49.237325" lon="19.796469"><ele>1093.8</ele></trkpt>
      <trkpt lat="49.237306" lon="19.796470"><ele>1093.4</ele></trkpt>
      <trkpt lat="49.237312" lon="19.796506"><ele>1093.4</ele></trkpt>
      <trkpt lat="49.237331" lon="19.796547"><ele>1092.8</ele></trkpt>
      <trkpt lat="49.237344" lon="19.796589"><ele>1092.4</ele></trkpt>
      <trkpt lat="49.237354" lon="19.796627"><ele>1092.4</ele></trkpt>
      <trkpt lat="49.237373" lon="19.796661"><ele>1092.2</ele></trkpt>
      <trkpt lat="49.237389" lon="19.796691"><ele>1092.0</ele></trkpt>
      <trkpt lat="49.237373" lon="19.796704"><ele>1091.6</ele></trkpt>
      <trkpt lat="49.237373" lon="19.796739"><ele>1091.6</ele></trkpt>
      <trkpt lat="49.237382" lon="19.796776"><ele>1091.6</ele></trkpt>
      <trkpt lat="49.237392" lon="19.796814"><ele>1091.4</ele></trkpt>
      <trkpt lat="49.237411" lon="19.796843"><ele>1091.2</ele></trkpt>
      <trkpt lat="49.237418" lon="19.796883"><ele>1091.0</ele></trkpt>
      <trkpt lat="49.237434" lon="19.796920"><ele>1091.0</ele></trkpt>
      <trkpt lat="49.237437" lon="19.796952"><ele>1090.8</ele></trkpt>
      <trkpt lat="49.237456" lon="19.796976"><ele>1090.8</ele></trkpt>
      <trkpt lat="49.237466" lon="19.797002"><ele>1090.6</ele></trkpt>
      <trkpt lat="49.237488" lon="19.797019"><ele>1090.4</ele></trkpt>
      <trkpt lat="49.237504" lon="19.797032"><ele>1090.4</ele></trkpt>
      <trkpt lat="49.237517" lon="19.797066"><ele>1090.4</ele></trkpt>
      <trkpt lat="49.237533" lon="19.797088"><ele>1090.2</ele></trkpt>
      <trkpt lat="49.237552" lon="19.797114"><ele>1090.0</ele></trkpt>
      <trkpt lat="49.237571" lon="19.797146"><ele>1089.8</ele></trkpt>
      <trkpt lat="49.237594" lon="19.797173"><ele>1089.8</ele></trkpt>
      <trkpt lat="49.237613" lon="19.797206"><ele>1089.8</ele></trkpt>
      <trkpt lat="49.237622" lon="19.797230"><ele>1089.6</ele></trkpt>
      <trkpt lat="49.237629" lon="19.797264"><ele>1089.6</ele></trkpt>
      <trkpt lat="49.237648" lon="19.797291"><ele>1089.4</ele></trkpt>
      <trkpt lat="49.237667" lon="19.797322"><ele>1089.2</ele></trkpt>
      <trkpt lat="49.237680" lon="19.797355"><ele>1089.2</ele></trkpt>
      <trkpt lat="49.237693" lon="19.797386"><ele>1089.0</ele></trkpt>
      <trkpt lat="49.237712" lon="19.797410"><ele>1088.8</ele></trkpt>
      <trkpt lat="49.237731" lon="19.797430"><ele>1088.8</ele></trkpt>
      <trkpt lat="49.237750" lon="19.797474"><ele>1088.8</ele></trkpt>
      <trkpt lat="49.237779" lon="19.797509"><ele>1088.8</ele></trkpt>
      <trkpt lat="49.237792" lon="19.797538"><ele>1088.6</ele></trkpt>
      <trkpt lat="49.237786" lon="19.797571"><ele>1088.6</ele></trkpt>
      <trkpt lat="49.237782" lon="19.797602"><ele>1088.6</ele></trkpt>
      <trkpt lat="49.237792" lon="19.797634"><ele>1088.4</ele></trkpt>
      <trkpt lat="49.237811" lon="19.797661"><ele>1088.4</ele></trkpt>
      <trkpt lat="49.237830" lon="19.797686"><ele>1088.4</ele></trkpt>
      <trkpt lat="49.237850" lon="19.797712"><ele>1088.4</ele></trkpt>
      <trkpt lat="49.237872" lon="19.797738"><ele>1088.2</ele></trkpt>
      <trkpt lat="49.237878" lon="19.797768"><ele>1088.2</ele></trkpt>
      <trkpt lat="49.237888" lon="19.797802"><ele>1088.0</ele></trkpt>
      <trkpt lat="49.237901" lon="19.797826"><ele>1088.0</ele></trkpt>
      <trkpt lat="49.237901" lon="19.797858"><ele>1087.8</ele></trkpt>
      <trkpt lat="49.237923" lon="19.797890"><ele>1087.8</ele></trkpt>
      <trkpt lat="49.237949" lon="19.797912"><ele>1087.8</ele></trkpt>
      <trkpt lat="49.237978" lon="19.797933"><ele>1087.6</ele></trkpt>
      <trkpt lat="49.238003" lon="19.797952"><ele>1087.4</ele></trkpt>
      <trkpt lat="49.238022" lon="19.797978"><ele>1087.4</ele></trkpt>
      <trkpt lat="49.238038" lon="19.798005"><ele>1087.2</ele></trkpt>
      <trkpt lat="49.238048" lon="19.798040"><ele>1087.2</ele></trkpt>
      <trkpt lat="49.238067" lon="19.798061"><ele>1087.0</ele></trkpt>
      <trkpt lat="49.238086" lon="19.798094"><ele>1087.0</ele></trkpt>
      <trkpt lat="49.238099" lon="19.798131"><ele>1087.2</ele></trkpt>
      <trkpt lat="49.238122" lon="19.798155"><ele>1087.0</ele></trkpt>
      <trkpt lat="49.238112" lon="19.798181"><ele>1086.6</ele></trkpt>
      <trkpt lat="49.238099" lon="19.798226"><ele>1086.8</ele></trkpt>
      <trkpt lat="49.238118" lon="19.798246"><ele>1086.2</ele></trkpt>
      <trkpt lat="49.238138" lon="19.798283"><ele>1086.0</ele></trkpt>
      <trkpt lat="49.238150" lon="19.798307"><ele>1086.0</ele></trkpt>
      <trkpt lat="49.238163" lon="19.798334"><ele>1086.0</ele></trkpt>
      <trkpt lat="49.238179" lon="19.798362"><ele>1085.8</ele></trkpt>
      <trkpt lat="49.238205" lon="19.798389"><ele>1085.8</ele></trkpt>
      <trkpt lat="49.238224" lon="19.798426"><ele>1085.6</ele></trkpt>
      <trkpt lat="49.238237" lon="19.798453"><ele>1085.4</ele></trkpt>
      <trkpt lat="49.238250" lon="19.798478"><ele>1085.4</ele></trkpt>
      <trkpt lat="49.238259" lon="19.798502"><ele>1085.2</ele></trkpt>
      <trkpt lat="49.238269" lon="19.798531"><ele>1085.2</ele></trkpt>
      <trkpt lat="49.238285" lon="19.798566"><ele>1085.0</ele></trkpt>
      <trkpt lat="49.238323" lon="19.798597"><ele>1085.0</ele></trkpt>
      <trkpt lat="49.238326" lon="19.798651"><ele>1085.0</ele></trkpt>
      <trkpt lat="49.238336" lon="19.798677"><ele>1085.0</ele></trkpt>
      <trkpt lat="49.238346" lon="19.798715"><ele>1084.8</ele></trkpt>
      <trkpt lat="49.238362" lon="19.798754"><ele>1084.6</ele></trkpt>
      <trkpt lat="49.238378" lon="19.798786"><ele>1084.4</ele></trkpt>
      <trkpt lat="49.238390" lon="19.798811"><ele>1084.4</ele></trkpt>
      <trkpt lat="49.238403" lon="19.798842"><ele>1084.2</ele></trkpt>
      <trkpt lat="49.238422" lon="19.798875"><ele>1084.0</ele></trkpt>
      <trkpt lat="49.238429" lon="19.798910"><ele>1084.0</ele></trkpt>
      <trkpt lat="49.238435" lon="19.798942"><ele>1083.8</ele></trkpt>
      <trkpt lat="49.238442" lon="19.798974"><ele>1083.8</ele></trkpt>
      <trkpt lat="49.238448" lon="19.799005"><ele>1083.6</ele></trkpt>
      <trkpt lat="49.238454" lon="19.799038"><ele>1083.4</ele></trkpt>
      <trkpt lat="49.238458" lon="19.799069"><ele>1083.2</ele></trkpt>
      <trkpt lat="49.238458" lon="19.799101"><ele>1083.2</ele></trkpt>
      <trkpt lat="49.238454" lon="19.799138"><ele>1083.2</ele></trkpt>
      <trkpt lat="49.238461" lon="19.799192"><ele>1083.0</ele></trkpt>
      <trkpt lat="49.238454" lon="19.799248"><ele>1082.8</ele></trkpt>
      <trkpt lat="49.238458" lon="19.799286"><ele>1082.6</ele></trkpt>
      <trkpt lat="49.238461" lon="19.799330"><ele>1082.6</ele></trkpt>
      <trkpt lat="49.238467" lon="19.799370"><ele>1082.6</ele></trkpt>
      <trkpt lat="49.238480" lon="19.799408"><ele>1082.6</ele></trkpt>
      <trkpt lat="49.238483" lon="19.799466"><ele>1082.4</ele></trkpt>
      <trkpt lat="49.238490" lon="19.799494"><ele>1082.4</ele></trkpt>
      <trkpt lat="49.238490" lon="19.799536"><ele>1082.4</ele></trkpt>
      <trkpt lat="49.238480" lon="19.799576"><ele>1082.4</ele></trkpt>
      <trkpt lat="49.238467" lon="19.799598"><ele>1082.4</ele></trkpt>
      <trkpt lat="49.238445" lon="19.799608"><ele>1082.4</ele></trkpt>
      <trkpt lat="49.238426" lon="19.799640"><ele>1082.2</ele></trkpt>
      <trkpt lat="49.238406" lon="19.799643"><ele>1082.2</ele></trkpt>
      <trkpt lat="49.238429" lon="19.799624"><ele>1082.0</ele></trkpt>
      <trkpt lat="49.238442" lon="19.799646"><ele>1082.2</ele></trkpt>
      <trkpt lat="49.238445" lon="19.799674"><ele>1082.2</ele></trkpt>
      <trkpt lat="49.238461" lon="19.799694"><ele>1082.2</ele></trkpt>
      <trkpt lat="49.238470" lon="19.799720"><ele>1082.2</ele></trkpt>
      <trkpt lat="49.238483" lon="19.799754"><ele>1082.0</ele></trkpt>
      <trkpt lat="49.238499" lon="19.799787"><ele>1082.0</ele></trkpt>
      <trkpt lat="49.238496" lon="19.799822"><ele>1082.0</ele></trkpt>
      <trkpt lat="49.238499" lon="19.799862"><ele>1081.8</ele></trkpt>
      <trkpt lat="49.238496" lon="19.799918"><ele>1081.6</ele></trkpt>
      <trkpt lat="49.238490" lon="19.799946"><ele>1081.6</ele></trkpt>
      <trkpt lat="49.238496" lon="19.800006"><ele>1081.4</ele></trkpt>
      <trkpt lat="49.238499" lon="19.800040"><ele>1081.4</ele></trkpt>
      <trkpt lat="49.238499" lon="19.800077"><ele>1081.4</ele></trkpt>
      <trkpt lat="49.238506" lon="19.800107"><ele>1081.2</ele></trkpt>
      <trkpt lat="49.238509" lon="19.800144"><ele>1081.2</ele></trkpt>
      <trkpt lat="49.238515" lon="19.800171"><ele>1081.0</ele></trkpt>
      <trkpt lat="49.238522" lon="19.800203"><ele>1081.0</ele></trkpt>
      <trkpt lat="49.238522" lon="19.800235"><ele>1081.0</ele></trkpt>
      <trkpt lat="49.238522" lon="19.800269"><ele>1081.0</ele></trkpt>
      <trkpt lat="49.238522" lon="19.800309"><ele>1081.0</ele></trkpt>
      <trkpt lat="49.238522" lon="19.800338"><ele>1081.0</ele></trkpt>
      <trkpt lat="49.238525" lon="19.800368"><ele>1080.8</ele></trkpt>
      <trkpt lat="49.238538" lon="19.800389"><ele>1080.8</ele></trkpt>
      <trkpt lat="49.238541" lon="19.800421"><ele>1080.6</ele></trkpt>
      <trkpt lat="49.238563" lon="19.800421"><ele>1080.4</ele></trkpt>
      <trkpt lat="49.238582" lon="19.800424"><ele>1080.0</ele></trkpt>
      <trkpt lat="49.238589" lon="19.800451"><ele>1080.0</ele></trkpt>
      <trkpt lat="49.238602" lon="19.800493"><ele>1080.0</ele></trkpt>
      <trkpt lat="49.238608" lon="19.800541"><ele>1080.0</ele></trkpt>
      <trkpt lat="49.238618" lon="19.800579"><ele>1080.0</ele></trkpt>
      <trkpt lat="49.238634" lon="19.800613"><ele>1080.0</ele></trkpt>
      <trkpt lat="49.238640" lon="19.800648"><ele>1080.2</ele></trkpt>
      <trkpt lat="49.238646" lon="19.800675"><ele>1080.2</ele></trkpt>
      <trkpt lat="49.238653" lon="19.800702"><ele>1080.2</ele></trkpt>
      <trkpt lat="49.238659" lon="19.800731"><ele>1080.0</ele></trkpt>
      <trkpt lat="49.238669" lon="19.800757"><ele>1080.0</ele></trkpt>
      <trkpt lat="49.238682" lon="19.800778"><ele>1080.0</ele></trkpt>
      <trkpt lat="49.238701" lon="19.800806"><ele>1080.0</ele></trkpt>
      <trkpt lat="49.238701" lon="19.800838"><ele>1080.0</ele></trkpt>
      <trkpt lat="49.238701" lon="19.800870"><ele>1079.8</ele></trkpt>
      <trkpt lat="49.238707" lon="19.800904"><ele>1079.6</ele></trkpt>
      <trkpt lat="49.238717" lon="19.800947"><ele>1079.4</ele></trkpt>
      <trkpt lat="49.238720" lon="19.800981"><ele>1079.4</ele></trkpt>
      <trkpt lat="49.238726" lon="19.801010"><ele>1079.2</ele></trkpt>
      <trkpt lat="49.238726" lon="19.801040"><ele>1079.2</ele></trkpt>
      <trkpt lat="49.238726" lon="19.801074"><ele>1079.0</ele></trkpt>
      <trkpt lat="49.238736" lon="19.801107"><ele>1078.8</ele></trkpt>
      <trkpt lat="49.238739" lon="19.801152"><ele>1078.6</ele></trkpt>
      <trkpt lat="49.238742" lon="19.801205"><ele>1078.6</ele></trkpt>
      <trkpt lat="49.238755" lon="19.801242"><ele>1078.4</ele></trkpt>
      <trkpt lat="49.238752" lon="19.801293"><ele>1078.4</ele></trkpt>
      <trkpt lat="49.238752" lon="19.801322"><ele>1078.4</ele></trkpt>
      <trkpt lat="49.238755" lon="19.801373"><ele>1078.2</ele></trkpt>
      <trkpt lat="49.238765" lon="19.801406"><ele>1078.0</ele></trkpt>
      <trkpt lat="49.238768" lon="19.801446"><ele>1078.0</ele></trkpt>
      <trkpt lat="49.238774" lon="19.801482"><ele>1078.0</ele></trkpt>
      <trkpt lat="49.238787" lon="19.801512"><ele>1077.8</ele></trkpt>
      <trkpt lat="49.238800" lon="19.801544"><ele>1077.6</ele></trkpt>
      <trkpt lat="49.238813" lon="19.801586"><ele>1077.6</ele></trkpt>
      <trkpt lat="49.238816" lon="19.801613"><ele>1077.6</ele></trkpt>
      <trkpt lat="49.238826" lon="19.801650"><ele>1077.6</ele></trkpt>
      <trkpt lat="49.238835" lon="19.801683"><ele>1077.6</ele></trkpt>
      <trkpt lat="49.238854" lon="19.801710"><ele>1077.6</ele></trkpt>
      <trkpt lat="49.238877" lon="19.801742"><ele>1077.6</ele></trkpt>
      <trkpt lat="49.238906" lon="19.801771"><ele>1077.4</ele></trkpt>
      <trkpt lat="49.238938" lon="19.801808"><ele>1077.4</ele></trkpt>
      <trkpt lat="49.238966" lon="19.801837"><ele>1077.4</ele></trkpt>
      <trkpt lat="49.238963" lon="19.801883"><ele>1077.2</ele></trkpt>
      <trkpt lat="49.238966" lon="19.801931"><ele>1077.4</ele></trkpt>
      <trkpt lat="49.238973" lon="19.801979"><ele>1077.2</ele></trkpt>
      <trkpt lat="49.238979" lon="19.802019"><ele>1077.2</ele></trkpt>
      <trkpt lat="49.239005" lon="19.802019"><ele>1077.2</ele></trkpt>
      <trkpt lat="49.239030" lon="19.802030"><ele>1077.2</ele></trkpt>
      <trkpt lat="49.239050" lon="19.802058"><ele>1077.2</ele></trkpt>
      <trkpt lat="49.239034" lon="19.802082"><ele>1077.2</ele></trkpt>
      <trkpt lat="49.239021" lon="19.802102"><ele>1077.0</ele></trkpt>
      <trkpt lat="49.239037" lon="19.802125"><ele>1077.0</ele></trkpt>
      <trkpt lat="49.239050" lon="19.802150"><ele>1077.0</ele></trkpt>
      <trkpt lat="49.239072" lon="19.802178"><ele>1077.0</ele></trkpt>
      <trkpt lat="49.239091" lon="19.802214"><ele>1077.0</ele></trkpt>
      <trkpt lat="49.239094" lon="19.802254"><ele>1077.0</ele></trkpt>
      <trkpt lat="49.239101" lon="19.802296"><ele>1077.2</ele></trkpt>
      <trkpt lat="49.239120" lon="19.802322"><ele>1077.0</ele></trkpt>
      <trkpt lat="49.239117" lon="19.802366"><ele>1077.0</ele></trkpt>
      <trkpt lat="49.239130" lon="19.802394"><ele>1076.8</ele></trkpt>
      <trkpt lat="49.239142" lon="19.802427"><ele>1076.8</ele></trkpt>
      <trkpt lat="49.239162" lon="19.802440"><ele>1077.0</ele></trkpt>
      <trkpt lat="49.239181" lon="19.802459"><ele>1077.0</ele></trkpt>
      <trkpt lat="49.239184" lon="19.802486"><ele>1077.0</ele></trkpt>
      <trkpt lat="49.239203" lon="19.802506"><ele>1076.8</ele></trkpt>
      <trkpt lat="49.239229" lon="19.802526"><ele>1076.8</ele></trkpt>
      <trkpt lat="49.239235" lon="19.802562"><ele>1076.8</ele></trkpt>
      <trkpt lat="49.239242" lon="19.802602"><ele>1076.6</ele></trkpt>
      <trkpt lat="49.239251" lon="19.802629"><ele>1076.6</ele></trkpt>
      <trkpt lat="49.239264" lon="19.802674"><ele>1076.6</ele></trkpt>
      <trkpt lat="49.239290" lon="19.802696"><ele>1076.6</ele></trkpt>
      <trkpt lat="49.239299" lon="19.802733"><ele>1076.4</ele></trkpt>
      <trkpt lat="49.239293" lon="19.802768"><ele>1076.4</ele></trkpt>
      <trkpt lat="49.239283" lon="19.802806"><ele>1076.4</ele></trkpt>
      <trkpt lat="49.239261" lon="19.802845"><ele>1076.4</ele></trkpt>
      <trkpt lat="49.239251" lon="19.802870"><ele>1076.4</ele></trkpt>
      <trkpt lat="49.239254" lon="19.802920"><ele>1076.2</ele></trkpt>
      <trkpt lat="49.239229" lon="19.802939"><ele>1076.0</ele></trkpt>
      <trkpt lat="49.239242" lon="19.802965"><ele>1075.4</ele></trkpt>
      <trkpt lat="49.239258" lon="19.803024"><ele>1075.4</ele></trkpt>
      <trkpt lat="49.239258" lon="19.803080"><ele>1075.2</ele></trkpt>
      <trkpt lat="49.239270" lon="19.803134"><ele>1075.2</ele></trkpt>
      <trkpt lat="49.239274" lon="19.803181"><ele>1075.2</ele></trkpt>
      <trkpt lat="49.239270" lon="19.803208"><ele>1075.0</ele></trkpt>
      <trkpt lat="49.239280" lon="19.803250"><ele>1074.4</ele></trkpt>
      <trkpt lat="49.239293" lon="19.803283"><ele>1073.8</ele></trkpt>
      <trkpt lat="49.239274" lon="19.803338"><ele>1073.4</ele></trkpt>
      <trkpt lat="49.239261" lon="19.803371"><ele>1073.2</ele></trkpt>
      <trkpt lat="49.239270" lon="19.803416"><ele>1073.2</ele></trkpt>
      <trkpt lat="49.239290" lon="19.803402"><ele>1072.6</ele></trkpt>
      <trkpt lat="49.239270" lon="19.803398"><ele>1072.4</ele></trkpt>
      <trkpt lat="49.239290" lon="19.803416"><ele>1072.2</ele></trkpt>
      <trkpt lat="49.239293" lon="19.803443"><ele>1072.2</ele></trkpt>
      <trkpt lat="49.239299" lon="19.803472"><ele>1072.2</ele></trkpt>
      <trkpt lat="49.239309" lon="19.803506"><ele>1072.4</ele></trkpt>
      <trkpt lat="49.239318" lon="19.803547"><ele>1072.2</ele></trkpt>
      <trkpt lat="49.239331" lon="19.803590"><ele>1072.2</ele></trkpt>
      <trkpt lat="49.239334" lon="19.803619"><ele>1072.2</ele></trkpt>
      <trkpt lat="49.239338" lon="19.803648"><ele>1072.2</ele></trkpt>
      <trkpt lat="49.239341" lon="19.803675"><ele>1072.0</ele></trkpt>
      <trkpt lat="49.239344" lon="19.803725"><ele>1072.0</ele></trkpt>
      <trkpt lat="49.239354" lon="19.803776"><ele>1071.8</ele></trkpt>
      <trkpt lat="49.239363" lon="19.803816"><ele>1071.8</ele></trkpt>
      <trkpt lat="49.239376" lon="19.803845"><ele>1071.6</ele></trkpt>
      <trkpt lat="49.239382" lon="19.803893"><ele>1071.4</ele></trkpt>
      <trkpt lat="49.239392" lon="19.803918"><ele>1071.4</ele></trkpt>
      <trkpt lat="49.239408" lon="19.803962"><ele>1071.4</ele></trkpt>
      <trkpt lat="49.239421" lon="19.804002"><ele>1071.2</ele></trkpt>
      <trkpt lat="49.239434" lon="19.804043"><ele>1071.0</ele></trkpt>
      <trkpt lat="49.239437" lon="19.804072"><ele>1071.0</ele></trkpt>
      <trkpt lat="49.239450" lon="19.804106"><ele>1071.0</ele></trkpt>
      <trkpt lat="49.239450" lon="19.804154"><ele>1071.0</ele></trkpt>
      <trkpt lat="49.239443" lon="19.804186"><ele>1071.0</ele></trkpt>
      <trkpt lat="49.239469" lon="19.804195"><ele>1070.8</ele></trkpt>
      <trkpt lat="49.239507" lon="19.804213"><ele>1070.8</ele></trkpt>
      <trkpt lat="49.239526" lon="19.804258"><ele>1070.8</ele></trkpt>
      <trkpt lat="49.239533" lon="19.804290"><ele>1070.6</ele></trkpt>
      <trkpt lat="49.239539" lon="19.804326"><ele>1070.6</ele></trkpt>
      <trkpt lat="49.239539" lon="19.804371"><ele>1070.8</ele></trkpt>
      <trkpt lat="49.239526" lon="19.804424"><ele>1070.6</ele></trkpt>
      <trkpt lat="49.239526" lon="19.804453"><ele>1070.6</ele></trkpt>
      <trkpt lat="49.239533" lon="19.804485"><ele>1070.8</ele></trkpt>
      <trkpt lat="49.239549" lon="19.804520"><ele>1070.6</ele></trkpt>
      <trkpt lat="49.239542" lon="19.804549"><ele>1070.6</ele></trkpt>
      <trkpt lat="49.239552" lon="19.804581"><ele>1070.6</ele></trkpt>
      <trkpt lat="49.239555" lon="19.804637"><ele>1070.6</ele></trkpt>
      <trkpt lat="49.239549" lon="19.804667"><ele>1070.6</ele></trkpt>
      <trkpt lat="49.239536" lon="19.804688"><ele>1070.6</ele></trkpt>
      <trkpt lat="49.239533" lon="19.804739"><ele>1070.8</ele></trkpt>
      <trkpt lat="49.239520" lon="19.804789"><ele>1070.8</ele></trkpt>
      <trkpt lat="49.239526" lon="19.804829"><ele>1070.8</ele></trkpt>
      <trkpt lat="49.239552" lon="19.804856"><ele>1071.0</ele></trkpt>
      <trkpt lat="49.239571" lon="19.804882"><ele>1071.0</ele></trkpt>
      <trkpt lat="49.239568" lon="19.804926"><ele>1071.2</ele></trkpt>
      <trkpt lat="49.239568" lon="19.804966"><ele>1071.2</ele></trkpt>
      <trkpt lat="49.239562" lon="19.805006"><ele>1071.4</ele></trkpt>
      <trkpt lat="49.239555" lon="19.805045"><ele>1071.4</ele></trkpt>
      <trkpt lat="49.239533" lon="19.805059"><ele>1071.2</ele></trkpt>
      <trkpt lat="49.239517" lon="19.805042"><ele>1071.4</ele></trkpt>
      <trkpt lat="49.239526" lon="19.805070"><ele>1071.2</ele></trkpt>
      <trkpt lat="49.239539" lon="19.805101"><ele>1071.4</ele></trkpt>
      <trkpt lat="49.239558" lon="19.805122"><ele>1071.6</ele></trkpt>
      <trkpt lat="49.239568" lon="19.805150"><ele>1071.6</ele></trkpt>
      <trkpt lat="49.239571" lon="19.805189"><ele>1071.6</ele></trkpt>
      <trkpt lat="49.239574" lon="19.805227"><ele>1071.6</ele></trkpt>
      <trkpt lat="49.239571" lon="19.805256"><ele>1071.6</ele></trkpt>
      <trkpt lat="49.239581" lon="19.805280"><ele>1071.8</ele></trkpt>
      <trkpt lat="49.239597" lon="19.805309"><ele>1071.8</ele></trkpt>
      <trkpt lat="49.239610" lon="19.805342"><ele>1071.8</ele></trkpt>
      <trkpt lat="49.239616" lon="19.805373"><ele>1072.0</ele></trkpt>
      <trkpt lat="49.239626" lon="19.805408"><ele>1072.2</ele></trkpt>
      <trkpt lat="49.239632" lon="19.805442"><ele>1072.2</ele></trkpt>
      <trkpt lat="49.239638" lon="19.805483"><ele>1072.4</ele></trkpt>
      <trkpt lat="49.239638" lon="19.805536"><ele>1072.4</ele></trkpt>
      <trkpt lat="49.239648" lon="19.805568"><ele>1072.4</ele></trkpt>
      <trkpt lat="49.239654" lon="19.805603"><ele>1072.6</ele></trkpt>
      <trkpt lat="49.239658" lon="19.805643"><ele>1072.6</ele></trkpt>
      <trkpt lat="49.239670" lon="19.805680"><ele>1072.8</ele></trkpt>
      <trkpt lat="49.239677" lon="19.805710"><ele>1073.0</ele></trkpt>
      <trkpt lat="49.239699" lon="19.805747"><ele>1073.0</ele></trkpt>
      <trkpt lat="49.239715" lon="19.805766"><ele>1073.2</ele></trkpt>
      <trkpt lat="49.239734" lon="19.805781"><ele>1073.2</ele></trkpt>
      <trkpt lat="49.239757" lon="19.805806"><ele>1073.4</ele></trkpt>
      <trkpt lat="49.239773" lon="19.805838"><ele>1073.6</ele></trkpt>
      <trkpt lat="49.239779" lon="19.805882"><ele>1073.6</ele></trkpt>
      <trkpt lat="49.239779" lon="19.805933"><ele>1074.0</ele></trkpt>
      <trkpt lat="49.239792" lon="19.805958"><ele>1074.0</ele></trkpt>
      <trkpt lat="49.239795" lon="19.805987"><ele>1074.2</ele></trkpt>
      <trkpt lat="49.239792" lon="19.806022"><ele>1074.2</ele></trkpt>
      <trkpt lat="49.239805" lon="19.806064"><ele>1074.4</ele></trkpt>
      <trkpt lat="49.239805" lon="19.806101"><ele>1074.6</ele></trkpt>
      <trkpt lat="49.239811" lon="19.806128"><ele>1074.6</ele></trkpt>
      <trkpt lat="49.239808" lon="19.806157"><ele>1074.8</ele></trkpt>
      <trkpt lat="49.239805" lon="19.806226"><ele>1074.8</ele></trkpt>
      <trkpt lat="49.239814" lon="19.806275"><ele>1075.0</ele></trkpt>
      <trkpt lat="49.239830" lon="19.806293"><ele>1075.2</ele></trkpt>
      <trkpt lat="49.239856" lon="19.806275"><ele>1075.2</ele></trkpt>
      <trkpt lat="49.239875" lon="19.806269"><ele>1075.2</ele></trkpt>
      <trkpt lat="49.239894" lon="19.806272"><ele>1075.2</ele></trkpt>
      <trkpt lat="49.239926" lon="19.806278"><ele>1075.2</ele></trkpt>
      <trkpt lat="49.239965" lon="19.806286"><ele>1075.2</ele></trkpt>
      <trkpt lat="49.239997" lon="19.806298"><ele>1075.4</ele></trkpt>
      <trkpt lat="49.240035" lon="19.806302"><ele>1075.4</ele></trkpt>
      <trkpt lat="49.240083" lon="19.806309"><ele>1075.4</ele></trkpt>
      <trkpt lat="49.240102" lon="19.806331"><ele>1075.4</ele></trkpt>
      <trkpt lat="49.240125" lon="19.806355"><ele>1075.4</ele></trkpt>
      <trkpt lat="49.240150" lon="19.806362"><ele>1075.2</ele></trkpt>
      <trkpt lat="49.240166" lon="19.806386"><ele>1075.4</ele></trkpt>
      <trkpt lat="49.240186" lon="19.806406"><ele>1075.4</ele></trkpt>
      <trkpt lat="49.240230" lon="19.806418"><ele>1075.4</ele></trkpt>
      <trkpt lat="49.240262" lon="19.806432"><ele>1075.4</ele></trkpt>
      <trkpt lat="49.240246" lon="19.806450"><ele>1075.4</ele></trkpt>
      <trkpt lat="49.240230" lon="19.806467"><ele>1075.4</ele></trkpt>
      <trkpt lat="49.240214" lon="19.806485"><ele>1075.4</ele></trkpt>
      <trkpt lat="49.240230" lon="19.806506"><ele>1075.4</ele></trkpt>
      <trkpt lat="49.240246" lon="19.806525"><ele>1075.6</ele></trkpt>
      <trkpt lat="49.240250" lon="19.806555"><ele>1075.6</ele></trkpt>
      <trkpt lat="49.240256" lon="19.806587"><ele>1075.6</ele></trkpt>
      <trkpt lat="49.240262" lon="19.806616"><ele>1075.6</ele></trkpt>
      <trkpt lat="49.240269" lon="19.806643"><ele>1075.6</ele></trkpt>
      <trkpt lat="49.240288" lon="19.806653"><ele>1075.6</ele></trkpt>
      <trkpt lat="49.240304" lon="19.806666"><ele>1075.6</ele></trkpt>
      <trkpt lat="49.240317" lon="19.806686"><ele>1075.6</ele></trkpt>
      <trkpt lat="49.240333" lon="19.806699"><ele>1075.6</ele></trkpt>
      <trkpt lat="49.240352" lon="19.806720"><ele>1075.6</ele></trkpt>
      <trkpt lat="49.240355" lon="19.806747"><ele>1075.8</ele></trkpt>
      <trkpt lat="49.240384" lon="19.806778"><ele>1075.8</ele></trkpt>
      <trkpt lat="49.240413" lon="19.806789"><ele>1075.8</ele></trkpt>
      <trkpt lat="49.240445" lon="19.806802"><ele>1075.6</ele></trkpt>
      <trkpt lat="49.240464" lon="19.806824"><ele>1075.6</ele></trkpt>
      <trkpt lat="49.240480" lon="19.806846"><ele>1075.6</ele></trkpt>
      <trkpt lat="49.240506" lon="19.806858"><ele>1075.6</ele></trkpt>
      <trkpt lat="49.240531" lon="19.806874"><ele>1075.6</ele></trkpt>
      <trkpt lat="49.240563" lon="19.806885"><ele>1075.4</ele></trkpt>
      <trkpt lat="49.240582" lon="19.806893"><ele>1075.4</ele></trkpt>
      <trkpt lat="49.240611" lon="19.806914"><ele>1075.2</ele></trkpt>
      <trkpt lat="49.240634" lon="19.806923"><ele>1075.0</ele></trkpt>
      <trkpt lat="49.240666" lon="19.806942"><ele>1074.6</ele></trkpt>
      <trkpt lat="49.240691" lon="19.806958"><ele>1074.4</ele></trkpt>
      <trkpt lat="49.240714" lon="19.806968"><ele>1074.4</ele></trkpt>
      <trkpt lat="49.240733" lon="19.806971"><ele>1074.2</ele></trkpt>
      <trkpt lat="49.240762" lon="19.806994"><ele>1074.2</ele></trkpt>
      <trkpt lat="49.240781" lon="19.807026"><ele>1074.0</ele></trkpt>
      <trkpt lat="49.240794" lon="19.807046"><ele>1073.6</ele></trkpt>
      <trkpt lat="49.240813" lon="19.807072"><ele>1073.4</ele></trkpt>
      <trkpt lat="49.240826" lon="19.807106"><ele>1073.0</ele></trkpt>
      <trkpt lat="49.240842" lon="19.807122"><ele>1072.8</ele></trkpt>
      <trkpt lat="49.240867" lon="19.807130"><ele>1072.6</ele></trkpt>
      <trkpt lat="49.240893" lon="19.807126"><ele>1072.4</ele></trkpt>
      <trkpt lat="49.240922" lon="19.807114"><ele>1072.2</ele></trkpt>
      <trkpt lat="49.240960" lon="19.807094"><ele>1072.0</ele></trkpt>
      <trkpt lat="49.240989" lon="19.807090"><ele>1071.8</ele></trkpt>
      <trkpt lat="49.241011" lon="19.807098"><ele>1071.6</ele></trkpt>
      <trkpt lat="49.241027" lon="19.807123"><ele>1071.4</ele></trkpt>
      <trkpt lat="49.241027" lon="19.807157"><ele>1071.2</ele></trkpt>
      <trkpt lat="49.241030" lon="19.807186"><ele>1071.0</ele></trkpt>
      <trkpt lat="49.241011" lon="19.807206"><ele>1070.6</ele></trkpt>
      <trkpt lat="49.241030" lon="19.807192"><ele>1069.2</ele></trkpt>
      <trkpt lat="49.241046" lon="19.807206"><ele>1068.6</ele></trkpt>
      <trkpt lat="49.241066" lon="19.807214"><ele>1068.4</ele></trkpt>
      <trkpt lat="49.241085" lon="19.807238"><ele>1068.0</ele></trkpt>
      <trkpt lat="49.241104" lon="19.807235"><ele>1067.6</ele></trkpt>
      <trkpt lat="49.241117" lon="19.807211"><ele>1067.2</ele></trkpt>
      <trkpt lat="49.241139" lon="19.807222"><ele>1067.0</ele></trkpt>
      <trkpt lat="49.241158" lon="19.807230"><ele>1067.0</ele></trkpt>
      <trkpt lat="49.241181" lon="19.807242"><ele>1066.8</ele></trkpt>
      <trkpt lat="49.241197" lon="19.807254"><ele>1066.6</ele></trkpt>
      <trkpt lat="49.241210" lon="19.807275"><ele>1066.2</ele></trkpt>
      <trkpt lat="49.241226" lon="19.807301"><ele>1065.8</ele></trkpt>
      <trkpt lat="49.241258" lon="19.807318"><ele>1065.6</ele></trkpt>
      <trkpt lat="49.241277" lon="19.807342"><ele>1065.2</ele></trkpt>
      <trkpt lat="49.241309" lon="19.807363"><ele>1064.8</ele></trkpt>
      <trkpt lat="49.241338" lon="19.807381"><ele>1064.6</ele></trkpt>
      <trkpt lat="49.241363" lon="19.807402"><ele>1064.6</ele></trkpt>
      <trkpt lat="49.241389" lon="19.807414"><ele>1064.4</ele></trkpt>
      <trkpt lat="49.241414" lon="19.807435"><ele>1064.2</ele></trkpt>
      <trkpt lat="49.241434" lon="19.807443"><ele>1064.0</ele></trkpt>
      <trkpt lat="49.241456" lon="19.807454"><ele>1063.8</ele></trkpt>
      <trkpt lat="49.241482" lon="19.807461"><ele>1063.6</ele></trkpt>
      <trkpt lat="49.241504" lon="19.807474"><ele>1063.4</ele></trkpt>
      <trkpt lat="49.241520" lon="19.807507"><ele>1063.2</ele></trkpt>
      <trkpt lat="49.241552" lon="19.807542"><ele>1063.2</ele></trkpt>
      <trkpt lat="49.241578" lon="19.807570"><ele>1063.0</ele></trkpt>
      <trkpt lat="49.241587" lon="19.807597"><ele>1063.0</ele></trkpt>
      <trkpt lat="49.241597" lon="19.807629"><ele>1062.6</ele></trkpt>
      <trkpt lat="49.241613" lon="19.807677"><ele>1062.4</ele></trkpt>
      <trkpt lat="49.241626" lon="19.807720"><ele>1062.2</ele></trkpt>
      <trkpt lat="49.241654" lon="19.807750"><ele>1062.0</ele></trkpt>
      <trkpt lat="49.241664" lon="19.807778"><ele>1061.8</ele></trkpt>
      <trkpt lat="49.241654" lon="19.807808"><ele>1061.8</ele></trkpt>
      <trkpt lat="49.241645" lon="19.807837"><ele>1061.6</ele></trkpt>
      <trkpt lat="49.241661" lon="19.807870"><ele>1061.4</ele></trkpt>
      <trkpt lat="49.241693" lon="19.807888"><ele>1061.2</ele></trkpt>
      <trkpt lat="49.241702" lon="19.807917"><ele>1061.0</ele></trkpt>
      <trkpt lat="49.241718" lon="19.807949"><ele>1060.8</ele></trkpt>
      <trkpt lat="49.241718" lon="19.807987"><ele>1060.8</ele></trkpt>
      <trkpt lat="49.241725" lon="19.808019"><ele>1060.6</ele></trkpt>
      <trkpt lat="49.241738" lon="19.808064"><ele>1060.4</ele></trkpt>
      <trkpt lat="49.241744" lon="19.808093"><ele>1060.4</ele></trkpt>
      <trkpt lat="49.241757" lon="19.808120"><ele>1060.4</ele></trkpt>
      <trkpt lat="49.241760" lon="19.808149"><ele>1060.4</ele></trkpt>
      <trkpt lat="49.241776" lon="19.808176"><ele>1060.2</ele></trkpt>
      <trkpt lat="49.241792" lon="19.808202"><ele>1060.0</ele></trkpt>
      <trkpt lat="49.241821" lon="19.808234"><ele>1060.0</ele></trkpt>
      <trkpt lat="49.241853" lon="19.808272"><ele>1059.8</ele></trkpt>
      <trkpt lat="49.241878" lon="19.808328"><ele>1059.8</ele></trkpt>
      <trkpt lat="49.241910" lon="19.808386"><ele>1059.6</ele></trkpt>
      <trkpt lat="49.241930" lon="19.808437"><ele>1059.4</ele></trkpt>
      <trkpt lat="49.241923" lon="19.808470"><ele>1059.4</ele></trkpt>
      <trkpt lat="49.241901" lon="19.808480"><ele>1058.8</ele></trkpt>
      <trkpt lat="49.241930" lon="19.808490"><ele>1058.4</ele></trkpt>
      <trkpt lat="49.241930" lon="19.808520"><ele>1057.8</ele></trkpt>
      <trkpt lat="49.241942" lon="19.808550"><ele>1057.2</ele></trkpt>
      <trkpt lat="49.241962" lon="19.808550"><ele>1056.6</ele></trkpt>
      <trkpt lat="49.241984" lon="19.808560"><ele>1056.4</ele></trkpt>
      <trkpt lat="49.242000" lon="19.808586"><ele>1056.0</ele></trkpt>
      <trkpt lat="49.242019" lon="19.808611"><ele>1055.6</ele></trkpt>
      <trkpt lat="49.242035" lon="19.808635"><ele>1055.0</ele></trkpt>
      <trkpt lat="49.242054" lon="19.808650"><ele>1054.8</ele></trkpt>
      <trkpt lat="49.242077" lon="19.808662"><ele>1054.4</ele></trkpt>
      <trkpt lat="49.242096" lon="19.808683"><ele>1054.0</ele></trkpt>
      <trkpt lat="49.242112" lon="19.808712"><ele>1053.8</ele></trkpt>
      <trkpt lat="49.242134" lon="19.808742"><ele>1053.6</ele></trkpt>
      <trkpt lat="49.242141" lon="19.808782"><ele>1053.4</ele></trkpt>
      <trkpt lat="49.242154" lon="19.808808"><ele>1053.2</ele></trkpt>
      <trkpt lat="49.242179" lon="19.808842"><ele>1053.0</ele></trkpt>
      <trkpt lat="49.242182" lon="19.808888"><ele>1052.6</ele></trkpt>
      <trkpt lat="49.242192" lon="19.808917"><ele>1052.6</ele></trkpt>
      <trkpt lat="49.242208" lon="19.808941"><ele>1052.6</ele></trkpt>
      <trkpt lat="49.242221" lon="19.808979"><ele>1052.2</ele></trkpt>
      <trkpt lat="49.242230" lon="19.809003"><ele>1052.2</ele></trkpt>
      <trkpt lat="49.242250" lon="19.809011"><ele>1052.0</ele></trkpt>
      <trkpt lat="49.242278" lon="19.809027"><ele>1052.0</ele></trkpt>
      <trkpt lat="49.242305" lon="19.809042"><ele>1051.8</ele></trkpt>
      <trkpt lat="49.242333" lon="19.809058"><ele>1051.8</ele></trkpt>
      <trkpt lat="49.242349" lon="19.809096"><ele>1051.8</ele></trkpt>
      <trkpt lat="49.242371" lon="19.809130"><ele>1051.6</ele></trkpt>
      <trkpt lat="49.242381" lon="19.809170"><ele>1051.4</ele></trkpt>
      <trkpt lat="49.242374" lon="19.809221"><ele>1051.4</ele></trkpt>
      <trkpt lat="49.242368" lon="19.809256"><ele>1051.2</ele></trkpt>
      <trkpt lat="49.242378" lon="19.809280"><ele>1051.0</ele></trkpt>
      <trkpt lat="49.242387" lon="19.809315"><ele>1051.0</ele></trkpt>
      <trkpt lat="49.242394" lon="19.809363"><ele>1050.8</ele></trkpt>
      <trkpt lat="49.242374" lon="19.809376"><ele>1050.8</ele></trkpt>
      <trkpt lat="49.242400" lon="19.809379"><ele>1050.6</ele></trkpt>
      <trkpt lat="49.242394" lon="19.809406"><ele>1050.4</ele></trkpt>
      <trkpt lat="49.242406" lon="19.809435"><ele>1050.2</ele></trkpt>
      <trkpt lat="49.242426" lon="19.809469"><ele>1050.0</ele></trkpt>
      <trkpt lat="49.242429" lon="19.809504"><ele>1049.8</ele></trkpt>
      <trkpt lat="49.242448" lon="19.809534"><ele>1049.6</ele></trkpt>
      <trkpt lat="49.242442" lon="19.809592"><ele>1049.4</ele></trkpt>
      <trkpt lat="49.242454" lon="19.809614"><ele>1049.4</ele></trkpt>
      <trkpt lat="49.242477" lon="19.809637"><ele>1049.4</ele></trkpt>
      <trkpt lat="49.242509" lon="19.809666"><ele>1049.2</ele></trkpt>
      <trkpt lat="49.242531" lon="19.809672"><ele>1049.0</ele></trkpt>
      <trkpt lat="49.242550" lon="19.809706"><ele>1049.0</ele></trkpt>
      <trkpt lat="49.242573" lon="19.809726"><ele>1048.8</ele></trkpt>
      <trkpt lat="49.242586" lon="19.809758"><ele>1048.6</ele></trkpt>
      <trkpt lat="49.242605" lon="19.809781"><ele>1048.4</ele></trkpt>
      <trkpt lat="49.242618" lon="19.809814"><ele>1048.0</ele></trkpt>
      <trkpt lat="49.242637" lon="19.809816"><ele>1047.8</ele></trkpt>
      <trkpt lat="49.242656" lon="19.809822"><ele>1047.6</ele></trkpt>
      <trkpt lat="49.242678" lon="19.809834"><ele>1047.4</ele></trkpt>
      <trkpt lat="49.242694" lon="19.809856"><ele>1047.4</ele></trkpt>
      <trkpt lat="49.242717" lon="19.809880"><ele>1047.0</ele></trkpt>
      <trkpt lat="49.242739" lon="19.809904"><ele>1046.8</ele></trkpt>
      <trkpt lat="49.242758" lon="19.809939"><ele>1046.4</ele></trkpt>
      <trkpt lat="49.242778" lon="19.809974"><ele>1046.0</ele></trkpt>
      <trkpt lat="49.242797" lon="19.809982"><ele>1045.8</ele></trkpt>
      <trkpt lat="49.242826" lon="19.809997"><ele>1045.6</ele></trkpt>
      <trkpt lat="49.242832" lon="19.810029"><ele>1045.6</ele></trkpt>
      <trkpt lat="49.242832" lon="19.810062"><ele>1045.4</ele></trkpt>
      <trkpt lat="49.242832" lon="19.810102"><ele>1045.2</ele></trkpt>
      <trkpt lat="49.242835" lon="19.810130"><ele>1045.0</ele></trkpt>
      <trkpt lat="49.242845" lon="19.810155"><ele>1044.8</ele></trkpt>
      <trkpt lat="49.242864" lon="19.810182"><ele>1044.4</ele></trkpt>
      <trkpt lat="49.242896" lon="19.810184"><ele>1044.2</ele></trkpt>
      <trkpt lat="49.242925" lon="19.810195"><ele>1044.0</ele></trkpt>
      <trkpt lat="49.242954" lon="19.810203"><ele>1043.8</ele></trkpt>
      <trkpt lat="49.242973" lon="19.810229"><ele>1043.6</ele></trkpt>
      <trkpt lat="49.243005" lon="19.810262"><ele>1043.4</ele></trkpt>
      <trkpt lat="49.242995" lon="19.810301"><ele>1043.2</ele></trkpt>
      <trkpt lat="49.242992" lon="19.810330"><ele>1042.6</ele></trkpt>
      <trkpt lat="49.242973" lon="19.810330"><ele>1042.0</ele></trkpt>
      <trkpt lat="49.242995" lon="19.810334"><ele>1041.6</ele></trkpt>
      <trkpt lat="49.243011" lon="19.810362"><ele>1041.6</ele></trkpt>
      <trkpt lat="49.243027" lon="19.810379"><ele>1041.4</ele></trkpt>
      <trkpt lat="49.243043" lon="19.810413"><ele>1041.2</ele></trkpt>
      <trkpt lat="49.243062" lon="19.810421"><ele>1041.0</ele></trkpt>
      <trkpt lat="49.243082" lon="19.810446"><ele>1040.8</ele></trkpt>
      <trkpt lat="49.243094" lon="19.810467"><ele>1040.4</ele></trkpt>
      <trkpt lat="49.243114" lon="19.810488"><ele>1040.2</ele></trkpt>
      <trkpt lat="49.243130" lon="19.810517"><ele>1039.8</ele></trkpt>
      <trkpt lat="49.243146" lon="19.810531"><ele>1039.8</ele></trkpt>
      <trkpt lat="49.243162" lon="19.810565"><ele>1039.6</ele></trkpt>
      <trkpt lat="49.243184" lon="19.810590"><ele>1039.2</ele></trkpt>
      <trkpt lat="49.243206" lon="19.810611"><ele>1039.0</ele></trkpt>
      <trkpt lat="49.243226" lon="19.810614"><ele>1038.8</ele></trkpt>
      <trkpt lat="49.243264" lon="19.810597"><ele>1038.8</ele></trkpt>
      <trkpt lat="49.243286" lon="19.810611"><ele>1038.6</ele></trkpt>
      <trkpt lat="49.243315" lon="19.810645"><ele>1038.4</ele></trkpt>
      <trkpt lat="49.243331" lon="19.810685"><ele>1038.2</ele></trkpt>
      <trkpt lat="49.243354" lon="19.810717"><ele>1038.0</ele></trkpt>
      <trkpt lat="49.243382" lon="19.810746"><ele>1038.0</ele></trkpt>
      <trkpt lat="49.243402" lon="19.810755"><ele>1037.8</ele></trkpt>
      <trkpt lat="49.243421" lon="19.810765"><ele>1037.8</ele></trkpt>
      <trkpt lat="49.243450" lon="19.810790"><ele>1037.8</ele></trkpt>
      <trkpt lat="49.243466" lon="19.810803"><ele>1037.6</ele></trkpt>
      <trkpt lat="49.243485" lon="19.810811"><ele>1037.6</ele></trkpt>
      <trkpt lat="49.243469" lon="19.810850"><ele>1037.6</ele></trkpt>
      <trkpt lat="49.243462" lon="19.810883"><ele>1037.6</ele></trkpt>
      <trkpt lat="49.243478" lon="19.810904"><ele>1037.6</ele></trkpt>
      <trkpt lat="49.243494" lon="19.810920"><ele>1037.4</ele></trkpt>
      <trkpt lat="49.243510" lon="19.810947"><ele>1037.4</ele></trkpt>
      <trkpt lat="49.243542" lon="19.810960"><ele>1037.2</ele></trkpt>
      <trkpt lat="49.243571" lon="19.810974"><ele>1037.2</ele></trkpt>
      <trkpt lat="49.243590" lon="19.810974"><ele>1037.0</ele></trkpt>
      <trkpt lat="49.243622" lon="19.810978"><ele>1037.0</ele></trkpt>
      <trkpt lat="49.243648" lon="19.810994"><ele>1037.0</ele></trkpt>
      <trkpt lat="49.243667" lon="19.811018"><ele>1036.8</ele></trkpt>
      <trkpt lat="49.243693" lon="19.811037"><ele>1036.6</ele></trkpt>
      <trkpt lat="49.243718" lon="19.811048"><ele>1036.6</ele></trkpt>
      <trkpt lat="49.243747" lon="19.811066"><ele>1036.6</ele></trkpt>
      <trkpt lat="49.243779" lon="19.811074"><ele>1036.4</ele></trkpt>
      <trkpt lat="49.243805" lon="19.811086"><ele>1036.4</ele></trkpt>
      <trkpt lat="49.243830" lon="19.811107"><ele>1036.2</ele></trkpt>
      <trkpt lat="49.243862" lon="19.811126"><ele>1036.2</ele></trkpt>
      <trkpt lat="49.243878" lon="19.811152"><ele>1036.0</ele></trkpt>
      <trkpt lat="49.243898" lon="19.811163"><ele>1036.0</ele></trkpt>
      <trkpt lat="49.243917" lon="19.811192"><ele>1035.8</ele></trkpt>
      <trkpt lat="49.243942" lon="19.811214"><ele>1035.8</ele></trkpt>
      <trkpt lat="49.243965" lon="19.811237"><ele>1035.8</ele></trkpt>
      <trkpt lat="49.243981" lon="19.811253"><ele>1035.8</ele></trkpt>
      <trkpt lat="49.244000" lon="19.811280"><ele>1035.4</ele></trkpt>
      <trkpt lat="49.244019" lon="19.811294"><ele>1035.2</ele></trkpt>
      <trkpt lat="49.244042" lon="19.811310"><ele>1035.2</ele></trkpt>
      <trkpt lat="49.244064" lon="19.811320"><ele>1035.0</ele></trkpt>
      <trkpt lat="49.244090" lon="19.811333"><ele>1035.0</ele></trkpt>
      <trkpt lat="49.244109" lon="19.811344"><ele>1034.8</ele></trkpt>
      <trkpt lat="49.244138" lon="19.811374"><ele>1034.8</ele></trkpt>
      <trkpt lat="49.244157" lon="19.811384"><ele>1034.8</ele></trkpt>
      <trkpt lat="49.244179" lon="19.811400"><ele>1034.8</ele></trkpt>
      <trkpt lat="49.244202" lon="19.811424"><ele>1034.6</ele></trkpt>
      <trkpt lat="49.244234" lon="19.811438"><ele>1034.4</ele></trkpt>
      <trkpt lat="49.244253" lon="19.811456"><ele>1034.4</ele></trkpt>
      <trkpt lat="49.244275" lon="19.811480"><ele>1034.2</ele></trkpt>
      <trkpt lat="49.244301" lon="19.811502"><ele>1034.0</ele></trkpt>
      <trkpt lat="49.244323" lon="19.811525"><ele>1033.8</ele></trkpt>
      <trkpt lat="49.244339" lon="19.811544"><ele>1033.6</ele></trkpt>
      <trkpt lat="49.244358" lon="19.811565"><ele>1033.2</ele></trkpt>
      <trkpt lat="49.244381" lon="19.811592"><ele>1033.2</ele></trkpt>
      <trkpt lat="49.244397" lon="19.811605"><ele>1033.0</ele></trkpt>
      <trkpt lat="49.244419" lon="19.811624"><ele>1032.8</ele></trkpt>
      <trkpt lat="49.244438" lon="19.811645"><ele>1032.6</ele></trkpt>
      <trkpt lat="49.244461" lon="19.811670"><ele>1032.4</ele></trkpt>
      <trkpt lat="49.244477" lon="19.811683"><ele>1032.4</ele></trkpt>
      <trkpt lat="49.244506" lon="19.811707"><ele>1032.0</ele></trkpt>
      <trkpt lat="49.244522" lon="19.811726"><ele>1032.0</ele></trkpt>
      <trkpt lat="49.244541" lon="19.811731"><ele>1031.8</ele></trkpt>
      <trkpt lat="49.244560" lon="19.811739"><ele>1031.8</ele></trkpt>
      <trkpt lat="49.244595" lon="19.811741"><ele>1031.6</ele></trkpt>
      <trkpt lat="49.244614" lon="19.811750"><ele>1031.4</ele></trkpt>
      <trkpt lat="49.244634" lon="19.811760"><ele>1031.4</ele></trkpt>
      <trkpt lat="49.244653" lon="19.811770"><ele>1031.2</ele></trkpt>
      <trkpt lat="49.244685" lon="19.811792"><ele>1031.0</ele></trkpt>
      <trkpt lat="49.244704" lon="19.811802"><ele>1030.8</ele></trkpt>
      <trkpt lat="49.244723" lon="19.811811"><ele>1030.8</ele></trkpt>
      <trkpt lat="49.244746" lon="19.811834"><ele>1030.6</ele></trkpt>
      <trkpt lat="49.244758" lon="19.811861"><ele>1030.4</ele></trkpt>
      <trkpt lat="49.244771" lon="19.811883"><ele>1030.2</ele></trkpt>
      <trkpt lat="49.244794" lon="19.811909"><ele>1029.8</ele></trkpt>
      <trkpt lat="49.244810" lon="19.811926"><ele>1029.8</ele></trkpt>
      <trkpt lat="49.244822" lon="19.811949"><ele>1029.4</ele></trkpt>
      <trkpt lat="49.244842" lon="19.811973"><ele>1029.2</ele></trkpt>
      <trkpt lat="49.244864" lon="19.811992"><ele>1029.0</ele></trkpt>
      <trkpt lat="49.244890" lon="19.812014"><ele>1029.0</ele></trkpt>
      <trkpt lat="49.244915" lon="19.812040"><ele>1028.8</ele></trkpt>
      <trkpt lat="49.244938" lon="19.812069"><ele>1028.6</ele></trkpt>
      <trkpt lat="49.244957" lon="19.812098"><ele>1028.6</ele></trkpt>
      <trkpt lat="49.244973" lon="19.812125"><ele>1028.4</ele></trkpt>
      <trkpt lat="49.244995" lon="19.812149"><ele>1028.2</ele></trkpt>
      <trkpt lat="49.245027" lon="19.812166"><ele>1028.0</ele></trkpt>
      <trkpt lat="49.245053" lon="19.812194"><ele>1028.0</ele></trkpt>
      <trkpt lat="49.245078" lon="19.812221"><ele>1027.8</ele></trkpt>
      <trkpt lat="49.245107" lon="19.812254"><ele>1027.6</ele></trkpt>
      <trkpt lat="49.245114" lon="19.812293"><ele>1027.4</ele></trkpt>
      <trkpt lat="49.245130" lon="19.812320"><ele>1027.2</ele></trkpt>
      <trkpt lat="49.245155" lon="19.812344"><ele>1027.0</ele></trkpt>
      <trkpt lat="49.245178" lon="19.812365"><ele>1027.0</ele></trkpt>
      <trkpt lat="49.245197" lon="19.812389"><ele>1026.8</ele></trkpt>
      <trkpt lat="49.245213" lon="19.812402"><ele>1026.8</ele></trkpt>
      <trkpt lat="49.245238" lon="19.812422"><ele>1026.6</ele></trkpt>
      <trkpt lat="49.245261" lon="19.812432"><ele>1026.2</ele></trkpt>
      <trkpt lat="49.245274" lon="19.812453"><ele>1026.0</ele></trkpt>
      <trkpt lat="49.245293" lon="19.812472"><ele>1025.8</ele></trkpt>
      <trkpt lat="49.245296" lon="19.812499"><ele>1025.6</ele></trkpt>
      <trkpt lat="49.245312" lon="19.812526"><ele>1025.4</ele></trkpt>
      <trkpt lat="49.245334" lon="19.812555"><ele>1025.2</ele></trkpt>
      <trkpt lat="49.245354" lon="19.812574"><ele>1024.8</ele></trkpt>
      <trkpt lat="49.245370" lon="19.812587"><ele>1024.8</ele></trkpt>
      <trkpt lat="49.245386" lon="19.812618"><ele>1024.6</ele></trkpt>
      <trkpt lat="49.245405" lon="19.812634"><ele>1024.4</ele></trkpt>
      <trkpt lat="49.245427" lon="19.812664"><ele>1024.4</ele></trkpt>
      <trkpt lat="49.245453" lon="19.812685"><ele>1024.2</ele></trkpt>
      <trkpt lat="49.245472" lon="19.812706"><ele>1024.2</ele></trkpt>
      <trkpt lat="49.245498" lon="19.812733"><ele>1024.0</ele></trkpt>
      <trkpt lat="49.245530" lon="19.812747"><ele>1024.0</ele></trkpt>
      <trkpt lat="49.245546" lon="19.812762"><ele>1024.0</ele></trkpt>
      <trkpt lat="49.245549" lon="19.812811"><ele>1024.0</ele></trkpt>
      <trkpt lat="49.245565" lon="19.812830"><ele>1024.0</ele></trkpt>
      <trkpt lat="49.245590" lon="19.812859"><ele>1023.8</ele></trkpt>
      <trkpt lat="49.245626" lon="19.812878"><ele>1023.8</ele></trkpt>
      <trkpt lat="49.245651" lon="19.812896"><ele>1023.8</ele></trkpt>
      <trkpt lat="49.245670" lon="19.812902"><ele>1023.6</ele></trkpt>
      <trkpt lat="49.245696" lon="19.812912"><ele>1023.8</ele></trkpt>
      <trkpt lat="49.245715" lon="19.812914"><ele>1023.6</ele></trkpt>
      <trkpt lat="49.245734" lon="19.812909"><ele>1023.4</ele></trkpt>
      <trkpt lat="49.245754" lon="19.812899"><ele>1023.2</ele></trkpt>
      <trkpt lat="49.245782" lon="19.812882"><ele>1023.4</ele></trkpt>
      <trkpt lat="49.245792" lon="19.812854"><ele>1023.2</ele></trkpt>
      <trkpt lat="49.245811" lon="19.812846"><ele>1023.2</ele></trkpt>
      <trkpt lat="49.245830" lon="19.812829"><ele>1023.2</ele></trkpt>
      <trkpt lat="49.245853" lon="19.812811"><ele>1023.0</ele></trkpt>
      <trkpt lat="49.245872" lon="19.812794"><ele>1023.0</ele></trkpt>
      <trkpt lat="49.245894" lon="19.812781"><ele>1022.8</ele></trkpt>
      <trkpt lat="49.245910" lon="19.812746"><ele>1022.6</ele></trkpt>
      <trkpt lat="49.245942" lon="19.812746"><ele>1022.6</ele></trkpt>
      <trkpt lat="49.245965" lon="19.812725"><ele>1022.4</ele></trkpt>
      <trkpt lat="49.245987" lon="19.812706"><ele>1022.2</ele></trkpt>
      <trkpt lat="49.246010" lon="19.812698"><ele>1022.0</ele></trkpt>
      <trkpt lat="49.246035" lon="19.812704"><ele>1022.0</ele></trkpt>
      <trkpt lat="49.246061" lon="19.812717"><ele>1021.8</ele></trkpt>
      <trkpt lat="49.246083" lon="19.812730"><ele>1021.6</ele></trkpt>
      <trkpt lat="49.246109" lon="19.812726"><ele>1021.4</ele></trkpt>
      <trkpt lat="49.246134" lon="19.812720"><ele>1021.2</ele></trkpt>
      <trkpt lat="49.246154" lon="19.812720"><ele>1021.0</ele></trkpt>
      <trkpt lat="49.246179" lon="19.812725"><ele>1020.8</ele></trkpt>
      <trkpt lat="49.246202" lon="19.812739"><ele>1020.6</ele></trkpt>
      <trkpt lat="49.246227" lon="19.812760"><ele>1020.2</ele></trkpt>
      <trkpt lat="49.246250" lon="19.812771"><ele>1020.2</ele></trkpt>
      <trkpt lat="49.246269" lon="19.812771"><ele>1020.0</ele></trkpt>
      <trkpt lat="49.246294" lon="19.812779"><ele>1019.8</ele></trkpt>
      <trkpt lat="49.246326" lon="19.812790"><ele>1019.6</ele></trkpt>
      <trkpt lat="49.246352" lon="19.812803"><ele>1019.6</ele></trkpt>
      <trkpt lat="49.246384" lon="19.812821"><ele>1019.4</ele></trkpt>
      <trkpt lat="49.246403" lon="19.812829"><ele>1019.2</ele></trkpt>
      <trkpt lat="49.246442" lon="19.812835"><ele>1019.2</ele></trkpt>
      <trkpt lat="49.246458" lon="19.812851"><ele>1019.0</ele></trkpt>
      <trkpt lat="49.246502" lon="19.812859"><ele>1019.0</ele></trkpt>
      <trkpt lat="49.246528" lon="19.812886"><ele>1018.8</ele></trkpt>
      <trkpt lat="49.246547" lon="19.812918"><ele>1018.4</ele></trkpt>
      <trkpt lat="49.246570" lon="19.812933"><ele>1018.2</ele></trkpt>
      <trkpt lat="49.246592" lon="19.812952"><ele>1018.2</ele></trkpt>
      <trkpt lat="49.246621" lon="19.812970"><ele>1018.0</ele></trkpt>
      <trkpt lat="49.246640" lon="19.812992"><ele>1018.0</ele></trkpt>
      <trkpt lat="49.246659" lon="19.813011"><ele>1017.8</ele></trkpt>
      <trkpt lat="49.246678" lon="19.813029"><ele>1017.8</ele></trkpt>
      <trkpt lat="49.246701" lon="19.813043"><ele>1017.8</ele></trkpt>
      <trkpt lat="49.246726" lon="19.813083"><ele>1017.8</ele></trkpt>
      <trkpt lat="49.246742" lon="19.813101"><ele>1017.8</ele></trkpt>
      <trkpt lat="49.246762" lon="19.813114"><ele>1017.8</ele></trkpt>
      <trkpt lat="49.246784" lon="19.813139"><ele>1017.8</ele></trkpt>
      <trkpt lat="49.246806" lon="19.813162"><ele>1017.6</ele></trkpt>
      <trkpt lat="49.246826" lon="19.813171"><ele>1017.6</ele></trkpt>
      <trkpt lat="49.246845" lon="19.813192"><ele>1017.6</ele></trkpt>
      <trkpt lat="49.246864" lon="19.813213"><ele>1017.6</ele></trkpt>
      <trkpt lat="49.246890" lon="19.813230"><ele>1017.6</ele></trkpt>
      <trkpt lat="49.246918" lon="19.813250"><ele>1017.6</ele></trkpt>
      <trkpt lat="49.246944" lon="19.813286"><ele>1017.4</ele></trkpt>
      <trkpt lat="49.246976" lon="19.813312"><ele>1017.6</ele></trkpt>
      <trkpt lat="49.247021" lon="19.813339"><ele>1017.6</ele></trkpt>
      <trkpt lat="49.247075" lon="19.813365"><ele>1017.4</ele></trkpt>
      <trkpt lat="49.247120" lon="19.813389"><ele>1017.4</ele></trkpt>
      <trkpt lat="49.247165" lon="19.813392"><ele>1017.4</ele></trkpt>
      <trkpt lat="49.247200" lon="19.813397"><ele>1017.4</ele></trkpt>
      <trkpt lat="49.247238" lon="19.813410"><ele>1017.4</ele></trkpt>
      <trkpt lat="49.247267" lon="19.813430"><ele>1017.4</ele></trkpt>
      <trkpt lat="49.247280" lon="19.813454"><ele>1017.2</ele></trkpt>
      <trkpt lat="49.247306" lon="19.813459"><ele>1017.2</ele></trkpt>
      <trkpt lat="49.247325" lon="19.813477"><ele>1017.2</ele></trkpt>
      <trkpt lat="49.247354" lon="19.813506"><ele>1017.2</ele></trkpt>
      <trkpt lat="49.247373" lon="19.813514"><ele>1017.2</ele></trkpt>
      <trkpt lat="49.247379" lon="19.813546"><ele>1017.0</ele></trkpt>
      <trkpt lat="49.247398" lon="19.813557"><ele>1016.8</ele></trkpt>
      <trkpt lat="49.247414" lon="19.813570"><ele>1016.8</ele></trkpt>
      <trkpt lat="49.247421" lon="19.813598"><ele>1016.6</ele></trkpt>
      <trkpt lat="49.247437" lon="19.813626"><ele>1016.6</ele></trkpt>
      <trkpt lat="49.247453" lon="19.813640"><ele>1016.6</ele></trkpt>
      <trkpt lat="49.247472" lon="19.813658"><ele>1016.4</ele></trkpt>
      <trkpt lat="49.247491" lon="19.813677"><ele>1016.2</ele></trkpt>
      <trkpt lat="49.247517" lon="19.813702"><ele>1016.2</ele></trkpt>
      <trkpt lat="49.247530" lon="19.813725"><ele>1016.2</ele></trkpt>
      <trkpt lat="49.247546" lon="19.813742"><ele>1016.0</ele></trkpt>
      <trkpt lat="49.247571" lon="19.813757"><ele>1016.0</ele></trkpt>
      <trkpt lat="49.247594" lon="19.813768"><ele>1016.0</ele></trkpt>
      <trkpt lat="49.247613" lon="19.813787"><ele>1016.0</ele></trkpt>
      <trkpt lat="49.247635" lon="19.813806"><ele>1016.0</ele></trkpt>
      <trkpt lat="49.247658" lon="19.813814"><ele>1015.8</ele></trkpt>
      <trkpt lat="49.247683" lon="19.813835"><ele>1015.8</ele></trkpt>
      <trkpt lat="49.247693" lon="19.813867"><ele>1015.8</ele></trkpt>
      <trkpt lat="49.247722" lon="19.813888"><ele>1015.8</ele></trkpt>
      <trkpt lat="49.247744" lon="19.813904"><ele>1015.6</ele></trkpt>
      <trkpt lat="49.247763" lon="19.813909"><ele>1015.6</ele></trkpt>
      <trkpt lat="49.247798" lon="19.813931"><ele>1015.6</ele></trkpt>
      <trkpt lat="49.247830" lon="19.813949"><ele>1015.6</ele></trkpt>
      <trkpt lat="49.247856" lon="19.813968"><ele>1015.6</ele></trkpt>
      <trkpt lat="49.247875" lon="19.813974"><ele>1015.4</ele></trkpt>
      <trkpt lat="49.247910" lon="19.813994"><ele>1015.4</ele></trkpt>
      <trkpt lat="49.247930" lon="19.814026"><ele>1015.4</ele></trkpt>
      <trkpt lat="49.247962" lon="19.814040"><ele>1015.2</ele></trkpt>
      <trkpt lat="49.247990" lon="19.814053"><ele>1015.2</ele></trkpt>
      <trkpt lat="49.248019" lon="19.814062"><ele>1015.0</ele></trkpt>
      <trkpt lat="49.248051" lon="19.814067"><ele>1015.0</ele></trkpt>
      <trkpt lat="49.248074" lon="19.814083"><ele>1015.0</ele></trkpt>
      <trkpt lat="49.248096" lon="19.814085"><ele>1014.8</ele></trkpt>
      <trkpt lat="49.248122" lon="19.814080"><ele>1014.8</ele></trkpt>
      <trkpt lat="49.248154" lon="19.814072"><ele>1014.6</ele></trkpt>
      <trkpt lat="49.248176" lon="19.814072"><ele>1014.6</ele></trkpt>
      <trkpt lat="49.248198" lon="19.814086"><ele>1014.6</ele></trkpt>
      <trkpt lat="49.248218" lon="19.814091"><ele>1014.6</ele></trkpt>
      <trkpt lat="49.248240" lon="19.814101"><ele>1014.4</ele></trkpt>
      <trkpt lat="49.248259" lon="19.814102"><ele>1014.4</ele></trkpt>
      <trkpt lat="49.248285" lon="19.814094"><ele>1014.4</ele></trkpt>
      <trkpt lat="49.248310" lon="19.814104"><ele>1014.4</ele></trkpt>
      <trkpt lat="49.248330" lon="19.814104"><ele>1014.4</ele></trkpt>
      <trkpt lat="49.248352" lon="19.814110"><ele>1014.2</ele></trkpt>
      <trkpt lat="49.248378" lon="19.814117"><ele>1014.0</ele></trkpt>
      <trkpt lat="49.248406" lon="19.814144"><ele>1014.0</ele></trkpt>
      <trkpt lat="49.248432" lon="19.814157"><ele>1013.8</ele></trkpt>
      <trkpt lat="49.248454" lon="19.814166"><ele>1013.6</ele></trkpt>
      <trkpt lat="49.248477" lon="19.814176"><ele>1013.6</ele></trkpt>
      <trkpt lat="49.248496" lon="19.814184"><ele>1013.4</ele></trkpt>
      <trkpt lat="49.248528" lon="19.814190"><ele>1013.4</ele></trkpt>
      <trkpt lat="49.248557" lon="19.814205"><ele>1013.2</ele></trkpt>
      <trkpt lat="49.248582" lon="19.814216"><ele>1013.2</ele></trkpt>
      <trkpt lat="49.248602" lon="19.814230"><ele>1013.0</ele></trkpt>
      <trkpt lat="49.248634" lon="19.814245"><ele>1013.0</ele></trkpt>
      <trkpt lat="49.248650" lon="19.814261"><ele>1012.8</ele></trkpt>
      <trkpt lat="49.248682" lon="19.814261"><ele>1012.8</ele></trkpt>
      <trkpt lat="49.248710" lon="19.814264"><ele>1012.6</ele></trkpt>
      <trkpt lat="49.248736" lon="19.814274"><ele>1012.6</ele></trkpt>
      <trkpt lat="49.248755" lon="19.814285"><ele>1012.4</ele></trkpt>
      <trkpt lat="49.248784" lon="19.814294"><ele>1012.4</ele></trkpt>
      <trkpt lat="49.248813" lon="19.814306"><ele>1012.2</ele></trkpt>
      <trkpt lat="49.248835" lon="19.814331"><ele>1012.2</ele></trkpt>
      <trkpt lat="49.248864" lon="19.814344"><ele>1012.2</ele></trkpt>
      <trkpt lat="49.248886" lon="19.814346"><ele>1012.2</ele></trkpt>
      <trkpt lat="49.248906" lon="19.814355"><ele>1012.0</ele></trkpt>
      <trkpt lat="49.248925" lon="19.814371"><ele>1012.0</ele></trkpt>
      <trkpt lat="49.248947" lon="19.814394"><ele>1012.0</ele></trkpt>
      <trkpt lat="49.248970" lon="19.814395"><ele>1011.8</ele></trkpt>
      <trkpt lat="49.248989" lon="19.814395"><ele>1011.8</ele></trkpt>
      <trkpt lat="49.249008" lon="19.814400"><ele>1011.8</ele></trkpt>
      <trkpt lat="49.249034" lon="19.814405"><ele>1011.8</ele></trkpt>
      <trkpt lat="49.249050" lon="19.814418"><ele>1011.6</ele></trkpt>
      <trkpt lat="49.249069" lon="19.814427"><ele>1011.6</ele></trkpt>
      <trkpt lat="49.249091" lon="19.814442"><ele>1011.6</ele></trkpt>
      <trkpt lat="49.249114" lon="19.814461"><ele>1011.4</ele></trkpt>
      <trkpt lat="49.249146" lon="19.814474"><ele>1011.4</ele></trkpt>
      <trkpt lat="49.249178" lon="19.814478"><ele>1011.4</ele></trkpt>
      <trkpt lat="49.249146" lon="19.814461"><ele>1011.2</ele></trkpt>
      <trkpt lat="49.249171" lon="19.814474"><ele>1011.0</ele></trkpt>
      <trkpt lat="49.249200" lon="19.814483"><ele>1010.8</ele></trkpt>
      <trkpt lat="49.249219" lon="19.814488"><ele>1010.8</ele></trkpt>
      <trkpt lat="49.249238" lon="19.814502"><ele>1010.6</ele></trkpt>
      <trkpt lat="49.249261" lon="19.814530"><ele>1010.6</ele></trkpt>
      <trkpt lat="49.249283" lon="19.814549"><ele>1010.6</ele></trkpt>
      <trkpt lat="49.249309" lon="19.814542"><ele>1010.6</ele></trkpt>
      <trkpt lat="49.249341" lon="19.814539"><ele>1010.6</ele></trkpt>
      <trkpt lat="49.249360" lon="19.814550"><ele>1010.4</ele></trkpt>
      <trkpt lat="49.249386" lon="19.814557"><ele>1010.4</ele></trkpt>
      <trkpt lat="49.249411" lon="19.814562"><ele>1010.2</ele></trkpt>
      <trkpt lat="49.249440" lon="19.814581"><ele>1010.2</ele></trkpt>
      <trkpt lat="49.249466" lon="19.814594"><ele>1010.2</ele></trkpt>
      <trkpt lat="49.249485" lon="19.814603"><ele>1010.0</ele></trkpt>
      <trkpt lat="49.249520" lon="19.814616"><ele>1010.0</ele></trkpt>
      <trkpt lat="49.249542" lon="19.814621"><ele>1009.8</ele></trkpt>
      <trkpt lat="49.249562" lon="19.814637"><ele>1009.8</ele></trkpt>
      <trkpt lat="49.249578" lon="19.814653"><ele>1009.8</ele></trkpt>
      <trkpt lat="49.249627" lon="19.814678"><ele>1009.8</ele></trkpt>
      <trkpt lat="49.249667" lon="19.814699"><ele>1009.6</ele></trkpt>
      <trkpt lat="49.249683" lon="19.814712"><ele>1009.4</ele></trkpt>
      <trkpt lat="49.249718" lon="19.814730"><ele>1009.4</ele></trkpt>
      <trkpt lat="49.249738" lon="19.814741"><ele>1009.4</ele></trkpt>
      <trkpt lat="49.249757" lon="19.814755"><ele>1009.2</ele></trkpt>
      <trkpt lat="49.249760" lon="19.814811"><ele>1009.2</ele></trkpt>
      <trkpt lat="49.249786" lon="19.814845"><ele>1009.2</ele></trkpt>
      <trkpt lat="49.249802" lon="19.814859"><ele>1009.2</ele></trkpt>
      <trkpt lat="49.249770" lon="19.814866"><ele>1008.4</ele></trkpt>
      <trkpt lat="49.249795" lon="19.814864"><ele>1008.6</ele></trkpt>
      <trkpt lat="49.249827" lon="19.814859"><ele>1008.6</ele></trkpt>
      <trkpt lat="49.249856" lon="19.814858"><ele>1008.4</ele></trkpt>
      <trkpt lat="49.249875" lon="19.814856"><ele>1008.4</ele></trkpt>
      <trkpt lat="49.249901" lon="19.814854"><ele>1008.2</ele></trkpt>
      <trkpt lat="49.249926" lon="19.814848"><ele>1008.2</ele></trkpt>
      <trkpt lat="49.249958" lon="19.814832"><ele>1008.2</ele></trkpt>
      <trkpt lat="49.249984" lon="19.814835"><ele>1008.2</ele></trkpt>
      <trkpt lat="49.250016" lon="19.814832"><ele>1008.0</ele></trkpt>
      <trkpt lat="49.250042" lon="19.814830"><ele>1008.0</ele></trkpt>
      <trkpt lat="49.250064" lon="19.814838"><ele>1007.6</ele></trkpt>
      <trkpt lat="49.250093" lon="19.814838"><ele>1007.4</ele></trkpt>
      <trkpt lat="49.250112" lon="19.814830"><ele>1007.2</ele></trkpt>
      <trkpt lat="49.250134" lon="19.814826"><ele>1007.0</ele></trkpt>
      <trkpt lat="49.250154" lon="19.814821"><ele>1006.8</ele></trkpt>
      <trkpt lat="49.250176" lon="19.814818"><ele>1006.8</ele></trkpt>
      <trkpt lat="49.250211" lon="19.814811"><ele>1006.6</ele></trkpt>
      <trkpt lat="49.250237" lon="19.814814"><ele>1006.4</ele></trkpt>
      <trkpt lat="49.250259" lon="19.814805"><ele>1006.4</ele></trkpt>
      <trkpt lat="49.250291" lon="19.814790"><ele>1006.4</ele></trkpt>
      <trkpt lat="49.250310" lon="19.814786"><ele>1006.2</ele></trkpt>
      <trkpt lat="49.250333" lon="19.814792"><ele>1006.2</ele></trkpt>
      <trkpt lat="49.250358" lon="19.814805"><ele>1006.0</ele></trkpt>
      <trkpt lat="49.250378" lon="19.814821"><ele>1005.8</ele></trkpt>
      <trkpt lat="49.250403" lon="19.814827"><ele>1005.6</ele></trkpt>
      <trkpt lat="49.250438" lon="19.814819"><ele>1005.6</ele></trkpt>
      <trkpt lat="49.250461" lon="19.814818"><ele>1005.4</ele></trkpt>
      <trkpt lat="49.250480" lon="19.814819"><ele>1005.4</ele></trkpt>
      <trkpt lat="49.250502" lon="19.814826"><ele>1005.2</ele></trkpt>
      <trkpt lat="49.250522" lon="19.814832"><ele>1005.2</ele></trkpt>
      <trkpt lat="49.250544" lon="19.814838"><ele>1005.0</ele></trkpt>
      <trkpt lat="49.250576" lon="19.814842"><ele>1005.0</ele></trkpt>
      <trkpt lat="49.250595" lon="19.814840"><ele>1005.0</ele></trkpt>
      <trkpt lat="49.250621" lon="19.814845"><ele>1005.0</ele></trkpt>
      <trkpt lat="49.250643" lon="19.814851"><ele>1004.8</ele></trkpt>
      <trkpt lat="49.250675" lon="19.814858"><ele>1004.8</ele></trkpt>
      <trkpt lat="49.250698" lon="19.814864"><ele>1004.8</ele></trkpt>
      <trkpt lat="49.250723" lon="19.814875"><ele>1004.6</ele></trkpt>
      <trkpt lat="49.250752" lon="19.814886"><ele>1004.6</ele></trkpt>
      <trkpt lat="49.250774" lon="19.814899"><ele>1004.6</ele></trkpt>
      <trkpt lat="49.250806" lon="19.814910"><ele>1004.6</ele></trkpt>
      <trkpt lat="49.250835" lon="19.814920"><ele>1004.4</ele></trkpt>
      <trkpt lat="49.250858" lon="19.814928"><ele>1004.2</ele></trkpt>
      <trkpt lat="49.250886" lon="19.814936"><ele>1004.0</ele></trkpt>
      <trkpt lat="49.250915" lon="19.814939"><ele>1003.8</ele></trkpt>
      <trkpt lat="49.250950" lon="19.814949"><ele>1003.8</ele></trkpt>
      <trkpt lat="49.250976" lon="19.814950"><ele>1003.6</ele></trkpt>
      <trkpt lat="49.251008" lon="19.814958"><ele>1003.6</ele></trkpt>
      <trkpt lat="49.251040" lon="19.814965"><ele>1003.6</ele></trkpt>
      <trkpt lat="49.251069" lon="19.814976"><ele>1003.4</ele></trkpt>
      <trkpt lat="49.251098" lon="19.814981"><ele>1003.4</ele></trkpt>
      <trkpt lat="49.251120" lon="19.814981"><ele>1003.4</ele></trkpt>
      <trkpt lat="49.251149" lon="19.814976"><ele>1003.2</ele></trkpt>
      <trkpt lat="49.251168" lon="19.814970"><ele>1003.2</ele></trkpt>
      <trkpt lat="49.251187" lon="19.814965"><ele>1003.2</ele></trkpt>
      <trkpt lat="49.251210" lon="19.814962"><ele>1003.2</ele></trkpt>
      <trkpt lat="49.251229" lon="19.814965"><ele>1003.0</ele></trkpt>
      <trkpt lat="49.251258" lon="19.814958"><ele>1002.8</ele></trkpt>
      <trkpt lat="49.251286" lon="19.814965"><ele>1002.8</ele></trkpt>
      <trkpt lat="49.251306" lon="19.814968"><ele>1003.0</ele></trkpt>
      <trkpt lat="49.251328" lon="19.814974"><ele>1002.8</ele></trkpt>
      <trkpt lat="49.251347" lon="19.815000"><ele>1002.8</ele></trkpt>
      <trkpt lat="49.251373" lon="19.814997"><ele>1002.6</ele></trkpt>
      <trkpt lat="49.251392" lon="19.814990"><ele>1002.6</ele></trkpt>
      <trkpt lat="49.251411" lon="19.814986"><ele>1002.6</ele></trkpt>
      <trkpt lat="49.251434" lon="19.814995"><ele>1002.6</ele></trkpt>
      <trkpt lat="49.251453" lon="19.815010"><ele>1002.4</ele></trkpt>
      <trkpt lat="49.251475" lon="19.815018"><ele>1002.4</ele></trkpt>
      <trkpt lat="49.251498" lon="19.815029"><ele>1002.2</ele></trkpt>
      <trkpt lat="49.251517" lon="19.815038"><ele>1002.2</ele></trkpt>
      <trkpt lat="49.251546" lon="19.815040"><ele>1002.0</ele></trkpt>
      <trkpt lat="49.251565" lon="19.815043"><ele>1002.0</ele></trkpt>
      <trkpt lat="49.251581" lon="19.815061"><ele>1001.8</ele></trkpt>
      <trkpt lat="49.251603" lon="19.815056"><ele>1001.8</ele></trkpt>
      <trkpt lat="49.251622" lon="19.815053"><ele>1001.8</ele></trkpt>
      <trkpt lat="49.251648" lon="19.815054"><ele>1001.8</ele></trkpt>
      <trkpt lat="49.251680" lon="19.815054"><ele>1001.8</ele></trkpt>
      <trkpt lat="49.251709" lon="19.815053"><ele>1001.6</ele></trkpt>
      <trkpt lat="49.251731" lon="19.815054"><ele>1001.6</ele></trkpt>
      <trkpt lat="49.251754" lon="19.815070"><ele>1001.6</ele></trkpt>
      <trkpt lat="49.251799" lon="19.815091"><ele>1001.4</ele></trkpt>
      <trkpt lat="49.251824" lon="19.815096"><ele>1001.2</ele></trkpt>
      <trkpt lat="49.251843" lon="19.815102"><ele>1001.0</ele></trkpt>
      <trkpt lat="49.251869" lon="19.815125"><ele>1000.8</ele></trkpt>
      <trkpt lat="49.251901" lon="19.815147"><ele>1000.8</ele></trkpt>
      <trkpt lat="49.251923" lon="19.815163"><ele>1000.6</ele></trkpt>
      <trkpt lat="49.251942" lon="19.815179"><ele>1000.4</ele></trkpt>
      <trkpt lat="49.251962" lon="19.815184"><ele>1000.2</ele></trkpt>
      <trkpt lat="49.251990" lon="19.815186"><ele>1000.2</ele></trkpt>
      <trkpt lat="49.252022" lon="19.815195"><ele>1000.0</ele></trkpt>
      <trkpt lat="49.252051" lon="19.815197"><ele>1000.0</ele></trkpt>
      <trkpt lat="49.252083" lon="19.815184"><ele>1000.0</ele></trkpt>
      <trkpt lat="49.252112" lon="19.815178"><ele>999.8</ele></trkpt>
      <trkpt lat="49.252150" lon="19.815170"><ele>999.6</ele></trkpt>
      <trkpt lat="49.252179" lon="19.815176"><ele>999.6</ele></trkpt>
      <trkpt lat="49.252198" lon="19.815202"><ele>999.6</ele></trkpt>
      <trkpt lat="49.252224" lon="19.815202"><ele>999.6</ele></trkpt>
      <trkpt lat="49.252250" lon="19.815202"><ele>999.6</ele></trkpt>
      <trkpt lat="49.252282" lon="19.815213"><ele>999.6</ele></trkpt>
      <trkpt lat="49.252310" lon="19.815216"><ele>999.4</ele></trkpt>
      <trkpt lat="49.252346" lon="19.815226"><ele>999.4</ele></trkpt>
      <trkpt lat="49.252365" lon="19.815248"><ele>999.4</ele></trkpt>
      <trkpt lat="49.252381" lon="19.815272"><ele>999.2</ele></trkpt>
      <trkpt lat="49.252400" lon="19.815282"><ele>999.2</ele></trkpt>
      <trkpt lat="49.252426" lon="19.815283"><ele>999.0</ele></trkpt>
      <trkpt lat="49.252454" lon="19.815288"><ele>999.0</ele></trkpt>
      <trkpt lat="49.252477" lon="19.815294"><ele>998.8</ele></trkpt>
      <trkpt lat="49.252499" lon="19.815296"><ele>998.8</ele></trkpt>
      <trkpt lat="49.252522" lon="19.815267"><ele>998.6</ele></trkpt>
      <trkpt lat="49.252547" lon="19.815278"><ele>998.6</ele></trkpt>
      <trkpt lat="49.252566" lon="19.815278"><ele>998.6</ele></trkpt>
      <trkpt lat="49.252595" lon="19.815283"><ele>998.6</ele></trkpt>
      <trkpt lat="49.252618" lon="19.815288"><ele>998.4</ele></trkpt>
      <trkpt lat="49.252640" lon="19.815291"><ele>998.4</ele></trkpt>
      <trkpt lat="49.252666" lon="19.815285"><ele>998.2</ele></trkpt>
      <trkpt lat="49.252698" lon="19.815272"><ele>998.2</ele></trkpt>
      <trkpt lat="49.252723" lon="19.815256"><ele>998.0</ele></trkpt>
      <trkpt lat="49.252746" lon="19.815256"><ele>998.0</ele></trkpt>
      <trkpt lat="49.252768" lon="19.815258"><ele>998.0</ele></trkpt>
      <trkpt lat="49.252800" lon="19.815259"><ele>998.0</ele></trkpt>
      <trkpt lat="49.252826" lon="19.815267"><ele>998.0</ele></trkpt>
      <trkpt lat="49.252854" lon="19.815277"><ele>997.8</ele></trkpt>
      <trkpt lat="49.252880" lon="19.815285"><ele>997.6</ele></trkpt>
      <trkpt lat="49.252906" lon="19.815288"><ele>997.6</ele></trkpt>
      <trkpt lat="49.252931" lon="19.815293"><ele>997.6</ele></trkpt>
      <trkpt lat="49.252960" lon="19.815294"><ele>997.4</ele></trkpt>
      <trkpt lat="49.252982" lon="19.815293"><ele>997.4</ele></trkpt>
      <trkpt lat="49.253011" lon="19.815293"><ele>997.4</ele></trkpt>
      <trkpt lat="49.253040" lon="19.815293"><ele>997.2</ele></trkpt>
      <trkpt lat="49.253062" lon="19.815296"><ele>997.2</ele></trkpt>
      <trkpt lat="49.253094" lon="19.815299"><ele>997.2</ele></trkpt>
      <trkpt lat="49.253117" lon="19.815299"><ele>997.2</ele></trkpt>
      <trkpt lat="49.253142" lon="19.815306"><ele>997.0</ele></trkpt>
      <trkpt lat="49.253165" lon="19.815309"><ele>997.0</ele></trkpt>
      <trkpt lat="49.253210" lon="19.815299"><ele>997.0</ele></trkpt>
      <trkpt lat="49.253235" lon="19.815314"><ele>996.8</ele></trkpt>
      <trkpt lat="49.253261" lon="19.815322"><ele>996.8</ele></trkpt>
      <trkpt lat="49.253290" lon="19.815322"><ele>996.8</ele></trkpt>
      <trkpt lat="49.253318" lon="19.815314"><ele>996.6</ele></trkpt>
      <trkpt lat="49.253344" lon="19.815314"><ele>996.4</ele></trkpt>
      <trkpt lat="49.253373" lon="19.815318"><ele>996.4</ele></trkpt>
      <trkpt lat="49.253395" lon="19.815315"><ele>996.4</ele></trkpt>
      <trkpt lat="49.253421" lon="19.815318"><ele>996.2</ele></trkpt>
      <trkpt lat="49.253450" lon="19.815306"><ele>996.2</ele></trkpt>
      <trkpt lat="49.253469" lon="19.815278"><ele>996.2</ele></trkpt>
      <trkpt lat="49.253491" lon="19.815286"><ele>996.0</ele></trkpt>
      <trkpt lat="49.253514" lon="19.815293"><ele>996.0</ele></trkpt>
      <trkpt lat="49.253536" lon="19.815299"><ele>996.0</ele></trkpt>
      <trkpt lat="49.253558" lon="19.815307"><ele>996.0</ele></trkpt>
      <trkpt lat="49.253590" lon="19.815314"><ele>995.8</ele></trkpt>
      <trkpt lat="49.253619" lon="19.815314"><ele>995.8</ele></trkpt>
      <trkpt lat="49.253648" lon="19.815318"><ele>995.8</ele></trkpt>
      <trkpt lat="49.253670" lon="19.815315"><ele>995.8</ele></trkpt>
      <trkpt lat="49.253690" lon="19.815307"><ele>995.6</ele></trkpt>
      <trkpt lat="49.253722" lon="19.815304"><ele>995.6</ele></trkpt>
      <trkpt lat="49.253754" lon="19.815307"><ele>995.6</ele></trkpt>
      <trkpt lat="49.253773" lon="19.815307"><ele>995.4</ele></trkpt>
      <trkpt lat="49.253798" lon="19.815312"><ele>995.4</ele></trkpt>
      <trkpt lat="49.253821" lon="19.815318"><ele>995.2</ele></trkpt>
      <trkpt lat="49.253846" lon="19.815344"><ele>995.2</ele></trkpt>
      <trkpt lat="49.253869" lon="19.815344"><ele>995.2</ele></trkpt>
      <trkpt lat="49.253888" lon="19.815342"><ele>995.2</ele></trkpt>
      <trkpt lat="49.253914" lon="19.815342"><ele>995.2</ele></trkpt>
      <trkpt lat="49.253936" lon="19.815334"><ele>995.2</ele></trkpt>
      <trkpt lat="49.253958" lon="19.815314"><ele>995.2</ele></trkpt>
      <trkpt lat="49.253978" lon="19.815293"><ele>995.0</ele></trkpt>
      <trkpt lat="49.254003" lon="19.815262"><ele>995.0</ele></trkpt>
      <trkpt lat="49.254026" lon="19.815237"><ele>995.0</ele></trkpt>
      <trkpt lat="49.254054" lon="19.815205"><ele>994.8</ele></trkpt>
      <trkpt lat="49.254077" lon="19.815187"><ele>994.8</ele></trkpt>
      <trkpt lat="49.254109" lon="19.815186"><ele>994.8</ele></trkpt>
      <trkpt lat="49.254134" lon="19.815182"><ele>994.8</ele></trkpt>
      <trkpt lat="49.254157" lon="19.815184"><ele>994.8</ele></trkpt>
      <trkpt lat="49.254189" lon="19.815197"><ele>994.8</ele></trkpt>
      <trkpt lat="49.254214" lon="19.815218"><ele>994.6</ele></trkpt>
      <trkpt lat="49.254230" lon="19.815232"><ele>994.6</ele></trkpt>
      <trkpt lat="49.254256" lon="19.815242"><ele>994.6</ele></trkpt>
      <trkpt lat="49.254282" lon="19.815227"><ele>994.6</ele></trkpt>
      <trkpt lat="49.254307" lon="19.815229"><ele>994.4</ele></trkpt>
      <trkpt lat="49.254330" lon="19.815254"><ele>994.2</ele></trkpt>
      <trkpt lat="49.254362" lon="19.815269"><ele>994.0</ele></trkpt>
      <trkpt lat="49.254387" lon="19.815278"><ele>994.0</ele></trkpt>
      <trkpt lat="49.254406" lon="19.815294"><ele>994.0</ele></trkpt>
      <trkpt lat="49.254432" lon="19.815306"><ele>993.8</ele></trkpt>
      <trkpt lat="49.254454" lon="19.815326"><ele>993.8</ele></trkpt>
      <trkpt lat="49.254474" lon="19.815331"><ele>993.8</ele></trkpt>
      <trkpt lat="49.254506" lon="19.815333"><ele>993.8</ele></trkpt>
      <trkpt lat="49.254531" lon="19.815346"><ele>993.6</ele></trkpt>
      <trkpt lat="49.254563" lon="19.815358"><ele>993.6</ele></trkpt>
      <trkpt lat="49.254592" lon="19.815363"><ele>993.4</ele></trkpt>
      <trkpt lat="49.254624" lon="19.815368"><ele>993.2</ele></trkpt>
      <trkpt lat="49.254650" lon="19.815373"><ele>993.0</ele></trkpt>
      <trkpt lat="49.254678" lon="19.815374"><ele>993.0</ele></trkpt>
      <trkpt lat="49.254704" lon="19.815374"><ele>992.8</ele></trkpt>
      <trkpt lat="49.254730" lon="19.815378"><ele>992.8</ele></trkpt>
      <trkpt lat="49.254762" lon="19.815384"><ele>992.8</ele></trkpt>
      <trkpt lat="49.254790" lon="19.815386"><ele>992.6</ele></trkpt>
      <trkpt lat="49.254822" lon="19.815386"><ele>992.4</ele></trkpt>
      <trkpt lat="49.254845" lon="19.815390"><ele>992.2</ele></trkpt>
      <trkpt lat="49.254874" lon="19.815374"><ele>992.2</ele></trkpt>
      <trkpt lat="49.254899" lon="19.815381"><ele>992.2</ele></trkpt>
      <trkpt lat="49.254931" lon="19.815382"><ele>992.0</ele></trkpt>
      <trkpt lat="49.254950" lon="19.815386"><ele>992.0</ele></trkpt>
      <trkpt lat="49.254979" lon="19.815386"><ele>991.8</ele></trkpt>
      <trkpt lat="49.255008" lon="19.815386"><ele>991.8</ele></trkpt>
      <trkpt lat="49.255030" lon="19.815384"><ele>991.6</ele></trkpt>
      <trkpt lat="49.255062" lon="19.815386"><ele>991.4</ele></trkpt>
      <trkpt lat="49.255091" lon="19.815386"><ele>991.2</ele></trkpt>
      <trkpt lat="49.255123" lon="19.815387"><ele>991.2</ele></trkpt>
      <trkpt lat="49.255155" lon="19.815398"><ele>991.2</ele></trkpt>
      <trkpt lat="49.255184" lon="19.815402"><ele>991.0</ele></trkpt>
      <trkpt lat="49.255210" lon="19.815398"><ele>990.8</ele></trkpt>
      <trkpt lat="49.255238" lon="19.815398"><ele>990.6</ele></trkpt>
      <trkpt lat="49.255264" lon="19.815402"><ele>990.4</ele></trkpt>
      <trkpt lat="49.255296" lon="19.815398"><ele>990.4</ele></trkpt>
      <trkpt lat="49.255325" lon="19.815403"><ele>990.4</ele></trkpt>
      <trkpt lat="49.255354" lon="19.815406"><ele>990.4</ele></trkpt>
      <trkpt lat="49.255376" lon="19.815406"><ele>990.4</ele></trkpt>
      <trkpt lat="49.255402" lon="19.815413"><ele>990.4</ele></trkpt>
      <trkpt lat="49.255427" lon="19.815414"><ele>990.4</ele></trkpt>
      <trkpt lat="49.255459" lon="19.815414"><ele>990.4</ele></trkpt>
      <trkpt lat="49.255485" lon="19.815413"><ele>990.2</ele></trkpt>
      <trkpt lat="49.255504" lon="19.815406"><ele>990.2</ele></trkpt>
      <trkpt lat="49.255536" lon="19.815398"><ele>990.2</ele></trkpt>
      <trkpt lat="49.255562" lon="19.815395"><ele>990.2</ele></trkpt>
      <trkpt lat="49.255584" lon="19.815398"><ele>990.2</ele></trkpt>
      <trkpt lat="49.255619" lon="19.815395"><ele>990.2</ele></trkpt>
      <trkpt lat="49.255645" lon="19.815413"><ele>990.2</ele></trkpt>
      <trkpt lat="49.255664" lon="19.815434"><ele>990.2</ele></trkpt>
      <trkpt lat="49.255693" lon="19.815440"><ele>990.2</ele></trkpt>
      <trkpt lat="49.255718" lon="19.815453"><ele>990.0</ele></trkpt>
      <trkpt lat="49.255741" lon="19.815453"><ele>990.0</ele></trkpt>
      <trkpt lat="49.255763" lon="19.815456"><ele>990.0</ele></trkpt>
      <trkpt lat="49.255782" lon="19.815453"><ele>990.0</ele></trkpt>
      <trkpt lat="49.255811" lon="19.815453"><ele>990.2</ele></trkpt>
      <trkpt lat="49.255843" lon="19.815442"><ele>990.2</ele></trkpt>
      <trkpt lat="49.255875" lon="19.815442"><ele>990.2</ele></trkpt>
      <trkpt lat="49.255904" lon="19.815437"><ele>990.2</ele></trkpt>
      <trkpt lat="49.255936" lon="19.815437"><ele>990.2</ele></trkpt>
      <trkpt lat="49.255965" lon="19.815440"><ele>990.2</ele></trkpt>
      <trkpt lat="49.255994" lon="19.815445"><ele>990.2</ele></trkpt>
      <trkpt lat="49.256022" lon="19.815453"><ele>990.2</ele></trkpt>
      <trkpt lat="49.256042" lon="19.815458"><ele>990.2</ele></trkpt>
      <trkpt lat="49.256064" lon="19.815464"><ele>990.2</ele></trkpt>
      <trkpt lat="49.256096" lon="19.815462"><ele>990.4</ele></trkpt>
      <trkpt lat="49.256128" lon="19.815458"><ele>990.2</ele></trkpt>
      <trkpt lat="49.256154" lon="19.815451"><ele>990.2</ele></trkpt>
      <trkpt lat="49.256179" lon="19.815442"><ele>990.2</ele></trkpt>
      <trkpt lat="49.256198" lon="19.815440"><ele>990.4</ele></trkpt>
      <trkpt lat="49.256221" lon="19.815437"><ele>990.4</ele></trkpt>
      <trkpt lat="49.256240" lon="19.815432"><ele>990.4</ele></trkpt>
      <trkpt lat="49.256269" lon="19.815434"><ele>990.2</ele></trkpt>
      <trkpt lat="49.256288" lon="19.815437"><ele>990.2</ele></trkpt>
      <trkpt lat="49.256310" lon="19.815443"><ele>990.2</ele></trkpt>
      <trkpt lat="49.256339" lon="19.815451"><ele>990.2</ele></trkpt>
      <trkpt lat="49.256362" lon="19.815453"><ele>990.2</ele></trkpt>
      <trkpt lat="49.256390" lon="19.815453"><ele>990.0</ele></trkpt>
      <trkpt lat="49.256410" lon="19.815442"><ele>990.0</ele></trkpt>
      <trkpt lat="49.256448" lon="19.815418"><ele>989.8</ele></trkpt>
      <trkpt lat="49.256474" lon="19.815408"><ele>989.8</ele></trkpt>
      <trkpt lat="49.256509" lon="19.815402"><ele>989.8</ele></trkpt>
      <trkpt lat="49.256534" lon="19.815413"><ele>989.6</ele></trkpt>
      <trkpt lat="49.256560" lon="19.815422"><ele>989.6</ele></trkpt>
      <trkpt lat="49.256586" lon="19.815421"><ele>989.6</ele></trkpt>
      <trkpt lat="49.256605" lon="19.815421"><ele>989.4</ele></trkpt>
      <trkpt lat="49.256630" lon="19.815427"><ele>989.2</ele></trkpt>
      <trkpt lat="49.256650" lon="19.815434"><ele>989.2</ele></trkpt>
      <trkpt lat="49.256669" lon="19.815430"><ele>989.2</ele></trkpt>
      <trkpt lat="49.256691" lon="19.815442"><ele>989.0</ele></trkpt>
      <trkpt lat="49.256714" lon="19.815435"><ele>988.8</ele></trkpt>
      <trkpt lat="49.256739" lon="19.815427"><ele>988.8</ele></trkpt>
      <trkpt lat="49.256758" lon="19.815453"><ele>988.8</ele></trkpt>
      <trkpt lat="49.256778" lon="19.815453"><ele>988.6</ele></trkpt>
      <trkpt lat="49.256803" lon="19.815453"><ele>988.6</ele></trkpt>
      <trkpt lat="49.256829" lon="19.815456"><ele>988.4</ele></trkpt>
      <trkpt lat="49.256854" lon="19.815464"><ele>988.4</ele></trkpt>
      <trkpt lat="49.256877" lon="19.815462"><ele>988.2</ele></trkpt>
      <trkpt lat="49.256909" lon="19.815464"><ele>988.0</ele></trkpt>
      <trkpt lat="49.256931" lon="19.815466"><ele>988.0</ele></trkpt>
      <trkpt lat="49.256963" lon="19.815461"><ele>987.8</ele></trkpt>
      <trkpt lat="49.256992" lon="19.815456"><ele>987.6</ele></trkpt>
      <trkpt lat="49.257018" lon="19.815440"><ele>987.4</ele></trkpt>
      <trkpt lat="49.257037" lon="19.815418"><ele>987.2</ele></trkpt>
      <trkpt lat="49.257053" lon="19.815402"><ele>987.0</ele></trkpt>
      <trkpt lat="49.257072" lon="19.815392"><ele>986.8</ele></trkpt>
      <trkpt lat="49.257107" lon="19.815363"><ele>986.8</ele></trkpt>
      <trkpt lat="49.257126" lon="19.815334"><ele>986.6</ele></trkpt>
      <trkpt lat="49.257152" lon="19.815318"><ele>986.4</ele></trkpt>
      <trkpt lat="49.257171" lon="19.815302"><ele>986.2</ele></trkpt>
      <trkpt lat="49.257194" lon="19.815277"><ele>986.2</ele></trkpt>
      <trkpt lat="49.257210" lon="19.815256"><ele>986.2</ele></trkpt>
      <trkpt lat="49.257232" lon="19.815254"><ele>985.8</ele></trkpt>
      <trkpt lat="49.257248" lon="19.815234"><ele>985.8</ele></trkpt>
      <trkpt lat="49.257280" lon="19.815219"><ele>985.6</ele></trkpt>
      <trkpt lat="49.257302" lon="19.815226"><ele>985.4</ele></trkpt>
      <trkpt lat="49.257325" lon="19.815227"><ele>985.4</ele></trkpt>
      <trkpt lat="49.257344" lon="19.815218"><ele>985.2</ele></trkpt>
      <trkpt lat="49.257370" lon="19.815198"><ele>985.2</ele></trkpt>
      <trkpt lat="49.257395" lon="19.815192"><ele>985.2</ele></trkpt>
      <trkpt lat="49.257414" lon="19.815202"><ele>985.2</ele></trkpt>
      <trkpt lat="49.257434" lon="19.815210"><ele>985.0</ele></trkpt>
      <trkpt lat="49.257462" lon="19.815206"><ele>985.0</ele></trkpt>
      <trkpt lat="49.257482" lon="19.815206"><ele>985.0</ele></trkpt>
      <trkpt lat="49.257514" lon="19.815197"><ele>984.8</ele></trkpt>
      <trkpt lat="49.257533" lon="19.815189"><ele>984.8</ele></trkpt>
      <trkpt lat="49.257562" lon="19.815173"><ele>984.8</ele></trkpt>
      <trkpt lat="49.257584" lon="19.815158"><ele>984.8</ele></trkpt>
      <trkpt lat="49.257613" lon="19.815144"><ele>984.8</ele></trkpt>
      <trkpt lat="49.257632" lon="19.815144"><ele>984.8</ele></trkpt>
      <trkpt lat="49.257661" lon="19.815144"><ele>984.8</ele></trkpt>
      <trkpt lat="49.257680" lon="19.815134"><ele>984.6</ele></trkpt>
      <trkpt lat="49.257709" lon="19.815128"><ele>984.6</ele></trkpt>
      <trkpt lat="49.257741" lon="19.815123"><ele>984.6</ele></trkpt>
      <trkpt lat="49.257760" lon="19.815110"><ele>984.6</ele></trkpt>
      <trkpt lat="49.257779" lon="19.815099"><ele>984.6</ele></trkpt>
      <trkpt lat="49.257798" lon="19.815090"><ele>984.6</ele></trkpt>
      <trkpt lat="49.257824" lon="19.815085"><ele>984.6</ele></trkpt>
      <trkpt lat="49.257850" lon="19.815075"><ele>984.4</ele></trkpt>
      <trkpt lat="49.257885" lon="19.815058"><ele>984.4</ele></trkpt>
      <trkpt lat="49.257920" lon="19.815021"><ele>984.4</ele></trkpt>
      <trkpt lat="49.257955" lon="19.815016"><ele>984.4</ele></trkpt>
      <trkpt lat="49.257984" lon="19.815026"><ele>984.4</ele></trkpt>
      <trkpt lat="49.258019" lon="19.815018"><ele>984.4</ele></trkpt>
      <trkpt lat="49.258038" lon="19.815010"><ele>984.4</ele></trkpt>
      <trkpt lat="49.258067" lon="19.814994"><ele>984.4</ele></trkpt>
      <trkpt lat="49.258083" lon="19.814981"><ele>984.4</ele></trkpt>
      <trkpt lat="49.258135" lon="19.814923"><ele>984.4</ele></trkpt>
      <trkpt lat="49.258179" lon="19.814939"><ele>984.4</ele></trkpt>
      <trkpt lat="49.258202" lon="19.814946"><ele>984.2</ele></trkpt>
      <trkpt lat="49.258227" lon="19.814962"><ele>984.2</ele></trkpt>
      <trkpt lat="49.258246" lon="19.814971"><ele>984.2</ele></trkpt>
      <trkpt lat="49.258266" lon="19.814989"><ele>984.2</ele></trkpt>
      <trkpt lat="49.258282" lon="19.815003"><ele>984.2</ele></trkpt>
      <trkpt lat="49.258301" lon="19.814995"><ele>984.0</ele></trkpt>
      <trkpt lat="49.258326" lon="19.814989"><ele>984.0</ele></trkpt>
      <trkpt lat="49.258346" lon="19.814989"><ele>984.0</ele></trkpt>
      <trkpt lat="49.258368" lon="19.815003"><ele>983.8</ele></trkpt>
      <trkpt lat="49.258387" lon="19.815003"><ele>983.8</ele></trkpt>
      <trkpt lat="49.258419" lon="19.814990"><ele>983.8</ele></trkpt>
      <trkpt lat="49.258448" lon="19.815000"><ele>983.6</ele></trkpt>
      <trkpt lat="49.258477" lon="19.814994"><ele>983.6</ele></trkpt>
      <trkpt lat="49.258496" lon="19.814995"><ele>983.6</ele></trkpt>
      <trkpt lat="49.258512" lon="19.815019"><ele>983.4</ele></trkpt>
      <trkpt lat="49.258534" lon="19.815029"><ele>983.4</ele></trkpt>
      <trkpt lat="49.258554" lon="19.815046"><ele>983.4</ele></trkpt>
      <trkpt lat="49.258576" lon="19.815048"><ele>983.4</ele></trkpt>
      <trkpt lat="49.258595" lon="19.815053"><ele>983.4</ele></trkpt>
      <trkpt lat="49.258621" lon="19.815074"><ele>983.2</ele></trkpt>
      <trkpt lat="49.258643" lon="19.815090"><ele>983.2</ele></trkpt>
      <trkpt lat="49.258662" lon="19.815109"><ele>983.0</ele></trkpt>
      <trkpt lat="49.258694" lon="19.815120"><ele>983.0</ele></trkpt>
      <trkpt lat="49.258717" lon="19.815118"><ele>982.8</ele></trkpt>
      <trkpt lat="49.258736" lon="19.815118"><ele>982.8</ele></trkpt>
      <trkpt lat="49.258765" lon="19.815109"><ele>982.8</ele></trkpt>
      <trkpt lat="49.258800" lon="19.815120"><ele>982.6</ele></trkpt>
      <trkpt lat="49.258822" lon="19.815125"><ele>982.6</ele></trkpt>
      <trkpt lat="49.258851" lon="19.815142"><ele>982.6</ele></trkpt>
      <trkpt lat="49.258877" lon="19.815157"><ele>982.4</ele></trkpt>
      <trkpt lat="49.258909" lon="19.815179"><ele>982.4</ele></trkpt>
      <trkpt lat="49.258922" lon="19.815224"><ele>982.4</ele></trkpt>
      <trkpt lat="49.258941" lon="19.815250"><ele>982.4</ele></trkpt>
      <trkpt lat="49.258963" lon="19.815254"><ele>982.2</ele></trkpt>
      <trkpt lat="49.258982" lon="19.815269"><ele>982.2</ele></trkpt>
      <trkpt lat="49.259002" lon="19.815275"><ele>982.2</ele></trkpt>
      <trkpt lat="49.259030" lon="19.815274"><ele>982.2</ele></trkpt>
      <trkpt lat="49.259053" lon="19.815274"><ele>982.0</ele></trkpt>
      <trkpt lat="49.259082" lon="19.815278"><ele>982.0</ele></trkpt>
      <trkpt lat="49.259107" lon="19.815293"><ele>982.0</ele></trkpt>
      <trkpt lat="49.259130" lon="19.815302"><ele>982.0</ele></trkpt>
      <trkpt lat="49.259149" lon="19.815309"><ele>982.0</ele></trkpt>
      <trkpt lat="49.259168" lon="19.815314"><ele>981.8</ele></trkpt>
      <trkpt lat="49.259194" lon="19.815318"><ele>981.8</ele></trkpt>
      <trkpt lat="49.259219" lon="19.815334"><ele>981.8</ele></trkpt>
      <trkpt lat="49.259251" lon="19.815344"><ele>981.8</ele></trkpt>
      <trkpt lat="49.259277" lon="19.815358"><ele>981.8</ele></trkpt>
      <trkpt lat="49.259306" lon="19.815368"><ele>981.6</ele></trkpt>
      <trkpt lat="49.259334" lon="19.815376"><ele>981.6</ele></trkpt>
      <trkpt lat="49.259366" lon="19.815390"><ele>981.4</ele></trkpt>
      <trkpt lat="49.259386" lon="19.815398"><ele>981.4</ele></trkpt>
      <trkpt lat="49.259411" lon="19.815416"><ele>981.4</ele></trkpt>
      <trkpt lat="49.259437" lon="19.815430"><ele>981.4</ele></trkpt>
      <trkpt lat="49.259459" lon="19.815448"><ele>981.2</ele></trkpt>
      <trkpt lat="49.259485" lon="19.815464"><ele>981.2</ele></trkpt>
      <trkpt lat="49.259504" lon="19.815485"><ele>981.0</ele></trkpt>
      <trkpt lat="49.259530" lon="19.815506"><ele>981.0</ele></trkpt>
      <trkpt lat="49.259549" lon="19.815510"><ele>981.0</ele></trkpt>
      <trkpt lat="49.259574" lon="19.815520"><ele>981.0</ele></trkpt>
      <trkpt lat="49.259600" lon="19.815531"><ele>981.0</ele></trkpt>
      <trkpt lat="49.259626" lon="19.815534"><ele>980.8</ele></trkpt>
      <trkpt lat="49.259645" lon="19.815533"><ele>980.8</ele></trkpt>
      <trkpt lat="49.259674" lon="19.815530"><ele>980.8</ele></trkpt>
      <trkpt lat="49.259690" lon="19.815542"><ele>980.6</ele></trkpt>
      <trkpt lat="49.259715" lon="19.815557"><ele>980.6</ele></trkpt>
      <trkpt lat="49.259738" lon="19.815574"><ele>980.6</ele></trkpt>
      <trkpt lat="49.259754" lon="19.815597"><ele>980.6</ele></trkpt>
      <trkpt lat="49.259770" lon="19.815611"><ele>980.6</ele></trkpt>
      <trkpt lat="49.259801" lon="19.815638"><ele>980.6</ele></trkpt>
      <trkpt lat="49.259814" lon="19.815646"><ele>980.4</ele></trkpt>
      <trkpt lat="49.259837" lon="19.815661"><ele>980.4</ele></trkpt>
      <trkpt lat="49.259856" lon="19.815666"><ele>980.4</ele></trkpt>
      <trkpt lat="49.259875" lon="19.815674"><ele>980.4</ele></trkpt>
      <trkpt lat="49.259894" lon="19.815674"><ele>980.2</ele></trkpt>
      <trkpt lat="49.259914" lon="19.815678"><ele>980.2</ele></trkpt>
      <trkpt lat="49.259946" lon="19.815686"><ele>980.0</ele></trkpt>
      <trkpt lat="49.259971" lon="19.815702"><ele>980.0</ele></trkpt>
      <trkpt lat="49.259997" lon="19.815725"><ele>980.0</ele></trkpt>
      <trkpt lat="49.260032" lon="19.815731"><ele>979.8</ele></trkpt>
      <trkpt lat="49.260064" lon="19.815733"><ele>979.6</ele></trkpt>
      <trkpt lat="49.260090" lon="19.815752"><ele>979.6</ele></trkpt>
      <trkpt lat="49.260125" lon="19.815770"><ele>979.6</ele></trkpt>
      <trkpt lat="49.260144" lon="19.815762"><ele>979.6</ele></trkpt>
      <trkpt lat="49.260173" lon="19.815770"><ele>979.4</ele></trkpt>
      <trkpt lat="49.260195" lon="19.815784"><ele>979.4</ele></trkpt>
      <trkpt lat="49.260224" lon="19.815798"><ele>979.2</ele></trkpt>
      <trkpt lat="49.260246" lon="19.815808"><ele>979.0</ele></trkpt>
      <trkpt lat="49.260269" lon="19.815819"><ele>979.0</ele></trkpt>
      <trkpt lat="49.260294" lon="19.815829"><ele>978.8</ele></trkpt>
      <trkpt lat="49.260320" lon="19.815830"><ele>978.8</ele></trkpt>
      <trkpt lat="49.260352" lon="19.815838"><ele>978.6</ele></trkpt>
      <trkpt lat="49.260381" lon="19.815854"><ele>978.4</ele></trkpt>
      <trkpt lat="49.260406" lon="19.815874"><ele>978.4</ele></trkpt>
      <trkpt lat="49.260432" lon="19.815883"><ele>978.2</ele></trkpt>
      <trkpt lat="49.260451" lon="19.815899"><ele>978.2</ele></trkpt>
      <trkpt lat="49.260470" lon="19.815898"><ele>978.0</ele></trkpt>
      <trkpt lat="49.260499" lon="19.815902"><ele>978.0</ele></trkpt>
      <trkpt lat="49.260525" lon="19.815922"><ele>978.0</ele></trkpt>
      <trkpt lat="49.260538" lon="19.815947"><ele>978.0</ele></trkpt>
      <trkpt lat="49.260570" lon="19.815963"><ele>977.8</ele></trkpt>
      <trkpt lat="49.260592" lon="19.815981"><ele>977.8</ele></trkpt>
      <trkpt lat="49.260611" lon="19.816013"><ele>977.8</ele></trkpt>
      <trkpt lat="49.260640" lon="19.816032"><ele>977.8</ele></trkpt>
      <trkpt lat="49.260669" lon="19.816051"><ele>977.8</ele></trkpt>
      <trkpt lat="49.260698" lon="19.816070"><ele>977.6</ele></trkpt>
      <trkpt lat="49.260723" lon="19.816086"><ele>977.6</ele></trkpt>
      <trkpt lat="49.260739" lon="19.816102"><ele>977.6</ele></trkpt>
      <trkpt lat="49.260758" lon="19.816115"><ele>977.6</ele></trkpt>
      <trkpt lat="49.260778" lon="19.816120"><ele>977.6</ele></trkpt>
      <trkpt lat="49.260803" lon="19.816133"><ele>977.4</ele></trkpt>
      <trkpt lat="49.260819" lon="19.816150"><ele>977.4</ele></trkpt>
      <trkpt lat="49.260838" lon="19.816166"><ele>977.4</ele></trkpt>
      <trkpt lat="49.260861" lon="19.816189"><ele>977.4</ele></trkpt>
      <trkpt lat="49.260883" lon="19.816206"><ele>977.2</ele></trkpt>
      <trkpt lat="49.260902" lon="19.816211"><ele>977.2</ele></trkpt>
      <trkpt lat="49.260922" lon="19.816214"><ele>977.2</ele></trkpt>
      <trkpt lat="49.260950" lon="19.816218"><ele>977.2</ele></trkpt>
      <trkpt lat="49.260976" lon="19.816254"><ele>977.0</ele></trkpt>
      <trkpt lat="49.260989" lon="19.816275"><ele>977.0</ele></trkpt>
      <trkpt lat="49.261021" lon="19.816285"><ele>977.0</ele></trkpt>
      <trkpt lat="49.261037" lon="19.816301"><ele>977.0</ele></trkpt>
      <trkpt lat="49.261046" lon="19.816326"><ele>976.8</ele></trkpt>
      <trkpt lat="49.261075" lon="19.816330"><ele>976.8</ele></trkpt>
      <trkpt lat="49.261094" lon="19.816334"><ele>976.8</ele></trkpt>
      <trkpt lat="49.261123" lon="19.816341"><ele>976.6</ele></trkpt>
      <trkpt lat="49.261158" lon="19.816357"><ele>976.6</ele></trkpt>
      <trkpt lat="49.261187" lon="19.816368"><ele>976.6</ele></trkpt>
      <trkpt lat="49.261213" lon="19.816376"><ele>976.4</ele></trkpt>
      <trkpt lat="49.261235" lon="19.816374"><ele>976.4</ele></trkpt>
      <trkpt lat="49.261264" lon="19.816374"><ele>976.4</ele></trkpt>
      <trkpt lat="49.261293" lon="19.816384"><ele>976.4</ele></trkpt>
      <trkpt lat="49.261322" lon="19.816403"><ele>976.2</ele></trkpt>
      <trkpt lat="49.261360" lon="19.816411"><ele>976.2</ele></trkpt>
      <trkpt lat="49.261395" lon="19.816421"><ele>976.0</ele></trkpt>
      <trkpt lat="49.261418" lon="19.816430"><ele>976.0</ele></trkpt>
      <trkpt lat="49.261446" lon="19.816445"><ele>976.0</ele></trkpt>
      <trkpt lat="49.261478" lon="19.816456"><ele>975.8</ele></trkpt>
      <trkpt lat="49.261501" lon="19.816469"><ele>975.8</ele></trkpt>
      <trkpt lat="49.261520" lon="19.816485"><ele>975.8</ele></trkpt>
      <trkpt lat="49.261542" lon="19.816496"><ele>975.8</ele></trkpt>
      <trkpt lat="49.261562" lon="19.816507"><ele>975.6</ele></trkpt>
      <trkpt lat="49.261584" lon="19.816520"><ele>975.4</ele></trkpt>
      <trkpt lat="49.261610" lon="19.816539"><ele>975.2</ele></trkpt>
      <trkpt lat="49.261622" lon="19.816560"><ele>975.2</ele></trkpt>
      <trkpt lat="49.261645" lon="19.816565"><ele>975.2</ele></trkpt>
      <trkpt lat="49.261670" lon="19.816566"><ele>975.2</ele></trkpt>
      <trkpt lat="49.261690" lon="19.816578"><ele>975.2</ele></trkpt>
      <trkpt lat="49.261718" lon="19.816574"><ele>975.0</ele></trkpt>
      <trkpt lat="49.261738" lon="19.816574"><ele>975.0</ele></trkpt>
      <trkpt lat="49.261770" lon="19.816582"><ele>975.0</ele></trkpt>
      <trkpt lat="49.261795" lon="19.816587"><ele>975.0</ele></trkpt>
      <trkpt lat="49.261824" lon="19.816587"><ele>975.0</ele></trkpt>
      <trkpt lat="49.261853" lon="19.816586"><ele>974.8</ele></trkpt>
      <trkpt lat="49.261878" lon="19.816582"><ele>975.0</ele></trkpt>
      <trkpt lat="49.261901" lon="19.816574"><ele>975.0</ele></trkpt>
      <trkpt lat="49.261920" lon="19.816570"><ele>974.8</ele></trkpt>
      <trkpt lat="49.261955" lon="19.816563"><ele>974.6</ele></trkpt>
      <trkpt lat="49.261974" lon="19.816560"><ele>974.6</ele></trkpt>
      <trkpt lat="49.261994" lon="19.816547"><ele>974.6</ele></trkpt>
      <trkpt lat="49.262013" lon="19.816536"><ele>974.6</ele></trkpt>
      <trkpt lat="49.262032" lon="19.816530"><ele>974.4</ele></trkpt>
      <trkpt lat="49.262051" lon="19.816530"><ele>974.4</ele></trkpt>
      <trkpt lat="49.262070" lon="19.816528"><ele>974.4</ele></trkpt>
      <trkpt lat="49.262090" lon="19.816523"><ele>974.4</ele></trkpt>
      <trkpt lat="49.262109" lon="19.816517"><ele>974.2</ele></trkpt>
      <trkpt lat="49.262138" lon="19.816510"><ele>974.0</ele></trkpt>
      <trkpt lat="49.262173" lon="19.816507"><ele>974.0</ele></trkpt>
      <trkpt lat="49.262192" lon="19.816509"><ele>974.0</ele></trkpt>
      <trkpt lat="49.262214" lon="19.816506"><ele>974.0</ele></trkpt>
      <trkpt lat="49.262246" lon="19.816488"><ele>973.6</ele></trkpt>
      <trkpt lat="49.262278" lon="19.816456"><ele>973.6</ele></trkpt>
      <trkpt lat="49.262298" lon="19.816438"><ele>973.6</ele></trkpt>
      <trkpt lat="49.262326" lon="19.816443"><ele>973.6</ele></trkpt>
      <trkpt lat="49.262349" lon="19.816454"><ele>973.6</ele></trkpt>
      <trkpt lat="49.262371" lon="19.816456"><ele>973.6</ele></trkpt>
      <trkpt lat="49.262400" lon="19.816453"><ele>973.4</ele></trkpt>
      <trkpt lat="49.262419" lon="19.816440"><ele>973.4</ele></trkpt>
      <trkpt lat="49.262448" lon="19.816443"><ele>973.2</ele></trkpt>
      <trkpt lat="49.262467" lon="19.816438"><ele>973.2</ele></trkpt>
      <trkpt lat="49.262490" lon="19.816443"><ele>973.2</ele></trkpt>
      <trkpt lat="49.262518" lon="19.816445"><ele>973.2</ele></trkpt>
      <trkpt lat="49.262538" lon="19.816443"><ele>973.4</ele></trkpt>
      <trkpt lat="49.262557" lon="19.816443"><ele>973.0</ele></trkpt>
      <trkpt lat="49.262576" lon="19.816443"><ele>972.8</ele></trkpt>
      <trkpt lat="49.262595" lon="19.816437"><ele>972.8</ele></trkpt>
      <trkpt lat="49.262618" lon="19.816427"><ele>972.6</ele></trkpt>
      <trkpt lat="49.262646" lon="19.816426"><ele>972.6</ele></trkpt>
      <trkpt lat="49.262675" lon="19.816416"><ele>972.6</ele></trkpt>
      <trkpt lat="49.262707" lon="19.816427"><ele>972.6</ele></trkpt>
      <trkpt lat="49.262736" lon="19.816426"><ele>972.6</ele></trkpt>
      <trkpt lat="49.262755" lon="19.816424"><ele>972.4</ele></trkpt>
      <trkpt lat="49.262781" lon="19.816419"><ele>972.4</ele></trkpt>
      <trkpt lat="49.262803" lon="19.816416"><ele>972.2</ele></trkpt>
      <trkpt lat="49.262829" lon="19.816410"><ele>972.2</ele></trkpt>
      <trkpt lat="49.262848" lon="19.816416"><ele>972.2</ele></trkpt>
      <trkpt lat="49.262867" lon="19.816411"><ele>972.2</ele></trkpt>
      <trkpt lat="49.262893" lon="19.816411"><ele>972.0</ele></trkpt>
      <trkpt lat="49.262912" lon="19.816416"><ele>972.0</ele></trkpt>
      <trkpt lat="49.262947" lon="19.816411"><ele>971.8</ele></trkpt>
      <trkpt lat="49.262986" lon="19.816416"><ele>971.8</ele></trkpt>
      <trkpt lat="49.263005" lon="19.816410"><ele>971.8</ele></trkpt>
      <trkpt lat="49.263027" lon="19.816406"><ele>971.6</ele></trkpt>
      <trkpt lat="49.263062" lon="19.816408"><ele>971.4</ele></trkpt>
      <trkpt lat="49.263082" lon="19.816403"><ele>971.4</ele></trkpt>
      <trkpt lat="49.263104" lon="19.816394"><ele>971.4</ele></trkpt>
      <trkpt lat="49.263139" lon="19.816397"><ele>971.2</ele></trkpt>
      <trkpt lat="49.263162" lon="19.816395"><ele>971.2</ele></trkpt>
      <trkpt lat="49.263184" lon="19.816390"><ele>971.2</ele></trkpt>
      <trkpt lat="49.263213" lon="19.816389"><ele>971.2</ele></trkpt>
      <trkpt lat="49.263238" lon="19.816389"><ele>971.0</ele></trkpt>
      <trkpt lat="49.263270" lon="19.816384"><ele>971.0</ele></trkpt>
      <trkpt lat="49.263293" lon="19.816362"><ele>970.8</ele></trkpt>
      <trkpt lat="49.263312" lon="19.816349"><ele>970.8</ele></trkpt>
      <trkpt lat="49.263341" lon="19.816349"><ele>970.8</ele></trkpt>
      <trkpt lat="49.263370" lon="19.816344"><ele>970.6</ele></trkpt>
      <trkpt lat="49.263402" lon="19.816336"><ele>970.4</ele></trkpt>
      <trkpt lat="49.263430" lon="19.816334"><ele>970.4</ele></trkpt>
      <trkpt lat="49.263459" lon="19.816336"><ele>970.2</ele></trkpt>
      <trkpt lat="49.263485" lon="19.816338"><ele>970.2</ele></trkpt>
      <trkpt lat="49.263504" lon="19.816341"><ele>970.0</ele></trkpt>
      <trkpt lat="49.263530" lon="19.816338"><ele>970.0</ele></trkpt>
      <trkpt lat="49.263558" lon="19.816341"><ele>969.8</ele></trkpt>
      <trkpt lat="49.263584" lon="19.816338"><ele>969.8</ele></trkpt>
      <trkpt lat="49.263603" lon="19.816339"><ele>969.6</ele></trkpt>
      <trkpt lat="49.263635" lon="19.816336"><ele>969.6</ele></trkpt>
      <trkpt lat="49.263661" lon="19.816336"><ele>969.6</ele></trkpt>
      <trkpt lat="49.263683" lon="19.816336"><ele>969.4</ele></trkpt>
      <trkpt lat="49.263709" lon="19.816330"><ele>969.4</ele></trkpt>
      <trkpt lat="49.263738" lon="19.816322"><ele>969.4</ele></trkpt>
      <trkpt lat="49.263763" lon="19.816317"><ele>969.2</ele></trkpt>
      <trkpt lat="49.263786" lon="19.816318"><ele>969.2</ele></trkpt>
      <trkpt lat="49.263808" lon="19.816334"><ele>968.8</ele></trkpt>
      <trkpt lat="49.263840" lon="19.816317"><ele>968.8</ele></trkpt>
      <trkpt lat="49.263866" lon="19.816312"><ele>968.8</ele></trkpt>
      <trkpt lat="49.263894" lon="19.816309"><ele>968.8</ele></trkpt>
      <trkpt lat="49.263917" lon="19.816306"><ele>968.6</ele></trkpt>
      <trkpt lat="49.263936" lon="19.816310"><ele>968.4</ele></trkpt>
      <trkpt lat="49.263962" lon="19.816307"><ele>968.4</ele></trkpt>
      <trkpt lat="49.263984" lon="19.816282"><ele>968.4</ele></trkpt>
      <trkpt lat="49.264003" lon="19.816262"><ele>968.0</ele></trkpt>
      <trkpt lat="49.264022" lon="19.816259"><ele>968.0</ele></trkpt>
      <trkpt lat="49.264045" lon="19.816251"><ele>968.0</ele></trkpt>
      <trkpt lat="49.264077" lon="19.816246"><ele>968.0</ele></trkpt>
      <trkpt lat="49.264099" lon="19.816232"><ele>967.8</ele></trkpt>
      <trkpt lat="49.264118" lon="19.816226"><ele>967.8</ele></trkpt>
      <trkpt lat="49.264138" lon="19.816222"><ele>967.8</ele></trkpt>
      <trkpt lat="49.264157" lon="19.816219"><ele>967.8</ele></trkpt>
      <trkpt lat="49.264186" lon="19.816211"><ele>967.8</ele></trkpt>
      <trkpt lat="49.264205" lon="19.816211"><ele>968.0</ele></trkpt>
      <trkpt lat="49.264224" lon="19.816229"><ele>967.8</ele></trkpt>
      <trkpt lat="49.264259" lon="19.816214"><ele>967.8</ele></trkpt>
      <trkpt lat="49.264278" lon="19.816205"><ele>967.8</ele></trkpt>
      <trkpt lat="49.264304" lon="19.816197"><ele>967.6</ele></trkpt>
      <trkpt lat="49.264323" lon="19.816195"><ele>967.6</ele></trkpt>
      <trkpt lat="49.264358" lon="19.816182"><ele>967.6</ele></trkpt>
      <trkpt lat="49.264384" lon="19.816178"><ele>967.6</ele></trkpt>
      <trkpt lat="49.264403" lon="19.816173"><ele>967.6</ele></trkpt>
      <trkpt lat="49.264432" lon="19.816166"><ele>967.4</ele></trkpt>
      <trkpt lat="49.264461" lon="19.816166"><ele>967.4</ele></trkpt>
      <trkpt lat="49.264490" lon="19.816166"><ele>967.4</ele></trkpt>
      <trkpt lat="49.264515" lon="19.816155"><ele>967.4</ele></trkpt>
      <trkpt lat="49.264541" lon="19.816152"><ele>967.4</ele></trkpt>
      <trkpt lat="49.264560" lon="19.816141"><ele>967.4</ele></trkpt>
      <trkpt lat="49.264592" lon="19.816131"><ele>967.4</ele></trkpt>
      <trkpt lat="49.264621" lon="19.816123"><ele>967.4</ele></trkpt>
      <trkpt lat="49.264653" lon="19.816115"><ele>967.2</ele></trkpt>
      <trkpt lat="49.264682" lon="19.816109"><ele>967.2</ele></trkpt>
      <trkpt lat="49.264701" lon="19.816102"><ele>967.2</ele></trkpt>
      <trkpt lat="49.264723" lon="19.816109"><ele>967.2</ele></trkpt>
      <trkpt lat="49.264749" lon="19.816112"><ele>967.2</ele></trkpt>
      <trkpt lat="49.264771" lon="19.816122"><ele>967.2</ele></trkpt>
      <trkpt lat="49.264790" lon="19.816112"><ele>967.0</ele></trkpt>
      <trkpt lat="49.264810" lon="19.816112"><ele>967.0</ele></trkpt>
      <trkpt lat="49.264838" lon="19.816117"><ele>967.0</ele></trkpt>
      <trkpt lat="49.264858" lon="19.816110"><ele>967.0</ele></trkpt>
      <trkpt lat="49.264886" lon="19.816106"><ele>967.0</ele></trkpt>
      <trkpt lat="49.264906" lon="19.816101"><ele>967.0</ele></trkpt>
      <trkpt lat="49.264931" lon="19.816106"><ele>967.0</ele></trkpt>
      <trkpt lat="49.264950" lon="19.816102"><ele>966.8</ele></trkpt>
      <trkpt lat="49.264979" lon="19.816099"><ele>967.0</ele></trkpt>
      <trkpt lat="49.265008" lon="19.816106"><ele>967.0</ele></trkpt>
      <trkpt lat="49.265030" lon="19.816109"><ele>967.0</ele></trkpt>
      <trkpt lat="49.265050" lon="19.816106"><ele>966.8</ele></trkpt>
      <trkpt lat="49.265075" lon="19.816098"><ele>966.8</ele></trkpt>
      <trkpt lat="49.265094" lon="19.816099"><ele>966.8</ele></trkpt>
      <trkpt lat="49.265120" lon="19.816096"><ele>966.6</ele></trkpt>
      <trkpt lat="49.265152" lon="19.816090"><ele>966.6</ele></trkpt>
      <trkpt lat="49.265178" lon="19.816090"><ele>966.6</ele></trkpt>
      <trkpt lat="49.265200" lon="19.816086"><ele>966.6</ele></trkpt>
      <trkpt lat="49.265232" lon="19.816091"><ele>966.4</ele></trkpt>
      <trkpt lat="49.265258" lon="19.816083"><ele>966.4</ele></trkpt>
      <trkpt lat="49.265290" lon="19.816077"><ele>966.4</ele></trkpt>
      <trkpt lat="49.265309" lon="19.816072"><ele>966.4</ele></trkpt>
      <trkpt lat="49.265338" lon="19.816066"><ele>966.2</ele></trkpt>
      <trkpt lat="49.265366" lon="19.816058"><ele>966.2</ele></trkpt>
      <trkpt lat="49.265386" lon="19.816061"><ele>966.0</ele></trkpt>
      <trkpt lat="49.265414" lon="19.816059"><ele>966.0</ele></trkpt>
      <trkpt lat="49.265437" lon="19.816062"><ele>966.0</ele></trkpt>
      <trkpt lat="49.265466" lon="19.816058"><ele>966.2</ele></trkpt>
      <trkpt lat="49.265494" lon="19.816050"><ele>966.0</ele></trkpt>
      <trkpt lat="49.265523" lon="19.816046"><ele>965.8</ele></trkpt>
      <trkpt lat="49.265549" lon="19.816043"><ele>965.8</ele></trkpt>
      <trkpt lat="49.265574" lon="19.816040"><ele>965.8</ele></trkpt>
      <trkpt lat="49.265603" lon="19.816034"><ele>965.6</ele></trkpt>
      <trkpt lat="49.265622" lon="19.816030"><ele>965.6</ele></trkpt>
      <trkpt lat="49.265648" lon="19.816021"><ele>965.6</ele></trkpt>
      <trkpt lat="49.265667" lon="19.816019"><ele>965.6</ele></trkpt>
      <trkpt lat="49.265690" lon="19.816016"><ele>965.4</ele></trkpt>
      <trkpt lat="49.265712" lon="19.816008"><ele>965.4</ele></trkpt>
      <trkpt lat="49.265734" lon="19.815994"><ele>965.2</ele></trkpt>
      <trkpt lat="49.265754" lon="19.815989"><ele>965.0</ele></trkpt>
      <trkpt lat="49.265773" lon="19.815970"><ele>965.0</ele></trkpt>
      <trkpt lat="49.265802" lon="19.815957"><ele>965.0</ele></trkpt>
      <trkpt lat="49.265824" lon="19.815949"><ele>965.0</ele></trkpt>
      <trkpt lat="49.265850" lon="19.815934"><ele>964.8</ele></trkpt>
      <trkpt lat="49.265872" lon="19.815942"><ele>964.8</ele></trkpt>
      <trkpt lat="49.265888" lon="19.815957"><ele>964.6</ele></trkpt>
      <trkpt lat="49.265907" lon="19.815950"><ele>964.4</ele></trkpt>
      <trkpt lat="49.265930" lon="19.815934"><ele>964.4</ele></trkpt>
      <trkpt lat="49.265958" lon="19.815918"><ele>964.4</ele></trkpt>
      <trkpt lat="49.265994" lon="19.815901"><ele>964.4</ele></trkpt>
      <trkpt lat="49.266022" lon="19.815893"><ele>964.2</ele></trkpt>
      <trkpt lat="49.266048" lon="19.815888"><ele>964.2</ele></trkpt>
      <trkpt lat="49.266067" lon="19.815883"><ele>964.2</ele></trkpt>
      <trkpt lat="49.266090" lon="19.815899"><ele>964.2</ele></trkpt>
      <trkpt lat="49.266109" lon="19.815901"><ele>964.2</ele></trkpt>
      <trkpt lat="49.266128" lon="19.815901"><ele>964.0</ele></trkpt>
      <trkpt lat="49.266160" lon="19.815901"><ele>964.0</ele></trkpt>
      <trkpt lat="49.266179" lon="19.815909"><ele>963.8</ele></trkpt>
      <trkpt lat="49.266198" lon="19.815912"><ele>963.8</ele></trkpt>
      <trkpt lat="49.266230" lon="19.815912"><ele>963.8</ele></trkpt>
      <trkpt lat="49.266269" lon="19.815920"><ele>963.6</ele></trkpt>
      <trkpt lat="49.266288" lon="19.815923"><ele>963.6</ele></trkpt>
      <trkpt lat="49.266317" lon="19.815931"><ele>963.6</ele></trkpt>
      <trkpt lat="49.266342" lon="19.815938"><ele>963.4</ele></trkpt>
      <trkpt lat="49.266365" lon="19.815941"><ele>963.4</ele></trkpt>
      <trkpt lat="49.266390" lon="19.815954"><ele>963.4</ele></trkpt>
      <trkpt lat="49.266416" lon="19.815981"><ele>963.4</ele></trkpt>
      <trkpt lat="49.266438" lon="19.815998"><ele>963.2</ele></trkpt>
      <trkpt lat="49.266464" lon="19.816011"><ele>963.2</ele></trkpt>
      <trkpt lat="49.266490" lon="19.816021"><ele>963.2</ele></trkpt>
      <trkpt lat="49.266515" lon="19.816016"><ele>963.0</ele></trkpt>
      <trkpt lat="49.266538" lon="19.816021"><ele>963.0</ele></trkpt>
      <trkpt lat="49.266570" lon="19.816010"><ele>962.8</ele></trkpt>
      <trkpt lat="49.266602" lon="19.816013"><ele>962.6</ele></trkpt>
      <trkpt lat="49.266627" lon="19.816008"><ele>962.6</ele></trkpt>
      <trkpt lat="49.266643" lon="19.816021"><ele>962.6</ele></trkpt>
      <trkpt lat="49.266669" lon="19.816046"><ele>962.4</ele></trkpt>
      <trkpt lat="49.266698" lon="19.816066"><ele>962.2</ele></trkpt>
      <trkpt lat="49.266723" lon="19.816082"><ele>962.2</ele></trkpt>
      <trkpt lat="49.266749" lon="19.816086"><ele>962.2</ele></trkpt>
      <trkpt lat="49.266774" lon="19.816082"><ele>962.2</ele></trkpt>
      <trkpt lat="49.266794" lon="19.816083"><ele>962.2</ele></trkpt>
      <trkpt lat="49.266813" lon="19.816096"><ele>962.0</ele></trkpt>
      <trkpt lat="49.266848" lon="19.816102"><ele>962.0</ele></trkpt>
      <trkpt lat="49.266864" lon="19.816123"><ele>962.0</ele></trkpt>
      <trkpt lat="49.266886" lon="19.816126"><ele>962.0</ele></trkpt>
      <trkpt lat="49.266906" lon="19.816136"><ele>962.0</ele></trkpt>
      <trkpt lat="49.266931" lon="19.816133"><ele>961.8</ele></trkpt>
      <trkpt lat="49.266954" lon="19.816147"><ele>961.6</ele></trkpt>
      <trkpt lat="49.266976" lon="19.816157"><ele>961.6</ele></trkpt>
      <trkpt lat="49.267014" lon="19.816160"><ele>961.4</ele></trkpt>
      <trkpt lat="49.267037" lon="19.816166"><ele>961.4</ele></trkpt>
      <trkpt lat="49.267056" lon="19.816171"><ele>961.4</ele></trkpt>
      <trkpt lat="49.267078" lon="19.816178"><ele>961.4</ele></trkpt>
      <trkpt lat="49.267101" lon="19.816178"><ele>961.2</ele></trkpt>
      <trkpt lat="49.267126" lon="19.816187"><ele>961.2</ele></trkpt>
      <trkpt lat="49.267158" lon="19.816197"><ele>961.2</ele></trkpt>
      <trkpt lat="49.267184" lon="19.816205"><ele>961.2</ele></trkpt>
      <trkpt lat="49.267213" lon="19.816211"><ele>961.0</ele></trkpt>
      <trkpt lat="49.267242" lon="19.816222"><ele>961.0</ele></trkpt>
      <trkpt lat="49.267261" lon="19.816229"><ele>961.0</ele></trkpt>
      <trkpt lat="49.267293" lon="19.816232"><ele>960.8</ele></trkpt>
      <trkpt lat="49.267318" lon="19.816245"><ele>960.8</ele></trkpt>
      <trkpt lat="49.267354" lon="19.816256"><ele>960.8</ele></trkpt>
      <trkpt lat="49.267373" lon="19.816258"><ele>960.8</ele></trkpt>
      <trkpt lat="49.267392" lon="19.816261"><ele>960.8</ele></trkpt>
      <trkpt lat="49.267421" lon="19.816272"><ele>960.8</ele></trkpt>
      <trkpt lat="49.267443" lon="19.816282"><ele>960.6</ele></trkpt>
      <trkpt lat="49.267488" lon="19.816298"><ele>960.6</ele></trkpt>
      <trkpt lat="49.267507" lon="19.816299"><ele>960.6</ele></trkpt>
      <trkpt lat="49.267539" lon="19.816322"><ele>960.4</ele></trkpt>
      <trkpt lat="49.267568" lon="19.816347"><ele>960.4</ele></trkpt>
      <trkpt lat="49.267587" lon="19.816355"><ele>960.4</ele></trkpt>
      <trkpt lat="49.267606" lon="19.816365"><ele>960.4</ele></trkpt>
      <trkpt lat="49.267619" lon="19.816400"><ele>960.4</ele></trkpt>
      <trkpt lat="49.267642" lon="19.816418"><ele>960.2</ele></trkpt>
      <trkpt lat="49.267667" lon="19.816437"><ele>960.4</ele></trkpt>
      <trkpt lat="49.267693" lon="19.816456"><ele>960.2</ele></trkpt>
      <trkpt lat="49.267718" lon="19.816470"><ele>960.2</ele></trkpt>
      <trkpt lat="49.267741" lon="19.816490"><ele>960.2</ele></trkpt>
      <trkpt lat="49.267760" lon="19.816515"><ele>960.2</ele></trkpt>
      <trkpt lat="49.267779" lon="19.816525"><ele>960.2</ele></trkpt>
      <trkpt lat="49.267798" lon="19.816542"><ele>960.0</ele></trkpt>
      <trkpt lat="49.267827" lon="19.816547"><ele>960.0</ele></trkpt>
      <trkpt lat="49.267846" lon="19.816554"><ele>959.8</ele></trkpt>
      <trkpt lat="49.267872" lon="19.816568"><ele>959.8</ele></trkpt>
      <trkpt lat="49.267894" lon="19.816586"><ele>959.8</ele></trkpt>
      <trkpt lat="49.267920" lon="19.816600"><ele>959.6</ele></trkpt>
      <trkpt lat="49.267936" lon="19.816613"><ele>959.6</ele></trkpt>
      <trkpt lat="49.267965" lon="19.816627"><ele>959.8</ele></trkpt>
      <trkpt lat="49.267984" lon="19.816659"><ele>959.6</ele></trkpt>
      <trkpt lat="49.268010" lon="19.816675"><ele>959.6</ele></trkpt>
      <trkpt lat="49.268029" lon="19.816693"><ele>959.6</ele></trkpt>
      <trkpt lat="49.268054" lon="19.816712"><ele>959.4</ele></trkpt>
      <trkpt lat="49.268074" lon="19.816734"><ele>959.4</ele></trkpt>
      <trkpt lat="49.268093" lon="19.816747"><ele>959.4</ele></trkpt>
      <trkpt lat="49.268125" lon="19.816765"><ele>959.4</ele></trkpt>
      <trkpt lat="49.268154" lon="19.816778"><ele>959.4</ele></trkpt>
      <trkpt lat="49.268173" lon="19.816803"><ele>959.2</ele></trkpt>
      <trkpt lat="49.268192" lon="19.816816"><ele>959.2</ele></trkpt>
      <trkpt lat="49.268218" lon="19.816837"><ele>959.2</ele></trkpt>
      <trkpt lat="49.268243" lon="19.816846"><ele>959.2</ele></trkpt>
      <trkpt lat="49.268299" lon="19.816872"><ele>959.2</ele></trkpt>
      <trkpt lat="49.268323" lon="19.816898"><ele>959.2</ele></trkpt>
      <trkpt lat="49.268336" lon="19.816939"><ele>959.0</ele></trkpt>
      <trkpt lat="49.268362" lon="19.816950"><ele>959.0</ele></trkpt>
      <trkpt lat="49.268384" lon="19.816965"><ele>959.0</ele></trkpt>
      <trkpt lat="49.268406" lon="19.816984"><ele>958.8</ele></trkpt>
      <trkpt lat="49.268426" lon="19.817000"><ele>959.0</ele></trkpt>
      <trkpt lat="49.268448" lon="19.817019"><ele>958.8</ele></trkpt>
      <trkpt lat="49.268474" lon="19.817037"><ele>958.8</ele></trkpt>
      <trkpt lat="49.268496" lon="19.817062"><ele>958.8</ele></trkpt>
      <trkpt lat="49.268522" lon="19.817090"><ele>958.8</ele></trkpt>
      <trkpt lat="49.268547" lon="19.817101"><ele>958.8</ele></trkpt>
      <trkpt lat="49.268573" lon="19.817114"><ele>958.8</ele></trkpt>
      <trkpt lat="49.268592" lon="19.817141"><ele>958.8</ele></trkpt>
      <trkpt lat="49.268627" lon="19.817160"><ele>958.6</ele></trkpt>
      <trkpt lat="49.268650" lon="19.817182"><ele>958.6</ele></trkpt>
      <trkpt lat="49.268672" lon="19.817202"><ele>958.4</ele></trkpt>
      <trkpt lat="49.268701" lon="19.817224"><ele>958.4</ele></trkpt>
      <trkpt lat="49.268730" lon="19.817243"><ele>958.2</ele></trkpt>
      <trkpt lat="49.268758" lon="19.817261"><ele>958.2</ele></trkpt>
      <trkpt lat="49.268774" lon="19.817278"><ele>958.2</ele></trkpt>
      <trkpt lat="49.268790" lon="19.817291"><ele>958.2</ele></trkpt>
      <trkpt lat="49.268813" lon="19.817310"><ele>958.0</ele></trkpt>
      <trkpt lat="49.268832" lon="19.817344"><ele>958.2</ele></trkpt>
      <trkpt lat="49.268848" lon="19.817357"><ele>958.2</ele></trkpt>
      <trkpt lat="49.268874" lon="19.817373"><ele>958.0</ele></trkpt>
      <trkpt lat="49.268902" lon="19.817398"><ele>958.2</ele></trkpt>
      <trkpt lat="49.268922" lon="19.817416"><ele>958.2</ele></trkpt>
      <trkpt lat="49.268931" lon="19.817442"><ele>958.0</ele></trkpt>
      <trkpt lat="49.268957" lon="19.817472"><ele>958.0</ele></trkpt>
      <trkpt lat="49.268973" lon="19.817496"><ele>958.0</ele></trkpt>
      <trkpt lat="49.268992" lon="19.817522"><ele>957.8</ele></trkpt>
      <trkpt lat="49.269011" lon="19.817555"><ele>957.8</ele></trkpt>
      <trkpt lat="49.269027" lon="19.817573"><ele>957.8</ele></trkpt>
      <trkpt lat="49.269043" lon="19.817602"><ele>957.8</ele></trkpt>
      <trkpt lat="49.269062" lon="19.817630"><ele>957.6</ele></trkpt>
      <trkpt lat="49.269078" lon="19.817648"><ele>957.6</ele></trkpt>
      <trkpt lat="49.269104" lon="19.817672"><ele>957.6</ele></trkpt>
      <trkpt lat="49.269126" lon="19.817698"><ele>957.6</ele></trkpt>
      <trkpt lat="49.269142" lon="19.817726"><ele>957.4</ele></trkpt>
      <trkpt lat="49.269162" lon="19.817739"><ele>957.6</ele></trkpt>
      <trkpt lat="49.269178" lon="19.817774"><ele>957.4</ele></trkpt>
      <trkpt lat="49.269197" lon="19.817787"><ele>957.4</ele></trkpt>
      <trkpt lat="49.269222" lon="19.817814"><ele>957.4</ele></trkpt>
      <trkpt lat="49.269235" lon="19.817835"><ele>957.4</ele></trkpt>
      <trkpt lat="49.269258" lon="19.817864"><ele>957.2</ele></trkpt>
      <trkpt lat="49.269280" lon="19.817890"><ele>957.2</ele></trkpt>
      <trkpt lat="49.269299" lon="19.817917"><ele>957.0</ele></trkpt>
      <trkpt lat="49.269318" lon="19.817936"><ele>957.0</ele></trkpt>
      <trkpt lat="49.269344" lon="19.817947"><ele>957.0</ele></trkpt>
      <trkpt lat="49.269370" lon="19.817984"><ele>957.0</ele></trkpt>
      <trkpt lat="49.269389" lon="19.818013"><ele>956.8</ele></trkpt>
      <trkpt lat="49.269408" lon="19.818038"><ele>956.8</ele></trkpt>
      <trkpt lat="49.269437" lon="19.818059"><ele>956.8</ele></trkpt>
      <trkpt lat="49.269462" lon="19.818078"><ele>956.6</ele></trkpt>
      <trkpt lat="49.269485" lon="19.818099"><ele>956.6</ele></trkpt>
      <trkpt lat="49.269507" lon="19.818131"><ele>956.6</ele></trkpt>
      <trkpt lat="49.269523" lon="19.818144"><ele>956.4</ele></trkpt>
      <trkpt lat="49.269542" lon="19.818165"><ele>956.4</ele></trkpt>
      <trkpt lat="49.269562" lon="19.818181"><ele>956.4</ele></trkpt>
      <trkpt lat="49.269578" lon="19.818205"><ele>956.2</ele></trkpt>
      <trkpt lat="49.269597" lon="19.818226"><ele>956.2</ele></trkpt>
      <trkpt lat="49.269616" lon="19.818242"><ele>956.2</ele></trkpt>
      <trkpt lat="49.269642" lon="19.818258"><ele>956.2</ele></trkpt>
      <trkpt lat="49.269664" lon="19.818277"><ele>956.2</ele></trkpt>
      <trkpt lat="49.269693" lon="19.818296"><ele>956.0</ele></trkpt>
      <trkpt lat="49.269706" lon="19.818317"><ele>956.0</ele></trkpt>
      <trkpt lat="49.269725" lon="19.818357"><ele>956.0</ele></trkpt>
      <trkpt lat="49.269734" lon="19.818384"><ele>956.0</ele></trkpt>
      <trkpt lat="49.269757" lon="19.818406"><ele>955.8</ele></trkpt>
      <trkpt lat="49.269776" lon="19.818430"><ele>955.8</ele></trkpt>
      <trkpt lat="49.269792" lon="19.818446"><ele>955.8</ele></trkpt>
      <trkpt lat="49.269811" lon="19.818462"><ele>955.8</ele></trkpt>
      <trkpt lat="49.269834" lon="19.818475"><ele>955.6</ele></trkpt>
      <trkpt lat="49.269856" lon="19.818502"><ele>955.6</ele></trkpt>
      <trkpt lat="49.269866" lon="19.818530"><ele>955.6</ele></trkpt>
      <trkpt lat="49.269885" lon="19.818558"><ele>955.6</ele></trkpt>
      <trkpt lat="49.269917" lon="19.818586"><ele>955.4</ele></trkpt>
      <trkpt lat="49.269939" lon="19.818618"><ele>955.4</ele></trkpt>
      <trkpt lat="49.269965" lon="19.818642"><ele>955.4</ele></trkpt>
      <trkpt lat="49.269997" lon="19.818650"><ele>955.4</ele></trkpt>
      <trkpt lat="49.270032" lon="19.818661"><ele>955.4</ele></trkpt>
      <trkpt lat="49.270054" lon="19.818670"><ele>955.2</ele></trkpt>
      <trkpt lat="49.270083" lon="19.818701"><ele>955.2</ele></trkpt>
      <trkpt lat="49.270115" lon="19.818728"><ele>955.2</ele></trkpt>
      <trkpt lat="49.270141" lon="19.818738"><ele>955.0</ele></trkpt>
      <trkpt lat="49.270179" lon="19.818752"><ele>955.0</ele></trkpt>
      <trkpt lat="49.270208" lon="19.818760"><ele>955.0</ele></trkpt>
      <trkpt lat="49.270234" lon="19.818781"><ele>955.0</ele></trkpt>
      <trkpt lat="49.270240" lon="19.818808"><ele>954.8</ele></trkpt>
      <trkpt lat="49.270250" lon="19.818832"><ele>954.8</ele></trkpt>
      <trkpt lat="49.270269" lon="19.818869"><ele>954.8</ele></trkpt>
      <trkpt lat="49.270282" lon="19.818917"><ele>954.8</ele></trkpt>
      <trkpt lat="49.270307" lon="19.818941"><ele>954.8</ele></trkpt>
      <trkpt lat="49.270320" lon="19.818970"><ele>954.6</ele></trkpt>
      <trkpt lat="49.270349" lon="19.818981"><ele>954.6</ele></trkpt>
      <trkpt lat="49.270368" lon="19.818976"><ele>954.4</ele></trkpt>
      <trkpt lat="49.270394" lon="19.818978"><ele>954.4</ele></trkpt>
      <trkpt lat="49.270443" lon="19.818986"><ele>954.4</ele></trkpt>
      <trkpt lat="49.270474" lon="19.819002"><ele>954.4</ele></trkpt>
      <trkpt lat="49.270520" lon="19.819033"><ele>954.2</ele></trkpt>
      <trkpt lat="49.270547" lon="19.819072"><ele>954.2</ele></trkpt>
      <trkpt lat="49.270573" lon="19.819070"><ele>954.0</ele></trkpt>
      <trkpt lat="49.270570" lon="19.819098"><ele>954.0</ele></trkpt>
      <trkpt lat="49.270592" lon="19.819120"><ele>953.8</ele></trkpt>
      <trkpt lat="49.270608" lon="19.819149"><ele>953.8</ele></trkpt>
      <trkpt lat="49.270618" lon="19.819176"><ele>953.6</ele></trkpt>
      <trkpt lat="49.270637" lon="19.819181"><ele>953.6</ele></trkpt>
      <trkpt lat="49.270659" lon="19.819190"><ele>953.6</ele></trkpt>
      <trkpt lat="49.270675" lon="19.819226"><ele>953.6</ele></trkpt>
      <trkpt lat="49.270698" lon="19.819254"><ele>953.4</ele></trkpt>
      <trkpt lat="49.270714" lon="19.819274"><ele>953.4</ele></trkpt>
      <trkpt lat="49.270733" lon="19.819306"><ele>953.4</ele></trkpt>
      <trkpt lat="49.270752" lon="19.819334"><ele>953.2</ele></trkpt>
      <trkpt lat="49.270774" lon="19.819354"><ele>953.0</ele></trkpt>
      <trkpt lat="49.270787" lon="19.819398"><ele>953.0</ele></trkpt>
      <trkpt lat="49.270800" lon="19.819429"><ele>953.0</ele></trkpt>
      <trkpt lat="49.270816" lon="19.819450"><ele>953.0</ele></trkpt>
      <trkpt lat="49.270835" lon="19.819478"><ele>953.0</ele></trkpt>
      <trkpt lat="49.270854" lon="19.819488"><ele>953.0</ele></trkpt>
      <trkpt lat="49.270883" lon="19.819494"><ele>952.8</ele></trkpt>
      <trkpt lat="49.270909" lon="19.819518"><ele>952.8</ele></trkpt>
      <trkpt lat="49.270934" lon="19.819525"><ele>952.8</ele></trkpt>
      <trkpt lat="49.270976" lon="19.819507"><ele>952.8</ele></trkpt>
      <trkpt lat="49.270998" lon="19.819507"><ele>952.8</ele></trkpt>
      <trkpt lat="49.271046" lon="19.819523"><ele>952.8</ele></trkpt>
      <trkpt lat="49.271069" lon="19.819549"><ele>952.8</ele></trkpt>
      <trkpt lat="49.271085" lon="19.819581"><ele>952.6</ele></trkpt>
      <trkpt lat="49.271098" lon="19.819616"><ele>952.6</ele></trkpt>
      <trkpt lat="49.271117" lon="19.819646"><ele>952.6</ele></trkpt>
      <trkpt lat="49.271142" lon="19.819662"><ele>952.4</ele></trkpt>
      <trkpt lat="49.271165" lon="19.819666"><ele>952.4</ele></trkpt>
      <trkpt lat="49.271165" lon="19.819694"><ele>952.4</ele></trkpt>
      <trkpt lat="49.271136" lon="19.819717"><ele>952.4</ele></trkpt>
      <trkpt lat="49.271133" lon="19.819760"><ele>952.4</ele></trkpt>
      <trkpt lat="49.271155" lon="19.819776"><ele>952.6</ele></trkpt>
      <trkpt lat="49.271174" lon="19.819784"><ele>952.4</ele></trkpt>
      <trkpt lat="49.271197" lon="19.819795"><ele>952.4</ele></trkpt>
      <trkpt lat="49.271187" lon="19.819834"><ele>952.2</ele></trkpt>
      <trkpt lat="49.271190" lon="19.819866"><ele>952.0</ele></trkpt>
      <trkpt lat="49.271203" lon="19.819896"><ele>951.8</ele></trkpt>
      <trkpt lat="49.271235" lon="19.819883"><ele>951.6</ele></trkpt>
      <trkpt lat="49.271248" lon="19.819920"><ele>951.6</ele></trkpt>
      <trkpt lat="49.271251" lon="19.819962"><ele>951.6</ele></trkpt>
      <trkpt lat="49.271270" lon="19.819968"><ele>951.6</ele></trkpt>
      <trkpt lat="49.271283" lon="19.820010"><ele>951.4</ele></trkpt>
      <trkpt lat="49.271306" lon="19.820026"><ele>951.4</ele></trkpt>
      <trkpt lat="49.271331" lon="19.820050"><ele>951.4</ele></trkpt>
      <trkpt lat="49.271366" lon="19.820061"><ele>951.4</ele></trkpt>
      <trkpt lat="49.271386" lon="19.820090"><ele>951.4</ele></trkpt>
      <trkpt lat="49.271402" lon="19.820107"><ele>951.4</ele></trkpt>
      <trkpt lat="49.271430" lon="19.820144"><ele>951.2</ele></trkpt>
      <trkpt lat="49.271434" lon="19.820174"><ele>951.2</ele></trkpt>
      <trkpt lat="49.271434" lon="19.820211"><ele>951.2</ele></trkpt>
      <trkpt lat="49.271443" lon="19.820242"><ele>951.2</ele></trkpt>
      <trkpt lat="49.271450" lon="19.820280"><ele>951.2</ele></trkpt>
      <trkpt lat="49.271453" lon="19.820309"><ele>951.0</ele></trkpt>
      <trkpt lat="49.271494" lon="19.820307"><ele>951.0</ele></trkpt>
      <trkpt lat="49.271530" lon="19.820322"><ele>951.0</ele></trkpt>
      <trkpt lat="49.271562" lon="19.820333"><ele>950.8</ele></trkpt>
      <trkpt lat="49.271587" lon="19.820338"><ele>950.8</ele></trkpt>
      <trkpt lat="49.271610" lon="19.820366"><ele>950.8</ele></trkpt>
      <trkpt lat="49.271629" lon="19.820355"><ele>950.8</ele></trkpt>
      <trkpt lat="49.271638" lon="19.820405"><ele>950.4</ele></trkpt>
      <trkpt lat="49.271638" lon="19.820438"><ele>950.4</ele></trkpt>
      <trkpt lat="49.271645" lon="19.820475"><ele>950.4</ele></trkpt>
      <trkpt lat="49.271664" lon="19.820488"><ele>950.2</ele></trkpt>
      <trkpt lat="49.271699" lon="19.820501"><ele>950.2</ele></trkpt>
      <trkpt lat="49.271712" lon="19.820531"><ele>949.8</ele></trkpt>
      <trkpt lat="49.271738" lon="19.820558"><ele>949.8</ele></trkpt>
      <trkpt lat="49.271757" lon="19.820565"><ele>949.6</ele></trkpt>
      <trkpt lat="49.271786" lon="19.820579"><ele>949.6</ele></trkpt>
      <trkpt lat="49.271808" lon="19.820594"><ele>949.4</ele></trkpt>
      <trkpt lat="49.271824" lon="19.820619"><ele>949.4</ele></trkpt>
      <trkpt lat="49.271859" lon="19.820637"><ele>949.2</ele></trkpt>
      <trkpt lat="49.271878" lon="19.820654"><ele>949.2</ele></trkpt>
      <trkpt lat="49.271885" lon="19.820688"><ele>949.0</ele></trkpt>
      <trkpt lat="49.271885" lon="19.820718"><ele>949.0</ele></trkpt>
      <trkpt lat="49.271901" lon="19.820739"><ele>949.0</ele></trkpt>
      <trkpt lat="49.271910" lon="19.820770"><ele>948.8</ele></trkpt>
      <trkpt lat="49.271930" lon="19.820792"><ele>948.8</ele></trkpt>
      <trkpt lat="49.271949" lon="19.820824"><ele>948.8</ele></trkpt>
      <trkpt lat="49.271968" lon="19.820842"><ele>948.8</ele></trkpt>
      <trkpt lat="49.271987" lon="19.820866"><ele>948.6</ele></trkpt>
      <trkpt lat="49.272019" lon="19.820891"><ele>948.6</ele></trkpt>
      <trkpt lat="49.272029" lon="19.820938"><ele>948.6</ele></trkpt>
      <trkpt lat="49.272061" lon="19.820934"><ele>948.6</ele></trkpt>
      <trkpt lat="49.272086" lon="19.820954"><ele>948.4</ele></trkpt>
      <trkpt lat="49.272106" lon="19.820978"><ele>948.4</ele></trkpt>
      <trkpt lat="49.272128" lon="19.820998"><ele>948.4</ele></trkpt>
      <trkpt lat="49.272141" lon="19.821024"><ele>948.2</ele></trkpt>
      <trkpt lat="49.272150" lon="19.821064"><ele>948.0</ele></trkpt>
      <trkpt lat="49.272176" lon="19.821096"><ele>947.8</ele></trkpt>
      <trkpt lat="49.272189" lon="19.821134"><ele>947.8</ele></trkpt>
      <trkpt lat="49.272205" lon="19.821163"><ele>947.8</ele></trkpt>
      <trkpt lat="49.272218" lon="19.821184"><ele>947.8</ele></trkpt>
      <trkpt lat="49.272243" lon="19.821210"><ele>947.8</ele></trkpt>
      <trkpt lat="49.272234" lon="19.821253"><ele>947.6</ele></trkpt>
      <trkpt lat="49.272234" lon="19.821312"><ele>947.6</ele></trkpt>
      <trkpt lat="49.272256" lon="19.821323"><ele>947.6</ele></trkpt>
      <trkpt lat="49.272275" lon="19.821352"><ele>947.4</ele></trkpt>
      <trkpt lat="49.272294" lon="19.821370"><ele>947.4</ele></trkpt>
      <trkpt lat="49.272307" lon="19.821392"><ele>947.4</ele></trkpt>
      <trkpt lat="49.272326" lon="19.821400"><ele>947.2</ele></trkpt>
      <trkpt lat="49.272342" lon="19.821419"><ele>947.2</ele></trkpt>
      <trkpt lat="49.272362" lon="19.821421"><ele>947.0</ele></trkpt>
      <trkpt lat="49.272362" lon="19.821450"><ele>947.0</ele></trkpt>
      <trkpt lat="49.272384" lon="19.821445"><ele>946.8</ele></trkpt>
      <trkpt lat="49.272406" lon="19.821454"><ele>946.6</ele></trkpt>
      <trkpt lat="49.272426" lon="19.821448"><ele>946.6</ele></trkpt>
      <trkpt lat="49.272442" lon="19.821461"><ele>946.6</ele></trkpt>
      <trkpt lat="49.272454" lon="19.821493"><ele>946.4</ele></trkpt>
      <trkpt lat="49.272477" lon="19.821517"><ele>946.4</ele></trkpt>
      <trkpt lat="49.272502" lon="19.821531"><ele>946.4</ele></trkpt>
      <trkpt lat="49.272534" lon="19.821544"><ele>946.4</ele></trkpt>
      <trkpt lat="49.272531" lon="19.821584"><ele>946.2</ele></trkpt>
      <trkpt lat="49.272525" lon="19.821613"><ele>946.2</ele></trkpt>
      <trkpt lat="49.272534" lon="19.821658"><ele>946.2</ele></trkpt>
      <trkpt lat="49.272554" lon="19.821701"><ele>946.2</ele></trkpt>
      <trkpt lat="49.272563" lon="19.821726"><ele>946.2</ele></trkpt>
      <trkpt lat="49.272579" lon="19.821746"><ele>946.2</ele></trkpt>
      <trkpt lat="49.272598" lon="19.821779"><ele>946.0</ele></trkpt>
      <trkpt lat="49.272621" lon="19.821800"><ele>946.0</ele></trkpt>
      <trkpt lat="49.272634" lon="19.821832"><ele>946.0</ele></trkpt>
      <trkpt lat="49.272637" lon="19.821878"><ele>945.8</ele></trkpt>
      <trkpt lat="49.272646" lon="19.821925"><ele>945.8</ele></trkpt>
      <trkpt lat="49.272653" lon="19.821962"><ele>945.8</ele></trkpt>
      <trkpt lat="49.272662" lon="19.821997"><ele>945.8</ele></trkpt>
      <trkpt lat="49.272691" lon="19.822010"><ele>945.6</ele></trkpt>
      <trkpt lat="49.272698" lon="19.822037"><ele>945.6</ele></trkpt>
      <trkpt lat="49.272714" lon="19.822066"><ele>945.6</ele></trkpt>
      <trkpt lat="49.272726" lon="19.822098"><ele>945.6</ele></trkpt>
      <trkpt lat="49.272742" lon="19.822126"><ele>945.4</ele></trkpt>
      <trkpt lat="49.272762" lon="19.822160"><ele>945.6</ele></trkpt>
      <trkpt lat="49.272774" lon="19.822195"><ele>945.4</ele></trkpt>
      <trkpt lat="49.272794" lon="19.822226"><ele>945.4</ele></trkpt>
      <trkpt lat="49.272810" lon="19.822267"><ele>945.2</ele></trkpt>
      <trkpt lat="49.272819" lon="19.822296"><ele>945.2</ele></trkpt>
      <trkpt lat="49.272832" lon="19.822334"><ele>945.2</ele></trkpt>
      <trkpt lat="49.272851" lon="19.822373"><ele>945.2</ele></trkpt>
      <trkpt lat="49.272877" lon="19.822405"><ele>945.0</ele></trkpt>
      <trkpt lat="49.272890" lon="19.822426"><ele>945.0</ele></trkpt>
      <trkpt lat="49.272912" lon="19.822464"><ele>945.0</ele></trkpt>
      <trkpt lat="49.272918" lon="19.822506"><ele>945.0</ele></trkpt>
      <trkpt lat="49.272941" lon="19.822534"><ele>944.8</ele></trkpt>
      <trkpt lat="49.272963" lon="19.822562"><ele>944.8</ele></trkpt>
      <trkpt lat="49.272982" lon="19.822584"><ele>944.6</ele></trkpt>
      <trkpt lat="49.273002" lon="19.822611"><ele>944.6</ele></trkpt>
      <trkpt lat="49.273021" lon="19.822630"><ele>944.6</ele></trkpt>
      <trkpt lat="49.273040" lon="19.822659"><ele>944.6</ele></trkpt>
      <trkpt lat="49.273072" lon="19.822694"><ele>944.4</ele></trkpt>
      <trkpt lat="49.273088" lon="19.822733"><ele>944.4</ele></trkpt>
      <trkpt lat="49.273098" lon="19.822771"><ele>944.4</ele></trkpt>
      <trkpt lat="49.273114" lon="19.822802"><ele>944.4</ele></trkpt>
      <trkpt lat="49.273136" lon="19.822829"><ele>944.2</ele></trkpt>
      <trkpt lat="49.273158" lon="19.822859"><ele>944.2</ele></trkpt>
      <trkpt lat="49.273168" lon="19.822891"><ele>944.4</ele></trkpt>
      <trkpt lat="49.273174" lon="19.822928"><ele>944.2</ele></trkpt>
      <trkpt lat="49.273194" lon="19.822954"><ele>944.2</ele></trkpt>
      <trkpt lat="49.273213" lon="19.822982"><ele>944.0</ele></trkpt>
      <trkpt lat="49.273232" lon="19.823016"><ele>944.0</ele></trkpt>
      <trkpt lat="49.273248" lon="19.823030"><ele>944.0</ele></trkpt>
      <trkpt lat="49.273267" lon="19.823059"><ele>943.8</ele></trkpt>
      <trkpt lat="49.273280" lon="19.823088"><ele>943.8</ele></trkpt>
      <trkpt lat="49.273296" lon="19.823110"><ele>943.6</ele></trkpt>
      <trkpt lat="49.273315" lon="19.823131"><ele>943.6</ele></trkpt>
      <trkpt lat="49.273334" lon="19.823158"><ele>943.6</ele></trkpt>
      <trkpt lat="49.273354" lon="19.823182"><ele>943.4</ele></trkpt>
      <trkpt lat="49.273366" lon="19.823210"><ele>943.4</ele></trkpt>
      <trkpt lat="49.273379" lon="19.823248"><ele>943.4</ele></trkpt>
      <trkpt lat="49.273395" lon="19.823277"><ele>943.2</ele></trkpt>
      <trkpt lat="49.273408" lon="19.823318"><ele>943.2</ele></trkpt>
      <trkpt lat="49.273418" lon="19.823355"><ele>943.2</ele></trkpt>
      <trkpt lat="49.273440" lon="19.823390"><ele>943.2</ele></trkpt>
      <trkpt lat="49.273459" lon="19.823421"><ele>943.0</ele></trkpt>
      <trkpt lat="49.273475" lon="19.823440"><ele>943.0</ele></trkpt>
      <trkpt lat="49.273494" lon="19.823456"><ele>943.0</ele></trkpt>
      <trkpt lat="49.273510" lon="19.823494"><ele>942.8</ele></trkpt>
      <trkpt lat="49.273526" lon="19.823520"><ele>942.8</ele></trkpt>
      <trkpt lat="49.273536" lon="19.823547"><ele>942.8</ele></trkpt>
      <trkpt lat="49.273549" lon="19.823574"><ele>942.6</ele></trkpt>
      <trkpt lat="49.273594" lon="19.823578"><ele>942.6</ele></trkpt>
      <trkpt lat="49.273610" lon="19.823613"><ele>942.6</ele></trkpt>
      <trkpt lat="49.273616" lon="19.823642"><ele>942.6</ele></trkpt>
      <trkpt lat="49.273635" lon="19.823666"><ele>942.6</ele></trkpt>
      <trkpt lat="49.273648" lon="19.823694"><ele>942.6</ele></trkpt>
      <trkpt lat="49.273664" lon="19.823709"><ele>942.4</ele></trkpt>
      <trkpt lat="49.273683" lon="19.823746"><ele>942.2</ele></trkpt>
      <trkpt lat="49.273693" lon="19.823781"><ele>942.2</ele></trkpt>
      <trkpt lat="49.273709" lon="19.823814"><ele>942.2</ele></trkpt>
      <trkpt lat="49.273725" lon="19.823827"><ele>942.2</ele></trkpt>
      <trkpt lat="49.273747" lon="19.823846"><ele>942.2</ele></trkpt>
      <trkpt lat="49.273763" lon="19.823891"><ele>942.2</ele></trkpt>
      <trkpt lat="49.273770" lon="19.823930"><ele>942.2</ele></trkpt>
      <trkpt lat="49.273786" lon="19.823946"><ele>942.0</ele></trkpt>
      <trkpt lat="49.273795" lon="19.823984"><ele>942.0</ele></trkpt>
      <trkpt lat="49.273808" lon="19.824021"><ele>941.8</ele></trkpt>
      <trkpt lat="49.273827" lon="19.824046"><ele>941.8</ele></trkpt>
      <trkpt lat="49.273834" lon="19.824083"><ele>941.8</ele></trkpt>
      <trkpt lat="49.273850" lon="19.824110"><ele>941.8</ele></trkpt>
      <trkpt lat="49.273866" lon="19.824133"><ele>941.8</ele></trkpt>
      <trkpt lat="49.273882" lon="19.824174"><ele>941.8</ele></trkpt>
      <trkpt lat="49.273904" lon="19.824205"><ele>941.6</ele></trkpt>
      <trkpt lat="49.273914" lon="19.824230"><ele>941.6</ele></trkpt>
      <trkpt lat="49.273936" lon="19.824240"><ele>941.6</ele></trkpt>
      <trkpt lat="49.273955" lon="19.824261"><ele>941.6</ele></trkpt>
      <trkpt lat="49.273978" lon="19.824288"><ele>941.6</ele></trkpt>
      <trkpt lat="49.274003" lon="19.824309"><ele>941.6</ele></trkpt>
      <trkpt lat="49.274022" lon="19.824339"><ele>941.6</ele></trkpt>
      <trkpt lat="49.274035" lon="19.824374"><ele>941.4</ele></trkpt>
      <trkpt lat="49.274029" lon="19.824402"><ele>941.4</ele></trkpt>
      <trkpt lat="49.274064" lon="19.824406"><ele>941.4</ele></trkpt>
      <trkpt lat="49.274083" lon="19.824430"><ele>941.2</ele></trkpt>
      <trkpt lat="49.274096" lon="19.824469"><ele>941.2</ele></trkpt>
      <trkpt lat="49.274115" lon="19.824499"><ele>941.0</ele></trkpt>
      <trkpt lat="49.274131" lon="19.824512"><ele>941.0</ele></trkpt>
      <trkpt lat="49.274144" lon="19.824533"><ele>940.8</ele></trkpt>
      <trkpt lat="49.274166" lon="19.824560"><ele>941.0</ele></trkpt>
      <trkpt lat="49.274189" lon="19.824597"><ele>941.0</ele></trkpt>
      <trkpt lat="49.274205" lon="19.824610"><ele>941.0</ele></trkpt>
      <trkpt lat="49.274227" lon="19.824632"><ele>941.0</ele></trkpt>
      <trkpt lat="49.274243" lon="19.824661"><ele>940.8</ele></trkpt>
      <trkpt lat="49.274259" lon="19.824698"><ele>940.6</ele></trkpt>
      <trkpt lat="49.274272" lon="19.824738"><ele>940.6</ele></trkpt>
      <trkpt lat="49.274282" lon="19.824762"><ele>940.6</ele></trkpt>
      <trkpt lat="49.274307" lon="19.824790"><ele>940.4</ele></trkpt>
      <trkpt lat="49.274326" lon="19.824808"><ele>940.2</ele></trkpt>
      <trkpt lat="49.274342" lon="19.824824"><ele>940.2</ele></trkpt>
      <trkpt lat="49.274358" lon="19.824848"><ele>940.2</ele></trkpt>
      <trkpt lat="49.274368" lon="19.824893"><ele>940.0</ele></trkpt>
      <trkpt lat="49.274384" lon="19.824915"><ele>940.0</ele></trkpt>
      <trkpt lat="49.274394" lon="19.824946"><ele>939.8</ele></trkpt>
      <trkpt lat="49.274406" lon="19.824973"><ele>939.8</ele></trkpt>
      <trkpt lat="49.274422" lon="19.824986"><ele>939.8</ele></trkpt>
      <trkpt lat="49.274438" lon="19.825014"><ele>939.8</ele></trkpt>
      <trkpt lat="49.274458" lon="19.825037"><ele>939.6</ele></trkpt>
      <trkpt lat="49.274474" lon="19.825064"><ele>939.6</ele></trkpt>
      <trkpt lat="49.274486" lon="19.825096"><ele>939.4</ele></trkpt>
      <trkpt lat="49.274502" lon="19.825128"><ele>939.4</ele></trkpt>
      <trkpt lat="49.274518" lon="19.825144"><ele>939.2</ele></trkpt>
      <trkpt lat="49.274538" lon="19.825146"><ele>939.0</ele></trkpt>
      <trkpt lat="49.274560" lon="19.825168"><ele>938.8</ele></trkpt>
      <trkpt lat="49.274579" lon="19.825198"><ele>938.8</ele></trkpt>
      <trkpt lat="49.274608" lon="19.825224"><ele>938.6</ele></trkpt>
      <trkpt lat="49.274624" lon="19.825237"><ele>938.8</ele></trkpt>
      <trkpt lat="49.274646" lon="19.825264"><ele>938.6</ele></trkpt>
      <trkpt lat="49.274672" lon="19.825272"><ele>938.6</ele></trkpt>
      <trkpt lat="49.274691" lon="19.825283"><ele>938.4</ele></trkpt>
      <trkpt lat="49.274710" lon="19.825304"><ele>938.4</ele></trkpt>
      <trkpt lat="49.274726" lon="19.825334"><ele>938.2</ele></trkpt>
      <trkpt lat="49.274749" lon="19.825365"><ele>938.2</ele></trkpt>
      <trkpt lat="49.274765" lon="19.825384"><ele>938.2</ele></trkpt>
      <trkpt lat="49.274778" lon="19.825434"><ele>938.2</ele></trkpt>
      <trkpt lat="49.274797" lon="19.825446"><ele>938.2</ele></trkpt>
      <trkpt lat="49.274819" lon="19.825470"><ele>938.2</ele></trkpt>
      <trkpt lat="49.274845" lon="19.825485"><ele>938.2</ele></trkpt>
      <trkpt lat="49.274848" lon="19.825525"><ele>938.0</ele></trkpt>
      <trkpt lat="49.274864" lon="19.825570"><ele>938.0</ele></trkpt>
      <trkpt lat="49.274870" lon="19.825598"><ele>938.0</ele></trkpt>
      <trkpt lat="49.274890" lon="19.825629"><ele>938.0</ele></trkpt>
      <trkpt lat="49.274909" lon="19.825661"><ele>937.8</ele></trkpt>
      <trkpt lat="49.274909" lon="19.825701"><ele>937.8</ele></trkpt>
      <trkpt lat="49.274915" lon="19.825741"><ele>937.8</ele></trkpt>
      <trkpt lat="49.274909" lon="19.825789"><ele>937.8</ele></trkpt>
      <trkpt lat="49.274909" lon="19.825853"><ele>937.8</ele></trkpt>
      <trkpt lat="49.274918" lon="19.825898"><ele>937.8</ele></trkpt>
      <trkpt lat="49.274925" lon="19.825939"><ele>937.8</ele></trkpt>
      <trkpt lat="49.274925" lon="19.825992"><ele>938.0</ele></trkpt>
      <trkpt lat="49.274928" lon="19.826022"><ele>938.0</ele></trkpt>
      <trkpt lat="49.274934" lon="19.826058"><ele>938.0</ele></trkpt>
      <trkpt lat="49.274938" lon="19.826088"><ele>938.0</ele></trkpt>
      <trkpt lat="49.274938" lon="19.826130"><ele>937.8</ele></trkpt>
      <trkpt lat="49.274941" lon="19.826171"><ele>937.8</ele></trkpt>
      <trkpt lat="49.274950" lon="19.826202"><ele>937.6</ele></trkpt>
      <trkpt lat="49.274963" lon="19.826226"><ele>937.6</ele></trkpt>
      <trkpt lat="49.274944" lon="19.826237"><ele>937.4</ele></trkpt>
      <trkpt lat="49.274947" lon="19.826270"><ele>937.4</ele></trkpt>
      <trkpt lat="49.274957" lon="19.826307"><ele>937.2</ele></trkpt>
      <trkpt lat="49.274970" lon="19.826339"><ele>937.2</ele></trkpt>
      <trkpt lat="49.274979" lon="19.826370"><ele>937.0</ele></trkpt>
      <trkpt lat="49.274989" lon="19.826414"><ele>936.8</ele></trkpt>
      <trkpt lat="49.275014" lon="19.826442"><ele>936.6</ele></trkpt>
      <trkpt lat="49.275034" lon="19.826486"><ele>936.6</ele></trkpt>
      <trkpt lat="49.275046" lon="19.826523"><ele>936.6</ele></trkpt>
      <trkpt lat="49.275056" lon="19.826565"><ele>936.6</ele></trkpt>
      <trkpt lat="49.275069" lon="19.826598"><ele>936.6</ele></trkpt>
      <trkpt lat="49.275088" lon="19.826635"><ele>936.6</ele></trkpt>
      <trkpt lat="49.275094" lon="19.826662"><ele>936.6</ele></trkpt>
      <trkpt lat="49.275098" lon="19.826694"><ele>936.6</ele></trkpt>
      <trkpt lat="49.275114" lon="19.826746"><ele>936.4</ele></trkpt>
      <trkpt lat="49.275123" lon="19.826790"><ele>936.2</ele></trkpt>
      <trkpt lat="49.275136" lon="19.826813"><ele>936.2</ele></trkpt>
      <trkpt lat="49.275136" lon="19.826845"><ele>936.2</ele></trkpt>
      <trkpt lat="49.275158" lon="19.826885"><ele>936.0</ele></trkpt>
      <trkpt lat="49.275174" lon="19.826902"><ele>935.8</ele></trkpt>
      <trkpt lat="49.275181" lon="19.826934"><ele>935.8</ele></trkpt>
      <trkpt lat="49.275178" lon="19.826965"><ele>935.8</ele></trkpt>
      <trkpt lat="49.275174" lon="19.826992"><ele>936.2</ele></trkpt>
      <trkpt lat="49.275194" lon="19.827018"><ele>936.2</ele></trkpt>
      <trkpt lat="49.275197" lon="19.827058"><ele>936.2</ele></trkpt>
      <trkpt lat="49.275200" lon="19.827085"><ele>936.2</ele></trkpt>
      <trkpt lat="49.275216" lon="19.827110"><ele>936.0</ele></trkpt>
      <trkpt lat="49.275232" lon="19.827128"><ele>936.0</ele></trkpt>
      <trkpt lat="49.275242" lon="19.827157"><ele>936.0</ele></trkpt>
      <trkpt lat="49.275264" lon="19.827189"><ele>935.8</ele></trkpt>
      <trkpt lat="49.275283" lon="19.827221"><ele>935.8</ele></trkpt>
      <trkpt lat="49.275306" lon="19.827246"><ele>935.8</ele></trkpt>
      <trkpt lat="49.275328" lon="19.827282"><ele>935.6</ele></trkpt>
      <trkpt lat="49.275357" lon="19.827310"><ele>935.4</ele></trkpt>
      <trkpt lat="49.275376" lon="19.827338"><ele>935.6</ele></trkpt>
      <trkpt lat="49.275395" lon="19.827371"><ele>935.4</ele></trkpt>
      <trkpt lat="49.275398" lon="19.827398"><ele>935.4</ele></trkpt>
      <trkpt lat="49.275418" lon="19.827416"><ele>935.4</ele></trkpt>
      <trkpt lat="49.275440" lon="19.827445"><ele>935.2</ele></trkpt>
      <trkpt lat="49.275453" lon="19.827490"><ele>935.2</ele></trkpt>
      <trkpt lat="49.275459" lon="19.827517"><ele>935.0</ele></trkpt>
      <trkpt lat="49.275466" lon="19.827544"><ele>935.0</ele></trkpt>
      <trkpt lat="49.275478" lon="19.827574"><ele>935.0</ele></trkpt>
      <trkpt lat="49.275501" lon="19.827614"><ele>934.8</ele></trkpt>
      <trkpt lat="49.275523" lon="19.827634"><ele>934.8</ele></trkpt>
      <trkpt lat="49.275539" lon="19.827646"><ele>934.8</ele></trkpt>
      <trkpt lat="49.275552" lon="19.827685"><ele>934.8</ele></trkpt>
      <trkpt lat="49.275558" lon="19.827725"><ele>934.8</ele></trkpt>
      <trkpt lat="49.275565" lon="19.827763"><ele>934.8</ele></trkpt>
      <trkpt lat="49.275578" lon="19.827786"><ele>934.6</ele></trkpt>
      <trkpt lat="49.275594" lon="19.827814"><ele>934.6</ele></trkpt>
      <trkpt lat="49.275613" lon="19.827843"><ele>934.6</ele></trkpt>
      <trkpt lat="49.275632" lon="19.827882"><ele>934.6</ele></trkpt>
      <trkpt lat="49.275635" lon="19.827922"><ele>934.6</ele></trkpt>
      <trkpt lat="49.275651" lon="19.827949"><ele>934.6</ele></trkpt>
      <trkpt lat="49.275664" lon="19.827981"><ele>934.6</ele></trkpt>
      <trkpt lat="49.275677" lon="19.828021"><ele>934.6</ele></trkpt>
      <trkpt lat="49.275693" lon="19.828037"><ele>934.4</ele></trkpt>
      <trkpt lat="49.275715" lon="19.828067"><ele>934.4</ele></trkpt>
      <trkpt lat="49.275718" lon="19.828106"><ele>934.4</ele></trkpt>
      <trkpt lat="49.275731" lon="19.828126"><ele>934.4</ele></trkpt>
      <trkpt lat="49.275757" lon="19.828147"><ele>934.4</ele></trkpt>
      <trkpt lat="49.275779" lon="19.828182"><ele>934.6</ele></trkpt>
      <trkpt lat="49.275789" lon="19.828210"><ele>934.4</ele></trkpt>
      <trkpt lat="49.275795" lon="19.828240"><ele>934.2</ele></trkpt>
      <trkpt lat="49.275798" lon="19.828290"><ele>934.2</ele></trkpt>
      <trkpt lat="49.275802" lon="19.828326"><ele>934.2</ele></trkpt>
      <trkpt lat="49.275795" lon="19.828355"><ele>934.2</ele></trkpt>
      <trkpt lat="49.275789" lon="19.828382"><ele>934.2</ele></trkpt>
      <trkpt lat="49.275776" lon="19.828410"><ele>934.2</ele></trkpt>
      <trkpt lat="49.275763" lon="19.828435"><ele>934.0</ele></trkpt>
      <trkpt lat="49.275754" lon="19.828488"><ele>934.0</ele></trkpt>
      <trkpt lat="49.275750" lon="19.828520"><ele>933.8</ele></trkpt>
      <trkpt lat="49.275763" lon="19.828563"><ele>934.0</ele></trkpt>
      <trkpt lat="49.275779" lon="19.828594"><ele>934.0</ele></trkpt>
      <trkpt lat="49.275792" lon="19.828632"><ele>933.8</ele></trkpt>
      <trkpt lat="49.275808" lon="19.828670"><ele>933.6</ele></trkpt>
      <trkpt lat="49.275814" lon="19.828710"><ele>933.6</ele></trkpt>
      <trkpt lat="49.275818" lon="19.828746"><ele>933.6</ele></trkpt>
      <trkpt lat="49.275834" lon="19.828779"><ele>933.6</ele></trkpt>
      <trkpt lat="49.275850" lon="19.828821"><ele>933.6</ele></trkpt>
      <trkpt lat="49.275843" lon="19.828870"><ele>933.4</ele></trkpt>
      <trkpt lat="49.275853" lon="19.828902"><ele>933.4</ele></trkpt>
      <trkpt lat="49.275840" lon="19.828925"><ele>933.2</ele></trkpt>
      <trkpt lat="49.275850" lon="19.828950"><ele>933.2</ele></trkpt>
      <trkpt lat="49.275856" lon="19.828987"><ele>933.0</ele></trkpt>
      <trkpt lat="49.275869" lon="19.829016"><ele>933.0</ele></trkpt>
      <trkpt lat="49.275875" lon="19.829054"><ele>933.0</ele></trkpt>
      <trkpt lat="49.275882" lon="19.829090"><ele>933.0</ele></trkpt>
      <trkpt lat="49.275888" lon="19.829128"><ele>933.0</ele></trkpt>
      <trkpt lat="49.275898" lon="19.829170"><ele>933.0</ele></trkpt>
      <trkpt lat="49.275907" lon="19.829195"><ele>933.0</ele></trkpt>
      <trkpt lat="49.275910" lon="19.829222"><ele>933.0</ele></trkpt>
      <trkpt lat="49.275920" lon="19.829248"><ele>933.0</ele></trkpt>
      <trkpt lat="49.275930" lon="19.829278"><ele>933.0</ele></trkpt>
      <trkpt lat="49.275939" lon="19.829322"><ele>933.0</ele></trkpt>
      <trkpt lat="49.275962" lon="19.829357"><ele>933.0</ele></trkpt>
      <trkpt lat="49.275978" lon="19.829376"><ele>933.0</ele></trkpt>
      <trkpt lat="49.275990" lon="19.829397"><ele>933.0</ele></trkpt>
      <trkpt lat="49.276010" lon="19.829413"><ele>932.8</ele></trkpt>
      <trkpt lat="49.276022" lon="19.829454"><ele>932.6</ele></trkpt>
      <trkpt lat="49.276038" lon="19.829486"><ele>932.6</ele></trkpt>
      <trkpt lat="49.276051" lon="19.829512"><ele>932.6</ele></trkpt>
      <trkpt lat="49.276048" lon="19.829544"><ele>932.6</ele></trkpt>
      <trkpt lat="49.276051" lon="19.829571"><ele>932.4</ele></trkpt>
      <trkpt lat="49.276067" lon="19.829611"><ele>932.4</ele></trkpt>
      <trkpt lat="49.276067" lon="19.829662"><ele>932.2</ele></trkpt>
      <trkpt lat="49.276058" lon="19.829686"><ele>932.2</ele></trkpt>
      <trkpt lat="49.276051" lon="19.829726"><ele>932.2</ele></trkpt>
      <trkpt lat="49.276061" lon="19.829755"><ele>932.0</ele></trkpt>
      <trkpt lat="49.276074" lon="19.829790"><ele>932.0</ele></trkpt>
      <trkpt lat="49.276086" lon="19.829819"><ele>932.0</ele></trkpt>
      <trkpt lat="49.276096" lon="19.829858"><ele>932.0</ele></trkpt>
      <trkpt lat="49.276102" lon="19.829891"><ele>932.0</ele></trkpt>
      <trkpt lat="49.276109" lon="19.829923"><ele>932.0</ele></trkpt>
      <trkpt lat="49.276096" lon="19.829957"><ele>932.0</ele></trkpt>
      <trkpt lat="49.276090" lon="19.829984"><ele>932.0</ele></trkpt>
      <trkpt lat="49.276118" lon="19.830003"><ele>931.6</ele></trkpt>
      <trkpt lat="49.276147" lon="19.830024"><ele>931.8</ele></trkpt>
      <trkpt lat="49.276170" lon="19.830061"><ele>931.8</ele></trkpt>
      <trkpt lat="49.276189" lon="19.830088"><ele>931.8</ele></trkpt>
      <trkpt lat="49.276192" lon="19.830118"><ele>931.8</ele></trkpt>
      <trkpt lat="49.276195" lon="19.830155"><ele>931.8</ele></trkpt>
      <trkpt lat="49.276202" lon="19.830192"><ele>931.6</ele></trkpt>
      <trkpt lat="49.276214" lon="19.830235"><ele>931.6</ele></trkpt>
      <trkpt lat="49.276230" lon="19.830270"><ele>931.6</ele></trkpt>
      <trkpt lat="49.276230" lon="19.830299"><ele>931.6</ele></trkpt>
      <trkpt lat="49.276230" lon="19.830328"><ele>931.6</ele></trkpt>
      <trkpt lat="49.276237" lon="19.830365"><ele>931.4</ele></trkpt>
      <trkpt lat="49.276250" lon="19.830405"><ele>931.4</ele></trkpt>
      <trkpt lat="49.276259" lon="19.830445"><ele>931.4</ele></trkpt>
      <trkpt lat="49.276291" lon="19.830480"><ele>931.4</ele></trkpt>
      <trkpt lat="49.276298" lon="19.830507"><ele>931.6</ele></trkpt>
      <trkpt lat="49.276307" lon="19.830533"><ele>931.4</ele></trkpt>
      <trkpt lat="49.276314" lon="19.830568"><ele>931.4</ele></trkpt>
      <trkpt lat="49.276326" lon="19.830600"><ele>931.2</ele></trkpt>
      <trkpt lat="49.276333" lon="19.830627"><ele>931.2</ele></trkpt>
      <trkpt lat="49.276349" lon="19.830659"><ele>931.2</ele></trkpt>
      <trkpt lat="49.276371" lon="19.830694"><ele>931.2</ele></trkpt>
      <trkpt lat="49.276387" lon="19.830725"><ele>931.0</ele></trkpt>
      <trkpt lat="49.276394" lon="19.830758"><ele>931.0</ele></trkpt>
      <trkpt lat="49.276410" lon="19.830805"><ele>931.0</ele></trkpt>
      <trkpt lat="49.276426" lon="19.830838"><ele>930.8</ele></trkpt>
      <trkpt lat="49.276445" lon="19.830870"><ele>930.8</ele></trkpt>
      <trkpt lat="49.276451" lon="19.830910"><ele>930.6</ele></trkpt>
      <trkpt lat="49.276458" lon="19.830947"><ele>930.6</ele></trkpt>
      <trkpt lat="49.276467" lon="19.830973"><ele>930.6</ele></trkpt>
      <trkpt lat="49.276490" lon="19.831002"><ele>930.6</ele></trkpt>
      <trkpt lat="49.276506" lon="19.831027"><ele>930.4</ele></trkpt>
      <trkpt lat="49.276518" lon="19.831069"><ele>930.4</ele></trkpt>
      <trkpt lat="49.276525" lon="19.831104"><ele>930.0</ele></trkpt>
      <trkpt lat="49.276544" lon="19.831142"><ele>930.0</ele></trkpt>
      <trkpt lat="49.276557" lon="19.831181"><ele>929.6</ele></trkpt>
      <trkpt lat="49.276566" lon="19.831221"><ele>929.6</ele></trkpt>
      <trkpt lat="49.276582" lon="19.831258"><ele>929.4</ele></trkpt>
      <trkpt lat="49.276589" lon="19.831288"><ele>929.4</ele></trkpt>
      <trkpt lat="49.276605" lon="19.831325"><ele>929.2</ele></trkpt>
      <trkpt lat="49.276624" lon="19.831358"><ele>929.2</ele></trkpt>
      <trkpt lat="49.276643" lon="19.831390"><ele>929.0</ele></trkpt>
      <trkpt lat="49.276656" lon="19.831414"><ele>929.0</ele></trkpt>
      <trkpt lat="49.276685" lon="19.831421"><ele>928.6</ele></trkpt>
      <trkpt lat="49.276704" lon="19.831450"><ele>928.6</ele></trkpt>
      <trkpt lat="49.276714" lon="19.831491"><ele>928.4</ele></trkpt>
      <trkpt lat="49.276723" lon="19.831526"><ele>928.2</ele></trkpt>
      <trkpt lat="49.276733" lon="19.831550"><ele>928.2</ele></trkpt>
      <trkpt lat="49.276749" lon="19.831570"><ele>928.2</ele></trkpt>
      <trkpt lat="49.276774" lon="19.831602"><ele>928.0</ele></trkpt>
      <trkpt lat="49.276794" lon="19.831637"><ele>927.8</ele></trkpt>
      <trkpt lat="49.276813" lon="19.831667"><ele>927.6</ele></trkpt>
      <trkpt lat="49.276826" lon="19.831690"><ele>927.6</ele></trkpt>
      <trkpt lat="49.276832" lon="19.831728"><ele>927.4</ele></trkpt>
      <trkpt lat="49.276851" lon="19.831750"><ele>927.4</ele></trkpt>
      <trkpt lat="49.276883" lon="19.831779"><ele>927.4</ele></trkpt>
      <trkpt lat="49.276912" lon="19.831806"><ele>927.2</ele></trkpt>
      <trkpt lat="49.276941" lon="19.831840"><ele>926.8</ele></trkpt>
      <trkpt lat="49.276966" lon="19.831869"><ele>926.6</ele></trkpt>
      <trkpt lat="49.276992" lon="19.831896"><ele>926.6</ele></trkpt>
      <trkpt lat="49.277008" lon="19.831910"><ele>926.4</ele></trkpt>
      <trkpt lat="49.277024" lon="19.831923"><ele>926.4</ele></trkpt>
      <trkpt lat="49.277040" lon="19.831936"><ele>926.2</ele></trkpt>
      <trkpt lat="49.277072" lon="19.831949"><ele>926.2</ele></trkpt>
      <trkpt lat="49.277088" lon="19.831976"><ele>926.2</ele></trkpt>
      <trkpt lat="49.277104" lon="19.831994"><ele>926.2</ele></trkpt>
      <trkpt lat="49.277123" lon="19.832027"><ele>926.0</ele></trkpt>
      <trkpt lat="49.277142" lon="19.832069"><ele>926.0</ele></trkpt>
      <trkpt lat="49.277158" lon="19.832094"><ele>925.8</ele></trkpt>
      <trkpt lat="49.277168" lon="19.832134"><ele>925.6</ele></trkpt>
      <trkpt lat="49.277187" lon="19.832171"><ele>925.4</ele></trkpt>
      <trkpt lat="49.277200" lon="19.832197"><ele>925.2</ele></trkpt>
      <trkpt lat="49.277213" lon="19.832227"><ele>925.2</ele></trkpt>
      <trkpt lat="49.277232" lon="19.832254"><ele>925.2</ele></trkpt>
      <trkpt lat="49.277248" lon="19.832288"><ele>925.0</ele></trkpt>
      <trkpt lat="49.277274" lon="19.832307"><ele>924.8</ele></trkpt>
      <trkpt lat="49.277293" lon="19.832333"><ele>924.8</ele></trkpt>
      <trkpt lat="49.277309" lon="19.832346"><ele>924.6</ele></trkpt>
      <trkpt lat="49.277325" lon="19.832360"><ele>924.6</ele></trkpt>
      <trkpt lat="49.277347" lon="19.832371"><ele>924.4</ele></trkpt>
      <trkpt lat="49.277363" lon="19.832395"><ele>924.4</ele></trkpt>
      <trkpt lat="49.277379" lon="19.832427"><ele>924.2</ele></trkpt>
      <trkpt lat="49.277392" lon="19.832451"><ele>924.0</ele></trkpt>
      <trkpt lat="49.277402" lon="19.832486"><ele>923.8</ele></trkpt>
      <trkpt lat="49.277411" lon="19.832510"><ele>923.8</ele></trkpt>
      <trkpt lat="49.277430" lon="19.832536"><ele>923.8</ele></trkpt>
      <trkpt lat="49.277446" lon="19.832570"><ele>923.8</ele></trkpt>
      <trkpt lat="49.277466" lon="19.832602"><ele>923.8</ele></trkpt>
      <trkpt lat="49.277485" lon="19.832638"><ele>923.6</ele></trkpt>
      <trkpt lat="49.277501" lon="19.832654"><ele>923.4</ele></trkpt>
      <trkpt lat="49.277517" lon="19.832690"><ele>923.4</ele></trkpt>
      <trkpt lat="49.277539" lon="19.832728"><ele>923.4</ele></trkpt>
      <trkpt lat="49.277552" lon="19.832762"><ele>923.2</ele></trkpt>
      <trkpt lat="49.277571" lon="19.832800"><ele>923.2</ele></trkpt>
      <trkpt lat="49.277590" lon="19.832842"><ele>923.2</ele></trkpt>
      <trkpt lat="49.277610" lon="19.832883"><ele>923.2</ele></trkpt>
      <trkpt lat="49.277629" lon="19.832920"><ele>923.0</ele></trkpt>
      <trkpt lat="49.277645" lon="19.832957"><ele>923.0</ele></trkpt>
      <trkpt lat="49.277658" lon="19.832978"><ele>923.0</ele></trkpt>
      <trkpt lat="49.277667" lon="19.833018"><ele>922.8</ele></trkpt>
      <trkpt lat="49.277670" lon="19.833058"><ele>922.8</ele></trkpt>
      <trkpt lat="49.277683" lon="19.833096"><ele>922.6</ele></trkpt>
      <trkpt lat="49.277690" lon="19.833131"><ele>922.6</ele></trkpt>
      <trkpt lat="49.277699" lon="19.833174"><ele>922.6</ele></trkpt>
      <trkpt lat="49.277706" lon="19.833214"><ele>922.4</ele></trkpt>
      <trkpt lat="49.277718" lon="19.833256"><ele>922.2</ele></trkpt>
      <trkpt lat="49.277725" lon="19.833296"><ele>922.2</ele></trkpt>
      <trkpt lat="49.277734" lon="19.833336"><ele>922.0</ele></trkpt>
      <trkpt lat="49.277738" lon="19.833382"><ele>922.2</ele></trkpt>
      <trkpt lat="49.277741" lon="19.833427"><ele>922.2</ele></trkpt>
      <trkpt lat="49.277747" lon="19.833472"><ele>922.2</ele></trkpt>
      <trkpt lat="49.277750" lon="19.833515"><ele>922.0</ele></trkpt>
      <trkpt lat="49.277760" lon="19.833562"><ele>922.0</ele></trkpt>
      <trkpt lat="49.277766" lon="19.833602"><ele>921.8</ele></trkpt>
      <trkpt lat="49.277776" lon="19.833638"><ele>921.8</ele></trkpt>
      <trkpt lat="49.277779" lon="19.833675"><ele>921.8</ele></trkpt>
      <trkpt lat="49.277782" lon="19.833715"><ele>921.8</ele></trkpt>
      <trkpt lat="49.277786" lon="19.833755"><ele>921.8</ele></trkpt>
      <trkpt lat="49.277798" lon="19.833795"><ele>921.6</ele></trkpt>
      <trkpt lat="49.277805" lon="19.833824"><ele>921.4</ele></trkpt>
      <trkpt lat="49.277818" lon="19.833846"><ele>921.4</ele></trkpt>
      <trkpt lat="49.277824" lon="19.833891"><ele>921.4</ele></trkpt>
      <trkpt lat="49.277834" lon="19.833934"><ele>921.2</ele></trkpt>
      <trkpt lat="49.277843" lon="19.833981"><ele>921.2</ele></trkpt>
      <trkpt lat="49.277850" lon="19.834024"><ele>921.4</ele></trkpt>
      <trkpt lat="49.277859" lon="19.834064"><ele>921.2</ele></trkpt>
      <trkpt lat="49.277866" lon="19.834107"><ele>921.2</ele></trkpt>
      <trkpt lat="49.277875" lon="19.834147"><ele>921.2</ele></trkpt>
      <trkpt lat="49.277888" lon="19.834182"><ele>921.0</ele></trkpt>
      <trkpt lat="49.277898" lon="19.834222"><ele>921.0</ele></trkpt>
      <trkpt lat="49.277914" lon="19.834269"><ele>921.0</ele></trkpt>
      <trkpt lat="49.277926" lon="19.834302"><ele>921.0</ele></trkpt>
      <trkpt lat="49.277942" lon="19.834336"><ele>920.8</ele></trkpt>
      <trkpt lat="49.277955" lon="19.834368"><ele>920.6</ele></trkpt>
      <trkpt lat="49.277974" lon="19.834411"><ele>920.6</ele></trkpt>
      <trkpt lat="49.277987" lon="19.834453"><ele>920.6</ele></trkpt>
      <trkpt lat="49.278006" lon="19.834491"><ele>920.6</ele></trkpt>
      <trkpt lat="49.278019" lon="19.834531"><ele>920.4</ele></trkpt>
      <trkpt lat="49.278035" lon="19.834574"><ele>920.2</ele></trkpt>
      <trkpt lat="49.278045" lon="19.834616"><ele>920.0</ele></trkpt>
      <trkpt lat="49.278061" lon="19.834654"><ele>920.0</ele></trkpt>
      <trkpt lat="49.278067" lon="19.834693"><ele>919.8</ele></trkpt>
      <trkpt lat="49.278080" lon="19.834725"><ele>919.8</ele></trkpt>
      <trkpt lat="49.278093" lon="19.834766"><ele>919.6</ele></trkpt>
      <trkpt lat="49.278112" lon="19.834806"><ele>919.4</ele></trkpt>
      <trkpt lat="49.278125" lon="19.834843"><ele>919.2</ele></trkpt>
      <trkpt lat="49.278138" lon="19.834883"><ele>919.2</ele></trkpt>
      <trkpt lat="49.278147" lon="19.834918"><ele>919.0</ele></trkpt>
      <trkpt lat="49.278166" lon="19.834934"><ele>918.8</ele></trkpt>
      <trkpt lat="49.278179" lon="19.834973"><ele>919.0</ele></trkpt>
      <trkpt lat="49.278195" lon="19.834992"><ele>918.8</ele></trkpt>
      <trkpt lat="49.278221" lon="19.835021"><ele>918.8</ele></trkpt>
      <trkpt lat="49.278240" lon="19.835054"><ele>918.8</ele></trkpt>
      <trkpt lat="49.278262" lon="19.835096"><ele>918.8</ele></trkpt>
      <trkpt lat="49.278272" lon="19.835120"><ele>918.8</ele></trkpt>
      <trkpt lat="49.278291" lon="19.835157"><ele>918.6</ele></trkpt>
      <trkpt lat="49.278304" lon="19.835197"><ele>918.4</ele></trkpt>
      <trkpt lat="49.278314" lon="19.835221"><ele>918.2</ele></trkpt>
      <trkpt lat="49.278320" lon="19.835254"><ele>918.2</ele></trkpt>
      <trkpt lat="49.278326" lon="19.835285"><ele>918.2</ele></trkpt>
      <trkpt lat="49.278342" lon="19.835330"><ele>918.2</ele></trkpt>
      <trkpt lat="49.278371" lon="19.835370"><ele>918.2</ele></trkpt>
      <trkpt lat="49.278378" lon="19.835402"><ele>918.2</ele></trkpt>
      <trkpt lat="49.278394" lon="19.835450"><ele>918.0</ele></trkpt>
      <trkpt lat="49.278403" lon="19.835483"><ele>918.0</ele></trkpt>
      <trkpt lat="49.278422" lon="19.835518"><ele>918.0</ele></trkpt>
      <trkpt lat="49.278442" lon="19.835552"><ele>918.0</ele></trkpt>
      <trkpt lat="49.278461" lon="19.835584"><ele>918.0</ele></trkpt>
      <trkpt lat="49.278477" lon="19.835619"><ele>917.8</ele></trkpt>
      <trkpt lat="49.278493" lon="19.835648"><ele>917.6</ele></trkpt>
      <trkpt lat="49.278512" lon="19.835680"><ele>917.6</ele></trkpt>
      <trkpt lat="49.278531" lon="19.835712"><ele>917.4</ele></trkpt>
      <trkpt lat="49.278544" lon="19.835746"><ele>917.4</ele></trkpt>
      <trkpt lat="49.278563" lon="19.835778"><ele>917.2</ele></trkpt>
      <trkpt lat="49.278579" lon="19.835806"><ele>917.2</ele></trkpt>
      <trkpt lat="49.278595" lon="19.835832"><ele>917.0</ele></trkpt>
      <trkpt lat="49.278614" lon="19.835867"><ele>917.0</ele></trkpt>
      <trkpt lat="49.278621" lon="19.835899"><ele>916.8</ele></trkpt>
      <trkpt lat="49.278618" lon="19.835938"><ele>916.8</ele></trkpt>
      <trkpt lat="49.278634" lon="19.835981"><ele>914.4</ele></trkpt>
      <trkpt lat="49.278650" lon="19.836002"><ele>914.4</ele></trkpt>
      <trkpt lat="49.278662" lon="19.836024"><ele>914.4</ele></trkpt>
      <trkpt lat="49.278682" lon="19.836040"><ele>914.4</ele></trkpt>
      <trkpt lat="49.278701" lon="19.836074"><ele>914.4</ele></trkpt>
      <trkpt lat="49.278730" lon="19.836107"><ele>914.6</ele></trkpt>
      <trkpt lat="49.278749" lon="19.836126"><ele>914.4</ele></trkpt>
      <trkpt lat="49.278768" lon="19.836149"><ele>914.4</ele></trkpt>
      <trkpt lat="49.278774" lon="19.836176"><ele>914.4</ele></trkpt>
      <trkpt lat="49.278781" lon="19.836203"><ele>914.4</ele></trkpt>
      <trkpt lat="49.278803" lon="19.836234"><ele>914.4</ele></trkpt>
      <trkpt lat="49.278819" lon="19.836272"><ele>914.4</ele></trkpt>
      <trkpt lat="49.278822" lon="19.836306"><ele>914.4</ele></trkpt>
      <trkpt lat="49.278838" lon="19.836344"><ele>914.4</ele></trkpt>
      <trkpt lat="49.278854" lon="19.836368"><ele>914.2</ele></trkpt>
      <trkpt lat="49.278874" lon="19.836402"><ele>914.2</ele></trkpt>
      <trkpt lat="49.278893" lon="19.836429"><ele>914.0</ele></trkpt>
      <trkpt lat="49.278912" lon="19.836454"><ele>913.8</ele></trkpt>
      <trkpt lat="49.278928" lon="19.836470"><ele>913.8</ele></trkpt>
      <trkpt lat="49.278947" lon="19.836498"><ele>913.8</ele></trkpt>
      <trkpt lat="49.278957" lon="19.836526"><ele>913.6</ele></trkpt>
      <trkpt lat="49.278973" lon="19.836562"><ele>913.6</ele></trkpt>
      <trkpt lat="49.278992" lon="19.836595"><ele>913.6</ele></trkpt>
      <trkpt lat="49.279008" lon="19.836619"><ele>913.4</ele></trkpt>
      <trkpt lat="49.279021" lon="19.836646"><ele>913.4</ele></trkpt>
      <trkpt lat="49.279034" lon="19.836672"><ele>913.4</ele></trkpt>
      <trkpt lat="49.279046" lon="19.836704"><ele>913.4</ele></trkpt>
      <trkpt lat="49.279056" lon="19.836731"><ele>913.2</ele></trkpt>
      <trkpt lat="49.279072" lon="19.836760"><ele>913.2</ele></trkpt>
      <trkpt lat="49.279085" lon="19.836802"><ele>913.0</ele></trkpt>
      <trkpt lat="49.279101" lon="19.836829"><ele>913.0</ele></trkpt>
      <trkpt lat="49.279117" lon="19.836853"><ele>912.8</ele></trkpt>
      <trkpt lat="49.279133" lon="19.836875"><ele>912.8</ele></trkpt>
      <trkpt lat="49.279152" lon="19.836914"><ele>912.8</ele></trkpt>
      <trkpt lat="49.279168" lon="19.836949"><ele>912.8</ele></trkpt>
      <trkpt lat="49.279187" lon="19.836979"><ele>912.8</ele></trkpt>
      <trkpt lat="49.279200" lon="19.837008"><ele>912.6</ele></trkpt>
      <trkpt lat="49.279216" lon="19.837034"><ele>912.4</ele></trkpt>
      <trkpt lat="49.279235" lon="19.837062"><ele>912.4</ele></trkpt>
      <trkpt lat="49.279254" lon="19.837096"><ele>912.4</ele></trkpt>
      <trkpt lat="49.279267" lon="19.837128"><ele>912.2</ele></trkpt>
      <trkpt lat="49.279286" lon="19.837166"><ele>912.2</ele></trkpt>
      <trkpt lat="49.279299" lon="19.837197"><ele>912.0</ele></trkpt>
      <trkpt lat="49.279296" lon="19.837226"><ele>911.8</ele></trkpt>
      <trkpt lat="49.279325" lon="19.837238"><ele>909.6</ele></trkpt>
      <trkpt lat="49.279354" lon="19.837272"><ele>909.6</ele></trkpt>
      <trkpt lat="49.279376" lon="19.837307"><ele>909.6</ele></trkpt>
      <trkpt lat="49.279389" lon="19.837328"><ele>909.6</ele></trkpt>
      <trkpt lat="49.279405" lon="19.837350"><ele>909.4</ele></trkpt>
      <trkpt lat="49.279427" lon="19.837386"><ele>909.4</ele></trkpt>
      <trkpt lat="49.279443" lon="19.837421"><ele>909.4</ele></trkpt>
      <trkpt lat="49.279456" lon="19.837451"><ele>909.4</ele></trkpt>
      <trkpt lat="49.279472" lon="19.837483"><ele>909.2</ele></trkpt>
      <trkpt lat="49.279491" lon="19.837518"><ele>909.2</ele></trkpt>
      <trkpt lat="49.279507" lon="19.837554"><ele>909.0</ele></trkpt>
      <trkpt lat="49.279517" lon="19.837587"><ele>909.0</ele></trkpt>
      <trkpt lat="49.279542" lon="19.837614"><ele>909.0</ele></trkpt>
      <trkpt lat="49.279555" lon="19.837646"><ele>909.0</ele></trkpt>
      <trkpt lat="49.279571" lon="19.837678"><ele>908.8</ele></trkpt>
      <trkpt lat="49.279587" lon="19.837709"><ele>908.6</ele></trkpt>
      <trkpt lat="49.279610" lon="19.837746"><ele>908.4</ele></trkpt>
      <trkpt lat="49.279622" lon="19.837776"><ele>908.4</ele></trkpt>
      <trkpt lat="49.279642" lon="19.837814"><ele>908.2</ele></trkpt>
      <trkpt lat="49.279651" lon="19.837853"><ele>908.0</ele></trkpt>
      <trkpt lat="49.279670" lon="19.837885"><ele>908.0</ele></trkpt>
      <trkpt lat="49.279690" lon="19.837915"><ele>907.8</ele></trkpt>
      <trkpt lat="49.279706" lon="19.837944"><ele>907.8</ele></trkpt>
      <trkpt lat="49.279728" lon="19.837978"><ele>907.6</ele></trkpt>
      <trkpt lat="49.279744" lon="19.838011"><ele>907.6</ele></trkpt>
      <trkpt lat="49.279760" lon="19.838045"><ele>907.6</ele></trkpt>
      <trkpt lat="49.279773" lon="19.838080"><ele>907.4</ele></trkpt>
      <trkpt lat="49.279795" lon="19.838114"><ele>907.4</ele></trkpt>
      <trkpt lat="49.279821" lon="19.838142"><ele>907.4</ele></trkpt>
      <trkpt lat="49.279843" lon="19.838174"><ele>907.4</ele></trkpt>
      <trkpt lat="49.279859" lon="19.838210"><ele>907.4</ele></trkpt>
      <trkpt lat="49.279875" lon="19.838250"><ele>907.4</ele></trkpt>
      <trkpt lat="49.279894" lon="19.838282"><ele>907.4</ele></trkpt>
      <trkpt lat="49.279907" lon="19.838302"><ele>907.2</ele></trkpt>
      <trkpt lat="49.279930" lon="19.838339"><ele>907.2</ele></trkpt>
      <trkpt lat="49.279946" lon="19.838368"><ele>907.0</ele></trkpt>
      <trkpt lat="49.279958" lon="19.838394"><ele>907.0</ele></trkpt>
      <trkpt lat="49.279971" lon="19.838430"><ele>906.8</ele></trkpt>
      <trkpt lat="49.279987" lon="19.838462"><ele>906.8</ele></trkpt>
      <trkpt lat="49.280010" lon="19.838499"><ele>906.6</ele></trkpt>
      <trkpt lat="49.280032" lon="19.838539"><ele>906.6</ele></trkpt>
      <trkpt lat="49.280048" lon="19.838566"><ele>906.4</ele></trkpt>
      <trkpt lat="49.280070" lon="19.838603"><ele>906.4</ele></trkpt>
      <trkpt lat="49.280080" lon="19.838638"><ele>906.4</ele></trkpt>
      <trkpt lat="49.280090" lon="19.838672"><ele>906.4</ele></trkpt>
      <trkpt lat="49.280102" lon="19.838699"><ele>906.2</ele></trkpt>
      <trkpt lat="49.280118" lon="19.838720"><ele>906.2</ele></trkpt>
      <trkpt lat="49.280138" lon="19.838752"><ele>906.2</ele></trkpt>
      <trkpt lat="49.280154" lon="19.838790"><ele>906.2</ele></trkpt>
      <trkpt lat="49.280182" lon="19.838826"><ele>906.2</ele></trkpt>
      <trkpt lat="49.280205" lon="19.838861"><ele>906.0</ele></trkpt>
      <trkpt lat="49.280230" lon="19.838894"><ele>905.8</ele></trkpt>
      <trkpt lat="49.280259" lon="19.838917"><ele>905.6</ele></trkpt>
      <trkpt lat="49.280282" lon="19.838944"><ele>905.6</ele></trkpt>
      <trkpt lat="49.280298" lon="19.838976"><ele>905.4</ele></trkpt>
      <trkpt lat="49.280310" lon="19.839016"><ele>905.4</ele></trkpt>
      <trkpt lat="49.280320" lon="19.839040"><ele>905.2</ele></trkpt>
      <trkpt lat="49.280339" lon="19.839072"><ele>905.2</ele></trkpt>
      <trkpt lat="49.280358" lon="19.839094"><ele>905.0</ele></trkpt>
      <trkpt lat="49.280381" lon="19.839126"><ele>904.8</ele></trkpt>
      <trkpt lat="49.280403" lon="19.839155"><ele>904.8</ele></trkpt>
      <trkpt lat="49.280419" lon="19.839173"><ele>904.8</ele></trkpt>
      <trkpt lat="49.280442" lon="19.839203"><ele>904.6</ele></trkpt>
      <trkpt lat="49.280458" lon="19.839226"><ele>904.6</ele></trkpt>
      <trkpt lat="49.280470" lon="19.839251"><ele>904.6</ele></trkpt>
      <trkpt lat="49.280477" lon="19.839278"><ele>904.4</ele></trkpt>
      <trkpt lat="49.280499" lon="19.839301"><ele>904.4</ele></trkpt>
      <trkpt lat="49.280525" lon="19.839325"><ele>904.4</ele></trkpt>
      <trkpt lat="49.280557" lon="19.839350"><ele>904.2</ele></trkpt>
      <trkpt lat="49.280579" lon="19.839376"><ele>904.0</ele></trkpt>
      <trkpt lat="49.280595" lon="19.839411"><ele>904.0</ele></trkpt>
      <trkpt lat="49.280586" lon="19.839443"><ele>903.8</ele></trkpt>
      <trkpt lat="49.280602" lon="19.839456"><ele>903.2</ele></trkpt>
      <trkpt lat="49.280624" lon="19.839475"><ele>903.4</ele></trkpt>
      <trkpt lat="49.280643" lon="19.839491"><ele>903.6</ele></trkpt>
      <trkpt lat="49.280662" lon="19.839506"><ele>903.6</ele></trkpt>
      <trkpt lat="49.280688" lon="19.839523"><ele>903.4</ele></trkpt>
      <trkpt lat="49.280714" lon="19.839549"><ele>903.4</ele></trkpt>
      <trkpt lat="49.280746" lon="19.839574"><ele>903.4</ele></trkpt>
      <trkpt lat="49.280762" lon="19.839595"><ele>903.2</ele></trkpt>
      <trkpt lat="49.280774" lon="19.839626"><ele>903.0</ele></trkpt>
      <trkpt lat="49.280784" lon="19.839651"><ele>903.0</ele></trkpt>
      <trkpt lat="49.280806" lon="19.839674"><ele>902.8</ele></trkpt>
      <trkpt lat="49.280835" lon="19.839698"><ele>902.8</ele></trkpt>
      <trkpt lat="49.280861" lon="19.839715"><ele>902.6</ele></trkpt>
      <trkpt lat="49.280877" lon="19.839730"><ele>902.6</ele></trkpt>
      <trkpt lat="49.280902" lon="19.839754"><ele>902.6</ele></trkpt>
      <trkpt lat="49.280934" lon="19.839771"><ele>902.4</ele></trkpt>
      <trkpt lat="49.280960" lon="19.839792"><ele>902.4</ele></trkpt>
      <trkpt lat="49.280979" lon="19.839811"><ele>902.2</ele></trkpt>
      <trkpt lat="49.280995" lon="19.839838"><ele>902.2</ele></trkpt>
      <trkpt lat="49.281014" lon="19.839859"><ele>902.2</ele></trkpt>
      <trkpt lat="49.281027" lon="19.839880"><ele>902.2</ele></trkpt>
      <trkpt lat="49.281043" lon="19.839896"><ele>902.2</ele></trkpt>
      <trkpt lat="49.281072" lon="19.839917"><ele>902.2</ele></trkpt>
      <trkpt lat="49.281091" lon="19.839941"><ele>902.0</ele></trkpt>
      <trkpt lat="49.281114" lon="19.839968"><ele>902.0</ele></trkpt>
      <trkpt lat="49.281123" lon="19.839992"><ele>902.0</ele></trkpt>
      <trkpt lat="49.281139" lon="19.840008"><ele>902.0</ele></trkpt>
      <trkpt lat="49.281158" lon="19.840038"><ele>901.8</ele></trkpt>
      <trkpt lat="49.281174" lon="19.840066"><ele>901.8</ele></trkpt>
      <trkpt lat="49.281200" lon="19.840085"><ele>901.6</ele></trkpt>
      <trkpt lat="49.281226" lon="19.840091"><ele>901.4</ele></trkpt>
      <trkpt lat="49.281258" lon="19.840115"><ele>901.2</ele></trkpt>
      <trkpt lat="49.281280" lon="19.840144"><ele>901.2</ele></trkpt>
      <trkpt lat="49.281302" lon="19.840168"><ele>901.2</ele></trkpt>
      <trkpt lat="49.281325" lon="19.840197"><ele>901.0</ele></trkpt>
      <trkpt lat="49.281350" lon="19.840226"><ele>900.8</ele></trkpt>
      <trkpt lat="49.281373" lon="19.840251"><ele>900.8</ele></trkpt>
      <trkpt lat="49.281392" lon="19.840283"><ele>900.6</ele></trkpt>
      <trkpt lat="49.281411" lon="19.840309"><ele>900.6</ele></trkpt>
      <trkpt lat="49.281434" lon="19.840338"><ele>900.4</ele></trkpt>
      <trkpt lat="49.281456" lon="19.840374"><ele>900.4</ele></trkpt>
      <trkpt lat="49.281475" lon="19.840400"><ele>900.4</ele></trkpt>
      <trkpt lat="49.281498" lon="19.840429"><ele>900.2</ele></trkpt>
      <trkpt lat="49.281520" lon="19.840459"><ele>900.2</ele></trkpt>
      <trkpt lat="49.281542" lon="19.840485"><ele>900.0</ele></trkpt>
      <trkpt lat="49.281571" lon="19.840514"><ele>900.0</ele></trkpt>
      <trkpt lat="49.281590" lon="19.840533"><ele>900.0</ele></trkpt>
      <trkpt lat="49.281616" lon="19.840552"><ele>900.0</ele></trkpt>
      <trkpt lat="49.281638" lon="19.840576"><ele>899.8</ele></trkpt>
      <trkpt lat="49.281658" lon="19.840613"><ele>899.8</ele></trkpt>
      <trkpt lat="49.281680" lon="19.840629"><ele>899.6</ele></trkpt>
      <trkpt lat="49.281699" lon="19.840632"><ele>899.6</ele></trkpt>
      <trkpt lat="49.281722" lon="19.840638"><ele>899.6</ele></trkpt>
      <trkpt lat="49.281738" lon="19.840661"><ele>899.4</ele></trkpt>
      <trkpt lat="49.281754" lon="19.840675"><ele>899.4</ele></trkpt>
      <trkpt lat="49.281770" lon="19.840702"><ele>899.4</ele></trkpt>
      <trkpt lat="49.281786" lon="19.840715"><ele>899.4</ele></trkpt>
      <trkpt lat="49.281808" lon="19.840728"><ele>899.4</ele></trkpt>
      <trkpt lat="49.281827" lon="19.840754"><ele>899.2</ele></trkpt>
      <trkpt lat="49.281840" lon="19.840786"><ele>899.2</ele></trkpt>
      <trkpt lat="49.281856" lon="19.840813"><ele>899.0</ele></trkpt>
      <trkpt lat="49.281856" lon="19.840851"><ele>899.0</ele></trkpt>
      <trkpt lat="49.281875" lon="19.840864"><ele>899.0</ele></trkpt>
      <trkpt lat="49.281901" lon="19.840877"><ele>898.8</ele></trkpt>
      <trkpt lat="49.281920" lon="19.840904"><ele>898.8</ele></trkpt>
      <trkpt lat="49.281949" lon="19.840914"><ele>898.6</ele></trkpt>
      <trkpt lat="49.281968" lon="19.840920"><ele>898.6</ele></trkpt>
      <trkpt lat="49.281984" lon="19.840942"><ele>898.6</ele></trkpt>
      <trkpt lat="49.282000" lon="19.840955"><ele>898.4</ele></trkpt>
      <trkpt lat="49.282029" lon="19.840970"><ele>898.4</ele></trkpt>
      <trkpt lat="49.282054" lon="19.840974"><ele>898.2</ele></trkpt>
      <trkpt lat="49.282077" lon="19.840984"><ele>898.2</ele></trkpt>
      <trkpt lat="49.282099" lon="19.841002"><ele>898.2</ele></trkpt>
      <trkpt lat="49.282125" lon="19.841030"><ele>898.0</ele></trkpt>
      <trkpt lat="49.282154" lon="19.841054"><ele>898.0</ele></trkpt>
      <trkpt lat="49.282176" lon="19.841070"><ele>898.0</ele></trkpt>
      <trkpt lat="49.282195" lon="19.841085"><ele>898.0</ele></trkpt>
      <trkpt lat="49.282218" lon="19.841107"><ele>898.0</ele></trkpt>
      <trkpt lat="49.282237" lon="19.841149"><ele>897.8</ele></trkpt>
      <trkpt lat="49.282253" lon="19.841178"><ele>897.8</ele></trkpt>
      <trkpt lat="49.282269" lon="19.841197"><ele>897.8</ele></trkpt>
      <trkpt lat="49.282278" lon="19.841222"><ele>897.8</ele></trkpt>
      <trkpt lat="49.282291" lon="19.841248"><ele>897.8</ele></trkpt>
      <trkpt lat="49.282307" lon="19.841270"><ele>897.8</ele></trkpt>
      <trkpt lat="49.282326" lon="19.841274"><ele>897.8</ele></trkpt>
      <trkpt lat="49.282346" lon="19.841299"><ele>897.6</ele></trkpt>
      <trkpt lat="49.282368" lon="19.841312"><ele>897.6</ele></trkpt>
      <trkpt lat="49.282394" lon="19.841320"><ele>897.6</ele></trkpt>
      <trkpt lat="49.282426" lon="19.841342"><ele>897.6</ele></trkpt>
      <trkpt lat="49.282451" lon="19.841386"><ele>897.6</ele></trkpt>
      <trkpt lat="49.282477" lon="19.841402"><ele>897.4</ele></trkpt>
      <trkpt lat="49.282493" lon="19.841419"><ele>897.4</ele></trkpt>
      <trkpt lat="49.282515" lon="19.841426"><ele>897.4</ele></trkpt>
      <trkpt lat="49.282534" lon="19.841438"><ele>897.4</ele></trkpt>
      <trkpt lat="49.282554" lon="19.841470"><ele>897.2</ele></trkpt>
      <trkpt lat="49.282576" lon="19.841491"><ele>897.2</ele></trkpt>
      <trkpt lat="49.282592" lon="19.841507"><ele>897.2</ele></trkpt>
      <trkpt lat="49.282611" lon="19.841525"><ele>897.2</ele></trkpt>
      <trkpt lat="49.282627" lon="19.841566"><ele>897.2</ele></trkpt>
      <trkpt lat="49.282643" lon="19.841606"><ele>897.2</ele></trkpt>
      <trkpt lat="49.282659" lon="19.841638"><ele>897.0</ele></trkpt>
      <trkpt lat="49.282682" lon="19.841667"><ele>896.8</ele></trkpt>
      <trkpt lat="49.282691" lon="19.841698"><ele>896.8</ele></trkpt>
      <trkpt lat="49.282714" lon="19.841723"><ele>896.8</ele></trkpt>
      <trkpt lat="49.282730" lon="19.841750"><ele>896.8</ele></trkpt>
      <trkpt lat="49.282746" lon="19.841779"><ele>896.8</ele></trkpt>
      <trkpt lat="49.282758" lon="19.841805"><ele>896.8</ele></trkpt>
      <trkpt lat="49.282771" lon="19.841834"><ele>896.8</ele></trkpt>
      <trkpt lat="49.282787" lon="19.841848"><ele>896.8</ele></trkpt>
      <trkpt lat="49.282800" lon="19.841875"><ele>896.8</ele></trkpt>
      <trkpt lat="49.282819" lon="19.841885"><ele>896.8</ele></trkpt>
      <trkpt lat="49.282832" lon="19.841907"><ele>896.6</ele></trkpt>
      <trkpt lat="49.282845" lon="19.841946"><ele>896.6</ele></trkpt>
      <trkpt lat="49.282854" lon="19.841971"><ele>896.6</ele></trkpt>
      <trkpt lat="49.282880" lon="19.841995"><ele>896.6</ele></trkpt>
      <trkpt lat="49.282893" lon="19.842029"><ele>896.6</ele></trkpt>
      <trkpt lat="49.282902" lon="19.842053"><ele>896.4</ele></trkpt>
      <trkpt lat="49.282922" lon="19.842064"><ele>896.2</ele></trkpt>
      <trkpt lat="49.282941" lon="19.842083"><ele>896.2</ele></trkpt>
      <trkpt lat="49.282960" lon="19.842107"><ele>896.0</ele></trkpt>
      <trkpt lat="49.282979" lon="19.842133"><ele>896.0</ele></trkpt>
      <trkpt lat="49.282992" lon="19.842165"><ele>896.0</ele></trkpt>
      <trkpt lat="49.283005" lon="19.842186"><ele>896.0</ele></trkpt>
      <trkpt lat="49.283027" lon="19.842210"><ele>895.8</ele></trkpt>
      <trkpt lat="49.283050" lon="19.842227"><ele>895.6</ele></trkpt>
      <trkpt lat="49.283082" lon="19.842250"><ele>895.6</ele></trkpt>
      <trkpt lat="49.283101" lon="19.842272"><ele>895.4</ele></trkpt>
      <trkpt lat="49.283120" lon="19.842309"><ele>895.4</ele></trkpt>
      <trkpt lat="49.283139" lon="19.842326"><ele>895.4</ele></trkpt>
      <trkpt lat="49.283158" lon="19.842341"><ele>895.4</ele></trkpt>
      <trkpt lat="49.283181" lon="19.842365"><ele>895.4</ele></trkpt>
      <trkpt lat="49.283206" lon="19.842392"><ele>895.2</ele></trkpt>
      <trkpt lat="49.283229" lon="19.842403"><ele>895.2</ele></trkpt>
      <trkpt lat="49.283251" lon="19.842410"><ele>895.2</ele></trkpt>
      <trkpt lat="49.283283" lon="19.842435"><ele>895.0</ele></trkpt>
      <trkpt lat="49.283306" lon="19.842454"><ele>895.0</ele></trkpt>
      <trkpt lat="49.283328" lon="19.842472"><ele>894.8</ele></trkpt>
      <trkpt lat="49.283347" lon="19.842485"><ele>894.8</ele></trkpt>
      <trkpt lat="49.283370" lon="19.842502"><ele>894.8</ele></trkpt>
      <trkpt lat="49.283398" lon="19.842541"><ele>894.8</ele></trkpt>
      <trkpt lat="49.283424" lon="19.842568"><ele>894.6</ele></trkpt>
      <trkpt lat="49.283446" lon="19.842594"><ele>894.4</ele></trkpt>
      <trkpt lat="49.283469" lon="19.842618"><ele>894.4</ele></trkpt>
      <trkpt lat="49.283498" lon="19.842640"><ele>894.2</ele></trkpt>
      <trkpt lat="49.283517" lon="19.842664"><ele>894.2</ele></trkpt>
      <trkpt lat="49.283549" lon="19.842688"><ele>894.2</ele></trkpt>
      <trkpt lat="49.283574" lon="19.842712"><ele>894.0</ele></trkpt>
      <trkpt lat="49.283600" lon="19.842749"><ele>893.8</ele></trkpt>
      <trkpt lat="49.283616" lon="19.842763"><ele>893.8</ele></trkpt>
      <trkpt lat="49.283645" lon="19.842789"><ele>893.8</ele></trkpt>
      <trkpt lat="49.283674" lon="19.842808"><ele>893.6</ele></trkpt>
      <trkpt lat="49.283699" lon="19.842838"><ele>893.4</ele></trkpt>
      <trkpt lat="49.283715" lon="19.842856"><ele>893.4</ele></trkpt>
      <trkpt lat="49.283734" lon="19.842872"><ele>893.4</ele></trkpt>
      <trkpt lat="49.283760" lon="19.842912"><ele>893.2</ele></trkpt>
      <trkpt lat="49.283763" lon="19.842950"><ele>893.0</ele></trkpt>
      <trkpt lat="49.283779" lon="19.842979"><ele>893.0</ele></trkpt>
      <trkpt lat="49.283792" lon="19.843011"><ele>893.0</ele></trkpt>
      <trkpt lat="49.283814" lon="19.843042"><ele>892.8</ele></trkpt>
      <trkpt lat="49.283840" lon="19.843074"><ele>892.8</ele></trkpt>
      <trkpt lat="49.283856" lon="19.843096"><ele>892.8</ele></trkpt>
      <trkpt lat="49.283872" lon="19.843109"><ele>892.6</ele></trkpt>
      <trkpt lat="49.283891" lon="19.843144"><ele>892.4</ele></trkpt>
      <trkpt lat="49.283931" lon="19.843201"><ele>892.4</ele></trkpt>
      <trkpt lat="49.283942" lon="19.843216"><ele>892.4</ele></trkpt>
      <trkpt lat="49.283965" lon="19.843250"><ele>892.4</ele></trkpt>
      <trkpt lat="49.283984" lon="19.843269"><ele>892.4</ele></trkpt>
      <trkpt lat="49.284010" lon="19.843298"><ele>892.4</ele></trkpt>
      <trkpt lat="49.284032" lon="19.843328"><ele>892.4</ele></trkpt>
      <trkpt lat="49.284051" lon="19.843349"><ele>892.2</ele></trkpt>
      <trkpt lat="49.284080" lon="19.843384"><ele>892.2</ele></trkpt>
      <trkpt lat="49.284109" lon="19.843402"><ele>892.0</ele></trkpt>
      <trkpt lat="49.284131" lon="19.843427"><ele>892.0</ele></trkpt>
      <trkpt lat="49.284150" lon="19.843448"><ele>891.8</ele></trkpt>
      <trkpt lat="49.284173" lon="19.843475"><ele>891.8</ele></trkpt>
      <trkpt lat="49.284195" lon="19.843501"><ele>891.8</ele></trkpt>
      <trkpt lat="49.284221" lon="19.843525"><ele>891.8</ele></trkpt>
      <trkpt lat="49.284237" lon="19.843544"><ele>891.6</ele></trkpt>
      <trkpt lat="49.284259" lon="19.843565"><ele>891.6</ele></trkpt>
      <trkpt lat="49.284288" lon="19.843597"><ele>891.6</ele></trkpt>
      <trkpt lat="49.284310" lon="19.843618"><ele>891.6</ele></trkpt>
      <trkpt lat="49.284330" lon="19.843642"><ele>891.6</ele></trkpt>
      <trkpt lat="49.284352" lon="19.843675"><ele>891.4</ele></trkpt>
      <trkpt lat="49.284378" lon="19.843706"><ele>891.4</ele></trkpt>
      <trkpt lat="49.284400" lon="19.843733"><ele>891.4</ele></trkpt>
      <trkpt lat="49.284422" lon="19.843762"><ele>891.2</ele></trkpt>
      <trkpt lat="49.284448" lon="19.843790"><ele>891.2</ele></trkpt>
      <trkpt lat="49.284470" lon="19.843819"><ele>891.2</ele></trkpt>
      <trkpt lat="49.284499" lon="19.843843"><ele>891.2</ele></trkpt>
      <trkpt lat="49.284515" lon="19.843859"><ele>891.2</ele></trkpt>
      <trkpt lat="49.284534" lon="19.843885"><ele>891.0</ele></trkpt>
      <trkpt lat="49.284560" lon="19.843920"><ele>891.0</ele></trkpt>
      <trkpt lat="49.284576" lon="19.843934"><ele>891.0</ele></trkpt>
      <trkpt lat="49.284602" lon="19.843958"><ele>890.8</ele></trkpt>
      <trkpt lat="49.284618" lon="19.843981"><ele>890.8</ele></trkpt>
      <trkpt lat="49.284640" lon="19.844011"><ele>890.8</ele></trkpt>
      <trkpt lat="49.284666" lon="19.844043"><ele>890.6</ele></trkpt>
      <trkpt lat="49.284678" lon="19.844064"><ele>890.6</ele></trkpt>
      <trkpt lat="49.284691" lon="19.844086"><ele>890.6</ele></trkpt>
      <trkpt lat="49.284717" lon="19.844120"><ele>890.6</ele></trkpt>
      <trkpt lat="49.284736" lon="19.844150"><ele>890.4</ele></trkpt>
      <trkpt lat="49.284758" lon="19.844179"><ele>890.4</ele></trkpt>
      <trkpt lat="49.284778" lon="19.844210"><ele>890.4</ele></trkpt>
      <trkpt lat="49.284806" lon="19.844238"><ele>890.4</ele></trkpt>
      <trkpt lat="49.284826" lon="19.844262"><ele>890.2</ele></trkpt>
      <trkpt lat="49.284848" lon="19.844291"><ele>890.2</ele></trkpt>
      <trkpt lat="49.284864" lon="19.844310"><ele>890.4</ele></trkpt>
      <trkpt lat="49.284880" lon="19.844341"><ele>890.4</ele></trkpt>
      <trkpt lat="49.284893" lon="19.844362"><ele>890.4</ele></trkpt>
      <trkpt lat="49.284909" lon="19.844395"><ele>890.2</ele></trkpt>
      <trkpt lat="49.284934" lon="19.844418"><ele>890.2</ele></trkpt>
      <trkpt lat="49.284963" lon="19.844437"><ele>890.2</ele></trkpt>
      <trkpt lat="49.284986" lon="19.844459"><ele>890.2</ele></trkpt>
      <trkpt lat="49.285011" lon="19.844486"><ele>890.2</ele></trkpt>
      <trkpt lat="49.285043" lon="19.844514"><ele>890.2</ele></trkpt>
      <trkpt lat="49.285072" lon="19.844549"><ele>890.0</ele></trkpt>
      <trkpt lat="49.285088" lon="19.844566"><ele>889.8</ele></trkpt>
      <trkpt lat="49.285107" lon="19.844594"><ele>889.6</ele></trkpt>
      <trkpt lat="49.285133" lon="19.844624"><ele>889.6</ele></trkpt>
      <trkpt lat="49.285155" lon="19.844654"><ele>889.4</ele></trkpt>
      <trkpt lat="49.285174" lon="19.844680"><ele>889.4</ele></trkpt>
      <trkpt lat="49.285206" lon="19.844699"><ele>889.2</ele></trkpt>
      <trkpt lat="49.285229" lon="19.844725"><ele>889.2</ele></trkpt>
      <trkpt lat="49.285245" lon="19.844742"><ele>889.2</ele></trkpt>
      <trkpt lat="49.285267" lon="19.844773"><ele>889.0</ele></trkpt>
      <trkpt lat="49.285293" lon="19.844798"><ele>889.0</ele></trkpt>
      <trkpt lat="49.285315" lon="19.844816"><ele>888.8</ele></trkpt>
      <trkpt lat="49.285331" lon="19.844835"><ele>888.8</ele></trkpt>
      <trkpt lat="49.285354" lon="19.844862"><ele>888.6</ele></trkpt>
      <trkpt lat="49.285370" lon="19.844878"><ele>888.6</ele></trkpt>
      <trkpt lat="49.285395" lon="19.844898"><ele>888.4</ele></trkpt>
      <trkpt lat="49.285424" lon="19.844920"><ele>888.4</ele></trkpt>
      <trkpt lat="49.285440" lon="19.844933"><ele>888.4</ele></trkpt>
      <trkpt lat="49.285459" lon="19.844954"><ele>888.2</ele></trkpt>
      <trkpt lat="49.285488" lon="19.844978"><ele>888.2</ele></trkpt>
      <trkpt lat="49.285504" lon="19.845002"><ele>888.0</ele></trkpt>
      <trkpt lat="49.285520" lon="19.845026"><ele>888.0</ele></trkpt>
      <trkpt lat="49.285533" lon="19.845053"><ele>887.8</ele></trkpt>
      <trkpt lat="49.285555" lon="19.845083"><ele>887.8</ele></trkpt>
      <trkpt lat="49.285571" lon="19.845096"><ele>887.6</ele></trkpt>
      <trkpt lat="49.285594" lon="19.845125"><ele>887.6</ele></trkpt>
      <trkpt lat="49.285613" lon="19.845160"><ele>887.6</ele></trkpt>
      <trkpt lat="49.285629" lon="19.845190"><ele>887.6</ele></trkpt>
      <trkpt lat="49.285651" lon="19.845226"><ele>887.6</ele></trkpt>
      <trkpt lat="49.285670" lon="19.845253"><ele>887.4</ele></trkpt>
      <trkpt lat="49.285690" lon="19.845275"><ele>887.4</ele></trkpt>
      <trkpt lat="49.285706" lon="19.845291"><ele>887.4</ele></trkpt>
      <trkpt lat="49.285722" lon="19.845304"><ele>887.4</ele></trkpt>
      <trkpt lat="49.285744" lon="19.845333"><ele>887.2</ele></trkpt>
      <trkpt lat="49.285770" lon="19.845358"><ele>887.2</ele></trkpt>
      <trkpt lat="49.285786" lon="19.845371"><ele>887.2</ele></trkpt>
      <trkpt lat="49.285808" lon="19.845397"><ele>887.2</ele></trkpt>
      <trkpt lat="49.285824" lon="19.845424"><ele>887.2</ele></trkpt>
      <trkpt lat="49.285846" lon="19.845458"><ele>887.2</ele></trkpt>
      <trkpt lat="49.285869" lon="19.845483"><ele>887.2</ele></trkpt>
      <trkpt lat="49.285885" lon="19.845499"><ele>887.2</ele></trkpt>
      <trkpt lat="49.285904" lon="19.845522"><ele>887.2</ele></trkpt>
      <trkpt lat="49.285923" lon="19.845541"><ele>887.2</ele></trkpt>
      <trkpt lat="49.285946" lon="19.845552"><ele>887.2</ele></trkpt>
      <trkpt lat="49.285978" lon="19.845568"><ele>887.0</ele></trkpt>
      <trkpt lat="49.285990" lon="19.845590"><ele>886.8</ele></trkpt>
      <trkpt lat="49.286010" lon="19.845616"><ele>886.8</ele></trkpt>
      <trkpt lat="49.286029" lon="19.845632"><ele>886.8</ele></trkpt>
      <trkpt lat="49.286045" lon="19.845648"><ele>886.6</ele></trkpt>
      <trkpt lat="49.286077" lon="19.845672"><ele>886.6</ele></trkpt>
      <trkpt lat="49.286099" lon="19.845699"><ele>886.6</ele></trkpt>
      <trkpt lat="49.286122" lon="19.845726"><ele>886.4</ele></trkpt>
      <trkpt lat="49.286141" lon="19.845750"><ele>886.4</ele></trkpt>
      <trkpt lat="49.286163" lon="19.845781"><ele>886.6</ele></trkpt>
      <trkpt lat="49.286179" lon="19.845806"><ele>886.4</ele></trkpt>
      <trkpt lat="49.286195" lon="19.845821"><ele>886.4</ele></trkpt>
      <trkpt lat="49.286218" lon="19.845846"><ele>886.4</ele></trkpt>
      <trkpt lat="49.286246" lon="19.845880"><ele>886.2</ele></trkpt>
      <trkpt lat="49.286269" lon="19.845904"><ele>886.2</ele></trkpt>
      <trkpt lat="49.286285" lon="19.845918"><ele>886.2</ele></trkpt>
      <trkpt lat="49.286307" lon="19.845946"><ele>886.2</ele></trkpt>
      <trkpt lat="49.286330" lon="19.845965"><ele>886.0</ele></trkpt>
      <trkpt lat="49.286355" lon="19.845987"><ele>886.0</ele></trkpt>
      <trkpt lat="49.286378" lon="19.846014"><ele>886.0</ele></trkpt>
      <trkpt lat="49.286400" lon="19.846040"><ele>886.0</ele></trkpt>
      <trkpt lat="49.286416" lon="19.846058"><ele>886.0</ele></trkpt>
      <trkpt lat="49.286438" lon="19.846088"><ele>885.8</ele></trkpt>
      <trkpt lat="49.286461" lon="19.846126"><ele>885.8</ele></trkpt>
      <trkpt lat="49.286483" lon="19.846157"><ele>885.8</ele></trkpt>
      <trkpt lat="49.286512" lon="19.846187"><ele>885.6</ele></trkpt>
      <trkpt lat="49.286534" lon="19.846213"><ele>885.6</ele></trkpt>
      <trkpt lat="49.286557" lon="19.846234"><ele>885.6</ele></trkpt>
      <trkpt lat="49.286573" lon="19.846246"><ele>885.6</ele></trkpt>
      <trkpt lat="49.286595" lon="19.846282"><ele>885.6</ele></trkpt>
      <trkpt lat="49.286614" lon="19.846314"><ele>885.4</ele></trkpt>
      <trkpt lat="49.286637" lon="19.846346"><ele>885.2</ele></trkpt>
      <trkpt lat="49.286659" lon="19.846376"><ele>885.2</ele></trkpt>
      <trkpt lat="49.286685" lon="19.846403"><ele>885.0</ele></trkpt>
      <trkpt lat="49.286714" lon="19.846430"><ele>885.0</ele></trkpt>
      <trkpt lat="49.286742" lon="19.846456"><ele>885.0</ele></trkpt>
      <trkpt lat="49.286765" lon="19.846480"><ele>884.8</ele></trkpt>
      <trkpt lat="49.286790" lon="19.846506"><ele>884.8</ele></trkpt>
      <trkpt lat="49.286816" lon="19.846525"><ele>884.8</ele></trkpt>
      <trkpt lat="49.286842" lon="19.846539"><ele>884.6</ele></trkpt>
      <trkpt lat="49.286874" lon="19.846563"><ele>884.6</ele></trkpt>
      <trkpt lat="49.286899" lon="19.846592"><ele>884.6</ele></trkpt>
      <trkpt lat="49.286915" lon="19.846605"><ele>884.6</ele></trkpt>
      <trkpt lat="49.286931" lon="19.846619"><ele>884.4</ele></trkpt>
      <trkpt lat="49.286954" lon="19.846650"><ele>884.4</ele></trkpt>
      <trkpt lat="49.286976" lon="19.846675"><ele>884.2</ele></trkpt>
      <trkpt lat="49.286998" lon="19.846710"><ele>884.2</ele></trkpt>
      <trkpt lat="49.287021" lon="19.846739"><ele>884.2</ele></trkpt>
      <trkpt lat="49.287040" lon="19.846758"><ele>884.2</ele></trkpt>
      <trkpt lat="49.287056" lon="19.846774"><ele>884.2</ele></trkpt>
      <trkpt lat="49.287075" lon="19.846803"><ele>884.0</ele></trkpt>
      <trkpt lat="49.287101" lon="19.846830"><ele>884.0</ele></trkpt>
      <trkpt lat="49.287123" lon="19.846858"><ele>883.8</ele></trkpt>
      <trkpt lat="49.287149" lon="19.846882"><ele>883.8</ele></trkpt>
      <trkpt lat="49.287168" lon="19.846904"><ele>883.8</ele></trkpt>
      <trkpt lat="49.287190" lon="19.846930"><ele>883.6</ele></trkpt>
      <trkpt lat="49.287210" lon="19.846958"><ele>883.4</ele></trkpt>
      <trkpt lat="49.287232" lon="19.846982"><ele>883.4</ele></trkpt>
      <trkpt lat="49.287254" lon="19.847000"><ele>883.4</ele></trkpt>
      <trkpt lat="49.287274" lon="19.847021"><ele>883.2</ele></trkpt>
      <trkpt lat="49.287293" lon="19.847046"><ele>883.0</ele></trkpt>
      <trkpt lat="49.287315" lon="19.847069"><ele>883.0</ele></trkpt>
      <trkpt lat="49.287331" lon="19.847082"><ele>883.0</ele></trkpt>
      <trkpt lat="49.287357" lon="19.847106"><ele>882.8</ele></trkpt>
      <trkpt lat="49.287379" lon="19.847138"><ele>882.8</ele></trkpt>
      <trkpt lat="49.287395" lon="19.847166"><ele>882.6</ele></trkpt>
      <trkpt lat="49.287414" lon="19.847190"><ele>882.6</ele></trkpt>
      <trkpt lat="49.287446" lon="19.847214"><ele>882.6</ele></trkpt>
      <trkpt lat="49.287466" lon="19.847242"><ele>882.4</ele></trkpt>
      <trkpt lat="49.287485" lon="19.847283"><ele>882.2</ele></trkpt>
      <trkpt lat="49.287501" lon="19.847314"><ele>882.0</ele></trkpt>
      <trkpt lat="49.287520" lon="19.847341"><ele>882.0</ele></trkpt>
      <trkpt lat="49.287546" lon="19.847354"><ele>882.0</ele></trkpt>
      <trkpt lat="49.287568" lon="19.847376"><ele>882.0</ele></trkpt>
      <trkpt lat="49.287590" lon="19.847400"><ele>882.0</ele></trkpt>
      <trkpt lat="49.287606" lon="19.847414"><ele>882.0</ele></trkpt>
      <trkpt lat="49.287629" lon="19.847438"><ele>882.0</ele></trkpt>
      <trkpt lat="49.287645" lon="19.847454"><ele>881.8</ele></trkpt>
      <trkpt lat="49.287670" lon="19.847486"><ele>881.8</ele></trkpt>
      <trkpt lat="49.287696" lon="19.847515"><ele>881.8</ele></trkpt>
      <trkpt lat="49.287715" lon="19.847536"><ele>881.6</ele></trkpt>
      <trkpt lat="49.287731" lon="19.847563"><ele>881.4</ele></trkpt>
      <trkpt lat="49.287763" lon="19.847582"><ele>881.4</ele></trkpt>
      <trkpt lat="49.287792" lon="19.847608"><ele>881.4</ele></trkpt>
      <trkpt lat="49.287811" lon="19.847634"><ele>881.4</ele></trkpt>
      <trkpt lat="49.287824" lon="19.847656"><ele>881.2</ele></trkpt>
      <trkpt lat="49.287846" lon="19.847686"><ele>881.2</ele></trkpt>
      <trkpt lat="49.287869" lon="19.847706"><ele>881.2</ele></trkpt>
      <trkpt lat="49.287894" lon="19.847731"><ele>881.0</ele></trkpt>
      <trkpt lat="49.287910" lon="19.847762"><ele>881.0</ele></trkpt>
      <trkpt lat="49.287933" lon="19.847794"><ele>881.0</ele></trkpt>
      <trkpt lat="49.287962" lon="19.847814"><ele>880.8</ele></trkpt>
      <trkpt lat="49.287984" lon="19.847837"><ele>880.8</ele></trkpt>
      <trkpt lat="49.288010" lon="19.847861"><ele>880.8</ele></trkpt>
      <trkpt lat="49.288032" lon="19.847883"><ele>880.6</ele></trkpt>
      <trkpt lat="49.288048" lon="19.847896"><ele>880.6</ele></trkpt>
      <trkpt lat="49.288067" lon="19.847920"><ele>880.4</ele></trkpt>
      <trkpt lat="49.288093" lon="19.847955"><ele>880.4</ele></trkpt>
      <trkpt lat="49.288112" lon="19.847994"><ele>880.4</ele></trkpt>
      <trkpt lat="49.288115" lon="19.848040"><ele>880.2</ele></trkpt>
      <trkpt lat="49.288109" lon="19.848083"><ele>880.2</ele></trkpt>
      <trkpt lat="49.288096" lon="19.848123"><ele>880.2</ele></trkpt>
      <trkpt lat="49.288083" lon="19.848168"><ele>880.4</ele></trkpt>
      <trkpt lat="49.288067" lon="19.848203"><ele>880.2</ele></trkpt>
      <trkpt lat="49.288045" lon="19.848240"><ele>880.0</ele></trkpt>
      <trkpt lat="49.288032" lon="19.848261"><ele>880.0</ele></trkpt>
      <trkpt lat="49.288010" lon="19.848299"><ele>879.8</ele></trkpt>
      <trkpt lat="49.287970" lon="19.848340"><ele>879.8</ele></trkpt>
      <trkpt lat="49.287936" lon="19.848371"><ele>879.8</ele></trkpt>
      <trkpt lat="49.287917" lon="19.848386"><ele>879.8</ele></trkpt>
      <trkpt lat="49.287917" lon="19.848386"><ele>879.0</ele></trkpt>
    </trkseg>
  </trk>
</gpx>
