<?xml version="1.0" encoding="UTF-8"?>
<gpx version="1.1" creator="MultiTrail"
     xmlns="http://www.topografix.com/GPX/1/1">
  <trk>
    <name>Baranec - Žiarska chata</name>
    <trkseg>
      <trkpt lat="49.144627" lon="19.700058"><ele>897.2</ele></trkpt>
      <trkpt lat="49.144645" lon="19.700077"><ele>897.2</ele></trkpt>
      <trkpt lat="49.144662" lon="19.700097"><ele>897.2</ele></trkpt>
      <trkpt lat="49.144680" lon="19.700116"><ele>897.2</ele></trkpt>
      <trkpt lat="49.144698" lon="19.700136"><ele>897.2</ele></trkpt>
      <trkpt lat="49.144715" lon="19.700155"><ele>897.2</ele></trkpt>
      <trkpt lat="49.144726" lon="19.700168"><ele>897.2</ele></trkpt>
      <trkpt lat="49.144749" lon="19.700202"><ele>897.4</ele></trkpt>
      <trkpt lat="49.144762" lon="19.700227"><ele>897.6</ele></trkpt>
      <trkpt lat="49.144781" lon="19.700248"><ele>897.8</ele></trkpt>
      <trkpt lat="49.144803" lon="19.700266"><ele>897.8</ele></trkpt>
      <trkpt lat="49.144816" lon="19.700293"><ele>898.0</ele></trkpt>
      <trkpt lat="49.144832" lon="19.700317"><ele>898.0</ele></trkpt>
      <trkpt lat="49.144851" lon="19.700344"><ele>898.0</ele></trkpt>
      <trkpt lat="49.144867" lon="19.700371"><ele>898.2</ele></trkpt>
      <trkpt lat="49.144883" lon="19.700392"><ele>898.2</ele></trkpt>
      <trkpt lat="49.144902" lon="19.700414"><ele>898.4</ele></trkpt>
      <trkpt lat="49.144915" lon="19.700443"><ele>898.4</ele></trkpt>
      <trkpt lat="49.144934" lon="19.700475"><ele>898.4</ele></trkpt>
      <trkpt lat="49.144947" lon="19.700504"><ele>898.4</ele></trkpt>
      <trkpt lat="49.144960" lon="19.700539"><ele>898.4</ele></trkpt>
      <trkpt lat="49.144966" lon="19.700576"><ele>898.6</ele></trkpt>
      <trkpt lat="49.144973" lon="19.700621"><ele>898.8</ele></trkpt>
      <trkpt lat="49.144976" lon="19.700664"><ele>899.0</ele></trkpt>
      <trkpt lat="49.144976" lon="19.700710"><ele>899.4</ele></trkpt>
      <trkpt lat="49.144966" lon="19.700750"><ele>899.6</ele></trkpt>
      <trkpt lat="49.144960" lon="19.700781"><ele>899.8</ele></trkpt>
      <trkpt lat="49.144944" lon="19.700800"><ele>900.0</ele></trkpt>
      <trkpt lat="49.144925" lon="19.700811"><ele>900.4</ele></trkpt>
      <trkpt lat="49.144896" lon="19.700821"><ele>900.8</ele></trkpt>
      <trkpt lat="49.144870" lon="19.700830"><ele>901.2</ele></trkpt>
      <trkpt lat="49.144851" lon="19.700832"><ele>901.4</ele></trkpt>
      <trkpt lat="49.144832" lon="19.700832"><ele>901.6</ele></trkpt>
      <trkpt lat="49.144813" lon="19.700821"><ele>901.8</ele></trkpt>
      <trkpt lat="49.144781" lon="19.700811"><ele>902.4</ele></trkpt>
      <trkpt lat="49.144742" lon="19.700802"><ele>902.6</ele></trkpt>
      <trkpt lat="49.144717" lon="19.700789"><ele>902.8</ele></trkpt>
      <trkpt lat="49.144694" lon="19.700781"><ele>903.0</ele></trkpt>
      <trkpt lat="49.144672" lon="19.700773"><ele>903.2</ele></trkpt>
      <trkpt lat="49.144653" lon="19.700766"><ele>903.2</ele></trkpt>
      <trkpt lat="49.144611" lon="19.700757"><ele>903.6</ele></trkpt>
      <trkpt lat="49.144586" lon="19.700754"><ele>903.8</ele></trkpt>
      <trkpt lat="49.144554" lon="19.700744"><ele>904.0</ele></trkpt>
      <trkpt lat="49.144528" lon="19.700731"><ele>904.2</ele></trkpt>
      <trkpt lat="49.144493" lon="19.700710"><ele>904.2</ele></trkpt>
      <trkpt lat="49.144464" lon="19.700698"><ele>904.4</ele></trkpt>
      <trkpt lat="49.144435" lon="19.700691"><ele>904.6</ele></trkpt>
      <trkpt lat="49.144416" lon="19.700704"><ele>905.0</ele></trkpt>
      <trkpt lat="49.144397" lon="19.700701"><ele>905.2</ele></trkpt>
      <trkpt lat="49.144365" lon="19.700688"><ele>905.6</ele></trkpt>
      <trkpt lat="49.144326" lon="19.700672"><ele>905.8</ele></trkpt>
      <trkpt lat="49.144291" lon="19.700651"><ele>906.2</ele></trkpt>
      <trkpt lat="49.144256" lon="19.700635"><ele>906.4</ele></trkpt>
      <trkpt lat="49.144230" lon="19.700629"><ele>906.8</ele></trkpt>
      <trkpt lat="49.144211" lon="19.700621"><ele>907.0</ele></trkpt>
      <trkpt lat="49.144192" lon="19.700622"><ele>907.2</ele></trkpt>
      <trkpt lat="49.144157" lon="19.700629"><ele>907.8</ele></trkpt>
      <trkpt lat="49.144134" lon="19.700621"><ele>908.0</ele></trkpt>
      <trkpt lat="49.144118" lon="19.700605"><ele>908.2</ele></trkpt>
      <trkpt lat="49.144099" lon="19.700582"><ele>908.4</ele></trkpt>
      <trkpt lat="49.144080" lon="19.700542"><ele>908.6</ele></trkpt>
      <trkpt lat="49.144061" lon="19.700515"><ele>908.8</ele></trkpt>
      <trkpt lat="49.144042" lon="19.700504"><ele>909.2</ele></trkpt>
      <trkpt lat="49.144022" lon="19.700491"><ele>909.4</ele></trkpt>
      <trkpt lat="49.143966" lon="19.700491"><ele>909.8</ele></trkpt>
      <trkpt lat="49.143923" lon="19.700475"><ele>910.2</ele></trkpt>
      <trkpt lat="49.143898" lon="19.700464"><ele>910.6</ele></trkpt>
      <trkpt lat="49.143875" lon="19.700446"><ele>910.8</ele></trkpt>
      <trkpt lat="49.143856" lon="19.700437"><ele>911.0</ele></trkpt>
      <trkpt lat="49.143834" lon="19.700430"><ele>911.2</ele></trkpt>
      <trkpt lat="49.143808" lon="19.700421"><ele>911.4</ele></trkpt>
      <trkpt lat="49.143779" lon="19.700414"><ele>911.8</ele></trkpt>
      <trkpt lat="49.143757" lon="19.700421"><ele>912.0</ele></trkpt>
      <trkpt lat="49.143734" lon="19.700421"><ele>912.2</ele></trkpt>
      <trkpt lat="49.143709" lon="19.700424"><ele>912.4</ele></trkpt>
      <trkpt lat="49.143690" lon="19.700424"><ele>912.6</ele></trkpt>
      <trkpt lat="49.143661" lon="19.700440"><ele>913.0</ele></trkpt>
      <trkpt lat="49.143635" lon="19.700478"><ele>913.4</ele></trkpt>
      <trkpt lat="49.143619" lon="19.700501"><ele>913.4</ele></trkpt>
      <trkpt lat="49.143603" lon="19.700515"><ele>913.6</ele></trkpt>
      <trkpt lat="49.143581" lon="19.700550"><ele>914.0</ele></trkpt>
      <trkpt lat="49.143565" lon="19.700570"><ele>914.2</ele></trkpt>
      <trkpt lat="49.143552" lon="19.700605"><ele>914.6</ele></trkpt>
      <trkpt lat="49.143539" lon="19.700626"><ele>914.8</ele></trkpt>
      <trkpt lat="49.143520" lon="19.700651"><ele>915.2</ele></trkpt>
      <trkpt lat="49.143498" lon="19.700685"><ele>915.4</ele></trkpt>
      <trkpt lat="49.143475" lon="19.700714"><ele>915.6</ele></trkpt>
      <trkpt lat="49.143459" lon="19.700741"><ele>915.8</ele></trkpt>
      <trkpt lat="49.143443" lon="19.700766"><ele>916.0</ele></trkpt>
      <trkpt lat="49.143424" lon="19.700800"><ele>916.4</ele></trkpt>
      <trkpt lat="49.143405" lon="19.700813"><ele>916.8</ele></trkpt>
      <trkpt lat="49.143424" lon="19.700798"><ele>916.6</ele></trkpt>
      <trkpt lat="49.143440" lon="19.700813"><ele>916.6</ele></trkpt>
      <trkpt lat="49.143459" lon="19.700829"><ele>916.8</ele></trkpt>
      <trkpt lat="49.143482" lon="19.700850"><ele>916.8</ele></trkpt>
      <trkpt lat="49.143504" lon="19.700878"><ele>917.2</ele></trkpt>
      <trkpt lat="49.143514" lon="19.700906"><ele>917.4</ele></trkpt>
      <trkpt lat="49.143514" lon="19.700938"><ele>917.6</ele></trkpt>
      <trkpt lat="49.143504" lon="19.700976"><ele>918.2</ele></trkpt>
      <trkpt lat="49.143485" lon="19.700995"><ele>918.8</ele></trkpt>
      <trkpt lat="49.143472" lon="19.701027"><ele>919.2</ele></trkpt>
      <trkpt lat="49.143456" lon="19.701058"><ele>919.8</ele></trkpt>
      <trkpt lat="49.143440" lon="19.701082"><ele>920.2</ele></trkpt>
      <trkpt lat="49.143434" lon="19.701110"><ele>921.0</ele></trkpt>
      <trkpt lat="49.143424" lon="19.701157"><ele>921.4</ele></trkpt>
      <trkpt lat="49.143414" lon="19.701189"><ele>921.8</ele></trkpt>
      <trkpt lat="49.143411" lon="19.701218"><ele>922.4</ele></trkpt>
      <trkpt lat="49.143395" lon="19.701245"><ele>923.0</ele></trkpt>
      <trkpt lat="49.143382" lon="19.701269"><ele>923.4</ele></trkpt>
      <trkpt lat="49.143363" lon="19.701296"><ele>923.8</ele></trkpt>
      <trkpt lat="49.143357" lon="19.701336"><ele>924.6</ele></trkpt>
      <trkpt lat="49.143347" lon="19.701366"><ele>925.0</ele></trkpt>
      <trkpt lat="49.143344" lon="19.701403"><ele>925.6</ele></trkpt>
      <trkpt lat="49.143331" lon="19.701435"><ele>926.0</ele></trkpt>
      <trkpt lat="49.143315" lon="19.701466"><ele>926.4</ele></trkpt>
      <trkpt lat="49.143299" lon="19.701504"><ele>927.0</ele></trkpt>
      <trkpt lat="49.143283" lon="19.701544"><ele>927.4</ele></trkpt>
      <trkpt lat="49.143280" lon="19.701573"><ele>927.8</ele></trkpt>
      <trkpt lat="49.143280" lon="19.701613"><ele>928.2</ele></trkpt>
      <trkpt lat="49.143280" lon="19.701653"><ele>928.6</ele></trkpt>
      <trkpt lat="49.143283" lon="19.701701"><ele>929.0</ele></trkpt>
      <trkpt lat="49.143283" lon="19.701744"><ele>929.6</ele></trkpt>
      <trkpt lat="49.143280" lon="19.701779"><ele>929.8</ele></trkpt>
      <trkpt lat="49.143267" lon="19.701805"><ele>930.4</ele></trkpt>
      <trkpt lat="49.143277" lon="19.701840"><ele>931.0</ele></trkpt>
      <trkpt lat="49.143283" lon="19.701869"><ele>931.6</ele></trkpt>
      <trkpt lat="49.143286" lon="19.701901"><ele>932.0</ele></trkpt>
      <trkpt lat="49.143283" lon="19.701934"><ele>932.4</ele></trkpt>
      <trkpt lat="49.143280" lon="19.701970"><ele>933.0</ele></trkpt>
      <trkpt lat="49.143280" lon="19.701998"><ele>933.4</ele></trkpt>
      <trkpt lat="49.143274" lon="19.702048"><ele>934.0</ele></trkpt>
      <trkpt lat="49.143267" lon="19.702080"><ele>934.4</ele></trkpt>
      <trkpt lat="49.143264" lon="19.702109"><ele>934.8</ele></trkpt>
      <trkpt lat="49.143261" lon="19.702147"><ele>935.2</ele></trkpt>
      <trkpt lat="49.143258" lon="19.702182"><ele>935.6</ele></trkpt>
      <trkpt lat="49.143254" lon="19.702221"><ele>936.0</ele></trkpt>
      <trkpt lat="49.143254" lon="19.702256"><ele>936.2</ele></trkpt>
      <trkpt lat="49.143248" lon="19.702296"><ele>936.8</ele></trkpt>
      <trkpt lat="49.143254" lon="19.702328"><ele>937.4</ele></trkpt>
      <trkpt lat="49.143258" lon="19.702366"><ele>938.0</ele></trkpt>
      <trkpt lat="49.143264" lon="19.702397"><ele>938.4</ele></trkpt>
      <trkpt lat="49.143264" lon="19.702429"><ele>939.0</ele></trkpt>
      <trkpt lat="49.143264" lon="19.702461"><ele>939.4</ele></trkpt>
      <trkpt lat="49.143274" lon="19.702496"><ele>939.8</ele></trkpt>
      <trkpt lat="49.143280" lon="19.702536"><ele>940.6</ele></trkpt>
      <trkpt lat="49.143283" lon="19.702566"><ele>941.2</ele></trkpt>
      <trkpt lat="49.143286" lon="19.702602"><ele>941.6</ele></trkpt>
      <trkpt lat="49.143280" lon="19.702638"><ele>942.2</ele></trkpt>
      <trkpt lat="49.143277" lon="19.702674"><ele>942.6</ele></trkpt>
      <trkpt lat="49.143277" lon="19.702717"><ele>943.0</ele></trkpt>
      <trkpt lat="49.143280" lon="19.702754"><ele>943.2</ele></trkpt>
      <trkpt lat="49.143277" lon="19.702789"><ele>943.6</ele></trkpt>
      <trkpt lat="49.143267" lon="19.702822"><ele>944.0</ele></trkpt>
      <trkpt lat="49.143258" lon="19.702858"><ele>944.4</ele></trkpt>
      <trkpt lat="49.143254" lon="19.702886"><ele>944.8</ele></trkpt>
      <trkpt lat="49.143254" lon="19.702918"><ele>945.0</ele></trkpt>
      <trkpt lat="49.143267" lon="19.702957"><ele>945.6</ele></trkpt>
      <trkpt lat="49.143261" lon="19.702986"><ele>946.0</ele></trkpt>
      <trkpt lat="49.143261" lon="19.703027"><ele>946.4</ele></trkpt>
      <trkpt lat="49.143261" lon="19.703066"><ele>946.8</ele></trkpt>
      <trkpt lat="49.143258" lon="19.703098"><ele>947.2</ele></trkpt>
      <trkpt lat="49.143258" lon="19.703133"><ele>947.6</ele></trkpt>
      <trkpt lat="49.143261" lon="19.703162"><ele>948.0</ele></trkpt>
      <trkpt lat="49.143264" lon="19.703194"><ele>948.2</ele></trkpt>
      <trkpt lat="49.143274" lon="19.703224"><ele>948.6</ele></trkpt>
      <trkpt lat="49.143277" lon="19.703251"><ele>949.0</ele></trkpt>
      <trkpt lat="49.143283" lon="19.703290"><ele>949.4</ele></trkpt>
      <trkpt lat="49.143293" lon="19.703326"><ele>949.8</ele></trkpt>
      <trkpt lat="49.143296" lon="19.703362"><ele>950.2</ele></trkpt>
      <trkpt lat="49.143293" lon="19.703392"><ele>950.6</ele></trkpt>
      <trkpt lat="49.143296" lon="19.703422"><ele>951.0</ele></trkpt>
      <trkpt lat="49.143302" lon="19.703458"><ele>951.4</ele></trkpt>
      <trkpt lat="49.143312" lon="19.703485"><ele>951.6</ele></trkpt>
      <trkpt lat="49.143325" lon="19.703510"><ele>951.8</ele></trkpt>
      <trkpt lat="49.143334" lon="19.703539"><ele>952.2</ele></trkpt>
      <trkpt lat="49.143334" lon="19.703573"><ele>952.6</ele></trkpt>
      <trkpt lat="49.143334" lon="19.703602"><ele>953.0</ele></trkpt>
      <trkpt lat="49.143334" lon="19.703630"><ele>953.6</ele></trkpt>
      <trkpt lat="49.143338" lon="19.703658"><ele>954.0</ele></trkpt>
      <trkpt lat="49.143344" lon="19.703691"><ele>954.4</ele></trkpt>
      <trkpt lat="49.143347" lon="19.703720"><ele>954.8</ele></trkpt>
      <trkpt lat="49.143354" lon="19.703763"><ele>955.4</ele></trkpt>
      <trkpt lat="49.143347" lon="19.703805"><ele>955.6</ele></trkpt>
      <trkpt lat="49.143354" lon="19.703842"><ele>956.0</ele></trkpt>
      <trkpt lat="49.143357" lon="19.703875"><ele>956.6</ele></trkpt>
      <trkpt lat="49.143357" lon="19.703910"><ele>957.0</ele></trkpt>
      <trkpt lat="49.143357" lon="19.703949"><ele>957.4</ele></trkpt>
      <trkpt lat="49.143363" lon="19.703986"><ele>957.8</ele></trkpt>
      <trkpt lat="49.143373" lon="19.704026"><ele>958.0</ele></trkpt>
      <trkpt lat="49.143373" lon="19.704054"><ele>958.4</ele></trkpt>
      <trkpt lat="49.143373" lon="19.704085"><ele>958.8</ele></trkpt>
      <trkpt lat="49.143373" lon="19.704120"><ele>959.2</ele></trkpt>
      <trkpt lat="49.143376" lon="19.704149"><ele>959.4</ele></trkpt>
      <trkpt lat="49.143379" lon="19.704184"><ele>959.8</ele></trkpt>
      <trkpt lat="49.143382" lon="19.704219"><ele>960.2</ele></trkpt>
      <trkpt lat="49.143382" lon="19.704262"><ele>960.8</ele></trkpt>
      <trkpt lat="49.143386" lon="19.704290"><ele>961.2</ele></trkpt>
      <trkpt lat="49.143395" lon="19.704322"><ele>961.6</ele></trkpt>
      <trkpt lat="49.143392" lon="19.704349"><ele>962.2</ele></trkpt>
      <trkpt lat="49.143398" lon="19.704387"><ele>962.8</ele></trkpt>
      <trkpt lat="49.143402" lon="19.704426"><ele>963.8</ele></trkpt>
      <trkpt lat="49.143418" lon="19.704448"><ele>964.4</ele></trkpt>
      <trkpt lat="49.143418" lon="19.704486"><ele>965.2</ele></trkpt>
      <trkpt lat="49.143421" lon="19.704530"><ele>965.6</ele></trkpt>
      <trkpt lat="49.143424" lon="19.704578"><ele>966.2</ele></trkpt>
      <trkpt lat="49.143424" lon="19.704606"><ele>966.4</ele></trkpt>
      <trkpt lat="49.143430" lon="19.704635"><ele>967.0</ele></trkpt>
      <trkpt lat="49.143434" lon="19.704664"><ele>967.4</ele></trkpt>
      <trkpt lat="49.143434" lon="19.704704"><ele>967.8</ele></trkpt>
      <trkpt lat="49.143440" lon="19.704734"><ele>968.2</ele></trkpt>
      <trkpt lat="49.143440" lon="19.704765"><ele>968.4</ele></trkpt>
      <trkpt lat="49.143440" lon="19.704795"><ele>968.8</ele></trkpt>
      <trkpt lat="49.143453" lon="19.704822"><ele>969.2</ele></trkpt>
      <trkpt lat="49.143446" lon="19.704854"><ele>969.4</ele></trkpt>
      <trkpt lat="49.143440" lon="19.704888"><ele>969.6</ele></trkpt>
      <trkpt lat="49.143453" lon="19.704925"><ele>970.0</ele></trkpt>
      <trkpt lat="49.143459" lon="19.704957"><ele>970.4</ele></trkpt>
      <trkpt lat="49.143462" lon="19.704984"><ele>970.8</ele></trkpt>
      <trkpt lat="49.143462" lon="19.705019"><ele>971.2</ele></trkpt>
      <trkpt lat="49.143462" lon="19.705053"><ele>971.6</ele></trkpt>
      <trkpt lat="49.143459" lon="19.705086"><ele>972.0</ele></trkpt>
      <trkpt lat="49.143453" lon="19.705118"><ele>972.4</ele></trkpt>
      <trkpt lat="49.143446" lon="19.705152"><ele>972.6</ele></trkpt>
      <trkpt lat="49.143446" lon="19.705181"><ele>972.8</ele></trkpt>
      <trkpt lat="49.143446" lon="19.705211"><ele>973.2</ele></trkpt>
      <trkpt lat="49.143443" lon="19.705251"><ele>973.6</ele></trkpt>
      <trkpt lat="49.143437" lon="19.705288"><ele>974.0</ele></trkpt>
      <trkpt lat="49.143440" lon="19.705320"><ele>974.2</ele></trkpt>
      <trkpt lat="49.143434" lon="19.705355"><ele>974.8</ele></trkpt>
      <trkpt lat="49.143437" lon="19.705384"><ele>975.2</ele></trkpt>
      <trkpt lat="49.143443" lon="19.705418"><ele>975.8</ele></trkpt>
      <trkpt lat="49.143440" lon="19.705456"><ele>976.4</ele></trkpt>
      <trkpt lat="49.143443" lon="19.705486"><ele>976.6</ele></trkpt>
      <trkpt lat="49.143453" lon="19.705514"><ele>976.6</ele></trkpt>
      <trkpt lat="49.143453" lon="19.705555"><ele>977.0</ele></trkpt>
      <trkpt lat="49.143453" lon="19.705595"><ele>977.4</ele></trkpt>
      <trkpt lat="49.143456" lon="19.705632"><ele>977.8</ele></trkpt>
      <trkpt lat="49.143462" lon="19.705664"><ele>978.0</ele></trkpt>
      <trkpt lat="49.143472" lon="19.705696"><ele>978.8</ele></trkpt>
      <trkpt lat="49.143475" lon="19.705726"><ele>979.2</ele></trkpt>
      <trkpt lat="49.143485" lon="19.705762"><ele>979.8</ele></trkpt>
      <trkpt lat="49.143494" lon="19.705794"><ele>980.2</ele></trkpt>
      <trkpt lat="49.143501" lon="19.705821"><ele>980.6</ele></trkpt>
      <trkpt lat="49.143510" lon="19.705851"><ele>981.0</ele></trkpt>
      <trkpt lat="49.143520" lon="19.705883"><ele>981.6</ele></trkpt>
      <trkpt lat="49.143533" lon="19.705917"><ele>982.2</ele></trkpt>
      <trkpt lat="49.143539" lon="19.705952"><ele>982.8</ele></trkpt>
      <trkpt lat="49.143536" lon="19.705984"><ele>983.2</ele></trkpt>
      <trkpt lat="49.143533" lon="19.706011"><ele>983.6</ele></trkpt>
      <trkpt lat="49.143536" lon="19.706051"><ele>984.4</ele></trkpt>
      <trkpt lat="49.143542" lon="19.706083"><ele>984.8</ele></trkpt>
      <trkpt lat="49.143546" lon="19.706115"><ele>985.4</ele></trkpt>
      <trkpt lat="49.143542" lon="19.706144"><ele>985.8</ele></trkpt>
      <trkpt lat="49.143536" lon="19.706182"><ele>986.0</ele></trkpt>
      <trkpt lat="49.143533" lon="19.706211"><ele>986.2</ele></trkpt>
      <trkpt lat="49.143523" lon="19.706250"><ele>986.6</ele></trkpt>
      <trkpt lat="49.143514" lon="19.706285"><ele>986.8</ele></trkpt>
      <trkpt lat="49.143504" lon="19.706312"><ele>987.0</ele></trkpt>
      <trkpt lat="49.143501" lon="19.706342"><ele>987.4</ele></trkpt>
      <trkpt lat="49.143494" lon="19.706381"><ele>987.6</ele></trkpt>
      <trkpt lat="49.143501" lon="19.706418"><ele>988.0</ele></trkpt>
      <trkpt lat="49.143501" lon="19.706448"><ele>988.2</ele></trkpt>
      <trkpt lat="49.143501" lon="19.706480"><ele>988.4</ele></trkpt>
      <trkpt lat="49.143501" lon="19.706517"><ele>988.6</ele></trkpt>
      <trkpt lat="49.143498" lon="19.706552"><ele>988.8</ele></trkpt>
      <trkpt lat="49.143494" lon="19.706597"><ele>989.2</ele></trkpt>
      <trkpt lat="49.143498" lon="19.706626"><ele>989.6</ele></trkpt>
      <trkpt lat="49.143498" lon="19.706656"><ele>989.8</ele></trkpt>
      <trkpt lat="49.143498" lon="19.706690"><ele>990.4</ele></trkpt>
      <trkpt lat="49.143501" lon="19.706720"><ele>990.8</ele></trkpt>
      <trkpt lat="49.143504" lon="19.706749"><ele>991.4</ele></trkpt>
      <trkpt lat="49.143510" lon="19.706789"><ele>991.8</ele></trkpt>
      <trkpt lat="49.143504" lon="19.706829"><ele>992.2</ele></trkpt>
      <trkpt lat="49.143501" lon="19.706856"><ele>992.6</ele></trkpt>
      <trkpt lat="49.143494" lon="19.706885"><ele>992.8</ele></trkpt>
      <trkpt lat="49.143485" lon="19.706926"><ele>993.0</ele></trkpt>
      <trkpt lat="49.143478" lon="19.706963"><ele>993.2</ele></trkpt>
      <trkpt lat="49.143478" lon="19.707000"><ele>993.2</ele></trkpt>
      <trkpt lat="49.143485" lon="19.707040"><ele>993.4</ele></trkpt>
      <trkpt lat="49.143494" lon="19.707086"><ele>994.2</ele></trkpt>
      <trkpt lat="49.143501" lon="19.707117"><ele>994.6</ele></trkpt>
      <trkpt lat="49.143514" lon="19.707155"><ele>995.2</ele></trkpt>
      <trkpt lat="49.143523" lon="19.707186"><ele>995.6</ele></trkpt>
      <trkpt lat="49.143533" lon="19.707222"><ele>996.2</ele></trkpt>
      <trkpt lat="49.143539" lon="19.707256"><ele>996.8</ele></trkpt>
      <trkpt lat="49.143542" lon="19.707293"><ele>997.4</ele></trkpt>
      <trkpt lat="49.143539" lon="19.707325"><ele>997.8</ele></trkpt>
      <trkpt lat="49.143542" lon="19.707357"><ele>998.2</ele></trkpt>
      <trkpt lat="49.143558" lon="19.707376"><ele>998.6</ele></trkpt>
      <trkpt lat="49.143578" lon="19.707400"><ele>999.4</ele></trkpt>
      <trkpt lat="49.143597" lon="19.707394"><ele>1000.2</ele></trkpt>
      <trkpt lat="49.143616" lon="19.707382"><ele>1000.6</ele></trkpt>
      <trkpt lat="49.143632" lon="19.707370"><ele>1001.0</ele></trkpt>
      <trkpt lat="49.143654" lon="19.707357"><ele>1002.0</ele></trkpt>
      <trkpt lat="49.143661" lon="19.707326"><ele>1002.6</ele></trkpt>
      <trkpt lat="49.143683" lon="19.707315"><ele>1003.4</ele></trkpt>
      <trkpt lat="49.143702" lon="19.707306"><ele>1003.6</ele></trkpt>
      <trkpt lat="49.143725" lon="19.707293"><ele>1004.0</ele></trkpt>
      <trkpt lat="49.143741" lon="19.707274"><ele>1004.4</ele></trkpt>
      <trkpt lat="49.143757" lon="19.707248"><ele>1004.8</ele></trkpt>
      <trkpt lat="49.143776" lon="19.707232"><ele>1005.2</ele></trkpt>
      <trkpt lat="49.143795" lon="19.707224"><ele>1005.8</ele></trkpt>
      <trkpt lat="49.143818" lon="19.707211"><ele>1006.6</ele></trkpt>
      <trkpt lat="49.143834" lon="19.707198"><ele>1007.0</ele></trkpt>
      <trkpt lat="49.143856" lon="19.707189"><ele>1007.4</ele></trkpt>
      <trkpt lat="49.143878" lon="19.707182"><ele>1008.0</ele></trkpt>
      <trkpt lat="49.143894" lon="19.707162"><ele>1008.4</ele></trkpt>
      <trkpt lat="49.143910" lon="19.707144"><ele>1008.8</ele></trkpt>
      <trkpt lat="49.143930" lon="19.707122"><ele>1009.2</ele></trkpt>
      <trkpt lat="49.143942" lon="19.707094"><ele>1009.6</ele></trkpt>
      <trkpt lat="49.143968" lon="19.707078"><ele>1009.8</ele></trkpt>
      <trkpt lat="49.143987" lon="19.707056"><ele>1010.2</ele></trkpt>
      <trkpt lat="49.144006" lon="19.707027"><ele>1010.4</ele></trkpt>
      <trkpt lat="49.144019" lon="19.707000"><ele>1010.8</ele></trkpt>
      <trkpt lat="49.144038" lon="19.706989"><ele>1011.2</ele></trkpt>
      <trkpt lat="49.144054" lon="19.706973"><ele>1011.4</ele></trkpt>
      <trkpt lat="49.144074" lon="19.706958"><ele>1012.2</ele></trkpt>
      <trkpt lat="49.144099" lon="19.706942"><ele>1012.6</ele></trkpt>
      <trkpt lat="49.144112" lon="19.706917"><ele>1012.8</ele></trkpt>
      <trkpt lat="49.144122" lon="19.706888"><ele>1013.2</ele></trkpt>
      <trkpt lat="49.144138" lon="19.706867"><ele>1013.4</ele></trkpt>
      <trkpt lat="49.144157" lon="19.706843"><ele>1013.6</ele></trkpt>
      <trkpt lat="49.144173" lon="19.706806"><ele>1014.0</ele></trkpt>
      <trkpt lat="49.144179" lon="19.706774"><ele>1014.2</ele></trkpt>
      <trkpt lat="49.144202" lon="19.706749"><ele>1015.0</ele></trkpt>
      <trkpt lat="49.144221" lon="19.706738"><ele>1015.4</ele></trkpt>
      <trkpt lat="49.144240" lon="19.706722"><ele>1015.8</ele></trkpt>
      <trkpt lat="49.144256" lon="19.706702"><ele>1016.4</ele></trkpt>
      <trkpt lat="49.144272" lon="19.706670"><ele>1016.8</ele></trkpt>
      <trkpt lat="49.144288" lon="19.706648"><ele>1017.2</ele></trkpt>
      <trkpt lat="49.144310" lon="19.706629"><ele>1017.8</ele></trkpt>
      <trkpt lat="49.144326" lon="19.706608"><ele>1018.2</ele></trkpt>
      <trkpt lat="49.144336" lon="19.706579"><ele>1018.4</ele></trkpt>
      <trkpt lat="49.144349" lon="19.706557"><ele>1018.8</ele></trkpt>
      <trkpt lat="49.144365" lon="19.706539"><ele>1019.2</ele></trkpt>
      <trkpt lat="49.144378" lon="19.706514"><ele>1019.8</ele></trkpt>
      <trkpt lat="49.144390" lon="19.706486"><ele>1020.2</ele></trkpt>
      <trkpt lat="49.144406" lon="19.706456"><ele>1020.4</ele></trkpt>
      <trkpt lat="49.144419" lon="19.706427"><ele>1020.6</ele></trkpt>
      <trkpt lat="49.144432" lon="19.706406"><ele>1021.0</ele></trkpt>
      <trkpt lat="49.144451" lon="19.706394"><ele>1021.4</ele></trkpt>
      <trkpt lat="49.144474" lon="19.706384"><ele>1021.8</ele></trkpt>
      <trkpt lat="49.144493" lon="19.706365"><ele>1022.4</ele></trkpt>
      <trkpt lat="49.144515" lon="19.706349"><ele>1023.0</ele></trkpt>
      <trkpt lat="49.144534" lon="19.706312"><ele>1023.8</ele></trkpt>
      <trkpt lat="49.144547" lon="19.706270"><ele>1024.2</ele></trkpt>
      <trkpt lat="49.144563" lon="19.706242"><ele>1024.6</ele></trkpt>
      <trkpt lat="49.144582" lon="19.706229"><ele>1025.0</ele></trkpt>
      <trkpt lat="49.144608" lon="19.706218"><ele>1025.4</ele></trkpt>
      <trkpt lat="49.144624" lon="19.706179"><ele>1025.8</ele></trkpt>
      <trkpt lat="49.144611" lon="19.706142"><ele>1026.0</ele></trkpt>
      <trkpt lat="49.144614" lon="19.706109"><ele>1026.4</ele></trkpt>
      <trkpt lat="49.144634" lon="19.706109"><ele>1026.6</ele></trkpt>
      <trkpt lat="49.144650" lon="19.706090"><ele>1027.0</ele></trkpt>
      <trkpt lat="49.144669" lon="19.706070"><ele>1027.4</ele></trkpt>
      <trkpt lat="49.144691" lon="19.706061"><ele>1027.8</ele></trkpt>
      <trkpt lat="49.144710" lon="19.706051"><ele>1028.2</ele></trkpt>
      <trkpt lat="49.144726" lon="19.706032"><ele>1028.6</ele></trkpt>
      <trkpt lat="49.144746" lon="19.706011"><ele>1029.0</ele></trkpt>
      <trkpt lat="49.144762" lon="19.705984"><ele>1029.4</ele></trkpt>
      <trkpt lat="49.144774" lon="19.705957"><ele>1029.8</ele></trkpt>
      <trkpt lat="49.144794" lon="19.705934"><ele>1030.0</ele></trkpt>
      <trkpt lat="49.144816" lon="19.705922"><ele>1030.4</ele></trkpt>
      <trkpt lat="49.144835" lon="19.705907"><ele>1030.6</ele></trkpt>
      <trkpt lat="49.144848" lon="19.705885"><ele>1031.2</ele></trkpt>
      <trkpt lat="49.144867" lon="19.705862"><ele>1031.6</ele></trkpt>
      <trkpt lat="49.144886" lon="19.705838"><ele>1032.0</ele></trkpt>
      <trkpt lat="49.144909" lon="19.705830"><ele>1032.4</ele></trkpt>
      <trkpt lat="49.144928" lon="19.705814"><ele>1032.8</ele></trkpt>
      <trkpt lat="49.144947" lon="19.705798"><ele>1033.2</ele></trkpt>
      <trkpt lat="49.144970" lon="19.705789"><ele>1033.6</ele></trkpt>
      <trkpt lat="49.144986" lon="19.705776"><ele>1034.0</ele></trkpt>
      <trkpt lat="49.145008" lon="19.705768"><ele>1034.6</ele></trkpt>
      <trkpt lat="49.145027" lon="19.705758"><ele>1035.0</ele></trkpt>
      <trkpt lat="49.145046" lon="19.705736"><ele>1035.4</ele></trkpt>
      <trkpt lat="49.145069" lon="19.705718"><ele>1036.0</ele></trkpt>
      <trkpt lat="49.145088" lon="19.705717"><ele>1036.4</ele></trkpt>
      <trkpt lat="49.145107" lon="19.705704"><ele>1037.0</ele></trkpt>
      <trkpt lat="49.145126" lon="19.705698"><ele>1037.4</ele></trkpt>
      <trkpt lat="49.145152" lon="19.705672"><ele>1038.2</ele></trkpt>
      <trkpt lat="49.145168" lon="19.705656"><ele>1038.6</ele></trkpt>
      <trkpt lat="49.145187" lon="19.705646"><ele>1039.0</ele></trkpt>
      <trkpt lat="49.145210" lon="19.705638"><ele>1039.6</ele></trkpt>
      <trkpt lat="49.145226" lon="19.705626"><ele>1039.8</ele></trkpt>
      <trkpt lat="49.145248" lon="19.705608"><ele>1040.6</ele></trkpt>
      <trkpt lat="49.145274" lon="19.705597"><ele>1041.2</ele></trkpt>
      <trkpt lat="49.145290" lon="19.705579"><ele>1041.6</ele></trkpt>
      <trkpt lat="49.145309" lon="19.705549"><ele>1042.2</ele></trkpt>
      <trkpt lat="49.145328" lon="19.705536"><ele>1042.6</ele></trkpt>
      <trkpt lat="49.145350" lon="19.705534"><ele>1042.8</ele></trkpt>
      <trkpt lat="49.145379" lon="19.705533"><ele>1043.4</ele></trkpt>
      <trkpt lat="49.145392" lon="19.705554"><ele>1043.6</ele></trkpt>
      <trkpt lat="49.145402" lon="19.705530"><ele>1044.4</ele></trkpt>
      <trkpt lat="49.145427" lon="19.705515"><ele>1044.8</ele></trkpt>
      <trkpt lat="49.145456" lon="19.705499"><ele>1045.2</ele></trkpt>
      <trkpt lat="49.145478" lon="19.705480"><ele>1045.6</ele></trkpt>
      <trkpt lat="49.145501" lon="19.705483"><ele>1045.8</ele></trkpt>
      <trkpt lat="49.145517" lon="19.705496"><ele>1046.2</ele></trkpt>
      <trkpt lat="49.145539" lon="19.705504"><ele>1046.8</ele></trkpt>
      <trkpt lat="49.145565" lon="19.705493"><ele>1047.4</ele></trkpt>
      <trkpt lat="49.145587" lon="19.705490"><ele>1047.8</ele></trkpt>
      <trkpt lat="49.145619" lon="19.705509"><ele>1048.2</ele></trkpt>
      <trkpt lat="49.145635" lon="19.705526"><ele>1048.6</ele></trkpt>
      <trkpt lat="49.145658" lon="19.705536"><ele>1049.0</ele></trkpt>
      <trkpt lat="49.145677" lon="19.705542"><ele>1049.4</ele></trkpt>
      <trkpt lat="49.145690" lon="19.705568"><ele>1050.2</ele></trkpt>
      <trkpt lat="49.145702" lon="19.705600"><ele>1050.8</ele></trkpt>
      <trkpt lat="49.145706" lon="19.705634"><ele>1051.4</ele></trkpt>
      <trkpt lat="49.145722" lon="19.705667"><ele>1052.4</ele></trkpt>
      <trkpt lat="49.145722" lon="19.705704"><ele>1053.4</ele></trkpt>
      <trkpt lat="49.145738" lon="19.705734"><ele>1054.2</ele></trkpt>
      <trkpt lat="49.145734" lon="19.705765"><ele>1054.6</ele></trkpt>
      <trkpt lat="49.145741" lon="19.705792"><ele>1055.2</ele></trkpt>
      <trkpt lat="49.145763" lon="19.705808"><ele>1055.8</ele></trkpt>
      <trkpt lat="49.145763" lon="19.705837"><ele>1056.0</ele></trkpt>
      <trkpt lat="49.145757" lon="19.705867"><ele>1056.6</ele></trkpt>
      <trkpt lat="49.145763" lon="19.705906"><ele>1057.0</ele></trkpt>
      <trkpt lat="49.145776" lon="19.705941"><ele>1057.6</ele></trkpt>
      <trkpt lat="49.145782" lon="19.705974"><ele>1058.2</ele></trkpt>
      <trkpt lat="49.145776" lon="19.706011"><ele>1059.0</ele></trkpt>
      <trkpt lat="49.145776" lon="19.706043"><ele>1059.6</ele></trkpt>
      <trkpt lat="49.145798" lon="19.706064"><ele>1060.2</ele></trkpt>
      <trkpt lat="49.145818" lon="19.706069"><ele>1060.6</ele></trkpt>
      <trkpt lat="49.145834" lon="19.706085"><ele>1061.0</ele></trkpt>
      <trkpt lat="49.145856" lon="19.706112"><ele>1061.6</ele></trkpt>
      <trkpt lat="49.145878" lon="19.706142"><ele>1062.6</ele></trkpt>
      <trkpt lat="49.145898" lon="19.706152"><ele>1063.0</ele></trkpt>
      <trkpt lat="49.145901" lon="19.706181"><ele>1063.8</ele></trkpt>
      <trkpt lat="49.145917" lon="19.706202"><ele>1064.6</ele></trkpt>
      <trkpt lat="49.145926" lon="19.706230"><ele>1065.4</ele></trkpt>
      <trkpt lat="49.145939" lon="19.706254"><ele>1065.8</ele></trkpt>
      <trkpt lat="49.145955" lon="19.706285"><ele>1066.6</ele></trkpt>
      <trkpt lat="49.145962" lon="19.706315"><ele>1067.2</ele></trkpt>
      <trkpt lat="49.145958" lon="19.706357"><ele>1068.2</ele></trkpt>
      <trkpt lat="49.145946" lon="19.706381"><ele>1068.8</ele></trkpt>
      <trkpt lat="49.145939" lon="19.706411"><ele>1069.8</ele></trkpt>
      <trkpt lat="49.145962" lon="19.706442"><ele>1070.4</ele></trkpt>
      <trkpt lat="49.145987" lon="19.706430"><ele>1071.0</ele></trkpt>
      <trkpt lat="49.146013" lon="19.706413"><ele>1071.6</ele></trkpt>
      <trkpt lat="49.146038" lon="19.706414"><ele>1072.0</ele></trkpt>
      <trkpt lat="49.146067" lon="19.706429"><ele>1072.4</ele></trkpt>
      <trkpt lat="49.146099" lon="19.706434"><ele>1072.6</ele></trkpt>
      <trkpt lat="49.146118" lon="19.706440"><ele>1072.8</ele></trkpt>
      <trkpt lat="49.146144" lon="19.706446"><ele>1073.2</ele></trkpt>
      <trkpt lat="49.146166" lon="19.706467"><ele>1073.8</ele></trkpt>
      <trkpt lat="49.146192" lon="19.706488"><ele>1074.0</ele></trkpt>
      <trkpt lat="49.146205" lon="19.706512"><ele>1074.4</ele></trkpt>
      <trkpt lat="49.146214" lon="19.706547"><ele>1074.8</ele></trkpt>
      <trkpt lat="49.146202" lon="19.706589"><ele>1075.4</ele></trkpt>
      <trkpt lat="49.146182" lon="19.706637"><ele>1075.4</ele></trkpt>
      <trkpt lat="49.146173" lon="19.706678"><ele>1075.6</ele></trkpt>
      <trkpt lat="49.146157" lon="19.706709"><ele>1076.0</ele></trkpt>
      <trkpt lat="49.146138" lon="19.706726"><ele>1076.4</ele></trkpt>
      <trkpt lat="49.146106" lon="19.706739"><ele>1077.0</ele></trkpt>
      <trkpt lat="49.146093" lon="19.706765"><ele>1077.4</ele></trkpt>
      <trkpt lat="49.146080" lon="19.706790"><ele>1077.8</ele></trkpt>
      <trkpt lat="49.146064" lon="19.706829"><ele>1078.2</ele></trkpt>
      <trkpt lat="49.146045" lon="19.706838"><ele>1078.4</ele></trkpt>
      <trkpt lat="49.146022" lon="19.706877"><ele>1078.8</ele></trkpt>
      <trkpt lat="49.146000" lon="19.706938"><ele>1079.0</ele></trkpt>
      <trkpt lat="49.145984" lon="19.706974"><ele>1079.4</ele></trkpt>
      <trkpt lat="49.145974" lon="19.707008"><ele>1079.6</ele></trkpt>
      <trkpt lat="49.145958" lon="19.707053"><ele>1080.0</ele></trkpt>
      <trkpt lat="49.145936" lon="19.707072"><ele>1080.2</ele></trkpt>
      <trkpt lat="49.145917" lon="19.707093"><ele>1080.6</ele></trkpt>
      <trkpt lat="49.145901" lon="19.707117"><ele>1081.0</ele></trkpt>
      <trkpt lat="49.145898" lon="19.707155"><ele>1081.2</ele></trkpt>
      <trkpt lat="49.145907" lon="19.707182"><ele>1081.4</ele></trkpt>
      <trkpt lat="49.145907" lon="19.707211"><ele>1081.6</ele></trkpt>
      <trkpt lat="49.145920" lon="19.707242"><ele>1082.0</ele></trkpt>
      <trkpt lat="49.145907" lon="19.707266"><ele>1082.2</ele></trkpt>
      <trkpt lat="49.145904" lon="19.707304"><ele>1082.6</ele></trkpt>
      <trkpt lat="49.145901" lon="19.707331"><ele>1082.8</ele></trkpt>
      <trkpt lat="49.145907" lon="19.707293"><ele>1083.4</ele></trkpt>
      <trkpt lat="49.145933" lon="19.707254"><ele>1083.2</ele></trkpt>
      <trkpt lat="49.145955" lon="19.707261"><ele>1083.2</ele></trkpt>
      <trkpt lat="49.145974" lon="19.707277"><ele>1083.0</ele></trkpt>
      <trkpt lat="49.145981" lon="19.707307"><ele>1083.6</ele></trkpt>
      <trkpt lat="49.145994" lon="19.707344"><ele>1085.0</ele></trkpt>
      <trkpt lat="49.146003" lon="19.707370"><ele>1086.0</ele></trkpt>
      <trkpt lat="49.146016" lon="19.707400"><ele>1087.0</ele></trkpt>
      <trkpt lat="49.146022" lon="19.707434"><ele>1087.6</ele></trkpt>
      <trkpt lat="49.146035" lon="19.707466"><ele>1088.2</ele></trkpt>
      <trkpt lat="49.146032" lon="19.707504"><ele>1088.6</ele></trkpt>
      <trkpt lat="49.146045" lon="19.707525"><ele>1088.8</ele></trkpt>
      <trkpt lat="49.146042" lon="19.707554"><ele>1089.2</ele></trkpt>
      <trkpt lat="49.146064" lon="19.707571"><ele>1090.2</ele></trkpt>
      <trkpt lat="49.146083" lon="19.707573"><ele>1090.4</ele></trkpt>
      <trkpt lat="49.146096" lon="19.707608"><ele>1091.0</ele></trkpt>
      <trkpt lat="49.146102" lon="19.707635"><ele>1091.8</ele></trkpt>
      <trkpt lat="49.146112" lon="19.707659"><ele>1092.2</ele></trkpt>
      <trkpt lat="49.146112" lon="19.707699"><ele>1093.0</ele></trkpt>
      <trkpt lat="49.146115" lon="19.707734"><ele>1093.6</ele></trkpt>
      <trkpt lat="49.146115" lon="19.707768"><ele>1094.4</ele></trkpt>
      <trkpt lat="49.146106" lon="19.707794"><ele>1094.8</ele></trkpt>
      <trkpt lat="49.146115" lon="19.707819"><ele>1095.4</ele></trkpt>
      <trkpt lat="49.146115" lon="19.707848"><ele>1096.6</ele></trkpt>
      <trkpt lat="49.146115" lon="19.707877"><ele>1097.0</ele></trkpt>
      <trkpt lat="49.146115" lon="19.707909"><ele>1097.6</ele></trkpt>
      <trkpt lat="49.146118" lon="19.707939"><ele>1098.4</ele></trkpt>
      <trkpt lat="49.146122" lon="19.707971"><ele>1099.2</ele></trkpt>
      <trkpt lat="49.146134" lon="19.708002"><ele>1099.8</ele></trkpt>
      <trkpt lat="49.146131" lon="19.708035"><ele>1100.4</ele></trkpt>
      <trkpt lat="49.146134" lon="19.708088"><ele>1100.8</ele></trkpt>
      <trkpt lat="49.146138" lon="19.708117"><ele>1101.2</ele></trkpt>
      <trkpt lat="49.146144" lon="19.708149"><ele>1101.8</ele></trkpt>
      <trkpt lat="49.146160" lon="19.708179"><ele>1102.8</ele></trkpt>
      <trkpt lat="49.146160" lon="19.708210"><ele>1103.2</ele></trkpt>
      <trkpt lat="49.146163" lon="19.708240"><ele>1103.8</ele></trkpt>
      <trkpt lat="49.146173" lon="19.708267"><ele>1104.6</ele></trkpt>
      <trkpt lat="49.146192" lon="19.708309"><ele>1105.4</ele></trkpt>
      <trkpt lat="49.146211" lon="19.708347"><ele>1106.4</ele></trkpt>
      <trkpt lat="49.146211" lon="19.708387"><ele>1106.8</ele></trkpt>
      <trkpt lat="49.146214" lon="19.708422"><ele>1107.4</ele></trkpt>
      <trkpt lat="49.146211" lon="19.708450"><ele>1108.2</ele></trkpt>
      <trkpt lat="49.146211" lon="19.708482"><ele>1109.2</ele></trkpt>
      <trkpt lat="49.146202" lon="19.708512"><ele>1109.8</ele></trkpt>
      <trkpt lat="49.146214" lon="19.708539"><ele>1110.4</ele></trkpt>
      <trkpt lat="49.146218" lon="19.708571"><ele>1112.0</ele></trkpt>
      <trkpt lat="49.146224" lon="19.708602"><ele>1112.8</ele></trkpt>
      <trkpt lat="49.146240" lon="19.708626"><ele>1113.4</ele></trkpt>
      <trkpt lat="49.146234" lon="19.708666"><ele>1114.2</ele></trkpt>
      <trkpt lat="49.146227" lon="19.708696"><ele>1114.6</ele></trkpt>
      <trkpt lat="49.146218" lon="19.708744"><ele>1115.0</ele></trkpt>
      <trkpt lat="49.146214" lon="19.708776"><ele>1115.4</ele></trkpt>
      <trkpt lat="49.146224" lon="19.708810"><ele>1116.8</ele></trkpt>
      <trkpt lat="49.146237" lon="19.708835"><ele>1117.2</ele></trkpt>
      <trkpt lat="49.146224" lon="19.708862"><ele>1118.2</ele></trkpt>
      <trkpt lat="49.146237" lon="19.708896"><ele>1119.0</ele></trkpt>
      <trkpt lat="49.146243" lon="19.708931"><ele>1119.6</ele></trkpt>
      <trkpt lat="49.146240" lon="19.708962"><ele>1120.0</ele></trkpt>
      <trkpt lat="49.146246" lon="19.708998"><ele>1120.6</ele></trkpt>
      <trkpt lat="49.146262" lon="19.709022"><ele>1121.0</ele></trkpt>
      <trkpt lat="49.146278" lon="19.709050"><ele>1121.2</ele></trkpt>
      <trkpt lat="49.146278" lon="19.709078"><ele>1122.0</ele></trkpt>
      <trkpt lat="49.146282" lon="19.709128"><ele>1122.6</ele></trkpt>
      <trkpt lat="49.146282" lon="19.709157"><ele>1123.0</ele></trkpt>
      <trkpt lat="49.146291" lon="19.709192"><ele>1123.6</ele></trkpt>
      <trkpt lat="49.146282" lon="19.709221"><ele>1124.2</ele></trkpt>
      <trkpt lat="49.146278" lon="19.709248"><ele>1124.6</ele></trkpt>
      <trkpt lat="49.146275" lon="19.709286"><ele>1125.2</ele></trkpt>
      <trkpt lat="49.146272" lon="19.709326"><ele>1126.0</ele></trkpt>
      <trkpt lat="49.146262" lon="19.709358"><ele>1126.4</ele></trkpt>
      <trkpt lat="49.146256" lon="19.709395"><ele>1127.2</ele></trkpt>
      <trkpt lat="49.146240" lon="19.709430"><ele>1127.6</ele></trkpt>
      <trkpt lat="49.146224" lon="19.709470"><ele>1128.2</ele></trkpt>
      <trkpt lat="49.146218" lon="19.709506"><ele>1128.2</ele></trkpt>
      <trkpt lat="49.146221" lon="19.709549"><ele>1128.4</ele></trkpt>
      <trkpt lat="49.146221" lon="19.709590"><ele>1128.6</ele></trkpt>
      <trkpt lat="49.146202" lon="19.709656"><ele>1129.0</ele></trkpt>
      <trkpt lat="49.146192" lon="19.709693"><ele>1129.2</ele></trkpt>
      <trkpt lat="49.146205" lon="19.709717"><ele>1129.4</ele></trkpt>
      <trkpt lat="49.146198" lon="19.709750"><ele>1130.2</ele></trkpt>
      <trkpt lat="49.146211" lon="19.709784"><ele>1131.4</ele></trkpt>
      <trkpt lat="49.146211" lon="19.709824"><ele>1132.4</ele></trkpt>
      <trkpt lat="49.146205" lon="19.709856"><ele>1133.4</ele></trkpt>
      <trkpt lat="49.146211" lon="19.709894"><ele>1134.0</ele></trkpt>
      <trkpt lat="49.146214" lon="19.709853"><ele>1135.4</ele></trkpt>
      <trkpt lat="49.146227" lon="19.709827"><ele>1136.0</ele></trkpt>
      <trkpt lat="49.146246" lon="19.709832"><ele>1136.4</ele></trkpt>
      <trkpt lat="49.146256" lon="19.709856"><ele>1136.8</ele></trkpt>
      <trkpt lat="49.146275" lon="19.709848"><ele>1138.4</ele></trkpt>
      <trkpt lat="49.146282" lon="19.709819"><ele>1139.0</ele></trkpt>
      <trkpt lat="49.146301" lon="19.709786"><ele>1139.6</ele></trkpt>
      <trkpt lat="49.146320" lon="19.709749"><ele>1140.0</ele></trkpt>
      <trkpt lat="49.146352" lon="19.709733"><ele>1140.2</ele></trkpt>
      <trkpt lat="49.146374" lon="19.709733"><ele>1140.6</ele></trkpt>
      <trkpt lat="49.146400" lon="19.709709"><ele>1141.0</ele></trkpt>
      <trkpt lat="49.146419" lon="19.709710"><ele>1141.2</ele></trkpt>
      <trkpt lat="49.146438" lon="19.709709"><ele>1141.4</ele></trkpt>
      <trkpt lat="49.146458" lon="19.709718"><ele>1141.6</ele></trkpt>
      <trkpt lat="49.146490" lon="19.709733"><ele>1141.8</ele></trkpt>
      <trkpt lat="49.146515" lon="19.709728"><ele>1142.0</ele></trkpt>
      <trkpt lat="49.146541" lon="19.709698"><ele>1142.2</ele></trkpt>
      <trkpt lat="49.146557" lon="19.709659"><ele>1142.6</ele></trkpt>
      <trkpt lat="49.146570" lon="19.709637"><ele>1143.4</ele></trkpt>
      <trkpt lat="49.146589" lon="19.709643"><ele>1144.0</ele></trkpt>
      <trkpt lat="49.146608" lon="19.709630"><ele>1144.4</ele></trkpt>
      <trkpt lat="49.146634" lon="19.709656"><ele>1145.2</ele></trkpt>
      <trkpt lat="49.146650" lon="19.709696"><ele>1145.8</ele></trkpt>
      <trkpt lat="49.146669" lon="19.709723"><ele>1147.2</ele></trkpt>
      <trkpt lat="49.146698" lon="19.709763"><ele>1147.8</ele></trkpt>
      <trkpt lat="49.146717" lon="19.709766"><ele>1148.0</ele></trkpt>
      <trkpt lat="49.146739" lon="19.709758"><ele>1148.6</ele></trkpt>
      <trkpt lat="49.146762" lon="19.709746"><ele>1149.2</ele></trkpt>
      <trkpt lat="49.146779" lon="19.709774"><ele>1149.6</ele></trkpt>
      <trkpt lat="49.146806" lon="19.709795"><ele>1150.2</ele></trkpt>
      <trkpt lat="49.146832" lon="19.709795"><ele>1150.4</ele></trkpt>
      <trkpt lat="49.146851" lon="19.709805"><ele>1150.8</ele></trkpt>
      <trkpt lat="49.146861" lon="19.709835"><ele>1151.8</ele></trkpt>
      <trkpt lat="49.146861" lon="19.709866"><ele>1152.4</ele></trkpt>
      <trkpt lat="49.146848" lon="19.709902"><ele>1153.0</ele></trkpt>
      <trkpt lat="49.146832" lon="19.709949"><ele>1153.6</ele></trkpt>
      <trkpt lat="49.146822" lon="19.709973"><ele>1154.2</ele></trkpt>
      <trkpt lat="49.146816" lon="19.710008"><ele>1154.6</ele></trkpt>
      <trkpt lat="49.146822" lon="19.710037"><ele>1154.8</ele></trkpt>
      <trkpt lat="49.146819" lon="19.710086"><ele>1155.8</ele></trkpt>
      <trkpt lat="49.146813" lon="19.710122"><ele>1156.2</ele></trkpt>
      <trkpt lat="49.146813" lon="19.710150"><ele>1156.4</ele></trkpt>
      <trkpt lat="49.146816" lon="19.710182"><ele>1156.8</ele></trkpt>
      <trkpt lat="49.146797" lon="19.710230"><ele>1157.8</ele></trkpt>
      <trkpt lat="49.146781" lon="19.710262"><ele>1158.0</ele></trkpt>
      <trkpt lat="49.146768" lon="19.710293"><ele>1158.4</ele></trkpt>
      <trkpt lat="49.146752" lon="19.710331"><ele>1158.6</ele></trkpt>
      <trkpt lat="49.146752" lon="19.710368"><ele>1158.8</ele></trkpt>
      <trkpt lat="49.146755" lon="19.710405"><ele>1159.4</ele></trkpt>
      <trkpt lat="49.146739" lon="19.710426"><ele>1159.6</ele></trkpt>
      <trkpt lat="49.146739" lon="19.710462"><ele>1160.4</ele></trkpt>
      <trkpt lat="49.146736" lon="19.710502"><ele>1160.8</ele></trkpt>
      <trkpt lat="49.146723" lon="19.710554"><ele>1161.4</ele></trkpt>
      <trkpt lat="49.146710" lon="19.710598"><ele>1161.8</ele></trkpt>
      <trkpt lat="49.146701" lon="19.710643"><ele>1162.0</ele></trkpt>
      <trkpt lat="49.146733" lon="19.710634"><ele>1164.2</ele></trkpt>
      <trkpt lat="49.146755" lon="19.710634"><ele>1164.4</ele></trkpt>
      <trkpt lat="49.146778" lon="19.710643"><ele>1164.8</ele></trkpt>
      <trkpt lat="49.146797" lon="19.710651"><ele>1166.0</ele></trkpt>
      <trkpt lat="49.146819" lon="19.710648"><ele>1167.2</ele></trkpt>
      <trkpt lat="49.146848" lon="19.710629"><ele>1168.0</ele></trkpt>
      <trkpt lat="49.146870" lon="19.710610"><ele>1168.8</ele></trkpt>
      <trkpt lat="49.146890" lon="19.710594"><ele>1169.2</ele></trkpt>
      <trkpt lat="49.146912" lon="19.710574"><ele>1169.6</ele></trkpt>
      <trkpt lat="49.146941" lon="19.710563"><ele>1170.2</ele></trkpt>
      <trkpt lat="49.146973" lon="19.710563"><ele>1170.6</ele></trkpt>
      <trkpt lat="49.146992" lon="19.710557"><ele>1171.0</ele></trkpt>
      <trkpt lat="49.147018" lon="19.710558"><ele>1171.8</ele></trkpt>
      <trkpt lat="49.147040" lon="19.710552"><ele>1172.2</ele></trkpt>
      <trkpt lat="49.147066" lon="19.710549"><ele>1173.4</ele></trkpt>
      <trkpt lat="49.147094" lon="19.710562"><ele>1174.2</ele></trkpt>
      <trkpt lat="49.147114" lon="19.710584"><ele>1175.6</ele></trkpt>
      <trkpt lat="49.147133" lon="19.710592"><ele>1176.2</ele></trkpt>
      <trkpt lat="49.147152" lon="19.710589"><ele>1177.2</ele></trkpt>
      <trkpt lat="49.147171" lon="19.710594"><ele>1177.4</ele></trkpt>
      <trkpt lat="49.147190" lon="19.710594"><ele>1177.6</ele></trkpt>
      <trkpt lat="49.147210" lon="19.710594"><ele>1177.8</ele></trkpt>
      <trkpt lat="49.147226" lon="19.710619"><ele>1178.4</ele></trkpt>
      <trkpt lat="49.147245" lon="19.710648"><ele>1179.6</ele></trkpt>
      <trkpt lat="49.147258" lon="19.710678"><ele>1180.2</ele></trkpt>
      <trkpt lat="49.147270" lon="19.710709"><ele>1180.8</ele></trkpt>
      <trkpt lat="49.147274" lon="19.710747"><ele>1182.0</ele></trkpt>
      <trkpt lat="49.147283" lon="19.710771"><ele>1183.0</ele></trkpt>
      <trkpt lat="49.147286" lon="19.710800"><ele>1183.6</ele></trkpt>
      <trkpt lat="49.147306" lon="19.710829"><ele>1184.0</ele></trkpt>
      <trkpt lat="49.147325" lon="19.710837"><ele>1184.6</ele></trkpt>
      <trkpt lat="49.147344" lon="19.710846"><ele>1184.8</ele></trkpt>
      <trkpt lat="49.147344" lon="19.710877"><ele>1185.4</ele></trkpt>
      <trkpt lat="49.147347" lon="19.710907"><ele>1185.8</ele></trkpt>
      <trkpt lat="49.147357" lon="19.710946"><ele>1186.6</ele></trkpt>
      <trkpt lat="49.147373" lon="19.710928"><ele>1187.0</ele></trkpt>
      <trkpt lat="49.147382" lon="19.710885"><ele>1187.4</ele></trkpt>
      <trkpt lat="49.147405" lon="19.710877"><ele>1187.8</ele></trkpt>
      <trkpt lat="49.147424" lon="19.710858"><ele>1188.8</ele></trkpt>
      <trkpt lat="49.147446" lon="19.710850"><ele>1189.2</ele></trkpt>
      <trkpt lat="49.147469" lon="19.710838"><ele>1189.6</ele></trkpt>
      <trkpt lat="49.147491" lon="19.710842"><ele>1190.0</ele></trkpt>
      <trkpt lat="49.147517" lon="19.710853"><ele>1190.4</ele></trkpt>
      <trkpt lat="49.147542" lon="19.710846"><ele>1190.8</ele></trkpt>
      <trkpt lat="49.147562" lon="19.710840"><ele>1191.2</ele></trkpt>
      <trkpt lat="49.147587" lon="19.710845"><ele>1191.8</ele></trkpt>
      <trkpt lat="49.147606" lon="19.710845"><ele>1192.4</ele></trkpt>
      <trkpt lat="49.147622" lon="19.710832"><ele>1192.6</ele></trkpt>
      <trkpt lat="49.147645" lon="19.710806"><ele>1193.0</ele></trkpt>
      <trkpt lat="49.147661" lon="19.710792"><ele>1193.2</ele></trkpt>
      <trkpt lat="49.147683" lon="19.710806"><ele>1193.4</ele></trkpt>
      <trkpt lat="49.147702" lon="19.710818"><ele>1193.8</ele></trkpt>
      <trkpt lat="49.147728" lon="19.710816"><ele>1194.8</ele></trkpt>
      <trkpt lat="49.147754" lon="19.710819"><ele>1195.2</ele></trkpt>
      <trkpt lat="49.147766" lon="19.710842"><ele>1195.8</ele></trkpt>
      <trkpt lat="49.147786" lon="19.710875"><ele>1196.0</ele></trkpt>
      <trkpt lat="49.147808" lon="19.710885"><ele>1196.2</ele></trkpt>
      <trkpt lat="49.147834" lon="19.710907"><ele>1196.4</ele></trkpt>
      <trkpt lat="49.147869" lon="19.710915"><ele>1196.8</ele></trkpt>
      <trkpt lat="49.147888" lon="19.710918"><ele>1197.0</ele></trkpt>
      <trkpt lat="49.147907" lon="19.710920"><ele>1197.6</ele></trkpt>
      <trkpt lat="49.147926" lon="19.710928"><ele>1197.8</ele></trkpt>
      <trkpt lat="49.147942" lon="19.710941"><ele>1198.2</ele></trkpt>
      <trkpt lat="49.147965" lon="19.710941"><ele>1198.6</ele></trkpt>
      <trkpt lat="49.147984" lon="19.710960"><ele>1199.0</ele></trkpt>
      <trkpt lat="49.147990" lon="19.710995"><ele>1199.4</ele></trkpt>
      <trkpt lat="49.147994" lon="19.711026"><ele>1200.2</ele></trkpt>
      <trkpt lat="49.147987" lon="19.711069"><ele>1200.8</ele></trkpt>
      <trkpt lat="49.147962" lon="19.711104"><ele>1201.2</ele></trkpt>
      <trkpt lat="49.147933" lon="19.711134"><ele>1201.6</ele></trkpt>
      <trkpt lat="49.147914" lon="19.711166"><ele>1202.6</ele></trkpt>
      <trkpt lat="49.147894" lon="19.711194"><ele>1203.4</ele></trkpt>
      <trkpt lat="49.147875" lon="19.711214"><ele>1203.8</ele></trkpt>
      <trkpt lat="49.147859" lon="19.711227"><ele>1203.8</ele></trkpt>
      <trkpt lat="49.147834" lon="19.711245"><ele>1204.0</ele></trkpt>
      <trkpt lat="49.147811" lon="19.711269"><ele>1204.0</ele></trkpt>
      <trkpt lat="49.147795" lon="19.711293"><ele>1204.0</ele></trkpt>
      <trkpt lat="49.147773" lon="19.711309"><ele>1204.2</ele></trkpt>
      <trkpt lat="49.147754" lon="19.711338"><ele>1204.2</ele></trkpt>
      <trkpt lat="49.147741" lon="19.711365"><ele>1204.4</ele></trkpt>
      <trkpt lat="49.147763" lon="19.711392"><ele>1204.8</ele></trkpt>
      <trkpt lat="49.147789" lon="19.711387"><ele>1205.0</ele></trkpt>
      <trkpt lat="49.147808" lon="19.711389"><ele>1205.2</ele></trkpt>
      <trkpt lat="49.147808" lon="19.711426"><ele>1206.6</ele></trkpt>
      <trkpt lat="49.147811" lon="19.711454"><ele>1207.6</ele></trkpt>
      <trkpt lat="49.147834" lon="19.711454"><ele>1209.2</ele></trkpt>
      <trkpt lat="49.147853" lon="19.711466"><ele>1210.0</ele></trkpt>
      <trkpt lat="49.147872" lon="19.711478"><ele>1210.4</ele></trkpt>
      <trkpt lat="49.147888" lon="19.711493"><ele>1211.0</ele></trkpt>
      <trkpt lat="49.147904" lon="19.711520"><ele>1211.8</ele></trkpt>
      <trkpt lat="49.147923" lon="19.711526"><ele>1212.6</ele></trkpt>
      <trkpt lat="49.147958" lon="19.711534"><ele>1213.0</ele></trkpt>
      <trkpt lat="49.147974" lon="19.711557"><ele>1213.4</ele></trkpt>
      <trkpt lat="49.147994" lon="19.711578"><ele>1213.8</ele></trkpt>
      <trkpt lat="49.148013" lon="19.711600"><ele>1214.0</ele></trkpt>
      <trkpt lat="49.148029" lon="19.711619"><ele>1214.4</ele></trkpt>
      <trkpt lat="49.148048" lon="19.711646"><ele>1214.8</ele></trkpt>
      <trkpt lat="49.148048" lon="19.711694"><ele>1215.2</ele></trkpt>
      <trkpt lat="49.148045" lon="19.711734"><ele>1215.6</ele></trkpt>
      <trkpt lat="49.148029" lon="19.711762"><ele>1216.0</ele></trkpt>
      <trkpt lat="49.148022" lon="19.711819"><ele>1216.6</ele></trkpt>
      <trkpt lat="49.148010" lon="19.711861"><ele>1217.0</ele></trkpt>
      <trkpt lat="49.147994" lon="19.711878"><ele>1217.6</ele></trkpt>
      <trkpt lat="49.147984" lon="19.711914"><ele>1218.0</ele></trkpt>
      <trkpt lat="49.147981" lon="19.711941"><ele>1218.4</ele></trkpt>
      <trkpt lat="49.147974" lon="19.711973"><ele>1218.8</ele></trkpt>
      <trkpt lat="49.147958" lon="19.711998"><ele>1219.4</ele></trkpt>
      <trkpt lat="49.147933" lon="19.712006"><ele>1220.0</ele></trkpt>
      <trkpt lat="49.147914" lon="19.712030"><ele>1220.6</ele></trkpt>
      <trkpt lat="49.147949" lon="19.712037"><ele>1220.8</ele></trkpt>
      <trkpt lat="49.147971" lon="19.712059"><ele>1221.0</ele></trkpt>
      <trkpt lat="49.147984" lon="19.712082"><ele>1221.4</ele></trkpt>
      <trkpt lat="49.147984" lon="19.712112"><ele>1221.6</ele></trkpt>
      <trkpt lat="49.147990" lon="19.712139"><ele>1222.0</ele></trkpt>
      <trkpt lat="49.148000" lon="19.712163"><ele>1222.2</ele></trkpt>
      <trkpt lat="49.148013" lon="19.712198"><ele>1223.2</ele></trkpt>
      <trkpt lat="49.148026" lon="19.712222"><ele>1223.8</ele></trkpt>
      <trkpt lat="49.148026" lon="19.712259"><ele>1224.6</ele></trkpt>
      <trkpt lat="49.148010" lon="19.712290"><ele>1225.8</ele></trkpt>
      <trkpt lat="49.148019" lon="19.712317"><ele>1226.0</ele></trkpt>
      <trkpt lat="49.148032" lon="19.712368"><ele>1226.6</ele></trkpt>
      <trkpt lat="49.148029" lon="19.712402"><ele>1227.4</ele></trkpt>
      <trkpt lat="49.148022" lon="19.712435"><ele>1227.8</ele></trkpt>
      <trkpt lat="49.148026" lon="19.712485"><ele>1228.4</ele></trkpt>
      <trkpt lat="49.148010" lon="19.712510"><ele>1229.2</ele></trkpt>
      <trkpt lat="49.148006" lon="19.712547"><ele>1229.8</ele></trkpt>
      <trkpt lat="49.148000" lon="19.712579"><ele>1230.4</ele></trkpt>
      <trkpt lat="49.147994" lon="19.712619"><ele>1231.4</ele></trkpt>
      <trkpt lat="49.147984" lon="19.712654"><ele>1231.8</ele></trkpt>
      <trkpt lat="49.147971" lon="19.712682"><ele>1232.4</ele></trkpt>
      <trkpt lat="49.147974" lon="19.712709"><ele>1232.8</ele></trkpt>
      <trkpt lat="49.147990" lon="19.712733"><ele>1233.2</ele></trkpt>
      <trkpt lat="49.147990" lon="19.712766"><ele>1233.8</ele></trkpt>
      <trkpt lat="49.147994" lon="19.712805"><ele>1234.2</ele></trkpt>
      <trkpt lat="49.148003" lon="19.712829"><ele>1234.4</ele></trkpt>
      <trkpt lat="49.148006" lon="19.712858"><ele>1235.0</ele></trkpt>
      <trkpt lat="49.148010" lon="19.712898"><ele>1235.8</ele></trkpt>
      <trkpt lat="49.148010" lon="19.712933"><ele>1236.2</ele></trkpt>
      <trkpt lat="49.148032" lon="19.712955"><ele>1237.0</ele></trkpt>
      <trkpt lat="49.148045" lon="19.712976"><ele>1237.6</ele></trkpt>
      <trkpt lat="49.148048" lon="19.713011"><ele>1238.4</ele></trkpt>
      <trkpt lat="49.148058" lon="19.713050"><ele>1239.0</ele></trkpt>
      <trkpt lat="49.148048" lon="19.713077"><ele>1240.2</ele></trkpt>
      <trkpt lat="49.148042" lon="19.713104"><ele>1240.4</ele></trkpt>
      <trkpt lat="49.148045" lon="19.713142"><ele>1241.2</ele></trkpt>
      <trkpt lat="49.148061" lon="19.713160"><ele>1242.2</ele></trkpt>
      <trkpt lat="49.148074" lon="19.713182"><ele>1242.6</ele></trkpt>
      <trkpt lat="49.148070" lon="19.713222"><ele>1243.4</ele></trkpt>
      <trkpt lat="49.148070" lon="19.713254"><ele>1244.0</ele></trkpt>
      <trkpt lat="49.148074" lon="19.713283"><ele>1244.6</ele></trkpt>
      <trkpt lat="49.148074" lon="19.713320"><ele>1245.6</ele></trkpt>
      <trkpt lat="49.148083" lon="19.713349"><ele>1246.2</ele></trkpt>
      <trkpt lat="49.148083" lon="19.713389"><ele>1246.8</ele></trkpt>
      <trkpt lat="49.148074" lon="19.713419"><ele>1247.6</ele></trkpt>
      <trkpt lat="49.148067" lon="19.713446"><ele>1247.8</ele></trkpt>
      <trkpt lat="49.148058" lon="19.713470"><ele>1248.0</ele></trkpt>
      <trkpt lat="49.148048" lon="19.713498"><ele>1248.2</ele></trkpt>
      <trkpt lat="49.148048" lon="19.713524"><ele>1248.8</ele></trkpt>
      <trkpt lat="49.148064" lon="19.713552"><ele>1249.4</ele></trkpt>
      <trkpt lat="49.148080" lon="19.713589"><ele>1249.8</ele></trkpt>
      <trkpt lat="49.148090" lon="19.713618"><ele>1250.4</ele></trkpt>
      <trkpt lat="49.148102" lon="19.713642"><ele>1251.2</ele></trkpt>
      <trkpt lat="49.148122" lon="19.713640"><ele>1251.8</ele></trkpt>
      <trkpt lat="49.148125" lon="19.713677"><ele>1252.4</ele></trkpt>
      <trkpt lat="49.148118" lon="19.713718"><ele>1253.0</ele></trkpt>
      <trkpt lat="49.148122" lon="19.713752"><ele>1253.4</ele></trkpt>
      <trkpt lat="49.148125" lon="19.713816"><ele>1253.8</ele></trkpt>
      <trkpt lat="49.148112" lon="19.713850"><ele>1254.2</ele></trkpt>
      <trkpt lat="49.148102" lon="19.713885"><ele>1255.0</ele></trkpt>
      <trkpt lat="49.148086" lon="19.713925"><ele>1255.4</ele></trkpt>
      <trkpt lat="49.148102" lon="19.713950"><ele>1256.6</ele></trkpt>
      <trkpt lat="49.148118" lon="19.713976"><ele>1257.0</ele></trkpt>
      <trkpt lat="49.148128" lon="19.714010"><ele>1257.8</ele></trkpt>
      <trkpt lat="49.148131" lon="19.714037"><ele>1258.6</ele></trkpt>
      <trkpt lat="49.148144" lon="19.714067"><ele>1259.4</ele></trkpt>
      <trkpt lat="49.148157" lon="19.714098"><ele>1260.0</ele></trkpt>
      <trkpt lat="49.148170" lon="19.714122"><ele>1260.6</ele></trkpt>
      <trkpt lat="49.148171" lon="19.714155"><ele>1261.4</ele></trkpt>
      <trkpt lat="49.148173" lon="19.714189"><ele>1262.0</ele></trkpt>
      <trkpt lat="49.148182" lon="19.714218"><ele>1262.8</ele></trkpt>
      <trkpt lat="49.148192" lon="19.714272"><ele>1263.4</ele></trkpt>
      <trkpt lat="49.148208" lon="19.714312"><ele>1264.4</ele></trkpt>
      <trkpt lat="49.148208" lon="19.714352"><ele>1265.6</ele></trkpt>
      <trkpt lat="49.148211" lon="19.714384"><ele>1266.0</ele></trkpt>
      <trkpt lat="49.148221" lon="19.714411"><ele>1266.6</ele></trkpt>
      <trkpt lat="49.148230" lon="19.714442"><ele>1267.2</ele></trkpt>
      <trkpt lat="49.148246" lon="19.714472"><ele>1268.0</ele></trkpt>
      <trkpt lat="49.148243" lon="19.714502"><ele>1268.8</ele></trkpt>
      <trkpt lat="49.148230" lon="19.714534"><ele>1269.8</ele></trkpt>
      <trkpt lat="49.148237" lon="19.714565"><ele>1270.8</ele></trkpt>
      <trkpt lat="49.148243" lon="19.714598"><ele>1271.4</ele></trkpt>
      <trkpt lat="49.148243" lon="19.714648"><ele>1272.4</ele></trkpt>
      <trkpt lat="49.148246" lon="19.714675"><ele>1273.0</ele></trkpt>
      <trkpt lat="49.148262" lon="19.714701"><ele>1273.4</ele></trkpt>
      <trkpt lat="49.148278" lon="19.714728"><ele>1274.0</ele></trkpt>
      <trkpt lat="49.148285" lon="19.714757"><ele>1275.0</ele></trkpt>
      <trkpt lat="49.148298" lon="19.714779"><ele>1275.6</ele></trkpt>
      <trkpt lat="49.148298" lon="19.714808"><ele>1276.2</ele></trkpt>
      <trkpt lat="49.148298" lon="19.714838"><ele>1276.8</ele></trkpt>
      <trkpt lat="49.148304" lon="19.714877"><ele>1277.8</ele></trkpt>
      <trkpt lat="49.148323" lon="19.714912"><ele>1278.4</ele></trkpt>
      <trkpt lat="49.148336" lon="19.714941"><ele>1279.0</ele></trkpt>
      <trkpt lat="49.148346" lon="19.714978"><ele>1279.6</ele></trkpt>
      <trkpt lat="49.148349" lon="19.715016"><ele>1280.2</ele></trkpt>
      <trkpt lat="49.148365" lon="19.715030"><ele>1280.8</ele></trkpt>
      <trkpt lat="49.148378" lon="19.715056"><ele>1281.4</ele></trkpt>
      <trkpt lat="49.148403" lon="19.715086"><ele>1282.4</ele></trkpt>
      <trkpt lat="49.148435" lon="19.715102"><ele>1283.0</ele></trkpt>
      <trkpt lat="49.148438" lon="19.715131"><ele>1284.0</ele></trkpt>
      <trkpt lat="49.148435" lon="19.715165"><ele>1284.8</ele></trkpt>
      <trkpt lat="49.148445" lon="19.715190"><ele>1285.6</ele></trkpt>
      <trkpt lat="49.148458" lon="19.715218"><ele>1286.0</ele></trkpt>
      <trkpt lat="49.148464" lon="19.715245"><ele>1286.4</ele></trkpt>
      <trkpt lat="49.148467" lon="19.715280"><ele>1287.0</ele></trkpt>
      <trkpt lat="49.148480" lon="19.715317"><ele>1287.4</ele></trkpt>
      <trkpt lat="49.148467" lon="19.715354"><ele>1287.8</ele></trkpt>
      <trkpt lat="49.148458" lon="19.715398"><ele>1288.2</ele></trkpt>
      <trkpt lat="49.148464" lon="19.715438"><ele>1288.4</ele></trkpt>
      <trkpt lat="49.148467" lon="19.715488"><ele>1288.6</ele></trkpt>
      <trkpt lat="49.148461" lon="19.715533"><ele>1289.0</ele></trkpt>
      <trkpt lat="49.148445" lon="19.715563"><ele>1289.6</ele></trkpt>
      <trkpt lat="49.148435" lon="19.715595"><ele>1289.8</ele></trkpt>
      <trkpt lat="49.148422" lon="19.715637"><ele>1289.8</ele></trkpt>
      <trkpt lat="49.148429" lon="19.715670"><ele>1290.0</ele></trkpt>
      <trkpt lat="49.148442" lon="19.715698"><ele>1290.4</ele></trkpt>
      <trkpt lat="49.148442" lon="19.715733"><ele>1291.0</ele></trkpt>
      <trkpt lat="49.148435" lon="19.715770"><ele>1291.4</ele></trkpt>
      <trkpt lat="49.148422" lon="19.715805"><ele>1291.8</ele></trkpt>
      <trkpt lat="49.148410" lon="19.715840"><ele>1292.2</ele></trkpt>
      <trkpt lat="49.148416" lon="19.715870"><ele>1293.0</ele></trkpt>
      <trkpt lat="49.148403" lon="19.715901"><ele>1293.4</ele></trkpt>
      <trkpt lat="49.148397" lon="19.715949"><ele>1293.6</ele></trkpt>
      <trkpt lat="49.148403" lon="19.715994"><ele>1294.0</ele></trkpt>
      <trkpt lat="49.148397" lon="19.716051"><ele>1294.4</ele></trkpt>
      <trkpt lat="49.148400" lon="19.716090"><ele>1294.6</ele></trkpt>
      <trkpt lat="49.148400" lon="19.716123"><ele>1295.2</ele></trkpt>
      <trkpt lat="49.148403" lon="19.716152"><ele>1295.6</ele></trkpt>
      <trkpt lat="49.148410" lon="19.716181"><ele>1296.4</ele></trkpt>
      <trkpt lat="49.148397" lon="19.716221"><ele>1296.8</ele></trkpt>
      <trkpt lat="49.148390" lon="19.716253"><ele>1297.6</ele></trkpt>
      <trkpt lat="49.148400" lon="19.716277"><ele>1298.0</ele></trkpt>
      <trkpt lat="49.148403" lon="19.716309"><ele>1298.4</ele></trkpt>
      <trkpt lat="49.148406" lon="19.716336"><ele>1298.6</ele></trkpt>
      <trkpt lat="49.148403" lon="19.716368"><ele>1299.0</ele></trkpt>
      <trkpt lat="49.148397" lon="19.716408"><ele>1299.6</ele></trkpt>
      <trkpt lat="49.148390" lon="19.716437"><ele>1300.4</ele></trkpt>
      <trkpt lat="49.148397" lon="19.716467"><ele>1300.8</ele></trkpt>
      <trkpt lat="49.148400" lon="19.716499"><ele>1301.6</ele></trkpt>
      <trkpt lat="49.148410" lon="19.716528"><ele>1302.0</ele></trkpt>
      <trkpt lat="49.148422" lon="19.716550"><ele>1302.8</ele></trkpt>
      <trkpt lat="49.148442" lon="19.716579"><ele>1303.4</ele></trkpt>
      <trkpt lat="49.148442" lon="19.716618"><ele>1304.0</ele></trkpt>
      <trkpt lat="49.148435" lon="19.716646"><ele>1304.6</ele></trkpt>
      <trkpt lat="49.148422" lon="19.716677"><ele>1305.0</ele></trkpt>
      <trkpt lat="49.148426" lon="19.716717"><ele>1306.0</ele></trkpt>
      <trkpt lat="49.148435" lon="19.716744"><ele>1306.4</ele></trkpt>
      <trkpt lat="49.148445" lon="19.716774"><ele>1307.0</ele></trkpt>
      <trkpt lat="49.148464" lon="19.716805"><ele>1307.4</ele></trkpt>
      <trkpt lat="49.148477" lon="19.716834"><ele>1308.0</ele></trkpt>
      <trkpt lat="49.148483" lon="19.716874"><ele>1308.6</ele></trkpt>
      <trkpt lat="49.148483" lon="19.716902"><ele>1309.0</ele></trkpt>
      <trkpt lat="49.148480" lon="19.716934"><ele>1309.4</ele></trkpt>
      <trkpt lat="49.148470" lon="19.716962"><ele>1309.6</ele></trkpt>
      <trkpt lat="49.148467" lon="19.717005"><ele>1310.6</ele></trkpt>
      <trkpt lat="49.148464" lon="19.717032"><ele>1310.8</ele></trkpt>
      <trkpt lat="49.148477" lon="19.717074"><ele>1311.4</ele></trkpt>
      <trkpt lat="49.148496" lon="19.717088"><ele>1312.0</ele></trkpt>
      <trkpt lat="49.148486" lon="19.717103"><ele>1312.4</ele></trkpt>
      <trkpt lat="49.148467" lon="19.717133"><ele>1313.0</ele></trkpt>
      <trkpt lat="49.148470" lon="19.717170"><ele>1313.4</ele></trkpt>
      <trkpt lat="49.148477" lon="19.717197"><ele>1314.0</ele></trkpt>
      <trkpt lat="49.148477" lon="19.717227"><ele>1314.6</ele></trkpt>
      <trkpt lat="49.148486" lon="19.717251"><ele>1315.0</ele></trkpt>
      <trkpt lat="49.148506" lon="19.717253"><ele>1315.8</ele></trkpt>
      <trkpt lat="49.148525" lon="19.717285"><ele>1316.6</ele></trkpt>
      <trkpt lat="49.148515" lon="19.717317"><ele>1317.4</ele></trkpt>
      <trkpt lat="49.148522" lon="19.717346"><ele>1318.6</ele></trkpt>
      <trkpt lat="49.148515" lon="19.717373"><ele>1319.4</ele></trkpt>
      <trkpt lat="49.148509" lon="19.717402"><ele>1320.0</ele></trkpt>
      <trkpt lat="49.148522" lon="19.717432"><ele>1320.8</ele></trkpt>
      <trkpt lat="49.148522" lon="19.717475"><ele>1321.2</ele></trkpt>
      <trkpt lat="49.148528" lon="19.717502"><ele>1321.6</ele></trkpt>
      <trkpt lat="49.148550" lon="19.717523"><ele>1322.2</ele></trkpt>
      <trkpt lat="49.148563" lon="19.717554"><ele>1323.0</ele></trkpt>
      <trkpt lat="49.148576" lon="19.717579"><ele>1323.6</ele></trkpt>
      <trkpt lat="49.148579" lon="19.717621"><ele>1324.6</ele></trkpt>
      <trkpt lat="49.148563" lon="19.717659"><ele>1325.0</ele></trkpt>
      <trkpt lat="49.148563" lon="19.717696"><ele>1325.4</ele></trkpt>
      <trkpt lat="49.148560" lon="19.717736"><ele>1326.0</ele></trkpt>
      <trkpt lat="49.148547" lon="19.717778"><ele>1326.4</ele></trkpt>
      <trkpt lat="49.148538" lon="19.717808"><ele>1327.0</ele></trkpt>
      <trkpt lat="49.148525" lon="19.717838"><ele>1327.6</ele></trkpt>
      <trkpt lat="49.148518" lon="19.717866"><ele>1328.2</ele></trkpt>
      <trkpt lat="49.148515" lon="19.717898"><ele>1328.8</ele></trkpt>
      <trkpt lat="49.148522" lon="19.717938"><ele>1329.6</ele></trkpt>
      <trkpt lat="49.148534" lon="19.717970"><ele>1330.2</ele></trkpt>
      <trkpt lat="49.148560" lon="19.717987"><ele>1331.0</ele></trkpt>
      <trkpt lat="49.148576" lon="19.718018"><ele>1332.4</ele></trkpt>
      <trkpt lat="49.148589" lon="19.718042"><ele>1332.8</ele></trkpt>
      <trkpt lat="49.148602" lon="19.718069"><ele>1334.0</ele></trkpt>
      <trkpt lat="49.148634" lon="19.718054"><ele>1334.2</ele></trkpt>
      <trkpt lat="49.148659" lon="19.718046"><ele>1334.4</ele></trkpt>
      <trkpt lat="49.148685" lon="19.718046"><ele>1334.6</ele></trkpt>
      <trkpt lat="49.148704" lon="19.718056"><ele>1335.0</ele></trkpt>
      <trkpt lat="49.148723" lon="19.718056"><ele>1336.0</ele></trkpt>
      <trkpt lat="49.148742" lon="19.718074"><ele>1336.6</ele></trkpt>
      <trkpt lat="49.148762" lon="19.718074"><ele>1337.0</ele></trkpt>
      <trkpt lat="49.148787" lon="19.718064"><ele>1337.4</ele></trkpt>
      <trkpt lat="49.148813" lon="19.718064"><ele>1338.2</ele></trkpt>
      <trkpt lat="49.148835" lon="19.718069"><ele>1339.0</ele></trkpt>
      <trkpt lat="49.148861" lon="19.718099"><ele>1339.6</ele></trkpt>
      <trkpt lat="49.148898" lon="19.718173"><ele>1339.8</ele></trkpt>
      <trkpt lat="49.148912" lon="19.718189"><ele>1340.2</ele></trkpt>
      <trkpt lat="49.148925" lon="19.718210"><ele>1340.4</ele></trkpt>
      <trkpt lat="49.148934" lon="19.718248"><ele>1340.8</ele></trkpt>
      <trkpt lat="49.148934" lon="19.718285"><ele>1341.4</ele></trkpt>
      <trkpt lat="49.148941" lon="19.718322"><ele>1342.0</ele></trkpt>
      <trkpt lat="49.148963" lon="19.718342"><ele>1342.6</ele></trkpt>
      <trkpt lat="49.148979" lon="19.718362"><ele>1343.2</ele></trkpt>
      <trkpt lat="49.148995" lon="19.718374"><ele>1344.2</ele></trkpt>
      <trkpt lat="49.149005" lon="19.718411"><ele>1345.4</ele></trkpt>
      <trkpt lat="49.149024" lon="19.718416"><ele>1345.8</ele></trkpt>
      <trkpt lat="49.149053" lon="19.718437"><ele>1346.6</ele></trkpt>
      <trkpt lat="49.149048" lon="19.718547"><ele>1347.0</ele></trkpt>
      <trkpt lat="49.149043" lon="19.718597"><ele>1348.0</ele></trkpt>
      <trkpt lat="49.149053" lon="19.718626"><ele>1348.8</ele></trkpt>
      <trkpt lat="49.149059" lon="19.718653"><ele>1349.6</ele></trkpt>
      <trkpt lat="49.149040" lon="19.718683"><ele>1350.4</ele></trkpt>
      <trkpt lat="49.149066" lon="19.718696"><ele>1351.6</ele></trkpt>
      <trkpt lat="49.149082" lon="19.718731"><ele>1352.6</ele></trkpt>
      <trkpt lat="49.149098" lon="19.718755"><ele>1353.6</ele></trkpt>
      <trkpt lat="49.149098" lon="19.718798"><ele>1354.0</ele></trkpt>
      <trkpt lat="49.149094" lon="19.718832"><ele>1354.8</ele></trkpt>
      <trkpt lat="49.149075" lon="19.718850"><ele>1355.4</ele></trkpt>
      <trkpt lat="49.149059" lon="19.718866"><ele>1355.8</ele></trkpt>
      <trkpt lat="49.149046" lon="19.718888"><ele>1356.0</ele></trkpt>
      <trkpt lat="49.149024" lon="19.718930"><ele>1356.4</ele></trkpt>
      <trkpt lat="49.149002" lon="19.718950"><ele>1356.8</ele></trkpt>
      <trkpt lat="49.148979" lon="19.718981"><ele>1357.6</ele></trkpt>
      <trkpt lat="49.148963" lon="19.718998"><ele>1358.2</ele></trkpt>
      <trkpt lat="49.148947" lon="19.719037"><ele>1358.6</ele></trkpt>
      <trkpt lat="49.148934" lon="19.719069"><ele>1359.0</ele></trkpt>
      <trkpt lat="49.148912" lon="19.719093"><ele>1359.6</ele></trkpt>
      <trkpt lat="49.148899" lon="19.719120"><ele>1359.8</ele></trkpt>
      <trkpt lat="49.148877" lon="19.719171"><ele>1360.2</ele></trkpt>
      <trkpt lat="49.148867" lon="19.719200"><ele>1360.8</ele></trkpt>
      <trkpt lat="49.148906" lon="19.719190"><ele>1362.6</ele></trkpt>
      <trkpt lat="49.148934" lon="19.719171"><ele>1363.0</ele></trkpt>
      <trkpt lat="49.148954" lon="19.719179"><ele>1364.2</ele></trkpt>
      <trkpt lat="49.148966" lon="19.719206"><ele>1364.8</ele></trkpt>
      <trkpt lat="49.148982" lon="19.719230"><ele>1365.6</ele></trkpt>
      <trkpt lat="49.148998" lon="19.719256"><ele>1366.0</ele></trkpt>
      <trkpt lat="49.149014" lon="19.719286"><ele>1366.8</ele></trkpt>
      <trkpt lat="49.149024" lon="19.719318"><ele>1367.8</ele></trkpt>
      <trkpt lat="49.149040" lon="19.719349"><ele>1368.4</ele></trkpt>
      <trkpt lat="49.149059" lon="19.719379"><ele>1369.0</ele></trkpt>
      <trkpt lat="49.149075" lon="19.719405"><ele>1369.4</ele></trkpt>
      <trkpt lat="49.149094" lon="19.719411"><ele>1370.0</ele></trkpt>
      <trkpt lat="49.149114" lon="19.719429"><ele>1371.2</ele></trkpt>
      <trkpt lat="49.149133" lon="19.719470"><ele>1371.6</ele></trkpt>
      <trkpt lat="49.149133" lon="19.719501"><ele>1371.8</ele></trkpt>
      <trkpt lat="49.149120" lon="19.719526"><ele>1372.0</ele></trkpt>
      <trkpt lat="49.149114" lon="19.719566"><ele>1372.4</ele></trkpt>
      <trkpt lat="49.149104" lon="19.719594"><ele>1372.8</ele></trkpt>
      <trkpt lat="49.149110" lon="19.719626"><ele>1373.8</ele></trkpt>
      <trkpt lat="49.149104" lon="19.719662"><ele>1374.6</ele></trkpt>
      <trkpt lat="49.149114" lon="19.719686"><ele>1375.8</ele></trkpt>
      <trkpt lat="49.149136" lon="19.719704"><ele>1377.2</ele></trkpt>
      <trkpt lat="49.149146" lon="19.719738"><ele>1377.8</ele></trkpt>
      <trkpt lat="49.149178" lon="19.719766"><ele>1379.4</ele></trkpt>
      <trkpt lat="49.149194" lon="19.719779"><ele>1379.6</ele></trkpt>
      <trkpt lat="49.149210" lon="19.719795"><ele>1380.0</ele></trkpt>
      <trkpt lat="49.149203" lon="19.719827"><ele>1380.6</ele></trkpt>
      <trkpt lat="49.149210" lon="19.719854"><ele>1381.6</ele></trkpt>
      <trkpt lat="49.149200" lon="19.719882"><ele>1382.2</ele></trkpt>
      <trkpt lat="49.149197" lon="19.719910"><ele>1382.6</ele></trkpt>
      <trkpt lat="49.149194" lon="19.719938"><ele>1383.2</ele></trkpt>
      <trkpt lat="49.149181" lon="19.719971"><ele>1383.4</ele></trkpt>
      <trkpt lat="49.149158" lon="19.720003"><ele>1383.8</ele></trkpt>
      <trkpt lat="49.149142" lon="19.720037"><ele>1384.0</ele></trkpt>
      <trkpt lat="49.149126" lon="19.720077"><ele>1384.2</ele></trkpt>
      <trkpt lat="49.149133" lon="19.720114"><ele>1384.6</ele></trkpt>
      <trkpt lat="49.149146" lon="19.720136"><ele>1384.8</ele></trkpt>
      <trkpt lat="49.149171" lon="19.720126"><ele>1385.2</ele></trkpt>
      <trkpt lat="49.149171" lon="19.720174"><ele>1386.0</ele></trkpt>
      <trkpt lat="49.149190" lon="19.720166"><ele>1386.6</ele></trkpt>
      <trkpt lat="49.149200" lon="19.720141"><ele>1387.2</ele></trkpt>
      <trkpt lat="49.149222" lon="19.720154"><ele>1387.8</ele></trkpt>
      <trkpt lat="49.149238" lon="19.720171"><ele>1388.6</ele></trkpt>
      <trkpt lat="49.149264" lon="19.720182"><ele>1389.0</ele></trkpt>
      <trkpt lat="49.149277" lon="19.720210"><ele>1389.0</ele></trkpt>
      <trkpt lat="49.149302" lon="19.720226"><ele>1389.4</ele></trkpt>
      <trkpt lat="49.149322" lon="19.720240"><ele>1391.0</ele></trkpt>
      <trkpt lat="49.149334" lon="19.720270"><ele>1391.2</ele></trkpt>
      <trkpt lat="49.149354" lon="19.720262"><ele>1391.4</ele></trkpt>
      <trkpt lat="49.149370" lon="19.720275"><ele>1391.8</ele></trkpt>
      <trkpt lat="49.149379" lon="19.720299"><ele>1392.4</ele></trkpt>
      <trkpt lat="49.149395" lon="19.720322"><ele>1392.8</ele></trkpt>
      <trkpt lat="49.149418" lon="19.720330"><ele>1393.4</ele></trkpt>
      <trkpt lat="49.149437" lon="19.720334"><ele>1393.6</ele></trkpt>
      <trkpt lat="49.149459" lon="19.720339"><ele>1394.2</ele></trkpt>
      <trkpt lat="49.149488" lon="19.720344"><ele>1395.0</ele></trkpt>
      <trkpt lat="49.149510" lon="19.720360"><ele>1395.4</ele></trkpt>
      <trkpt lat="49.149533" lon="19.720379"><ele>1395.8</ele></trkpt>
      <trkpt lat="49.149552" lon="19.720414"><ele>1396.2</ele></trkpt>
      <trkpt lat="49.149574" lon="19.720448"><ele>1396.6</ele></trkpt>
      <trkpt lat="49.149590" lon="19.720464"><ele>1396.8</ele></trkpt>
      <trkpt lat="49.149610" lon="19.720496"><ele>1397.2</ele></trkpt>
      <trkpt lat="49.149619" lon="19.720520"><ele>1397.8</ele></trkpt>
      <trkpt lat="49.149642" lon="19.720550"><ele>1398.4</ele></trkpt>
      <trkpt lat="49.149658" lon="19.720579"><ele>1398.8</ele></trkpt>
      <trkpt lat="49.149667" lon="19.720611"><ele>1399.4</ele></trkpt>
      <trkpt lat="49.149674" lon="19.720650"><ele>1399.6</ele></trkpt>
      <trkpt lat="49.149690" lon="19.720680"><ele>1400.2</ele></trkpt>
      <trkpt lat="49.149699" lon="19.720706"><ele>1400.6</ele></trkpt>
      <trkpt lat="49.149715" lon="19.720739"><ele>1401.4</ele></trkpt>
      <trkpt lat="49.149712" lon="19.720778"><ele>1402.6</ele></trkpt>
      <trkpt lat="49.149699" lon="19.720814"><ele>1403.2</ele></trkpt>
      <trkpt lat="49.149709" lon="19.720851"><ele>1403.6</ele></trkpt>
      <trkpt lat="49.149712" lon="19.720886"><ele>1403.8</ele></trkpt>
      <trkpt lat="49.149718" lon="19.720920"><ele>1404.4</ele></trkpt>
      <trkpt lat="49.149712" lon="19.720949"><ele>1405.0</ele></trkpt>
      <trkpt lat="49.149731" lon="19.720970"><ele>1406.2</ele></trkpt>
      <trkpt lat="49.149750" lon="19.720960"><ele>1406.6</ele></trkpt>
      <trkpt lat="49.149770" lon="19.720947"><ele>1406.8</ele></trkpt>
      <trkpt lat="49.149786" lon="19.720923"><ele>1407.0</ele></trkpt>
      <trkpt lat="49.149811" lon="19.720918"><ele>1407.6</ele></trkpt>
      <trkpt lat="49.149834" lon="19.720939"><ele>1408.2</ele></trkpt>
      <trkpt lat="49.149856" lon="19.720957"><ele>1408.6</ele></trkpt>
      <trkpt lat="49.149875" lon="19.720970"><ele>1408.8</ele></trkpt>
      <trkpt lat="49.149898" lon="19.720989"><ele>1409.4</ele></trkpt>
      <trkpt lat="49.149894" lon="19.721034"><ele>1409.8</ele></trkpt>
      <trkpt lat="49.149878" lon="19.721058"><ele>1410.0</ele></trkpt>
      <trkpt lat="49.149885" lon="19.721085"><ele>1410.4</ele></trkpt>
      <trkpt lat="49.149872" lon="19.721122"><ele>1410.8</ele></trkpt>
      <trkpt lat="49.149866" lon="19.721173"><ele>1411.2</ele></trkpt>
      <trkpt lat="49.149840" lon="19.721186"><ele>1411.6</ele></trkpt>
      <trkpt lat="49.149821" lon="19.721205"><ele>1411.8</ele></trkpt>
      <trkpt lat="49.149811" lon="19.721243"><ele>1412.4</ele></trkpt>
      <trkpt lat="49.149802" lon="19.721293"><ele>1412.8</ele></trkpt>
      <trkpt lat="49.149792" lon="19.721317"><ele>1413.2</ele></trkpt>
      <trkpt lat="49.149779" lon="19.721341"><ele>1413.4</ele></trkpt>
      <trkpt lat="49.149776" lon="19.721381"><ele>1413.8</ele></trkpt>
      <trkpt lat="49.149792" lon="19.721402"><ele>1414.2</ele></trkpt>
      <trkpt lat="49.149773" lon="19.721434"><ele>1414.4</ele></trkpt>
      <trkpt lat="49.149766" lon="19.721462"><ele>1414.8</ele></trkpt>
      <trkpt lat="49.149750" lon="19.721483"><ele>1415.2</ele></trkpt>
      <trkpt lat="49.149734" lon="19.721504"><ele>1415.6</ele></trkpt>
      <trkpt lat="49.149738" lon="19.721531"><ele>1416.2</ele></trkpt>
      <trkpt lat="49.149718" lon="19.721552"><ele>1416.4</ele></trkpt>
      <trkpt lat="49.149715" lon="19.721582"><ele>1416.8</ele></trkpt>
      <trkpt lat="49.149731" lon="19.721611"><ele>1417.4</ele></trkpt>
      <trkpt lat="49.149734" lon="19.721642"><ele>1418.2</ele></trkpt>
      <trkpt lat="49.149734" lon="19.721683"><ele>1419.2</ele></trkpt>
      <trkpt lat="49.149722" lon="19.721718"><ele>1419.6</ele></trkpt>
      <trkpt lat="49.149709" lon="19.721744"><ele>1420.0</ele></trkpt>
      <trkpt lat="49.149696" lon="19.721765"><ele>1420.4</ele></trkpt>
      <trkpt lat="49.149686" lon="19.721794"><ele>1420.8</ele></trkpt>
      <trkpt lat="49.149670" lon="19.721821"><ele>1421.4</ele></trkpt>
      <trkpt lat="49.149661" lon="19.721850"><ele>1421.8</ele></trkpt>
      <trkpt lat="49.149667" lon="19.721886"><ele>1422.4</ele></trkpt>
      <trkpt lat="49.149667" lon="19.721930"><ele>1423.0</ele></trkpt>
      <trkpt lat="49.149651" lon="19.721954"><ele>1423.6</ele></trkpt>
      <trkpt lat="49.149648" lon="19.721981"><ele>1423.8</ele></trkpt>
      <trkpt lat="49.149642" lon="19.722010"><ele>1424.2</ele></trkpt>
      <trkpt lat="49.149642" lon="19.722059"><ele>1424.8</ele></trkpt>
      <trkpt lat="49.149638" lon="19.722086"><ele>1425.6</ele></trkpt>
      <trkpt lat="49.149632" lon="19.722117"><ele>1426.2</ele></trkpt>
      <trkpt lat="49.149632" lon="19.722166"><ele>1426.6</ele></trkpt>
      <trkpt lat="49.149622" lon="19.722197"><ele>1427.0</ele></trkpt>
      <trkpt lat="49.149642" lon="19.722186"><ele>1427.6</ele></trkpt>
      <trkpt lat="49.149670" lon="19.722178"><ele>1428.2</ele></trkpt>
      <trkpt lat="49.149693" lon="19.722174"><ele>1428.8</ele></trkpt>
      <trkpt lat="49.149715" lon="19.722189"><ele>1429.4</ele></trkpt>
      <trkpt lat="49.149741" lon="19.722190"><ele>1430.2</ele></trkpt>
      <trkpt lat="49.149766" lon="19.722198"><ele>1431.0</ele></trkpt>
      <trkpt lat="49.149776" lon="19.722238"><ele>1431.6</ele></trkpt>
      <trkpt lat="49.149779" lon="19.722270"><ele>1432.4</ele></trkpt>
      <trkpt lat="49.149798" lon="19.722275"><ele>1434.4</ele></trkpt>
      <trkpt lat="49.149821" lon="19.722267"><ele>1435.6</ele></trkpt>
      <trkpt lat="49.149840" lon="19.722256"><ele>1436.4</ele></trkpt>
      <trkpt lat="49.149856" lon="19.722269"><ele>1436.8</ele></trkpt>
      <trkpt lat="49.149875" lon="19.722283"><ele>1437.2</ele></trkpt>
      <trkpt lat="49.149901" lon="19.722309"><ele>1437.4</ele></trkpt>
      <trkpt lat="49.149926" lon="19.722320"><ele>1437.8</ele></trkpt>
      <trkpt lat="49.149949" lon="19.722334"><ele>1438.2</ele></trkpt>
      <trkpt lat="49.149971" lon="19.722346"><ele>1438.8</ele></trkpt>
      <trkpt lat="49.149990" lon="19.722334"><ele>1439.2</ele></trkpt>
      <trkpt lat="49.150016" lon="19.722349"><ele>1439.6</ele></trkpt>
      <trkpt lat="49.150038" lon="19.722357"><ele>1440.2</ele></trkpt>
      <trkpt lat="49.150058" lon="19.722368"><ele>1440.6</ele></trkpt>
      <trkpt lat="49.150070" lon="19.722389"><ele>1441.0</ele></trkpt>
      <trkpt lat="49.150083" lon="19.722426"><ele>1441.4</ele></trkpt>
      <trkpt lat="49.150093" lon="19.722474"><ele>1441.6</ele></trkpt>
      <trkpt lat="49.150086" lon="19.722512"><ele>1441.8</ele></trkpt>
      <trkpt lat="49.150074" lon="19.722538"><ele>1442.0</ele></trkpt>
      <trkpt lat="49.150054" lon="19.722571"><ele>1442.2</ele></trkpt>
      <trkpt lat="49.150038" lon="19.722586"><ele>1442.4</ele></trkpt>
      <trkpt lat="49.150019" lon="19.722602"><ele>1443.2</ele></trkpt>
      <trkpt lat="49.150016" lon="19.722629"><ele>1443.6</ele></trkpt>
      <trkpt lat="49.150016" lon="19.722662"><ele>1444.2</ele></trkpt>
      <trkpt lat="49.150000" lon="19.722678"><ele>1444.6</ele></trkpt>
      <trkpt lat="49.150013" lon="19.722710"><ele>1445.2</ele></trkpt>
      <trkpt lat="49.150019" lon="19.722741"><ele>1445.6</ele></trkpt>
      <trkpt lat="49.150013" lon="19.722768"><ele>1446.6</ele></trkpt>
      <trkpt lat="49.149990" lon="19.722784"><ele>1447.4</ele></trkpt>
      <trkpt lat="49.149978" lon="19.722818"><ele>1447.8</ele></trkpt>
      <trkpt lat="49.149974" lon="19.722864"><ele>1448.4</ele></trkpt>
      <trkpt lat="49.149952" lon="19.722891"><ele>1449.2</ele></trkpt>
      <trkpt lat="49.149939" lon="19.722912"><ele>1449.6</ele></trkpt>
      <trkpt lat="49.149926" lon="19.722942"><ele>1450.0</ele></trkpt>
      <trkpt lat="49.149914" lon="19.722973"><ele>1450.2</ele></trkpt>
      <trkpt lat="49.149901" lon="19.723010"><ele>1450.8</ele></trkpt>
      <trkpt lat="49.149894" lon="19.723042"><ele>1451.2</ele></trkpt>
      <trkpt lat="49.149885" lon="19.723080"><ele>1451.8</ele></trkpt>
      <trkpt lat="49.149907" lon="19.723085"><ele>1452.4</ele></trkpt>
      <trkpt lat="49.149910" lon="19.723022"><ele>1453.0</ele></trkpt>
      <trkpt lat="49.149936" lon="19.723010"><ele>1453.8</ele></trkpt>
      <trkpt lat="49.149958" lon="19.723024"><ele>1454.8</ele></trkpt>
      <trkpt lat="49.149974" lon="19.723042"><ele>1455.6</ele></trkpt>
      <trkpt lat="49.149994" lon="19.723048"><ele>1456.4</ele></trkpt>
      <trkpt lat="49.150016" lon="19.723053"><ele>1456.8</ele></trkpt>
      <trkpt lat="49.150045" lon="19.723048"><ele>1457.2</ele></trkpt>
      <trkpt lat="49.150064" lon="19.723056"><ele>1457.8</ele></trkpt>
      <trkpt lat="49.150083" lon="19.723074"><ele>1458.4</ele></trkpt>
      <trkpt lat="49.150099" lon="19.723094"><ele>1458.8</ele></trkpt>
      <trkpt lat="49.150141" lon="19.723150"><ele>1459.2</ele></trkpt>
      <trkpt lat="49.150163" lon="19.723179"><ele>1459.6</ele></trkpt>
      <trkpt lat="49.150173" lon="19.723211"><ele>1460.0</ele></trkpt>
      <trkpt lat="49.150192" lon="19.723221"><ele>1460.4</ele></trkpt>
      <trkpt lat="49.150214" lon="19.723227"><ele>1461.2</ele></trkpt>
      <trkpt lat="49.150227" lon="19.723248"><ele>1461.6</ele></trkpt>
      <trkpt lat="49.150237" lon="19.723282"><ele>1462.4</ele></trkpt>
      <trkpt lat="49.150230" lon="19.723309"><ele>1463.0</ele></trkpt>
      <trkpt lat="49.150246" lon="19.723333"><ele>1463.6</ele></trkpt>
      <trkpt lat="49.150253" lon="19.723363"><ele>1464.6</ele></trkpt>
      <trkpt lat="49.150246" lon="19.723402"><ele>1466.0</ele></trkpt>
      <trkpt lat="49.150253" lon="19.723430"><ele>1466.8</ele></trkpt>
      <trkpt lat="49.150246" lon="19.723462"><ele>1468.8</ele></trkpt>
      <trkpt lat="49.150230" lon="19.723477"><ele>1469.2</ele></trkpt>
      <trkpt lat="49.150208" lon="19.723512"><ele>1469.8</ele></trkpt>
      <trkpt lat="49.150189" lon="19.723542"><ele>1470.4</ele></trkpt>
      <trkpt lat="49.150182" lon="19.723571"><ele>1470.8</ele></trkpt>
      <trkpt lat="49.150182" lon="19.723600"><ele>1471.6</ele></trkpt>
      <trkpt lat="49.150208" lon="19.723605"><ele>1472.0</ele></trkpt>
      <trkpt lat="49.150224" lon="19.723618"><ele>1472.6</ele></trkpt>
      <trkpt lat="49.150237" lon="19.723648"><ele>1473.0</ele></trkpt>
      <trkpt lat="49.150266" lon="19.723669"><ele>1473.8</ele></trkpt>
      <trkpt lat="49.150278" lon="19.723696"><ele>1474.4</ele></trkpt>
      <trkpt lat="49.150294" lon="19.723730"><ele>1474.8</ele></trkpt>
      <trkpt lat="49.150310" lon="19.723763"><ele>1475.2</ele></trkpt>
      <trkpt lat="49.150317" lon="19.723794"><ele>1475.8</ele></trkpt>
      <trkpt lat="49.150333" lon="19.723810"><ele>1477.4</ele></trkpt>
      <trkpt lat="49.150352" lon="19.723827"><ele>1478.2</ele></trkpt>
      <trkpt lat="49.150342" lon="19.723854"><ele>1479.6</ele></trkpt>
      <trkpt lat="49.150323" lon="19.723886"><ele>1480.4</ele></trkpt>
      <trkpt lat="49.150307" lon="19.723918"><ele>1481.0</ele></trkpt>
      <trkpt lat="49.150291" lon="19.723952"><ele>1481.8</ele></trkpt>
      <trkpt lat="49.150278" lon="19.723979"><ele>1482.4</ele></trkpt>
      <trkpt lat="49.150262" lon="19.723998"><ele>1483.4</ele></trkpt>
      <trkpt lat="49.150253" lon="19.724027"><ele>1484.2</ele></trkpt>
      <trkpt lat="49.150246" lon="19.724056"><ele>1484.6</ele></trkpt>
      <trkpt lat="49.150230" lon="19.724093"><ele>1485.2</ele></trkpt>
      <trkpt lat="49.150214" lon="19.724110"><ele>1485.4</ele></trkpt>
      <trkpt lat="49.150198" lon="19.724150"><ele>1485.8</ele></trkpt>
      <trkpt lat="49.150214" lon="19.724163"><ele>1486.8</ele></trkpt>
      <trkpt lat="49.150230" lon="19.724141"><ele>1487.2</ele></trkpt>
      <trkpt lat="49.150266" lon="19.724157"><ele>1488.0</ele></trkpt>
      <trkpt lat="49.150291" lon="19.724192"><ele>1488.8</ele></trkpt>
      <trkpt lat="49.150307" lon="19.724224"><ele>1489.6</ele></trkpt>
      <trkpt lat="49.150304" lon="19.724261"><ele>1490.4</ele></trkpt>
      <trkpt lat="49.150291" lon="19.724306"><ele>1491.0</ele></trkpt>
      <trkpt lat="49.150285" lon="19.724341"><ele>1491.8</ele></trkpt>
      <trkpt lat="49.150275" lon="19.724371"><ele>1492.4</ele></trkpt>
      <trkpt lat="49.150262" lon="19.724395"><ele>1492.6</ele></trkpt>
      <trkpt lat="49.150278" lon="19.724421"><ele>1493.2</ele></trkpt>
      <trkpt lat="49.150298" lon="19.724424"><ele>1494.2</ele></trkpt>
      <trkpt lat="49.150298" lon="19.724461"><ele>1495.8</ele></trkpt>
      <trkpt lat="49.150317" lon="19.724451"><ele>1497.6</ele></trkpt>
      <trkpt lat="49.150326" lon="19.724483"><ele>1498.4</ele></trkpt>
      <trkpt lat="49.150323" lon="19.724515"><ele>1498.8</ele></trkpt>
      <trkpt lat="49.150333" lon="19.724558"><ele>1499.4</ele></trkpt>
      <trkpt lat="49.150346" lon="19.724581"><ele>1500.0</ele></trkpt>
      <trkpt lat="49.150355" lon="19.724614"><ele>1500.8</ele></trkpt>
      <trkpt lat="49.150365" lon="19.724643"><ele>1501.6</ele></trkpt>
      <trkpt lat="49.150371" lon="19.724680"><ele>1502.2</ele></trkpt>
      <trkpt lat="49.150378" lon="19.724707"><ele>1502.6</ele></trkpt>
      <trkpt lat="49.150394" lon="19.724726"><ele>1503.2</ele></trkpt>
      <trkpt lat="49.150397" lon="19.724757"><ele>1503.6</ele></trkpt>
      <trkpt lat="49.150390" lon="19.724790"><ele>1504.2</ele></trkpt>
      <trkpt lat="49.150397" lon="19.724830"><ele>1504.8</ele></trkpt>
      <trkpt lat="49.150410" lon="19.724859"><ele>1506.0</ele></trkpt>
      <trkpt lat="49.150410" lon="19.724898"><ele>1506.6</ele></trkpt>
      <trkpt lat="49.150416" lon="19.724928"><ele>1507.2</ele></trkpt>
      <trkpt lat="49.150435" lon="19.724931"><ele>1507.6</ele></trkpt>
      <trkpt lat="49.150442" lon="19.724960"><ele>1508.0</ele></trkpt>
      <trkpt lat="49.150442" lon="19.724989"><ele>1508.4</ele></trkpt>
      <trkpt lat="49.150432" lon="19.725014"><ele>1509.0</ele></trkpt>
      <trkpt lat="49.150448" lon="19.725038"><ele>1509.2</ele></trkpt>
      <trkpt lat="49.150454" lon="19.725066"><ele>1510.0</ele></trkpt>
      <trkpt lat="49.150477" lon="19.725085"><ele>1510.4</ele></trkpt>
      <trkpt lat="49.150483" lon="19.725120"><ele>1511.4</ele></trkpt>
      <trkpt lat="49.150477" lon="19.725149"><ele>1512.0</ele></trkpt>
      <trkpt lat="49.150483" lon="19.725176"><ele>1512.4</ele></trkpt>
      <trkpt lat="49.150486" lon="19.725206"><ele>1512.8</ele></trkpt>
      <trkpt lat="49.150486" lon="19.725240"><ele>1513.6</ele></trkpt>
      <trkpt lat="49.150477" lon="19.725267"><ele>1514.2</ele></trkpt>
      <trkpt lat="49.150490" lon="19.725302"><ele>1515.2</ele></trkpt>
      <trkpt lat="49.150506" lon="19.725326"><ele>1516.2</ele></trkpt>
      <trkpt lat="49.150534" lon="19.725338"><ele>1517.8</ele></trkpt>
      <trkpt lat="49.150560" lon="19.725366"><ele>1518.0</ele></trkpt>
      <trkpt lat="49.150566" lon="19.725394"><ele>1518.4</ele></trkpt>
      <trkpt lat="49.150560" lon="19.725422"><ele>1518.6</ele></trkpt>
      <trkpt lat="49.150570" lon="19.725466"><ele>1519.2</ele></trkpt>
      <trkpt lat="49.150570" lon="19.725502"><ele>1519.4</ele></trkpt>
      <trkpt lat="49.150547" lon="19.725536"><ele>1520.0</ele></trkpt>
      <trkpt lat="49.150534" lon="19.725571"><ele>1521.0</ele></trkpt>
      <trkpt lat="49.150525" lon="19.725600"><ele>1521.8</ele></trkpt>
      <trkpt lat="49.150512" lon="19.725626"><ele>1522.4</ele></trkpt>
      <trkpt lat="49.150515" lon="19.725654"><ele>1523.0</ele></trkpt>
      <trkpt lat="49.150525" lon="19.725683"><ele>1524.0</ele></trkpt>
      <trkpt lat="49.150528" lon="19.725710"><ele>1524.4</ele></trkpt>
      <trkpt lat="49.150528" lon="19.725749"><ele>1525.6</ele></trkpt>
      <trkpt lat="49.150525" lon="19.725776"><ele>1526.0</ele></trkpt>
      <trkpt lat="49.150525" lon="19.725805"><ele>1526.4</ele></trkpt>
      <trkpt lat="49.150531" lon="19.725838"><ele>1527.2</ele></trkpt>
      <trkpt lat="49.150544" lon="19.725875"><ele>1527.8</ele></trkpt>
      <trkpt lat="49.150550" lon="19.725902"><ele>1528.6</ele></trkpt>
      <trkpt lat="49.150563" lon="19.725930"><ele>1529.0</ele></trkpt>
      <trkpt lat="49.150563" lon="19.725965"><ele>1530.0</ele></trkpt>
      <trkpt lat="49.150570" lon="19.726002"><ele>1530.4</ele></trkpt>
      <trkpt lat="49.150586" lon="19.726027"><ele>1531.4</ele></trkpt>
      <trkpt lat="49.150582" lon="19.726062"><ele>1531.6</ele></trkpt>
      <trkpt lat="49.150566" lon="19.726104"><ele>1531.8</ele></trkpt>
      <trkpt lat="49.150563" lon="19.726136"><ele>1532.0</ele></trkpt>
      <trkpt lat="49.150582" lon="19.726166"><ele>1533.0</ele></trkpt>
      <trkpt lat="49.150592" lon="19.726206"><ele>1533.4</ele></trkpt>
      <trkpt lat="49.150602" lon="19.726248"><ele>1534.2</ele></trkpt>
      <trkpt lat="49.150595" lon="19.726275"><ele>1535.2</ele></trkpt>
      <trkpt lat="49.150595" lon="19.726309"><ele>1536.0</ele></trkpt>
      <trkpt lat="49.150602" lon="19.726338"><ele>1536.4</ele></trkpt>
      <trkpt lat="49.150605" lon="19.726365"><ele>1537.2</ele></trkpt>
      <trkpt lat="49.150608" lon="19.726392"><ele>1538.2</ele></trkpt>
      <trkpt lat="49.150605" lon="19.726429"><ele>1539.0</ele></trkpt>
      <trkpt lat="49.150605" lon="19.726458"><ele>1540.0</ele></trkpt>
      <trkpt lat="49.150614" lon="19.726499"><ele>1540.4</ele></trkpt>
      <trkpt lat="49.150630" lon="19.726528"><ele>1541.0</ele></trkpt>
      <trkpt lat="49.150627" lon="19.726558"><ele>1541.4</ele></trkpt>
      <trkpt lat="49.150621" lon="19.726590"><ele>1542.0</ele></trkpt>
      <trkpt lat="49.150624" lon="19.726624"><ele>1542.6</ele></trkpt>
      <trkpt lat="49.150624" lon="19.726666"><ele>1543.0</ele></trkpt>
      <trkpt lat="49.150627" lon="19.726698"><ele>1543.4</ele></trkpt>
      <trkpt lat="49.150646" lon="19.726694"><ele>1544.0</ele></trkpt>
      <trkpt lat="49.150672" lon="19.726680"><ele>1544.6</ele></trkpt>
      <trkpt lat="49.150685" lon="19.726704"><ele>1545.6</ele></trkpt>
      <trkpt lat="49.150672" lon="19.726725"><ele>1546.0</ele></trkpt>
      <trkpt lat="49.150672" lon="19.726762"><ele>1546.4</ele></trkpt>
      <trkpt lat="49.150691" lon="19.726792"><ele>1547.4</ele></trkpt>
      <trkpt lat="49.150701" lon="19.726826"><ele>1548.2</ele></trkpt>
      <trkpt lat="49.150704" lon="19.726853"><ele>1549.6</ele></trkpt>
      <trkpt lat="49.150710" lon="19.726885"><ele>1551.0</ele></trkpt>
      <trkpt lat="49.150714" lon="19.726925"><ele>1551.8</ele></trkpt>
      <trkpt lat="49.150739" lon="19.726938"><ele>1552.6</ele></trkpt>
      <trkpt lat="49.150746" lon="19.726986"><ele>1553.4</ele></trkpt>
      <trkpt lat="49.150730" lon="19.727018"><ele>1554.0</ele></trkpt>
      <trkpt lat="49.150739" lon="19.727043"><ele>1554.2</ele></trkpt>
      <trkpt lat="49.150758" lon="19.727077"><ele>1555.0</ele></trkpt>
      <trkpt lat="49.150768" lon="19.727102"><ele>1555.4</ele></trkpt>
      <trkpt lat="49.150787" lon="19.727114"><ele>1555.8</ele></trkpt>
      <trkpt lat="49.150794" lon="19.727142"><ele>1556.6</ele></trkpt>
      <trkpt lat="49.150800" lon="19.727170"><ele>1557.4</ele></trkpt>
      <trkpt lat="49.150806" lon="19.727198"><ele>1557.8</ele></trkpt>
      <trkpt lat="49.150813" lon="19.727235"><ele>1558.6</ele></trkpt>
      <trkpt lat="49.150806" lon="19.727269"><ele>1559.0</ele></trkpt>
      <trkpt lat="49.150819" lon="19.727293"><ele>1559.6</ele></trkpt>
      <trkpt lat="49.150838" lon="19.727315"><ele>1558.2</ele></trkpt>
      <trkpt lat="49.150842" lon="19.727344"><ele>1559.6</ele></trkpt>
      <trkpt lat="49.150842" lon="19.727381"><ele>1561.0</ele></trkpt>
      <trkpt lat="49.150838" lon="19.727421"><ele>1562.2</ele></trkpt>
      <trkpt lat="49.150842" lon="19.727461"><ele>1563.0</ele></trkpt>
      <trkpt lat="49.150848" lon="19.727494"><ele>1563.8</ele></trkpt>
      <trkpt lat="49.150845" lon="19.727526"><ele>1564.6</ele></trkpt>
      <trkpt lat="49.150858" lon="19.727549"><ele>1565.2</ele></trkpt>
      <trkpt lat="49.150880" lon="19.727578"><ele>1566.0</ele></trkpt>
      <trkpt lat="49.150890" lon="19.727611"><ele>1566.8</ele></trkpt>
      <trkpt lat="49.150899" lon="19.727638"><ele>1567.6</ele></trkpt>
      <trkpt lat="49.150912" lon="19.727662"><ele>1569.0</ele></trkpt>
      <trkpt lat="49.150925" lon="19.727693"><ele>1570.2</ele></trkpt>
      <trkpt lat="49.150931" lon="19.727731"><ele>1571.2</ele></trkpt>
      <trkpt lat="49.150925" lon="19.727766"><ele>1572.2</ele></trkpt>
      <trkpt lat="49.150931" lon="19.727798"><ele>1573.2</ele></trkpt>
      <trkpt lat="49.150931" lon="19.727835"><ele>1574.0</ele></trkpt>
      <trkpt lat="49.150944" lon="19.727856"><ele>1574.6</ele></trkpt>
      <trkpt lat="49.150963" lon="19.727882"><ele>1575.6</ele></trkpt>
      <trkpt lat="49.150973" lon="19.727906"><ele>1576.2</ele></trkpt>
      <trkpt lat="49.150979" lon="19.727936"><ele>1577.4</ele></trkpt>
      <trkpt lat="49.150986" lon="19.727963"><ele>1578.4</ele></trkpt>
      <trkpt lat="49.151002" lon="19.727987"><ele>1579.2</ele></trkpt>
      <trkpt lat="49.151005" lon="19.728016"><ele>1580.6</ele></trkpt>
      <trkpt lat="49.151018" lon="19.728040"><ele>1581.2</ele></trkpt>
      <trkpt lat="49.151027" lon="19.728064"><ele>1582.2</ele></trkpt>
      <trkpt lat="49.151046" lon="19.728069"><ele>1582.4</ele></trkpt>
      <trkpt lat="49.151050" lon="19.728102"><ele>1583.2</ele></trkpt>
      <trkpt lat="49.151040" lon="19.728136"><ele>1584.0</ele></trkpt>
      <trkpt lat="49.151062" lon="19.728152"><ele>1584.6</ele></trkpt>
      <trkpt lat="49.151072" lon="19.728178"><ele>1585.4</ele></trkpt>
      <trkpt lat="49.151088" lon="19.728195"><ele>1585.6</ele></trkpt>
      <trkpt lat="49.151101" lon="19.728219"><ele>1586.0</ele></trkpt>
      <trkpt lat="49.151104" lon="19.728246"><ele>1586.6</ele></trkpt>
      <trkpt lat="49.151110" lon="19.728278"><ele>1587.2</ele></trkpt>
      <trkpt lat="49.151117" lon="19.728314"><ele>1588.0</ele></trkpt>
      <trkpt lat="49.151130" lon="19.728342"><ele>1588.8</ele></trkpt>
      <trkpt lat="49.151149" lon="19.728366"><ele>1589.6</ele></trkpt>
      <trkpt lat="49.151158" lon="19.728394"><ele>1590.0</ele></trkpt>
      <trkpt lat="49.151168" lon="19.728427"><ele>1590.8</ele></trkpt>
      <trkpt lat="49.151178" lon="19.728454"><ele>1591.6</ele></trkpt>
      <trkpt lat="49.151190" lon="19.728491"><ele>1592.6</ele></trkpt>
      <trkpt lat="49.151203" lon="19.728515"><ele>1593.6</ele></trkpt>
      <trkpt lat="49.151222" lon="19.728525"><ele>1594.4</ele></trkpt>
      <trkpt lat="49.151245" lon="19.728549"><ele>1595.0</ele></trkpt>
      <trkpt lat="49.151251" lon="19.728586"><ele>1595.8</ele></trkpt>
      <trkpt lat="49.151258" lon="19.728622"><ele>1596.8</ele></trkpt>
      <trkpt lat="49.151261" lon="19.728670"><ele>1599.4</ele></trkpt>
      <trkpt lat="49.151270" lon="19.728714"><ele>1600.0</ele></trkpt>
      <trkpt lat="49.151277" lon="19.728755"><ele>1600.4</ele></trkpt>
      <trkpt lat="49.151283" lon="19.728797"><ele>1600.8</ele></trkpt>
      <trkpt lat="49.151306" lon="19.728832"><ele>1601.2</ele></trkpt>
      <trkpt lat="49.151315" lon="19.728858"><ele>1601.8</ele></trkpt>
      <trkpt lat="49.151325" lon="19.728888"><ele>1603.0</ele></trkpt>
      <trkpt lat="49.151325" lon="19.728917"><ele>1603.2</ele></trkpt>
      <trkpt lat="49.151338" lon="19.728949"><ele>1604.0</ele></trkpt>
      <trkpt lat="49.151357" lon="19.728968"><ele>1604.6</ele></trkpt>
      <trkpt lat="49.151363" lon="19.729006"><ele>1605.2</ele></trkpt>
      <trkpt lat="49.151376" lon="19.729032"><ele>1605.8</ele></trkpt>
      <trkpt lat="49.151389" lon="19.729056"><ele>1606.4</ele></trkpt>
      <trkpt lat="49.151414" lon="19.729062"><ele>1607.0</ele></trkpt>
      <trkpt lat="49.151434" lon="19.729080"><ele>1608.6</ele></trkpt>
      <trkpt lat="49.151459" lon="19.729098"><ele>1609.2</ele></trkpt>
      <trkpt lat="49.151478" lon="19.729112"><ele>1610.0</ele></trkpt>
      <trkpt lat="49.151494" lon="19.729128"><ele>1610.4</ele></trkpt>
      <trkpt lat="49.151514" lon="19.729131"><ele>1611.0</ele></trkpt>
      <trkpt lat="49.151533" lon="19.729152"><ele>1611.8</ele></trkpt>
      <trkpt lat="49.151539" lon="19.729189"><ele>1612.2</ele></trkpt>
      <trkpt lat="49.151558" lon="19.729216"><ele>1613.0</ele></trkpt>
      <trkpt lat="49.151574" lon="19.729245"><ele>1614.0</ele></trkpt>
      <trkpt lat="49.151600" lon="19.729245"><ele>1614.8</ele></trkpt>
      <trkpt lat="49.151616" lon="19.729261"><ele>1615.6</ele></trkpt>
      <trkpt lat="49.151632" lon="19.729274"><ele>1616.0</ele></trkpt>
      <trkpt lat="49.151654" lon="19.729288"><ele>1616.8</ele></trkpt>
      <trkpt lat="49.151677" lon="19.729315"><ele>1617.6</ele></trkpt>
      <trkpt lat="49.151686" lon="19.729346"><ele>1618.4</ele></trkpt>
      <trkpt lat="49.151706" lon="19.729389"><ele>1619.0</ele></trkpt>
      <trkpt lat="49.151728" lon="19.729410"><ele>1619.6</ele></trkpt>
      <trkpt lat="49.151747" lon="19.729437"><ele>1620.4</ele></trkpt>
      <trkpt lat="49.151763" lon="19.729453"><ele>1621.0</ele></trkpt>
      <trkpt lat="49.151782" lon="19.729472"><ele>1621.8</ele></trkpt>
      <trkpt lat="49.151798" lon="19.729498"><ele>1622.4</ele></trkpt>
      <trkpt lat="49.151811" lon="19.729534"><ele>1623.0</ele></trkpt>
      <trkpt lat="49.151827" lon="19.729549"><ele>1623.8</ele></trkpt>
      <trkpt lat="49.151846" lon="19.729566"><ele>1624.4</ele></trkpt>
      <trkpt lat="49.151866" lon="19.729582"><ele>1625.2</ele></trkpt>
      <trkpt lat="49.151891" lon="19.729602"><ele>1626.0</ele></trkpt>
      <trkpt lat="49.151904" lon="19.729622"><ele>1626.8</ele></trkpt>
      <trkpt lat="49.151920" lon="19.729642"><ele>1627.2</ele></trkpt>
      <trkpt lat="49.151942" lon="19.729666"><ele>1627.6</ele></trkpt>
      <trkpt lat="49.151962" lon="19.729683"><ele>1628.0</ele></trkpt>
      <trkpt lat="49.151981" lon="19.729693"><ele>1628.4</ele></trkpt>
      <trkpt lat="49.151997" lon="19.729710"><ele>1629.2</ele></trkpt>
      <trkpt lat="49.152013" lon="19.729731"><ele>1629.6</ele></trkpt>
      <trkpt lat="49.152035" lon="19.729746"><ele>1630.2</ele></trkpt>
      <trkpt lat="49.152058" lon="19.729747"><ele>1631.0</ele></trkpt>
      <trkpt lat="49.152077" lon="19.729754"><ele>1631.8</ele></trkpt>
      <trkpt lat="49.152099" lon="19.729754"><ele>1632.4</ele></trkpt>
      <trkpt lat="49.152118" lon="19.729760"><ele>1633.0</ele></trkpt>
      <trkpt lat="49.152125" lon="19.729792"><ele>1633.4</ele></trkpt>
      <trkpt lat="49.152131" lon="19.729824"><ele>1634.0</ele></trkpt>
      <trkpt lat="49.152141" lon="19.729854"><ele>1634.2</ele></trkpt>
      <trkpt lat="49.152154" lon="19.729877"><ele>1634.6</ele></trkpt>
      <trkpt lat="49.152163" lon="19.729904"><ele>1635.0</ele></trkpt>
      <trkpt lat="49.152189" lon="19.729930"><ele>1635.6</ele></trkpt>
      <trkpt lat="49.152211" lon="19.729941"><ele>1636.2</ele></trkpt>
      <trkpt lat="49.152230" lon="19.729957"><ele>1636.6</ele></trkpt>
      <trkpt lat="49.152243" lon="19.729989"><ele>1637.2</ele></trkpt>
      <trkpt lat="49.152262" lon="19.730010"><ele>1637.6</ele></trkpt>
      <trkpt lat="49.152278" lon="19.730029"><ele>1638.4</ele></trkpt>
      <trkpt lat="49.152301" lon="19.730051"><ele>1639.2</ele></trkpt>
      <trkpt lat="49.152320" lon="19.730074"><ele>1639.6</ele></trkpt>
      <trkpt lat="49.152339" lon="19.730083"><ele>1640.2</ele></trkpt>
      <trkpt lat="49.152362" lon="19.730102"><ele>1640.8</ele></trkpt>
      <trkpt lat="49.152381" lon="19.730112"><ele>1641.2</ele></trkpt>
      <trkpt lat="49.152397" lon="19.730139"><ele>1642.2</ele></trkpt>
      <trkpt lat="49.152419" lon="19.730155"><ele>1642.8</ele></trkpt>
      <trkpt lat="49.152432" lon="19.730181"><ele>1643.2</ele></trkpt>
      <trkpt lat="49.152442" lon="19.730210"><ele>1643.8</ele></trkpt>
      <trkpt lat="49.152454" lon="19.730237"><ele>1644.6</ele></trkpt>
      <trkpt lat="49.152470" lon="19.730270"><ele>1645.4</ele></trkpt>
      <trkpt lat="49.152480" lon="19.730294"><ele>1646.0</ele></trkpt>
      <trkpt lat="49.152493" lon="19.730330"><ele>1646.6</ele></trkpt>
      <trkpt lat="49.152499" lon="19.730360"><ele>1646.4</ele></trkpt>
      <trkpt lat="49.152515" lon="19.730378"><ele>1646.0</ele></trkpt>
      <trkpt lat="49.152528" lon="19.730400"><ele>1647.0</ele></trkpt>
      <trkpt lat="49.152550" lon="19.730419"><ele>1647.8</ele></trkpt>
      <trkpt lat="49.152566" lon="19.730440"><ele>1648.6</ele></trkpt>
      <trkpt lat="49.152586" lon="19.730469"><ele>1649.8</ele></trkpt>
      <trkpt lat="49.152595" lon="19.730501"><ele>1650.6</ele></trkpt>
      <trkpt lat="49.152608" lon="19.730530"><ele>1651.6</ele></trkpt>
      <trkpt lat="49.152627" lon="19.730560"><ele>1652.8</ele></trkpt>
      <trkpt lat="49.152630" lon="19.730587"><ele>1653.4</ele></trkpt>
      <trkpt lat="49.152640" lon="19.730621"><ele>1654.0</ele></trkpt>
      <trkpt lat="49.152640" lon="19.730654"><ele>1654.8</ele></trkpt>
      <trkpt lat="49.152656" lon="19.730685"><ele>1655.6</ele></trkpt>
      <trkpt lat="49.152672" lon="19.730706"><ele>1656.2</ele></trkpt>
      <trkpt lat="49.152691" lon="19.730730"><ele>1656.8</ele></trkpt>
      <trkpt lat="49.152701" lon="19.730757"><ele>1657.4</ele></trkpt>
      <trkpt lat="49.152710" lon="19.730786"><ele>1657.8</ele></trkpt>
      <trkpt lat="49.152726" lon="19.730805"><ele>1658.4</ele></trkpt>
      <trkpt lat="49.152749" lon="19.730829"><ele>1659.2</ele></trkpt>
      <trkpt lat="49.152768" lon="19.730859"><ele>1659.8</ele></trkpt>
      <trkpt lat="49.152787" lon="19.730888"><ele>1660.4</ele></trkpt>
      <trkpt lat="49.152813" lon="19.730914"><ele>1661.4</ele></trkpt>
      <trkpt lat="49.152845" lon="19.730920"><ele>1662.4</ele></trkpt>
      <trkpt lat="49.152864" lon="19.730920"><ele>1663.0</ele></trkpt>
      <trkpt lat="49.152883" lon="19.730934"><ele>1663.6</ele></trkpt>
      <trkpt lat="49.152899" lon="19.730968"><ele>1664.0</ele></trkpt>
      <trkpt lat="49.152909" lon="19.730997"><ele>1664.4</ele></trkpt>
      <trkpt lat="49.152918" lon="19.731032"><ele>1664.8</ele></trkpt>
      <trkpt lat="49.152928" lon="19.731062"><ele>1664.8</ele></trkpt>
      <trkpt lat="49.152938" lon="19.731096"><ele>1665.0</ele></trkpt>
      <trkpt lat="49.152954" lon="19.731110"><ele>1665.2</ele></trkpt>
      <trkpt lat="49.152938" lon="19.731094"><ele>1665.8</ele></trkpt>
      <trkpt lat="49.152944" lon="19.731056"><ele>1665.6</ele></trkpt>
      <trkpt lat="49.152957" lon="19.731029"><ele>1665.6</ele></trkpt>
      <trkpt lat="49.152928" lon="19.731067"><ele>1671.0</ele></trkpt>
      <trkpt lat="49.152934" lon="19.731101"><ele>1671.0</ele></trkpt>
      <trkpt lat="49.152947" lon="19.731126"><ele>1670.6</ele></trkpt>
      <trkpt lat="49.152963" lon="19.731150"><ele>1670.4</ele></trkpt>
      <trkpt lat="49.152970" lon="19.731178"><ele>1670.6</ele></trkpt>
      <trkpt lat="49.152986" lon="19.731190"><ele>1670.8</ele></trkpt>
      <trkpt lat="49.153005" lon="19.731224"><ele>1672.0</ele></trkpt>
      <trkpt lat="49.153027" lon="19.731243"><ele>1672.0</ele></trkpt>
      <trkpt lat="49.153053" lon="19.731256"><ele>1672.4</ele></trkpt>
      <trkpt lat="49.153072" lon="19.731272"><ele>1672.6</ele></trkpt>
      <trkpt lat="49.153094" lon="19.731283"><ele>1673.2</ele></trkpt>
      <trkpt lat="49.153117" lon="19.731291"><ele>1673.6</ele></trkpt>
      <trkpt lat="49.153133" lon="19.731310"><ele>1674.0</ele></trkpt>
      <trkpt lat="49.153146" lon="19.731333"><ele>1674.2</ele></trkpt>
      <trkpt lat="49.153165" lon="19.731344"><ele>1674.6</ele></trkpt>
      <trkpt lat="49.153187" lon="19.731357"><ele>1675.0</ele></trkpt>
      <trkpt lat="49.153210" lon="19.731373"><ele>1675.4</ele></trkpt>
      <trkpt lat="49.153229" lon="19.731398"><ele>1675.8</ele></trkpt>
      <trkpt lat="49.153251" lon="19.731394"><ele>1676.4</ele></trkpt>
      <trkpt lat="49.153267" lon="19.731411"><ele>1677.0</ele></trkpt>
      <trkpt lat="49.153286" lon="19.731406"><ele>1678.0</ele></trkpt>
      <trkpt lat="49.153312" lon="19.731411"><ele>1678.4</ele></trkpt>
      <trkpt lat="49.153334" lon="19.731421"><ele>1679.4</ele></trkpt>
      <trkpt lat="49.153354" lon="19.731416"><ele>1679.8</ele></trkpt>
      <trkpt lat="49.153373" lon="19.731422"><ele>1680.2</ele></trkpt>
      <trkpt lat="49.153389" lon="19.731435"><ele>1680.6</ele></trkpt>
      <trkpt lat="49.153411" lon="19.731453"><ele>1680.8</ele></trkpt>
      <trkpt lat="49.153427" lon="19.731466"><ele>1681.0</ele></trkpt>
      <trkpt lat="49.153446" lon="19.731475"><ele>1681.4</ele></trkpt>
      <trkpt lat="49.153472" lon="19.731485"><ele>1682.4</ele></trkpt>
      <trkpt lat="49.153494" lon="19.731494"><ele>1683.0</ele></trkpt>
      <trkpt lat="49.153510" lon="19.731510"><ele>1683.6</ele></trkpt>
      <trkpt lat="49.153520" lon="19.731539"><ele>1684.4</ele></trkpt>
      <trkpt lat="49.153542" lon="19.731568"><ele>1685.2</ele></trkpt>
      <trkpt lat="49.153558" lon="19.731594"><ele>1685.8</ele></trkpt>
      <trkpt lat="49.153574" lon="19.731618"><ele>1686.6</ele></trkpt>
      <trkpt lat="49.153594" lon="19.731624"><ele>1687.6</ele></trkpt>
      <trkpt lat="49.153610" lon="19.731658"><ele>1687.8</ele></trkpt>
      <trkpt lat="49.153626" lon="19.731674"><ele>1688.0</ele></trkpt>
      <trkpt lat="49.153642" lon="19.731691"><ele>1688.4</ele></trkpt>
      <trkpt lat="49.153661" lon="19.731699"><ele>1688.8</ele></trkpt>
      <trkpt lat="49.153683" lon="19.731702"><ele>1689.2</ele></trkpt>
      <trkpt lat="49.153702" lon="19.731704"><ele>1689.6</ele></trkpt>
      <trkpt lat="49.153728" lon="19.731701"><ele>1690.0</ele></trkpt>
      <trkpt lat="49.153760" lon="19.731698"><ele>1690.2</ele></trkpt>
      <trkpt lat="49.153786" lon="19.731698"><ele>1690.6</ele></trkpt>
      <trkpt lat="49.153805" lon="19.731701"><ele>1690.6</ele></trkpt>
      <trkpt lat="49.153830" lon="19.731717"><ele>1690.6</ele></trkpt>
      <trkpt lat="49.153859" lon="19.731728"><ele>1690.6</ele></trkpt>
      <trkpt lat="49.153885" lon="19.731739"><ele>1690.6</ele></trkpt>
      <trkpt lat="49.153901" lon="19.731760"><ele>1690.8</ele></trkpt>
      <trkpt lat="49.153910" lon="19.731789"><ele>1691.0</ele></trkpt>
      <trkpt lat="49.153926" lon="19.731808"><ele>1691.0</ele></trkpt>
      <trkpt lat="49.153952" lon="19.731818"><ele>1691.2</ele></trkpt>
      <trkpt lat="49.153978" lon="19.731830"><ele>1691.2</ele></trkpt>
      <trkpt lat="49.154003" lon="19.731848"><ele>1691.0</ele></trkpt>
      <trkpt lat="49.154029" lon="19.731866"><ele>1690.8</ele></trkpt>
      <trkpt lat="49.154058" lon="19.731878"><ele>1690.4</ele></trkpt>
      <trkpt lat="49.154083" lon="19.731885"><ele>1690.2</ele></trkpt>
      <trkpt lat="49.154106" lon="19.731886"><ele>1689.8</ele></trkpt>
      <trkpt lat="49.154134" lon="19.731898"><ele>1689.4</ele></trkpt>
      <trkpt lat="49.154170" lon="19.731910"><ele>1689.0</ele></trkpt>
      <trkpt lat="49.154198" lon="19.731925"><ele>1688.8</ele></trkpt>
      <trkpt lat="49.154218" lon="19.731938"><ele>1688.6</ele></trkpt>
      <trkpt lat="49.154237" lon="19.731952"><ele>1688.4</ele></trkpt>
      <trkpt lat="49.154256" lon="19.731970"><ele>1688.4</ele></trkpt>
      <trkpt lat="49.154275" lon="19.731987"><ele>1688.4</ele></trkpt>
      <trkpt lat="49.154315" lon="19.732031"><ele>1688.4</ele></trkpt>
      <trkpt lat="49.154342" lon="19.732077"><ele>1688.4</ele></trkpt>
      <trkpt lat="49.154358" lon="19.732109"><ele>1688.6</ele></trkpt>
      <trkpt lat="49.154374" lon="19.732134"><ele>1688.6</ele></trkpt>
      <trkpt lat="49.154394" lon="19.732154"><ele>1688.6</ele></trkpt>
      <trkpt lat="49.154432" lon="19.732201"><ele>1688.8</ele></trkpt>
      <trkpt lat="49.154458" lon="19.732230"><ele>1688.8</ele></trkpt>
      <trkpt lat="49.154477" lon="19.732248"><ele>1689.0</ele></trkpt>
      <trkpt lat="49.154506" lon="19.732267"><ele>1689.6</ele></trkpt>
      <trkpt lat="49.154528" lon="19.732285"><ele>1690.4</ele></trkpt>
      <trkpt lat="49.154547" lon="19.732307"><ele>1691.6</ele></trkpt>
      <trkpt lat="49.154573" lon="19.732326"><ele>1692.4</ele></trkpt>
      <trkpt lat="49.154586" lon="19.732347"><ele>1693.0</ele></trkpt>
      <trkpt lat="49.154605" lon="19.732373"><ele>1693.6</ele></trkpt>
      <trkpt lat="49.154624" lon="19.732387"><ele>1694.0</ele></trkpt>
      <trkpt lat="49.154646" lon="19.732402"><ele>1694.2</ele></trkpt>
      <trkpt lat="49.154666" lon="19.732419"><ele>1694.2</ele></trkpt>
      <trkpt lat="49.154694" lon="19.732442"><ele>1694.6</ele></trkpt>
      <trkpt lat="49.154720" lon="19.732466"><ele>1694.6</ele></trkpt>
      <trkpt lat="49.154746" lon="19.732483"><ele>1695.0</ele></trkpt>
      <trkpt lat="49.154771" lon="19.732522"><ele>1695.2</ele></trkpt>
      <trkpt lat="49.154797" lon="19.732555"><ele>1695.4</ele></trkpt>
      <trkpt lat="49.154813" lon="19.732568"><ele>1695.6</ele></trkpt>
      <trkpt lat="49.154845" lon="19.732587"><ele>1695.6</ele></trkpt>
      <trkpt lat="49.154864" lon="19.732597"><ele>1695.6</ele></trkpt>
      <trkpt lat="49.154890" lon="19.732606"><ele>1695.8</ele></trkpt>
      <trkpt lat="49.154918" lon="19.732630"><ele>1696.0</ele></trkpt>
      <trkpt lat="49.154950" lon="19.732645"><ele>1696.2</ele></trkpt>
      <trkpt lat="49.154976" lon="19.732658"><ele>1696.4</ele></trkpt>
      <trkpt lat="49.155002" lon="19.732664"><ele>1696.4</ele></trkpt>
      <trkpt lat="49.155030" lon="19.732680"><ele>1696.6</ele></trkpt>
      <trkpt lat="49.155050" lon="19.732686"><ele>1696.6</ele></trkpt>
      <trkpt lat="49.155082" lon="19.732699"><ele>1697.0</ele></trkpt>
      <trkpt lat="49.155114" lon="19.732704"><ele>1697.2</ele></trkpt>
      <trkpt lat="49.155133" lon="19.732712"><ele>1697.4</ele></trkpt>
      <trkpt lat="49.155158" lon="19.732720"><ele>1697.8</ele></trkpt>
      <trkpt lat="49.155190" lon="19.732731"><ele>1698.0</ele></trkpt>
      <trkpt lat="49.155213" lon="19.732730"><ele>1698.4</ele></trkpt>
      <trkpt lat="49.155235" lon="19.732744"><ele>1698.6</ele></trkpt>
      <trkpt lat="49.155258" lon="19.732770"><ele>1698.6</ele></trkpt>
      <trkpt lat="49.155274" lon="19.732784"><ele>1698.8</ele></trkpt>
      <trkpt lat="49.155299" lon="19.732814"><ele>1699.0</ele></trkpt>
      <trkpt lat="49.155328" lon="19.732826"><ele>1699.0</ele></trkpt>
      <trkpt lat="49.155347" lon="19.732830"><ele>1699.2</ele></trkpt>
      <trkpt lat="49.155366" lon="19.732853"><ele>1699.2</ele></trkpt>
      <trkpt lat="49.155386" lon="19.732878"><ele>1699.0</ele></trkpt>
      <trkpt lat="49.155411" lon="19.732888"><ele>1698.8</ele></trkpt>
      <trkpt lat="49.155440" lon="19.732898"><ele>1698.6</ele></trkpt>
      <trkpt lat="49.155469" lon="19.732910"><ele>1698.6</ele></trkpt>
      <trkpt lat="49.155494" lon="19.732920"><ele>1698.8</ele></trkpt>
      <trkpt lat="49.155514" lon="19.732942"><ele>1698.8</ele></trkpt>
      <trkpt lat="49.155536" lon="19.732978"><ele>1698.6</ele></trkpt>
      <trkpt lat="49.155552" lon="19.732994"><ele>1698.6</ele></trkpt>
      <trkpt lat="49.155574" lon="19.733003"><ele>1698.2</ele></trkpt>
      <trkpt lat="49.155600" lon="19.733005"><ele>1698.0</ele></trkpt>
      <trkpt lat="49.155635" lon="19.733021"><ele>1698.0</ele></trkpt>
      <trkpt lat="49.155664" lon="19.733058"><ele>1698.0</ele></trkpt>
      <trkpt lat="49.155696" lon="19.733088"><ele>1698.0</ele></trkpt>
      <trkpt lat="49.155712" lon="19.733101"><ele>1698.0</ele></trkpt>
      <trkpt lat="49.155731" lon="19.733114"><ele>1698.0</ele></trkpt>
      <trkpt lat="49.155747" lon="19.733128"><ele>1698.0</ele></trkpt>
      <trkpt lat="49.155763" lon="19.733141"><ele>1698.2</ele></trkpt>
      <trkpt lat="49.155779" lon="19.733154"><ele>1698.2</ele></trkpt>
      <trkpt lat="49.155827" lon="19.733170"><ele>1698.2</ele></trkpt>
      <trkpt lat="49.155856" lon="19.733181"><ele>1698.4</ele></trkpt>
      <trkpt lat="49.155888" lon="19.733203"><ele>1698.6</ele></trkpt>
      <trkpt lat="49.155904" lon="19.733219"><ele>1698.6</ele></trkpt>
      <trkpt lat="49.155930" lon="19.733259"><ele>1698.4</ele></trkpt>
      <trkpt lat="49.155946" lon="19.733299"><ele>1698.0</ele></trkpt>
      <trkpt lat="49.155962" lon="19.733346"><ele>1697.6</ele></trkpt>
      <trkpt lat="49.155987" lon="19.733381"><ele>1696.8</ele></trkpt>
      <trkpt lat="49.156016" lon="19.733411"><ele>1696.0</ele></trkpt>
      <trkpt lat="49.156035" lon="19.733427"><ele>1695.8</ele></trkpt>
      <trkpt lat="49.156064" lon="19.733437"><ele>1695.6</ele></trkpt>
      <trkpt lat="49.156093" lon="19.733459"><ele>1695.8</ele></trkpt>
      <trkpt lat="49.156112" lon="19.733475"><ele>1696.0</ele></trkpt>
      <trkpt lat="49.156141" lon="19.733499"><ele>1696.4</ele></trkpt>
      <trkpt lat="49.156173" lon="19.733523"><ele>1697.0</ele></trkpt>
      <trkpt lat="49.156205" lon="19.733541"><ele>1697.4</ele></trkpt>
      <trkpt lat="49.156221" lon="19.733554"><ele>1697.6</ele></trkpt>
      <trkpt lat="49.156246" lon="19.733576"><ele>1697.8</ele></trkpt>
      <trkpt lat="49.156275" lon="19.733603"><ele>1698.2</ele></trkpt>
      <trkpt lat="49.156323" lon="19.733631"><ele>1698.4</ele></trkpt>
      <trkpt lat="49.156358" lon="19.733643"><ele>1698.4</ele></trkpt>
      <trkpt lat="49.156384" lon="19.733646"><ele>1698.4</ele></trkpt>
      <trkpt lat="49.156410" lon="19.733656"><ele>1698.6</ele></trkpt>
      <trkpt lat="49.156429" lon="19.733666"><ele>1698.8</ele></trkpt>
      <trkpt lat="49.156461" lon="19.733675"><ele>1699.4</ele></trkpt>
      <trkpt lat="49.156480" lon="19.733675"><ele>1700.2</ele></trkpt>
      <trkpt lat="49.156502" lon="19.733664"><ele>1701.2</ele></trkpt>
      <trkpt lat="49.156522" lon="19.733667"><ele>1702.0</ele></trkpt>
      <trkpt lat="49.156547" lon="19.733680"><ele>1703.0</ele></trkpt>
      <trkpt lat="49.156566" lon="19.733688"><ele>1703.2</ele></trkpt>
      <trkpt lat="49.156589" lon="19.733688"><ele>1703.0</ele></trkpt>
      <trkpt lat="49.156605" lon="19.733712"><ele>1702.6</ele></trkpt>
      <trkpt lat="49.156627" lon="19.733720"><ele>1702.4</ele></trkpt>
      <trkpt lat="49.156646" lon="19.733720"><ele>1702.2</ele></trkpt>
      <trkpt lat="49.156672" lon="19.733720"><ele>1701.8</ele></trkpt>
      <trkpt lat="49.156698" lon="19.733723"><ele>1701.8</ele></trkpt>
      <trkpt lat="49.156726" lon="19.733723"><ele>1701.6</ele></trkpt>
      <trkpt lat="49.156746" lon="19.733733"><ele>1702.0</ele></trkpt>
      <trkpt lat="49.156768" lon="19.733734"><ele>1702.4</ele></trkpt>
      <trkpt lat="49.156787" lon="19.733718"><ele>1703.0</ele></trkpt>
      <trkpt lat="49.156810" lon="19.733714"><ele>1703.8</ele></trkpt>
      <trkpt lat="49.156842" lon="19.733715"><ele>1704.2</ele></trkpt>
      <trkpt lat="49.156864" lon="19.733726"><ele>1704.6</ele></trkpt>
      <trkpt lat="49.156877" lon="19.733747"><ele>1705.2</ele></trkpt>
      <trkpt lat="49.156899" lon="19.733774"><ele>1705.6</ele></trkpt>
      <trkpt lat="49.156925" lon="19.733794"><ele>1705.8</ele></trkpt>
      <trkpt lat="49.156950" lon="19.733798"><ele>1706.0</ele></trkpt>
      <trkpt lat="49.156970" lon="19.733814"><ele>1706.4</ele></trkpt>
      <trkpt lat="49.156998" lon="19.733832"><ele>1706.8</ele></trkpt>
      <trkpt lat="49.157021" lon="19.733846"><ele>1707.0</ele></trkpt>
      <trkpt lat="49.157040" lon="19.733854"><ele>1707.0</ele></trkpt>
      <trkpt lat="49.157069" lon="19.733874"><ele>1707.2</ele></trkpt>
      <trkpt lat="49.157088" lon="19.733878"><ele>1707.2</ele></trkpt>
      <trkpt lat="49.157120" lon="19.733898"><ele>1707.4</ele></trkpt>
      <trkpt lat="49.157142" lon="19.733914"><ele>1707.4</ele></trkpt>
      <trkpt lat="49.157158" lon="19.733933"><ele>1707.8</ele></trkpt>
      <trkpt lat="49.157178" lon="19.733933"><ele>1708.4</ele></trkpt>
      <trkpt lat="49.157200" lon="19.733936"><ele>1709.0</ele></trkpt>
      <trkpt lat="49.157222" lon="19.733954"><ele>1709.6</ele></trkpt>
      <trkpt lat="49.157238" lon="19.733968"><ele>1710.2</ele></trkpt>
      <trkpt lat="49.157254" lon="19.733982"><ele>1710.8</ele></trkpt>
      <trkpt lat="49.157277" lon="19.733984"><ele>1711.4</ele></trkpt>
      <trkpt lat="49.157299" lon="19.733997"><ele>1712.0</ele></trkpt>
      <trkpt lat="49.157318" lon="19.734005"><ele>1712.6</ele></trkpt>
      <trkpt lat="49.157338" lon="19.734000"><ele>1712.8</ele></trkpt>
      <trkpt lat="49.157357" lon="19.734003"><ele>1713.4</ele></trkpt>
      <trkpt lat="49.157382" lon="19.734014"><ele>1713.8</ele></trkpt>
      <trkpt lat="49.157414" lon="19.734024"><ele>1714.2</ele></trkpt>
      <trkpt lat="49.157443" lon="19.734022"><ele>1714.4</ele></trkpt>
      <trkpt lat="49.157466" lon="19.734014"><ele>1714.4</ele></trkpt>
      <trkpt lat="49.157485" lon="19.734013"><ele>1714.6</ele></trkpt>
      <trkpt lat="49.157514" lon="19.734014"><ele>1714.8</ele></trkpt>
      <trkpt lat="49.157536" lon="19.734022"><ele>1715.2</ele></trkpt>
      <trkpt lat="49.157555" lon="19.734024"><ele>1715.6</ele></trkpt>
      <trkpt lat="49.157581" lon="19.734043"><ele>1716.0</ele></trkpt>
      <trkpt lat="49.157597" lon="19.734074"><ele>1716.6</ele></trkpt>
      <trkpt lat="49.157613" lon="19.734094"><ele>1717.2</ele></trkpt>
      <trkpt lat="49.157638" lon="19.734110"><ele>1717.6</ele></trkpt>
      <trkpt lat="49.157664" lon="19.734131"><ele>1718.2</ele></trkpt>
      <trkpt lat="49.157683" lon="19.734154"><ele>1718.8</ele></trkpt>
      <trkpt lat="49.157709" lon="19.734189"><ele>1719.2</ele></trkpt>
      <trkpt lat="49.157725" lon="19.734211"><ele>1719.4</ele></trkpt>
      <trkpt lat="49.157734" lon="19.734240"><ele>1719.8</ele></trkpt>
      <trkpt lat="49.157754" lon="19.734272"><ele>1720.0</ele></trkpt>
      <trkpt lat="49.157779" lon="19.734290"><ele>1720.0</ele></trkpt>
      <trkpt lat="49.157798" lon="19.734301"><ele>1720.4</ele></trkpt>
      <trkpt lat="49.157821" lon="19.734315"><ele>1721.2</ele></trkpt>
      <trkpt lat="49.157834" lon="19.734338"><ele>1721.8</ele></trkpt>
      <trkpt lat="49.157859" lon="19.734350"><ele>1722.6</ele></trkpt>
      <trkpt lat="49.157888" lon="19.734371"><ele>1723.8</ele></trkpt>
      <trkpt lat="49.157910" lon="19.734389"><ele>1724.6</ele></trkpt>
      <trkpt lat="49.157933" lon="19.734402"><ele>1725.0</ele></trkpt>
      <trkpt lat="49.157952" lon="19.734405"><ele>1725.8</ele></trkpt>
      <trkpt lat="49.157974" lon="19.734414"><ele>1726.2</ele></trkpt>
      <trkpt lat="49.158000" lon="19.734432"><ele>1726.6</ele></trkpt>
      <trkpt lat="49.158022" lon="19.734450"><ele>1727.4</ele></trkpt>
      <trkpt lat="49.158048" lon="19.734470"><ele>1727.8</ele></trkpt>
      <trkpt lat="49.158070" lon="19.734498"><ele>1728.6</ele></trkpt>
      <trkpt lat="49.158093" lon="19.734518"><ele>1729.0</ele></trkpt>
      <trkpt lat="49.158109" lon="19.734539"><ele>1729.4</ele></trkpt>
      <trkpt lat="49.158131" lon="19.734547"><ele>1729.8</ele></trkpt>
      <trkpt lat="49.158154" lon="19.734557"><ele>1730.0</ele></trkpt>
      <trkpt lat="49.158173" lon="19.734568"><ele>1730.2</ele></trkpt>
      <trkpt lat="49.158189" lon="19.734589"><ele>1730.6</ele></trkpt>
      <trkpt lat="49.158211" lon="19.734603"><ele>1731.0</ele></trkpt>
      <trkpt lat="49.158230" lon="19.734619"><ele>1731.4</ele></trkpt>
      <trkpt lat="49.158246" lon="19.734640"><ele>1731.6</ele></trkpt>
      <trkpt lat="49.158269" lon="19.734678"><ele>1732.2</ele></trkpt>
      <trkpt lat="49.158285" lon="19.734718"><ele>1732.4</ele></trkpt>
      <trkpt lat="49.158294" lon="19.734747"><ele>1732.4</ele></trkpt>
      <trkpt lat="49.158314" lon="19.734774"><ele>1732.6</ele></trkpt>
      <trkpt lat="49.158330" lon="19.734792"><ele>1732.8</ele></trkpt>
      <trkpt lat="49.158346" lon="19.734805"><ele>1733.2</ele></trkpt>
      <trkpt lat="49.158365" lon="19.734811"><ele>1733.8</ele></trkpt>
      <trkpt lat="49.158390" lon="19.734810"><ele>1734.2</ele></trkpt>
      <trkpt lat="49.158413" lon="19.734819"><ele>1735.2</ele></trkpt>
      <trkpt lat="49.158435" lon="19.734824"><ele>1736.6</ele></trkpt>
      <trkpt lat="49.158454" lon="19.734832"><ele>1737.0</ele></trkpt>
      <trkpt lat="49.158470" lon="19.734854"><ele>1737.4</ele></trkpt>
      <trkpt lat="49.158490" lon="19.734858"><ele>1738.0</ele></trkpt>
      <trkpt lat="49.158515" lon="19.734870"><ele>1739.4</ele></trkpt>
      <trkpt lat="49.158534" lon="19.734886"><ele>1740.0</ele></trkpt>
      <trkpt lat="49.158563" lon="19.734891"><ele>1740.6</ele></trkpt>
      <trkpt lat="49.158592" lon="19.734899"><ele>1741.8</ele></trkpt>
      <trkpt lat="49.158611" lon="19.734901"><ele>1742.4</ele></trkpt>
      <trkpt lat="49.158630" lon="19.734906"><ele>1743.0</ele></trkpt>
      <trkpt lat="49.158650" lon="19.734907"><ele>1743.4</ele></trkpt>
      <trkpt lat="49.158669" lon="19.734890"><ele>1744.0</ele></trkpt>
      <trkpt lat="49.158694" lon="19.734898"><ele>1745.4</ele></trkpt>
      <trkpt lat="49.158717" lon="19.734904"><ele>1746.4</ele></trkpt>
      <trkpt lat="49.158736" lon="19.734909"><ele>1746.8</ele></trkpt>
      <trkpt lat="49.158755" lon="19.734909"><ele>1747.2</ele></trkpt>
      <trkpt lat="49.158765" lon="19.734880"><ele>1748.0</ele></trkpt>
      <trkpt lat="49.158784" lon="19.734870"><ele>1748.8</ele></trkpt>
      <trkpt lat="49.158794" lon="19.734842"><ele>1749.6</ele></trkpt>
      <trkpt lat="49.158806" lon="19.734816"><ele>1750.4</ele></trkpt>
      <trkpt lat="49.158826" lon="19.734810"><ele>1751.0</ele></trkpt>
      <trkpt lat="49.158848" lon="19.734826"><ele>1751.8</ele></trkpt>
      <trkpt lat="49.158867" lon="19.734826"><ele>1753.2</ele></trkpt>
      <trkpt lat="49.158886" lon="19.734829"><ele>1754.2</ele></trkpt>
      <trkpt lat="49.158906" lon="19.734851"><ele>1755.6</ele></trkpt>
      <trkpt lat="49.158925" lon="19.734858"><ele>1756.4</ele></trkpt>
      <trkpt lat="49.158944" lon="19.734856"><ele>1756.8</ele></trkpt>
      <trkpt lat="49.158963" lon="19.734856"><ele>1757.4</ele></trkpt>
      <trkpt lat="49.158986" lon="19.734858"><ele>1758.0</ele></trkpt>
      <trkpt lat="49.159008" lon="19.734874"><ele>1758.8</ele></trkpt>
      <trkpt lat="49.159030" lon="19.734880"><ele>1760.0</ele></trkpt>
      <trkpt lat="49.159053" lon="19.734880"><ele>1760.6</ele></trkpt>
      <trkpt lat="49.159072" lon="19.734882"><ele>1761.8</ele></trkpt>
      <trkpt lat="49.159104" lon="19.734898"><ele>1762.6</ele></trkpt>
      <trkpt lat="49.159130" lon="19.734906"><ele>1763.2</ele></trkpt>
      <trkpt lat="49.159155" lon="19.734915"><ele>1763.6</ele></trkpt>
      <trkpt lat="49.159187" lon="19.734915"><ele>1764.6</ele></trkpt>
      <trkpt lat="49.159206" lon="19.734918"><ele>1764.6</ele></trkpt>
      <trkpt lat="49.159232" lon="19.734936"><ele>1765.0</ele></trkpt>
      <trkpt lat="49.159264" lon="19.734950"><ele>1765.4</ele></trkpt>
      <trkpt lat="49.159290" lon="19.734949"><ele>1766.0</ele></trkpt>
      <trkpt lat="49.159312" lon="19.734957"><ele>1766.4</ele></trkpt>
      <trkpt lat="49.159328" lon="19.734976"><ele>1767.2</ele></trkpt>
      <trkpt lat="49.159347" lon="19.734978"><ele>1767.6</ele></trkpt>
      <trkpt lat="49.159370" lon="19.734989"><ele>1768.2</ele></trkpt>
      <trkpt lat="49.159389" lon="19.734995"><ele>1768.8</ele></trkpt>
      <trkpt lat="49.159408" lon="19.735005"><ele>1769.4</ele></trkpt>
      <trkpt lat="49.159430" lon="19.735014"><ele>1770.0</ele></trkpt>
      <trkpt lat="49.159453" lon="19.735027"><ele>1771.0</ele></trkpt>
      <trkpt lat="49.159478" lon="19.735038"><ele>1772.2</ele></trkpt>
      <trkpt lat="49.159498" lon="19.735038"><ele>1772.6</ele></trkpt>
      <trkpt lat="49.159517" lon="19.735038"><ele>1773.2</ele></trkpt>
      <trkpt lat="49.159530" lon="19.735069"><ele>1774.0</ele></trkpt>
      <trkpt lat="49.159552" lon="19.735093"><ele>1775.0</ele></trkpt>
      <trkpt lat="49.159568" lon="19.735112"><ele>1775.6</ele></trkpt>
      <trkpt lat="49.159587" lon="19.735118"><ele>1775.8</ele></trkpt>
      <trkpt lat="49.159610" lon="19.735109"><ele>1776.6</ele></trkpt>
      <trkpt lat="49.159629" lon="19.735099"><ele>1777.2</ele></trkpt>
      <trkpt lat="49.159651" lon="19.735085"><ele>1777.8</ele></trkpt>
      <trkpt lat="49.159667" lon="19.735069"><ele>1778.6</ele></trkpt>
      <trkpt lat="49.159696" lon="19.735070"><ele>1779.0</ele></trkpt>
      <trkpt lat="49.159718" lon="19.735074"><ele>1779.6</ele></trkpt>
      <trkpt lat="49.159738" lon="19.735077"><ele>1780.0</ele></trkpt>
      <trkpt lat="49.159766" lon="19.735074"><ele>1780.6</ele></trkpt>
      <trkpt lat="49.159782" lon="19.735086"><ele>1781.2</ele></trkpt>
      <trkpt lat="49.159802" lon="19.735098"><ele>1781.8</ele></trkpt>
      <trkpt lat="49.159824" lon="19.735094"><ele>1782.8</ele></trkpt>
      <trkpt lat="49.159843" lon="19.735088"><ele>1783.8</ele></trkpt>
      <trkpt lat="49.159866" lon="19.735093"><ele>1784.6</ele></trkpt>
      <trkpt lat="49.159882" lon="19.735107"><ele>1785.0</ele></trkpt>
      <trkpt lat="49.159907" lon="19.735104"><ele>1785.8</ele></trkpt>
      <trkpt lat="49.159920" lon="19.735134"><ele>1786.8</ele></trkpt>
      <trkpt lat="49.159936" lon="19.735165"><ele>1788.2</ele></trkpt>
      <trkpt lat="49.159958" lon="19.735182"><ele>1788.8</ele></trkpt>
      <trkpt lat="49.159974" lon="19.735205"><ele>1789.4</ele></trkpt>
      <trkpt lat="49.159984" lon="19.735229"><ele>1789.8</ele></trkpt>
      <trkpt lat="49.159994" lon="19.735253"><ele>1790.4</ele></trkpt>
      <trkpt lat="49.160016" lon="19.735291"><ele>1791.4</ele></trkpt>
      <trkpt lat="49.160035" lon="19.735312"><ele>1792.4</ele></trkpt>
      <trkpt lat="49.160054" lon="19.735312"><ele>1793.4</ele></trkpt>
      <trkpt lat="49.160077" lon="19.735322"><ele>1794.4</ele></trkpt>
      <trkpt lat="49.160096" lon="19.735315"><ele>1794.8</ele></trkpt>
      <trkpt lat="49.160115" lon="19.735325"><ele>1795.6</ele></trkpt>
      <trkpt lat="49.160138" lon="19.735318"><ele>1796.6</ele></trkpt>
      <trkpt lat="49.160157" lon="19.735307"><ele>1797.8</ele></trkpt>
      <trkpt lat="49.160186" lon="19.735304"><ele>1798.2</ele></trkpt>
      <trkpt lat="49.160214" lon="19.735307"><ele>1798.6</ele></trkpt>
      <trkpt lat="49.160234" lon="19.735306"><ele>1799.0</ele></trkpt>
      <trkpt lat="49.160253" lon="19.735288"><ele>1800.0</ele></trkpt>
      <trkpt lat="49.160272" lon="19.735272"><ele>1800.6</ele></trkpt>
      <trkpt lat="49.160294" lon="19.735262"><ele>1801.4</ele></trkpt>
      <trkpt lat="49.160314" lon="19.735262"><ele>1802.2</ele></trkpt>
      <trkpt lat="49.160333" lon="19.735267"><ele>1803.4</ele></trkpt>
      <trkpt lat="49.160352" lon="19.735267"><ele>1804.4</ele></trkpt>
      <trkpt lat="49.160371" lon="19.735266"><ele>1805.4</ele></trkpt>
      <trkpt lat="49.160397" lon="19.735256"><ele>1805.8</ele></trkpt>
      <trkpt lat="49.160413" lon="19.735238"><ele>1806.4</ele></trkpt>
      <trkpt lat="49.160432" lon="19.735211"><ele>1807.2</ele></trkpt>
      <trkpt lat="49.160451" lon="19.735197"><ele>1808.0</ele></trkpt>
      <trkpt lat="49.160470" lon="19.735176"><ele>1809.0</ele></trkpt>
      <trkpt lat="49.160496" lon="19.735154"><ele>1809.6</ele></trkpt>
      <trkpt lat="49.160515" lon="19.735134"><ele>1810.4</ele></trkpt>
      <trkpt lat="49.160534" lon="19.735130"><ele>1810.8</ele></trkpt>
      <trkpt lat="49.160557" lon="19.735123"><ele>1811.4</ele></trkpt>
      <trkpt lat="49.160576" lon="19.735123"><ele>1813.0</ele></trkpt>
      <trkpt lat="49.160595" lon="19.735115"><ele>1813.4</ele></trkpt>
      <trkpt lat="49.160624" lon="19.735102"><ele>1814.8</ele></trkpt>
      <trkpt lat="49.160643" lon="19.735093"><ele>1815.0</ele></trkpt>
      <trkpt lat="49.160659" lon="19.735066"><ele>1815.4</ele></trkpt>
      <trkpt lat="49.160678" lon="19.735058"><ele>1816.0</ele></trkpt>
      <trkpt lat="49.160698" lon="19.735043"><ele>1817.2</ele></trkpt>
      <trkpt lat="49.160717" lon="19.735034"><ele>1818.2</ele></trkpt>
      <trkpt lat="49.160736" lon="19.735026"><ele>1819.0</ele></trkpt>
      <trkpt lat="49.160755" lon="19.735018"><ele>1819.4</ele></trkpt>
      <trkpt lat="49.160774" lon="19.734997"><ele>1820.0</ele></trkpt>
      <trkpt lat="49.160797" lon="19.734979"><ele>1820.4</ele></trkpt>
      <trkpt lat="49.160813" lon="19.734965"><ele>1821.0</ele></trkpt>
      <trkpt lat="49.160832" lon="19.734955"><ele>1821.6</ele></trkpt>
      <trkpt lat="49.160848" lon="19.734938"><ele>1821.8</ele></trkpt>
      <trkpt lat="49.160874" lon="19.734909"><ele>1822.4</ele></trkpt>
      <trkpt lat="49.160890" lon="19.734894"><ele>1823.0</ele></trkpt>
      <trkpt lat="49.160909" lon="19.734875"><ele>1823.8</ele></trkpt>
      <trkpt lat="49.160928" lon="19.734846"><ele>1824.6</ele></trkpt>
      <trkpt lat="49.160947" lon="19.734838"><ele>1825.6</ele></trkpt>
      <trkpt lat="49.160957" lon="19.734802"><ele>1826.4</ele></trkpt>
      <trkpt lat="49.160979" lon="19.734795"><ele>1827.0</ele></trkpt>
      <trkpt lat="49.160998" lon="19.734790"><ele>1827.8</ele></trkpt>
      <trkpt lat="49.161018" lon="19.734768"><ele>1828.2</ele></trkpt>
      <trkpt lat="49.161046" lon="19.734771"><ele>1828.8</ele></trkpt>
      <trkpt lat="49.161066" lon="19.734779"><ele>1829.6</ele></trkpt>
      <trkpt lat="49.161088" lon="19.734786"><ele>1830.6</ele></trkpt>
      <trkpt lat="49.161107" lon="19.734787"><ele>1831.2</ele></trkpt>
      <trkpt lat="49.161126" lon="19.734782"><ele>1832.0</ele></trkpt>
      <trkpt lat="49.161146" lon="19.734771"><ele>1832.2</ele></trkpt>
      <trkpt lat="49.161168" lon="19.734760"><ele>1832.4</ele></trkpt>
      <trkpt lat="49.161190" lon="19.734758"><ele>1832.8</ele></trkpt>
      <trkpt lat="49.161210" lon="19.734758"><ele>1833.0</ele></trkpt>
      <trkpt lat="49.161232" lon="19.734762"><ele>1833.4</ele></trkpt>
      <trkpt lat="49.161258" lon="19.734768"><ele>1833.8</ele></trkpt>
      <trkpt lat="49.161280" lon="19.734776"><ele>1834.0</ele></trkpt>
      <trkpt lat="49.161309" lon="19.734781"><ele>1834.8</ele></trkpt>
      <trkpt lat="49.161331" lon="19.734776"><ele>1835.4</ele></trkpt>
      <trkpt lat="49.161350" lon="19.734770"><ele>1835.8</ele></trkpt>
      <trkpt lat="49.161373" lon="19.734766"><ele>1836.4</ele></trkpt>
      <trkpt lat="49.161405" lon="19.734765"><ele>1836.6</ele></trkpt>
      <trkpt lat="49.161430" lon="19.734765"><ele>1837.0</ele></trkpt>
      <trkpt lat="49.161453" lon="19.734762"><ele>1837.2</ele></trkpt>
      <trkpt lat="49.161472" lon="19.734765"><ele>1837.4</ele></trkpt>
      <trkpt lat="49.161494" lon="19.734770"><ele>1837.6</ele></trkpt>
      <trkpt lat="49.161523" lon="19.734778"><ele>1838.0</ele></trkpt>
      <trkpt lat="49.161546" lon="19.734771"><ele>1838.2</ele></trkpt>
      <trkpt lat="49.161571" lon="19.734758"><ele>1838.4</ele></trkpt>
      <trkpt lat="49.161590" lon="19.734755"><ele>1838.4</ele></trkpt>
      <trkpt lat="49.161613" lon="19.734762"><ele>1838.4</ele></trkpt>
      <trkpt lat="49.161635" lon="19.734776"><ele>1839.0</ele></trkpt>
      <trkpt lat="49.161664" lon="19.734790"><ele>1839.6</ele></trkpt>
      <trkpt lat="49.161683" lon="19.734792"><ele>1840.2</ele></trkpt>
      <trkpt lat="49.161706" lon="19.734805"><ele>1841.0</ele></trkpt>
      <trkpt lat="49.161725" lon="19.734805"><ele>1841.2</ele></trkpt>
      <trkpt lat="49.161744" lon="19.734808"><ele>1841.4</ele></trkpt>
      <trkpt lat="49.161770" lon="19.734805"><ele>1842.0</ele></trkpt>
      <trkpt lat="49.161792" lon="19.734802"><ele>1842.2</ele></trkpt>
      <trkpt lat="49.161811" lon="19.734795"><ele>1842.8</ele></trkpt>
      <trkpt lat="49.161830" lon="19.734797"><ele>1843.2</ele></trkpt>
      <trkpt lat="49.161850" lon="19.734797"><ele>1843.6</ele></trkpt>
      <trkpt lat="49.161872" lon="19.734786"><ele>1844.0</ele></trkpt>
      <trkpt lat="49.161888" lon="19.734771"><ele>1844.6</ele></trkpt>
      <trkpt lat="49.161904" lon="19.734758"><ele>1845.6</ele></trkpt>
      <trkpt lat="49.161923" lon="19.734750"><ele>1845.8</ele></trkpt>
      <trkpt lat="49.161942" lon="19.734742"><ele>1846.4</ele></trkpt>
      <trkpt lat="49.161965" lon="19.734739"><ele>1847.0</ele></trkpt>
      <trkpt lat="49.161990" lon="19.734741"><ele>1847.6</ele></trkpt>
      <trkpt lat="49.162019" lon="19.734750"><ele>1848.0</ele></trkpt>
      <trkpt lat="49.162038" lon="19.734765"><ele>1848.4</ele></trkpt>
      <trkpt lat="49.162054" lon="19.734795"><ele>1848.6</ele></trkpt>
      <trkpt lat="49.162080" lon="19.734811"><ele>1848.4</ele></trkpt>
      <trkpt lat="49.162099" lon="19.734827"><ele>1848.4</ele></trkpt>
      <trkpt lat="49.162118" lon="19.734826"><ele>1848.4</ele></trkpt>
      <trkpt lat="49.162138" lon="19.734819"><ele>1848.6</ele></trkpt>
      <trkpt lat="49.162166" lon="19.734810"><ele>1848.8</ele></trkpt>
      <trkpt lat="49.162186" lon="19.734805"><ele>1849.4</ele></trkpt>
      <trkpt lat="49.162205" lon="19.734789"><ele>1850.2</ele></trkpt>
      <trkpt lat="49.162224" lon="19.734787"><ele>1850.4</ele></trkpt>
      <trkpt lat="49.162243" lon="19.734778"><ele>1850.8</ele></trkpt>
      <trkpt lat="49.162262" lon="19.734781"><ele>1851.6</ele></trkpt>
      <trkpt lat="49.162282" lon="19.734776"><ele>1852.4</ele></trkpt>
      <trkpt lat="49.162301" lon="19.734774"><ele>1852.8</ele></trkpt>
      <trkpt lat="49.162323" lon="19.734771"><ele>1853.4</ele></trkpt>
      <trkpt lat="49.162349" lon="19.734766"><ele>1854.4</ele></trkpt>
      <trkpt lat="49.162371" lon="19.734750"><ele>1855.0</ele></trkpt>
      <trkpt lat="49.162397" lon="19.734746"><ele>1855.8</ele></trkpt>
      <trkpt lat="49.162416" lon="19.734750"><ele>1856.6</ele></trkpt>
      <trkpt lat="49.162442" lon="19.734752"><ele>1857.4</ele></trkpt>
      <trkpt lat="49.162461" lon="19.734741"><ele>1858.6</ele></trkpt>
      <trkpt lat="49.162483" lon="19.734730"><ele>1858.8</ele></trkpt>
      <trkpt lat="49.162506" lon="19.734712"><ele>1859.4</ele></trkpt>
      <trkpt lat="49.162528" lon="19.734710"><ele>1860.0</ele></trkpt>
      <trkpt lat="49.162547" lon="19.734717"><ele>1860.6</ele></trkpt>
      <trkpt lat="49.162566" lon="19.734722"><ele>1861.6</ele></trkpt>
      <trkpt lat="49.162586" lon="19.734733"><ele>1862.2</ele></trkpt>
      <trkpt lat="49.162608" lon="19.734736"><ele>1863.0</ele></trkpt>
      <trkpt lat="49.162621" lon="19.734715"><ele>1863.6</ele></trkpt>
      <trkpt lat="49.162640" lon="19.734696"><ele>1864.4</ele></trkpt>
      <trkpt lat="49.162659" lon="19.734682"><ele>1864.8</ele></trkpt>
      <trkpt lat="49.162682" lon="19.734670"><ele>1865.0</ele></trkpt>
      <trkpt lat="49.162704" lon="19.734672"><ele>1865.6</ele></trkpt>
      <trkpt lat="49.162723" lon="19.734658"><ele>1866.4</ele></trkpt>
      <trkpt lat="49.162742" lon="19.734643"><ele>1866.8</ele></trkpt>
      <trkpt lat="49.162758" lon="19.734622"><ele>1867.2</ele></trkpt>
      <trkpt lat="49.162781" lon="19.734619"><ele>1867.6</ele></trkpt>
      <trkpt lat="49.162800" lon="19.734606"><ele>1868.0</ele></trkpt>
      <trkpt lat="49.162826" lon="19.734592"><ele>1868.8</ele></trkpt>
      <trkpt lat="49.162842" lon="19.734578"><ele>1869.6</ele></trkpt>
      <trkpt lat="49.162864" lon="19.734573"><ele>1870.2</ele></trkpt>
      <trkpt lat="49.162886" lon="19.734566"><ele>1871.4</ele></trkpt>
      <trkpt lat="49.162906" lon="19.734552"><ele>1872.0</ele></trkpt>
      <trkpt lat="49.162925" lon="19.734560"><ele>1872.2</ele></trkpt>
      <trkpt lat="49.162954" lon="19.734568"><ele>1872.4</ele></trkpt>
      <trkpt lat="49.162979" lon="19.734578"><ele>1872.6</ele></trkpt>
      <trkpt lat="49.162998" lon="19.734586"><ele>1872.8</ele></trkpt>
      <trkpt lat="49.163014" lon="19.734606"><ele>1873.2</ele></trkpt>
      <trkpt lat="49.163037" lon="19.734629"><ele>1873.2</ele></trkpt>
      <trkpt lat="49.163053" lon="19.734646"><ele>1873.4</ele></trkpt>
      <trkpt lat="49.163072" lon="19.734667"><ele>1873.6</ele></trkpt>
      <trkpt lat="49.163098" lon="19.734683"><ele>1873.8</ele></trkpt>
      <trkpt lat="49.163120" lon="19.734707"><ele>1874.0</ele></trkpt>
      <trkpt lat="49.163136" lon="19.734733"><ele>1873.8</ele></trkpt>
      <trkpt lat="49.163146" lon="19.734758"><ele>1874.0</ele></trkpt>
      <trkpt lat="49.163152" lon="19.734790"><ele>1874.0</ele></trkpt>
      <trkpt lat="49.163171" lon="19.734805"><ele>1873.6</ele></trkpt>
      <trkpt lat="49.163194" lon="19.734802"><ele>1873.2</ele></trkpt>
      <trkpt lat="49.163213" lon="19.734811"><ele>1873.2</ele></trkpt>
      <trkpt lat="49.163242" lon="19.734810"><ele>1873.2</ele></trkpt>
      <trkpt lat="49.163264" lon="19.734810"><ele>1873.2</ele></trkpt>
      <trkpt lat="49.163283" lon="19.734808"><ele>1873.4</ele></trkpt>
      <trkpt lat="49.163306" lon="19.734806"><ele>1873.6</ele></trkpt>
      <trkpt lat="49.163331" lon="19.734797"><ele>1873.8</ele></trkpt>
      <trkpt lat="49.163354" lon="19.734810"><ele>1874.0</ele></trkpt>
      <trkpt lat="49.163376" lon="19.734837"><ele>1874.2</ele></trkpt>
      <trkpt lat="49.163395" lon="19.734851"><ele>1874.0</ele></trkpt>
      <trkpt lat="49.163405" lon="19.734890"><ele>1873.6</ele></trkpt>
      <trkpt lat="49.163411" lon="19.734923"><ele>1873.2</ele></trkpt>
      <trkpt lat="49.163411" lon="19.734957"><ele>1872.6</ele></trkpt>
      <trkpt lat="49.163421" lon="19.734984"><ele>1872.2</ele></trkpt>
      <trkpt lat="49.163434" lon="19.735006"><ele>1871.4</ele></trkpt>
      <trkpt lat="49.163453" lon="19.735016"><ele>1870.8</ele></trkpt>
      <trkpt lat="49.163475" lon="19.735030"><ele>1870.4</ele></trkpt>
      <trkpt lat="49.163494" lon="19.735058"><ele>1870.2</ele></trkpt>
      <trkpt lat="49.163510" lon="19.735093"><ele>1869.6</ele></trkpt>
      <trkpt lat="49.163530" lon="19.735109"><ele>1869.2</ele></trkpt>
      <trkpt lat="49.163555" lon="19.735125"><ele>1869.0</ele></trkpt>
      <trkpt lat="49.163578" lon="19.735142"><ele>1868.6</ele></trkpt>
      <trkpt lat="49.163613" lon="19.735157"><ele>1868.4</ele></trkpt>
      <trkpt lat="49.163635" lon="19.735187"><ele>1868.2</ele></trkpt>
      <trkpt lat="49.163651" lon="19.735203"><ele>1868.0</ele></trkpt>
      <trkpt lat="49.163674" lon="19.735227"><ele>1867.6</ele></trkpt>
      <trkpt lat="49.163696" lon="19.735251"><ele>1867.4</ele></trkpt>
      <trkpt lat="49.163712" lon="19.735267"><ele>1867.0</ele></trkpt>
      <trkpt lat="49.163731" lon="19.735293"><ele>1866.8</ele></trkpt>
      <trkpt lat="49.163754" lon="19.735323"><ele>1866.6</ele></trkpt>
      <trkpt lat="49.163770" lon="19.735344"><ele>1866.2</ele></trkpt>
      <trkpt lat="49.163792" lon="19.735362"><ele>1866.0</ele></trkpt>
      <trkpt lat="49.163814" lon="19.735371"><ele>1865.6</ele></trkpt>
      <trkpt lat="49.163840" lon="19.735376"><ele>1865.4</ele></trkpt>
      <trkpt lat="49.163866" lon="19.735382"><ele>1865.0</ele></trkpt>
      <trkpt lat="49.163888" lon="19.735386"><ele>1865.0</ele></trkpt>
      <trkpt lat="49.163910" lon="19.735386"><ele>1864.8</ele></trkpt>
      <trkpt lat="49.163933" lon="19.735386"><ele>1864.8</ele></trkpt>
      <trkpt lat="49.163955" lon="19.735381"><ele>1864.8</ele></trkpt>
      <trkpt lat="49.163978" lon="19.735374"><ele>1865.0</ele></trkpt>
      <trkpt lat="49.164006" lon="19.735373"><ele>1865.0</ele></trkpt>
      <trkpt lat="49.164029" lon="19.735371"><ele>1865.0</ele></trkpt>
      <trkpt lat="49.164048" lon="19.735373"><ele>1865.0</ele></trkpt>
      <trkpt lat="49.164070" lon="19.735374"><ele>1865.2</ele></trkpt>
      <trkpt lat="49.164093" lon="19.735376"><ele>1865.2</ele></trkpt>
      <trkpt lat="49.164146" lon="19.735374"><ele>1865.6</ele></trkpt>
      <trkpt lat="49.164176" lon="19.735374"><ele>1866.0</ele></trkpt>
      <trkpt lat="49.164198" lon="19.735384"><ele>1866.2</ele></trkpt>
      <trkpt lat="49.164218" lon="19.735392"><ele>1866.4</ele></trkpt>
      <trkpt lat="49.164237" lon="19.735400"><ele>1866.6</ele></trkpt>
      <trkpt lat="49.164256" lon="19.735411"><ele>1866.6</ele></trkpt>
      <trkpt lat="49.164288" lon="19.735435"><ele>1866.8</ele></trkpt>
      <trkpt lat="49.164304" lon="19.735451"><ele>1867.2</ele></trkpt>
      <trkpt lat="49.164330" lon="19.735477"><ele>1867.6</ele></trkpt>
      <trkpt lat="49.164346" lon="19.735493"><ele>1868.0</ele></trkpt>
      <trkpt lat="49.164362" lon="19.735506"><ele>1868.4</ele></trkpt>
      <trkpt lat="49.164384" lon="19.735525"><ele>1869.0</ele></trkpt>
      <trkpt lat="49.164406" lon="19.735541"><ele>1869.4</ele></trkpt>
      <trkpt lat="49.164426" lon="19.735552"><ele>1870.0</ele></trkpt>
      <trkpt lat="49.164445" lon="19.735566"><ele>1870.8</ele></trkpt>
      <trkpt lat="49.164467" lon="19.735570"><ele>1871.0</ele></trkpt>
      <trkpt lat="49.164486" lon="19.735574"><ele>1871.4</ele></trkpt>
      <trkpt lat="49.164506" lon="19.735584"><ele>1871.8</ele></trkpt>
      <trkpt lat="49.164525" lon="19.735598"><ele>1872.0</ele></trkpt>
      <trkpt lat="49.164544" lon="19.735613"><ele>1872.6</ele></trkpt>
      <trkpt lat="49.164563" lon="19.735619"><ele>1873.0</ele></trkpt>
      <trkpt lat="49.164582" lon="19.735621"><ele>1873.4</ele></trkpt>
      <trkpt lat="49.164605" lon="19.735624"><ele>1874.0</ele></trkpt>
      <trkpt lat="49.164630" lon="19.735630"><ele>1874.6</ele></trkpt>
      <trkpt lat="49.164656" lon="19.735645"><ele>1875.4</ele></trkpt>
      <trkpt lat="49.164675" lon="19.735648"><ele>1876.0</ele></trkpt>
      <trkpt lat="49.164701" lon="19.735650"><ele>1876.8</ele></trkpt>
      <trkpt lat="49.164723" lon="19.735654"><ele>1877.6</ele></trkpt>
      <trkpt lat="49.164742" lon="19.735661"><ele>1878.4</ele></trkpt>
      <trkpt lat="49.164768" lon="19.735672"><ele>1879.0</ele></trkpt>
      <trkpt lat="49.164787" lon="19.735685"><ele>1879.6</ele></trkpt>
      <trkpt lat="49.164810" lon="19.735694"><ele>1880.2</ele></trkpt>
      <trkpt lat="49.164826" lon="19.735709"><ele>1880.6</ele></trkpt>
      <trkpt lat="49.164848" lon="19.735699"><ele>1881.6</ele></trkpt>
      <trkpt lat="49.164874" lon="19.735693"><ele>1882.2</ele></trkpt>
      <trkpt lat="49.164899" lon="19.735704"><ele>1883.6</ele></trkpt>
      <trkpt lat="49.164918" lon="19.735710"><ele>1884.4</ele></trkpt>
      <trkpt lat="49.164938" lon="19.735718"><ele>1885.2</ele></trkpt>
      <trkpt lat="49.164966" lon="19.735725"><ele>1886.0</ele></trkpt>
      <trkpt lat="49.164992" lon="19.735728"><ele>1886.6</ele></trkpt>
      <trkpt lat="49.165011" lon="19.735734"><ele>1887.4</ele></trkpt>
      <trkpt lat="49.165030" lon="19.735742"><ele>1888.0</ele></trkpt>
      <trkpt lat="49.165059" lon="19.735754"><ele>1888.6</ele></trkpt>
      <trkpt lat="49.165085" lon="19.735762"><ele>1889.0</ele></trkpt>
      <trkpt lat="49.165104" lon="19.735768"><ele>1889.4</ele></trkpt>
      <trkpt lat="49.165123" lon="19.735762"><ele>1889.8</ele></trkpt>
      <trkpt lat="49.165146" lon="19.735762"><ele>1890.6</ele></trkpt>
      <trkpt lat="49.165168" lon="19.735770"><ele>1891.2</ele></trkpt>
      <trkpt lat="49.165190" lon="19.735768"><ele>1891.6</ele></trkpt>
      <trkpt lat="49.165216" lon="19.735771"><ele>1892.2</ele></trkpt>
      <trkpt lat="49.165235" lon="19.735779"><ele>1892.6</ele></trkpt>
      <trkpt lat="49.165261" lon="19.735789"><ele>1893.6</ele></trkpt>
      <trkpt lat="49.165283" lon="19.735803"><ele>1894.6</ele></trkpt>
      <trkpt lat="49.165306" lon="19.735810"><ele>1895.6</ele></trkpt>
      <trkpt lat="49.165328" lon="19.735803"><ele>1896.2</ele></trkpt>
      <trkpt lat="49.165347" lon="19.735800"><ele>1896.6</ele></trkpt>
      <trkpt lat="49.165366" lon="19.735795"><ele>1897.4</ele></trkpt>
      <trkpt lat="49.165395" lon="19.735790"><ele>1898.0</ele></trkpt>
      <trkpt lat="49.165421" lon="19.735800"><ele>1898.6</ele></trkpt>
      <trkpt lat="49.165440" lon="19.735808"><ele>1899.0</ele></trkpt>
      <trkpt lat="49.165462" lon="19.735821"><ele>1899.8</ele></trkpt>
      <trkpt lat="49.165482" lon="19.735838"><ele>1900.2</ele></trkpt>
      <trkpt lat="49.165504" lon="19.735850"><ele>1901.0</ele></trkpt>
      <trkpt lat="49.165523" lon="19.735858"><ele>1901.2</ele></trkpt>
      <trkpt lat="49.165549" lon="19.735861"><ele>1902.2</ele></trkpt>
      <trkpt lat="49.165578" lon="19.735874"><ele>1902.8</ele></trkpt>
      <trkpt lat="49.165597" lon="19.735882"><ele>1903.2</ele></trkpt>
      <trkpt lat="49.165613" lon="19.735898"><ele>1903.6</ele></trkpt>
      <trkpt lat="49.165635" lon="19.735914"><ele>1904.4</ele></trkpt>
      <trkpt lat="49.165654" lon="19.735930"><ele>1905.0</ele></trkpt>
      <trkpt lat="49.165677" lon="19.735930"><ele>1905.6</ele></trkpt>
      <trkpt lat="49.165696" lon="19.735944"><ele>1906.2</ele></trkpt>
      <trkpt lat="49.165718" lon="19.735966"><ele>1906.6</ele></trkpt>
      <trkpt lat="49.165738" lon="19.735966"><ele>1907.0</ele></trkpt>
      <trkpt lat="49.165757" lon="19.735981"><ele>1907.4</ele></trkpt>
      <trkpt lat="49.165776" lon="19.735998"><ele>1908.0</ele></trkpt>
      <trkpt lat="49.165795" lon="19.736006"><ele>1908.6</ele></trkpt>
      <trkpt lat="49.165814" lon="19.736013"><ele>1909.0</ele></trkpt>
      <trkpt lat="49.165834" lon="19.736029"><ele>1909.4</ele></trkpt>
      <trkpt lat="49.165853" lon="19.736038"><ele>1910.0</ele></trkpt>
      <trkpt lat="49.165878" lon="19.736056"><ele>1910.4</ele></trkpt>
      <trkpt lat="49.165894" lon="19.736069"><ele>1910.6</ele></trkpt>
      <trkpt lat="49.165917" lon="19.736086"><ele>1911.2</ele></trkpt>
      <trkpt lat="49.165942" lon="19.736091"><ele>1912.0</ele></trkpt>
      <trkpt lat="49.165971" lon="19.736091"><ele>1912.6</ele></trkpt>
      <trkpt lat="49.165990" lon="19.736096"><ele>1913.0</ele></trkpt>
      <trkpt lat="49.166022" lon="19.736117"><ele>1913.6</ele></trkpt>
      <trkpt lat="49.166038" lon="19.736133"><ele>1914.2</ele></trkpt>
      <trkpt lat="49.166064" lon="19.736160"><ele>1914.6</ele></trkpt>
      <trkpt lat="49.166080" lon="19.736186"><ele>1915.0</ele></trkpt>
      <trkpt lat="49.166096" lon="19.736206"><ele>1915.4</ele></trkpt>
      <trkpt lat="49.166115" lon="19.736227"><ele>1915.8</ele></trkpt>
      <trkpt lat="49.166138" lon="19.736242"><ele>1916.2</ele></trkpt>
      <trkpt lat="49.166157" lon="19.736245"><ele>1916.4</ele></trkpt>
      <trkpt lat="49.166179" lon="19.736245"><ele>1916.8</ele></trkpt>
      <trkpt lat="49.166202" lon="19.736251"><ele>1917.0</ele></trkpt>
      <trkpt lat="49.166224" lon="19.736258"><ele>1917.6</ele></trkpt>
      <trkpt lat="49.166243" lon="19.736258"><ele>1918.0</ele></trkpt>
      <trkpt lat="49.166262" lon="19.736258"><ele>1918.6</ele></trkpt>
      <trkpt lat="49.166282" lon="19.736267"><ele>1919.8</ele></trkpt>
      <trkpt lat="49.166298" lon="19.736254"><ele>1920.4</ele></trkpt>
      <trkpt lat="49.166314" lon="19.736242"><ele>1921.0</ele></trkpt>
      <trkpt lat="49.166333" lon="19.736246"><ele>1921.8</ele></trkpt>
      <trkpt lat="49.166352" lon="19.736259"><ele>1922.2</ele></trkpt>
      <trkpt lat="49.166371" lon="19.736286"><ele>1922.6</ele></trkpt>
      <trkpt lat="49.166390" lon="19.736306"><ele>1923.0</ele></trkpt>
      <trkpt lat="49.166410" lon="19.736309"><ele>1923.6</ele></trkpt>
      <trkpt lat="49.166419" lon="19.736336"><ele>1924.2</ele></trkpt>
      <trkpt lat="49.166432" lon="19.736357"><ele>1924.6</ele></trkpt>
      <trkpt lat="49.166451" lon="19.736370"><ele>1925.4</ele></trkpt>
      <trkpt lat="49.166470" lon="19.736366"><ele>1926.0</ele></trkpt>
      <trkpt lat="49.166493" lon="19.736363"><ele>1926.6</ele></trkpt>
      <trkpt lat="49.166515" lon="19.736366"><ele>1927.2</ele></trkpt>
      <trkpt lat="49.166531" lon="19.736379"><ele>1927.6</ele></trkpt>
      <trkpt lat="49.166550" lon="19.736386"><ele>1928.4</ele></trkpt>
      <trkpt lat="49.166570" lon="19.736379"><ele>1929.2</ele></trkpt>
      <trkpt lat="49.166589" lon="19.736366"><ele>1929.8</ele></trkpt>
      <trkpt lat="49.166608" lon="19.736344"><ele>1930.4</ele></trkpt>
      <trkpt lat="49.166627" lon="19.736341"><ele>1930.8</ele></trkpt>
      <trkpt lat="49.166646" lon="19.736338"><ele>1931.8</ele></trkpt>
      <trkpt lat="49.166669" lon="19.736341"><ele>1932.6</ele></trkpt>
      <trkpt lat="49.166694" lon="19.736336"><ele>1933.4</ele></trkpt>
      <trkpt lat="49.166714" lon="19.736336"><ele>1934.2</ele></trkpt>
      <trkpt lat="49.166733" lon="19.736325"><ele>1935.0</ele></trkpt>
      <trkpt lat="49.166752" lon="19.736317"><ele>1935.4</ele></trkpt>
      <trkpt lat="49.166774" lon="19.736304"><ele>1936.0</ele></trkpt>
      <trkpt lat="49.166794" lon="19.736296"><ele>1936.6</ele></trkpt>
      <trkpt lat="49.166816" lon="19.736306"><ele>1937.2</ele></trkpt>
      <trkpt lat="49.166838" lon="19.736307"><ele>1937.8</ele></trkpt>
      <trkpt lat="49.166858" lon="19.736309"><ele>1938.6</ele></trkpt>
      <trkpt lat="49.166877" lon="19.736306"><ele>1939.4</ele></trkpt>
      <trkpt lat="49.166896" lon="19.736307"><ele>1940.2</ele></trkpt>
      <trkpt lat="49.166915" lon="19.736315"><ele>1941.0</ele></trkpt>
      <trkpt lat="49.166934" lon="19.736318"><ele>1941.4</ele></trkpt>
      <trkpt lat="49.166954" lon="19.736310"><ele>1942.2</ele></trkpt>
      <trkpt lat="49.166973" lon="19.736285"><ele>1943.0</ele></trkpt>
      <trkpt lat="49.166989" lon="19.736267"><ele>1943.4</ele></trkpt>
      <trkpt lat="49.167008" lon="19.736261"><ele>1943.6</ele></trkpt>
      <trkpt lat="49.167030" lon="19.736251"><ele>1944.4</ele></trkpt>
      <trkpt lat="49.167050" lon="19.736258"><ele>1945.2</ele></trkpt>
      <trkpt lat="49.167072" lon="19.736258"><ele>1945.6</ele></trkpt>
      <trkpt lat="49.167094" lon="19.736245"><ele>1946.4</ele></trkpt>
      <trkpt lat="49.167114" lon="19.736240"><ele>1947.0</ele></trkpt>
      <trkpt lat="49.167133" lon="19.736224"><ele>1947.6</ele></trkpt>
      <trkpt lat="49.167146" lon="19.736200"><ele>1948.4</ele></trkpt>
      <trkpt lat="49.167162" lon="19.736166"><ele>1948.8</ele></trkpt>
      <trkpt lat="49.167178" lon="19.736146"><ele>1949.6</ele></trkpt>
      <trkpt lat="49.167197" lon="19.736136"><ele>1950.2</ele></trkpt>
      <trkpt lat="49.167216" lon="19.736131"><ele>1950.8</ele></trkpt>
      <trkpt lat="49.167242" lon="19.736117"><ele>1951.6</ele></trkpt>
      <trkpt lat="49.167261" lon="19.736099"><ele>1952.2</ele></trkpt>
      <trkpt lat="49.167286" lon="19.736102"><ele>1953.2</ele></trkpt>
      <trkpt lat="49.167306" lon="19.736082"><ele>1954.0</ele></trkpt>
      <trkpt lat="49.167331" lon="19.736072"><ele>1954.6</ele></trkpt>
      <trkpt lat="49.167357" lon="19.736061"><ele>1955.4</ele></trkpt>
      <trkpt lat="49.167382" lon="19.736053"><ele>1956.6</ele></trkpt>
      <trkpt lat="49.167402" lon="19.736066"><ele>1957.8</ele></trkpt>
      <trkpt lat="49.167424" lon="19.736072"><ele>1958.6</ele></trkpt>
      <trkpt lat="49.167450" lon="19.736059"><ele>1959.4</ele></trkpt>
      <trkpt lat="49.167469" lon="19.736053"><ele>1960.2</ele></trkpt>
      <trkpt lat="49.167494" lon="19.736069"><ele>1960.8</ele></trkpt>
      <trkpt lat="49.167514" lon="19.736072"><ele>1961.4</ele></trkpt>
      <trkpt lat="49.167539" lon="19.736066"><ele>1962.0</ele></trkpt>
      <trkpt lat="49.167562" lon="19.736072"><ele>1962.8</ele></trkpt>
      <trkpt lat="49.167581" lon="19.736062"><ele>1963.4</ele></trkpt>
      <trkpt lat="49.167603" lon="19.736048"><ele>1964.0</ele></trkpt>
      <trkpt lat="49.167619" lon="19.736027"><ele>1964.4</ele></trkpt>
      <trkpt lat="49.167638" lon="19.736010"><ele>1965.0</ele></trkpt>
      <trkpt lat="49.167661" lon="19.736006"><ele>1965.6</ele></trkpt>
      <trkpt lat="49.167683" lon="19.736019"><ele>1966.8</ele></trkpt>
      <trkpt lat="49.167699" lon="19.736006"><ele>1967.2</ele></trkpt>
      <trkpt lat="49.167722" lon="19.736006"><ele>1968.0</ele></trkpt>
      <trkpt lat="49.167744" lon="19.736006"><ele>1968.4</ele></trkpt>
      <trkpt lat="49.167766" lon="19.736008"><ele>1969.0</ele></trkpt>
      <trkpt lat="49.167789" lon="19.736000"><ele>1969.2</ele></trkpt>
      <trkpt lat="49.167811" lon="19.735997"><ele>1969.4</ele></trkpt>
      <trkpt lat="49.167837" lon="19.736002"><ele>1969.8</ele></trkpt>
      <trkpt lat="49.167859" lon="19.736003"><ele>1970.0</ele></trkpt>
      <trkpt lat="49.167882" lon="19.735979"><ele>1970.6</ele></trkpt>
      <trkpt lat="49.167901" lon="19.735954"><ele>1971.0</ele></trkpt>
      <trkpt lat="49.167923" lon="19.735954"><ele>1972.2</ele></trkpt>
      <trkpt lat="49.167939" lon="19.735971"><ele>1973.2</ele></trkpt>
      <trkpt lat="49.167952" lon="19.735992"><ele>1975.0</ele></trkpt>
      <trkpt lat="49.167971" lon="19.735997"><ele>1975.4</ele></trkpt>
      <trkpt lat="49.167997" lon="19.736006"><ele>1975.8</ele></trkpt>
      <trkpt lat="49.168019" lon="19.736006"><ele>1976.6</ele></trkpt>
      <trkpt lat="49.168038" lon="19.736011"><ele>1976.8</ele></trkpt>
      <trkpt lat="49.168058" lon="19.736018"><ele>1977.2</ele></trkpt>
      <trkpt lat="49.168080" lon="19.736019"><ele>1977.4</ele></trkpt>
      <trkpt lat="49.168096" lon="19.736038"><ele>1978.0</ele></trkpt>
      <trkpt lat="49.168115" lon="19.736066"><ele>1979.0</ele></trkpt>
      <trkpt lat="49.168128" lon="19.736090"><ele>1979.4</ele></trkpt>
      <trkpt lat="49.168144" lon="19.736102"><ele>1980.0</ele></trkpt>
      <trkpt lat="49.168163" lon="19.736117"><ele>1980.8</ele></trkpt>
      <trkpt lat="49.168179" lon="19.736130"><ele>1981.2</ele></trkpt>
      <trkpt lat="49.168195" lon="19.736146"><ele>1981.8</ele></trkpt>
      <trkpt lat="49.168214" lon="19.736170"><ele>1982.6</ele></trkpt>
      <trkpt lat="49.168230" lon="19.736182"><ele>1983.4</ele></trkpt>
      <trkpt lat="49.168246" lon="19.736197"><ele>1984.0</ele></trkpt>
      <trkpt lat="49.168269" lon="19.736206"><ele>1985.0</ele></trkpt>
      <trkpt lat="49.168288" lon="19.736210"><ele>1985.6</ele></trkpt>
      <trkpt lat="49.168307" lon="19.736219"><ele>1986.2</ele></trkpt>
      <trkpt lat="49.168336" lon="19.736230"><ele>1986.8</ele></trkpt>
      <trkpt lat="49.168362" lon="19.736240"><ele>1987.4</ele></trkpt>
      <trkpt lat="49.168384" lon="19.736250"><ele>1987.6</ele></trkpt>
      <trkpt lat="49.168403" lon="19.736261"><ele>1987.8</ele></trkpt>
      <trkpt lat="49.168426" lon="19.736270"><ele>1988.6</ele></trkpt>
      <trkpt lat="49.168448" lon="19.736270"><ele>1989.2</ele></trkpt>
      <trkpt lat="49.168474" lon="19.736270"><ele>1989.8</ele></trkpt>
      <trkpt lat="49.168499" lon="19.736274"><ele>1990.4</ele></trkpt>
      <trkpt lat="49.168518" lon="19.736278"><ele>1990.8</ele></trkpt>
      <trkpt lat="49.168541" lon="19.736278"><ele>1991.0</ele></trkpt>
      <trkpt lat="49.168563" lon="19.736285"><ele>1991.4</ele></trkpt>
      <trkpt lat="49.168592" lon="19.736282"><ele>1991.8</ele></trkpt>
      <trkpt lat="49.168614" lon="19.736285"><ele>1992.0</ele></trkpt>
      <trkpt lat="49.168637" lon="19.736290"><ele>1992.6</ele></trkpt>
      <trkpt lat="49.168656" lon="19.736296"><ele>1993.0</ele></trkpt>
      <trkpt lat="49.168675" lon="19.736309"><ele>1993.4</ele></trkpt>
      <trkpt lat="49.168698" lon="19.736320"><ele>1993.8</ele></trkpt>
      <trkpt lat="49.168723" lon="19.736336"><ele>1994.2</ele></trkpt>
      <trkpt lat="49.168742" lon="19.736357"><ele>1995.2</ele></trkpt>
      <trkpt lat="49.168762" lon="19.736370"><ele>1996.0</ele></trkpt>
      <trkpt lat="49.168784" lon="19.736387"><ele>1996.2</ele></trkpt>
      <trkpt lat="49.168800" lon="19.736416"><ele>1996.6</ele></trkpt>
      <trkpt lat="49.168813" lon="19.736443"><ele>1997.2</ele></trkpt>
      <trkpt lat="49.168826" lon="19.736480"><ele>1998.0</ele></trkpt>
      <trkpt lat="49.168838" lon="19.736504"><ele>1998.8</ele></trkpt>
      <trkpt lat="49.168854" lon="19.736528"><ele>1999.4</ele></trkpt>
      <trkpt lat="49.168864" lon="19.736554"><ele>1999.8</ele></trkpt>
      <trkpt lat="49.168877" lon="19.736586"><ele>2000.0</ele></trkpt>
      <trkpt lat="49.168896" lon="19.736608"><ele>2000.2</ele></trkpt>
      <trkpt lat="49.168915" lon="19.736627"><ele>2000.4</ele></trkpt>
      <trkpt lat="49.168925" lon="19.736653"><ele>2000.6</ele></trkpt>
      <trkpt lat="49.168941" lon="19.736667"><ele>2000.8</ele></trkpt>
      <trkpt lat="49.168970" lon="19.736683"><ele>2001.2</ele></trkpt>
      <trkpt lat="49.168992" lon="19.736715"><ele>2001.8</ele></trkpt>
      <trkpt lat="49.169005" lon="19.736744"><ele>2002.2</ele></trkpt>
      <trkpt lat="49.169021" lon="19.736768"><ele>2002.6</ele></trkpt>
      <trkpt lat="49.169037" lon="19.736800"><ele>2003.4</ele></trkpt>
      <trkpt lat="49.169053" lon="19.736813"><ele>2003.8</ele></trkpt>
      <trkpt lat="49.169075" lon="19.736818"><ele>2004.4</ele></trkpt>
      <trkpt lat="49.169091" lon="19.736832"><ele>2005.0</ele></trkpt>
      <trkpt lat="49.169101" lon="19.736856"><ele>2005.4</ele></trkpt>
      <trkpt lat="49.169114" lon="19.736885"><ele>2006.0</ele></trkpt>
      <trkpt lat="49.169130" lon="19.736917"><ele>2006.4</ele></trkpt>
      <trkpt lat="49.169152" lon="19.736955"><ele>2007.2</ele></trkpt>
      <trkpt lat="49.169168" lon="19.736974"><ele>2007.6</ele></trkpt>
      <trkpt lat="49.169190" lon="19.736998"><ele>2008.0</ele></trkpt>
      <trkpt lat="49.169210" lon="19.737022"><ele>2008.4</ele></trkpt>
      <trkpt lat="49.169232" lon="19.737050"><ele>2008.8</ele></trkpt>
      <trkpt lat="49.169251" lon="19.737070"><ele>2009.2</ele></trkpt>
      <trkpt lat="49.169274" lon="19.737102"><ele>2009.8</ele></trkpt>
      <trkpt lat="49.169299" lon="19.737120"><ele>2010.4</ele></trkpt>
      <trkpt lat="49.169318" lon="19.737125"><ele>2011.2</ele></trkpt>
      <trkpt lat="49.169341" lon="19.737131"><ele>2012.6</ele></trkpt>
      <trkpt lat="49.169357" lon="19.737155"><ele>2013.2</ele></trkpt>
      <trkpt lat="49.169373" lon="19.737168"><ele>2014.2</ele></trkpt>
      <trkpt lat="49.169392" lon="19.737162"><ele>2015.2</ele></trkpt>
      <trkpt lat="49.169408" lon="19.737184"><ele>2016.0</ele></trkpt>
      <trkpt lat="49.169418" lon="19.737213"><ele>2016.4</ele></trkpt>
      <trkpt lat="49.169440" lon="19.737237"><ele>2017.0</ele></trkpt>
      <trkpt lat="49.169469" lon="19.737250"><ele>2017.4</ele></trkpt>
      <trkpt lat="49.169488" lon="19.737258"><ele>2018.2</ele></trkpt>
      <trkpt lat="49.169507" lon="19.737283"><ele>2019.0</ele></trkpt>
      <trkpt lat="49.169517" lon="19.737317"><ele>2019.6</ele></trkpt>
      <trkpt lat="49.169536" lon="19.737344"><ele>2019.8</ele></trkpt>
      <trkpt lat="49.169549" lon="19.737366"><ele>2020.0</ele></trkpt>
      <trkpt lat="49.169565" lon="19.737392"><ele>2020.2</ele></trkpt>
      <trkpt lat="49.169590" lon="19.737410"><ele>2021.0</ele></trkpt>
      <trkpt lat="49.169616" lon="19.737429"><ele>2021.8</ele></trkpt>
      <trkpt lat="49.169645" lon="19.737434"><ele>2022.4</ele></trkpt>
      <trkpt lat="49.169664" lon="19.737459"><ele>2023.4</ele></trkpt>
      <trkpt lat="49.169674" lon="19.737486"><ele>2024.0</ele></trkpt>
      <trkpt lat="49.169686" lon="19.737510"><ele>2024.8</ele></trkpt>
      <trkpt lat="49.169706" lon="19.737515"><ele>2025.2</ele></trkpt>
      <trkpt lat="49.169728" lon="19.737512"><ele>2026.0</ele></trkpt>
      <trkpt lat="49.169747" lon="19.737525"><ele>2027.0</ele></trkpt>
      <trkpt lat="49.169766" lon="19.737526"><ele>2027.8</ele></trkpt>
      <trkpt lat="49.169786" lon="19.737542"><ele>2028.6</ele></trkpt>
      <trkpt lat="49.169808" lon="19.737565"><ele>2029.4</ele></trkpt>
      <trkpt lat="49.169827" lon="19.737578"><ele>2029.8</ele></trkpt>
      <trkpt lat="49.169843" lon="19.737611"><ele>2030.6</ele></trkpt>
      <trkpt lat="49.169866" lon="19.737637"><ele>2031.2</ele></trkpt>
      <trkpt lat="49.169888" lon="19.737656"><ele>2032.2</ele></trkpt>
      <trkpt lat="49.169907" lon="19.737667"><ele>2033.0</ele></trkpt>
      <trkpt lat="49.169923" lon="19.737686"><ele>2033.8</ele></trkpt>
      <trkpt lat="49.169942" lon="19.737709"><ele>2034.8</ele></trkpt>
      <trkpt lat="49.169955" lon="19.737730"><ele>2035.6</ele></trkpt>
      <trkpt lat="49.169978" lon="19.737744"><ele>2036.4</ele></trkpt>
      <trkpt lat="49.169997" lon="19.737749"><ele>2036.6</ele></trkpt>
      <trkpt lat="49.170013" lon="19.737765"><ele>2037.0</ele></trkpt>
      <trkpt lat="49.170035" lon="19.737776"><ele>2037.2</ele></trkpt>
      <trkpt lat="49.170064" lon="19.737786"><ele>2037.6</ele></trkpt>
      <trkpt lat="49.170083" lon="19.737797"><ele>2038.4</ele></trkpt>
      <trkpt lat="49.170102" lon="19.737829"><ele>2038.8</ele></trkpt>
      <trkpt lat="49.170115" lon="19.737856"><ele>2039.2</ele></trkpt>
      <trkpt lat="49.170134" lon="19.737858"><ele>2039.2</ele></trkpt>
      <trkpt lat="49.170154" lon="19.737867"><ele>2039.8</ele></trkpt>
      <trkpt lat="49.170173" lon="19.737874"><ele>2040.4</ele></trkpt>
      <trkpt lat="49.170195" lon="19.737877"><ele>2041.2</ele></trkpt>
      <trkpt lat="49.170224" lon="19.737893"><ele>2042.2</ele></trkpt>
      <trkpt lat="49.170250" lon="19.737907"><ele>2043.0</ele></trkpt>
      <trkpt lat="49.170266" lon="19.737926"><ele>2043.6</ele></trkpt>
      <trkpt lat="49.170288" lon="19.737947"><ele>2044.0</ele></trkpt>
      <trkpt lat="49.170307" lon="19.737962"><ele>2044.2</ele></trkpt>
      <trkpt lat="49.170326" lon="19.737974"><ele>2044.4</ele></trkpt>
      <trkpt lat="49.170349" lon="19.737986"><ele>2044.4</ele></trkpt>
      <trkpt lat="49.170368" lon="19.738002"><ele>2044.6</ele></trkpt>
      <trkpt lat="49.170390" lon="19.738022"><ele>2044.8</ele></trkpt>
      <trkpt lat="49.170413" lon="19.738045"><ele>2044.8</ele></trkpt>
      <trkpt lat="49.170429" lon="19.738062"><ele>2045.4</ele></trkpt>
      <trkpt lat="49.170445" lon="19.738078"><ele>2045.6</ele></trkpt>
      <trkpt lat="49.170464" lon="19.738106"><ele>2046.2</ele></trkpt>
      <trkpt lat="49.170483" lon="19.738125"><ele>2046.6</ele></trkpt>
      <trkpt lat="49.170502" lon="19.738144"><ele>2047.2</ele></trkpt>
      <trkpt lat="49.170522" lon="19.738157"><ele>2047.8</ele></trkpt>
      <trkpt lat="49.170541" lon="19.738158"><ele>2048.6</ele></trkpt>
      <trkpt lat="49.170566" lon="19.738178"><ele>2049.2</ele></trkpt>
      <trkpt lat="49.170582" lon="19.738200"><ele>2049.8</ele></trkpt>
      <trkpt lat="49.170602" lon="19.738206"><ele>2050.0</ele></trkpt>
      <trkpt lat="49.170618" lon="19.738226"><ele>2050.4</ele></trkpt>
      <trkpt lat="49.170637" lon="19.738242"><ele>2051.0</ele></trkpt>
      <trkpt lat="49.170666" lon="19.738251"><ele>2052.0</ele></trkpt>
      <trkpt lat="49.170685" lon="19.738264"><ele>2052.6</ele></trkpt>
      <trkpt lat="49.170701" lon="19.738280"><ele>2053.2</ele></trkpt>
      <trkpt lat="49.170723" lon="19.738299"><ele>2054.0</ele></trkpt>
      <trkpt lat="49.170739" lon="19.738317"><ele>2054.6</ele></trkpt>
      <trkpt lat="49.170762" lon="19.738341"><ele>2055.4</ele></trkpt>
      <trkpt lat="49.170781" lon="19.738341"><ele>2056.2</ele></trkpt>
      <trkpt lat="49.170797" lon="19.738357"><ele>2057.0</ele></trkpt>
      <trkpt lat="49.170803" lon="19.738384"><ele>2057.4</ele></trkpt>
      <trkpt lat="49.170816" lon="19.738405"><ele>2058.2</ele></trkpt>
      <trkpt lat="49.170848" lon="19.738416"><ele>2058.8</ele></trkpt>
      <trkpt lat="49.170861" lon="19.738440"><ele>2059.4</ele></trkpt>
      <trkpt lat="49.170877" lon="19.738474"><ele>2060.6</ele></trkpt>
      <trkpt lat="49.170883" lon="19.738502"><ele>2061.4</ele></trkpt>
      <trkpt lat="49.170899" lon="19.738522"><ele>2062.6</ele></trkpt>
      <trkpt lat="49.170909" lon="19.738552"><ele>2063.0</ele></trkpt>
      <trkpt lat="49.170922" lon="19.738582"><ele>2064.0</ele></trkpt>
      <trkpt lat="49.170925" lon="19.738610"><ele>2064.4</ele></trkpt>
      <trkpt lat="49.170941" lon="19.738632"><ele>2064.8</ele></trkpt>
      <trkpt lat="49.170960" lon="19.738634"><ele>2066.2</ele></trkpt>
      <trkpt lat="49.170979" lon="19.738650"><ele>2066.6</ele></trkpt>
      <trkpt lat="49.170998" lon="19.738664"><ele>2067.2</ele></trkpt>
      <trkpt lat="49.171018" lon="19.738672"><ele>2067.8</ele></trkpt>
      <trkpt lat="49.171030" lon="19.738698"><ele>2068.8</ele></trkpt>
      <trkpt lat="49.171050" lon="19.738712"><ele>2069.6</ele></trkpt>
      <trkpt lat="49.171069" lon="19.738728"><ele>2070.8</ele></trkpt>
      <trkpt lat="49.171085" lon="19.738741"><ele>2071.6</ele></trkpt>
      <trkpt lat="49.171101" lon="19.738766"><ele>2072.4</ele></trkpt>
      <trkpt lat="49.171123" lon="19.738763"><ele>2073.8</ele></trkpt>
      <trkpt lat="49.171142" lon="19.738771"><ele>2074.8</ele></trkpt>
      <trkpt lat="49.171168" lon="19.738781"><ele>2076.0</ele></trkpt>
      <trkpt lat="49.171184" lon="19.738802"><ele>2077.0</ele></trkpt>
      <trkpt lat="49.171200" lon="19.738819"><ele>2078.2</ele></trkpt>
      <trkpt lat="49.171216" lon="19.738842"><ele>2079.0</ele></trkpt>
      <trkpt lat="49.171226" lon="19.738869"><ele>2079.6</ele></trkpt>
      <trkpt lat="49.171248" lon="19.738872"><ele>2080.0</ele></trkpt>
      <trkpt lat="49.171264" lon="19.738859"><ele>2081.2</ele></trkpt>
      <trkpt lat="49.171280" lon="19.738877"><ele>2082.2</ele></trkpt>
      <trkpt lat="49.171296" lon="19.738891"><ele>2083.2</ele></trkpt>
      <trkpt lat="49.171312" lon="19.738910"><ele>2084.4</ele></trkpt>
      <trkpt lat="49.171334" lon="19.738901"><ele>2085.6</ele></trkpt>
      <trkpt lat="49.171347" lon="19.738928"><ele>2087.4</ele></trkpt>
      <trkpt lat="49.171357" lon="19.738957"><ele>2088.2</ele></trkpt>
      <trkpt lat="49.171382" lon="19.738974"><ele>2089.4</ele></trkpt>
      <trkpt lat="49.171398" lon="19.738992"><ele>2090.2</ele></trkpt>
      <trkpt lat="49.171411" lon="19.739018"><ele>2091.2</ele></trkpt>
      <trkpt lat="49.171427" lon="19.739005"><ele>2092.0</ele></trkpt>
      <trkpt lat="49.171440" lon="19.738979"><ele>2092.8</ele></trkpt>
      <trkpt lat="49.171466" lon="19.738976"><ele>2093.6</ele></trkpt>
      <trkpt lat="49.171491" lon="19.738981"><ele>2094.4</ele></trkpt>
      <trkpt lat="49.171520" lon="19.738979"><ele>2095.4</ele></trkpt>
      <trkpt lat="49.171539" lon="19.738992"><ele>2095.8</ele></trkpt>
      <trkpt lat="49.171555" lon="19.739008"><ele>2096.2</ele></trkpt>
      <trkpt lat="49.171562" lon="19.739045"><ele>2097.2</ele></trkpt>
      <trkpt lat="49.171574" lon="19.739069"><ele>2097.8</ele></trkpt>
      <trkpt lat="49.171584" lon="19.739101"><ele>2098.6</ele></trkpt>
      <trkpt lat="49.171590" lon="19.739138"><ele>2099.2</ele></trkpt>
      <trkpt lat="49.171584" lon="19.739165"><ele>2099.4</ele></trkpt>
      <trkpt lat="49.171594" lon="19.739189"><ele>2099.6</ele></trkpt>
      <trkpt lat="49.171606" lon="19.739221"><ele>2099.8</ele></trkpt>
      <trkpt lat="49.171622" lon="19.739237"><ele>2099.8</ele></trkpt>
      <trkpt lat="49.171632" lon="19.739274"><ele>2100.2</ele></trkpt>
      <trkpt lat="49.171651" lon="19.739304"><ele>2100.4</ele></trkpt>
      <trkpt lat="49.171664" lon="19.739326"><ele>2100.8</ele></trkpt>
      <trkpt lat="49.171677" lon="19.739349"><ele>2101.0</ele></trkpt>
      <trkpt lat="49.171690" lon="19.739382"><ele>2101.4</ele></trkpt>
      <trkpt lat="49.171702" lon="19.739403"><ele>2102.0</ele></trkpt>
      <trkpt lat="49.171725" lon="19.739411"><ele>2102.2</ele></trkpt>
      <trkpt lat="49.171750" lon="19.739418"><ele>2102.8</ele></trkpt>
      <trkpt lat="49.171770" lon="19.739422"><ele>2103.2</ele></trkpt>
      <trkpt lat="49.171789" lon="19.739427"><ele>2103.6</ele></trkpt>
      <trkpt lat="49.171802" lon="19.739448"><ele>2104.0</ele></trkpt>
      <trkpt lat="49.171821" lon="19.739466"><ele>2104.6</ele></trkpt>
      <trkpt lat="49.171840" lon="19.739483"><ele>2105.2</ele></trkpt>
      <trkpt lat="49.171862" lon="19.739504"><ele>2105.8</ele></trkpt>
      <trkpt lat="49.171882" lon="19.739526"><ele>2106.2</ele></trkpt>
      <trkpt lat="49.171891" lon="19.739552"><ele>2106.8</ele></trkpt>
      <trkpt lat="49.171904" lon="19.739586"><ele>2107.2</ele></trkpt>
      <trkpt lat="49.171923" lon="19.739595"><ele>2107.4</ele></trkpt>
      <trkpt lat="49.171942" lon="19.739613"><ele>2107.8</ele></trkpt>
      <trkpt lat="49.171962" lon="19.739624"><ele>2108.2</ele></trkpt>
      <trkpt lat="49.171981" lon="19.739646"><ele>2108.6</ele></trkpt>
      <trkpt lat="49.172000" lon="19.739656"><ele>2109.0</ele></trkpt>
      <trkpt lat="49.172019" lon="19.739667"><ele>2109.6</ele></trkpt>
      <trkpt lat="49.172042" lon="19.739677"><ele>2110.2</ele></trkpt>
      <trkpt lat="49.172061" lon="19.739694"><ele>2110.6</ele></trkpt>
      <trkpt lat="49.172074" lon="19.739715"><ele>2111.0</ele></trkpt>
      <trkpt lat="49.172080" lon="19.739744"><ele>2111.8</ele></trkpt>
      <trkpt lat="49.172099" lon="19.739763"><ele>2112.8</ele></trkpt>
      <trkpt lat="49.172115" lon="19.739776"><ele>2113.4</ele></trkpt>
      <trkpt lat="49.172138" lon="19.739789"><ele>2114.2</ele></trkpt>
      <trkpt lat="49.172157" lon="19.739797"><ele>2115.0</ele></trkpt>
      <trkpt lat="49.172176" lon="19.739816"><ele>2115.8</ele></trkpt>
      <trkpt lat="49.172192" lon="19.739832"><ele>2116.4</ele></trkpt>
      <trkpt lat="49.172218" lon="19.739843"><ele>2117.2</ele></trkpt>
      <trkpt lat="49.172240" lon="19.739851"><ele>2117.8</ele></trkpt>
      <trkpt lat="49.172253" lon="19.739819"><ele>2118.6</ele></trkpt>
      <trkpt lat="49.172269" lon="19.739800"><ele>2119.6</ele></trkpt>
      <trkpt lat="49.172288" lon="19.739819"><ele>2121.4</ele></trkpt>
      <trkpt lat="49.172307" lon="19.739834"><ele>2122.4</ele></trkpt>
      <trkpt lat="49.172326" lon="19.739832"><ele>2123.2</ele></trkpt>
      <trkpt lat="49.172346" lon="19.739850"><ele>2124.4</ele></trkpt>
      <trkpt lat="49.172368" lon="19.739861"><ele>2125.6</ele></trkpt>
      <trkpt lat="49.172390" lon="19.739862"><ele>2126.6</ele></trkpt>
      <trkpt lat="49.172410" lon="19.739861"><ele>2127.4</ele></trkpt>
      <trkpt lat="49.172429" lon="19.739874"><ele>2128.2</ele></trkpt>
      <trkpt lat="49.172451" lon="19.739872"><ele>2129.0</ele></trkpt>
      <trkpt lat="49.172470" lon="19.739864"><ele>2130.2</ele></trkpt>
      <trkpt lat="49.172486" lon="19.739850"><ele>2131.0</ele></trkpt>
      <trkpt lat="49.172506" lon="19.739850"><ele>2131.6</ele></trkpt>
      <trkpt lat="49.172525" lon="19.739875"><ele>2132.6</ele></trkpt>
      <trkpt lat="49.172547" lon="19.739891"><ele>2133.0</ele></trkpt>
      <trkpt lat="49.172566" lon="19.739899"><ele>2133.8</ele></trkpt>
      <trkpt lat="49.172579" lon="19.739923"><ele>2134.4</ele></trkpt>
      <trkpt lat="49.172592" lon="19.739954"><ele>2135.2</ele></trkpt>
      <trkpt lat="49.172608" lon="19.739971"><ele>2135.8</ele></trkpt>
      <trkpt lat="49.172627" lon="19.739982"><ele>2136.4</ele></trkpt>
      <trkpt lat="49.172634" lon="19.740011"><ele>2137.2</ele></trkpt>
      <trkpt lat="49.172653" lon="19.740024"><ele>2137.8</ele></trkpt>
      <trkpt lat="49.172669" lon="19.740043"><ele>2138.6</ele></trkpt>
      <trkpt lat="49.172685" lon="19.740061"><ele>2139.2</ele></trkpt>
      <trkpt lat="49.172698" lon="19.740090"><ele>2140.6</ele></trkpt>
      <trkpt lat="49.172714" lon="19.740114"><ele>2141.4</ele></trkpt>
      <trkpt lat="49.172730" lon="19.740130"><ele>2142.0</ele></trkpt>
      <trkpt lat="49.172749" lon="19.740139"><ele>2142.6</ele></trkpt>
      <trkpt lat="49.172768" lon="19.740149"><ele>2143.8</ele></trkpt>
      <trkpt lat="49.172787" lon="19.740158"><ele>2145.0</ele></trkpt>
      <trkpt lat="49.172806" lon="19.740170"><ele>2145.8</ele></trkpt>
      <trkpt lat="49.172822" lon="19.740189"><ele>2146.8</ele></trkpt>
      <trkpt lat="49.172842" lon="19.740203"><ele>2147.8</ele></trkpt>
      <trkpt lat="49.172864" lon="19.740210"><ele>2149.0</ele></trkpt>
      <trkpt lat="49.172890" lon="19.740232"><ele>2149.8</ele></trkpt>
      <trkpt lat="49.172893" lon="19.740259"><ele>2150.8</ele></trkpt>
      <trkpt lat="49.172906" lon="19.740282"><ele>2151.4</ele></trkpt>
      <trkpt lat="49.172915" lon="19.740312"><ele>2152.8</ele></trkpt>
      <trkpt lat="49.172925" lon="19.740346"><ele>2153.6</ele></trkpt>
      <trkpt lat="49.172941" lon="19.740374"><ele>2154.6</ele></trkpt>
      <trkpt lat="49.172966" lon="19.740382"><ele>2155.6</ele></trkpt>
      <trkpt lat="49.172986" lon="19.740390"><ele>2156.2</ele></trkpt>
      <trkpt lat="49.173002" lon="19.740408"><ele>2157.0</ele></trkpt>
      <trkpt lat="49.173014" lon="19.740438"><ele>2158.0</ele></trkpt>
      <trkpt lat="49.173040" lon="19.740459"><ele>2159.2</ele></trkpt>
      <trkpt lat="49.173062" lon="19.740485"><ele>2160.2</ele></trkpt>
      <trkpt lat="49.173085" lon="19.740498"><ele>2161.0</ele></trkpt>
      <trkpt lat="49.173104" lon="19.740509"><ele>2161.6</ele></trkpt>
      <trkpt lat="49.173126" lon="19.740530"><ele>2162.2</ele></trkpt>
      <trkpt lat="49.173142" lon="19.740549"><ele>2162.8</ele></trkpt>
      <trkpt lat="49.173162" lon="19.740576"><ele>2163.6</ele></trkpt>
      <trkpt lat="49.173181" lon="19.740578"><ele>2164.4</ele></trkpt>
      <trkpt lat="49.173200" lon="19.740579"><ele>2164.8</ele></trkpt>
      <trkpt lat="49.173219" lon="19.740574"><ele>2165.4</ele></trkpt>
      <trkpt lat="49.173238" lon="19.740581"><ele>2166.8</ele></trkpt>
      <trkpt lat="49.173254" lon="19.740606"><ele>2167.8</ele></trkpt>
      <trkpt lat="49.173274" lon="19.740619"><ele>2168.6</ele></trkpt>
      <trkpt lat="49.173299" lon="19.740634"><ele>2169.8</ele></trkpt>
      <trkpt lat="49.173318" lon="19.740656"><ele>2171.0</ele></trkpt>
      <trkpt lat="49.173331" lon="19.740680"><ele>2171.6</ele></trkpt>
      <trkpt lat="49.173354" lon="19.740698"><ele>2172.2</ele></trkpt>
      <trkpt lat="49.173373" lon="19.740717"><ele>2173.2</ele></trkpt>
      <trkpt lat="49.173398" lon="19.740733"><ele>2173.8</ele></trkpt>
      <trkpt lat="49.173418" lon="19.740734"><ele>2174.2</ele></trkpt>
      <trkpt lat="49.173437" lon="19.740742"><ele>2174.6</ele></trkpt>
      <trkpt lat="49.173453" lon="19.740757"><ele>2175.4</ele></trkpt>
      <trkpt lat="49.173478" lon="19.740766"><ele>2176.2</ele></trkpt>
      <trkpt lat="49.173498" lon="19.740784"><ele>2177.0</ele></trkpt>
      <trkpt lat="49.173526" lon="19.740797"><ele>2178.4</ele></trkpt>
      <trkpt lat="49.173507" lon="19.740810"><ele>2178.2</ele></trkpt>
      <trkpt lat="49.173485" lon="19.740826"><ele>2178.0</ele></trkpt>
      <trkpt lat="49.173510" lon="19.740802"><ele>2182.4</ele></trkpt>
      <trkpt lat="49.173510" lon="19.740766"><ele>2182.4</ele></trkpt>
      <trkpt lat="49.173507" lon="19.740723"><ele>2182.2</ele></trkpt>
      <trkpt lat="49.173504" lon="19.740683"><ele>2182.2</ele></trkpt>
      <trkpt lat="49.173501" lon="19.740645"><ele>2182.2</ele></trkpt>
      <trkpt lat="49.173491" lon="19.740608"><ele>2181.8</ele></trkpt>
      <trkpt lat="49.173485" lon="19.740576"><ele>2181.6</ele></trkpt>
      <trkpt lat="49.173478" lon="19.740544"><ele>2181.2</ele></trkpt>
      <trkpt lat="49.173472" lon="19.740510"><ele>2181.0</ele></trkpt>
      <trkpt lat="49.173469" lon="19.740470"><ele>2180.8</ele></trkpt>
      <trkpt lat="49.173466" lon="19.740418"><ele>2180.8</ele></trkpt>
      <trkpt lat="49.173459" lon="19.740379"><ele>2180.8</ele></trkpt>
      <trkpt lat="49.173450" lon="19.740352"><ele>2181.0</ele></trkpt>
      <trkpt lat="49.173440" lon="19.740307"><ele>2181.2</ele></trkpt>
      <trkpt lat="49.173440" lon="19.740275"><ele>2181.4</ele></trkpt>
      <trkpt lat="49.173437" lon="19.740240"><ele>2181.4</ele></trkpt>
      <trkpt lat="49.173418" lon="19.740218"><ele>2181.2</ele></trkpt>
      <trkpt lat="49.173402" lon="19.740194"><ele>2180.2</ele></trkpt>
      <trkpt lat="49.173382" lon="19.740189"><ele>2178.4</ele></trkpt>
      <trkpt lat="49.173366" lon="19.740206"><ele>2177.4</ele></trkpt>
      <trkpt lat="49.173354" lon="19.740251"><ele>2177.0</ele></trkpt>
      <trkpt lat="49.173368" lon="19.740249"><ele>2176.2</ele></trkpt>
      <trkpt lat="49.173382" lon="19.740246"><ele>2175.0</ele></trkpt>
      <trkpt lat="49.173396" lon="19.740244"><ele>2177.2</ele></trkpt>
      <trkpt lat="49.173410" lon="19.740241"><ele>2177.6</ele></trkpt>
      <trkpt lat="49.173424" lon="19.740239"><ele>2177.6</ele></trkpt>
      <trkpt lat="49.173438" lon="19.740236"><ele>2177.4</ele></trkpt>
      <trkpt lat="49.173452" lon="19.740233"><ele>2180.0</ele></trkpt>
      <trkpt lat="49.173466" lon="19.740231"><ele>2179.4</ele></trkpt>
      <trkpt lat="49.173478" lon="19.740259"><ele>2181.4</ele></trkpt>
      <trkpt lat="49.173472" lon="19.740293"><ele>2181.6</ele></trkpt>
      <trkpt lat="49.173472" lon="19.740330"><ele>2181.8</ele></trkpt>
      <trkpt lat="49.173472" lon="19.740374"><ele>2181.6</ele></trkpt>
      <trkpt lat="49.173472" lon="19.740411"><ele>2181.6</ele></trkpt>
      <trkpt lat="49.173482" lon="19.740438"><ele>2181.2</ele></trkpt>
      <trkpt lat="49.173478" lon="19.740475"><ele>2181.2</ele></trkpt>
      <trkpt lat="49.173482" lon="19.740506"><ele>2181.0</ele></trkpt>
      <trkpt lat="49.173485" lon="19.740536"><ele>2180.8</ele></trkpt>
      <trkpt lat="49.173498" lon="19.740574"><ele>2180.6</ele></trkpt>
      <trkpt lat="49.173504" lon="19.740603"><ele>2180.2</ele></trkpt>
      <trkpt lat="49.173517" lon="19.740645"><ele>2180.2</ele></trkpt>
      <trkpt lat="49.173530" lon="19.740686"><ele>2180.4</ele></trkpt>
      <trkpt lat="49.173533" lon="19.740714"><ele>2180.6</ele></trkpt>
      <trkpt lat="49.173546" lon="19.740734"><ele>2181.0</ele></trkpt>
      <trkpt lat="49.173562" lon="19.740778"><ele>2181.0</ele></trkpt>
      <trkpt lat="49.173571" lon="19.740808"><ele>2181.0</ele></trkpt>
      <trkpt lat="49.173578" lon="19.740838"><ele>2180.6</ele></trkpt>
      <trkpt lat="49.173578" lon="19.740869"><ele>2180.4</ele></trkpt>
      <trkpt lat="49.173581" lon="19.740898"><ele>2180.4</ele></trkpt>
      <trkpt lat="49.173571" lon="19.740928"><ele>2180.6</ele></trkpt>
      <trkpt lat="49.173571" lon="19.740971"><ele>2180.8</ele></trkpt>
      <trkpt lat="49.173581" lon="19.741000"><ele>2180.6</ele></trkpt>
      <trkpt lat="49.173581" lon="19.741051"><ele>2180.4</ele></trkpt>
      <trkpt lat="49.173581" lon="19.741099"><ele>2180.0</ele></trkpt>
      <trkpt lat="49.173584" lon="19.741131"><ele>2179.6</ele></trkpt>
      <trkpt lat="49.173597" lon="19.741155"><ele>2179.4</ele></trkpt>
      <trkpt lat="49.173606" lon="19.741181"><ele>2179.0</ele></trkpt>
      <trkpt lat="49.173619" lon="19.741205"><ele>2178.6</ele></trkpt>
      <trkpt lat="49.173629" lon="19.741232"><ele>2177.8</ele></trkpt>
      <trkpt lat="49.173645" lon="19.741264"><ele>2177.0</ele></trkpt>
      <trkpt lat="49.173658" lon="19.741299"><ele>2176.4</ele></trkpt>
      <trkpt lat="49.173670" lon="19.741338"><ele>2176.0</ele></trkpt>
      <trkpt lat="49.173699" lon="19.741373"><ele>2175.4</ele></trkpt>
      <trkpt lat="49.173725" lon="19.741402"><ele>2174.6</ele></trkpt>
      <trkpt lat="49.173744" lon="19.741437"><ele>2174.0</ele></trkpt>
      <trkpt lat="49.173760" lon="19.741454"><ele>2173.6</ele></trkpt>
      <trkpt lat="49.173779" lon="19.741472"><ele>2173.2</ele></trkpt>
      <trkpt lat="49.173805" lon="19.741491"><ele>2172.8</ele></trkpt>
      <trkpt lat="49.173837" lon="19.741507"><ele>2171.8</ele></trkpt>
      <trkpt lat="49.173875" lon="19.741518"><ele>2170.8</ele></trkpt>
      <trkpt lat="49.173894" lon="19.741522"><ele>2170.2</ele></trkpt>
      <trkpt lat="49.173914" lon="19.741526"><ele>2169.8</ele></trkpt>
      <trkpt lat="49.173949" lon="19.741534"><ele>2169.0</ele></trkpt>
      <trkpt lat="49.173974" lon="19.741541"><ele>2168.6</ele></trkpt>
      <trkpt lat="49.173994" lon="19.741549"><ele>2168.2</ele></trkpt>
      <trkpt lat="49.174026" lon="19.741552"><ele>2167.6</ele></trkpt>
      <trkpt lat="49.174054" lon="19.741560"><ele>2166.8</ele></trkpt>
      <trkpt lat="49.174080" lon="19.741587"><ele>2165.8</ele></trkpt>
      <trkpt lat="49.174099" lon="19.741590"><ele>2165.2</ele></trkpt>
      <trkpt lat="49.174118" lon="19.741587"><ele>2164.6</ele></trkpt>
      <trkpt lat="49.174147" lon="19.741587"><ele>2163.6</ele></trkpt>
      <trkpt lat="49.174176" lon="19.741581"><ele>2163.0</ele></trkpt>
      <trkpt lat="49.174198" lon="19.741566"><ele>2162.4</ele></trkpt>
      <trkpt lat="49.174221" lon="19.741576"><ele>2161.8</ele></trkpt>
      <trkpt lat="49.174240" lon="19.741590"><ele>2161.4</ele></trkpt>
      <trkpt lat="49.174259" lon="19.741613"><ele>2161.0</ele></trkpt>
      <trkpt lat="49.174285" lon="19.741626"><ele>2160.6</ele></trkpt>
      <trkpt lat="49.174301" lon="19.741650"><ele>2159.8</ele></trkpt>
      <trkpt lat="49.174323" lon="19.741659"><ele>2158.8</ele></trkpt>
      <trkpt lat="49.174346" lon="19.741666"><ele>2157.4</ele></trkpt>
      <trkpt lat="49.174358" lon="19.741691"><ele>2156.8</ele></trkpt>
      <trkpt lat="49.174394" lon="19.741701"><ele>2154.6</ele></trkpt>
      <trkpt lat="49.174403" lon="19.741726"><ele>2154.4</ele></trkpt>
      <trkpt lat="49.174419" lon="19.741742"><ele>2153.8</ele></trkpt>
      <trkpt lat="49.174451" lon="19.741758"><ele>2153.2</ele></trkpt>
      <trkpt lat="49.174490" lon="19.741770"><ele>2152.4</ele></trkpt>
      <trkpt lat="49.174525" lon="19.741778"><ele>2151.4</ele></trkpt>
      <trkpt lat="49.174554" lon="19.741765"><ele>2150.4</ele></trkpt>
      <trkpt lat="49.174573" lon="19.741766"><ele>2147.8</ele></trkpt>
      <trkpt lat="49.174592" lon="19.741770"><ele>2147.0</ele></trkpt>
      <trkpt lat="49.174611" lon="19.741790"><ele>2144.6</ele></trkpt>
      <trkpt lat="49.174630" lon="19.741779"><ele>2144.0</ele></trkpt>
      <trkpt lat="49.174659" lon="19.741776"><ele>2143.6</ele></trkpt>
      <trkpt lat="49.174682" lon="19.741786"><ele>2142.8</ele></trkpt>
      <trkpt lat="49.174701" lon="19.741787"><ele>2142.2</ele></trkpt>
      <trkpt lat="49.174720" lon="19.741766"><ele>2140.6</ele></trkpt>
      <trkpt lat="49.174739" lon="19.741766"><ele>2139.6</ele></trkpt>
      <trkpt lat="49.174762" lon="19.741786"><ele>2138.4</ele></trkpt>
      <trkpt lat="49.174781" lon="19.741805"><ele>2137.4</ele></trkpt>
      <trkpt lat="49.174797" lon="19.741792"><ele>2135.0</ele></trkpt>
      <trkpt lat="49.174816" lon="19.741790"><ele>2132.8</ele></trkpt>
      <trkpt lat="49.174835" lon="19.741800"><ele>2130.8</ele></trkpt>
      <trkpt lat="49.174854" lon="19.741811"><ele>2130.4</ele></trkpt>
      <trkpt lat="49.174874" lon="19.741830"><ele>2129.8</ele></trkpt>
      <trkpt lat="49.174890" lon="19.741845"><ele>2128.4</ele></trkpt>
      <trkpt lat="49.174912" lon="19.741830"><ele>2126.8</ele></trkpt>
      <trkpt lat="49.174931" lon="19.741818"><ele>2126.2</ele></trkpt>
      <trkpt lat="49.174950" lon="19.741816"><ele>2125.6</ele></trkpt>
      <trkpt lat="49.174954" lon="19.741786"><ele>2124.6</ele></trkpt>
      <trkpt lat="49.174966" lon="19.741765"><ele>2123.0</ele></trkpt>
      <trkpt lat="49.174970" lon="19.741738"><ele>2121.2</ele></trkpt>
      <trkpt lat="49.174973" lon="19.741710"><ele>2120.4</ele></trkpt>
      <trkpt lat="49.174979" lon="19.741680"><ele>2118.6</ele></trkpt>
      <trkpt lat="49.174998" lon="19.741672"><ele>2117.6</ele></trkpt>
      <trkpt lat="49.175011" lon="19.741651"><ele>2116.8</ele></trkpt>
      <trkpt lat="49.175027" lon="19.741630"><ele>2116.2</ele></trkpt>
      <trkpt lat="49.175034" lon="19.741658"><ele>2115.2</ele></trkpt>
      <trkpt lat="49.175046" lon="19.741678"><ele>2114.2</ele></trkpt>
      <trkpt lat="49.175066" lon="19.741669"><ele>2113.0</ele></trkpt>
      <trkpt lat="49.175088" lon="19.741672"><ele>2112.2</ele></trkpt>
      <trkpt lat="49.175101" lon="19.741693"><ele>2110.6</ele></trkpt>
      <trkpt lat="49.175117" lon="19.741680"><ele>2108.4</ele></trkpt>
      <trkpt lat="49.175126" lon="19.741651"><ele>2107.6</ele></trkpt>
      <trkpt lat="49.175149" lon="19.741651"><ele>2107.0</ele></trkpt>
      <trkpt lat="49.175168" lon="19.741667"><ele>2106.2</ele></trkpt>
      <trkpt lat="49.175190" lon="19.741686"><ele>2105.4</ele></trkpt>
      <trkpt lat="49.175210" lon="19.741699"><ele>2104.4</ele></trkpt>
      <trkpt lat="49.175219" lon="19.741726"><ele>2103.2</ele></trkpt>
      <trkpt lat="49.175232" lon="19.741701"><ele>2101.4</ele></trkpt>
      <trkpt lat="49.175251" lon="19.741688"><ele>2101.2</ele></trkpt>
      <trkpt lat="49.175267" lon="19.741712"><ele>2100.4</ele></trkpt>
      <trkpt lat="49.175270" lon="19.741739"><ele>2099.2</ele></trkpt>
      <trkpt lat="49.175290" lon="19.741731"><ele>2098.4</ele></trkpt>
      <trkpt lat="49.175309" lon="19.741715"><ele>2097.4</ele></trkpt>
      <trkpt lat="49.175334" lon="19.741726"><ele>2097.0</ele></trkpt>
      <trkpt lat="49.175354" lon="19.741741"><ele>2095.8</ele></trkpt>
      <trkpt lat="49.175376" lon="19.741749"><ele>2094.6</ele></trkpt>
      <trkpt lat="49.175398" lon="19.741768"><ele>2093.6</ele></trkpt>
      <trkpt lat="49.175414" lon="19.741789"><ele>2093.0</ele></trkpt>
      <trkpt lat="49.175430" lon="19.741805"><ele>2092.0</ele></trkpt>
      <trkpt lat="49.175443" lon="19.741830"><ele>2091.0</ele></trkpt>
      <trkpt lat="49.175462" lon="19.741845"><ele>2090.4</ele></trkpt>
      <trkpt lat="49.175485" lon="19.741858"><ele>2089.6</ele></trkpt>
      <trkpt lat="49.175510" lon="19.741885"><ele>2088.8</ele></trkpt>
      <trkpt lat="49.175530" lon="19.741885"><ele>2087.8</ele></trkpt>
      <trkpt lat="49.175523" lon="19.741858"><ele>2086.8</ele></trkpt>
      <trkpt lat="49.175523" lon="19.741827"><ele>2086.2</ele></trkpt>
      <trkpt lat="49.175533" lon="19.741797"><ele>2085.2</ele></trkpt>
      <trkpt lat="49.175555" lon="19.741818"><ele>2084.0</ele></trkpt>
      <trkpt lat="49.175565" lon="19.741790"><ele>2082.4</ele></trkpt>
      <trkpt lat="49.175565" lon="19.741755"><ele>2081.8</ele></trkpt>
      <trkpt lat="49.175594" lon="19.741738"><ele>2080.8</ele></trkpt>
      <trkpt lat="49.175610" lon="19.741757"><ele>2079.8</ele></trkpt>
      <trkpt lat="49.175626" lon="19.741790"><ele>2078.8</ele></trkpt>
      <trkpt lat="49.175645" lon="19.741786"><ele>2078.0</ele></trkpt>
      <trkpt lat="49.175667" lon="19.741778"><ele>2077.2</ele></trkpt>
      <trkpt lat="49.175674" lon="19.741747"><ele>2076.4</ele></trkpt>
      <trkpt lat="49.175683" lon="19.741715"><ele>2075.4</ele></trkpt>
      <trkpt lat="49.175709" lon="19.741712"><ele>2074.6</ele></trkpt>
      <trkpt lat="49.175722" lon="19.741742"><ele>2073.8</ele></trkpt>
      <trkpt lat="49.175734" lon="19.741765"><ele>2073.2</ele></trkpt>
      <trkpt lat="49.175747" lon="19.741738"><ele>2071.6</ele></trkpt>
      <trkpt lat="49.175757" lon="19.741702"><ele>2070.2</ele></trkpt>
      <trkpt lat="49.175770" lon="19.741682"><ele>2069.2</ele></trkpt>
      <trkpt lat="49.175789" lon="19.741686"><ele>2067.4</ele></trkpt>
      <trkpt lat="49.175808" lon="19.741672"><ele>2065.6</ele></trkpt>
      <trkpt lat="49.175824" lon="19.741658"><ele>2064.8</ele></trkpt>
      <trkpt lat="49.175834" lon="19.741634"><ele>2064.2</ele></trkpt>
      <trkpt lat="49.175853" lon="19.741618"><ele>2063.4</ele></trkpt>
      <trkpt lat="49.175872" lon="19.741613"><ele>2062.8</ele></trkpt>
      <trkpt lat="49.175901" lon="19.741626"><ele>2062.0</ele></trkpt>
      <trkpt lat="49.175914" lon="19.741646"><ele>2061.2</ele></trkpt>
      <trkpt lat="49.175930" lon="19.741630"><ele>2059.4</ele></trkpt>
      <trkpt lat="49.175930" lon="19.741594"><ele>2058.8</ele></trkpt>
      <trkpt lat="49.175942" lon="19.741568"><ele>2057.6</ele></trkpt>
      <trkpt lat="49.175962" lon="19.741579"><ele>2056.2</ele></trkpt>
      <trkpt lat="49.175987" lon="19.741581"><ele>2055.8</ele></trkpt>
      <trkpt lat="49.176003" lon="19.741594"><ele>2055.0</ele></trkpt>
      <trkpt lat="49.176022" lon="19.741602"><ele>2053.8</ele></trkpt>
      <trkpt lat="49.176048" lon="19.741603"><ele>2052.8</ele></trkpt>
      <trkpt lat="49.176067" lon="19.741619"><ele>2052.4</ele></trkpt>
      <trkpt lat="49.176080" lon="19.741642"><ele>2051.6</ele></trkpt>
      <trkpt lat="49.176106" lon="19.741626"><ele>2050.8</ele></trkpt>
      <trkpt lat="49.176122" lon="19.741640"><ele>2050.4</ele></trkpt>
      <trkpt lat="49.176138" lon="19.741669"><ele>2049.2</ele></trkpt>
      <trkpt lat="49.176163" lon="19.741646"><ele>2048.2</ele></trkpt>
      <trkpt lat="49.176179" lon="19.741630"><ele>2047.2</ele></trkpt>
      <trkpt lat="49.176186" lon="19.741600"><ele>2046.6</ele></trkpt>
      <trkpt lat="49.176208" lon="19.741587"><ele>2046.2</ele></trkpt>
      <trkpt lat="49.176227" lon="19.741603"><ele>2045.4</ele></trkpt>
      <trkpt lat="49.176243" lon="19.741626"><ele>2044.8</ele></trkpt>
      <trkpt lat="49.176259" lon="19.741594"><ele>2042.8</ele></trkpt>
      <trkpt lat="49.176282" lon="19.741608"><ele>2041.4</ele></trkpt>
      <trkpt lat="49.176298" lon="19.741626"><ele>2040.2</ele></trkpt>
      <trkpt lat="49.176320" lon="19.741616"><ele>2039.0</ele></trkpt>
      <trkpt lat="49.176342" lon="19.741608"><ele>2038.6</ele></trkpt>
      <trkpt lat="49.176362" lon="19.741619"><ele>2038.2</ele></trkpt>
      <trkpt lat="49.176371" lon="19.741646"><ele>2037.6</ele></trkpt>
      <trkpt lat="49.176387" lon="19.741659"><ele>2037.0</ele></trkpt>
      <trkpt lat="49.176406" lon="19.741659"><ele>2036.2</ele></trkpt>
      <trkpt lat="49.176432" lon="19.741638"><ele>2035.0</ele></trkpt>
      <trkpt lat="49.176458" lon="19.741637"><ele>2034.2</ele></trkpt>
      <trkpt lat="49.176477" lon="19.741672"><ele>2033.0</ele></trkpt>
      <trkpt lat="49.176496" lon="19.741690"><ele>2032.4</ele></trkpt>
      <trkpt lat="49.176515" lon="19.741691"><ele>2031.6</ele></trkpt>
      <trkpt lat="49.176541" lon="19.741683"><ele>2030.6</ele></trkpt>
      <trkpt lat="49.176563" lon="19.741702"><ele>2029.6</ele></trkpt>
      <trkpt lat="49.176582" lon="19.741726"><ele>2028.8</ele></trkpt>
      <trkpt lat="49.176614" lon="19.741738"><ele>2028.0</ele></trkpt>
      <trkpt lat="49.176630" lon="19.741755"><ele>2026.8</ele></trkpt>
      <trkpt lat="49.176643" lon="19.741782"><ele>2026.0</ele></trkpt>
      <trkpt lat="49.176656" lon="19.741814"><ele>2025.2</ele></trkpt>
      <trkpt lat="49.176675" lon="19.741805"><ele>2024.4</ele></trkpt>
      <trkpt lat="49.176694" lon="19.741790"><ele>2023.6</ele></trkpt>
      <trkpt lat="49.176720" lon="19.741778"><ele>2022.8</ele></trkpt>
      <trkpt lat="49.176746" lon="19.741778"><ele>2022.0</ele></trkpt>
      <trkpt lat="49.176768" lon="19.741779"><ele>2021.2</ele></trkpt>
      <trkpt lat="49.176787" lon="19.741776"><ele>2020.2</ele></trkpt>
      <trkpt lat="49.176816" lon="19.741762"><ele>2019.0</ele></trkpt>
      <trkpt lat="49.176835" lon="19.741776"><ele>2018.0</ele></trkpt>
      <trkpt lat="49.176861" lon="19.741782"><ele>2017.0</ele></trkpt>
      <trkpt lat="49.176880" lon="19.741798"><ele>2016.0</ele></trkpt>
      <trkpt lat="49.176899" lon="19.741782"><ele>2014.2</ele></trkpt>
      <trkpt lat="49.176915" lon="19.741760"><ele>2013.0</ele></trkpt>
      <trkpt lat="49.176934" lon="19.741747"><ele>2011.4</ele></trkpt>
      <trkpt lat="49.176960" lon="19.741746"><ele>2010.4</ele></trkpt>
      <trkpt lat="49.176976" lon="19.741733"><ele>2009.0</ele></trkpt>
      <trkpt lat="49.176992" lon="19.741715"><ele>2008.4</ele></trkpt>
      <trkpt lat="49.177024" lon="19.741712"><ele>2007.2</ele></trkpt>
      <trkpt lat="49.177056" lon="19.741718"><ele>2006.4</ele></trkpt>
      <trkpt lat="49.177078" lon="19.741726"><ele>2006.0</ele></trkpt>
      <trkpt lat="49.177101" lon="19.741726"><ele>2003.8</ele></trkpt>
      <trkpt lat="49.177117" lon="19.741741"><ele>2002.4</ele></trkpt>
      <trkpt lat="49.177152" lon="19.741738"><ele>1999.8</ele></trkpt>
      <trkpt lat="49.177174" lon="19.741731"><ele>1999.6</ele></trkpt>
      <trkpt lat="49.177203" lon="19.741726"><ele>1999.2</ele></trkpt>
      <trkpt lat="49.177235" lon="19.741725"><ele>1998.8</ele></trkpt>
      <trkpt lat="49.177264" lon="19.741720"><ele>1998.4</ele></trkpt>
      <trkpt lat="49.177293" lon="19.741715"><ele>1997.8</ele></trkpt>
      <trkpt lat="49.177318" lon="19.741712"><ele>1997.2</ele></trkpt>
      <trkpt lat="49.177344" lon="19.741709"><ele>1996.8</ele></trkpt>
      <trkpt lat="49.177370" lon="19.741712"><ele>1996.2</ele></trkpt>
      <trkpt lat="49.177392" lon="19.741722"><ele>1995.4</ele></trkpt>
      <trkpt lat="49.177411" lon="19.741726"><ele>1994.8</ele></trkpt>
      <trkpt lat="49.177434" lon="19.741726"><ele>1994.2</ele></trkpt>
      <trkpt lat="49.177456" lon="19.741728"><ele>1993.4</ele></trkpt>
      <trkpt lat="49.177475" lon="19.741739"><ele>1992.8</ele></trkpt>
      <trkpt lat="49.177501" lon="19.741750"><ele>1992.2</ele></trkpt>
      <trkpt lat="49.177523" lon="19.741765"><ele>1991.4</ele></trkpt>
      <trkpt lat="49.177555" lon="19.741786"><ele>1990.6</ele></trkpt>
      <trkpt lat="49.177581" lon="19.741805"><ele>1990.0</ele></trkpt>
      <trkpt lat="49.177610" lon="19.741816"><ele>1989.0</ele></trkpt>
      <trkpt lat="49.177638" lon="19.741830"><ele>1988.4</ele></trkpt>
      <trkpt lat="49.177667" lon="19.741842"><ele>1987.6</ele></trkpt>
      <trkpt lat="49.177690" lon="19.741856"><ele>1986.6</ele></trkpt>
      <trkpt lat="49.177712" lon="19.741869"><ele>1986.0</ele></trkpt>
      <trkpt lat="49.177738" lon="19.741870"><ele>1985.2</ele></trkpt>
      <trkpt lat="49.177766" lon="19.741864"><ele>1984.4</ele></trkpt>
      <trkpt lat="49.177795" lon="19.741854"><ele>1983.6</ele></trkpt>
      <trkpt lat="49.177821" lon="19.741859"><ele>1982.8</ele></trkpt>
      <trkpt lat="49.177853" lon="19.741880"><ele>1982.2</ele></trkpt>
      <trkpt lat="49.177872" lon="19.741898"><ele>1981.6</ele></trkpt>
      <trkpt lat="49.177894" lon="19.741918"><ele>1980.4</ele></trkpt>
      <trkpt lat="49.177910" lon="19.741950"><ele>1977.8</ele></trkpt>
      <trkpt lat="49.177933" lon="19.741968"><ele>1978.0</ele></trkpt>
      <trkpt lat="49.177958" lon="19.741981"><ele>1978.0</ele></trkpt>
      <trkpt lat="49.177987" lon="19.741995"><ele>1978.2</ele></trkpt>
      <trkpt lat="49.178013" lon="19.742006"><ele>1978.0</ele></trkpt>
      <trkpt lat="49.178032" lon="19.742016"><ele>1978.0</ele></trkpt>
      <trkpt lat="49.178051" lon="19.742021"><ele>1978.0</ele></trkpt>
      <trkpt lat="49.178070" lon="19.742006"><ele>1977.8</ele></trkpt>
      <trkpt lat="49.178096" lon="19.741989"><ele>1978.0</ele></trkpt>
      <trkpt lat="49.178125" lon="19.741990"><ele>1977.8</ele></trkpt>
      <trkpt lat="49.178147" lon="19.741998"><ele>1977.6</ele></trkpt>
      <trkpt lat="49.178166" lon="19.742016"><ele>1976.8</ele></trkpt>
      <trkpt lat="49.178195" lon="19.742027"><ele>1976.4</ele></trkpt>
      <trkpt lat="49.178214" lon="19.742030"><ele>1976.2</ele></trkpt>
      <trkpt lat="49.178237" lon="19.742040"><ele>1976.0</ele></trkpt>
      <trkpt lat="49.178250" lon="19.742066"><ele>1975.8</ele></trkpt>
      <trkpt lat="49.178253" lon="19.742093"><ele>1975.6</ele></trkpt>
      <trkpt lat="49.178272" lon="19.742096"><ele>1975.4</ele></trkpt>
      <trkpt lat="49.178294" lon="19.742107"><ele>1975.2</ele></trkpt>
      <trkpt lat="49.178317" lon="19.742098"><ele>1974.8</ele></trkpt>
      <trkpt lat="49.178346" lon="19.742102"><ele>1974.6</ele></trkpt>
      <trkpt lat="49.178365" lon="19.742098"><ele>1974.2</ele></trkpt>
      <trkpt lat="49.178390" lon="19.742099"><ele>1974.2</ele></trkpt>
      <trkpt lat="49.178413" lon="19.742107"><ele>1974.0</ele></trkpt>
      <trkpt lat="49.178435" lon="19.742117"><ele>1974.2</ele></trkpt>
      <trkpt lat="49.178454" lon="19.742123"><ele>1974.2</ele></trkpt>
      <trkpt lat="49.178474" lon="19.742138"><ele>1974.0</ele></trkpt>
      <trkpt lat="49.178493" lon="19.742147"><ele>1973.8</ele></trkpt>
      <trkpt lat="49.178512" lon="19.742144"><ele>1973.6</ele></trkpt>
      <trkpt lat="49.178534" lon="19.742126"><ele>1973.6</ele></trkpt>
      <trkpt lat="49.178557" lon="19.742120"><ele>1973.4</ele></trkpt>
      <trkpt lat="49.178586" lon="19.742114"><ele>1973.0</ele></trkpt>
      <trkpt lat="49.178614" lon="19.742125"><ele>1972.8</ele></trkpt>
      <trkpt lat="49.178634" lon="19.742133"><ele>1972.6</ele></trkpt>
      <trkpt lat="49.178666" lon="19.742149"><ele>1972.6</ele></trkpt>
      <trkpt lat="49.178685" lon="19.742168"><ele>1972.8</ele></trkpt>
      <trkpt lat="49.178694" lon="19.742197"><ele>1973.6</ele></trkpt>
      <trkpt lat="49.178723" lon="19.742189"><ele>1974.2</ele></trkpt>
      <trkpt lat="49.178749" lon="19.742187"><ele>1974.6</ele></trkpt>
      <trkpt lat="49.178768" lon="19.742195"><ele>1974.6</ele></trkpt>
      <trkpt lat="49.178794" lon="19.742216"><ele>1974.6</ele></trkpt>
      <trkpt lat="49.178819" lon="19.742235"><ele>1974.8</ele></trkpt>
      <trkpt lat="49.178842" lon="19.742259"><ele>1975.4</ele></trkpt>
      <trkpt lat="49.178861" lon="19.742272"><ele>1975.8</ele></trkpt>
      <trkpt lat="49.178883" lon="19.742293"><ele>1976.2</ele></trkpt>
      <trkpt lat="49.178902" lon="19.742301"><ele>1976.6</ele></trkpt>
      <trkpt lat="49.178922" lon="19.742296"><ele>1977.0</ele></trkpt>
      <trkpt lat="49.178947" lon="19.742293"><ele>1977.2</ele></trkpt>
      <trkpt lat="49.178966" lon="19.742294"><ele>1977.4</ele></trkpt>
      <trkpt lat="49.178986" lon="19.742298"><ele>1977.8</ele></trkpt>
      <trkpt lat="49.179008" lon="19.742307"><ele>1978.0</ele></trkpt>
      <trkpt lat="49.179040" lon="19.742323"><ele>1978.6</ele></trkpt>
      <trkpt lat="49.179059" lon="19.742325"><ele>1978.6</ele></trkpt>
      <trkpt lat="49.179082" lon="19.742328"><ele>1978.6</ele></trkpt>
      <trkpt lat="49.179098" lon="19.742344"><ele>1979.4</ele></trkpt>
      <trkpt lat="49.179120" lon="19.742336"><ele>1980.2</ele></trkpt>
      <trkpt lat="49.179142" lon="19.742333"><ele>1980.4</ele></trkpt>
      <trkpt lat="49.179165" lon="19.742336"><ele>1980.6</ele></trkpt>
      <trkpt lat="49.179187" lon="19.742334"><ele>1980.6</ele></trkpt>
      <trkpt lat="49.179210" lon="19.742338"><ele>1980.8</ele></trkpt>
      <trkpt lat="49.179245" lon="19.742341"><ele>1980.8</ele></trkpt>
      <trkpt lat="49.179277" lon="19.742341"><ele>1980.8</ele></trkpt>
      <trkpt lat="49.179306" lon="19.742346"><ele>1981.0</ele></trkpt>
      <trkpt lat="49.179338" lon="19.742355"><ele>1981.0</ele></trkpt>
      <trkpt lat="49.179360" lon="19.742373"><ele>1981.0</ele></trkpt>
      <trkpt lat="49.179379" lon="19.742400"><ele>1981.0</ele></trkpt>
      <trkpt lat="49.179395" lon="19.742435"><ele>1980.8</ele></trkpt>
      <trkpt lat="49.179408" lon="19.742482"><ele>1980.8</ele></trkpt>
      <trkpt lat="49.179427" lon="19.742520"><ele>1980.8</ele></trkpt>
      <trkpt lat="49.179456" lon="19.742555"><ele>1980.8</ele></trkpt>
      <trkpt lat="49.179478" lon="19.742590"><ele>1980.8</ele></trkpt>
      <trkpt lat="49.179498" lon="19.742614"><ele>1980.8</ele></trkpt>
      <trkpt lat="49.179520" lon="19.742640"><ele>1980.6</ele></trkpt>
      <trkpt lat="49.179539" lon="19.742662"><ele>1980.6</ele></trkpt>
      <trkpt lat="49.179555" lon="19.742682"><ele>1980.8</ele></trkpt>
      <trkpt lat="49.179574" lon="19.742694"><ele>1981.6</ele></trkpt>
      <trkpt lat="49.179597" lon="19.742715"><ele>1982.0</ele></trkpt>
      <trkpt lat="49.179616" lon="19.742733"><ele>1982.8</ele></trkpt>
      <trkpt lat="49.179629" lon="19.742760"><ele>1984.0</ele></trkpt>
      <trkpt lat="49.179638" lon="19.742784"><ele>1984.4</ele></trkpt>
      <trkpt lat="49.179654" lon="19.742810"><ele>1984.8</ele></trkpt>
      <trkpt lat="49.179677" lon="19.742819"><ele>1985.4</ele></trkpt>
      <trkpt lat="49.179686" lon="19.742850"><ele>1986.2</ele></trkpt>
      <trkpt lat="49.179696" lon="19.742874"><ele>1986.6</ele></trkpt>
      <trkpt lat="49.179699" lon="19.742902"><ele>1987.0</ele></trkpt>
      <trkpt lat="49.179718" lon="19.742917"><ele>1988.0</ele></trkpt>
      <trkpt lat="49.179744" lon="19.742928"><ele>1988.6</ele></trkpt>
      <trkpt lat="49.179760" lon="19.742949"><ele>1989.2</ele></trkpt>
      <trkpt lat="49.179776" lon="19.742978"><ele>1989.8</ele></trkpt>
      <trkpt lat="49.179792" lon="19.743000"><ele>1990.4</ele></trkpt>
      <trkpt lat="49.179814" lon="19.743006"><ele>1991.2</ele></trkpt>
      <trkpt lat="49.179827" lon="19.743027"><ele>1991.8</ele></trkpt>
      <trkpt lat="49.179853" lon="19.743038"><ele>1992.4</ele></trkpt>
      <trkpt lat="49.179862" lon="19.743077"><ele>1992.8</ele></trkpt>
      <trkpt lat="49.179866" lon="19.743107"><ele>1993.4</ele></trkpt>
      <trkpt lat="49.179878" lon="19.743130"><ele>1993.8</ele></trkpt>
      <trkpt lat="49.179894" lon="19.743155"><ele>1994.4</ele></trkpt>
      <trkpt lat="49.179914" lon="19.743170"><ele>1994.8</ele></trkpt>
      <trkpt lat="49.179936" lon="19.743186"><ele>1995.8</ele></trkpt>
      <trkpt lat="49.179955" lon="19.743189"><ele>1996.4</ele></trkpt>
      <trkpt lat="49.179974" lon="19.743186"><ele>1996.8</ele></trkpt>
      <trkpt lat="49.179994" lon="19.743178"><ele>1996.8</ele></trkpt>
      <trkpt lat="49.180003" lon="19.743205"><ele>1996.2</ele></trkpt>
      <trkpt lat="49.180016" lon="19.743232"><ele>1995.8</ele></trkpt>
      <trkpt lat="49.180003" lon="19.743258"><ele>1994.8</ele></trkpt>
      <trkpt lat="49.180013" lon="19.743285"><ele>1993.6</ele></trkpt>
      <trkpt lat="49.180032" lon="19.743288"><ele>1992.6</ele></trkpt>
      <trkpt lat="49.180051" lon="19.743267"><ele>1992.0</ele></trkpt>
      <trkpt lat="49.180077" lon="19.743280"><ele>1991.4</ele></trkpt>
      <trkpt lat="49.180096" lon="19.743301"><ele>1991.0</ele></trkpt>
      <trkpt lat="49.180112" lon="19.743326"><ele>1990.6</ele></trkpt>
      <trkpt lat="49.180131" lon="19.743330"><ele>1990.4</ele></trkpt>
      <trkpt lat="49.180141" lon="19.743371"><ele>1990.0</ele></trkpt>
      <trkpt lat="49.180154" lon="19.743406"><ele>1989.6</ele></trkpt>
      <trkpt lat="49.180160" lon="19.743443"><ele>1989.4</ele></trkpt>
      <trkpt lat="49.180173" lon="19.743469"><ele>1989.4</ele></trkpt>
      <trkpt lat="49.180195" lon="19.743485"><ele>1989.8</ele></trkpt>
      <trkpt lat="49.180218" lon="19.743504"><ele>1990.0</ele></trkpt>
      <trkpt lat="49.180234" lon="19.743530"><ele>1990.4</ele></trkpt>
      <trkpt lat="49.180250" lon="19.743544"><ele>1991.2</ele></trkpt>
      <trkpt lat="49.180272" lon="19.743560"><ele>1991.4</ele></trkpt>
      <trkpt lat="49.180291" lon="19.743574"><ele>1991.6</ele></trkpt>
      <trkpt lat="49.180310" lon="19.743586"><ele>1991.8</ele></trkpt>
      <trkpt lat="49.180330" lon="19.743594"><ele>1992.4</ele></trkpt>
      <trkpt lat="49.180349" lon="19.743598"><ele>1992.8</ele></trkpt>
      <trkpt lat="49.180374" lon="19.743597"><ele>1992.8</ele></trkpt>
      <trkpt lat="49.180397" lon="19.743614"><ele>1993.0</ele></trkpt>
      <trkpt lat="49.180413" lon="19.743635"><ele>1992.6</ele></trkpt>
      <trkpt lat="49.180429" lon="19.743667"><ele>1992.4</ele></trkpt>
      <trkpt lat="49.180438" lon="19.743698"><ele>1992.0</ele></trkpt>
      <trkpt lat="49.180448" lon="19.743733"><ele>1991.6</ele></trkpt>
      <trkpt lat="49.180454" lon="19.743763"><ele>1991.8</ele></trkpt>
      <trkpt lat="49.180477" lon="19.743774"><ele>1992.4</ele></trkpt>
      <trkpt lat="49.180499" lon="19.743784"><ele>1992.6</ele></trkpt>
      <trkpt lat="49.180515" lon="19.743803"><ele>1992.8</ele></trkpt>
      <trkpt lat="49.180531" lon="19.743821"><ele>1993.0</ele></trkpt>
      <trkpt lat="49.180541" lon="19.743854"><ele>1993.2</ele></trkpt>
      <trkpt lat="49.180550" lon="19.743882"><ele>1993.6</ele></trkpt>
      <trkpt lat="49.180566" lon="19.743912"><ele>1994.0</ele></trkpt>
      <trkpt lat="49.180582" lon="19.743931"><ele>1994.4</ele></trkpt>
      <trkpt lat="49.180608" lon="19.743947"><ele>1994.8</ele></trkpt>
      <trkpt lat="49.180627" lon="19.743966"><ele>1995.2</ele></trkpt>
      <trkpt lat="49.180634" lon="19.743995"><ele>1996.2</ele></trkpt>
      <trkpt lat="49.180646" lon="19.743973"><ele>1997.4</ele></trkpt>
      <trkpt lat="49.180666" lon="19.743981"><ele>2001.6</ele></trkpt>
      <trkpt lat="49.180675" lon="19.744021"><ele>2002.2</ele></trkpt>
      <trkpt lat="49.180678" lon="19.744061"><ele>2002.8</ele></trkpt>
      <trkpt lat="49.180691" lon="19.744099"><ele>2003.2</ele></trkpt>
      <trkpt lat="49.180707" lon="19.744112"><ele>2003.6</ele></trkpt>
      <trkpt lat="49.180726" lon="19.744139"><ele>2004.2</ele></trkpt>
      <trkpt lat="49.180736" lon="19.744168"><ele>2004.8</ele></trkpt>
      <trkpt lat="49.180749" lon="19.744202"><ele>2004.8</ele></trkpt>
      <trkpt lat="49.180765" lon="19.744219"><ele>2004.8</ele></trkpt>
      <trkpt lat="49.180778" lon="19.744251"><ele>2004.8</ele></trkpt>
      <trkpt lat="49.180797" lon="19.744264"><ele>2004.6</ele></trkpt>
      <trkpt lat="49.180816" lon="19.744264"><ele>2004.6</ele></trkpt>
      <trkpt lat="49.180838" lon="19.744264"><ele>2004.6</ele></trkpt>
      <trkpt lat="49.180867" lon="19.744274"><ele>2004.4</ele></trkpt>
      <trkpt lat="49.180890" lon="19.744280"><ele>2004.4</ele></trkpt>
      <trkpt lat="49.180909" lon="19.744310"><ele>2004.8</ele></trkpt>
      <trkpt lat="49.180918" lon="19.744341"><ele>2005.0</ele></trkpt>
      <trkpt lat="49.180918" lon="19.744384"><ele>2005.4</ele></trkpt>
      <trkpt lat="49.180915" lon="19.744416"><ele>2005.8</ele></trkpt>
      <trkpt lat="49.180915" lon="19.744451"><ele>2006.2</ele></trkpt>
      <trkpt lat="49.180915" lon="19.744486"><ele>2007.6</ele></trkpt>
      <trkpt lat="49.180918" lon="19.744517"><ele>2008.8</ele></trkpt>
      <trkpt lat="49.180928" lon="19.744546"><ele>2010.0</ele></trkpt>
      <trkpt lat="49.180944" lon="19.744568"><ele>2011.0</ele></trkpt>
      <trkpt lat="49.180954" lon="19.744595"><ele>2011.8</ele></trkpt>
      <trkpt lat="49.180966" lon="19.744621"><ele>2012.8</ele></trkpt>
      <trkpt lat="49.180989" lon="19.744619"><ele>2013.2</ele></trkpt>
      <trkpt lat="49.181011" lon="19.744616"><ele>2013.6</ele></trkpt>
      <trkpt lat="49.181014" lon="19.744656"><ele>2014.6</ele></trkpt>
      <trkpt lat="49.181027" lon="19.744677"><ele>2016.4</ele></trkpt>
      <trkpt lat="49.181046" lon="19.744680"><ele>2017.0</ele></trkpt>
      <trkpt lat="49.181066" lon="19.744680"><ele>2017.2</ele></trkpt>
      <trkpt lat="49.181085" lon="19.744685"><ele>2017.8</ele></trkpt>
      <trkpt lat="49.181104" lon="19.744704"><ele>2018.6</ele></trkpt>
      <trkpt lat="49.181130" lon="19.744707"><ele>2019.4</ele></trkpt>
      <trkpt lat="49.181142" lon="19.744731"><ele>2020.2</ele></trkpt>
      <trkpt lat="49.181155" lon="19.744758"><ele>2021.0</ele></trkpt>
      <trkpt lat="49.181142" lon="19.744787"><ele>2022.4</ele></trkpt>
      <trkpt lat="49.181136" lon="19.744814"><ele>2023.4</ele></trkpt>
      <trkpt lat="49.181149" lon="19.744838"><ele>2024.8</ele></trkpt>
      <trkpt lat="49.181165" lon="19.744869"><ele>2026.0</ele></trkpt>
      <trkpt lat="49.181184" lon="19.744894"><ele>2026.2</ele></trkpt>
      <trkpt lat="49.181190" lon="19.744926"><ele>2025.8</ele></trkpt>
      <trkpt lat="49.181206" lon="19.744949"><ele>2025.2</ele></trkpt>
      <trkpt lat="49.181226" lon="19.744957"><ele>2025.0</ele></trkpt>
      <trkpt lat="49.181251" lon="19.744966"><ele>2024.8</ele></trkpt>
      <trkpt lat="49.181274" lon="19.744979"><ele>2024.6</ele></trkpt>
      <trkpt lat="49.181274" lon="19.745013"><ele>2024.6</ele></trkpt>
      <trkpt lat="49.181286" lon="19.745051"><ele>2024.8</ele></trkpt>
      <trkpt lat="49.181293" lon="19.745086"><ele>2024.6</ele></trkpt>
      <trkpt lat="49.181302" lon="19.745114"><ele>2024.6</ele></trkpt>
      <trkpt lat="49.181309" lon="19.745150"><ele>2024.4</ele></trkpt>
      <trkpt lat="49.181309" lon="19.745182"><ele>2024.0</ele></trkpt>
      <trkpt lat="49.181309" lon="19.745221"><ele>2024.0</ele></trkpt>
      <trkpt lat="49.181322" lon="19.745243"><ele>2024.2</ele></trkpt>
      <trkpt lat="49.181344" lon="19.745274"><ele>2024.4</ele></trkpt>
      <trkpt lat="49.181350" lon="19.745307"><ele>2024.8</ele></trkpt>
      <trkpt lat="49.181354" lon="19.745342"><ele>2025.0</ele></trkpt>
      <trkpt lat="49.181370" lon="19.745357"><ele>2025.4</ele></trkpt>
      <trkpt lat="49.181370" lon="19.745392"><ele>2026.2</ele></trkpt>
      <trkpt lat="49.181370" lon="19.745424"><ele>2026.8</ele></trkpt>
      <trkpt lat="49.181386" lon="19.745453"><ele>2027.6</ele></trkpt>
      <trkpt lat="49.181389" lon="19.745482"><ele>2028.8</ele></trkpt>
      <trkpt lat="49.181408" lon="19.745493"><ele>2029.8</ele></trkpt>
      <trkpt lat="49.181427" lon="19.745510"><ele>2030.6</ele></trkpt>
      <trkpt lat="49.181443" lon="19.745531"><ele>2031.0</ele></trkpt>
      <trkpt lat="49.181440" lon="19.745560"><ele>2031.8</ele></trkpt>
      <trkpt lat="49.181456" lon="19.745592"><ele>2032.6</ele></trkpt>
      <trkpt lat="49.181482" lon="19.745610"><ele>2033.0</ele></trkpt>
      <trkpt lat="49.181494" lon="19.745630"><ele>2033.6</ele></trkpt>
      <trkpt lat="49.181504" lon="19.745661"><ele>2034.4</ele></trkpt>
      <trkpt lat="49.181523" lon="19.745664"><ele>2035.4</ele></trkpt>
      <trkpt lat="49.181533" lon="19.745690"><ele>2036.0</ele></trkpt>
      <trkpt lat="49.181542" lon="19.745714"><ele>2036.8</ele></trkpt>
      <trkpt lat="49.181562" lon="19.745728"><ele>2037.2</ele></trkpt>
      <trkpt lat="49.181584" lon="19.745741"><ele>2037.6</ele></trkpt>
      <trkpt lat="49.181603" lon="19.745762"><ele>2037.6</ele></trkpt>
      <trkpt lat="49.181619" lon="19.745781"><ele>2038.2</ele></trkpt>
      <trkpt lat="49.181632" lon="19.745808"><ele>2038.8</ele></trkpt>
      <trkpt lat="49.181648" lon="19.745837"><ele>2039.4</ele></trkpt>
      <trkpt lat="49.181661" lon="19.745858"><ele>2039.6</ele></trkpt>
      <trkpt lat="49.181674" lon="19.745882"><ele>2040.2</ele></trkpt>
      <trkpt lat="49.181690" lon="19.745912"><ele>2040.8</ele></trkpt>
      <trkpt lat="49.181693" lon="19.745949"><ele>2041.4</ele></trkpt>
      <trkpt lat="49.181693" lon="19.745978"><ele>2041.8</ele></trkpt>
      <trkpt lat="49.181702" lon="19.746008"><ele>2042.8</ele></trkpt>
      <trkpt lat="49.181709" lon="19.746035"><ele>2043.2</ele></trkpt>
      <trkpt lat="49.181718" lon="19.746072"><ele>2043.8</ele></trkpt>
      <trkpt lat="49.181722" lon="19.746099"><ele>2044.4</ele></trkpt>
      <trkpt lat="49.181725" lon="19.746126"><ele>2045.2</ele></trkpt>
      <trkpt lat="49.181728" lon="19.746170"><ele>2046.2</ele></trkpt>
      <trkpt lat="49.181725" lon="19.746206"><ele>2047.2</ele></trkpt>
      <trkpt lat="49.181712" lon="19.746237"><ele>2047.8</ele></trkpt>
      <trkpt lat="49.181709" lon="19.746269"><ele>2048.4</ele></trkpt>
      <trkpt lat="49.181728" lon="19.746293"><ele>2048.8</ele></trkpt>
      <trkpt lat="49.181744" lon="19.746307"><ele>2049.2</ele></trkpt>
      <trkpt lat="49.181766" lon="19.746314"><ele>2049.6</ele></trkpt>
      <trkpt lat="49.181786" lon="19.746315"><ele>2050.0</ele></trkpt>
      <trkpt lat="49.181808" lon="19.746325"><ele>2050.4</ele></trkpt>
      <trkpt lat="49.181830" lon="19.746328"><ele>2050.8</ele></trkpt>
      <trkpt lat="49.181853" lon="19.746347"><ele>2051.2</ele></trkpt>
      <trkpt lat="49.181878" lon="19.746355"><ele>2052.0</ele></trkpt>
      <trkpt lat="49.181904" lon="19.746366"><ele>2052.4</ele></trkpt>
      <trkpt lat="49.181920" lon="19.746389"><ele>2052.8</ele></trkpt>
      <trkpt lat="49.181942" lon="19.746414"><ele>2053.8</ele></trkpt>
      <trkpt lat="49.181962" lon="19.746442"><ele>2054.4</ele></trkpt>
      <trkpt lat="49.181978" lon="19.746462"><ele>2054.8</ele></trkpt>
      <trkpt lat="49.181997" lon="19.746493"><ele>2055.2</ele></trkpt>
      <trkpt lat="49.182006" lon="19.746531"><ele>2055.4</ele></trkpt>
      <trkpt lat="49.182019" lon="19.746565"><ele>2056.0</ele></trkpt>
      <trkpt lat="49.182038" lon="19.746586"><ele>2056.8</ele></trkpt>
      <trkpt lat="49.182061" lon="19.746613"><ele>2057.6</ele></trkpt>
      <trkpt lat="49.182067" lon="19.746640"><ele>2058.6</ele></trkpt>
      <trkpt lat="49.182080" lon="19.746662"><ele>2058.8</ele></trkpt>
      <trkpt lat="49.182090" lon="19.746691"><ele>2059.4</ele></trkpt>
      <trkpt lat="49.182106" lon="19.746714"><ele>2060.0</ele></trkpt>
      <trkpt lat="49.182122" lon="19.746747"><ele>2060.2</ele></trkpt>
      <trkpt lat="49.182138" lon="19.746786"><ele>2060.6</ele></trkpt>
      <trkpt lat="49.182147" lon="19.746811"><ele>2060.6</ele></trkpt>
      <trkpt lat="49.182157" lon="19.746846"><ele>2060.8</ele></trkpt>
      <trkpt lat="49.182163" lon="19.746880"><ele>2061.0</ele></trkpt>
      <trkpt lat="49.182179" lon="19.746914"><ele>2061.2</ele></trkpt>
      <trkpt lat="49.182189" lon="19.746954"><ele>2061.6</ele></trkpt>
      <trkpt lat="49.182202" lon="19.746992"><ele>2061.8</ele></trkpt>
      <trkpt lat="49.182214" lon="19.747024"><ele>2062.2</ele></trkpt>
      <trkpt lat="49.182227" lon="19.747064"><ele>2062.8</ele></trkpt>
      <trkpt lat="49.182237" lon="19.747091"><ele>2063.2</ele></trkpt>
      <trkpt lat="49.182246" lon="19.747118"><ele>2063.8</ele></trkpt>
      <trkpt lat="49.182256" lon="19.747157"><ele>2064.2</ele></trkpt>
      <trkpt lat="49.182259" lon="19.747187"><ele>2064.4</ele></trkpt>
      <trkpt lat="49.182262" lon="19.747229"><ele>2064.8</ele></trkpt>
      <trkpt lat="49.182282" lon="19.747262"><ele>2065.4</ele></trkpt>
      <trkpt lat="49.182298" lon="19.747290"><ele>2065.8</ele></trkpt>
      <trkpt lat="49.182307" lon="19.747326"><ele>2066.2</ele></trkpt>
      <trkpt lat="49.182326" lon="19.747365"><ele>2066.4</ele></trkpt>
      <trkpt lat="49.182349" lon="19.747402"><ele>2066.4</ele></trkpt>
      <trkpt lat="49.182368" lon="19.747430"><ele>2066.6</ele></trkpt>
      <trkpt lat="49.182381" lon="19.747458"><ele>2066.8</ele></trkpt>
      <trkpt lat="49.182397" lon="19.747488"><ele>2067.2</ele></trkpt>
      <trkpt lat="49.182410" lon="19.747525"><ele>2067.6</ele></trkpt>
      <trkpt lat="49.182426" lon="19.747554"><ele>2067.8</ele></trkpt>
      <trkpt lat="49.182445" lon="19.747586"><ele>2068.0</ele></trkpt>
      <trkpt lat="49.182467" lon="19.747606"><ele>2068.2</ele></trkpt>
      <trkpt lat="49.182486" lon="19.747610"><ele>2068.4</ele></trkpt>
      <trkpt lat="49.182515" lon="19.747619"><ele>2068.6</ele></trkpt>
      <trkpt lat="49.182544" lon="19.747634"><ele>2068.4</ele></trkpt>
      <trkpt lat="49.182560" lon="19.747650"><ele>2068.4</ele></trkpt>
      <trkpt lat="49.182579" lon="19.747678"><ele>2068.4</ele></trkpt>
      <trkpt lat="49.182598" lon="19.747714"><ele>2068.2</ele></trkpt>
      <trkpt lat="49.182621" lon="19.747746"><ele>2068.2</ele></trkpt>
      <trkpt lat="49.182637" lon="19.747774"><ele>2068.2</ele></trkpt>
      <trkpt lat="49.182640" lon="19.747816"><ele>2068.2</ele></trkpt>
      <trkpt lat="49.182640" lon="19.747858"><ele>2068.0</ele></trkpt>
      <trkpt lat="49.182643" lon="19.747885"><ele>2068.0</ele></trkpt>
      <trkpt lat="49.182653" lon="19.747922"><ele>2068.0</ele></trkpt>
      <trkpt lat="49.182666" lon="19.747946"><ele>2068.2</ele></trkpt>
      <trkpt lat="49.182675" lon="19.747973"><ele>2068.4</ele></trkpt>
      <trkpt lat="49.182704" lon="19.747998"><ele>2068.6</ele></trkpt>
      <trkpt lat="49.182733" lon="19.748026"><ele>2068.6</ele></trkpt>
      <trkpt lat="49.182765" lon="19.748046"><ele>2068.6</ele></trkpt>
      <trkpt lat="49.182778" lon="19.748075"><ele>2068.8</ele></trkpt>
      <trkpt lat="49.182800" lon="19.748093"><ele>2069.0</ele></trkpt>
      <trkpt lat="49.182806" lon="19.748131"><ele>2069.0</ele></trkpt>
      <trkpt lat="49.182822" lon="19.748155"><ele>2069.0</ele></trkpt>
      <trkpt lat="49.182838" lon="19.748184"><ele>2069.0</ele></trkpt>
      <trkpt lat="49.182854" lon="19.748216"><ele>2069.0</ele></trkpt>
      <trkpt lat="49.182861" lon="19.748250"><ele>2069.0</ele></trkpt>
      <trkpt lat="49.182877" lon="19.748275"><ele>2068.8</ele></trkpt>
      <trkpt lat="49.182890" lon="19.748310"><ele>2068.8</ele></trkpt>
      <trkpt lat="49.182918" lon="19.748354"><ele>2068.6</ele></trkpt>
      <trkpt lat="49.182934" lon="19.748374"><ele>2068.6</ele></trkpt>
      <trkpt lat="49.182954" lon="19.748403"><ele>2068.6</ele></trkpt>
      <trkpt lat="49.182973" lon="19.748438"><ele>2068.6</ele></trkpt>
      <trkpt lat="49.182994" lon="19.748480"><ele>2068.6</ele></trkpt>
      <trkpt lat="49.183005" lon="19.748498"><ele>2068.4</ele></trkpt>
      <trkpt lat="49.183024" lon="19.748526"><ele>2068.2</ele></trkpt>
      <trkpt lat="49.183043" lon="19.748552"><ele>2068.2</ele></trkpt>
      <trkpt lat="49.183075" lon="19.748579"><ele>2068.0</ele></trkpt>
      <trkpt lat="49.183091" lon="19.748597"><ele>2068.0</ele></trkpt>
      <trkpt lat="49.183117" lon="19.748619"><ele>2067.8</ele></trkpt>
      <trkpt lat="49.183142" lon="19.748642"><ele>2067.8</ele></trkpt>
      <trkpt lat="49.183178" lon="19.748672"><ele>2067.6</ele></trkpt>
      <trkpt lat="49.183200" lon="19.748691"><ele>2067.2</ele></trkpt>
      <trkpt lat="49.183229" lon="19.748707"><ele>2066.8</ele></trkpt>
      <trkpt lat="49.183258" lon="19.748715"><ele>2066.6</ele></trkpt>
      <trkpt lat="49.183290" lon="19.748723"><ele>2066.2</ele></trkpt>
      <trkpt lat="49.183322" lon="19.748731"><ele>2065.6</ele></trkpt>
      <trkpt lat="49.183350" lon="19.748746"><ele>2065.4</ele></trkpt>
      <trkpt lat="49.183373" lon="19.748752"><ele>2065.0</ele></trkpt>
      <trkpt lat="49.183402" lon="19.748768"><ele>2064.8</ele></trkpt>
      <trkpt lat="49.183421" lon="19.748779"><ele>2064.4</ele></trkpt>
      <trkpt lat="49.183446" lon="19.748792"><ele>2064.0</ele></trkpt>
      <trkpt lat="49.183472" lon="19.748806"><ele>2063.6</ele></trkpt>
      <trkpt lat="49.183498" lon="19.748826"><ele>2063.4</ele></trkpt>
      <trkpt lat="49.183517" lon="19.748845"><ele>2063.0</ele></trkpt>
      <trkpt lat="49.183530" lon="19.748867"><ele>2062.6</ele></trkpt>
      <trkpt lat="49.183552" lon="19.748891"><ele>2062.6</ele></trkpt>
      <trkpt lat="49.183587" lon="19.748918"><ele>2062.4</ele></trkpt>
      <trkpt lat="49.183610" lon="19.748936"><ele>2062.4</ele></trkpt>
      <trkpt lat="49.183629" lon="19.748947"><ele>2062.2</ele></trkpt>
      <trkpt lat="49.183651" lon="19.748957"><ele>2061.8</ele></trkpt>
      <trkpt lat="49.183677" lon="19.748963"><ele>2061.6</ele></trkpt>
      <trkpt lat="49.183709" lon="19.748965"><ele>2061.2</ele></trkpt>
      <trkpt lat="49.183734" lon="19.748974"><ele>2060.6</ele></trkpt>
      <trkpt lat="49.183760" lon="19.748984"><ele>2060.2</ele></trkpt>
      <trkpt lat="49.183786" lon="19.748998"><ele>2059.6</ele></trkpt>
      <trkpt lat="49.183805" lon="19.749008"><ele>2058.8</ele></trkpt>
      <trkpt lat="49.183827" lon="19.749019"><ele>2058.2</ele></trkpt>
      <trkpt lat="49.183846" lon="19.749035"><ele>2057.6</ele></trkpt>
      <trkpt lat="49.183866" lon="19.749067"><ele>2056.2</ele></trkpt>
      <trkpt lat="49.183875" lon="19.749096"><ele>2054.4</ele></trkpt>
      <trkpt lat="49.183859" lon="19.749125"><ele>2053.0</ele></trkpt>
      <trkpt lat="49.183843" lon="19.749144"><ele>2052.2</ele></trkpt>
      <trkpt lat="49.183834" lon="19.749170"><ele>2051.4</ele></trkpt>
      <trkpt lat="49.183853" lon="19.749174"><ele>2050.4</ele></trkpt>
      <trkpt lat="49.183878" lon="19.749168"><ele>2049.8</ele></trkpt>
      <trkpt lat="49.183898" lon="19.749173"><ele>2049.2</ele></trkpt>
      <trkpt lat="49.183910" lon="19.749202"><ele>2047.8</ele></trkpt>
      <trkpt lat="49.183898" lon="19.749237"><ele>2047.2</ele></trkpt>
      <trkpt lat="49.183914" lon="19.749266"><ele>2046.0</ele></trkpt>
      <trkpt lat="49.183942" lon="19.749275"><ele>2045.2</ele></trkpt>
      <trkpt lat="49.183971" lon="19.749278"><ele>2044.4</ele></trkpt>
      <trkpt lat="49.183990" lon="19.749274"><ele>2043.8</ele></trkpt>
      <trkpt lat="49.184013" lon="19.749275"><ele>2043.4</ele></trkpt>
      <trkpt lat="49.184051" lon="19.749293"><ele>2042.4</ele></trkpt>
      <trkpt lat="49.184077" lon="19.749318"><ele>2041.4</ele></trkpt>
      <trkpt lat="49.184093" lon="19.749346"><ele>2041.0</ele></trkpt>
      <trkpt lat="49.184102" lon="19.749371"><ele>2040.6</ele></trkpt>
      <trkpt lat="49.184125" lon="19.749398"><ele>2039.6</ele></trkpt>
      <trkpt lat="49.184141" lon="19.749416"><ele>2039.0</ele></trkpt>
      <trkpt lat="49.184157" lon="19.749430"><ele>2038.6</ele></trkpt>
      <trkpt lat="49.184186" lon="19.749434"><ele>2037.4</ele></trkpt>
      <trkpt lat="49.184211" lon="19.749451"><ele>2036.2</ele></trkpt>
      <trkpt lat="49.184227" lon="19.749464"><ele>2035.6</ele></trkpt>
      <trkpt lat="49.184256" lon="19.749482"><ele>2034.8</ele></trkpt>
      <trkpt lat="49.184282" lon="19.749491"><ele>2034.6</ele></trkpt>
      <trkpt lat="49.184304" lon="19.749498"><ele>2034.2</ele></trkpt>
      <trkpt lat="49.184326" lon="19.749501"><ele>2033.8</ele></trkpt>
      <trkpt lat="49.184349" lon="19.749501"><ele>2033.4</ele></trkpt>
      <trkpt lat="49.184374" lon="19.749504"><ele>2033.0</ele></trkpt>
      <trkpt lat="49.184403" lon="19.749507"><ele>2032.4</ele></trkpt>
      <trkpt lat="49.184426" lon="19.749514"><ele>2032.0</ele></trkpt>
      <trkpt lat="49.184448" lon="19.749517"><ele>2031.4</ele></trkpt>
      <trkpt lat="49.184467" lon="19.749530"><ele>2030.8</ele></trkpt>
      <trkpt lat="49.184506" lon="19.749544"><ele>2029.8</ele></trkpt>
      <trkpt lat="49.184528" lon="19.749555"><ele>2029.4</ele></trkpt>
      <trkpt lat="49.184550" lon="19.749560"><ele>2028.8</ele></trkpt>
      <trkpt lat="49.184573" lon="19.749570"><ele>2028.0</ele></trkpt>
      <trkpt lat="49.184611" lon="19.749582"><ele>2027.2</ele></trkpt>
      <trkpt lat="49.184640" lon="19.749595"><ele>2026.8</ele></trkpt>
      <trkpt lat="49.184662" lon="19.749606"><ele>2026.4</ele></trkpt>
      <trkpt lat="49.184688" lon="19.749621"><ele>2025.8</ele></trkpt>
      <trkpt lat="49.184717" lon="19.749626"><ele>2025.2</ele></trkpt>
      <trkpt lat="49.184739" lon="19.749634"><ele>2024.8</ele></trkpt>
      <trkpt lat="49.184768" lon="19.749645"><ele>2024.2</ele></trkpt>
      <trkpt lat="49.184790" lon="19.749656"><ele>2023.8</ele></trkpt>
      <trkpt lat="49.184819" lon="19.749670"><ele>2023.4</ele></trkpt>
      <trkpt lat="49.184842" lon="19.749675"><ele>2023.2</ele></trkpt>
      <trkpt lat="49.184861" lon="19.749675"><ele>2023.2</ele></trkpt>
      <trkpt lat="49.184899" lon="19.749683"><ele>2023.4</ele></trkpt>
      <trkpt lat="49.184925" lon="19.749686"><ele>2023.4</ele></trkpt>
      <trkpt lat="49.184944" lon="19.749685"><ele>2023.4</ele></trkpt>
      <trkpt lat="49.184963" lon="19.749678"><ele>2023.4</ele></trkpt>
      <trkpt lat="49.184982" lon="19.749664"><ele>2023.4</ele></trkpt>
      <trkpt lat="49.185005" lon="19.749651"><ele>2023.6</ele></trkpt>
      <trkpt lat="49.185058" lon="19.749651"><ele>2023.6</ele></trkpt>
      <trkpt lat="49.185088" lon="19.749669"><ele>2023.4</ele></trkpt>
      <trkpt lat="49.185118" lon="19.749682"><ele>2023.4</ele></trkpt>
      <trkpt lat="49.185146" lon="19.749706"><ele>2023.8</ele></trkpt>
      <trkpt lat="49.185162" lon="19.749722"><ele>2024.0</ele></trkpt>
      <trkpt lat="49.185178" lon="19.749742"><ele>2024.2</ele></trkpt>
      <trkpt lat="49.185206" lon="19.749766"><ele>2024.2</ele></trkpt>
      <trkpt lat="49.185248" lon="19.749778"><ele>2025.4</ele></trkpt>
      <trkpt lat="49.185277" lon="19.749770"><ele>2026.0</ele></trkpt>
      <trkpt lat="49.185296" lon="19.749778"><ele>2026.4</ele></trkpt>
      <trkpt lat="49.185322" lon="19.749803"><ele>2027.0</ele></trkpt>
      <trkpt lat="49.185360" lon="19.749819"><ele>2027.8</ele></trkpt>
      <trkpt lat="49.185379" lon="19.749824"><ele>2028.2</ele></trkpt>
      <trkpt lat="49.185408" lon="19.749848"><ele>2029.0</ele></trkpt>
      <trkpt lat="49.185434" lon="19.749867"><ele>2029.2</ele></trkpt>
      <trkpt lat="49.185453" lon="19.749885"><ele>2029.4</ele></trkpt>
      <trkpt lat="49.185478" lon="19.749912"><ele>2029.8</ele></trkpt>
      <trkpt lat="49.185504" lon="19.749931"><ele>2029.8</ele></trkpt>
      <trkpt lat="49.185533" lon="19.749954"><ele>2030.0</ele></trkpt>
      <trkpt lat="49.185552" lon="19.749968"><ele>2030.0</ele></trkpt>
      <trkpt lat="49.185571" lon="19.749981"><ele>2030.0</ele></trkpt>
      <trkpt lat="49.185594" lon="19.749989"><ele>2030.0</ele></trkpt>
      <trkpt lat="49.185616" lon="19.749998"><ele>2030.0</ele></trkpt>
      <trkpt lat="49.185638" lon="19.750011"><ele>2029.8</ele></trkpt>
      <trkpt lat="49.185658" lon="19.750019"><ele>2029.8</ele></trkpt>
      <trkpt lat="49.185677" lon="19.750027"><ele>2029.6</ele></trkpt>
      <trkpt lat="49.185699" lon="19.750042"><ele>2029.6</ele></trkpt>
      <trkpt lat="49.185718" lon="19.750059"><ele>2029.6</ele></trkpt>
      <trkpt lat="49.185734" lon="19.750074"><ele>2029.6</ele></trkpt>
      <trkpt lat="49.185750" lon="19.750088"><ele>2029.6</ele></trkpt>
      <trkpt lat="49.185770" lon="19.750106"><ele>2030.0</ele></trkpt>
      <trkpt lat="49.185792" lon="19.750123"><ele>2030.2</ele></trkpt>
      <trkpt lat="49.185811" lon="19.750133"><ele>2030.2</ele></trkpt>
      <trkpt lat="49.185834" lon="19.750149"><ele>2030.4</ele></trkpt>
      <trkpt lat="49.185859" lon="19.750179"><ele>2030.6</ele></trkpt>
      <trkpt lat="49.185878" lon="19.750205"><ele>2031.0</ele></trkpt>
      <trkpt lat="49.185910" lon="19.750226"><ele>2031.2</ele></trkpt>
      <trkpt lat="49.185930" lon="19.750250"><ele>2031.2</ele></trkpt>
      <trkpt lat="49.185949" lon="19.750285"><ele>2030.8</ele></trkpt>
      <trkpt lat="49.185978" lon="19.750328"><ele>2030.0</ele></trkpt>
      <trkpt lat="49.185997" lon="19.750349"><ele>2029.6</ele></trkpt>
      <trkpt lat="49.186013" lon="19.750374"><ele>2029.2</ele></trkpt>
      <trkpt lat="49.186029" lon="19.750397"><ele>2028.6</ele></trkpt>
      <trkpt lat="49.186054" lon="19.750424"><ele>2028.0</ele></trkpt>
      <trkpt lat="49.186080" lon="19.750456"><ele>2027.4</ele></trkpt>
      <trkpt lat="49.186102" lon="19.750483"><ele>2026.6</ele></trkpt>
      <trkpt lat="49.186128" lon="19.750509"><ele>2026.0</ele></trkpt>
      <trkpt lat="49.186168" lon="19.750567"><ele>2024.6</ele></trkpt>
      <trkpt lat="49.186179" lon="19.750586"><ele>2024.2</ele></trkpt>
      <trkpt lat="49.186195" lon="19.750614"><ele>2023.8</ele></trkpt>
      <trkpt lat="49.186211" lon="19.750642"><ele>2023.2</ele></trkpt>
      <trkpt lat="49.186227" lon="19.750667"><ele>2023.0</ele></trkpt>
      <trkpt lat="49.186246" lon="19.750706"><ele>2022.6</ele></trkpt>
      <trkpt lat="49.186256" lon="19.750736"><ele>2022.2</ele></trkpt>
      <trkpt lat="49.186272" lon="19.750758"><ele>2021.8</ele></trkpt>
      <trkpt lat="49.186291" lon="19.750794"><ele>2021.4</ele></trkpt>
      <trkpt lat="49.186310" lon="19.750834"><ele>2021.0</ele></trkpt>
      <trkpt lat="49.186320" lon="19.750867"><ele>2020.8</ele></trkpt>
      <trkpt lat="49.186339" lon="19.750898"><ele>2020.6</ele></trkpt>
      <trkpt lat="49.186358" lon="19.750917"><ele>2020.2</ele></trkpt>
      <trkpt lat="49.186381" lon="19.750936"><ele>2020.0</ele></trkpt>
      <trkpt lat="49.186397" lon="19.750965"><ele>2019.6</ele></trkpt>
      <trkpt lat="49.186416" lon="19.751002"><ele>2019.2</ele></trkpt>
      <trkpt lat="49.186419" lon="19.751030"><ele>2019.0</ele></trkpt>
      <trkpt lat="49.186419" lon="19.751078"><ele>2018.0</ele></trkpt>
      <trkpt lat="49.186435" lon="19.751125"><ele>2017.2</ele></trkpt>
      <trkpt lat="49.186451" lon="19.751146"><ele>2016.8</ele></trkpt>
      <trkpt lat="49.186474" lon="19.751194"><ele>2016.0</ele></trkpt>
      <trkpt lat="49.186496" lon="19.751214"><ele>2015.6</ele></trkpt>
      <trkpt lat="49.186515" lon="19.751234"><ele>2015.2</ele></trkpt>
      <trkpt lat="49.186534" lon="19.751248"><ele>2014.8</ele></trkpt>
      <trkpt lat="49.186557" lon="19.751267"><ele>2014.6</ele></trkpt>
      <trkpt lat="49.186576" lon="19.751288"><ele>2014.4</ele></trkpt>
      <trkpt lat="49.186598" lon="19.751302"><ele>2014.0</ele></trkpt>
      <trkpt lat="49.186624" lon="19.751322"><ele>2013.6</ele></trkpt>
      <trkpt lat="49.186643" lon="19.751341"><ele>2013.2</ele></trkpt>
      <trkpt lat="49.186693" lon="19.751407"><ele>2012.4</ele></trkpt>
      <trkpt lat="49.186707" lon="19.751422"><ele>2012.0</ele></trkpt>
      <trkpt lat="49.186726" lon="19.751461"><ele>2011.8</ele></trkpt>
      <trkpt lat="49.186749" lon="19.751496"><ele>2011.4</ele></trkpt>
      <trkpt lat="49.186771" lon="19.751528"><ele>2011.0</ele></trkpt>
      <trkpt lat="49.186790" lon="19.751568"><ele>2010.6</ele></trkpt>
      <trkpt lat="49.186803" lon="19.751590"><ele>2010.4</ele></trkpt>
      <trkpt lat="49.186822" lon="19.751627"><ele>2010.2</ele></trkpt>
      <trkpt lat="49.186835" lon="19.751648"><ele>2010.0</ele></trkpt>
      <trkpt lat="49.186858" lon="19.751670"><ele>2009.8</ele></trkpt>
      <trkpt lat="49.186890" lon="19.751690"><ele>2009.6</ele></trkpt>
      <trkpt lat="49.186915" lon="19.751706"><ele>2009.4</ele></trkpt>
      <trkpt lat="49.186941" lon="19.751725"><ele>2009.2</ele></trkpt>
      <trkpt lat="49.186963" lon="19.751754"><ele>2008.8</ele></trkpt>
      <trkpt lat="49.186976" lon="19.751778"><ele>2008.6</ele></trkpt>
      <trkpt lat="49.186995" lon="19.751800"><ele>2008.2</ele></trkpt>
      <trkpt lat="49.187021" lon="19.751827"><ele>2007.8</ele></trkpt>
      <trkpt lat="49.187040" lon="19.751846"><ele>2007.4</ele></trkpt>
      <trkpt lat="49.187066" lon="19.751870"><ele>2007.2</ele></trkpt>
      <trkpt lat="49.187088" lon="19.751893"><ele>2006.8</ele></trkpt>
      <trkpt lat="49.187114" lon="19.751907"><ele>2006.6</ele></trkpt>
      <trkpt lat="49.187133" lon="19.751920"><ele>2006.2</ele></trkpt>
      <trkpt lat="49.187152" lon="19.751944"><ele>2006.0</ele></trkpt>
      <trkpt lat="49.187171" lon="19.751974"><ele>2005.8</ele></trkpt>
      <trkpt lat="49.187194" lon="19.751995"><ele>2005.8</ele></trkpt>
      <trkpt lat="49.187206" lon="19.752026"><ele>2005.6</ele></trkpt>
      <trkpt lat="49.187222" lon="19.752050"><ele>2005.4</ele></trkpt>
      <trkpt lat="49.187248" lon="19.752082"><ele>2005.2</ele></trkpt>
      <trkpt lat="49.187274" lon="19.752074"><ele>2004.4</ele></trkpt>
      <trkpt lat="49.187309" lon="19.752054"><ele>2003.6</ele></trkpt>
      <trkpt lat="49.187328" lon="19.752043"><ele>2003.2</ele></trkpt>
      <trkpt lat="49.187354" lon="19.752038"><ele>2002.6</ele></trkpt>
      <trkpt lat="49.187386" lon="19.752053"><ele>2002.0</ele></trkpt>
      <trkpt lat="49.187408" lon="19.752067"><ele>2001.4</ele></trkpt>
      <trkpt lat="49.187430" lon="19.752096"><ele>2000.8</ele></trkpt>
      <trkpt lat="49.187462" lon="19.752126"><ele>2000.2</ele></trkpt>
      <trkpt lat="49.187482" lon="19.752157"><ele>1999.8</ele></trkpt>
      <trkpt lat="49.187501" lon="19.752186"><ele>1999.2</ele></trkpt>
      <trkpt lat="49.187517" lon="19.752214"><ele>1998.6</ele></trkpt>
      <trkpt lat="49.187557" lon="19.752274"><ele>1997.6</ele></trkpt>
      <trkpt lat="49.187581" lon="19.752304"><ele>1996.6</ele></trkpt>
      <trkpt lat="49.187597" lon="19.752317"><ele>1996.0</ele></trkpt>
      <trkpt lat="49.187616" lon="19.752326"><ele>1995.2</ele></trkpt>
      <trkpt lat="49.187645" lon="19.752320"><ele>1994.2</ele></trkpt>
      <trkpt lat="49.187667" lon="19.752317"><ele>1993.6</ele></trkpt>
      <trkpt lat="49.187699" lon="19.752323"><ele>1993.0</ele></trkpt>
      <trkpt lat="49.187725" lon="19.752333"><ele>1992.4</ele></trkpt>
      <trkpt lat="49.187741" lon="19.752350"><ele>1992.0</ele></trkpt>
      <trkpt lat="49.187757" lon="19.752373"><ele>1991.8</ele></trkpt>
      <trkpt lat="49.187782" lon="19.752405"><ele>1991.2</ele></trkpt>
      <trkpt lat="49.187802" lon="19.752421"><ele>1990.8</ele></trkpt>
      <trkpt lat="49.187830" lon="19.752437"><ele>1990.4</ele></trkpt>
      <trkpt lat="49.187850" lon="19.752443"><ele>1990.2</ele></trkpt>
      <trkpt lat="49.187869" lon="19.752445"><ele>1989.8</ele></trkpt>
      <trkpt lat="49.187888" lon="19.752446"><ele>1989.6</ele></trkpt>
      <trkpt lat="49.187907" lon="19.752451"><ele>1989.2</ele></trkpt>
      <trkpt lat="49.187946" lon="19.752462"><ele>1988.4</ele></trkpt>
      <trkpt lat="49.187974" lon="19.752469"><ele>1987.8</ele></trkpt>
      <trkpt lat="49.187994" lon="19.752475"><ele>1987.4</ele></trkpt>
      <trkpt lat="49.188026" lon="19.752496"><ele>1986.6</ele></trkpt>
      <trkpt lat="49.188058" lon="19.752504"><ele>1986.0</ele></trkpt>
      <trkpt lat="49.188110" lon="19.752513"><ele>1985.2</ele></trkpt>
      <trkpt lat="49.188144" lon="19.752518"><ele>1984.2</ele></trkpt>
      <trkpt lat="49.188179" lon="19.752525"><ele>1983.2</ele></trkpt>
      <trkpt lat="49.188208" lon="19.752528"><ele>1982.4</ele></trkpt>
      <trkpt lat="49.188246" lon="19.752523"><ele>1981.6</ele></trkpt>
      <trkpt lat="49.188272" lon="19.752520"><ele>1981.0</ele></trkpt>
      <trkpt lat="49.188294" lon="19.752520"><ele>1980.6</ele></trkpt>
      <trkpt lat="49.188314" lon="19.752509"><ele>1980.0</ele></trkpt>
      <trkpt lat="49.188336" lon="19.752474"><ele>1978.8</ele></trkpt>
      <trkpt lat="49.188355" lon="19.752451"><ele>1978.2</ele></trkpt>
      <trkpt lat="49.188410" lon="19.752442"><ele>1977.0</ele></trkpt>
      <trkpt lat="49.188454" lon="19.752430"><ele>1975.8</ele></trkpt>
      <trkpt lat="49.188490" lon="19.752419"><ele>1975.0</ele></trkpt>
      <trkpt lat="49.188518" lon="19.752411"><ele>1974.4</ele></trkpt>
      <trkpt lat="49.188554" lon="19.752413"><ele>1973.6</ele></trkpt>
      <trkpt lat="49.188595" lon="19.752413"><ele>1973.0</ele></trkpt>
      <trkpt lat="49.188621" lon="19.752413"><ele>1972.2</ele></trkpt>
      <trkpt lat="49.188656" lon="19.752424"><ele>1971.6</ele></trkpt>
      <trkpt lat="49.188691" lon="19.752442"><ele>1971.0</ele></trkpt>
      <trkpt lat="49.188730" lon="19.752454"><ele>1970.4</ele></trkpt>
      <trkpt lat="49.188768" lon="19.752459"><ele>1969.8</ele></trkpt>
      <trkpt lat="49.188797" lon="19.752456"><ele>1969.2</ele></trkpt>
      <trkpt lat="49.188832" lon="19.752459"><ele>1968.8</ele></trkpt>
      <trkpt lat="49.188861" lon="19.752462"><ele>1968.2</ele></trkpt>
      <trkpt lat="49.188890" lon="19.752472"><ele>1967.8</ele></trkpt>
      <trkpt lat="49.188918" lon="19.752485"><ele>1967.4</ele></trkpt>
      <trkpt lat="49.188947" lon="19.752502"><ele>1967.2</ele></trkpt>
      <trkpt lat="49.188970" lon="19.752515"><ele>1966.8</ele></trkpt>
      <trkpt lat="49.188995" lon="19.752528"><ele>1966.6</ele></trkpt>
      <trkpt lat="49.189030" lon="19.752530"><ele>1966.4</ele></trkpt>
      <trkpt lat="49.189056" lon="19.752531"><ele>1966.4</ele></trkpt>
      <trkpt lat="49.189082" lon="19.752530"><ele>1966.4</ele></trkpt>
      <trkpt lat="49.189107" lon="19.752530"><ele>1966.2</ele></trkpt>
      <trkpt lat="49.189136" lon="19.752531"><ele>1966.2</ele></trkpt>
      <trkpt lat="49.189171" lon="19.752533"><ele>1966.2</ele></trkpt>
      <trkpt lat="49.189200" lon="19.752542"><ele>1966.0</ele></trkpt>
      <trkpt lat="49.189232" lon="19.752549"><ele>1965.8</ele></trkpt>
      <trkpt lat="49.189254" lon="19.752555"><ele>1965.6</ele></trkpt>
      <trkpt lat="49.189286" lon="19.752558"><ele>1965.4</ele></trkpt>
      <trkpt lat="49.189312" lon="19.752565"><ele>1965.4</ele></trkpt>
      <trkpt lat="49.189347" lon="19.752565"><ele>1965.2</ele></trkpt>
      <trkpt lat="49.189366" lon="19.752571"><ele>1965.0</ele></trkpt>
      <trkpt lat="49.189392" lon="19.752579"><ele>1965.0</ele></trkpt>
      <trkpt lat="49.189424" lon="19.752584"><ele>1964.8</ele></trkpt>
      <trkpt lat="49.189446" lon="19.752589"><ele>1964.8</ele></trkpt>
      <trkpt lat="49.189466" lon="19.752592"><ele>1964.8</ele></trkpt>
      <trkpt lat="49.189491" lon="19.752595"><ele>1964.8</ele></trkpt>
      <trkpt lat="49.189526" lon="19.752610"><ele>1965.4</ele></trkpt>
      <trkpt lat="49.189549" lon="19.752611"><ele>1965.6</ele></trkpt>
      <trkpt lat="49.189574" lon="19.752611"><ele>1965.8</ele></trkpt>
      <trkpt lat="49.189624" lon="19.752594"><ele>1966.4</ele></trkpt>
      <trkpt lat="49.189658" lon="19.752582"><ele>1967.0</ele></trkpt>
      <trkpt lat="49.189677" lon="19.752581"><ele>1967.2</ele></trkpt>
      <trkpt lat="49.189706" lon="19.752579"><ele>1967.4</ele></trkpt>
      <trkpt lat="49.189744" lon="19.752586"><ele>1967.4</ele></trkpt>
      <trkpt lat="49.189776" lon="19.752594"><ele>1968.0</ele></trkpt>
      <trkpt lat="49.189795" lon="19.752594"><ele>1968.0</ele></trkpt>
      <trkpt lat="49.189821" lon="19.752594"><ele>1968.2</ele></trkpt>
      <trkpt lat="49.189846" lon="19.752590"><ele>1968.2</ele></trkpt>
      <trkpt lat="49.189872" lon="19.752582"><ele>1968.4</ele></trkpt>
      <trkpt lat="49.189901" lon="19.752581"><ele>1968.6</ele></trkpt>
      <trkpt lat="49.189920" lon="19.752579"><ele>1968.6</ele></trkpt>
      <trkpt lat="49.189942" lon="19.752570"><ele>1968.8</ele></trkpt>
      <trkpt lat="49.189962" lon="19.752558"><ele>1968.8</ele></trkpt>
      <trkpt lat="49.189984" lon="19.752536"><ele>1969.0</ele></trkpt>
      <trkpt lat="49.190003" lon="19.752522"><ele>1969.0</ele></trkpt>
      <trkpt lat="49.190029" lon="19.752510"><ele>1969.0</ele></trkpt>
      <trkpt lat="49.190061" lon="19.752496"><ele>1969.0</ele></trkpt>
      <trkpt lat="49.190086" lon="19.752485"><ele>1969.2</ele></trkpt>
      <trkpt lat="49.190118" lon="19.752475"><ele>1969.0</ele></trkpt>
      <trkpt lat="49.190141" lon="19.752466"><ele>1968.8</ele></trkpt>
      <trkpt lat="49.190166" lon="19.752440"><ele>1968.4</ele></trkpt>
      <trkpt lat="49.190213" lon="19.752388"><ele>1968.2</ele></trkpt>
      <trkpt lat="49.190246" lon="19.752371"><ele>1967.6</ele></trkpt>
      <trkpt lat="49.190278" lon="19.752366"><ele>1967.2</ele></trkpt>
      <trkpt lat="49.190298" lon="19.752323"><ele>1966.6</ele></trkpt>
      <trkpt lat="49.190320" lon="19.752282"><ele>1966.0</ele></trkpt>
      <trkpt lat="49.190342" lon="19.752262"><ele>1965.8</ele></trkpt>
      <trkpt lat="49.190365" lon="19.752235"><ele>1965.0</ele></trkpt>
      <trkpt lat="49.190400" lon="19.752237"><ele>1964.0</ele></trkpt>
      <trkpt lat="49.190429" lon="19.752240"><ele>1963.6</ele></trkpt>
      <trkpt lat="49.190461" lon="19.752235"><ele>1963.2</ele></trkpt>
      <trkpt lat="49.190483" lon="19.752218"><ele>1963.0</ele></trkpt>
      <trkpt lat="49.190506" lon="19.752213"><ele>1962.6</ele></trkpt>
      <trkpt lat="49.190531" lon="19.752205"><ele>1962.2</ele></trkpt>
      <trkpt lat="49.190560" lon="19.752208"><ele>1961.8</ele></trkpt>
      <trkpt lat="49.190579" lon="19.752214"><ele>1961.6</ele></trkpt>
      <trkpt lat="49.190605" lon="19.752226"><ele>1961.4</ele></trkpt>
      <trkpt lat="49.190630" lon="19.752230"><ele>1961.2</ele></trkpt>
      <trkpt lat="49.190659" lon="19.752226"><ele>1961.0</ele></trkpt>
      <trkpt lat="49.190685" lon="19.752214"><ele>1960.6</ele></trkpt>
      <trkpt lat="49.190717" lon="19.752213"><ele>1960.2</ele></trkpt>
      <trkpt lat="49.190755" lon="19.752213"><ele>1959.8</ele></trkpt>
      <trkpt lat="49.190797" lon="19.752216"><ele>1959.2</ele></trkpt>
      <trkpt lat="49.190822" lon="19.752218"><ele>1958.8</ele></trkpt>
      <trkpt lat="49.190854" lon="19.752224"><ele>1958.6</ele></trkpt>
      <trkpt lat="49.190880" lon="19.752226"><ele>1958.4</ele></trkpt>
      <trkpt lat="49.190906" lon="19.752222"><ele>1958.4</ele></trkpt>
      <trkpt lat="49.190925" lon="19.752214"><ele>1958.4</ele></trkpt>
      <trkpt lat="49.190947" lon="19.752198"><ele>1958.8</ele></trkpt>
      <trkpt lat="49.190963" lon="19.752173"><ele>1959.0</ele></trkpt>
      <trkpt lat="49.190976" lon="19.752149"><ele>1959.4</ele></trkpt>
      <trkpt lat="49.190992" lon="19.752125"><ele>1959.8</ele></trkpt>
      <trkpt lat="49.191014" lon="19.752074"><ele>1960.4</ele></trkpt>
      <trkpt lat="49.191040" lon="19.752037"><ele>1960.8</ele></trkpt>
      <trkpt lat="49.191062" lon="19.752008"><ele>1960.6</ele></trkpt>
      <trkpt lat="49.191082" lon="19.751994"><ele>1960.4</ele></trkpt>
      <trkpt lat="49.191107" lon="19.751966"><ele>1960.0</ele></trkpt>
      <trkpt lat="49.191133" lon="19.751944"><ele>1959.8</ele></trkpt>
      <trkpt lat="49.191146" lon="19.751920"><ele>1959.4</ele></trkpt>
      <trkpt lat="49.191165" lon="19.751902"><ele>1959.0</ele></trkpt>
      <trkpt lat="49.191184" lon="19.751883"><ele>1958.6</ele></trkpt>
      <trkpt lat="49.191213" lon="19.751870"><ele>1958.2</ele></trkpt>
      <trkpt lat="49.191238" lon="19.751864"><ele>1957.8</ele></trkpt>
      <trkpt lat="49.191264" lon="19.751858"><ele>1957.2</ele></trkpt>
      <trkpt lat="49.191296" lon="19.751859"><ele>1956.8</ele></trkpt>
      <trkpt lat="49.191318" lon="19.751856"><ele>1956.2</ele></trkpt>
      <trkpt lat="49.191350" lon="19.751850"><ele>1955.8</ele></trkpt>
      <trkpt lat="49.191382" lon="19.751840"><ele>1955.2</ele></trkpt>
      <trkpt lat="49.191418" lon="19.751829"><ele>1954.8</ele></trkpt>
      <trkpt lat="49.191450" lon="19.751816"><ele>1954.2</ele></trkpt>
      <trkpt lat="49.191478" lon="19.751806"><ele>1953.8</ele></trkpt>
      <trkpt lat="49.191501" lon="19.751798"><ele>1953.4</ele></trkpt>
      <trkpt lat="49.191539" lon="19.751797"><ele>1953.0</ele></trkpt>
      <trkpt lat="49.191568" lon="19.751803"><ele>1952.6</ele></trkpt>
      <trkpt lat="49.191622" lon="19.751783"><ele>1952.0</ele></trkpt>
      <trkpt lat="49.191661" lon="19.751776"><ele>1951.6</ele></trkpt>
      <trkpt lat="49.191690" lon="19.751766"><ele>1951.4</ele></trkpt>
      <trkpt lat="49.191709" lon="19.751765"><ele>1950.8</ele></trkpt>
      <trkpt lat="49.191738" lon="19.751762"><ele>1950.4</ele></trkpt>
      <trkpt lat="49.191766" lon="19.751755"><ele>1950.0</ele></trkpt>
      <trkpt lat="49.191795" lon="19.751747"><ele>1949.4</ele></trkpt>
      <trkpt lat="49.191827" lon="19.751736"><ele>1949.2</ele></trkpt>
      <trkpt lat="49.191850" lon="19.751725"><ele>1948.6</ele></trkpt>
      <trkpt lat="49.191882" lon="19.751718"><ele>1948.2</ele></trkpt>
      <trkpt lat="49.191926" lon="19.751715"><ele>1947.6</ele></trkpt>
      <trkpt lat="49.191952" lon="19.751712"><ele>1947.2</ele></trkpt>
      <trkpt lat="49.191971" lon="19.751709"><ele>1946.8</ele></trkpt>
      <trkpt lat="49.191990" lon="19.751698"><ele>1946.6</ele></trkpt>
      <trkpt lat="49.192010" lon="19.751690"><ele>1946.4</ele></trkpt>
      <trkpt lat="49.192032" lon="19.751685"><ele>1946.4</ele></trkpt>
      <trkpt lat="49.192054" lon="19.751682"><ele>1946.4</ele></trkpt>
      <trkpt lat="49.192080" lon="19.751664"><ele>1946.0</ele></trkpt>
      <trkpt lat="49.192109" lon="19.751651"><ele>1945.2</ele></trkpt>
      <trkpt lat="49.192134" lon="19.751640"><ele>1944.8</ele></trkpt>
      <trkpt lat="49.192154" lon="19.751622"><ele>1944.2</ele></trkpt>
      <trkpt lat="49.192173" lon="19.751605"><ele>1943.6</ele></trkpt>
      <trkpt lat="49.192198" lon="19.751578"><ele>1943.2</ele></trkpt>
      <trkpt lat="49.192224" lon="19.751539"><ele>1942.0</ele></trkpt>
      <trkpt lat="49.192214" lon="19.751499"><ele>1941.0</ele></trkpt>
      <trkpt lat="49.192227" lon="19.751456"><ele>1940.0</ele></trkpt>
      <trkpt lat="49.192243" lon="19.751440"><ele>1939.6</ele></trkpt>
      <trkpt lat="49.192259" lon="19.751421"><ele>1939.0</ele></trkpt>
      <trkpt lat="49.192275" lon="19.751406"><ele>1938.4</ele></trkpt>
      <trkpt lat="49.192294" lon="19.751390"><ele>1937.6</ele></trkpt>
      <trkpt lat="49.192314" lon="19.751390"><ele>1937.0</ele></trkpt>
      <trkpt lat="49.192333" lon="19.751394"><ele>1936.4</ele></trkpt>
      <trkpt lat="49.192368" lon="19.751389"><ele>1935.2</ele></trkpt>
      <trkpt lat="49.192387" lon="19.751387"><ele>1934.6</ele></trkpt>
      <trkpt lat="49.192416" lon="19.751363"><ele>1933.4</ele></trkpt>
      <trkpt lat="49.192432" lon="19.751341"><ele>1933.0</ele></trkpt>
      <trkpt lat="49.192454" lon="19.751320"><ele>1932.4</ele></trkpt>
      <trkpt lat="49.192474" lon="19.751312"><ele>1931.8</ele></trkpt>
      <trkpt lat="49.192506" lon="19.751309"><ele>1931.2</ele></trkpt>
      <trkpt lat="49.192557" lon="19.751280"><ele>1930.2</ele></trkpt>
      <trkpt lat="49.192570" lon="19.751272"><ele>1929.6</ele></trkpt>
      <trkpt lat="49.192589" lon="19.751258"><ele>1929.2</ele></trkpt>
      <trkpt lat="49.192614" lon="19.751242"><ele>1928.4</ele></trkpt>
      <trkpt lat="49.192637" lon="19.751221"><ele>1927.8</ele></trkpt>
      <trkpt lat="49.192662" lon="19.751190"><ele>1927.2</ele></trkpt>
      <trkpt lat="49.192675" lon="19.751158"><ele>1926.8</ele></trkpt>
      <trkpt lat="49.192694" lon="19.751122"><ele>1926.4</ele></trkpt>
      <trkpt lat="49.192720" lon="19.751086"><ele>1925.8</ele></trkpt>
      <trkpt lat="49.192742" lon="19.751064"><ele>1925.6</ele></trkpt>
      <trkpt lat="49.192768" lon="19.751054"><ele>1925.2</ele></trkpt>
      <trkpt lat="49.192790" lon="19.751045"><ele>1924.8</ele></trkpt>
      <trkpt lat="49.192813" lon="19.751032"><ele>1924.4</ele></trkpt>
      <trkpt lat="49.192835" lon="19.751019"><ele>1924.2</ele></trkpt>
      <trkpt lat="49.192867" lon="19.751010"><ele>1923.8</ele></trkpt>
      <trkpt lat="49.192893" lon="19.751003"><ele>1923.4</ele></trkpt>
      <trkpt lat="49.192928" lon="19.750992"><ele>1923.2</ele></trkpt>
      <trkpt lat="49.192950" lon="19.750981"><ele>1923.0</ele></trkpt>
      <trkpt lat="49.192970" lon="19.750970"><ele>1922.8</ele></trkpt>
      <trkpt lat="49.192992" lon="19.750934"><ele>1922.4</ele></trkpt>
      <trkpt lat="49.193011" lon="19.750896"><ele>1922.0</ele></trkpt>
      <trkpt lat="49.193027" lon="19.750882"><ele>1921.8</ele></trkpt>
      <trkpt lat="49.193043" lon="19.750867"><ele>1921.6</ele></trkpt>
      <trkpt lat="49.193062" lon="19.750848"><ele>1921.4</ele></trkpt>
      <trkpt lat="49.193078" lon="19.750816"><ele>1921.2</ele></trkpt>
      <trkpt lat="49.193098" lon="19.750802"><ele>1920.8</ele></trkpt>
      <trkpt lat="49.193117" lon="19.750811"><ele>1920.6</ele></trkpt>
      <trkpt lat="49.193139" lon="19.750821"><ele>1920.4</ele></trkpt>
      <trkpt lat="49.193168" lon="19.750826"><ele>1920.0</ele></trkpt>
      <trkpt lat="49.193187" lon="19.750832"><ele>1919.8</ele></trkpt>
      <trkpt lat="49.193206" lon="19.750835"><ele>1919.6</ele></trkpt>
      <trkpt lat="49.193226" lon="19.750840"><ele>1919.2</ele></trkpt>
      <trkpt lat="49.193251" lon="19.750840"><ele>1918.8</ele></trkpt>
      <trkpt lat="49.193280" lon="19.750821"><ele>1918.6</ele></trkpt>
      <trkpt lat="49.193299" lon="19.750778"><ele>1918.6</ele></trkpt>
      <trkpt lat="49.193299" lon="19.750747"><ele>1918.6</ele></trkpt>
      <trkpt lat="49.193299" lon="19.750715"><ele>1918.8</ele></trkpt>
      <trkpt lat="49.193286" lon="19.750694"><ele>1919.2</ele></trkpt>
      <trkpt lat="49.193267" lon="19.750672"><ele>1919.4</ele></trkpt>
      <trkpt lat="49.193251" lon="19.750648"><ele>1919.4</ele></trkpt>
      <trkpt lat="49.193242" lon="19.750614"><ele>1919.4</ele></trkpt>
      <trkpt lat="49.193245" lon="19.750574"><ele>1919.0</ele></trkpt>
      <trkpt lat="49.193251" lon="19.750539"><ele>1918.4</ele></trkpt>
      <trkpt lat="49.193267" lon="19.750499"><ele>1917.8</ele></trkpt>
      <trkpt lat="49.193286" lon="19.750467"><ele>1917.2</ele></trkpt>
      <trkpt lat="49.193306" lon="19.750429"><ele>1916.4</ele></trkpt>
      <trkpt lat="49.193290" lon="19.750394"><ele>1915.6</ele></trkpt>
      <trkpt lat="49.193267" lon="19.750358"><ele>1914.6</ele></trkpt>
      <trkpt lat="49.193245" lon="19.750328"><ele>1913.8</ele></trkpt>
      <trkpt lat="49.193229" lon="19.750314"><ele>1913.2</ele></trkpt>
      <trkpt lat="49.193206" lon="19.750285"><ele>1912.2</ele></trkpt>
      <trkpt lat="49.193216" lon="19.750250"><ele>1910.6</ele></trkpt>
      <trkpt lat="49.193216" lon="19.750216"><ele>1909.6</ele></trkpt>
      <trkpt lat="49.193222" lon="19.750166"><ele>1908.6</ele></trkpt>
      <trkpt lat="49.193222" lon="19.750138"><ele>1908.0</ele></trkpt>
      <trkpt lat="49.193232" lon="19.750086"><ele>1907.0</ele></trkpt>
      <trkpt lat="49.193242" lon="19.750061"><ele>1906.4</ele></trkpt>
      <trkpt lat="49.193251" lon="19.750037"><ele>1905.8</ele></trkpt>
      <trkpt lat="49.193261" lon="19.750008"><ele>1905.4</ele></trkpt>
      <trkpt lat="49.193264" lon="19.749971"><ele>1904.8</ele></trkpt>
      <trkpt lat="49.193270" lon="19.749941"><ele>1904.2</ele></trkpt>
      <trkpt lat="49.193283" lon="19.749918"><ele>1903.6</ele></trkpt>
      <trkpt lat="49.193283" lon="19.749888"><ele>1903.0</ele></trkpt>
      <trkpt lat="49.193286" lon="19.749861"><ele>1902.4</ele></trkpt>
      <trkpt lat="49.193286" lon="19.749830"><ele>1901.6</ele></trkpt>
      <trkpt lat="49.193286" lon="19.749802"><ele>1901.0</ele></trkpt>
      <trkpt lat="49.193286" lon="19.749741"><ele>1899.6</ele></trkpt>
      <trkpt lat="49.193286" lon="19.749686"><ele>1898.4</ele></trkpt>
      <trkpt lat="49.193286" lon="19.749653"><ele>1898.0</ele></trkpt>
      <trkpt lat="49.193283" lon="19.749621"><ele>1897.4</ele></trkpt>
      <trkpt lat="49.193277" lon="19.749592"><ele>1896.8</ele></trkpt>
      <trkpt lat="49.193270" lon="19.749563"><ele>1896.2</ele></trkpt>
      <trkpt lat="49.193270" lon="19.749533"><ele>1895.4</ele></trkpt>
      <trkpt lat="49.193270" lon="19.749494"><ele>1894.4</ele></trkpt>
      <trkpt lat="49.193248" lon="19.749418"><ele>1893.4</ele></trkpt>
      <trkpt lat="49.193242" lon="19.749362"><ele>1892.2</ele></trkpt>
      <trkpt lat="49.193232" lon="19.749317"><ele>1891.6</ele></trkpt>
      <trkpt lat="49.193226" lon="19.749267"><ele>1891.0</ele></trkpt>
      <trkpt lat="49.193222" lon="19.749214"><ele>1890.2</ele></trkpt>
      <trkpt lat="49.193216" lon="19.749160"><ele>1889.6</ele></trkpt>
      <trkpt lat="49.193216" lon="19.749106"><ele>1888.8</ele></trkpt>
      <trkpt lat="49.193216" lon="19.749053"><ele>1888.2</ele></trkpt>
      <trkpt lat="49.193210" lon="19.748995"><ele>1887.8</ele></trkpt>
      <trkpt lat="49.193206" lon="19.748949"><ele>1887.2</ele></trkpt>
      <trkpt lat="49.193200" lon="19.748909"><ele>1887.0</ele></trkpt>
      <trkpt lat="49.193200" lon="19.748877"><ele>1886.6</ele></trkpt>
      <trkpt lat="49.193200" lon="19.748848"><ele>1886.4</ele></trkpt>
      <trkpt lat="49.193200" lon="19.748805"><ele>1885.8</ele></trkpt>
      <trkpt lat="49.193187" lon="19.748752"><ele>1885.2</ele></trkpt>
      <trkpt lat="49.193181" lon="19.748712"><ele>1884.2</ele></trkpt>
      <trkpt lat="49.193184" lon="19.748682"><ele>1883.8</ele></trkpt>
      <trkpt lat="49.193190" lon="19.748634"><ele>1882.8</ele></trkpt>
      <trkpt lat="49.193184" lon="19.748603"><ele>1881.2</ele></trkpt>
      <trkpt lat="49.193162" lon="19.748590"><ele>1880.2</ele></trkpt>
      <trkpt lat="49.193139" lon="19.748571"><ele>1879.6</ele></trkpt>
      <trkpt lat="49.193123" lon="19.748539"><ele>1878.6</ele></trkpt>
      <trkpt lat="49.193142" lon="19.748498"><ele>1877.4</ele></trkpt>
      <trkpt lat="49.193149" lon="19.748470"><ele>1876.8</ele></trkpt>
      <trkpt lat="49.193139" lon="19.748427"><ele>1875.4</ele></trkpt>
      <trkpt lat="49.193126" lon="19.748403"><ele>1874.8</ele></trkpt>
      <trkpt lat="49.193123" lon="19.748371"><ele>1874.4</ele></trkpt>
      <trkpt lat="49.193133" lon="19.748342"><ele>1874.0</ele></trkpt>
      <trkpt lat="49.193139" lon="19.748304"><ele>1872.8</ele></trkpt>
      <trkpt lat="49.193139" lon="19.748262"><ele>1872.0</ele></trkpt>
      <trkpt lat="49.193130" lon="19.748206"><ele>1871.2</ele></trkpt>
      <trkpt lat="49.193130" lon="19.748155"><ele>1870.6</ele></trkpt>
      <trkpt lat="49.193130" lon="19.748117"><ele>1870.0</ele></trkpt>
      <trkpt lat="49.193126" lon="19.748061"><ele>1869.4</ele></trkpt>
      <trkpt lat="49.193123" lon="19.748021"><ele>1869.2</ele></trkpt>
      <trkpt lat="49.193123" lon="19.747992"><ele>1869.0</ele></trkpt>
      <trkpt lat="49.193110" lon="19.747944"><ele>1868.4</ele></trkpt>
      <trkpt lat="49.193107" lon="19.747915"><ele>1868.2</ele></trkpt>
      <trkpt lat="49.193110" lon="19.747867"><ele>1867.6</ele></trkpt>
      <trkpt lat="49.193123" lon="19.747832"><ele>1867.0</ele></trkpt>
      <trkpt lat="49.193130" lon="19.747795"><ele>1866.4</ele></trkpt>
      <trkpt lat="49.193139" lon="19.747770"><ele>1866.2</ele></trkpt>
      <trkpt lat="49.193139" lon="19.747720"><ele>1865.4</ele></trkpt>
      <trkpt lat="49.193126" lon="19.747678"><ele>1864.6</ele></trkpt>
      <trkpt lat="49.193110" lon="19.747661"><ele>1864.2</ele></trkpt>
      <trkpt lat="49.193091" lon="19.747650"><ele>1863.8</ele></trkpt>
      <trkpt lat="49.193072" lon="19.747630"><ele>1863.4</ele></trkpt>
      <trkpt lat="49.193059" lon="19.747610"><ele>1863.0</ele></trkpt>
      <trkpt lat="49.193040" lon="19.747590"><ele>1862.6</ele></trkpt>
      <trkpt lat="49.193024" lon="19.747574"><ele>1862.4</ele></trkpt>
      <trkpt lat="49.192989" lon="19.747558"><ele>1861.6</ele></trkpt>
      <trkpt lat="49.192966" lon="19.747560"><ele>1861.2</ele></trkpt>
      <trkpt lat="49.192944" lon="19.747566"><ele>1860.8</ele></trkpt>
      <trkpt lat="49.192925" lon="19.747558"><ele>1860.4</ele></trkpt>
      <trkpt lat="49.192906" lon="19.747544"><ele>1859.8</ele></trkpt>
      <trkpt lat="49.192883" lon="19.747506"><ele>1859.0</ele></trkpt>
      <trkpt lat="49.192874" lon="19.747480"><ele>1858.6</ele></trkpt>
      <trkpt lat="49.192854" lon="19.747445"><ele>1857.6</ele></trkpt>
      <trkpt lat="49.192832" lon="19.747419"><ele>1856.8</ele></trkpt>
      <trkpt lat="49.192813" lon="19.747418"><ele>1856.4</ele></trkpt>
      <trkpt lat="49.192794" lon="19.747418"><ele>1855.8</ele></trkpt>
      <trkpt lat="49.192771" lon="19.747418"><ele>1855.4</ele></trkpt>
      <trkpt lat="49.192752" lon="19.747408"><ele>1855.0</ele></trkpt>
      <trkpt lat="49.192733" lon="19.747397"><ele>1854.6</ele></trkpt>
      <trkpt lat="49.192704" lon="19.747389"><ele>1854.2</ele></trkpt>
      <trkpt lat="49.192685" lon="19.747400"><ele>1853.8</ele></trkpt>
      <trkpt lat="49.192666" lon="19.747408"><ele>1853.6</ele></trkpt>
      <trkpt lat="49.192634" lon="19.747405"><ele>1852.8</ele></trkpt>
      <trkpt lat="49.192611" lon="19.747360"><ele>1852.0</ele></trkpt>
      <trkpt lat="49.192586" lon="19.747322"><ele>1851.2</ele></trkpt>
      <trkpt lat="49.192566" lon="19.747318"><ele>1850.6</ele></trkpt>
      <trkpt lat="49.192547" lon="19.747320"><ele>1850.0</ele></trkpt>
      <trkpt lat="49.192525" lon="19.747331"><ele>1849.6</ele></trkpt>
      <trkpt lat="49.192506" lon="19.747347"><ele>1849.0</ele></trkpt>
      <trkpt lat="49.192477" lon="19.747362"><ele>1848.8</ele></trkpt>
      <trkpt lat="49.192458" lon="19.747365"><ele>1848.4</ele></trkpt>
      <trkpt lat="49.192422" lon="19.747352"><ele>1848.0</ele></trkpt>
      <trkpt lat="49.192394" lon="19.747347"><ele>1847.8</ele></trkpt>
      <trkpt lat="49.192374" lon="19.747373"><ele>1847.6</ele></trkpt>
      <trkpt lat="49.192352" lon="19.747382"><ele>1846.2</ele></trkpt>
      <trkpt lat="49.192330" lon="19.747397"><ele>1845.4</ele></trkpt>
      <trkpt lat="49.192307" lon="19.747405"><ele>1845.0</ele></trkpt>
      <trkpt lat="49.192278" lon="19.747382"><ele>1844.2</ele></trkpt>
      <trkpt lat="49.192256" lon="19.747365"><ele>1843.6</ele></trkpt>
      <trkpt lat="49.192253" lon="19.747338"><ele>1842.4</ele></trkpt>
      <trkpt lat="49.192237" lon="19.747306"><ele>1840.6</ele></trkpt>
      <trkpt lat="49.192218" lon="19.747290"><ele>1840.6</ele></trkpt>
      <trkpt lat="49.192231" lon="19.747297"><ele>1841.4</ele></trkpt>
      <trkpt lat="49.192244" lon="19.747304"><ele>1841.0</ele></trkpt>
      <trkpt lat="49.192257" lon="19.747311"><ele>1840.0</ele></trkpt>
      <trkpt lat="49.192256" lon="19.747272"><ele>1840.4</ele></trkpt>
      <trkpt lat="49.192253" lon="19.747230"><ele>1840.8</ele></trkpt>
      <trkpt lat="49.192246" lon="19.747181"><ele>1840.6</ele></trkpt>
      <trkpt lat="49.192243" lon="19.747150"><ele>1840.6</ele></trkpt>
      <trkpt lat="49.192259" lon="19.747114"><ele>1840.4</ele></trkpt>
      <trkpt lat="49.192294" lon="19.747098"><ele>1840.0</ele></trkpt>
      <trkpt lat="49.192323" lon="19.747077"><ele>1839.6</ele></trkpt>
      <trkpt lat="49.192346" lon="19.747058"><ele>1839.4</ele></trkpt>
      <trkpt lat="49.192358" lon="19.747027"><ele>1839.2</ele></trkpt>
      <trkpt lat="49.192371" lon="19.746994"><ele>1839.0</ele></trkpt>
      <trkpt lat="49.192374" lon="19.746965"><ele>1839.0</ele></trkpt>
      <trkpt lat="49.192387" lon="19.746934"><ele>1839.0</ele></trkpt>
      <trkpt lat="49.192397" lon="19.746899"><ele>1838.8</ele></trkpt>
      <trkpt lat="49.192403" lon="19.746869"><ele>1839.0</ele></trkpt>
      <trkpt lat="49.192406" lon="19.746838"><ele>1839.0</ele></trkpt>
      <trkpt lat="49.192422" lon="19.746811"><ele>1839.2</ele></trkpt>
      <trkpt lat="49.192435" lon="19.746774"><ele>1839.2</ele></trkpt>
      <trkpt lat="49.192442" lon="19.746739"><ele>1839.0</ele></trkpt>
      <trkpt lat="49.192445" lon="19.746691"><ele>1838.8</ele></trkpt>
      <trkpt lat="49.192445" lon="19.746651"><ele>1838.4</ele></trkpt>
      <trkpt lat="49.192451" lon="19.746611"><ele>1837.8</ele></trkpt>
      <trkpt lat="49.192467" lon="19.746562"><ele>1837.4</ele></trkpt>
      <trkpt lat="49.192470" lon="19.746515"><ele>1837.0</ele></trkpt>
      <trkpt lat="49.192486" lon="19.746475"><ele>1836.6</ele></trkpt>
      <trkpt lat="49.192502" lon="19.746438"><ele>1836.2</ele></trkpt>
      <trkpt lat="49.192493" lon="19.746403"><ele>1836.0</ele></trkpt>
      <trkpt lat="49.192483" lon="19.746368"><ele>1835.6</ele></trkpt>
      <trkpt lat="49.192477" lon="19.746325"><ele>1835.2</ele></trkpt>
      <trkpt lat="49.192483" lon="19.746298"><ele>1834.6</ele></trkpt>
      <trkpt lat="49.192477" lon="19.746256"><ele>1834.4</ele></trkpt>
      <trkpt lat="49.192477" lon="19.746227"><ele>1834.2</ele></trkpt>
      <trkpt lat="49.192486" lon="19.746203"><ele>1834.0</ele></trkpt>
      <trkpt lat="49.192477" lon="19.746150"><ele>1833.4</ele></trkpt>
      <trkpt lat="49.192467" lon="19.746125"><ele>1833.2</ele></trkpt>
      <trkpt lat="49.192451" lon="19.746106"><ele>1833.0</ele></trkpt>
      <trkpt lat="49.192429" lon="19.746069"><ele>1832.2</ele></trkpt>
      <trkpt lat="49.192416" lon="19.746045"><ele>1831.8</ele></trkpt>
      <trkpt lat="49.192397" lon="19.745995"><ele>1831.2</ele></trkpt>
      <trkpt lat="49.192394" lon="19.745968"><ele>1830.8</ele></trkpt>
      <trkpt lat="49.192390" lon="19.745941"><ele>1830.4</ele></trkpt>
      <trkpt lat="49.192390" lon="19.745912"><ele>1830.0</ele></trkpt>
      <trkpt lat="49.192387" lon="19.745877"><ele>1829.6</ele></trkpt>
      <trkpt lat="49.192390" lon="19.745846"><ele>1829.4</ele></trkpt>
      <trkpt lat="49.192387" lon="19.745808"><ele>1829.0</ele></trkpt>
      <trkpt lat="49.192378" lon="19.745776"><ele>1828.6</ele></trkpt>
      <trkpt lat="49.192374" lon="19.745741"><ele>1828.0</ele></trkpt>
      <trkpt lat="49.192374" lon="19.745709"><ele>1827.6</ele></trkpt>
      <trkpt lat="49.192352" lon="19.745669"><ele>1826.8</ele></trkpt>
      <trkpt lat="49.192349" lon="19.745634"><ele>1826.4</ele></trkpt>
      <trkpt lat="49.192349" lon="19.745598"><ele>1826.0</ele></trkpt>
      <trkpt lat="49.192349" lon="19.745568"><ele>1825.4</ele></trkpt>
      <trkpt lat="49.192346" lon="19.745525"><ele>1825.0</ele></trkpt>
      <trkpt lat="49.192349" lon="19.745496"><ele>1824.4</ele></trkpt>
      <trkpt lat="49.192358" lon="19.745461"><ele>1824.0</ele></trkpt>
      <trkpt lat="49.192368" lon="19.745432"><ele>1823.4</ele></trkpt>
      <trkpt lat="49.192384" lon="19.745411"><ele>1823.0</ele></trkpt>
      <trkpt lat="49.192397" lon="19.745384"><ele>1822.6</ele></trkpt>
      <trkpt lat="49.192410" lon="19.745350"><ele>1822.2</ele></trkpt>
      <trkpt lat="49.192430" lon="19.745272"><ele>1821.8</ele></trkpt>
      <trkpt lat="49.192442" lon="19.745226"><ele>1821.2</ele></trkpt>
      <trkpt lat="49.192448" lon="19.745194"><ele>1820.8</ele></trkpt>
      <trkpt lat="49.192451" lon="19.745158"><ele>1820.6</ele></trkpt>
      <trkpt lat="49.192432" lon="19.745122"><ele>1820.0</ele></trkpt>
      <trkpt lat="49.192413" lon="19.745104"><ele>1819.8</ele></trkpt>
      <trkpt lat="49.192397" lon="19.745077"><ele>1819.4</ele></trkpt>
      <trkpt lat="49.192378" lon="19.745024"><ele>1818.6</ele></trkpt>
      <trkpt lat="49.192371" lon="19.744978"><ele>1817.4</ele></trkpt>
      <trkpt lat="49.192355" lon="19.744933"><ele>1816.4</ele></trkpt>
      <trkpt lat="49.192352" lon="19.744902"><ele>1815.8</ele></trkpt>
      <trkpt lat="49.192346" lon="19.744858"><ele>1814.8</ele></trkpt>
      <trkpt lat="49.192333" lon="19.744829"><ele>1814.2</ele></trkpt>
      <trkpt lat="49.192307" lon="19.744803"><ele>1813.2</ele></trkpt>
      <trkpt lat="49.192294" lon="19.744778"><ele>1812.2</ele></trkpt>
      <trkpt lat="49.192285" lon="19.744718"><ele>1810.8</ele></trkpt>
      <trkpt lat="49.192278" lon="19.744664"><ele>1809.8</ele></trkpt>
      <trkpt lat="49.192272" lon="19.744635"><ele>1809.4</ele></trkpt>
      <trkpt lat="49.192266" lon="19.744608"><ele>1808.8</ele></trkpt>
      <trkpt lat="49.192253" lon="19.744565"><ele>1807.8</ele></trkpt>
      <trkpt lat="49.192246" lon="19.744536"><ele>1807.4</ele></trkpt>
      <trkpt lat="49.192243" lon="19.744496"><ele>1806.2</ele></trkpt>
      <trkpt lat="49.192234" lon="19.744472"><ele>1805.6</ele></trkpt>
      <trkpt lat="49.192211" lon="19.744432"><ele>1804.4</ele></trkpt>
      <trkpt lat="49.192186" lon="19.744406"><ele>1803.4</ele></trkpt>
      <trkpt lat="49.192166" lon="19.744373"><ele>1802.4</ele></trkpt>
      <trkpt lat="49.192144" lon="19.744350"><ele>1801.2</ele></trkpt>
      <trkpt lat="49.192134" lon="19.744317"><ele>1800.0</ele></trkpt>
      <trkpt lat="49.192138" lon="19.744274"><ele>1798.8</ele></trkpt>
      <trkpt lat="49.192118" lon="19.744235"><ele>1797.4</ele></trkpt>
      <trkpt lat="49.192106" lon="19.744203"><ele>1796.6</ele></trkpt>
      <trkpt lat="49.192093" lon="19.744162"><ele>1795.8</ele></trkpt>
      <trkpt lat="49.192086" lon="19.744134"><ele>1795.4</ele></trkpt>
      <trkpt lat="49.192058" lon="19.744090"><ele>1794.6</ele></trkpt>
      <trkpt lat="49.192051" lon="19.744054"><ele>1794.0</ele></trkpt>
      <trkpt lat="49.192038" lon="19.744016"><ele>1793.4</ele></trkpt>
      <trkpt lat="49.192029" lon="19.743986"><ele>1792.8</ele></trkpt>
      <trkpt lat="49.192019" lon="19.743931"><ele>1792.0</ele></trkpt>
      <trkpt lat="49.192016" lon="19.743890"><ele>1791.2</ele></trkpt>
      <trkpt lat="49.192006" lon="19.743843"><ele>1790.2</ele></trkpt>
      <trkpt lat="49.192006" lon="19.743814"><ele>1789.6</ele></trkpt>
      <trkpt lat="49.191994" lon="19.743781"><ele>1788.4</ele></trkpt>
      <trkpt lat="49.191981" lon="19.743738"><ele>1787.8</ele></trkpt>
      <trkpt lat="49.191974" lon="19.743706"><ele>1787.0</ele></trkpt>
      <trkpt lat="49.191968" lon="19.743678"><ele>1786.0</ele></trkpt>
      <trkpt lat="49.191955" lon="19.743658"><ele>1785.2</ele></trkpt>
      <trkpt lat="49.191936" lon="19.743626"><ele>1784.2</ele></trkpt>
      <trkpt lat="49.191910" lon="19.743589"><ele>1783.2</ele></trkpt>
      <trkpt lat="49.191888" lon="19.743560"><ele>1782.2</ele></trkpt>
      <trkpt lat="49.191875" lon="19.743539"><ele>1781.8</ele></trkpt>
      <trkpt lat="49.191872" lon="19.743504"><ele>1780.6</ele></trkpt>
      <trkpt lat="49.191875" lon="19.743477"><ele>1779.0</ele></trkpt>
      <trkpt lat="49.191878" lon="19.743437"><ele>1778.6</ele></trkpt>
      <trkpt lat="49.191872" lon="19.743406"><ele>1778.6</ele></trkpt>
      <trkpt lat="49.191856" lon="19.743376"><ele>1778.4</ele></trkpt>
      <trkpt lat="49.191850" lon="19.743347"><ele>1778.0</ele></trkpt>
      <trkpt lat="49.191840" lon="19.743318"><ele>1777.6</ele></trkpt>
      <trkpt lat="49.191827" lon="19.743294"><ele>1777.2</ele></trkpt>
      <trkpt lat="49.191808" lon="19.743270"><ele>1777.0</ele></trkpt>
      <trkpt lat="49.191789" lon="19.743230"><ele>1776.6</ele></trkpt>
      <trkpt lat="49.191766" lon="19.743190"><ele>1776.2</ele></trkpt>
      <trkpt lat="49.191754" lon="19.743155"><ele>1775.8</ele></trkpt>
      <trkpt lat="49.191747" lon="19.743122"><ele>1775.6</ele></trkpt>
      <trkpt lat="49.191738" lon="19.743086"><ele>1775.4</ele></trkpt>
      <trkpt lat="49.191728" lon="19.743046"><ele>1775.2</ele></trkpt>
      <trkpt lat="49.191712" lon="19.743018"><ele>1775.2</ele></trkpt>
      <trkpt lat="49.191696" lon="19.742990"><ele>1774.8</ele></trkpt>
      <trkpt lat="49.191674" lon="19.742973"><ele>1774.4</ele></trkpt>
      <trkpt lat="49.191658" lon="19.742960"><ele>1774.0</ele></trkpt>
      <trkpt lat="49.191648" lon="19.742934"><ele>1773.8</ele></trkpt>
      <trkpt lat="49.191638" lon="19.742901"><ele>1773.4</ele></trkpt>
      <trkpt lat="49.191622" lon="19.742864"><ele>1773.0</ele></trkpt>
      <trkpt lat="49.191613" lon="19.742834"><ele>1772.8</ele></trkpt>
      <trkpt lat="49.191597" lon="19.742818"><ele>1772.2</ele></trkpt>
      <trkpt lat="49.191590" lon="19.742789"><ele>1772.0</ele></trkpt>
      <trkpt lat="49.191594" lon="19.742750"><ele>1771.6</ele></trkpt>
      <trkpt lat="49.191578" lon="19.742722"><ele>1771.4</ele></trkpt>
      <trkpt lat="49.191571" lon="19.742690"><ele>1771.0</ele></trkpt>
      <trkpt lat="49.191568" lon="19.742661"><ele>1771.0</ele></trkpt>
      <trkpt lat="49.191555" lon="19.742626"><ele>1770.6</ele></trkpt>
      <trkpt lat="49.191542" lon="19.742597"><ele>1770.8</ele></trkpt>
      <trkpt lat="49.191523" lon="19.742581"><ele>1770.4</ele></trkpt>
      <trkpt lat="49.191510" lon="19.742552"><ele>1769.4</ele></trkpt>
      <trkpt lat="49.191494" lon="19.742525"><ele>1768.8</ele></trkpt>
      <trkpt lat="49.191491" lon="19.742491"><ele>1768.4</ele></trkpt>
      <trkpt lat="49.191472" lon="19.742477"><ele>1767.4</ele></trkpt>
      <trkpt lat="49.191456" lon="19.742443"><ele>1766.8</ele></trkpt>
      <trkpt lat="49.191456" lon="19.742406"><ele>1765.6</ele></trkpt>
      <trkpt lat="49.191440" lon="19.742378"><ele>1765.2</ele></trkpt>
      <trkpt lat="49.191424" lon="19.742357"><ele>1764.4</ele></trkpt>
      <trkpt lat="49.191402" lon="19.742346"><ele>1763.8</ele></trkpt>
      <trkpt lat="49.191386" lon="19.742323"><ele>1763.0</ele></trkpt>
      <trkpt lat="49.191382" lon="19.742286"><ele>1762.6</ele></trkpt>
      <trkpt lat="49.191370" lon="19.742264"><ele>1761.8</ele></trkpt>
      <trkpt lat="49.191350" lon="19.742245"><ele>1761.4</ele></trkpt>
      <trkpt lat="49.191331" lon="19.742208"><ele>1761.0</ele></trkpt>
      <trkpt lat="49.191306" lon="19.742178"><ele>1760.6</ele></trkpt>
      <trkpt lat="49.191286" lon="19.742147"><ele>1760.0</ele></trkpt>
      <trkpt lat="49.191274" lon="19.742120"><ele>1759.6</ele></trkpt>
      <trkpt lat="49.191254" lon="19.742096"><ele>1759.0</ele></trkpt>
      <trkpt lat="49.191235" lon="19.742064"><ele>1758.4</ele></trkpt>
      <trkpt lat="49.191219" lon="19.742034"><ele>1758.2</ele></trkpt>
      <trkpt lat="49.191203" lon="19.742005"><ele>1758.2</ele></trkpt>
      <trkpt lat="49.191181" lon="19.741986"><ele>1757.6</ele></trkpt>
      <trkpt lat="49.191152" lon="19.741974"><ele>1757.0</ele></trkpt>
      <trkpt lat="49.191126" lon="19.741955"><ele>1756.6</ele></trkpt>
      <trkpt lat="49.191098" lon="19.741946"><ele>1756.2</ele></trkpt>
      <trkpt lat="49.191072" lon="19.741936"><ele>1755.8</ele></trkpt>
      <trkpt lat="49.191056" lon="19.741910"><ele>1755.6</ele></trkpt>
      <trkpt lat="49.191037" lon="19.741906"><ele>1754.4</ele></trkpt>
      <trkpt lat="49.191021" lon="19.741888"><ele>1754.0</ele></trkpt>
      <trkpt lat="49.191008" lon="19.741858"><ele>1753.4</ele></trkpt>
      <trkpt lat="49.191002" lon="19.741830"><ele>1752.6</ele></trkpt>
      <trkpt lat="49.190992" lon="19.741806"><ele>1751.2</ele></trkpt>
      <trkpt lat="49.190973" lon="19.741829"><ele>1748.8</ele></trkpt>
      <trkpt lat="49.190957" lon="19.741814"><ele>1748.0</ele></trkpt>
      <trkpt lat="49.190938" lon="19.741806"><ele>1746.8</ele></trkpt>
      <trkpt lat="49.190918" lon="19.741830"><ele>1744.2</ele></trkpt>
      <trkpt lat="49.190896" lon="19.741797"><ele>1743.4</ele></trkpt>
      <trkpt lat="49.190880" lon="19.741760"><ele>1742.6</ele></trkpt>
      <trkpt lat="49.190867" lon="19.741726"><ele>1742.0</ele></trkpt>
      <trkpt lat="49.190854" lon="19.741699"><ele>1741.4</ele></trkpt>
      <trkpt lat="49.190829" lon="19.741682"><ele>1740.4</ele></trkpt>
      <trkpt lat="49.190816" lon="19.741642"><ele>1739.6</ele></trkpt>
      <trkpt lat="49.190816" lon="19.741613"><ele>1739.0</ele></trkpt>
      <trkpt lat="49.190797" lon="19.741594"><ele>1738.4</ele></trkpt>
      <trkpt lat="49.190774" lon="19.741592"><ele>1737.6</ele></trkpt>
      <trkpt lat="49.190755" lon="19.741606"><ele>1737.2</ele></trkpt>
      <trkpt lat="49.190739" lon="19.741592"><ele>1736.8</ele></trkpt>
      <trkpt lat="49.190723" lon="19.741560"><ele>1736.4</ele></trkpt>
      <trkpt lat="49.190707" lon="19.741528"><ele>1736.0</ele></trkpt>
      <trkpt lat="49.190682" lon="19.741510"><ele>1735.2</ele></trkpt>
      <trkpt lat="49.190662" lon="19.741507"><ele>1734.4</ele></trkpt>
      <trkpt lat="49.190659" lon="19.741478"><ele>1733.6</ele></trkpt>
      <trkpt lat="49.190650" lon="19.741451"><ele>1733.2</ele></trkpt>
      <trkpt lat="49.190637" lon="19.741429"><ele>1733.0</ele></trkpt>
      <trkpt lat="49.190621" lon="19.741410"><ele>1732.6</ele></trkpt>
      <trkpt lat="49.190608" lon="19.741379"><ele>1732.0</ele></trkpt>
      <trkpt lat="49.190586" lon="19.741354"><ele>1731.0</ele></trkpt>
      <trkpt lat="49.190576" lon="19.741330"><ele>1730.6</ele></trkpt>
      <trkpt lat="49.190557" lon="19.741304"><ele>1730.0</ele></trkpt>
      <trkpt lat="49.190557" lon="19.741275"><ele>1729.4</ele></trkpt>
      <trkpt lat="49.190550" lon="19.741226"><ele>1728.8</ele></trkpt>
      <trkpt lat="49.190541" lon="19.741202"><ele>1728.2</ele></trkpt>
      <trkpt lat="49.190531" lon="19.741170"><ele>1727.4</ele></trkpt>
      <trkpt lat="49.190538" lon="19.741136"><ele>1726.6</ele></trkpt>
      <trkpt lat="49.190547" lon="19.741099"><ele>1726.0</ele></trkpt>
      <trkpt lat="49.190563" lon="19.741070"><ele>1725.6</ele></trkpt>
      <trkpt lat="49.190557" lon="19.741040"><ele>1725.6</ele></trkpt>
      <trkpt lat="49.190538" lon="19.741026"><ele>1725.2</ele></trkpt>
      <trkpt lat="49.190515" lon="19.741024"><ele>1724.8</ele></trkpt>
      <trkpt lat="49.190486" lon="19.741018"><ele>1724.2</ele></trkpt>
      <trkpt lat="49.190470" lon="19.740987"><ele>1723.4</ele></trkpt>
      <trkpt lat="49.190458" lon="19.740963"><ele>1722.8</ele></trkpt>
      <trkpt lat="49.190445" lon="19.740931"><ele>1722.0</ele></trkpt>
      <trkpt lat="49.190451" lon="19.740888"><ele>1721.4</ele></trkpt>
      <trkpt lat="49.190451" lon="19.740848"><ele>1720.0</ele></trkpt>
      <trkpt lat="49.190445" lon="19.740819"><ele>1719.4</ele></trkpt>
      <trkpt lat="49.190432" lon="19.740797"><ele>1719.0</ele></trkpt>
      <trkpt lat="49.190410" lon="19.740770"><ele>1718.0</ele></trkpt>
      <trkpt lat="49.190397" lon="19.740746"><ele>1717.4</ele></trkpt>
      <trkpt lat="49.190381" lon="19.740712"><ele>1716.6</ele></trkpt>
      <trkpt lat="49.190352" lon="19.740696"><ele>1716.0</ele></trkpt>
      <trkpt lat="49.190333" lon="19.740688"><ele>1715.4</ele></trkpt>
      <trkpt lat="49.190310" lon="19.740658"><ele>1714.8</ele></trkpt>
      <trkpt lat="49.190298" lon="19.740627"><ele>1714.0</ele></trkpt>
      <trkpt lat="49.190291" lon="19.740594"><ele>1713.6</ele></trkpt>
      <trkpt lat="49.190285" lon="19.740558"><ele>1713.0</ele></trkpt>
      <trkpt lat="49.190282" lon="19.740522"><ele>1712.6</ele></trkpt>
      <trkpt lat="49.190291" lon="19.740486"><ele>1711.8</ele></trkpt>
      <trkpt lat="49.190307" lon="19.740470"><ele>1711.6</ele></trkpt>
      <trkpt lat="49.190304" lon="19.740440"><ele>1711.2</ele></trkpt>
      <trkpt lat="49.190288" lon="19.740402"><ele>1710.8</ele></trkpt>
      <trkpt lat="49.190272" lon="19.740370"><ele>1710.4</ele></trkpt>
      <trkpt lat="49.190262" lon="19.740333"><ele>1709.8</ele></trkpt>
      <trkpt lat="49.190246" lon="19.740283"><ele>1709.0</ele></trkpt>
      <trkpt lat="49.190259" lon="19.740232"><ele>1708.4</ele></trkpt>
      <trkpt lat="49.190262" lon="19.740197"><ele>1707.6</ele></trkpt>
      <trkpt lat="49.190278" lon="19.740166"><ele>1706.8</ele></trkpt>
      <trkpt lat="49.190282" lon="19.740133"><ele>1706.2</ele></trkpt>
      <trkpt lat="49.190272" lon="19.740088"><ele>1705.6</ele></trkpt>
      <trkpt lat="49.190282" lon="19.740043"><ele>1704.8</ele></trkpt>
      <trkpt lat="49.190291" lon="19.740010"><ele>1703.8</ele></trkpt>
      <trkpt lat="49.190298" lon="19.739979"><ele>1703.2</ele></trkpt>
      <trkpt lat="49.190301" lon="19.739950"><ele>1702.6</ele></trkpt>
      <trkpt lat="49.190301" lon="19.739914"><ele>1702.0</ele></trkpt>
      <trkpt lat="49.190310" lon="19.739883"><ele>1701.6</ele></trkpt>
      <trkpt lat="49.190320" lon="19.739854"><ele>1701.0</ele></trkpt>
      <trkpt lat="49.190330" lon="19.739814"><ele>1700.8</ele></trkpt>
      <trkpt lat="49.190339" lon="19.739784"><ele>1700.2</ele></trkpt>
      <trkpt lat="49.190352" lon="19.739763"><ele>1700.0</ele></trkpt>
      <trkpt lat="49.190365" lon="19.739734"><ele>1699.6</ele></trkpt>
      <trkpt lat="49.190384" lon="19.739704"><ele>1699.4</ele></trkpt>
      <trkpt lat="49.190397" lon="19.739662"><ele>1698.8</ele></trkpt>
      <trkpt lat="49.190410" lon="19.739634"><ele>1698.2</ele></trkpt>
      <trkpt lat="49.190410" lon="19.739600"><ele>1697.6</ele></trkpt>
      <trkpt lat="49.190416" lon="19.739573"><ele>1697.0</ele></trkpt>
      <trkpt lat="49.190432" lon="19.739536"><ele>1696.4</ele></trkpt>
      <trkpt lat="49.190445" lon="19.739502"><ele>1696.0</ele></trkpt>
      <trkpt lat="49.190432" lon="19.739478"><ele>1694.0</ele></trkpt>
      <trkpt lat="49.190416" lon="19.739453"><ele>1693.0</ele></trkpt>
      <trkpt lat="49.190390" lon="19.739451"><ele>1692.4</ele></trkpt>
      <trkpt lat="49.190371" lon="19.739451"><ele>1691.4</ele></trkpt>
      <trkpt lat="49.190352" lon="19.739442"><ele>1690.6</ele></trkpt>
      <trkpt lat="49.190333" lon="19.739427"><ele>1689.8</ele></trkpt>
      <trkpt lat="49.190310" lon="19.739424"><ele>1688.8</ele></trkpt>
      <trkpt lat="49.190291" lon="19.739394"><ele>1688.2</ele></trkpt>
      <trkpt lat="49.190272" lon="19.739370"><ele>1688.0</ele></trkpt>
      <trkpt lat="49.190246" lon="19.739357"><ele>1687.2</ele></trkpt>
      <trkpt lat="49.190227" lon="19.739338"><ele>1686.6</ele></trkpt>
      <trkpt lat="49.190208" lon="19.739307"><ele>1686.2</ele></trkpt>
      <trkpt lat="49.190192" lon="19.739280"><ele>1685.4</ele></trkpt>
      <trkpt lat="49.190192" lon="19.739245"><ele>1684.6</ele></trkpt>
      <trkpt lat="49.190186" lon="19.739208"><ele>1683.8</ele></trkpt>
      <trkpt lat="49.190189" lon="19.739179"><ele>1683.0</ele></trkpt>
      <trkpt lat="49.190189" lon="19.739146"><ele>1682.4</ele></trkpt>
      <trkpt lat="49.190182" lon="19.739109"><ele>1682.0</ele></trkpt>
      <trkpt lat="49.190173" lon="19.739077"><ele>1681.6</ele></trkpt>
      <trkpt lat="49.190170" lon="19.739045"><ele>1681.0</ele></trkpt>
      <trkpt lat="49.190179" lon="19.739014"><ele>1680.2</ele></trkpt>
      <trkpt lat="49.190170" lon="19.738978"><ele>1679.8</ele></trkpt>
      <trkpt lat="49.190170" lon="19.738939"><ele>1679.0</ele></trkpt>
      <trkpt lat="49.190166" lon="19.738909"><ele>1678.6</ele></trkpt>
      <trkpt lat="49.190160" lon="19.738859"><ele>1677.8</ele></trkpt>
      <trkpt lat="49.190160" lon="19.738813"><ele>1677.2</ele></trkpt>
      <trkpt lat="49.190154" lon="19.738782"><ele>1677.0</ele></trkpt>
      <trkpt lat="49.190166" lon="19.738754"><ele>1677.0</ele></trkpt>
      <trkpt lat="49.190173" lon="19.738699"><ele>1676.6</ele></trkpt>
      <trkpt lat="49.190170" lon="19.738651"><ele>1676.0</ele></trkpt>
      <trkpt lat="49.190160" lon="19.738613"><ele>1675.8</ele></trkpt>
      <trkpt lat="49.190154" lon="19.738582"><ele>1675.6</ele></trkpt>
      <trkpt lat="49.190154" lon="19.738554"><ele>1675.2</ele></trkpt>
      <trkpt lat="49.190154" lon="19.738515"><ele>1675.0</ele></trkpt>
      <trkpt lat="49.190150" lon="19.738483"><ele>1674.6</ele></trkpt>
      <trkpt lat="49.190112" lon="19.738482"><ele>1673.0</ele></trkpt>
      <trkpt lat="49.190093" lon="19.738523"><ele>1672.4</ele></trkpt>
      <trkpt lat="49.190074" lon="19.738549"><ele>1671.8</ele></trkpt>
      <trkpt lat="49.190051" lon="19.738581"><ele>1671.2</ele></trkpt>
      <trkpt lat="49.190026" lon="19.738614"><ele>1670.6</ele></trkpt>
      <trkpt lat="49.190010" lon="19.738632"><ele>1670.2</ele></trkpt>
      <trkpt lat="49.189994" lon="19.738658"><ele>1669.8</ele></trkpt>
      <trkpt lat="49.189968" lon="19.738661"><ele>1668.8</ele></trkpt>
      <trkpt lat="49.189946" lon="19.738686"><ele>1668.2</ele></trkpt>
      <trkpt lat="49.189930" lon="19.738717"><ele>1667.6</ele></trkpt>
      <trkpt lat="49.189910" lon="19.738741"><ele>1667.2</ele></trkpt>
      <trkpt lat="49.189891" lon="19.738754"><ele>1666.8</ele></trkpt>
      <trkpt lat="49.189872" lon="19.738762"><ele>1666.2</ele></trkpt>
      <trkpt lat="49.189853" lon="19.738754"><ele>1665.6</ele></trkpt>
      <trkpt lat="49.189827" lon="19.738766"><ele>1665.0</ele></trkpt>
      <trkpt lat="49.189808" lon="19.738773"><ele>1664.6</ele></trkpt>
      <trkpt lat="49.189789" lon="19.738781"><ele>1664.0</ele></trkpt>
      <trkpt lat="49.189770" lon="19.738802"><ele>1663.0</ele></trkpt>
      <trkpt lat="49.189754" lon="19.738821"><ele>1662.4</ele></trkpt>
      <trkpt lat="49.189734" lon="19.738830"><ele>1661.8</ele></trkpt>
      <trkpt lat="49.189715" lon="19.738832"><ele>1661.2</ele></trkpt>
      <trkpt lat="49.189693" lon="19.738840"><ele>1659.6</ele></trkpt>
      <trkpt lat="49.189667" lon="19.738842"><ele>1659.4</ele></trkpt>
      <trkpt lat="49.189645" lon="19.738846"><ele>1659.0</ele></trkpt>
      <trkpt lat="49.189613" lon="19.738846"><ele>1658.6</ele></trkpt>
      <trkpt lat="49.189590" lon="19.738846"><ele>1658.2</ele></trkpt>
      <trkpt lat="49.189565" lon="19.738867"><ele>1657.4</ele></trkpt>
      <trkpt lat="49.189546" lon="19.738882"><ele>1657.0</ele></trkpt>
      <trkpt lat="49.189526" lon="19.738880"><ele>1656.0</ele></trkpt>
      <trkpt lat="49.189504" lon="19.738882"><ele>1655.6</ele></trkpt>
      <trkpt lat="49.189485" lon="19.738912"><ele>1654.8</ele></trkpt>
      <trkpt lat="49.189459" lon="19.738930"><ele>1654.4</ele></trkpt>
      <trkpt lat="49.189437" lon="19.738941"><ele>1653.6</ele></trkpt>
      <trkpt lat="49.189418" lon="19.738950"><ele>1653.4</ele></trkpt>
      <trkpt lat="49.189395" lon="19.738950"><ele>1652.8</ele></trkpt>
      <trkpt lat="49.189376" lon="19.738955"><ele>1652.2</ele></trkpt>
      <trkpt lat="49.189354" lon="19.738974"><ele>1651.6</ele></trkpt>
      <trkpt lat="49.189334" lon="19.738979"><ele>1650.8</ele></trkpt>
      <trkpt lat="49.189312" lon="19.738960"><ele>1649.8</ele></trkpt>
      <trkpt lat="49.189293" lon="19.738952"><ele>1649.0</ele></trkpt>
      <trkpt lat="49.189277" lon="19.738970"><ele>1648.2</ele></trkpt>
      <trkpt lat="49.189254" lon="19.738981"><ele>1647.6</ele></trkpt>
      <trkpt lat="49.189229" lon="19.738995"><ele>1647.0</ele></trkpt>
      <trkpt lat="49.189213" lon="19.738981"><ele>1646.0</ele></trkpt>
      <trkpt lat="49.189190" lon="19.738976"><ele>1644.4</ele></trkpt>
      <trkpt lat="49.189168" lon="19.738971"><ele>1643.4</ele></trkpt>
      <trkpt lat="49.189149" lon="19.738962"><ele>1642.8</ele></trkpt>
      <trkpt lat="49.189133" lon="19.738938"><ele>1642.0</ele></trkpt>
      <trkpt lat="49.189114" lon="19.738912"><ele>1641.2</ele></trkpt>
      <trkpt lat="49.189094" lon="19.738883"><ele>1640.6</ele></trkpt>
      <trkpt lat="49.189091" lon="19.738850"><ele>1639.6</ele></trkpt>
      <trkpt lat="49.189075" lon="19.738826"><ele>1638.2</ele></trkpt>
      <trkpt lat="49.189050" lon="19.738816"><ele>1637.8</ele></trkpt>
      <trkpt lat="49.189030" lon="19.738822"><ele>1637.0</ele></trkpt>
      <trkpt lat="49.189008" lon="19.738832"><ele>1636.2</ele></trkpt>
      <trkpt lat="49.188979" lon="19.738821"><ele>1635.4</ele></trkpt>
      <trkpt lat="49.188954" lon="19.738792"><ele>1634.8</ele></trkpt>
      <trkpt lat="49.188938" lon="19.738763"><ele>1634.0</ele></trkpt>
      <trkpt lat="49.188912" lon="19.738728"><ele>1633.4</ele></trkpt>
      <trkpt lat="49.188890" lon="19.738694"><ele>1632.4</ele></trkpt>
      <trkpt lat="49.188870" lon="19.738686"><ele>1632.0</ele></trkpt>
      <trkpt lat="49.188838" lon="19.738670"><ele>1631.0</ele></trkpt>
      <trkpt lat="49.188816" lon="19.738638"><ele>1630.2</ele></trkpt>
      <trkpt lat="49.188797" lon="19.738605"><ele>1629.2</ele></trkpt>
      <trkpt lat="49.188774" lon="19.738582"><ele>1628.2</ele></trkpt>
      <trkpt lat="49.188758" lon="19.738568"><ele>1627.8</ele></trkpt>
      <trkpt lat="49.188736" lon="19.738522"><ele>1627.0</ele></trkpt>
      <trkpt lat="49.188710" lon="19.738483"><ele>1626.2</ele></trkpt>
      <trkpt lat="49.188691" lon="19.738470"><ele>1625.6</ele></trkpt>
      <trkpt lat="49.188662" lon="19.738446"><ele>1624.8</ele></trkpt>
      <trkpt lat="49.188640" lon="19.738410"><ele>1624.0</ele></trkpt>
      <trkpt lat="49.188614" lon="19.738371"><ele>1623.2</ele></trkpt>
      <trkpt lat="49.188598" lon="19.738352"><ele>1622.8</ele></trkpt>
      <trkpt lat="49.188582" lon="19.738336"><ele>1622.4</ele></trkpt>
      <trkpt lat="49.188557" lon="19.738302"><ele>1621.8</ele></trkpt>
      <trkpt lat="49.188531" lon="19.738267"><ele>1621.2</ele></trkpt>
      <trkpt lat="49.188506" lon="19.738240"><ele>1620.4</ele></trkpt>
      <trkpt lat="49.188493" lon="19.738208"><ele>1619.4</ele></trkpt>
      <trkpt lat="49.188483" lon="19.738182"><ele>1619.0</ele></trkpt>
      <trkpt lat="49.188470" lon="19.738158"><ele>1618.6</ele></trkpt>
      <trkpt lat="49.188445" lon="19.738131"><ele>1617.8</ele></trkpt>
      <trkpt lat="49.188426" lon="19.738101"><ele>1616.6</ele></trkpt>
      <trkpt lat="49.188416" lon="19.738054"><ele>1615.8</ele></trkpt>
      <trkpt lat="49.188403" lon="19.738019"><ele>1615.0</ele></trkpt>
      <trkpt lat="49.188397" lon="19.737984"><ele>1614.2</ele></trkpt>
      <trkpt lat="49.188374" lon="19.737947"><ele>1613.6</ele></trkpt>
      <trkpt lat="49.188358" lon="19.737934"><ele>1613.0</ele></trkpt>
      <trkpt lat="49.188339" lon="19.737909"><ele>1612.0</ele></trkpt>
      <trkpt lat="49.188320" lon="19.737898"><ele>1611.0</ele></trkpt>
      <trkpt lat="49.188301" lon="19.737874"><ele>1610.2</ele></trkpt>
      <trkpt lat="49.188282" lon="19.737840"><ele>1609.2</ele></trkpt>
      <trkpt lat="49.188262" lon="19.737821"><ele>1608.2</ele></trkpt>
      <trkpt lat="49.188237" lon="19.737798"><ele>1607.2</ele></trkpt>
      <trkpt lat="49.188224" lon="19.737774"><ele>1606.2</ele></trkpt>
      <trkpt lat="49.188221" lon="19.737736"><ele>1604.6</ele></trkpt>
      <trkpt lat="49.188195" lon="19.737710"><ele>1603.6</ele></trkpt>
      <trkpt lat="49.188176" lon="19.737691"><ele>1603.4</ele></trkpt>
      <trkpt lat="49.188160" lon="19.737674"><ele>1602.8</ele></trkpt>
      <trkpt lat="49.188128" lon="19.737648"><ele>1602.4</ele></trkpt>
      <trkpt lat="49.188102" lon="19.737619"><ele>1601.8</ele></trkpt>
      <trkpt lat="49.188086" lon="19.737606"><ele>1601.6</ele></trkpt>
      <trkpt lat="49.188067" lon="19.737579"><ele>1601.0</ele></trkpt>
      <trkpt lat="49.188058" lon="19.737552"><ele>1600.4</ele></trkpt>
      <trkpt lat="49.188058" lon="19.737515"><ele>1599.6</ele></trkpt>
      <trkpt lat="49.188058" lon="19.737486"><ele>1598.4</ele></trkpt>
      <trkpt lat="49.188042" lon="19.737462"><ele>1597.8</ele></trkpt>
      <trkpt lat="49.188016" lon="19.737440"><ele>1597.0</ele></trkpt>
      <trkpt lat="49.187997" lon="19.737406"><ele>1596.2</ele></trkpt>
      <trkpt lat="49.188003" lon="19.737370"><ele>1595.4</ele></trkpt>
      <trkpt lat="49.188019" lon="19.737338"><ele>1594.8</ele></trkpt>
      <trkpt lat="49.188016" lon="19.737302"><ele>1594.2</ele></trkpt>
      <trkpt lat="49.187994" lon="19.737294"><ele>1593.4</ele></trkpt>
      <trkpt lat="49.187968" lon="19.737274"><ele>1593.2</ele></trkpt>
      <trkpt lat="49.187955" lon="19.737243"><ele>1593.0</ele></trkpt>
      <trkpt lat="49.187936" lon="19.737219"><ele>1593.0</ele></trkpt>
      <trkpt lat="49.187907" lon="19.737194"><ele>1592.6</ele></trkpt>
      <trkpt lat="49.187869" lon="19.737162"><ele>1592.0</ele></trkpt>
      <trkpt lat="49.187843" lon="19.737123"><ele>1591.8</ele></trkpt>
      <trkpt lat="49.187830" lon="19.737101"><ele>1591.6</ele></trkpt>
      <trkpt lat="49.187821" lon="19.737075"><ele>1591.2</ele></trkpt>
      <trkpt lat="49.187805" lon="19.737022"><ele>1591.0</ele></trkpt>
      <trkpt lat="49.187789" lon="19.736998"><ele>1590.8</ele></trkpt>
      <trkpt lat="49.187779" lon="19.736971"><ele>1590.6</ele></trkpt>
      <trkpt lat="49.187763" lon="19.736944"><ele>1590.4</ele></trkpt>
      <trkpt lat="49.187750" lon="19.736912"><ele>1590.2</ele></trkpt>
      <trkpt lat="49.187738" lon="19.736875"><ele>1590.0</ele></trkpt>
      <trkpt lat="49.187728" lon="19.736846"><ele>1589.8</ele></trkpt>
      <trkpt lat="49.187715" lon="19.736822"><ele>1589.6</ele></trkpt>
      <trkpt lat="49.187699" lon="19.736787"><ele>1589.4</ele></trkpt>
      <trkpt lat="49.187680" lon="19.736754"><ele>1589.2</ele></trkpt>
      <trkpt lat="49.187667" lon="19.736723"><ele>1589.0</ele></trkpt>
      <trkpt lat="49.187661" lon="19.736693"><ele>1588.8</ele></trkpt>
      <trkpt lat="49.187645" lon="19.736654"><ele>1588.8</ele></trkpt>
      <trkpt lat="49.187632" lon="19.736626"><ele>1588.6</ele></trkpt>
      <trkpt lat="49.187619" lon="19.736602"><ele>1588.4</ele></trkpt>
      <trkpt lat="49.187606" lon="19.736579"><ele>1588.4</ele></trkpt>
      <trkpt lat="49.187590" lon="19.736546"><ele>1588.0</ele></trkpt>
      <trkpt lat="49.187578" lon="19.736525"><ele>1587.8</ele></trkpt>
      <trkpt lat="49.187565" lon="19.736504"><ele>1587.6</ele></trkpt>
      <trkpt lat="49.187549" lon="19.736453"><ele>1587.0</ele></trkpt>
      <trkpt lat="49.187530" lon="19.736421"><ele>1586.4</ele></trkpt>
      <trkpt lat="49.187510" lon="19.736389"><ele>1586.0</ele></trkpt>
      <trkpt lat="49.187491" lon="19.736355"><ele>1585.4</ele></trkpt>
      <trkpt lat="49.187482" lon="19.736331"><ele>1585.2</ele></trkpt>
      <trkpt lat="49.187462" lon="19.736291"><ele>1584.6</ele></trkpt>
      <trkpt lat="49.187446" lon="19.736274"><ele>1584.2</ele></trkpt>
      <trkpt lat="49.187421" lon="19.736240"><ele>1583.4</ele></trkpt>
      <trkpt lat="49.187408" lon="19.736218"><ele>1583.2</ele></trkpt>
      <trkpt lat="49.187392" lon="19.736181"><ele>1582.4</ele></trkpt>
      <trkpt lat="49.187373" lon="19.736130"><ele>1582.0</ele></trkpt>
      <trkpt lat="49.187363" lon="19.736091"><ele>1581.6</ele></trkpt>
      <trkpt lat="49.187334" lon="19.736061"><ele>1581.2</ele></trkpt>
      <trkpt lat="49.187309" lon="19.736022"><ele>1580.6</ele></trkpt>
      <trkpt lat="49.187290" lon="19.736013"><ele>1580.4</ele></trkpt>
      <trkpt lat="49.187270" lon="19.736000"><ele>1580.2</ele></trkpt>
      <trkpt lat="49.187235" lon="19.735990"><ele>1579.6</ele></trkpt>
      <trkpt lat="49.187206" lon="19.735970"><ele>1579.0</ele></trkpt>
      <trkpt lat="49.187194" lon="19.735941"><ele>1578.2</ele></trkpt>
      <trkpt lat="49.187171" lon="19.735914"><ele>1577.4</ele></trkpt>
      <trkpt lat="49.187152" lon="19.735894"><ele>1576.8</ele></trkpt>
      <trkpt lat="49.187133" lon="19.735872"><ele>1576.2</ele></trkpt>
      <trkpt lat="49.187110" lon="19.735850"><ele>1575.6</ele></trkpt>
      <trkpt lat="49.187088" lon="19.735821"><ele>1575.0</ele></trkpt>
      <trkpt lat="49.187066" lon="19.735784"><ele>1574.4</ele></trkpt>
      <trkpt lat="49.187050" lon="19.735771"><ele>1574.2</ele></trkpt>
      <trkpt lat="49.187014" lon="19.735758"><ele>1573.8</ele></trkpt>
      <trkpt lat="49.186992" lon="19.735728"><ele>1573.2</ele></trkpt>
      <trkpt lat="49.186976" lon="19.735701"><ele>1572.4</ele></trkpt>
      <trkpt lat="49.186957" lon="19.735662"><ele>1571.8</ele></trkpt>
      <trkpt lat="49.186931" lon="19.735635"><ele>1571.0</ele></trkpt>
      <trkpt lat="49.186906" lon="19.735600"><ele>1570.2</ele></trkpt>
      <trkpt lat="49.186883" lon="19.735581"><ele>1569.2</ele></trkpt>
      <trkpt lat="49.186870" lon="19.735557"><ele>1568.4</ele></trkpt>
      <trkpt lat="49.186854" lon="19.735525"><ele>1567.6</ele></trkpt>
      <trkpt lat="49.186848" lon="19.735494"><ele>1567.2</ele></trkpt>
      <trkpt lat="49.186842" lon="19.735464"><ele>1566.6</ele></trkpt>
      <trkpt lat="49.186826" lon="19.735443"><ele>1566.2</ele></trkpt>
      <trkpt lat="49.186806" lon="19.735408"><ele>1565.8</ele></trkpt>
      <trkpt lat="49.186803" lon="19.735363"><ele>1565.6</ele></trkpt>
      <trkpt lat="49.186790" lon="19.735338"><ele>1565.4</ele></trkpt>
      <trkpt lat="49.186784" lon="19.735306"><ele>1565.0</ele></trkpt>
      <trkpt lat="49.186787" lon="19.735264"><ele>1564.6</ele></trkpt>
      <trkpt lat="49.186787" lon="19.735234"><ele>1564.4</ele></trkpt>
      <trkpt lat="49.186774" lon="19.735194"><ele>1564.2</ele></trkpt>
      <trkpt lat="49.186771" lon="19.735162"><ele>1563.8</ele></trkpt>
      <trkpt lat="49.186755" lon="19.735130"><ele>1563.4</ele></trkpt>
      <trkpt lat="49.186746" lon="19.735104"><ele>1562.6</ele></trkpt>
      <trkpt lat="49.186730" lon="19.735070"><ele>1561.6</ele></trkpt>
      <trkpt lat="49.186710" lon="19.735043"><ele>1561.4</ele></trkpt>
      <trkpt lat="49.186694" lon="19.735024"><ele>1561.2</ele></trkpt>
      <trkpt lat="49.186675" lon="19.734984"><ele>1561.2</ele></trkpt>
      <trkpt lat="49.186666" lon="19.734938"><ele>1561.0</ele></trkpt>
      <trkpt lat="49.186666" lon="19.734907"><ele>1561.0</ele></trkpt>
      <trkpt lat="49.186656" lon="19.734875"><ele>1560.8</ele></trkpt>
      <trkpt lat="49.186650" lon="19.734845"><ele>1560.6</ele></trkpt>
      <trkpt lat="49.186634" lon="19.734819"><ele>1560.4</ele></trkpt>
      <trkpt lat="49.186624" lon="19.734790"><ele>1559.8</ele></trkpt>
      <trkpt lat="49.186605" lon="19.734766"><ele>1559.4</ele></trkpt>
      <trkpt lat="49.186589" lon="19.734746"><ele>1558.8</ele></trkpt>
      <trkpt lat="49.186573" lon="19.734720"><ele>1558.2</ele></trkpt>
      <trkpt lat="49.186554" lon="19.734706"><ele>1557.8</ele></trkpt>
      <trkpt lat="49.186534" lon="19.734686"><ele>1557.4</ele></trkpt>
      <trkpt lat="49.186515" lon="19.734653"><ele>1556.6</ele></trkpt>
      <trkpt lat="49.186496" lon="19.734619"><ele>1556.2</ele></trkpt>
      <trkpt lat="49.186480" lon="19.734587"><ele>1555.6</ele></trkpt>
      <trkpt lat="49.186458" lon="19.734558"><ele>1555.2</ele></trkpt>
      <trkpt lat="49.186435" lon="19.734523"><ele>1555.0</ele></trkpt>
      <trkpt lat="49.186419" lon="19.734488"><ele>1554.6</ele></trkpt>
      <trkpt lat="49.186413" lon="19.734458"><ele>1554.2</ele></trkpt>
      <trkpt lat="49.186406" lon="19.734421"><ele>1553.6</ele></trkpt>
      <trkpt lat="49.186381" lon="19.734382"><ele>1553.2</ele></trkpt>
      <trkpt lat="49.186371" lon="19.734355"><ele>1553.0</ele></trkpt>
      <trkpt lat="49.186352" lon="19.734309"><ele>1552.8</ele></trkpt>
      <trkpt lat="49.186339" lon="19.734280"><ele>1552.6</ele></trkpt>
      <trkpt lat="49.186336" lon="19.734253"><ele>1552.6</ele></trkpt>
      <trkpt lat="49.186326" lon="19.734222"><ele>1552.2</ele></trkpt>
      <trkpt lat="49.186314" lon="19.734195"><ele>1552.0</ele></trkpt>
      <trkpt lat="49.186298" lon="19.734170"><ele>1551.8</ele></trkpt>
      <trkpt lat="49.186288" lon="19.734136"><ele>1551.6</ele></trkpt>
      <trkpt lat="49.186275" lon="19.734082"><ele>1551.2</ele></trkpt>
      <trkpt lat="49.186269" lon="19.734054"><ele>1551.0</ele></trkpt>
      <trkpt lat="49.186256" lon="19.734027"><ele>1550.8</ele></trkpt>
      <trkpt lat="49.186240" lon="19.734006"><ele>1550.6</ele></trkpt>
      <trkpt lat="49.186234" lon="19.733978"><ele>1550.4</ele></trkpt>
      <trkpt lat="49.186221" lon="19.733944"><ele>1550.2</ele></trkpt>
      <trkpt lat="49.186214" lon="19.733902"><ele>1550.0</ele></trkpt>
      <trkpt lat="49.186211" lon="19.733867"><ele>1550.0</ele></trkpt>
      <trkpt lat="49.186208" lon="19.733834"><ele>1550.0</ele></trkpt>
      <trkpt lat="49.186198" lon="19.733795"><ele>1549.8</ele></trkpt>
      <trkpt lat="49.186195" lon="19.733763"><ele>1549.8</ele></trkpt>
      <trkpt lat="49.186198" lon="19.733717"><ele>1549.6</ele></trkpt>
      <trkpt lat="49.186195" lon="19.733690"><ele>1549.4</ele></trkpt>
      <trkpt lat="49.186195" lon="19.733658"><ele>1549.4</ele></trkpt>
      <trkpt lat="49.186192" lon="19.733629"><ele>1549.4</ele></trkpt>
      <trkpt lat="49.186176" lon="19.733573"><ele>1549.2</ele></trkpt>
      <trkpt lat="49.186170" lon="19.733539"><ele>1549.2</ele></trkpt>
      <trkpt lat="49.186170" lon="19.733509"><ele>1549.0</ele></trkpt>
      <trkpt lat="49.186166" lon="19.733477"><ele>1549.0</ele></trkpt>
      <trkpt lat="49.186157" lon="19.733442"><ele>1548.8</ele></trkpt>
      <trkpt lat="49.186150" lon="19.733405"><ele>1548.6</ele></trkpt>
      <trkpt lat="49.186147" lon="19.733376"><ele>1548.6</ele></trkpt>
      <trkpt lat="49.186141" lon="19.733342"><ele>1548.4</ele></trkpt>
      <trkpt lat="49.186134" lon="19.733301"><ele>1548.0</ele></trkpt>
      <trkpt lat="49.186118" lon="19.733246"><ele>1547.8</ele></trkpt>
      <trkpt lat="49.186112" lon="19.733219"><ele>1547.4</ele></trkpt>
      <trkpt lat="49.186099" lon="19.733173"><ele>1547.0</ele></trkpt>
      <trkpt lat="49.186093" lon="19.733141"><ele>1546.8</ele></trkpt>
      <trkpt lat="49.186090" lon="19.733112"><ele>1546.8</ele></trkpt>
      <trkpt lat="49.186080" lon="19.733078"><ele>1546.6</ele></trkpt>
      <trkpt lat="49.186070" lon="19.733042"><ele>1546.2</ele></trkpt>
      <trkpt lat="49.186061" lon="19.733010"><ele>1546.0</ele></trkpt>
      <trkpt lat="49.186061" lon="19.732979"><ele>1545.8</ele></trkpt>
      <trkpt lat="49.186054" lon="19.732944"><ele>1545.6</ele></trkpt>
      <trkpt lat="49.186048" lon="19.732912"><ele>1545.4</ele></trkpt>
      <trkpt lat="49.186048" lon="19.732872"><ele>1544.8</ele></trkpt>
      <trkpt lat="49.186035" lon="19.732826"><ele>1544.2</ele></trkpt>
      <trkpt lat="49.186016" lon="19.732776"><ele>1544.0</ele></trkpt>
      <trkpt lat="49.186016" lon="19.732730"><ele>1543.8</ele></trkpt>
      <trkpt lat="49.185997" lon="19.732690"><ele>1543.4</ele></trkpt>
      <trkpt lat="49.185990" lon="19.732653"><ele>1543.0</ele></trkpt>
      <trkpt lat="49.185981" lon="19.732621"><ele>1542.0</ele></trkpt>
      <trkpt lat="49.185962" lon="19.732590"><ele>1541.6</ele></trkpt>
      <trkpt lat="49.185942" lon="19.732544"><ele>1541.2</ele></trkpt>
      <trkpt lat="49.185936" lon="19.732512"><ele>1541.0</ele></trkpt>
      <trkpt lat="49.185923" lon="19.732486"><ele>1540.8</ele></trkpt>
      <trkpt lat="49.185910" lon="19.732427"><ele>1540.2</ele></trkpt>
      <trkpt lat="49.185901" lon="19.732398"><ele>1540.0</ele></trkpt>
      <trkpt lat="49.185901" lon="19.732365"><ele>1539.6</ele></trkpt>
      <trkpt lat="49.185898" lon="19.732330"><ele>1539.2</ele></trkpt>
      <trkpt lat="49.185898" lon="19.732299"><ele>1539.0</ele></trkpt>
      <trkpt lat="49.185898" lon="19.732262"><ele>1538.8</ele></trkpt>
      <trkpt lat="49.185898" lon="19.732234"><ele>1538.4</ele></trkpt>
      <trkpt lat="49.185898" lon="19.732198"><ele>1537.8</ele></trkpt>
      <trkpt lat="49.185891" lon="19.732155"><ele>1537.2</ele></trkpt>
      <trkpt lat="49.185885" lon="19.732107"><ele>1536.8</ele></trkpt>
      <trkpt lat="49.185875" lon="19.732058"><ele>1536.6</ele></trkpt>
      <trkpt lat="49.185869" lon="19.732030"><ele>1536.4</ele></trkpt>
      <trkpt lat="49.185872" lon="19.731987"><ele>1535.8</ele></trkpt>
      <trkpt lat="49.185862" lon="19.731942"><ele>1535.4</ele></trkpt>
      <trkpt lat="49.185853" lon="19.731906"><ele>1534.6</ele></trkpt>
      <trkpt lat="49.185840" lon="19.731859"><ele>1533.8</ele></trkpt>
      <trkpt lat="49.185837" lon="19.731819"><ele>1532.8</ele></trkpt>
      <trkpt lat="49.185824" lon="19.731779"><ele>1532.0</ele></trkpt>
      <trkpt lat="49.185798" lon="19.731754"><ele>1531.2</ele></trkpt>
      <trkpt lat="49.185789" lon="19.731704"><ele>1530.2</ele></trkpt>
      <trkpt lat="49.185782" lon="19.731674"><ele>1530.0</ele></trkpt>
      <trkpt lat="49.185770" lon="19.731645"><ele>1529.6</ele></trkpt>
      <trkpt lat="49.185760" lon="19.731621"><ele>1529.2</ele></trkpt>
      <trkpt lat="49.185770" lon="19.731581"><ele>1528.2</ele></trkpt>
      <trkpt lat="49.185757" lon="19.731552"><ele>1526.6</ele></trkpt>
      <trkpt lat="49.185744" lon="19.731528"><ele>1525.8</ele></trkpt>
      <trkpt lat="49.185731" lon="19.731488"><ele>1525.0</ele></trkpt>
      <trkpt lat="49.185722" lon="19.731462"><ele>1524.8</ele></trkpt>
      <trkpt lat="49.185722" lon="19.731422"><ele>1523.8</ele></trkpt>
      <trkpt lat="49.185731" lon="19.731395"><ele>1523.4</ele></trkpt>
      <trkpt lat="49.185731" lon="19.731344"><ele>1522.4</ele></trkpt>
      <trkpt lat="49.185722" lon="19.731317"><ele>1522.0</ele></trkpt>
      <trkpt lat="49.185715" lon="19.731290"><ele>1521.6</ele></trkpt>
      <trkpt lat="49.185699" lon="19.731243"><ele>1520.6</ele></trkpt>
      <trkpt lat="49.185683" lon="19.731213"><ele>1520.0</ele></trkpt>
      <trkpt lat="49.185670" lon="19.731176"><ele>1519.6</ele></trkpt>
      <trkpt lat="49.185654" lon="19.731146"><ele>1519.0</ele></trkpt>
      <trkpt lat="49.185638" lon="19.731112"><ele>1518.4</ele></trkpt>
      <trkpt lat="49.185626" lon="19.731083"><ele>1518.0</ele></trkpt>
      <trkpt lat="49.185616" lon="19.731058"><ele>1517.6</ele></trkpt>
      <trkpt lat="49.185594" lon="19.731019"><ele>1516.6</ele></trkpt>
      <trkpt lat="49.185581" lon="19.730998"><ele>1516.0</ele></trkpt>
      <trkpt lat="49.185581" lon="19.730949"><ele>1514.8</ele></trkpt>
      <trkpt lat="49.185581" lon="19.730896"><ele>1513.6</ele></trkpt>
      <trkpt lat="49.185581" lon="19.730867"><ele>1513.2</ele></trkpt>
      <trkpt lat="49.185578" lon="19.730835"><ele>1512.6</ele></trkpt>
      <trkpt lat="49.185574" lon="19.730803"><ele>1512.2</ele></trkpt>
      <trkpt lat="49.185571" lon="19.730773"><ele>1511.8</ele></trkpt>
      <trkpt lat="49.185558" lon="19.730744"><ele>1511.2</ele></trkpt>
      <trkpt lat="49.185542" lon="19.730698"><ele>1510.4</ele></trkpt>
      <trkpt lat="49.185523" lon="19.730658"><ele>1509.4</ele></trkpt>
      <trkpt lat="49.185514" lon="19.730621"><ele>1508.2</ele></trkpt>
      <trkpt lat="49.185504" lon="19.730578"><ele>1507.2</ele></trkpt>
      <trkpt lat="49.185501" lon="19.730526"><ele>1506.2</ele></trkpt>
      <trkpt lat="49.185498" lon="19.730499"><ele>1506.0</ele></trkpt>
      <trkpt lat="49.185494" lon="19.730467"><ele>1505.4</ele></trkpt>
      <trkpt lat="49.185494" lon="19.730437"><ele>1505.2</ele></trkpt>
      <trkpt lat="49.185498" lon="19.730382"><ele>1504.2</ele></trkpt>
      <trkpt lat="49.185485" lon="19.730338"><ele>1503.4</ele></trkpt>
      <trkpt lat="49.185478" lon="19.730310"><ele>1502.8</ele></trkpt>
      <trkpt lat="49.185475" lon="19.730282"><ele>1502.4</ele></trkpt>
      <trkpt lat="49.185478" lon="19.730240"><ele>1501.6</ele></trkpt>
      <trkpt lat="49.185478" lon="19.730192"><ele>1500.8</ele></trkpt>
      <trkpt lat="49.185491" lon="19.730168"><ele>1499.8</ele></trkpt>
      <trkpt lat="49.185491" lon="19.730139"><ele>1498.8</ele></trkpt>
      <trkpt lat="49.185475" lon="19.730098"><ele>1497.8</ele></trkpt>
      <trkpt lat="49.185478" lon="19.730064"><ele>1496.2</ele></trkpt>
      <trkpt lat="49.185466" lon="19.730021"><ele>1494.8</ele></trkpt>
      <trkpt lat="49.185462" lon="19.729989"><ele>1493.8</ele></trkpt>
      <trkpt lat="49.185453" lon="19.729957"><ele>1493.0</ele></trkpt>
      <trkpt lat="49.185446" lon="19.729915"><ele>1492.6</ele></trkpt>
      <trkpt lat="49.185440" lon="19.729872"><ele>1492.0</ele></trkpt>
      <trkpt lat="49.185440" lon="19.729842"><ele>1491.4</ele></trkpt>
      <trkpt lat="49.185427" lon="19.729802"><ele>1490.6</ele></trkpt>
      <trkpt lat="49.185424" lon="19.729760"><ele>1489.8</ele></trkpt>
      <trkpt lat="49.185418" lon="19.729714"><ele>1488.8</ele></trkpt>
      <trkpt lat="49.185414" lon="19.729664"><ele>1488.0</ele></trkpt>
      <trkpt lat="49.185398" lon="19.729614"><ele>1487.0</ele></trkpt>
      <trkpt lat="49.185386" lon="19.729592"><ele>1486.4</ele></trkpt>
      <trkpt lat="49.185382" lon="19.729565"><ele>1486.0</ele></trkpt>
      <trkpt lat="49.185379" lon="19.729534"><ele>1485.4</ele></trkpt>
      <trkpt lat="49.185386" lon="19.729483"><ele>1484.4</ele></trkpt>
      <trkpt lat="49.185392" lon="19.729456"><ele>1484.0</ele></trkpt>
      <trkpt lat="49.185395" lon="19.729410"><ele>1483.0</ele></trkpt>
      <trkpt lat="49.185395" lon="19.729381"><ele>1482.6</ele></trkpt>
      <trkpt lat="49.185402" lon="19.729336"><ele>1481.6</ele></trkpt>
      <trkpt lat="49.185402" lon="19.729301"><ele>1480.8</ele></trkpt>
      <trkpt lat="49.185405" lon="19.729261"><ele>1480.0</ele></trkpt>
      <trkpt lat="49.185405" lon="19.729229"><ele>1479.2</ele></trkpt>
      <trkpt lat="49.185392" lon="19.729192"><ele>1478.2</ele></trkpt>
      <trkpt lat="49.185386" lon="19.729149"><ele>1477.2</ele></trkpt>
      <trkpt lat="49.185395" lon="19.729099"><ele>1476.4</ele></trkpt>
      <trkpt lat="49.185398" lon="19.729059"><ele>1476.0</ele></trkpt>
      <trkpt lat="49.185402" lon="19.729032"><ele>1475.6</ele></trkpt>
      <trkpt lat="49.185402" lon="19.728982"><ele>1475.0</ele></trkpt>
      <trkpt lat="49.185402" lon="19.728914"><ele>1474.2</ele></trkpt>
      <trkpt lat="49.185392" lon="19.728867"><ele>1473.2</ele></trkpt>
      <trkpt lat="49.185379" lon="19.728821"><ele>1472.4</ele></trkpt>
      <trkpt lat="49.185357" lon="19.728789"><ele>1471.6</ele></trkpt>
      <trkpt lat="49.185344" lon="19.728738"><ele>1470.8</ele></trkpt>
      <trkpt lat="49.185341" lon="19.728710"><ele>1470.2</ele></trkpt>
      <trkpt lat="49.185334" lon="19.728672"><ele>1469.2</ele></trkpt>
      <trkpt lat="49.185325" lon="19.728626"><ele>1468.4</ele></trkpt>
      <trkpt lat="49.185322" lon="19.728592"><ele>1467.8</ele></trkpt>
      <trkpt lat="49.185322" lon="19.728555"><ele>1467.4</ele></trkpt>
      <trkpt lat="49.185318" lon="19.728517"><ele>1467.0</ele></trkpt>
      <trkpt lat="49.185315" lon="19.728483"><ele>1466.6</ele></trkpt>
      <trkpt lat="49.185322" lon="19.728454"><ele>1466.0</ele></trkpt>
      <trkpt lat="49.185306" lon="19.728406"><ele>1465.0</ele></trkpt>
      <trkpt lat="49.185302" lon="19.728360"><ele>1464.4</ele></trkpt>
      <trkpt lat="49.185286" lon="19.728326"><ele>1464.0</ele></trkpt>
      <trkpt lat="49.185280" lon="19.728291"><ele>1463.4</ele></trkpt>
      <trkpt lat="49.185274" lon="19.728264"><ele>1463.0</ele></trkpt>
      <trkpt lat="49.185258" lon="19.728208"><ele>1462.4</ele></trkpt>
      <trkpt lat="49.185245" lon="19.728182"><ele>1462.0</ele></trkpt>
      <trkpt lat="49.185235" lon="19.728142"><ele>1461.2</ele></trkpt>
      <trkpt lat="49.185226" lon="19.728109"><ele>1460.8</ele></trkpt>
      <trkpt lat="49.185235" lon="19.728085"><ele>1460.2</ele></trkpt>
      <trkpt lat="49.185245" lon="19.728058"><ele>1459.8</ele></trkpt>
      <trkpt lat="49.185235" lon="19.728034"><ele>1459.2</ele></trkpt>
      <trkpt lat="49.185219" lon="19.728014"><ele>1458.8</ele></trkpt>
      <trkpt lat="49.185206" lon="19.727984"><ele>1458.2</ele></trkpt>
      <trkpt lat="49.185203" lon="19.727941"><ele>1457.6</ele></trkpt>
      <trkpt lat="49.185197" lon="19.727896"><ele>1456.8</ele></trkpt>
      <trkpt lat="49.185187" lon="19.727866"><ele>1456.4</ele></trkpt>
      <trkpt lat="49.185184" lon="19.727818"><ele>1455.6</ele></trkpt>
      <trkpt lat="49.185181" lon="19.727790"><ele>1455.2</ele></trkpt>
      <trkpt lat="49.185178" lon="19.727758"><ele>1454.6</ele></trkpt>
      <trkpt lat="49.185187" lon="19.727726"><ele>1453.8</ele></trkpt>
      <trkpt lat="49.185187" lon="19.727691"><ele>1453.2</ele></trkpt>
      <trkpt lat="49.185187" lon="19.727646"><ele>1452.6</ele></trkpt>
      <trkpt lat="49.185184" lon="19.727619"><ele>1452.2</ele></trkpt>
      <trkpt lat="49.185181" lon="19.727573"><ele>1451.6</ele></trkpt>
      <trkpt lat="49.185178" lon="19.727528"><ele>1451.0</ele></trkpt>
      <trkpt lat="49.185181" lon="19.727490"><ele>1450.4</ele></trkpt>
      <trkpt lat="49.185178" lon="19.727450"><ele>1449.6</ele></trkpt>
      <trkpt lat="49.185165" lon="19.727418"><ele>1449.2</ele></trkpt>
      <trkpt lat="49.185155" lon="19.727387"><ele>1448.8</ele></trkpt>
      <trkpt lat="49.185139" lon="19.727360"><ele>1448.2</ele></trkpt>
      <trkpt lat="49.185136" lon="19.727315"><ele>1447.0</ele></trkpt>
      <trkpt lat="49.185142" lon="19.727280"><ele>1445.8</ele></trkpt>
      <trkpt lat="49.185142" lon="19.727251"><ele>1444.8</ele></trkpt>
      <trkpt lat="49.185142" lon="19.727213"><ele>1443.2</ele></trkpt>
      <trkpt lat="49.185130" lon="19.727192"><ele>1441.6</ele></trkpt>
      <trkpt lat="49.185107" lon="19.727195"><ele>1440.6</ele></trkpt>
      <trkpt lat="49.185123" lon="19.727210"><ele>1440.2</ele></trkpt>
      <trkpt lat="49.185136" lon="19.727184"><ele>1440.0</ele></trkpt>
      <trkpt lat="49.185120" lon="19.727157"><ele>1439.2</ele></trkpt>
      <trkpt lat="49.185126" lon="19.727123"><ele>1438.6</ele></trkpt>
      <trkpt lat="49.185123" lon="19.727091"><ele>1438.2</ele></trkpt>
      <trkpt lat="49.185110" lon="19.727056"><ele>1437.4</ele></trkpt>
      <trkpt lat="49.185098" lon="19.727035"><ele>1436.4</ele></trkpt>
      <trkpt lat="49.185082" lon="19.727018"><ele>1436.0</ele></trkpt>
      <trkpt lat="49.185075" lon="19.726974"><ele>1435.0</ele></trkpt>
      <trkpt lat="49.185069" lon="19.726933"><ele>1434.2</ele></trkpt>
      <trkpt lat="49.185059" lon="19.726906"><ele>1433.8</ele></trkpt>
      <trkpt lat="49.185046" lon="19.726885"><ele>1433.4</ele></trkpt>
      <trkpt lat="49.185040" lon="19.726856"><ele>1432.2</ele></trkpt>
      <trkpt lat="49.185043" lon="19.726813"><ele>1431.2</ele></trkpt>
      <trkpt lat="49.185027" lon="19.726768"><ele>1430.8</ele></trkpt>
      <trkpt lat="49.185018" lon="19.726734"><ele>1430.2</ele></trkpt>
      <trkpt lat="49.185037" lon="19.726704"><ele>1429.6</ele></trkpt>
      <trkpt lat="49.185043" lon="19.726658"><ele>1429.2</ele></trkpt>
      <trkpt lat="49.185046" lon="19.726624"><ele>1428.8</ele></trkpt>
      <trkpt lat="49.185043" lon="19.726574"><ele>1428.2</ele></trkpt>
      <trkpt lat="49.185040" lon="19.726534"><ele>1427.6</ele></trkpt>
      <trkpt lat="49.185030" lon="19.726506"><ele>1427.0</ele></trkpt>
      <trkpt lat="49.185021" lon="19.726475"><ele>1426.4</ele></trkpt>
      <trkpt lat="49.185005" lon="19.726446"><ele>1424.6</ele></trkpt>
      <trkpt lat="49.185002" lon="19.726390"><ele>1424.0</ele></trkpt>
      <trkpt lat="49.184989" lon="19.726365"><ele>1423.6</ele></trkpt>
      <trkpt lat="49.184976" lon="19.726318"><ele>1423.6</ele></trkpt>
      <trkpt lat="49.184982" lon="19.726272"><ele>1422.6</ele></trkpt>
      <trkpt lat="49.184986" lon="19.726238"><ele>1422.0</ele></trkpt>
      <trkpt lat="49.184982" lon="19.726192"><ele>1420.8</ele></trkpt>
      <trkpt lat="49.184979" lon="19.726158"><ele>1420.2</ele></trkpt>
      <trkpt lat="49.184979" lon="19.726123"><ele>1419.6</ele></trkpt>
      <trkpt lat="49.184979" lon="19.726080"><ele>1418.4</ele></trkpt>
      <trkpt lat="49.184966" lon="19.726043"><ele>1417.4</ele></trkpt>
      <trkpt lat="49.184947" lon="19.726022"><ele>1416.8</ele></trkpt>
      <trkpt lat="49.184928" lon="19.726010"><ele>1415.2</ele></trkpt>
      <trkpt lat="49.184909" lon="19.726005"><ele>1414.6</ele></trkpt>
      <trkpt lat="49.184890" lon="19.725989"><ele>1413.8</ele></trkpt>
      <trkpt lat="49.184870" lon="19.725955"><ele>1413.0</ele></trkpt>
      <trkpt lat="49.184861" lon="19.725930"><ele>1412.4</ele></trkpt>
      <trkpt lat="49.184845" lon="19.725915"><ele>1411.6</ele></trkpt>
      <trkpt lat="49.184819" lon="19.725901"><ele>1410.8</ele></trkpt>
      <trkpt lat="49.184784" lon="19.725885"><ele>1410.2</ele></trkpt>
      <trkpt lat="49.184752" lon="19.725878"><ele>1409.6</ele></trkpt>
      <trkpt lat="49.184733" lon="19.725862"><ele>1409.0</ele></trkpt>
      <trkpt lat="49.184723" lon="19.725838"><ele>1408.6</ele></trkpt>
      <trkpt lat="49.184707" lon="19.725813"><ele>1408.2</ele></trkpt>
      <trkpt lat="49.184698" lon="19.725784"><ele>1407.8</ele></trkpt>
      <trkpt lat="49.184685" lon="19.725757"><ele>1407.2</ele></trkpt>
      <trkpt lat="49.184672" lon="19.725730"><ele>1406.8</ele></trkpt>
      <trkpt lat="49.184630" lon="19.725668"><ele>1405.8</ele></trkpt>
      <trkpt lat="49.184602" lon="19.725635"><ele>1404.8</ele></trkpt>
      <trkpt lat="49.184579" lon="19.725606"><ele>1404.2</ele></trkpt>
      <trkpt lat="49.184536" lon="19.725551"><ele>1403.0</ele></trkpt>
      <trkpt lat="49.184506" lon="19.725498"><ele>1401.6</ele></trkpt>
      <trkpt lat="49.184490" lon="19.725466"><ele>1401.0</ele></trkpt>
      <trkpt lat="49.184474" lon="19.725451"><ele>1400.4</ele></trkpt>
      <trkpt lat="49.184454" lon="19.725426"><ele>1399.6</ele></trkpt>
      <trkpt lat="49.184442" lon="19.725405"><ele>1399.2</ele></trkpt>
      <trkpt lat="49.184426" lon="19.725387"><ele>1398.8</ele></trkpt>
      <trkpt lat="49.184410" lon="19.725374"><ele>1398.4</ele></trkpt>
      <trkpt lat="49.184394" lon="19.725357"><ele>1398.0</ele></trkpt>
      <trkpt lat="49.184374" lon="19.725338"><ele>1397.8</ele></trkpt>
      <trkpt lat="49.184349" lon="19.725302"><ele>1397.2</ele></trkpt>
      <trkpt lat="49.184326" lon="19.725258"><ele>1396.6</ele></trkpt>
      <trkpt lat="49.184314" lon="19.725234"><ele>1396.2</ele></trkpt>
      <trkpt lat="49.184294" lon="19.725187"><ele>1395.6</ele></trkpt>
      <trkpt lat="49.184272" lon="19.725154"><ele>1394.8</ele></trkpt>
      <trkpt lat="49.184250" lon="19.725114"><ele>1394.2</ele></trkpt>
      <trkpt lat="49.184240" lon="19.725088"><ele>1394.0</ele></trkpt>
      <trkpt lat="49.184214" lon="19.725051"><ele>1393.2</ele></trkpt>
      <trkpt lat="49.184205" lon="19.725026"><ele>1392.8</ele></trkpt>
      <trkpt lat="49.184195" lon="19.724995"><ele>1392.6</ele></trkpt>
      <trkpt lat="49.184189" lon="19.724965"><ele>1392.2</ele></trkpt>
      <trkpt lat="49.184173" lon="19.724946"><ele>1392.0</ele></trkpt>
      <trkpt lat="49.184157" lon="19.724925"><ele>1391.4</ele></trkpt>
      <trkpt lat="49.184144" lon="19.724896"><ele>1391.2</ele></trkpt>
      <trkpt lat="49.184128" lon="19.724861"><ele>1390.8</ele></trkpt>
      <trkpt lat="49.184122" lon="19.724827"><ele>1390.4</ele></trkpt>
      <trkpt lat="49.184112" lon="19.724800"><ele>1390.0</ele></trkpt>
      <trkpt lat="49.184090" lon="19.724754"><ele>1389.4</ele></trkpt>
      <trkpt lat="49.184074" lon="19.724738"><ele>1389.0</ele></trkpt>
      <trkpt lat="49.184058" lon="19.724712"><ele>1388.6</ele></trkpt>
      <trkpt lat="49.184048" lon="19.724688"><ele>1388.2</ele></trkpt>
      <trkpt lat="49.184032" lon="19.724661"><ele>1387.8</ele></trkpt>
      <trkpt lat="49.184013" lon="19.724634"><ele>1387.4</ele></trkpt>
      <trkpt lat="49.183990" lon="19.724613"><ele>1387.0</ele></trkpt>
      <trkpt lat="49.183974" lon="19.724598"><ele>1386.8</ele></trkpt>
      <trkpt lat="49.183958" lon="19.724570"><ele>1386.4</ele></trkpt>
      <trkpt lat="49.183952" lon="19.724530"><ele>1386.0</ele></trkpt>
      <trkpt lat="49.183930" lon="19.724485"><ele>1385.2</ele></trkpt>
      <trkpt lat="49.183914" lon="19.724454"><ele>1384.8</ele></trkpt>
      <trkpt lat="49.183894" lon="19.724406"><ele>1384.2</ele></trkpt>
      <trkpt lat="49.183875" lon="19.724389"><ele>1383.8</ele></trkpt>
      <trkpt lat="49.183853" lon="19.724373"><ele>1383.4</ele></trkpt>
      <trkpt lat="49.183834" lon="19.724352"><ele>1382.8</ele></trkpt>
      <trkpt lat="49.183811" lon="19.724304"><ele>1382.0</ele></trkpt>
      <trkpt lat="49.183795" lon="19.724280"><ele>1381.6</ele></trkpt>
      <trkpt lat="49.183776" lon="19.724251"><ele>1381.2</ele></trkpt>
      <trkpt lat="49.183754" lon="19.724226"><ele>1380.8</ele></trkpt>
      <trkpt lat="49.183734" lon="19.724203"><ele>1380.4</ele></trkpt>
      <trkpt lat="49.183715" lon="19.724171"><ele>1379.8</ele></trkpt>
      <trkpt lat="49.183706" lon="19.724146"><ele>1379.4</ele></trkpt>
      <trkpt lat="49.183693" lon="19.724115"><ele>1379.0</ele></trkpt>
      <trkpt lat="49.183680" lon="19.724088"><ele>1378.4</ele></trkpt>
      <trkpt lat="49.183670" lon="19.724053"><ele>1378.0</ele></trkpt>
      <trkpt lat="49.183654" lon="19.724016"><ele>1377.6</ele></trkpt>
      <trkpt lat="49.183645" lon="19.723987"><ele>1377.4</ele></trkpt>
      <trkpt lat="49.183606" lon="19.723934"><ele>1376.6</ele></trkpt>
      <trkpt lat="49.183578" lon="19.723904"><ele>1376.0</ele></trkpt>
      <trkpt lat="49.183539" lon="19.723864"><ele>1375.2</ele></trkpt>
      <trkpt lat="49.183514" lon="19.723822"><ele>1374.2</ele></trkpt>
      <trkpt lat="49.183498" lon="19.723789"><ele>1373.6</ele></trkpt>
      <trkpt lat="49.183488" lon="19.723763"><ele>1373.0</ele></trkpt>
      <trkpt lat="49.183478" lon="19.723738"><ele>1372.6</ele></trkpt>
      <trkpt lat="49.183456" lon="19.723683"><ele>1371.6</ele></trkpt>
      <trkpt lat="49.183450" lon="19.723651"><ele>1371.2</ele></trkpt>
      <trkpt lat="49.183434" lon="19.723602"><ele>1370.4</ele></trkpt>
      <trkpt lat="49.183418" lon="19.723570"><ele>1370.0</ele></trkpt>
      <trkpt lat="49.183402" lon="19.723525"><ele>1369.0</ele></trkpt>
      <trkpt lat="49.183395" lon="19.723498"><ele>1368.6</ele></trkpt>
      <trkpt lat="49.183392" lon="19.723469"><ele>1368.2</ele></trkpt>
      <trkpt lat="49.183379" lon="19.723438"><ele>1367.8</ele></trkpt>
      <trkpt lat="49.183373" lon="19.723410"><ele>1367.4</ele></trkpt>
      <trkpt lat="49.183354" lon="19.723358"><ele>1366.8</ele></trkpt>
      <trkpt lat="49.183331" lon="19.723310"><ele>1366.2</ele></trkpt>
      <trkpt lat="49.183312" lon="19.723269"><ele>1365.2</ele></trkpt>
      <trkpt lat="49.183293" lon="19.723221"><ele>1364.4</ele></trkpt>
      <trkpt lat="49.183277" lon="19.723205"><ele>1364.0</ele></trkpt>
      <trkpt lat="49.183261" lon="19.723189"><ele>1363.4</ele></trkpt>
      <trkpt lat="49.183251" lon="19.723163"><ele>1363.0</ele></trkpt>
      <trkpt lat="49.183242" lon="19.723133"><ele>1362.4</ele></trkpt>
      <trkpt lat="49.183229" lon="19.723102"><ele>1362.0</ele></trkpt>
      <trkpt lat="49.183216" lon="19.723075"><ele>1361.6</ele></trkpt>
      <trkpt lat="49.183194" lon="19.723029"><ele>1360.8</ele></trkpt>
      <trkpt lat="49.183181" lon="19.723000"><ele>1360.6</ele></trkpt>
      <trkpt lat="49.183178" lon="19.722970"><ele>1360.2</ele></trkpt>
      <trkpt lat="49.183171" lon="19.722941"><ele>1359.8</ele></trkpt>
      <trkpt lat="49.183162" lon="19.722912"><ele>1359.4</ele></trkpt>
      <trkpt lat="49.183152" lon="19.722886"><ele>1359.0</ele></trkpt>
      <trkpt lat="49.183136" lon="19.722864"><ele>1358.6</ele></trkpt>
      <trkpt lat="49.183110" lon="19.722821"><ele>1357.8</ele></trkpt>
      <trkpt lat="49.183091" lon="19.722794"><ele>1357.2</ele></trkpt>
      <trkpt lat="49.183069" lon="19.722773"><ele>1356.8</ele></trkpt>
      <trkpt lat="49.183040" lon="19.722747"><ele>1356.4</ele></trkpt>
      <trkpt lat="49.183021" lon="19.722718"><ele>1356.0</ele></trkpt>
      <trkpt lat="49.183005" lon="19.722686"><ele>1355.6</ele></trkpt>
      <trkpt lat="49.182992" lon="19.722661"><ele>1355.0</ele></trkpt>
      <trkpt lat="49.182973" lon="19.722635"><ele>1354.6</ele></trkpt>
      <trkpt lat="49.182957" lon="19.722598"><ele>1354.2</ele></trkpt>
      <trkpt lat="49.182938" lon="19.722566"><ele>1353.8</ele></trkpt>
      <trkpt lat="49.182922" lon="19.722546"><ele>1353.4</ele></trkpt>
      <trkpt lat="49.182902" lon="19.722517"><ele>1353.0</ele></trkpt>
      <trkpt lat="49.182890" lon="19.722486"><ele>1352.6</ele></trkpt>
      <trkpt lat="49.182870" lon="19.722464"><ele>1352.4</ele></trkpt>
      <trkpt lat="49.182851" lon="19.722434"><ele>1352.0</ele></trkpt>
      <trkpt lat="49.182838" lon="19.722406"><ele>1351.6</ele></trkpt>
      <trkpt lat="49.182832" lon="19.722378"><ele>1351.2</ele></trkpt>
      <trkpt lat="49.182822" lon="19.722346"><ele>1350.8</ele></trkpt>
      <trkpt lat="49.182813" lon="19.722317"><ele>1350.4</ele></trkpt>
      <trkpt lat="49.182797" lon="19.722294"><ele>1350.0</ele></trkpt>
      <trkpt lat="49.182784" lon="19.722261"><ele>1349.8</ele></trkpt>
      <trkpt lat="49.182752" lon="19.722195"><ele>1349.2</ele></trkpt>
      <trkpt lat="49.182733" lon="19.722155"><ele>1348.4</ele></trkpt>
      <trkpt lat="49.182707" lon="19.722138"><ele>1348.0</ele></trkpt>
      <trkpt lat="49.182678" lon="19.722101"><ele>1347.2</ele></trkpt>
      <trkpt lat="49.182656" lon="19.722075"><ele>1346.8</ele></trkpt>
      <trkpt lat="49.182643" lon="19.722046"><ele>1346.4</ele></trkpt>
      <trkpt lat="49.182624" lon="19.722018"><ele>1345.8</ele></trkpt>
      <trkpt lat="49.182608" lon="19.721981"><ele>1345.4</ele></trkpt>
      <trkpt lat="49.182598" lon="19.721950"><ele>1345.2</ele></trkpt>
      <trkpt lat="49.182582" lon="19.721922"><ele>1344.6</ele></trkpt>
      <trkpt lat="49.182573" lon="19.721888"><ele>1344.2</ele></trkpt>
      <trkpt lat="49.182560" lon="19.721854"><ele>1343.6</ele></trkpt>
      <trkpt lat="49.182557" lon="19.721824"><ele>1343.2</ele></trkpt>
      <trkpt lat="49.182547" lon="19.721797"><ele>1342.8</ele></trkpt>
      <trkpt lat="49.182538" lon="19.721760"><ele>1341.6</ele></trkpt>
      <trkpt lat="49.182525" lon="19.721728"><ele>1340.8</ele></trkpt>
      <trkpt lat="49.182509" lon="19.721698"><ele>1340.0</ele></trkpt>
      <trkpt lat="49.182496" lon="19.721656"><ele>1339.4</ele></trkpt>
      <trkpt lat="49.182480" lon="19.721629"><ele>1338.8</ele></trkpt>
      <trkpt lat="49.182467" lon="19.721605"><ele>1338.2</ele></trkpt>
      <trkpt lat="49.182458" lon="19.721579"><ele>1337.6</ele></trkpt>
      <trkpt lat="49.182445" lon="19.721542"><ele>1337.0</ele></trkpt>
      <trkpt lat="49.182426" lon="19.721499"><ele>1336.4</ele></trkpt>
      <trkpt lat="49.182410" lon="19.721466"><ele>1336.0</ele></trkpt>
      <trkpt lat="49.182397" lon="19.721443"><ele>1335.8</ele></trkpt>
      <trkpt lat="49.182378" lon="19.721400"><ele>1335.4</ele></trkpt>
      <trkpt lat="49.182349" lon="19.721363"><ele>1334.8</ele></trkpt>
      <trkpt lat="49.182330" lon="19.721352"><ele>1334.6</ele></trkpt>
      <trkpt lat="49.182298" lon="19.721328"><ele>1334.0</ele></trkpt>
      <trkpt lat="49.182259" lon="19.721306"><ele>1333.2</ele></trkpt>
      <trkpt lat="49.182230" lon="19.721293"><ele>1332.6</ele></trkpt>
      <trkpt lat="49.182202" lon="19.721283"><ele>1331.8</ele></trkpt>
      <trkpt lat="49.182182" lon="19.721286"><ele>1331.4</ele></trkpt>
      <trkpt lat="49.182163" lon="19.721291"><ele>1331.0</ele></trkpt>
      <trkpt lat="49.182138" lon="19.721294"><ele>1330.8</ele></trkpt>
      <trkpt lat="49.182106" lon="19.721286"><ele>1330.0</ele></trkpt>
      <trkpt lat="49.182077" lon="19.721267"><ele>1329.2</ele></trkpt>
      <trkpt lat="49.182061" lon="19.721253"><ele>1328.8</ele></trkpt>
      <trkpt lat="49.182042" lon="19.721237"><ele>1328.4</ele></trkpt>
      <trkpt lat="49.182008" lon="19.721179"><ele>1327.6</ele></trkpt>
      <trkpt lat="49.181984" lon="19.721147"><ele>1326.6</ele></trkpt>
      <trkpt lat="49.181971" lon="19.721112"><ele>1326.2</ele></trkpt>
      <trkpt lat="49.181958" lon="19.721080"><ele>1325.8</ele></trkpt>
      <trkpt lat="49.181946" lon="19.721054"><ele>1325.4</ele></trkpt>
      <trkpt lat="49.181942" lon="19.721027"><ele>1324.8</ele></trkpt>
      <trkpt lat="49.181933" lon="19.721003"><ele>1324.6</ele></trkpt>
      <trkpt lat="49.181920" lon="19.720963"><ele>1323.8</ele></trkpt>
      <trkpt lat="49.181910" lon="19.720936"><ele>1323.4</ele></trkpt>
      <trkpt lat="49.181901" lon="19.720898"><ele>1322.4</ele></trkpt>
      <trkpt lat="49.181891" lon="19.720845"><ele>1321.4</ele></trkpt>
      <trkpt lat="49.181888" lon="19.720818"><ele>1321.0</ele></trkpt>
      <trkpt lat="49.181872" lon="19.720766"><ele>1320.0</ele></trkpt>
      <trkpt lat="49.181862" lon="19.720731"><ele>1319.4</ele></trkpt>
      <trkpt lat="49.181850" lon="19.720699"><ele>1319.0</ele></trkpt>
      <trkpt lat="49.181843" lon="19.720650"><ele>1318.4</ele></trkpt>
      <trkpt lat="49.181840" lon="19.720606"><ele>1318.0</ele></trkpt>
      <trkpt lat="49.181840" lon="19.720566"><ele>1317.6</ele></trkpt>
      <trkpt lat="49.181830" lon="19.720518"><ele>1317.0</ele></trkpt>
      <trkpt lat="49.181821" lon="19.720480"><ele>1316.4</ele></trkpt>
      <trkpt lat="49.181808" lon="19.720446"><ele>1316.0</ele></trkpt>
      <trkpt lat="49.181792" lon="19.720405"><ele>1315.4</ele></trkpt>
      <trkpt lat="49.181786" lon="19.720370"><ele>1315.0</ele></trkpt>
      <trkpt lat="49.181779" lon="19.720333"><ele>1314.4</ele></trkpt>
      <trkpt lat="49.181773" lon="19.720304"><ele>1314.2</ele></trkpt>
      <trkpt lat="49.181766" lon="19.720264"><ele>1314.0</ele></trkpt>
      <trkpt lat="49.181744" lon="19.720238"><ele>1313.2</ele></trkpt>
      <trkpt lat="49.181741" lon="19.720208"><ele>1312.8</ele></trkpt>
      <trkpt lat="49.181728" lon="19.720174"><ele>1312.8</ele></trkpt>
      <trkpt lat="49.181706" lon="19.720150"><ele>1312.8</ele></trkpt>
      <trkpt lat="49.181690" lon="19.720133"><ele>1313.0</ele></trkpt>
      <trkpt lat="49.181654" lon="19.720130"><ele>1313.0</ele></trkpt>
      <trkpt lat="49.181626" lon="19.720126"><ele>1312.8</ele></trkpt>
      <trkpt lat="49.181606" lon="19.720139"><ele>1312.2</ele></trkpt>
      <trkpt lat="49.181581" lon="19.720144"><ele>1311.2</ele></trkpt>
      <trkpt lat="49.181565" lon="19.720158"><ele>1311.0</ele></trkpt>
      <trkpt lat="49.181552" lon="19.720179"><ele>1310.8</ele></trkpt>
      <trkpt lat="49.181533" lon="19.720194"><ele>1310.4</ele></trkpt>
      <trkpt lat="49.181507" lon="19.720171"><ele>1310.2</ele></trkpt>
      <trkpt lat="49.181482" lon="19.720141"><ele>1309.8</ele></trkpt>
      <trkpt lat="49.181462" lon="19.720125"><ele>1309.4</ele></trkpt>
      <trkpt lat="49.181440" lon="19.720104"><ele>1309.0</ele></trkpt>
      <trkpt lat="49.181421" lon="19.720083"><ele>1309.0</ele></trkpt>
      <trkpt lat="49.181395" lon="19.720062"><ele>1308.8</ele></trkpt>
      <trkpt lat="49.181370" lon="19.720037"><ele>1308.4</ele></trkpt>
      <trkpt lat="49.181347" lon="19.720005"><ele>1308.0</ele></trkpt>
      <trkpt lat="49.181334" lon="19.719984"><ele>1308.0</ele></trkpt>
      <trkpt lat="49.181315" lon="19.719941"><ele>1307.4</ele></trkpt>
      <trkpt lat="49.181290" lon="19.719912"><ele>1307.0</ele></trkpt>
      <trkpt lat="49.181267" lon="19.719882"><ele>1306.8</ele></trkpt>
      <trkpt lat="49.181251" lon="19.719866"><ele>1306.6</ele></trkpt>
      <trkpt lat="49.181226" lon="19.719827"><ele>1306.4</ele></trkpt>
      <trkpt lat="49.181206" lon="19.719798"><ele>1305.8</ele></trkpt>
      <trkpt lat="49.181190" lon="19.719784"><ele>1305.4</ele></trkpt>
      <trkpt lat="49.181187" lon="19.719757"><ele>1305.2</ele></trkpt>
      <trkpt lat="49.181056" lon="19.719339"><ele>1303.8</ele></trkpt>
      <trkpt lat="49.181030" lon="19.719365"><ele>1302.0</ele></trkpt>
      <trkpt lat="49.181008" lon="19.719390"><ele>1301.6</ele></trkpt>
      <trkpt lat="49.180995" lon="19.719414"><ele>1301.2</ele></trkpt>
      <trkpt lat="49.180973" lon="19.719448"><ele>1300.8</ele></trkpt>
      <trkpt lat="49.180950" lon="19.719445"><ele>1300.6</ele></trkpt>
      <trkpt lat="49.180931" lon="19.719426"><ele>1300.4</ele></trkpt>
      <trkpt lat="49.180909" lon="19.719384"><ele>1300.4</ele></trkpt>
      <trkpt lat="49.180896" lon="19.719331"><ele>1300.2</ele></trkpt>
      <trkpt lat="49.180880" lon="19.719282"><ele>1299.8</ele></trkpt>
      <trkpt lat="49.180867" lon="19.719232"><ele>1299.6</ele></trkpt>
      <trkpt lat="49.180851" lon="19.719182"><ele>1299.4</ele></trkpt>
      <trkpt lat="49.180832" lon="19.719139"><ele>1299.0</ele></trkpt>
      <trkpt lat="49.180816" lon="19.719104"><ele>1298.8</ele></trkpt>
      <trkpt lat="49.180787" lon="19.719038"><ele>1298.4</ele></trkpt>
      <trkpt lat="49.180765" lon="19.718998"><ele>1298.0</ele></trkpt>
      <trkpt lat="49.180739" lon="19.718968"><ele>1297.8</ele></trkpt>
      <trkpt lat="49.180720" lon="19.718939"><ele>1297.6</ele></trkpt>
      <trkpt lat="49.180701" lon="19.718912"><ele>1297.4</ele></trkpt>
      <trkpt lat="49.180688" lon="19.718882"><ele>1297.2</ele></trkpt>
      <trkpt lat="49.180672" lon="19.718851"><ele>1297.0</ele></trkpt>
      <trkpt lat="49.180653" lon="19.718822"><ele>1296.8</ele></trkpt>
      <trkpt lat="49.180637" lon="19.718800"><ele>1296.6</ele></trkpt>
      <trkpt lat="49.180618" lon="19.718771"><ele>1296.4</ele></trkpt>
      <trkpt lat="49.180598" lon="19.718731"><ele>1296.0</ele></trkpt>
      <trkpt lat="49.180579" lon="19.718696"><ele>1295.6</ele></trkpt>
      <trkpt lat="49.180560" lon="19.718664"><ele>1295.2</ele></trkpt>
      <trkpt lat="49.180538" lon="19.718627"><ele>1295.0</ele></trkpt>
      <trkpt lat="49.180515" lon="19.718595"><ele>1294.6</ele></trkpt>
      <trkpt lat="49.180499" lon="19.718560"><ele>1294.2</ele></trkpt>
      <trkpt lat="49.180480" lon="19.718512"><ele>1294.0</ele></trkpt>
      <trkpt lat="49.180467" lon="19.718477"><ele>1293.6</ele></trkpt>
      <trkpt lat="49.180451" lon="19.718443"><ele>1293.2</ele></trkpt>
      <trkpt lat="49.180438" lon="19.718413"><ele>1293.0</ele></trkpt>
      <trkpt lat="49.180422" lon="19.718387"><ele>1292.6</ele></trkpt>
      <trkpt lat="49.180410" lon="19.718357"><ele>1292.2</ele></trkpt>
      <trkpt lat="49.180397" lon="19.718323"><ele>1292.0</ele></trkpt>
      <trkpt lat="49.180384" lon="19.718294"><ele>1291.8</ele></trkpt>
      <trkpt lat="49.180371" lon="19.718253"><ele>1291.6</ele></trkpt>
      <trkpt lat="49.180358" lon="19.718214"><ele>1291.4</ele></trkpt>
      <trkpt lat="49.180352" lon="19.718176"><ele>1291.2</ele></trkpt>
      <trkpt lat="49.180342" lon="19.718134"><ele>1291.2</ele></trkpt>
      <trkpt lat="49.180336" lon="19.718098"><ele>1291.0</ele></trkpt>
      <trkpt lat="49.180339" lon="19.718058"><ele>1290.8</ele></trkpt>
      <trkpt lat="49.180339" lon="19.718018"><ele>1290.8</ele></trkpt>
      <trkpt lat="49.180342" lon="19.717976"><ele>1290.6</ele></trkpt>
      <trkpt lat="49.180349" lon="19.717926"><ele>1290.4</ele></trkpt>
      <trkpt lat="49.180349" lon="19.717885"><ele>1290.2</ele></trkpt>
      <trkpt lat="49.180355" lon="19.717848"><ele>1289.8</ele></trkpt>
      <trkpt lat="49.180368" lon="19.717806"><ele>1289.6</ele></trkpt>
      <trkpt lat="49.180371" lon="19.717763"><ele>1289.4</ele></trkpt>
      <trkpt lat="49.180374" lon="19.717720"><ele>1289.0</ele></trkpt>
      <trkpt lat="49.180381" lon="19.717683"><ele>1288.8</ele></trkpt>
      <trkpt lat="49.180374" lon="19.717648"><ele>1288.6</ele></trkpt>
      <trkpt lat="49.180371" lon="19.717621"><ele>1288.2</ele></trkpt>
      <trkpt lat="49.180358" lon="19.717570"><ele>1287.8</ele></trkpt>
      <trkpt lat="49.180342" lon="19.717541"><ele>1287.6</ele></trkpt>
      <trkpt lat="49.180323" lon="19.717514"><ele>1287.4</ele></trkpt>
      <trkpt lat="49.180304" lon="19.717485"><ele>1287.0</ele></trkpt>
      <trkpt lat="49.180282" lon="19.717461"><ele>1286.8</ele></trkpt>
      <trkpt lat="49.180256" lon="19.717435"><ele>1286.6</ele></trkpt>
      <trkpt lat="49.180230" lon="19.717403"><ele>1286.4</ele></trkpt>
      <trkpt lat="49.180205" lon="19.717365"><ele>1286.0</ele></trkpt>
      <trkpt lat="49.180176" lon="19.717331"><ele>1285.8</ele></trkpt>
      <trkpt lat="49.180141" lon="19.717291"><ele>1285.4</ele></trkpt>
      <trkpt lat="49.180118" lon="19.717259"><ele>1285.2</ele></trkpt>
      <trkpt lat="49.180093" lon="19.717221"><ele>1284.8</ele></trkpt>
      <trkpt lat="49.180077" lon="19.717178"><ele>1284.4</ele></trkpt>
      <trkpt lat="49.180058" lon="19.717133"><ele>1284.0</ele></trkpt>
      <trkpt lat="49.180042" lon="19.717091"><ele>1283.6</ele></trkpt>
      <trkpt lat="49.180022" lon="19.717053"><ele>1283.2</ele></trkpt>
      <trkpt lat="49.180006" lon="19.717005"><ele>1282.8</ele></trkpt>
      <trkpt lat="49.179984" lon="19.716958"><ele>1282.6</ele></trkpt>
      <trkpt lat="49.179971" lon="19.716912"><ele>1282.2</ele></trkpt>
      <trkpt lat="49.179952" lon="19.716858"><ele>1281.8</ele></trkpt>
      <trkpt lat="49.179936" lon="19.716814"><ele>1281.4</ele></trkpt>
      <trkpt lat="49.179926" lon="19.716763"><ele>1281.0</ele></trkpt>
      <trkpt lat="49.179920" lon="19.716714"><ele>1280.6</ele></trkpt>
      <trkpt lat="49.179914" lon="19.716661"><ele>1280.2</ele></trkpt>
      <trkpt lat="49.179904" lon="19.716610"><ele>1279.8</ele></trkpt>
      <trkpt lat="49.179894" lon="19.716558"><ele>1279.4</ele></trkpt>
      <trkpt lat="49.179885" lon="19.716507"><ele>1279.0</ele></trkpt>
      <trkpt lat="49.179872" lon="19.716466"><ele>1278.6</ele></trkpt>
      <trkpt lat="49.179856" lon="19.716432"><ele>1278.2</ele></trkpt>
      <trkpt lat="49.179840" lon="19.716406"><ele>1277.8</ele></trkpt>
      <trkpt lat="49.179814" lon="19.716382"><ele>1277.6</ele></trkpt>
      <trkpt lat="49.179786" lon="19.716360"><ele>1277.4</ele></trkpt>
      <trkpt lat="49.179766" lon="19.716342"><ele>1277.4</ele></trkpt>
      <trkpt lat="49.179747" lon="19.716322"><ele>1277.2</ele></trkpt>
      <trkpt lat="49.179725" lon="19.716301"><ele>1277.0</ele></trkpt>
      <trkpt lat="49.179702" lon="19.716280"><ele>1276.8</ele></trkpt>
      <trkpt lat="49.179680" lon="19.716258"><ele>1276.8</ele></trkpt>
      <trkpt lat="49.179658" lon="19.716234"><ele>1276.8</ele></trkpt>
      <trkpt lat="49.179638" lon="19.716211"><ele>1276.8</ele></trkpt>
      <trkpt lat="49.179616" lon="19.716197"><ele>1276.6</ele></trkpt>
      <trkpt lat="49.179594" lon="19.716181"><ele>1276.6</ele></trkpt>
      <trkpt lat="49.179568" lon="19.716162"><ele>1276.4</ele></trkpt>
      <trkpt lat="49.179542" lon="19.716150"><ele>1276.2</ele></trkpt>
      <trkpt lat="49.179517" lon="19.716142"><ele>1276.0</ele></trkpt>
      <trkpt lat="49.179485" lon="19.716139"><ele>1275.8</ele></trkpt>
      <trkpt lat="49.179456" lon="19.716134"><ele>1275.4</ele></trkpt>
      <trkpt lat="49.179427" lon="19.716131"><ele>1275.2</ele></trkpt>
      <trkpt lat="49.179395" lon="19.716130"><ele>1275.0</ele></trkpt>
      <trkpt lat="49.179363" lon="19.716115"><ele>1274.8</ele></trkpt>
      <trkpt lat="49.179338" lon="19.716107"><ele>1274.6</ele></trkpt>
      <trkpt lat="49.179315" lon="19.716091"><ele>1274.4</ele></trkpt>
      <trkpt lat="49.179286" lon="19.716078"><ele>1274.2</ele></trkpt>
      <trkpt lat="49.179258" lon="19.716075"><ele>1273.8</ele></trkpt>
      <trkpt lat="49.179222" lon="19.716069"><ele>1273.6</ele></trkpt>
      <trkpt lat="49.179190" lon="19.716061"><ele>1273.4</ele></trkpt>
      <trkpt lat="49.179162" lon="19.716045"><ele>1273.0</ele></trkpt>
      <trkpt lat="49.179130" lon="19.716026"><ele>1272.8</ele></trkpt>
      <trkpt lat="49.179101" lon="19.716010"><ele>1272.4</ele></trkpt>
      <trkpt lat="49.179069" lon="19.715989"><ele>1272.2</ele></trkpt>
      <trkpt lat="49.179043" lon="19.715970"><ele>1271.8</ele></trkpt>
      <trkpt lat="49.179018" lon="19.715946"><ele>1271.6</ele></trkpt>
      <trkpt lat="49.178989" lon="19.715930"><ele>1271.2</ele></trkpt>
      <trkpt lat="49.178963" lon="19.715906"><ele>1271.0</ele></trkpt>
      <trkpt lat="49.178938" lon="19.715882"><ele>1270.6</ele></trkpt>
      <trkpt lat="49.178906" lon="19.715859"><ele>1270.2</ele></trkpt>
      <trkpt lat="49.178880" lon="19.715824"><ele>1269.8</ele></trkpt>
      <trkpt lat="49.178851" lon="19.715795"><ele>1269.6</ele></trkpt>
      <trkpt lat="49.178829" lon="19.715770"><ele>1269.2</ele></trkpt>
      <trkpt lat="49.178806" lon="19.715733"><ele>1269.0</ele></trkpt>
      <trkpt lat="49.178784" lon="19.715710"><ele>1268.6</ele></trkpt>
      <trkpt lat="49.178752" lon="19.715691"><ele>1268.4</ele></trkpt>
      <trkpt lat="49.178723" lon="19.715675"><ele>1268.0</ele></trkpt>
      <trkpt lat="49.178691" lon="19.715664"><ele>1267.6</ele></trkpt>
      <trkpt lat="49.178662" lon="19.715653"><ele>1267.4</ele></trkpt>
      <trkpt lat="49.178630" lon="19.715638"><ele>1267.2</ele></trkpt>
      <trkpt lat="49.178592" lon="19.715637"><ele>1267.0</ele></trkpt>
      <trkpt lat="49.178563" lon="19.715626"><ele>1266.8</ele></trkpt>
      <trkpt lat="49.178531" lon="19.715611"><ele>1266.6</ele></trkpt>
      <trkpt lat="49.178502" lon="19.715587"><ele>1266.2</ele></trkpt>
      <trkpt lat="49.178474" lon="19.715568"><ele>1266.0</ele></trkpt>
      <trkpt lat="49.178454" lon="19.715552"><ele>1265.6</ele></trkpt>
      <trkpt lat="49.178422" lon="19.715525"><ele>1265.4</ele></trkpt>
      <trkpt lat="49.178394" lon="19.715507"><ele>1265.0</ele></trkpt>
      <trkpt lat="49.178368" lon="19.715482"><ele>1264.6</ele></trkpt>
      <trkpt lat="49.178346" lon="19.715454"><ele>1264.2</ele></trkpt>
      <trkpt lat="49.178323" lon="19.715422"><ele>1264.0</ele></trkpt>
      <trkpt lat="49.178294" lon="19.715389"><ele>1263.6</ele></trkpt>
      <trkpt lat="49.178269" lon="19.715350"><ele>1263.4</ele></trkpt>
      <trkpt lat="49.178253" lon="19.715317"><ele>1263.2</ele></trkpt>
      <trkpt lat="49.178227" lon="19.715283"><ele>1262.8</ele></trkpt>
      <trkpt lat="49.178205" lon="19.715256"><ele>1262.4</ele></trkpt>
      <trkpt lat="49.178186" lon="19.715227"><ele>1262.2</ele></trkpt>
      <trkpt lat="49.178163" lon="19.715200"><ele>1262.0</ele></trkpt>
      <trkpt lat="49.178134" lon="19.715184"><ele>1261.6</ele></trkpt>
      <trkpt lat="49.178109" lon="19.715165"><ele>1261.4</ele></trkpt>
      <trkpt lat="49.178086" lon="19.715150"><ele>1261.0</ele></trkpt>
      <trkpt lat="49.178054" lon="19.715138"><ele>1260.6</ele></trkpt>
      <trkpt lat="49.178019" lon="19.715125"><ele>1260.4</ele></trkpt>
      <trkpt lat="49.177990" lon="19.715109"><ele>1260.0</ele></trkpt>
      <trkpt lat="49.177958" lon="19.715090"><ele>1259.6</ele></trkpt>
      <trkpt lat="49.177930" lon="19.715067"><ele>1259.4</ele></trkpt>
      <trkpt lat="49.177907" lon="19.715045"><ele>1259.2</ele></trkpt>
      <trkpt lat="49.177878" lon="19.715018"><ele>1258.8</ele></trkpt>
      <trkpt lat="49.177853" lon="19.714990"><ele>1258.4</ele></trkpt>
      <trkpt lat="49.177830" lon="19.714963"><ele>1258.2</ele></trkpt>
      <trkpt lat="49.177798" lon="19.714942"><ele>1257.8</ele></trkpt>
      <trkpt lat="49.177770" lon="19.714923"><ele>1257.6</ele></trkpt>
      <trkpt lat="49.177738" lon="19.714907"><ele>1257.2</ele></trkpt>
      <trkpt lat="49.177709" lon="19.714891"><ele>1256.8</ele></trkpt>
      <trkpt lat="49.177677" lon="19.714878"><ele>1256.6</ele></trkpt>
      <trkpt lat="49.177648" lon="19.714861"><ele>1256.4</ele></trkpt>
      <trkpt lat="49.177616" lon="19.714848"><ele>1256.0</ele></trkpt>
      <trkpt lat="49.177581" lon="19.714821"><ele>1255.8</ele></trkpt>
      <trkpt lat="49.177555" lon="19.714802"><ele>1255.4</ele></trkpt>
      <trkpt lat="49.177533" lon="19.714787"><ele>1255.2</ele></trkpt>
      <trkpt lat="49.177498" lon="19.714762"><ele>1254.8</ele></trkpt>
      <trkpt lat="49.177472" lon="19.714742"><ele>1254.6</ele></trkpt>
      <trkpt lat="49.177450" lon="19.714718"><ele>1254.2</ele></trkpt>
      <trkpt lat="49.177421" lon="19.714694"><ele>1254.0</ele></trkpt>
      <trkpt lat="49.177395" lon="19.714675"><ele>1253.6</ele></trkpt>
      <trkpt lat="49.177363" lon="19.714643"><ele>1253.2</ele></trkpt>
      <trkpt lat="49.177334" lon="19.714622"><ele>1253.0</ele></trkpt>
      <trkpt lat="49.177312" lon="19.714600"><ele>1252.8</ele></trkpt>
      <trkpt lat="49.177280" lon="19.714573"><ele>1252.4</ele></trkpt>
      <trkpt lat="49.177254" lon="19.714550"><ele>1252.0</ele></trkpt>
      <trkpt lat="49.177222" lon="19.714530"><ele>1251.6</ele></trkpt>
      <trkpt lat="49.177194" lon="19.714506"><ele>1251.2</ele></trkpt>
      <trkpt lat="49.177158" lon="19.714491"><ele>1250.8</ele></trkpt>
      <trkpt lat="49.177123" lon="19.714470"><ele>1250.4</ele></trkpt>
      <trkpt lat="49.177098" lon="19.714456"><ele>1250.2</ele></trkpt>
      <trkpt lat="49.177059" lon="19.714440"><ele>1249.8</ele></trkpt>
      <trkpt lat="49.177037" lon="19.714413"><ele>1249.4</ele></trkpt>
      <trkpt lat="49.177005" lon="19.714397"><ele>1249.0</ele></trkpt>
      <trkpt lat="49.176973" lon="19.714382"><ele>1248.6</ele></trkpt>
      <trkpt lat="49.176947" lon="19.714371"><ele>1248.2</ele></trkpt>
      <trkpt lat="49.176918" lon="19.714360"><ele>1247.8</ele></trkpt>
      <trkpt lat="49.176880" lon="19.714344"><ele>1247.6</ele></trkpt>
      <trkpt lat="49.176854" lon="19.714331"><ele>1247.2</ele></trkpt>
      <trkpt lat="49.176819" lon="19.714317"><ele>1246.8</ele></trkpt>
      <trkpt lat="49.176784" lon="19.714310"><ele>1246.6</ele></trkpt>
      <trkpt lat="49.176749" lon="19.714301"><ele>1246.2</ele></trkpt>
      <trkpt lat="49.176720" lon="19.714286"><ele>1246.0</ele></trkpt>
      <trkpt lat="49.176688" lon="19.714275"><ele>1245.6</ele></trkpt>
      <trkpt lat="49.176659" lon="19.714262"><ele>1245.2</ele></trkpt>
      <trkpt lat="49.176630" lon="19.714248"><ele>1244.8</ele></trkpt>
      <trkpt lat="49.176595" lon="19.714229"><ele>1244.6</ele></trkpt>
      <trkpt lat="49.176563" lon="19.714213"><ele>1244.4</ele></trkpt>
      <trkpt lat="49.176528" lon="19.714206"><ele>1244.0</ele></trkpt>
      <trkpt lat="49.176496" lon="19.714187"><ele>1243.8</ele></trkpt>
      <trkpt lat="49.176467" lon="19.714173"><ele>1243.4</ele></trkpt>
      <trkpt lat="49.176432" lon="19.714158"><ele>1243.0</ele></trkpt>
      <trkpt lat="49.176406" lon="19.714144"><ele>1242.6</ele></trkpt>
      <trkpt lat="49.176378" lon="19.714133"><ele>1242.4</ele></trkpt>
      <trkpt lat="49.176346" lon="19.714118"><ele>1242.0</ele></trkpt>
      <trkpt lat="49.176317" lon="19.714107"><ele>1241.8</ele></trkpt>
      <trkpt lat="49.176285" lon="19.714098"><ele>1241.4</ele></trkpt>
      <trkpt lat="49.176253" lon="19.714086"><ele>1241.0</ele></trkpt>
      <trkpt lat="49.176221" lon="19.714078"><ele>1240.6</ele></trkpt>
      <trkpt lat="49.176192" lon="19.714067"><ele>1240.4</ele></trkpt>
      <trkpt lat="49.176160" lon="19.714054"><ele>1240.0</ele></trkpt>
      <trkpt lat="49.176131" lon="19.714045"><ele>1239.6</ele></trkpt>
      <trkpt lat="49.176102" lon="19.714032"><ele>1239.2</ele></trkpt>
      <trkpt lat="49.176070" lon="19.714019"><ele>1238.8</ele></trkpt>
      <trkpt lat="49.176045" lon="19.714013"><ele>1238.4</ele></trkpt>
      <trkpt lat="49.176019" lon="19.714003"><ele>1238.0</ele></trkpt>
      <trkpt lat="49.175987" lon="19.713997"><ele>1237.6</ele></trkpt>
      <trkpt lat="49.175962" lon="19.713995"><ele>1237.4</ele></trkpt>
      <trkpt lat="49.175930" lon="19.713997"><ele>1237.2</ele></trkpt>
      <trkpt lat="49.175904" lon="19.714000"><ele>1237.0</ele></trkpt>
      <trkpt lat="49.175872" lon="19.714005"><ele>1236.8</ele></trkpt>
      <trkpt lat="49.175846" lon="19.714014"><ele>1236.4</ele></trkpt>
      <trkpt lat="49.175824" lon="19.714027"><ele>1236.2</ele></trkpt>
      <trkpt lat="49.175795" lon="19.714035"><ele>1236.0</ele></trkpt>
      <trkpt lat="49.175773" lon="19.714040"><ele>1235.6</ele></trkpt>
      <trkpt lat="49.175750" lon="19.714048"><ele>1235.4</ele></trkpt>
      <trkpt lat="49.175731" lon="19.714054"><ele>1235.0</ele></trkpt>
      <trkpt lat="49.175696" lon="19.714069"><ele>1234.8</ele></trkpt>
      <trkpt lat="49.175670" lon="19.714083"><ele>1234.4</ele></trkpt>
      <trkpt lat="49.175648" lon="19.714096"><ele>1234.2</ele></trkpt>
      <trkpt lat="49.175622" lon="19.714118"><ele>1234.0</ele></trkpt>
      <trkpt lat="49.175597" lon="19.714142"><ele>1233.6</ele></trkpt>
      <trkpt lat="49.175578" lon="19.714168"><ele>1233.4</ele></trkpt>
      <trkpt lat="49.175558" lon="19.714198"><ele>1233.0</ele></trkpt>
      <trkpt lat="49.175549" lon="19.714238"><ele>1232.8</ele></trkpt>
      <trkpt lat="49.175542" lon="19.714277"><ele>1232.4</ele></trkpt>
      <trkpt lat="49.175536" lon="19.714315"><ele>1232.0</ele></trkpt>
      <trkpt lat="49.175542" lon="19.714354"><ele>1231.8</ele></trkpt>
      <trkpt lat="49.175558" lon="19.714390"><ele>1231.4</ele></trkpt>
      <trkpt lat="49.175587" lon="19.714416"><ele>1231.0</ele></trkpt>
      <trkpt lat="49.175606" lon="19.714451"><ele>1230.8</ele></trkpt>
      <trkpt lat="49.175648" lon="19.714475"><ele>1230.4</ele></trkpt>
      <trkpt lat="49.175677" lon="19.714490"><ele>1229.8</ele></trkpt>
      <trkpt lat="49.175709" lon="19.714512"><ele>1229.4</ele></trkpt>
      <trkpt lat="49.175734" lon="19.714542"><ele>1229.0</ele></trkpt>
      <trkpt lat="49.175770" lon="19.714574"><ele>1228.6</ele></trkpt>
      <trkpt lat="49.175792" lon="19.714605"><ele>1228.4</ele></trkpt>
      <trkpt lat="49.175821" lon="19.714635"><ele>1228.0</ele></trkpt>
      <trkpt lat="49.175850" lon="19.714675"><ele>1227.6</ele></trkpt>
      <trkpt lat="49.175875" lon="19.714707"><ele>1227.2</ele></trkpt>
      <trkpt lat="49.175904" lon="19.714739"><ele>1227.0</ele></trkpt>
      <trkpt lat="49.175926" lon="19.714773"><ele>1226.8</ele></trkpt>
      <trkpt lat="49.175942" lon="19.714803"><ele>1226.6</ele></trkpt>
      <trkpt lat="49.175968" lon="19.714837"><ele>1226.4</ele></trkpt>
      <trkpt lat="49.175990" lon="19.714874"><ele>1226.4</ele></trkpt>
      <trkpt lat="49.176013" lon="19.714912"><ele>1226.2</ele></trkpt>
      <trkpt lat="49.176045" lon="19.714974"><ele>1226.0</ele></trkpt>
      <trkpt lat="49.176061" lon="19.715032"><ele>1225.4</ele></trkpt>
      <trkpt lat="49.176067" lon="19.715075"><ele>1225.2</ele></trkpt>
      <trkpt lat="49.176070" lon="19.715117"><ele>1225.0</ele></trkpt>
      <trkpt lat="49.176067" lon="19.715165"><ele>1224.6</ele></trkpt>
      <trkpt lat="49.176054" lon="19.715206"><ele>1224.6</ele></trkpt>
      <trkpt lat="49.176042" lon="19.715245"><ele>1224.4</ele></trkpt>
      <trkpt lat="49.176022" lon="19.715283"><ele>1224.2</ele></trkpt>
      <trkpt lat="49.176000" lon="19.715320"><ele>1224.0</ele></trkpt>
      <trkpt lat="49.175974" lon="19.715350"><ele>1224.0</ele></trkpt>
      <trkpt lat="49.175949" lon="19.715373"><ele>1223.8</ele></trkpt>
      <trkpt lat="49.175920" lon="19.715387"><ele>1223.8</ele></trkpt>
      <trkpt lat="49.175888" lon="19.715398"><ele>1223.8</ele></trkpt>
      <trkpt lat="49.175856" lon="19.715403"><ele>1223.8</ele></trkpt>
      <trkpt lat="49.175830" lon="19.715410"><ele>1223.6</ele></trkpt>
      <trkpt lat="49.175802" lon="19.715416"><ele>1223.6</ele></trkpt>
      <trkpt lat="49.175770" lon="19.715419"><ele>1223.4</ele></trkpt>
      <trkpt lat="49.175734" lon="19.715424"><ele>1223.4</ele></trkpt>
      <trkpt lat="49.175706" lon="19.715427"><ele>1223.2</ele></trkpt>
      <trkpt lat="49.175677" lon="19.715432"><ele>1223.0</ele></trkpt>
      <trkpt lat="49.175651" lon="19.715432"><ele>1223.0</ele></trkpt>
      <trkpt lat="49.175626" lon="19.715427"><ele>1222.8</ele></trkpt>
      <trkpt lat="49.175594" lon="19.715427"><ele>1222.6</ele></trkpt>
      <trkpt lat="49.175558" lon="19.715427"><ele>1222.6</ele></trkpt>
      <trkpt lat="49.175526" lon="19.715427"><ele>1222.4</ele></trkpt>
      <trkpt lat="49.175494" lon="19.715427"><ele>1222.4</ele></trkpt>
      <trkpt lat="49.175469" lon="19.715427"><ele>1222.2</ele></trkpt>
      <trkpt lat="49.175443" lon="19.715427"><ele>1222.2</ele></trkpt>
      <trkpt lat="49.175414" lon="19.715427"><ele>1222.0</ele></trkpt>
      <trkpt lat="49.175389" lon="19.715438"><ele>1221.8</ele></trkpt>
      <trkpt lat="49.175357" lon="19.715448"><ele>1221.6</ele></trkpt>
      <trkpt lat="49.175331" lon="19.715456"><ele>1221.6</ele></trkpt>
      <trkpt lat="49.175299" lon="19.715467"><ele>1221.4</ele></trkpt>
      <trkpt lat="49.175270" lon="19.715475"><ele>1221.2</ele></trkpt>
      <trkpt lat="49.175248" lon="19.715483"><ele>1221.0</ele></trkpt>
      <trkpt lat="49.175216" lon="19.715494"><ele>1220.6</ele></trkpt>
      <trkpt lat="49.175190" lon="19.715507"><ele>1220.4</ele></trkpt>
      <trkpt lat="49.175165" lon="19.715515"><ele>1220.0</ele></trkpt>
      <trkpt lat="49.175136" lon="19.715518"><ele>1219.8</ele></trkpt>
      <trkpt lat="49.175110" lon="19.715515"><ele>1219.4</ele></trkpt>
      <trkpt lat="49.175088" lon="19.715515"><ele>1219.2</ele></trkpt>
      <trkpt lat="49.175056" lon="19.715515"><ele>1218.8</ele></trkpt>
      <trkpt lat="49.175030" lon="19.715512"><ele>1218.6</ele></trkpt>
      <trkpt lat="49.175002" lon="19.715507"><ele>1218.2</ele></trkpt>
      <trkpt lat="49.174976" lon="19.715499"><ele>1218.0</ele></trkpt>
      <trkpt lat="49.174947" lon="19.715499"><ele>1217.6</ele></trkpt>
      <trkpt lat="49.174915" lon="19.715490"><ele>1217.2</ele></trkpt>
      <trkpt lat="49.174890" lon="19.715482"><ele>1217.0</ele></trkpt>
      <trkpt lat="49.174858" lon="19.715467"><ele>1216.6</ele></trkpt>
      <trkpt lat="49.174832" lon="19.715450"><ele>1216.4</ele></trkpt>
      <trkpt lat="49.174803" lon="19.715432"><ele>1216.0</ele></trkpt>
      <trkpt lat="49.174778" lon="19.715410"><ele>1215.8</ele></trkpt>
      <trkpt lat="49.174752" lon="19.715387"><ele>1215.6</ele></trkpt>
      <trkpt lat="49.174730" lon="19.715366"><ele>1215.4</ele></trkpt>
      <trkpt lat="49.174701" lon="19.715347"><ele>1215.2</ele></trkpt>
      <trkpt lat="49.174675" lon="19.715323"><ele>1215.0</ele></trkpt>
      <trkpt lat="49.174650" lon="19.715301"><ele>1214.8</ele></trkpt>
      <trkpt lat="49.174621" lon="19.715278"><ele>1214.4</ele></trkpt>
      <trkpt lat="49.174595" lon="19.715245"><ele>1214.2</ele></trkpt>
      <trkpt lat="49.174570" lon="19.715210"><ele>1214.0</ele></trkpt>
      <trkpt lat="49.174544" lon="19.715176"><ele>1213.6</ele></trkpt>
      <trkpt lat="49.174522" lon="19.715138"><ele>1213.2</ele></trkpt>
      <trkpt lat="49.174502" lon="19.715102"><ele>1212.8</ele></trkpt>
      <trkpt lat="49.174480" lon="19.715070"><ele>1212.6</ele></trkpt>
      <trkpt lat="49.174461" lon="19.715037"><ele>1212.4</ele></trkpt>
      <trkpt lat="49.174442" lon="19.714998"><ele>1212.2</ele></trkpt>
      <trkpt lat="49.174422" lon="19.714962"><ele>1212.0</ele></trkpt>
      <trkpt lat="49.174403" lon="19.714926"><ele>1211.8</ele></trkpt>
      <trkpt lat="49.174381" lon="19.714893"><ele>1211.4</ele></trkpt>
      <trkpt lat="49.174358" lon="19.714861"><ele>1211.2</ele></trkpt>
      <trkpt lat="49.174336" lon="19.714834"><ele>1210.8</ele></trkpt>
      <trkpt lat="49.174314" lon="19.714808"><ele>1210.4</ele></trkpt>
      <trkpt lat="49.174285" lon="19.714782"><ele>1210.0</ele></trkpt>
      <trkpt lat="49.174259" lon="19.714754"><ele>1209.8</ele></trkpt>
      <trkpt lat="49.174234" lon="19.714730"><ele>1209.4</ele></trkpt>
      <trkpt lat="49.174202" lon="19.714712"><ele>1209.0</ele></trkpt>
      <trkpt lat="49.174176" lon="19.714690"><ele>1208.6</ele></trkpt>
      <trkpt lat="49.174154" lon="19.714664"><ele>1208.2</ele></trkpt>
      <trkpt lat="49.174122" lon="19.714640"><ele>1208.0</ele></trkpt>
      <trkpt lat="49.174096" lon="19.714616"><ele>1207.4</ele></trkpt>
      <trkpt lat="49.174067" lon="19.714602"><ele>1207.2</ele></trkpt>
      <trkpt lat="49.174045" lon="19.714582"><ele>1206.8</ele></trkpt>
      <trkpt lat="49.174016" lon="19.714566"><ele>1206.4</ele></trkpt>
      <trkpt lat="49.173987" lon="19.714554"><ele>1206.2</ele></trkpt>
      <trkpt lat="49.173958" lon="19.714542"><ele>1205.8</ele></trkpt>
      <trkpt lat="49.173930" lon="19.714530"><ele>1205.6</ele></trkpt>
      <trkpt lat="49.173907" lon="19.714515"><ele>1205.2</ele></trkpt>
      <trkpt lat="49.173882" lon="19.714501"><ele>1205.0</ele></trkpt>
      <trkpt lat="49.173856" lon="19.714486"><ele>1204.8</ele></trkpt>
      <trkpt lat="49.173830" lon="19.714477"><ele>1204.4</ele></trkpt>
      <trkpt lat="49.173805" lon="19.714462"><ele>1204.2</ele></trkpt>
      <trkpt lat="49.173779" lon="19.714450"><ele>1204.0</ele></trkpt>
      <trkpt lat="49.173744" lon="19.714445"><ele>1203.6</ele></trkpt>
      <trkpt lat="49.173709" lon="19.714446"><ele>1203.2</ele></trkpt>
      <trkpt lat="49.173683" lon="19.714454"><ele>1203.0</ele></trkpt>
      <trkpt lat="49.173651" lon="19.714456"><ele>1202.6</ele></trkpt>
      <trkpt lat="49.173619" lon="19.714462"><ele>1202.4</ele></trkpt>
      <trkpt lat="49.173584" lon="19.714469"><ele>1202.0</ele></trkpt>
      <trkpt lat="49.173552" lon="19.714472"><ele>1201.8</ele></trkpt>
      <trkpt lat="49.173523" lon="19.714480"><ele>1201.6</ele></trkpt>
      <trkpt lat="49.173491" lon="19.714493"><ele>1201.2</ele></trkpt>
      <trkpt lat="49.173462" lon="19.714509"><ele>1200.8</ele></trkpt>
      <trkpt lat="49.173430" lon="19.714522"><ele>1200.4</ele></trkpt>
      <trkpt lat="49.173398" lon="19.714534"><ele>1200.0</ele></trkpt>
      <trkpt lat="49.173366" lon="19.714542"><ele>1199.8</ele></trkpt>
      <trkpt lat="49.173341" lon="19.714546"><ele>1199.4</ele></trkpt>
      <trkpt lat="49.173309" lon="19.714552"><ele>1199.2</ele></trkpt>
      <trkpt lat="49.173280" lon="19.714550"><ele>1198.8</ele></trkpt>
      <trkpt lat="49.173248" lon="19.714552"><ele>1198.6</ele></trkpt>
      <trkpt lat="49.173222" lon="19.714552"><ele>1198.4</ele></trkpt>
      <trkpt lat="49.173194" lon="19.714549"><ele>1198.0</ele></trkpt>
      <trkpt lat="49.173165" lon="19.714544"><ele>1197.8</ele></trkpt>
      <trkpt lat="49.173139" lon="19.714534"><ele>1197.6</ele></trkpt>
      <trkpt lat="49.173107" lon="19.714526"><ele>1197.2</ele></trkpt>
      <trkpt lat="49.173075" lon="19.714514"><ele>1197.0</ele></trkpt>
      <trkpt lat="49.173050" lon="19.714501"><ele>1196.6</ele></trkpt>
      <trkpt lat="49.173024" lon="19.714491"><ele>1196.4</ele></trkpt>
      <trkpt lat="49.172995" lon="19.714477"><ele>1196.2</ele></trkpt>
      <trkpt lat="49.172970" lon="19.714464"><ele>1196.0</ele></trkpt>
      <trkpt lat="49.172944" lon="19.714450"><ele>1195.8</ele></trkpt>
      <trkpt lat="49.172912" lon="19.714442"><ele>1195.6</ele></trkpt>
      <trkpt lat="49.172886" lon="19.714426"><ele>1195.2</ele></trkpt>
      <trkpt lat="49.172864" lon="19.714413"><ele>1194.8</ele></trkpt>
      <trkpt lat="49.172832" lon="19.714402"><ele>1194.4</ele></trkpt>
      <trkpt lat="49.172803" lon="19.714382"><ele>1194.0</ele></trkpt>
      <trkpt lat="49.172774" lon="19.714360"><ele>1193.6</ele></trkpt>
      <trkpt lat="49.172749" lon="19.714333"><ele>1193.0</ele></trkpt>
      <trkpt lat="49.172723" lon="19.714306"><ele>1192.6</ele></trkpt>
      <trkpt lat="49.172698" lon="19.714275"><ele>1192.2</ele></trkpt>
      <trkpt lat="49.172678" lon="19.714253"><ele>1191.8</ele></trkpt>
      <trkpt lat="49.172656" lon="19.714226"><ele>1191.2</ele></trkpt>
      <trkpt lat="49.172637" lon="19.714192"><ele>1190.8</ele></trkpt>
      <trkpt lat="49.172614" lon="19.714162"><ele>1190.4</ele></trkpt>
      <trkpt lat="49.172595" lon="19.714128"><ele>1190.0</ele></trkpt>
      <trkpt lat="49.172579" lon="19.714093"><ele>1189.6</ele></trkpt>
      <trkpt lat="49.172566" lon="19.714054"><ele>1189.2</ele></trkpt>
      <trkpt lat="49.172554" lon="19.714016"><ele>1189.0</ele></trkpt>
      <trkpt lat="49.172544" lon="19.713978"><ele>1188.6</ele></trkpt>
      <trkpt lat="49.172531" lon="19.713936"><ele>1188.4</ele></trkpt>
      <trkpt lat="49.172525" lon="19.713904"><ele>1188.0</ele></trkpt>
      <trkpt lat="49.172509" lon="19.713858"><ele>1187.4</ele></trkpt>
      <trkpt lat="49.172499" lon="19.713814"><ele>1187.0</ele></trkpt>
      <trkpt lat="49.172490" lon="19.713771"><ele>1186.6</ele></trkpt>
      <trkpt lat="49.172477" lon="19.713730"><ele>1186.4</ele></trkpt>
      <trkpt lat="49.172464" lon="19.713694"><ele>1185.8</ele></trkpt>
      <trkpt lat="49.172448" lon="19.713656"><ele>1185.4</ele></trkpt>
      <trkpt lat="49.172432" lon="19.713610"><ele>1185.2</ele></trkpt>
      <trkpt lat="49.172416" lon="19.713566"><ele>1184.6</ele></trkpt>
      <trkpt lat="49.172397" lon="19.713528"><ele>1184.2</ele></trkpt>
      <trkpt lat="49.172378" lon="19.713490"><ele>1183.8</ele></trkpt>
      <trkpt lat="49.172358" lon="19.713453"><ele>1183.2</ele></trkpt>
      <trkpt lat="49.172339" lon="19.713414"><ele>1182.8</ele></trkpt>
      <trkpt lat="49.172326" lon="19.713381"><ele>1182.4</ele></trkpt>
      <trkpt lat="49.172294" lon="19.713362"><ele>1182.0</ele></trkpt>
      <trkpt lat="49.172272" lon="19.713339"><ele>1181.4</ele></trkpt>
      <trkpt lat="49.172246" lon="19.713323"><ele>1181.0</ele></trkpt>
      <trkpt lat="49.172211" lon="19.713314"><ele>1180.6</ele></trkpt>
      <trkpt lat="49.172179" lon="19.713315"><ele>1180.2</ele></trkpt>
      <trkpt lat="49.172154" lon="19.713325"><ele>1179.6</ele></trkpt>
      <trkpt lat="49.172118" lon="19.713333"><ele>1179.2</ele></trkpt>
      <trkpt lat="49.172093" lon="19.713341"><ele>1178.8</ele></trkpt>
      <trkpt lat="49.172070" lon="19.713362"><ele>1178.4</ele></trkpt>
      <trkpt lat="49.172042" lon="19.713381"><ele>1178.2</ele></trkpt>
      <trkpt lat="49.172016" lon="19.713402"><ele>1177.8</ele></trkpt>
      <trkpt lat="49.171994" lon="19.713419"><ele>1177.4</ele></trkpt>
      <trkpt lat="49.171971" lon="19.713440"><ele>1176.8</ele></trkpt>
      <trkpt lat="49.171952" lon="19.713469"><ele>1176.4</ele></trkpt>
      <trkpt lat="49.171930" lon="19.713498"><ele>1176.0</ele></trkpt>
      <trkpt lat="49.171904" lon="19.713523"><ele>1175.6</ele></trkpt>
      <trkpt lat="49.171882" lon="19.713549"><ele>1175.2</ele></trkpt>
      <trkpt lat="49.171856" lon="19.713578"><ele>1174.8</ele></trkpt>
      <trkpt lat="49.171837" lon="19.713602"><ele>1174.6</ele></trkpt>
      <trkpt lat="49.171811" lon="19.713629"><ele>1174.2</ele></trkpt>
      <trkpt lat="49.171789" lon="19.713648"><ele>1174.0</ele></trkpt>
      <trkpt lat="49.171760" lon="19.713669"><ele>1173.8</ele></trkpt>
      <trkpt lat="49.171738" lon="19.713698"><ele>1173.6</ele></trkpt>
      <trkpt lat="49.171702" lon="19.713720"><ele>1173.2</ele></trkpt>
      <trkpt lat="49.171680" lon="19.713738"><ele>1173.0</ele></trkpt>
      <trkpt lat="49.171654" lon="19.713752"><ele>1172.6</ele></trkpt>
      <trkpt lat="49.171635" lon="19.713765"><ele>1172.4</ele></trkpt>
      <trkpt lat="49.171606" lon="19.713790"><ele>1172.2</ele></trkpt>
      <trkpt lat="49.171584" lon="19.713808"><ele>1172.0</ele></trkpt>
      <trkpt lat="49.171558" lon="19.713821"><ele>1171.8</ele></trkpt>
      <trkpt lat="49.171542" lon="19.713842"><ele>1171.4</ele></trkpt>
      <trkpt lat="49.171523" lon="19.713854"><ele>1171.2</ele></trkpt>
      <trkpt lat="49.171504" lon="19.713867"><ele>1170.8</ele></trkpt>
      <trkpt lat="49.171482" lon="19.713891"><ele>1170.6</ele></trkpt>
      <trkpt lat="49.171462" lon="19.713920"><ele>1170.4</ele></trkpt>
      <trkpt lat="49.171446" lon="19.713938"><ele>1170.0</ele></trkpt>
      <trkpt lat="49.171427" lon="19.713966"><ele>1169.6</ele></trkpt>
      <trkpt lat="49.171371" lon="19.714006"><ele>1169.0</ele></trkpt>
      <trkpt lat="49.171338" lon="19.714037"><ele>1168.6</ele></trkpt>
      <trkpt lat="49.171306" lon="19.714058"><ele>1168.4</ele></trkpt>
      <trkpt lat="49.171280" lon="19.714074"><ele>1168.0</ele></trkpt>
      <trkpt lat="49.171229" lon="19.714083"><ele>1167.8</ele></trkpt>
      <trkpt lat="49.171200" lon="19.714069"><ele>1167.4</ele></trkpt>
      <trkpt lat="49.171162" lon="19.714075"><ele>1167.0</ele></trkpt>
      <trkpt lat="49.171126" lon="19.714086"><ele>1166.8</ele></trkpt>
      <trkpt lat="49.171098" lon="19.714098"><ele>1166.6</ele></trkpt>
      <trkpt lat="49.171066" lon="19.714115"><ele>1166.2</ele></trkpt>
      <trkpt lat="49.171037" lon="19.714109"><ele>1165.8</ele></trkpt>
      <trkpt lat="49.171008" lon="19.714107"><ele>1165.4</ele></trkpt>
      <trkpt lat="49.170986" lon="19.714096"><ele>1165.0</ele></trkpt>
      <trkpt lat="49.170960" lon="19.714094"><ele>1164.8</ele></trkpt>
      <trkpt lat="49.170928" lon="19.714082"><ele>1164.6</ele></trkpt>
      <trkpt lat="49.170909" lon="19.714082"><ele>1164.2</ele></trkpt>
      <trkpt lat="49.170890" lon="19.714058"><ele>1163.8</ele></trkpt>
      <trkpt lat="49.170870" lon="19.714037"><ele>1163.4</ele></trkpt>
      <trkpt lat="49.170845" lon="19.714003"><ele>1163.0</ele></trkpt>
      <trkpt lat="49.170816" lon="19.713982"><ele>1162.6</ele></trkpt>
      <trkpt lat="49.170787" lon="19.713960"><ele>1162.2</ele></trkpt>
      <trkpt lat="49.170765" lon="19.713944"><ele>1162.0</ele></trkpt>
      <trkpt lat="49.170736" lon="19.713925"><ele>1161.6</ele></trkpt>
      <trkpt lat="49.170704" lon="19.713899"><ele>1161.4</ele></trkpt>
      <trkpt lat="49.170678" lon="19.713858"><ele>1161.2</ele></trkpt>
      <trkpt lat="49.170650" lon="19.713835"><ele>1160.8</ele></trkpt>
      <trkpt lat="49.170627" lon="19.713810"><ele>1160.6</ele></trkpt>
      <trkpt lat="49.170592" lon="19.713794"><ele>1160.4</ele></trkpt>
      <trkpt lat="49.170566" lon="19.713778"><ele>1160.2</ele></trkpt>
      <trkpt lat="49.170528" lon="19.713778"><ele>1159.8</ele></trkpt>
      <trkpt lat="49.170490" lon="19.713781"><ele>1159.6</ele></trkpt>
      <trkpt lat="49.170454" lon="19.713786"><ele>1159.2</ele></trkpt>
      <trkpt lat="49.170422" lon="19.713779"><ele>1159.0</ele></trkpt>
      <trkpt lat="49.170390" lon="19.713765"><ele>1158.8</ele></trkpt>
      <trkpt lat="49.170355" lon="19.713755"><ele>1158.4</ele></trkpt>
      <trkpt lat="49.170330" lon="19.713760"><ele>1158.0</ele></trkpt>
      <trkpt lat="49.170307" lon="19.713757"><ele>1157.8</ele></trkpt>
      <trkpt lat="49.170285" lon="19.713752"><ele>1157.4</ele></trkpt>
      <trkpt lat="49.170266" lon="19.713757"><ele>1157.0</ele></trkpt>
      <trkpt lat="49.170240" lon="19.713762"><ele>1156.8</ele></trkpt>
      <trkpt lat="49.170211" lon="19.713770"><ele>1156.6</ele></trkpt>
      <trkpt lat="49.170189" lon="19.713768"><ele>1156.2</ele></trkpt>
      <trkpt lat="49.170157" lon="19.713768"><ele>1155.8</ele></trkpt>
      <trkpt lat="49.170128" lon="19.713766"><ele>1155.6</ele></trkpt>
      <trkpt lat="49.170096" lon="19.713765"><ele>1155.2</ele></trkpt>
      <trkpt lat="49.170064" lon="19.713758"><ele>1154.8</ele></trkpt>
      <trkpt lat="49.170032" lon="19.713758"><ele>1154.4</ele></trkpt>
      <trkpt lat="49.170003" lon="19.713750"><ele>1154.0</ele></trkpt>
      <trkpt lat="49.169971" lon="19.713739"><ele>1153.6</ele></trkpt>
      <trkpt lat="49.169946" lon="19.713730"><ele>1153.2</ele></trkpt>
      <trkpt lat="49.169914" lon="19.713718"><ele>1152.8</ele></trkpt>
      <trkpt lat="49.169885" lon="19.713710"><ele>1152.4</ele></trkpt>
      <trkpt lat="49.169853" lon="19.713702"><ele>1152.0</ele></trkpt>
      <trkpt lat="49.169818" lon="19.713694"><ele>1151.8</ele></trkpt>
      <trkpt lat="49.169789" lon="19.713694"><ele>1151.4</ele></trkpt>
      <trkpt lat="49.169757" lon="19.713682"><ele>1151.0</ele></trkpt>
      <trkpt lat="49.169731" lon="19.713672"><ele>1150.6</ele></trkpt>
      <trkpt lat="49.169696" lon="19.713662"><ele>1150.4</ele></trkpt>
      <trkpt lat="49.169667" lon="19.713656"><ele>1150.0</ele></trkpt>
      <trkpt lat="49.169638" lon="19.713646"><ele>1149.6</ele></trkpt>
      <trkpt lat="49.169616" lon="19.713632"><ele>1149.4</ele></trkpt>
      <trkpt lat="49.169587" lon="19.713621"><ele>1149.2</ele></trkpt>
      <trkpt lat="49.169565" lon="19.713622"><ele>1149.0</ele></trkpt>
      <trkpt lat="49.169526" lon="19.713616"><ele>1148.8</ele></trkpt>
      <trkpt lat="49.169494" lon="19.713618"><ele>1148.6</ele></trkpt>
      <trkpt lat="49.169469" lon="19.713613"><ele>1148.2</ele></trkpt>
      <trkpt lat="49.169437" lon="19.713606"><ele>1148.0</ele></trkpt>
      <trkpt lat="49.169408" lon="19.713603"><ele>1147.8</ele></trkpt>
      <trkpt lat="49.169379" lon="19.713606"><ele>1147.6</ele></trkpt>
      <trkpt lat="49.169350" lon="19.713598"><ele>1147.4</ele></trkpt>
      <trkpt lat="49.169328" lon="19.713592"><ele>1147.2</ele></trkpt>
      <trkpt lat="49.169299" lon="19.713587"><ele>1147.0</ele></trkpt>
      <trkpt lat="49.169280" lon="19.713579"><ele>1146.8</ele></trkpt>
      <trkpt lat="49.169251" lon="19.713571"><ele>1146.6</ele></trkpt>
      <trkpt lat="49.169219" lon="19.713570"><ele>1146.4</ele></trkpt>
      <trkpt lat="49.169190" lon="19.713560"><ele>1146.2</ele></trkpt>
      <trkpt lat="49.169162" lon="19.713539"><ele>1146.0</ele></trkpt>
      <trkpt lat="49.169136" lon="19.713526"><ele>1145.8</ele></trkpt>
      <trkpt lat="49.169104" lon="19.713510"><ele>1145.4</ele></trkpt>
      <trkpt lat="49.169078" lon="19.713499"><ele>1145.2</ele></trkpt>
      <trkpt lat="49.169050" lon="19.713486"><ele>1145.0</ele></trkpt>
      <trkpt lat="49.169021" lon="19.713470"><ele>1144.6</ele></trkpt>
      <trkpt lat="49.168992" lon="19.713453"><ele>1144.4</ele></trkpt>
      <trkpt lat="49.168960" lon="19.713440"><ele>1144.0</ele></trkpt>
      <trkpt lat="49.168931" lon="19.713424"><ele>1143.8</ele></trkpt>
      <trkpt lat="49.168899" lon="19.713411"><ele>1143.4</ele></trkpt>
      <trkpt lat="49.168864" lon="19.713400"><ele>1143.2</ele></trkpt>
      <trkpt lat="49.168832" lon="19.713392"><ele>1142.8</ele></trkpt>
      <trkpt lat="49.168797" lon="19.713384"><ele>1142.6</ele></trkpt>
      <trkpt lat="49.168765" lon="19.713381"><ele>1142.2</ele></trkpt>
      <trkpt lat="49.168736" lon="19.713374"><ele>1142.0</ele></trkpt>
      <trkpt lat="49.168710" lon="19.713362"><ele>1141.6</ele></trkpt>
      <trkpt lat="49.168682" lon="19.713354"><ele>1141.4</ele></trkpt>
      <trkpt lat="49.168656" lon="19.713347"><ele>1141.0</ele></trkpt>
      <trkpt lat="49.168624" lon="19.713330"><ele>1140.6</ele></trkpt>
      <trkpt lat="49.168598" lon="19.713312"><ele>1140.4</ele></trkpt>
      <trkpt lat="49.168573" lon="19.713301"><ele>1140.2</ele></trkpt>
      <trkpt lat="49.168538" lon="19.713298"><ele>1140.0</ele></trkpt>
      <trkpt lat="49.168506" lon="19.713288"><ele>1139.6</ele></trkpt>
      <trkpt lat="49.168477" lon="19.713283"><ele>1139.4</ele></trkpt>
      <trkpt lat="49.168442" lon="19.713275"><ele>1139.2</ele></trkpt>
      <trkpt lat="49.168413" lon="19.713270"><ele>1139.2</ele></trkpt>
      <trkpt lat="49.168374" lon="19.713272"><ele>1139.0</ele></trkpt>
      <trkpt lat="49.168342" lon="19.713269"><ele>1138.8</ele></trkpt>
      <trkpt lat="49.168314" lon="19.713269"><ele>1138.6</ele></trkpt>
      <trkpt lat="49.168285" lon="19.713262"><ele>1138.6</ele></trkpt>
      <trkpt lat="49.168259" lon="19.713262"><ele>1138.4</ele></trkpt>
      <trkpt lat="49.168227" lon="19.713258"><ele>1138.2</ele></trkpt>
      <trkpt lat="49.168202" lon="19.713259"><ele>1138.0</ele></trkpt>
      <trkpt lat="49.168176" lon="19.713250"><ele>1137.8</ele></trkpt>
      <trkpt lat="49.168150" lon="19.713234"><ele>1137.4</ele></trkpt>
      <trkpt lat="49.168125" lon="19.713211"><ele>1137.2</ele></trkpt>
      <trkpt lat="49.168102" lon="19.713192"><ele>1137.0</ele></trkpt>
      <trkpt lat="49.168077" lon="19.713171"><ele>1136.8</ele></trkpt>
      <trkpt lat="49.168058" lon="19.713152"><ele>1136.4</ele></trkpt>
      <trkpt lat="49.168029" lon="19.713146"><ele>1136.2</ele></trkpt>
      <trkpt lat="49.167997" lon="19.713149"><ele>1135.8</ele></trkpt>
      <trkpt lat="49.167968" lon="19.713144"><ele>1135.8</ele></trkpt>
      <trkpt lat="49.167936" lon="19.713144"><ele>1135.4</ele></trkpt>
      <trkpt lat="49.167901" lon="19.713131"><ele>1135.2</ele></trkpt>
      <trkpt lat="49.167872" lon="19.713125"><ele>1135.0</ele></trkpt>
      <trkpt lat="49.167846" lon="19.713131"><ele>1134.8</ele></trkpt>
      <trkpt lat="49.167821" lon="19.713115"><ele>1134.6</ele></trkpt>
      <trkpt lat="49.167789" lon="19.713130"><ele>1134.4</ele></trkpt>
      <trkpt lat="49.167754" lon="19.713123"><ele>1134.2</ele></trkpt>
      <trkpt lat="49.167725" lon="19.713122"><ele>1133.8</ele></trkpt>
      <trkpt lat="49.167699" lon="19.713120"><ele>1133.6</ele></trkpt>
      <trkpt lat="49.167664" lon="19.713109"><ele>1133.2</ele></trkpt>
      <trkpt lat="49.167638" lon="19.713091"><ele>1133.0</ele></trkpt>
      <trkpt lat="49.167606" lon="19.713083"><ele>1132.8</ele></trkpt>
      <trkpt lat="49.167584" lon="19.713080"><ele>1132.4</ele></trkpt>
      <trkpt lat="49.167555" lon="19.713072"><ele>1132.2</ele></trkpt>
      <trkpt lat="49.167530" lon="19.713061"><ele>1132.0</ele></trkpt>
      <trkpt lat="49.167504" lon="19.713051"><ele>1131.6</ele></trkpt>
      <trkpt lat="49.167469" lon="19.713045"><ele>1131.4</ele></trkpt>
      <trkpt lat="49.167446" lon="19.713037"><ele>1131.2</ele></trkpt>
      <trkpt lat="49.167414" lon="19.713027"><ele>1131.0</ele></trkpt>
      <trkpt lat="49.167382" lon="19.713024"><ele>1130.6</ele></trkpt>
      <trkpt lat="49.167347" lon="19.713024"><ele>1130.4</ele></trkpt>
      <trkpt lat="49.167322" lon="19.713005"><ele>1130.2</ele></trkpt>
      <trkpt lat="49.167296" lon="19.712992"><ele>1130.0</ele></trkpt>
      <trkpt lat="49.167277" lon="19.712990"><ele>1129.8</ele></trkpt>
      <trkpt lat="49.167242" lon="19.712982"><ele>1129.4</ele></trkpt>
      <trkpt lat="49.167213" lon="19.712957"><ele>1129.2</ele></trkpt>
      <trkpt lat="49.167171" lon="19.712936"><ele>1129.0</ele></trkpt>
      <trkpt lat="49.167133" lon="19.712915"><ele>1128.8</ele></trkpt>
      <trkpt lat="49.167098" lon="19.712910"><ele>1128.6</ele></trkpt>
      <trkpt lat="49.167066" lon="19.712906"><ele>1128.2</ele></trkpt>
      <trkpt lat="49.167030" lon="19.712906"><ele>1128.0</ele></trkpt>
      <trkpt lat="49.166995" lon="19.712885"><ele>1127.6</ele></trkpt>
      <trkpt lat="49.166966" lon="19.712866"><ele>1127.4</ele></trkpt>
      <trkpt lat="49.166938" lon="19.712845"><ele>1127.2</ele></trkpt>
      <trkpt lat="49.166909" lon="19.712826"><ele>1126.8</ele></trkpt>
      <trkpt lat="49.166880" lon="19.712806"><ele>1126.4</ele></trkpt>
      <trkpt lat="49.166851" lon="19.712794"><ele>1126.2</ele></trkpt>
      <trkpt lat="49.166819" lon="19.712786"><ele>1125.8</ele></trkpt>
      <trkpt lat="49.166790" lon="19.712773"><ele>1125.6</ele></trkpt>
      <trkpt lat="49.166758" lon="19.712757"><ele>1125.2</ele></trkpt>
      <trkpt lat="49.166720" lon="19.712738"><ele>1125.0</ele></trkpt>
      <trkpt lat="49.166691" lon="19.712723"><ele>1125.0</ele></trkpt>
      <trkpt lat="49.166672" lon="19.712707"><ele>1124.6</ele></trkpt>
      <trkpt lat="49.166653" lon="19.712693"><ele>1124.2</ele></trkpt>
      <trkpt lat="49.166630" lon="19.712675"><ele>1123.8</ele></trkpt>
      <trkpt lat="49.166602" lon="19.712654"><ele>1123.6</ele></trkpt>
      <trkpt lat="49.166576" lon="19.712643"><ele>1123.4</ele></trkpt>
      <trkpt lat="49.166550" lon="19.712632"><ele>1123.2</ele></trkpt>
      <trkpt lat="49.166528" lon="19.712618"><ele>1123.0</ele></trkpt>
      <trkpt lat="49.166509" lon="19.712603"><ele>1122.6</ele></trkpt>
      <trkpt lat="49.166490" lon="19.712589"><ele>1122.4</ele></trkpt>
      <trkpt lat="49.166461" lon="19.712568"><ele>1122.0</ele></trkpt>
      <trkpt lat="49.166432" lon="19.712563"><ele>1121.6</ele></trkpt>
      <trkpt lat="49.166400" lon="19.712554"><ele>1121.4</ele></trkpt>
      <trkpt lat="49.166378" lon="19.712544"><ele>1121.0</ele></trkpt>
      <trkpt lat="49.166355" lon="19.712539"><ele>1120.8</ele></trkpt>
      <trkpt lat="49.166330" lon="19.712536"><ele>1120.4</ele></trkpt>
      <trkpt lat="49.166298" lon="19.712536"><ele>1120.2</ele></trkpt>
      <trkpt lat="49.166262" lon="19.712538"><ele>1119.8</ele></trkpt>
      <trkpt lat="49.166221" lon="19.712547"><ele>1119.6</ele></trkpt>
      <trkpt lat="49.166189" lon="19.712539"><ele>1119.4</ele></trkpt>
      <trkpt lat="49.166138" lon="19.712554"><ele>1119.2</ele></trkpt>
      <trkpt lat="49.166102" lon="19.712546"><ele>1119.0</ele></trkpt>
      <trkpt lat="49.166074" lon="19.712536"><ele>1118.6</ele></trkpt>
      <trkpt lat="49.166035" lon="19.712536"><ele>1118.4</ele></trkpt>
      <trkpt lat="49.166013" lon="19.712544"><ele>1118.2</ele></trkpt>
      <trkpt lat="49.165974" lon="19.712555"><ele>1118.0</ele></trkpt>
      <trkpt lat="49.165942" lon="19.712557"><ele>1117.8</ele></trkpt>
      <trkpt lat="49.165914" lon="19.712558"><ele>1117.6</ele></trkpt>
      <trkpt lat="49.165891" lon="19.712557"><ele>1117.2</ele></trkpt>
      <trkpt lat="49.165859" lon="19.712563"><ele>1117.0</ele></trkpt>
      <trkpt lat="49.165824" lon="19.712563"><ele>1116.8</ele></trkpt>
      <trkpt lat="49.165805" lon="19.712563"><ele>1116.6</ele></trkpt>
      <trkpt lat="49.165766" lon="19.712576"><ele>1116.4</ele></trkpt>
      <trkpt lat="49.165734" lon="19.712570"><ele>1116.2</ele></trkpt>
      <trkpt lat="49.165702" lon="19.712573"><ele>1116.0</ele></trkpt>
      <trkpt lat="49.165677" lon="19.712570"><ele>1115.8</ele></trkpt>
      <trkpt lat="49.165654" lon="19.712565"><ele>1115.6</ele></trkpt>
      <trkpt lat="49.165635" lon="19.712578"><ele>1115.4</ele></trkpt>
      <trkpt lat="49.165603" lon="19.712587"><ele>1115.2</ele></trkpt>
      <trkpt lat="49.165578" lon="19.712600"><ele>1115.2</ele></trkpt>
      <trkpt lat="49.165555" lon="19.712610"><ele>1115.0</ele></trkpt>
      <trkpt lat="49.165536" lon="19.712622"><ele>1114.8</ele></trkpt>
      <trkpt lat="49.165514" lon="19.712627"><ele>1114.8</ele></trkpt>
      <trkpt lat="49.165475" lon="19.712658"><ele>1114.6</ele></trkpt>
      <trkpt lat="49.165440" lon="19.712682"><ele>1114.4</ele></trkpt>
      <trkpt lat="49.165402" lon="19.712715"><ele>1114.2</ele></trkpt>
      <trkpt lat="49.165360" lon="19.712738"><ele>1114.0</ele></trkpt>
      <trkpt lat="49.165325" lon="19.712773"><ele>1113.8</ele></trkpt>
      <trkpt lat="49.165290" lon="19.712797"><ele>1113.6</ele></trkpt>
      <trkpt lat="49.165267" lon="19.712813"><ele>1113.6</ele></trkpt>
      <trkpt lat="49.165238" lon="19.712834"><ele>1113.0</ele></trkpt>
      <trkpt lat="49.165206" lon="19.712838"><ele>1112.8</ele></trkpt>
      <trkpt lat="49.165178" lon="19.712827"><ele>1112.6</ele></trkpt>
      <trkpt lat="49.165149" lon="19.712813"><ele>1112.4</ele></trkpt>
      <trkpt lat="49.165117" lon="19.712786"><ele>1112.2</ele></trkpt>
      <trkpt lat="49.165069" lon="19.712789"><ele>1112.0</ele></trkpt>
      <trkpt lat="49.165024" lon="19.712794"><ele>1111.8</ele></trkpt>
      <trkpt lat="49.164982" lon="19.712813"><ele>1111.6</ele></trkpt>
      <trkpt lat="49.164947" lon="19.712834"><ele>1111.4</ele></trkpt>
      <trkpt lat="49.164918" lon="19.712853"><ele>1111.2</ele></trkpt>
      <trkpt lat="49.164890" lon="19.712867"><ele>1111.2</ele></trkpt>
      <trkpt lat="49.164861" lon="19.712866"><ele>1111.0</ele></trkpt>
      <trkpt lat="49.164810" lon="19.712888"><ele>1110.8</ele></trkpt>
      <trkpt lat="49.164768" lon="19.712878"><ele>1110.4</ele></trkpt>
      <trkpt lat="49.164730" lon="19.712864"><ele>1110.2</ele></trkpt>
      <trkpt lat="49.164694" lon="19.712848"><ele>1110.0</ele></trkpt>
      <trkpt lat="49.164672" lon="19.712813"><ele>1109.8</ele></trkpt>
      <trkpt lat="49.164650" lon="19.712794"><ele>1109.6</ele></trkpt>
      <trkpt lat="49.164634" lon="19.712778"><ele>1109.4</ele></trkpt>
      <trkpt lat="49.164605" lon="19.712773"><ele>1109.0</ele></trkpt>
      <trkpt lat="49.164573" lon="19.712784"><ele>1109.0</ele></trkpt>
      <trkpt lat="49.164547" lon="19.712762"><ele>1108.6</ele></trkpt>
      <trkpt lat="49.164525" lon="19.712757"><ele>1108.4</ele></trkpt>
      <trkpt lat="49.164496" lon="19.712773"><ele>1108.2</ele></trkpt>
      <trkpt lat="49.164470" lon="19.712805"><ele>1108.0</ele></trkpt>
      <trkpt lat="49.164448" lon="19.712824"><ele>1107.8</ele></trkpt>
      <trkpt lat="49.164426" lon="19.712838"><ele>1107.8</ele></trkpt>
      <trkpt lat="49.164403" lon="19.712846"><ele>1107.6</ele></trkpt>
      <trkpt lat="49.164378" lon="19.712845"><ele>1107.4</ele></trkpt>
      <trkpt lat="49.164349" lon="19.712861"><ele>1107.2</ele></trkpt>
      <trkpt lat="49.164323" lon="19.712870"><ele>1107.0</ele></trkpt>
      <trkpt lat="49.164288" lon="19.712866"><ele>1106.8</ele></trkpt>
      <trkpt lat="49.164250" lon="19.712888"><ele>1106.6</ele></trkpt>
      <trkpt lat="49.164214" lon="19.712891"><ele>1106.4</ele></trkpt>
      <trkpt lat="49.164170" lon="19.712883"><ele>1106.2</ele></trkpt>
      <trkpt lat="49.164134" lon="19.712851"><ele>1106.0</ele></trkpt>
      <trkpt lat="49.164093" lon="19.712838"><ele>1105.8</ele></trkpt>
      <trkpt lat="49.164051" lon="19.712864"><ele>1105.6</ele></trkpt>
      <trkpt lat="49.164013" lon="19.712862"><ele>1105.4</ele></trkpt>
      <trkpt lat="49.163990" lon="19.712867"><ele>1105.2</ele></trkpt>
      <trkpt lat="49.163965" lon="19.712888"><ele>1105.0</ele></trkpt>
      <trkpt lat="49.163936" lon="19.712922"><ele>1104.8</ele></trkpt>
      <trkpt lat="49.163910" lon="19.712944"><ele>1104.8</ele></trkpt>
      <trkpt lat="49.163885" lon="19.712934"><ele>1104.6</ele></trkpt>
      <trkpt lat="49.163859" lon="19.712931"><ele>1104.6</ele></trkpt>
      <trkpt lat="49.163840" lon="19.712920"><ele>1104.4</ele></trkpt>
      <trkpt lat="49.163818" lon="19.712906"><ele>1104.4</ele></trkpt>
      <trkpt lat="49.163786" lon="19.712906"><ele>1104.2</ele></trkpt>
      <trkpt lat="49.163750" lon="19.712907"><ele>1104.0</ele></trkpt>
      <trkpt lat="49.163718" lon="19.712914"><ele>1104.0</ele></trkpt>
      <trkpt lat="49.163690" lon="19.712912"><ele>1103.8</ele></trkpt>
      <trkpt lat="49.163661" lon="19.712917"><ele>1103.6</ele></trkpt>
      <trkpt lat="49.163619" lon="19.712933"><ele>1103.4</ele></trkpt>
      <trkpt lat="49.163578" lon="19.712952"><ele>1103.4</ele></trkpt>
      <trkpt lat="49.163536" lon="19.712947"><ele>1103.0</ele></trkpt>
      <trkpt lat="49.163488" lon="19.712957"><ele>1102.8</ele></trkpt>
      <trkpt lat="49.163443" lon="19.712947"><ele>1102.6</ele></trkpt>
      <trkpt lat="49.163405" lon="19.712923"><ele>1102.6</ele></trkpt>
      <trkpt lat="49.163360" lon="19.712925"><ele>1102.2</ele></trkpt>
      <trkpt lat="49.163318" lon="19.712933"><ele>1102.0</ele></trkpt>
      <trkpt lat="49.163283" lon="19.712926"><ele>1102.0</ele></trkpt>
      <trkpt lat="49.163264" lon="19.712891"><ele>1101.8</ele></trkpt>
      <trkpt lat="49.163238" lon="19.712866"><ele>1101.6</ele></trkpt>
      <trkpt lat="49.163210" lon="19.712845"><ele>1101.4</ele></trkpt>
      <trkpt lat="49.163181" lon="19.712826"><ele>1101.0</ele></trkpt>
      <trkpt lat="49.163155" lon="19.712818"><ele>1100.6</ele></trkpt>
      <trkpt lat="49.163126" lon="19.712808"><ele>1100.4</ele></trkpt>
      <trkpt lat="49.163098" lon="19.712789"><ele>1100.4</ele></trkpt>
      <trkpt lat="49.163075" lon="19.712786"><ele>1100.2</ele></trkpt>
      <trkpt lat="49.163040" lon="19.712771"><ele>1100.0</ele></trkpt>
      <trkpt lat="49.162992" lon="19.712773"><ele>1099.8</ele></trkpt>
      <trkpt lat="49.162941" lon="19.712766"><ele>1099.8</ele></trkpt>
      <trkpt lat="49.162906" lon="19.712754"><ele>1099.4</ele></trkpt>
      <trkpt lat="49.162883" lon="19.712717"><ele>1099.2</ele></trkpt>
      <trkpt lat="49.162854" lon="19.712712"><ele>1099.0</ele></trkpt>
      <trkpt lat="49.162819" lon="19.712707"><ele>1098.8</ele></trkpt>
      <trkpt lat="49.162784" lon="19.712699"><ele>1098.6</ele></trkpt>
      <trkpt lat="49.162742" lon="19.712699"><ele>1098.4</ele></trkpt>
      <trkpt lat="49.162714" lon="19.712694"><ele>1098.2</ele></trkpt>
      <trkpt lat="49.162688" lon="19.712688"><ele>1098.0</ele></trkpt>
      <trkpt lat="49.162646" lon="19.712690"><ele>1098.0</ele></trkpt>
      <trkpt lat="49.162608" lon="19.712694"><ele>1097.8</ele></trkpt>
      <trkpt lat="49.162579" lon="19.712702"><ele>1097.6</ele></trkpt>
      <trkpt lat="49.162541" lon="19.712704"><ele>1097.4</ele></trkpt>
      <trkpt lat="49.162490" lon="19.712702"><ele>1097.2</ele></trkpt>
      <trkpt lat="49.162451" lon="19.712714"><ele>1097.2</ele></trkpt>
      <trkpt lat="49.162416" lon="19.712722"><ele>1097.0</ele></trkpt>
      <trkpt lat="49.162384" lon="19.712734"><ele>1096.8</ele></trkpt>
      <trkpt lat="49.162349" lon="19.712746"><ele>1096.6</ele></trkpt>
      <trkpt lat="49.162310" lon="19.712758"><ele>1096.4</ele></trkpt>
      <trkpt lat="49.162278" lon="19.712765"><ele>1096.4</ele></trkpt>
      <trkpt lat="49.162230" lon="19.712786"><ele>1096.2</ele></trkpt>
      <trkpt lat="49.162208" lon="19.712798"><ele>1095.8</ele></trkpt>
      <trkpt lat="49.162170" lon="19.712816"><ele>1095.6</ele></trkpt>
      <trkpt lat="49.162141" lon="19.712826"><ele>1095.4</ele></trkpt>
      <trkpt lat="49.162102" lon="19.712838"><ele>1095.2</ele></trkpt>
      <trkpt lat="49.162074" lon="19.712856"><ele>1095.0</ele></trkpt>
      <trkpt lat="49.162038" lon="19.712882"><ele>1094.6</ele></trkpt>
      <trkpt lat="49.162003" lon="19.712896"><ele>1094.2</ele></trkpt>
      <trkpt lat="49.161981" lon="19.712915"><ele>1093.8</ele></trkpt>
      <trkpt lat="49.161949" lon="19.712922"><ele>1093.6</ele></trkpt>
      <trkpt lat="49.161923" lon="19.712926"><ele>1093.4</ele></trkpt>
      <trkpt lat="49.161888" lon="19.712936"><ele>1093.0</ele></trkpt>
      <trkpt lat="49.161862" lon="19.712952"><ele>1092.8</ele></trkpt>
      <trkpt lat="49.161821" lon="19.712965"><ele>1092.4</ele></trkpt>
      <trkpt lat="49.161786" lon="19.712982"><ele>1092.0</ele></trkpt>
      <trkpt lat="49.161760" lon="19.713000"><ele>1091.8</ele></trkpt>
      <trkpt lat="49.161722" lon="19.713026"><ele>1091.4</ele></trkpt>
      <trkpt lat="49.161677" lon="19.713051"><ele>1091.2</ele></trkpt>
      <trkpt lat="49.161651" lon="19.713069"><ele>1090.8</ele></trkpt>
      <trkpt lat="49.161613" lon="19.713086"><ele>1090.8</ele></trkpt>
      <trkpt lat="49.161578" lon="19.713104"><ele>1090.6</ele></trkpt>
      <trkpt lat="49.161546" lon="19.713114"><ele>1090.4</ele></trkpt>
      <trkpt lat="49.161510" lon="19.713126"><ele>1090.0</ele></trkpt>
      <trkpt lat="49.161478" lon="19.713136"><ele>1089.8</ele></trkpt>
      <trkpt lat="49.161443" lon="19.713155"><ele>1089.6</ele></trkpt>
      <trkpt lat="49.161418" lon="19.713166"><ele>1089.2</ele></trkpt>
      <trkpt lat="49.161386" lon="19.713174"><ele>1089.0</ele></trkpt>
      <trkpt lat="49.161344" lon="19.713182"><ele>1088.8</ele></trkpt>
      <trkpt lat="49.161315" lon="19.713179"><ele>1088.6</ele></trkpt>
      <trkpt lat="49.161280" lon="19.713179"><ele>1088.4</ele></trkpt>
      <trkpt lat="49.161254" lon="19.713179"><ele>1088.2</ele></trkpt>
      <trkpt lat="49.161226" lon="19.713165"><ele>1088.0</ele></trkpt>
      <trkpt lat="49.161194" lon="19.713152"><ele>1087.8</ele></trkpt>
      <trkpt lat="49.161165" lon="19.713134"><ele>1087.8</ele></trkpt>
      <trkpt lat="49.161130" lon="19.713125"><ele>1087.6</ele></trkpt>
      <trkpt lat="49.161091" lon="19.713126"><ele>1087.4</ele></trkpt>
      <trkpt lat="49.161059" lon="19.713131"><ele>1087.4</ele></trkpt>
      <trkpt lat="49.161018" lon="19.713133"><ele>1087.2</ele></trkpt>
      <trkpt lat="49.160989" lon="19.713131"><ele>1087.0</ele></trkpt>
      <trkpt lat="49.160966" lon="19.713134"><ele>1086.8</ele></trkpt>
      <trkpt lat="49.160934" lon="19.713134"><ele>1086.6</ele></trkpt>
      <trkpt lat="49.160896" lon="19.713139"><ele>1086.4</ele></trkpt>
      <trkpt lat="49.160861" lon="19.713142"><ele>1086.2</ele></trkpt>
      <trkpt lat="49.160832" lon="19.713146"><ele>1086.0</ele></trkpt>
      <trkpt lat="49.160797" lon="19.713149"><ele>1085.8</ele></trkpt>
      <trkpt lat="49.160771" lon="19.713146"><ele>1085.6</ele></trkpt>
      <trkpt lat="49.160739" lon="19.713154"><ele>1085.4</ele></trkpt>
      <trkpt lat="49.160704" lon="19.713158"><ele>1085.2</ele></trkpt>
      <trkpt lat="49.160672" lon="19.713163"><ele>1085.2</ele></trkpt>
      <trkpt lat="49.160630" lon="19.713170"><ele>1084.8</ele></trkpt>
      <trkpt lat="49.160598" lon="19.713179"><ele>1084.6</ele></trkpt>
      <trkpt lat="49.160557" lon="19.713190"><ele>1084.2</ele></trkpt>
      <trkpt lat="49.160531" lon="19.713192"><ele>1083.8</ele></trkpt>
      <trkpt lat="49.160496" lon="19.713194"><ele>1083.6</ele></trkpt>
      <trkpt lat="49.160461" lon="19.713202"><ele>1083.4</ele></trkpt>
      <trkpt lat="49.160432" lon="19.713203"><ele>1083.0</ele></trkpt>
      <trkpt lat="49.160394" lon="19.713211"><ele>1082.8</ele></trkpt>
      <trkpt lat="49.160365" lon="19.713219"><ele>1082.4</ele></trkpt>
      <trkpt lat="49.160323" lon="19.713224"><ele>1082.0</ele></trkpt>
      <trkpt lat="49.160298" lon="19.713230"><ele>1081.8</ele></trkpt>
      <trkpt lat="49.160266" lon="19.713235"><ele>1081.4</ele></trkpt>
      <trkpt lat="49.160234" lon="19.713243"><ele>1081.2</ele></trkpt>
      <trkpt lat="49.160198" lon="19.713254"><ele>1080.8</ele></trkpt>
      <trkpt lat="49.160163" lon="19.713262"><ele>1080.4</ele></trkpt>
      <trkpt lat="49.160134" lon="19.713266"><ele>1080.0</ele></trkpt>
      <trkpt lat="49.160099" lon="19.713272"><ele>1079.8</ele></trkpt>
      <trkpt lat="49.160061" lon="19.713282"><ele>1079.4</ele></trkpt>
      <trkpt lat="49.160038" lon="19.713293"><ele>1079.2</ele></trkpt>
      <trkpt lat="49.160006" lon="19.713310"><ele>1078.8</ele></trkpt>
      <trkpt lat="49.159974" lon="19.713323"><ele>1078.6</ele></trkpt>
      <trkpt lat="49.159942" lon="19.713341"><ele>1078.2</ele></trkpt>
      <trkpt lat="49.159914" lon="19.713347"><ele>1078.0</ele></trkpt>
      <trkpt lat="49.159882" lon="19.713358"><ele>1077.6</ele></trkpt>
      <trkpt lat="49.159856" lon="19.713381"><ele>1077.2</ele></trkpt>
      <trkpt lat="49.159821" lon="19.713398"><ele>1076.8</ele></trkpt>
      <trkpt lat="49.159798" lon="19.713410"><ele>1076.6</ele></trkpt>
      <trkpt lat="49.159766" lon="19.713422"><ele>1076.2</ele></trkpt>
      <trkpt lat="49.159738" lon="19.713448"><ele>1076.0</ele></trkpt>
      <trkpt lat="49.159699" lon="19.713480"><ele>1075.6</ele></trkpt>
      <trkpt lat="49.159664" lon="19.713501"><ele>1075.2</ele></trkpt>
      <trkpt lat="49.159638" lon="19.713522"><ele>1075.0</ele></trkpt>
      <trkpt lat="49.159606" lon="19.713541"><ele>1074.8</ele></trkpt>
      <trkpt lat="49.159571" lon="19.713562"><ele>1074.6</ele></trkpt>
      <trkpt lat="49.159542" lon="19.713579"><ele>1074.2</ele></trkpt>
      <trkpt lat="49.159510" lon="19.713603"><ele>1073.8</ele></trkpt>
      <trkpt lat="49.159482" lon="19.713629"><ele>1073.4</ele></trkpt>
      <trkpt lat="49.159453" lon="19.713650"><ele>1073.0</ele></trkpt>
      <trkpt lat="49.159421" lon="19.713680"><ele>1072.6</ele></trkpt>
      <trkpt lat="49.159389" lon="19.713709"><ele>1072.2</ele></trkpt>
      <trkpt lat="49.159363" lon="19.713744"><ele>1071.8</ele></trkpt>
      <trkpt lat="49.159338" lon="19.713778"><ele>1071.4</ele></trkpt>
      <trkpt lat="49.159312" lon="19.713806"><ele>1071.2</ele></trkpt>
      <trkpt lat="49.159286" lon="19.713848"><ele>1070.8</ele></trkpt>
      <trkpt lat="49.159264" lon="19.713896"><ele>1070.4</ele></trkpt>
      <trkpt lat="49.159248" lon="19.713925"><ele>1070.2</ele></trkpt>
      <trkpt lat="49.159226" lon="19.713965"><ele>1069.8</ele></trkpt>
      <trkpt lat="49.159210" lon="19.714000"><ele>1069.4</ele></trkpt>
      <trkpt lat="49.159184" lon="19.714056"><ele>1069.0</ele></trkpt>
      <trkpt lat="49.159168" lon="19.714106"><ele>1068.6</ele></trkpt>
      <trkpt lat="49.159149" lon="19.714149"><ele>1068.2</ele></trkpt>
      <trkpt lat="49.159130" lon="19.714198"><ele>1067.8</ele></trkpt>
      <trkpt lat="49.159104" lon="19.714256"><ele>1067.6</ele></trkpt>
      <trkpt lat="49.159075" lon="19.714304"><ele>1067.2</ele></trkpt>
      <trkpt lat="49.159059" lon="19.714336"><ele>1066.8</ele></trkpt>
      <trkpt lat="49.159034" lon="19.714371"><ele>1066.4</ele></trkpt>
      <trkpt lat="49.159005" lon="19.714403"><ele>1066.0</ele></trkpt>
      <trkpt lat="49.158973" lon="19.714435"><ele>1065.8</ele></trkpt>
      <trkpt lat="49.158944" lon="19.714459"><ele>1065.4</ele></trkpt>
      <trkpt lat="49.158909" lon="19.714477"><ele>1065.0</ele></trkpt>
      <trkpt lat="49.158877" lon="19.714493"><ele>1064.8</ele></trkpt>
      <trkpt lat="49.158842" lon="19.714494"><ele>1064.4</ele></trkpt>
      <trkpt lat="49.158803" lon="19.714494"><ele>1064.2</ele></trkpt>
      <trkpt lat="49.158752" lon="19.714493"><ele>1063.8</ele></trkpt>
      <trkpt lat="49.158717" lon="19.714485"><ele>1063.4</ele></trkpt>
      <trkpt lat="49.158691" lon="19.714474"><ele>1063.0</ele></trkpt>
      <trkpt lat="49.158656" lon="19.714456"><ele>1062.4</ele></trkpt>
      <trkpt lat="49.158624" lon="19.714442"><ele>1062.0</ele></trkpt>
      <trkpt lat="49.158579" lon="19.714426"><ele>1061.6</ele></trkpt>
      <trkpt lat="49.158550" lon="19.714416"><ele>1061.2</ele></trkpt>
      <trkpt lat="49.158512" lon="19.714411"><ele>1061.0</ele></trkpt>
      <trkpt lat="49.158477" lon="19.714397"><ele>1060.6</ele></trkpt>
      <trkpt lat="49.158429" lon="19.714390"><ele>1060.2</ele></trkpt>
      <trkpt lat="49.158400" lon="19.714384"><ele>1059.8</ele></trkpt>
      <trkpt lat="49.158365" lon="19.714376"><ele>1059.2</ele></trkpt>
      <trkpt lat="49.158330" lon="19.714370"><ele>1058.8</ele></trkpt>
      <trkpt lat="49.158291" lon="19.714360"><ele>1058.2</ele></trkpt>
      <trkpt lat="49.158246" lon="19.714347"><ele>1057.8</ele></trkpt>
      <trkpt lat="49.158214" lon="19.714336"><ele>1057.2</ele></trkpt>
      <trkpt lat="49.158179" lon="19.714328"><ele>1056.8</ele></trkpt>
      <trkpt lat="49.158141" lon="19.714323"><ele>1056.6</ele></trkpt>
      <trkpt lat="49.158099" lon="19.714315"><ele>1056.2</ele></trkpt>
      <trkpt lat="49.158067" lon="19.714310"><ele>1056.0</ele></trkpt>
      <trkpt lat="49.158032" lon="19.714304"><ele>1055.6</ele></trkpt>
      <trkpt lat="49.158000" lon="19.714302"><ele>1055.2</ele></trkpt>
      <trkpt lat="49.157958" lon="19.714298"><ele>1054.8</ele></trkpt>
      <trkpt lat="49.157930" lon="19.714298"><ele>1054.6</ele></trkpt>
      <trkpt lat="49.157888" lon="19.714306"><ele>1054.2</ele></trkpt>
      <trkpt lat="49.157853" lon="19.714310"><ele>1053.8</ele></trkpt>
      <trkpt lat="49.157824" lon="19.714315"><ele>1053.4</ele></trkpt>
      <trkpt lat="49.157782" lon="19.714325"><ele>1053.0</ele></trkpt>
      <trkpt lat="49.157754" lon="19.714336"><ele>1052.6</ele></trkpt>
      <trkpt lat="49.157718" lon="19.714347"><ele>1052.2</ele></trkpt>
      <trkpt lat="49.157683" lon="19.714357"><ele>1052.0</ele></trkpt>
      <trkpt lat="49.157661" lon="19.714360"><ele>1051.6</ele></trkpt>
      <trkpt lat="49.157622" lon="19.714363"><ele>1051.2</ele></trkpt>
      <trkpt lat="49.157590" lon="19.714363"><ele>1050.8</ele></trkpt>
      <trkpt lat="49.157558" lon="19.714363"><ele>1050.4</ele></trkpt>
      <trkpt lat="49.157523" lon="19.714363"><ele>1050.0</ele></trkpt>
      <trkpt lat="49.157494" lon="19.714360"><ele>1049.6</ele></trkpt>
      <trkpt lat="49.157462" lon="19.714355"><ele>1049.2</ele></trkpt>
      <trkpt lat="49.157424" lon="19.714350"><ele>1048.8</ele></trkpt>
      <trkpt lat="49.157392" lon="19.714346"><ele>1048.4</ele></trkpt>
      <trkpt lat="49.157357" lon="19.714344"><ele>1048.0</ele></trkpt>
      <trkpt lat="49.157325" lon="19.714344"><ele>1047.8</ele></trkpt>
      <trkpt lat="49.157302" lon="19.714336"><ele>1047.4</ele></trkpt>
      <trkpt lat="49.157274" lon="19.714333"><ele>1047.0</ele></trkpt>
      <trkpt lat="49.157242" lon="19.714325"><ele>1046.6</ele></trkpt>
      <trkpt lat="49.157216" lon="19.714322"><ele>1046.2</ele></trkpt>
      <trkpt lat="49.157181" lon="19.714326"><ele>1045.8</ele></trkpt>
      <trkpt lat="49.157139" lon="19.714333"><ele>1045.4</ele></trkpt>
      <trkpt lat="49.157104" lon="19.714338"><ele>1045.0</ele></trkpt>
      <trkpt lat="49.157075" lon="19.714344"><ele>1044.8</ele></trkpt>
      <trkpt lat="49.157043" lon="19.714350"><ele>1044.6</ele></trkpt>
      <trkpt lat="49.157008" lon="19.714357"><ele>1044.2</ele></trkpt>
      <trkpt lat="49.156979" lon="19.714363"><ele>1044.0</ele></trkpt>
      <trkpt lat="49.156944" lon="19.714371"><ele>1043.8</ele></trkpt>
      <trkpt lat="49.156909" lon="19.714381"><ele>1043.6</ele></trkpt>
      <trkpt lat="49.156883" lon="19.714390"><ele>1043.2</ele></trkpt>
      <trkpt lat="49.156858" lon="19.714395"><ele>1042.8</ele></trkpt>
      <trkpt lat="49.156819" lon="19.714405"><ele>1042.4</ele></trkpt>
      <trkpt lat="49.156787" lon="19.714411"><ele>1042.0</ele></trkpt>
      <trkpt lat="49.156758" lon="19.714421"><ele>1041.8</ele></trkpt>
      <trkpt lat="49.156717" lon="19.714435"><ele>1041.4</ele></trkpt>
      <trkpt lat="49.156682" lon="19.714446"><ele>1041.0</ele></trkpt>
      <trkpt lat="49.156646" lon="19.714456"><ele>1040.6</ele></trkpt>
      <trkpt lat="49.156618" lon="19.714466"><ele>1040.2</ele></trkpt>
      <trkpt lat="49.156589" lon="19.714477"><ele>1039.8</ele></trkpt>
      <trkpt lat="49.156547" lon="19.714502"><ele>1039.6</ele></trkpt>
      <trkpt lat="49.156518" lon="19.714510"><ele>1039.2</ele></trkpt>
      <trkpt lat="49.156493" lon="19.714510"><ele>1038.8</ele></trkpt>
      <trkpt lat="49.156464" lon="19.714509"><ele>1038.2</ele></trkpt>
      <trkpt lat="49.156426" lon="19.714504"><ele>1037.8</ele></trkpt>
      <trkpt lat="49.156394" lon="19.714501"><ele>1037.6</ele></trkpt>
      <trkpt lat="49.156368" lon="19.714490"><ele>1037.2</ele></trkpt>
      <trkpt lat="49.156342" lon="19.714483"><ele>1036.8</ele></trkpt>
      <trkpt lat="49.156320" lon="19.714480"><ele>1036.4</ele></trkpt>
      <trkpt lat="49.156291" lon="19.714475"><ele>1036.0</ele></trkpt>
      <trkpt lat="49.156266" lon="19.714466"><ele>1035.6</ele></trkpt>
      <trkpt lat="49.156243" lon="19.714461"><ele>1035.2</ele></trkpt>
      <trkpt lat="49.156224" lon="19.714451"><ele>1035.0</ele></trkpt>
      <trkpt lat="49.156192" lon="19.714440"><ele>1034.6</ele></trkpt>
      <trkpt lat="49.156154" lon="19.714434"><ele>1034.4</ele></trkpt>
      <trkpt lat="49.156122" lon="19.714432"><ele>1034.0</ele></trkpt>
      <trkpt lat="49.156093" lon="19.714424"><ele>1033.8</ele></trkpt>
      <trkpt lat="49.156067" lon="19.714411"><ele>1033.4</ele></trkpt>
      <trkpt lat="49.156042" lon="19.714392"><ele>1033.2</ele></trkpt>
      <trkpt lat="49.156010" lon="19.714362"><ele>1032.8</ele></trkpt>
      <trkpt lat="49.155978" lon="19.714333"><ele>1032.4</ele></trkpt>
      <trkpt lat="49.155952" lon="19.714304"><ele>1032.0</ele></trkpt>
      <trkpt lat="49.155930" lon="19.714278"><ele>1031.6</ele></trkpt>
      <trkpt lat="49.155907" lon="19.714246"><ele>1031.2</ele></trkpt>
      <trkpt lat="49.155878" lon="19.714205"><ele>1030.8</ele></trkpt>
      <trkpt lat="49.155856" lon="19.714171"><ele>1030.4</ele></trkpt>
      <trkpt lat="49.155830" lon="19.714138"><ele>1029.8</ele></trkpt>
      <trkpt lat="49.155798" lon="19.714107"><ele>1029.4</ele></trkpt>
      <trkpt lat="49.155773" lon="19.714077"><ele>1029.0</ele></trkpt>
      <trkpt lat="49.155750" lon="19.714048"><ele>1028.6</ele></trkpt>
      <trkpt lat="49.155731" lon="19.714019"><ele>1028.2</ele></trkpt>
      <trkpt lat="49.155709" lon="19.713984"><ele>1027.8</ele></trkpt>
      <trkpt lat="49.155696" lon="19.713944"><ele>1027.4</ele></trkpt>
      <trkpt lat="49.155683" lon="19.713896"><ele>1027.0</ele></trkpt>
      <trkpt lat="49.155667" lon="19.713848"><ele>1026.8</ele></trkpt>
      <trkpt lat="49.155648" lon="19.713802"><ele>1026.4</ele></trkpt>
      <trkpt lat="49.155632" lon="19.713750"><ele>1026.0</ele></trkpt>
      <trkpt lat="49.155616" lon="19.713712"><ele>1025.6</ele></trkpt>
      <trkpt lat="49.155600" lon="19.713669"><ele>1025.2</ele></trkpt>
      <trkpt lat="49.155594" lon="19.713629"><ele>1025.0</ele></trkpt>
      <trkpt lat="49.155587" lon="19.713586"><ele>1024.6</ele></trkpt>
      <trkpt lat="49.155571" lon="19.713541"><ele>1024.2</ele></trkpt>
      <trkpt lat="49.155565" lon="19.713502"><ele>1024.0</ele></trkpt>
      <trkpt lat="49.155546" lon="19.713448"><ele>1023.6</ele></trkpt>
      <trkpt lat="49.155530" lon="19.713422"><ele>1023.4</ele></trkpt>
      <trkpt lat="49.155510" lon="19.713362"><ele>1023.0</ele></trkpt>
      <trkpt lat="49.155488" lon="19.713318"><ele>1022.8</ele></trkpt>
      <trkpt lat="49.155469" lon="19.713270"><ele>1022.6</ele></trkpt>
      <trkpt lat="49.155434" lon="19.713234"><ele>1022.4</ele></trkpt>
      <trkpt lat="49.155408" lon="19.713192"><ele>1022.0</ele></trkpt>
      <trkpt lat="49.155379" lon="19.713152"><ele>1021.8</ele></trkpt>
      <trkpt lat="49.155354" lon="19.713115"><ele>1021.6</ele></trkpt>
      <trkpt lat="49.155328" lon="19.713077"><ele>1021.4</ele></trkpt>
      <trkpt lat="49.155299" lon="19.713037"><ele>1021.0</ele></trkpt>
      <trkpt lat="49.155280" lon="19.712992"><ele>1020.6</ele></trkpt>
      <trkpt lat="49.155258" lon="19.712944"><ele>1020.4</ele></trkpt>
      <trkpt lat="49.155235" lon="19.712907"><ele>1020.2</ele></trkpt>
      <trkpt lat="49.155210" lon="19.712875"><ele>1019.8</ele></trkpt>
      <trkpt lat="49.155181" lon="19.712845"><ele>1019.6</ele></trkpt>
      <trkpt lat="49.155158" lon="19.712814"><ele>1019.2</ele></trkpt>
      <trkpt lat="49.155133" lon="19.712779"><ele>1018.8</ele></trkpt>
      <trkpt lat="49.155110" lon="19.712747"><ele>1018.4</ele></trkpt>
      <trkpt lat="49.155088" lon="19.712714"><ele>1018.0</ele></trkpt>
      <trkpt lat="49.155059" lon="19.712682"><ele>1017.6</ele></trkpt>
      <trkpt lat="49.155034" lon="19.712654"><ele>1017.2</ele></trkpt>
      <trkpt lat="49.154995" lon="19.712629"><ele>1017.0</ele></trkpt>
      <trkpt lat="49.154960" lon="19.712603"><ele>1016.6</ele></trkpt>
      <trkpt lat="49.154931" lon="19.712573"><ele>1016.4</ele></trkpt>
      <trkpt lat="49.154899" lon="19.712541"><ele>1016.2</ele></trkpt>
      <trkpt lat="49.154870" lon="19.712515"><ele>1015.8</ele></trkpt>
      <trkpt lat="49.154838" lon="19.712483"><ele>1015.6</ele></trkpt>
      <trkpt lat="49.154810" lon="19.712448"><ele>1015.2</ele></trkpt>
      <trkpt lat="49.154778" lon="19.712419"><ele>1015.0</ele></trkpt>
      <trkpt lat="49.154742" lon="19.712394"><ele>1014.6</ele></trkpt>
      <trkpt lat="49.154714" lon="19.712370"><ele>1014.4</ele></trkpt>
      <trkpt lat="49.154666" lon="19.712328"><ele>1014.2</ele></trkpt>
      <trkpt lat="49.154653" lon="19.712310"><ele>1013.8</ele></trkpt>
      <trkpt lat="49.154624" lon="19.712272"><ele>1013.6</ele></trkpt>
      <trkpt lat="49.154602" lon="19.712246"><ele>1013.4</ele></trkpt>
      <trkpt lat="49.154576" lon="19.712227"><ele>1013.0</ele></trkpt>
      <trkpt lat="49.154541" lon="19.712213"><ele>1012.8</ele></trkpt>
      <trkpt lat="49.154502" lon="19.712206"><ele>1012.6</ele></trkpt>
      <trkpt lat="49.154477" lon="19.712211"><ele>1012.4</ele></trkpt>
      <trkpt lat="49.154461" lon="19.712246"><ele>1012.0</ele></trkpt>
      <trkpt lat="49.154464" lon="19.712277"><ele>1011.8</ele></trkpt>
      <trkpt lat="49.154474" lon="19.712306"><ele>1011.6</ele></trkpt>
      <trkpt lat="49.154480" lon="19.712346"><ele>1011.4</ele></trkpt>
      <trkpt lat="49.154496" lon="19.712386"><ele>1011.2</ele></trkpt>
      <trkpt lat="49.154506" lon="19.712410"><ele>1011.0</ele></trkpt>
      <trkpt lat="49.154522" lon="19.712438"><ele>1010.8</ele></trkpt>
      <trkpt lat="49.154544" lon="19.712469"><ele>1010.8</ele></trkpt>
      <trkpt lat="49.154560" lon="19.712496"><ele>1010.8</ele></trkpt>
      <trkpt lat="49.154582" lon="19.712533"><ele>1010.8</ele></trkpt>
      <trkpt lat="49.154598" lon="19.712565"><ele>1010.8</ele></trkpt>
      <trkpt lat="49.154614" lon="19.712600"><ele>1010.8</ele></trkpt>
      <trkpt lat="49.154627" lon="19.712632"><ele>1010.8</ele></trkpt>
      <trkpt lat="49.154653" lon="19.712666"><ele>1010.8</ele></trkpt>
      <trkpt lat="49.154675" lon="19.712698"><ele>1010.6</ele></trkpt>
      <trkpt lat="49.154704" lon="19.712733"><ele>1010.6</ele></trkpt>
      <trkpt lat="49.154742" lon="19.712778"><ele>1010.6</ele></trkpt>
      <trkpt lat="49.154781" lon="19.712814"><ele>1010.6</ele></trkpt>
      <trkpt lat="49.154794" lon="19.712853"><ele>1010.6</ele></trkpt>
      <trkpt lat="49.154800" lon="19.712893"><ele>1010.4</ele></trkpt>
      <trkpt lat="49.154813" lon="19.712931"><ele>1010.4</ele></trkpt>
      <trkpt lat="49.154819" lon="19.712970"><ele>1010.4</ele></trkpt>
      <trkpt lat="49.154826" lon="19.713006"><ele>1010.4</ele></trkpt>
      <trkpt lat="49.154835" lon="19.713046"><ele>1010.4</ele></trkpt>
      <trkpt lat="49.154838" lon="19.713086"><ele>1010.4</ele></trkpt>
      <trkpt lat="49.154851" lon="19.713122"><ele>1010.4</ele></trkpt>
      <trkpt lat="49.154858" lon="19.713162"><ele>1010.4</ele></trkpt>
      <trkpt lat="49.154870" lon="19.713214"><ele>1010.6</ele></trkpt>
      <trkpt lat="49.154874" lon="19.713264"><ele>1010.4</ele></trkpt>
      <trkpt lat="49.154874" lon="19.713314"><ele>1010.4</ele></trkpt>
      <trkpt lat="49.154864" lon="19.713354"><ele>1010.4</ele></trkpt>
      <trkpt lat="49.154861" lon="19.713394"><ele>1010.4</ele></trkpt>
      <trkpt lat="49.154861" lon="19.713432"><ele>1010.4</ele></trkpt>
      <trkpt lat="49.154864" lon="19.713467"><ele>1010.2</ele></trkpt>
      <trkpt lat="49.154870" lon="19.713501"><ele>1010.2</ele></trkpt>
      <trkpt lat="49.154864" lon="19.713539"><ele>1010.2</ele></trkpt>
      <trkpt lat="49.154858" lon="19.713579"><ele>1010.2</ele></trkpt>
      <trkpt lat="49.154854" lon="19.713621"><ele>1010.0</ele></trkpt>
      <trkpt lat="49.154842" lon="19.713659"><ele>1010.0</ele></trkpt>
      <trkpt lat="49.154832" lon="19.713698"><ele>1009.8</ele></trkpt>
      <trkpt lat="49.154816" lon="19.713736"><ele>1009.8</ele></trkpt>
      <trkpt lat="49.154810" lon="19.713776"><ele>1009.8</ele></trkpt>
      <trkpt lat="49.154803" lon="19.713824"><ele>1009.8</ele></trkpt>
      <trkpt lat="49.154803" lon="19.713869"><ele>1009.8</ele></trkpt>
      <trkpt lat="49.154797" lon="19.713907"><ele>1009.8</ele></trkpt>
      <trkpt lat="49.154800" lon="19.713938"><ele>1009.6</ele></trkpt>
      <trkpt lat="49.154794" lon="19.713974"><ele>1009.8</ele></trkpt>
      <trkpt lat="49.154774" lon="19.714010"><ele>1009.8</ele></trkpt>
      <trkpt lat="49.154758" lon="19.714053"><ele>1009.6</ele></trkpt>
      <trkpt lat="49.154739" lon="19.714085"><ele>1009.6</ele></trkpt>
      <trkpt lat="49.154717" lon="19.714125"><ele>1009.4</ele></trkpt>
      <trkpt lat="49.154701" lon="19.714152"><ele>1009.4</ele></trkpt>
      <trkpt lat="49.154682" lon="19.714179"><ele>1009.4</ele></trkpt>
      <trkpt lat="49.154662" lon="19.714213"><ele>1009.2</ele></trkpt>
      <trkpt lat="49.154640" lon="19.714238"><ele>1009.2</ele></trkpt>
      <trkpt lat="49.154618" lon="19.714254"><ele>1009.0</ele></trkpt>
      <trkpt lat="49.154598" lon="19.714264"><ele>1009.0</ele></trkpt>
      <trkpt lat="49.154573" lon="19.714262"><ele>1008.8</ele></trkpt>
      <trkpt lat="49.154547" lon="19.714251"><ele>1008.8</ele></trkpt>
      <trkpt lat="49.154528" lon="19.714237"><ele>1008.6</ele></trkpt>
      <trkpt lat="49.154499" lon="19.714222"><ele>1008.6</ele></trkpt>
      <trkpt lat="49.154467" lon="19.714202"><ele>1008.4</ele></trkpt>
      <trkpt lat="49.154442" lon="19.714174"><ele>1008.2</ele></trkpt>
      <trkpt lat="49.154416" lon="19.714155"><ele>1008.0</ele></trkpt>
      <trkpt lat="49.154384" lon="19.714131"><ele>1007.8</ele></trkpt>
      <trkpt lat="49.154362" lon="19.714107"><ele>1007.6</ele></trkpt>
      <trkpt lat="49.154333" lon="19.714067"><ele>1007.4</ele></trkpt>
      <trkpt lat="49.154307" lon="19.714035"><ele>1007.2</ele></trkpt>
      <trkpt lat="49.154288" lon="19.713998"><ele>1006.8</ele></trkpt>
      <trkpt lat="49.154275" lon="19.713973"><ele>1006.6</ele></trkpt>
      <trkpt lat="49.154250" lon="19.713926"><ele>1006.4</ele></trkpt>
      <trkpt lat="49.154237" lon="19.713896"><ele>1006.0</ele></trkpt>
      <trkpt lat="49.154218" lon="19.713845"><ele>1005.6</ele></trkpt>
      <trkpt lat="49.154208" lon="19.713805"><ele>1005.4</ele></trkpt>
      <trkpt lat="49.154195" lon="19.713762"><ele>1005.0</ele></trkpt>
      <trkpt lat="49.154182" lon="19.713707"><ele>1004.6</ele></trkpt>
      <trkpt lat="49.154170" lon="19.713672"><ele>1004.4</ele></trkpt>
      <trkpt lat="49.154150" lon="19.713610"><ele>1003.8</ele></trkpt>
      <trkpt lat="49.154138" lon="19.713566"><ele>1003.6</ele></trkpt>
      <trkpt lat="49.154118" lon="19.713501"><ele>1003.2</ele></trkpt>
      <trkpt lat="49.154090" lon="19.713440"><ele>1002.8</ele></trkpt>
      <trkpt lat="49.154067" lon="19.713394"><ele>1002.4</ele></trkpt>
      <trkpt lat="49.154038" lon="19.713357"><ele>1002.0</ele></trkpt>
      <trkpt lat="49.154019" lon="19.713325"><ele>1001.6</ele></trkpt>
      <trkpt lat="49.153997" lon="19.713288"><ele>1001.4</ele></trkpt>
      <trkpt lat="49.153965" lon="19.713240"><ele>1001.0</ele></trkpt>
      <trkpt lat="49.153939" lon="19.713203"><ele>1000.8</ele></trkpt>
      <trkpt lat="49.153910" lon="19.713189"><ele>1000.4</ele></trkpt>
      <trkpt lat="49.153872" lon="19.713171"><ele>1000.0</ele></trkpt>
      <trkpt lat="49.153837" lon="19.713152"><ele>999.6</ele></trkpt>
      <trkpt lat="49.153802" lon="19.713125"><ele>999.2</ele></trkpt>
      <trkpt lat="49.153760" lon="19.713091"><ele>999.0</ele></trkpt>
      <trkpt lat="49.153728" lon="19.713075"><ele>998.6</ele></trkpt>
      <trkpt lat="49.153690" lon="19.713045"><ele>998.2</ele></trkpt>
      <trkpt lat="49.153667" lon="19.713022"><ele>997.8</ele></trkpt>
      <trkpt lat="49.153638" lon="19.712987"><ele>997.2</ele></trkpt>
      <trkpt lat="49.153610" lon="19.712954"><ele>996.8</ele></trkpt>
      <trkpt lat="49.153574" lon="19.712914"><ele>996.4</ele></trkpt>
      <trkpt lat="49.153549" lon="19.712866"><ele>996.2</ele></trkpt>
      <trkpt lat="49.153523" lon="19.712822"><ele>995.8</ele></trkpt>
      <trkpt lat="49.153485" lon="19.712776"><ele>995.6</ele></trkpt>
      <trkpt lat="49.153450" lon="19.712731"><ele>995.2</ele></trkpt>
      <trkpt lat="49.153427" lon="19.712688"><ele>994.8</ele></trkpt>
      <trkpt lat="49.153392" lon="19.712622"><ele>994.4</ele></trkpt>
      <trkpt lat="49.153360" lon="19.712576"><ele>994.0</ele></trkpt>
      <trkpt lat="49.153331" lon="19.712534"><ele>993.8</ele></trkpt>
      <trkpt lat="49.153312" lon="19.712496"><ele>993.4</ele></trkpt>
      <trkpt lat="49.153286" lon="19.712445"><ele>993.2</ele></trkpt>
      <trkpt lat="49.153261" lon="19.712405"><ele>992.8</ele></trkpt>
      <trkpt lat="49.153242" lon="19.712365"><ele>992.4</ele></trkpt>
      <trkpt lat="49.153222" lon="19.712334"><ele>992.0</ele></trkpt>
      <trkpt lat="49.153190" lon="19.712298"><ele>991.6</ele></trkpt>
      <trkpt lat="49.153155" lon="19.712251"><ele>991.4</ele></trkpt>
      <trkpt lat="49.153136" lon="19.712211"><ele>990.8</ele></trkpt>
      <trkpt lat="49.153110" lon="19.712154"><ele>990.4</ele></trkpt>
      <trkpt lat="49.153091" lon="19.712122"><ele>990.0</ele></trkpt>
      <trkpt lat="49.153066" lon="19.712078"><ele>989.6</ele></trkpt>
      <trkpt lat="49.153037" lon="19.712022"><ele>989.2</ele></trkpt>
      <trkpt lat="49.153008" lon="19.711982"><ele>988.8</ele></trkpt>
      <trkpt lat="49.152986" lon="19.711941"><ele>988.6</ele></trkpt>
      <trkpt lat="49.152963" lon="19.711909"><ele>988.2</ele></trkpt>
      <trkpt lat="49.152934" lon="19.711862"><ele>987.8</ele></trkpt>
      <trkpt lat="49.152899" lon="19.711795"><ele>987.6</ele></trkpt>
      <trkpt lat="49.152877" lon="19.711733"><ele>987.4</ele></trkpt>
      <trkpt lat="49.152858" lon="19.711680"><ele>987.2</ele></trkpt>
      <trkpt lat="49.152835" lon="19.711630"><ele>987.0</ele></trkpt>
      <trkpt lat="49.152806" lon="19.711594"><ele>986.6</ele></trkpt>
      <trkpt lat="49.152784" lon="19.711571"><ele>986.4</ele></trkpt>
      <trkpt lat="49.152755" lon="19.711525"><ele>986.2</ele></trkpt>
      <trkpt lat="49.152739" lon="19.711494"><ele>985.8</ele></trkpt>
      <trkpt lat="49.152720" lon="19.711453"><ele>985.6</ele></trkpt>
      <trkpt lat="49.152698" lon="19.711402"><ele>985.2</ele></trkpt>
      <trkpt lat="49.152675" lon="19.711371"><ele>985.0</ele></trkpt>
      <trkpt lat="49.152646" lon="19.711326"><ele>984.8</ele></trkpt>
      <trkpt lat="49.152618" lon="19.711293"><ele>984.4</ele></trkpt>
      <trkpt lat="49.152595" lon="19.711258"><ele>984.2</ele></trkpt>
      <trkpt lat="49.152570" lon="19.711210"><ele>984.0</ele></trkpt>
      <trkpt lat="49.152547" lon="19.711163"><ele>983.8</ele></trkpt>
      <trkpt lat="49.152522" lon="19.711117"><ele>983.4</ele></trkpt>
      <trkpt lat="49.152493" lon="19.711061"><ele>983.0</ele></trkpt>
      <trkpt lat="49.152474" lon="19.711008"><ele>982.6</ele></trkpt>
      <trkpt lat="49.152448" lon="19.710960"><ele>982.4</ele></trkpt>
      <trkpt lat="49.152419" lon="19.710920"><ele>982.0</ele></trkpt>
      <trkpt lat="49.152403" lon="19.710875"><ele>981.8</ele></trkpt>
      <trkpt lat="49.152390" lon="19.710827"><ele>981.6</ele></trkpt>
      <trkpt lat="49.152368" lon="19.710766"><ele>981.2</ele></trkpt>
      <trkpt lat="49.152352" lon="19.710712"><ele>981.0</ele></trkpt>
      <trkpt lat="49.152330" lon="19.710669"><ele>980.6</ele></trkpt>
      <trkpt lat="49.152307" lon="19.710621"><ele>980.4</ele></trkpt>
      <trkpt lat="49.152282" lon="19.710581"><ele>980.2</ele></trkpt>
      <trkpt lat="49.152259" lon="19.710522"><ele>980.0</ele></trkpt>
      <trkpt lat="49.152243" lon="19.710469"><ele>979.6</ele></trkpt>
      <trkpt lat="49.152224" lon="19.710419"><ele>979.4</ele></trkpt>
      <trkpt lat="49.152214" lon="19.710382"><ele>979.2</ele></trkpt>
      <trkpt lat="49.152198" lon="19.710330"><ele>978.8</ele></trkpt>
      <trkpt lat="49.152189" lon="19.710285"><ele>978.6</ele></trkpt>
      <trkpt lat="49.152173" lon="19.710242"><ele>978.0</ele></trkpt>
      <trkpt lat="49.152157" lon="19.710197"><ele>977.6</ele></trkpt>
      <trkpt lat="49.152141" lon="19.710170"><ele>977.2</ele></trkpt>
      <trkpt lat="49.152115" lon="19.710125"><ele>976.8</ele></trkpt>
      <trkpt lat="49.152090" lon="19.710072"><ele>976.6</ele></trkpt>
      <trkpt lat="49.152070" lon="19.710026"><ele>976.0</ele></trkpt>
      <trkpt lat="49.152051" lon="19.709989"><ele>975.8</ele></trkpt>
      <trkpt lat="49.152022" lon="19.709933"><ele>975.2</ele></trkpt>
      <trkpt lat="49.152000" lon="19.709882"><ele>974.8</ele></trkpt>
      <trkpt lat="49.151981" lon="19.709826"><ele>974.6</ele></trkpt>
      <trkpt lat="49.151958" lon="19.709782"><ele>974.2</ele></trkpt>
      <trkpt lat="49.151936" lon="19.709730"><ele>973.8</ele></trkpt>
      <trkpt lat="49.151914" lon="19.709669"><ele>973.0</ele></trkpt>
      <trkpt lat="49.151894" lon="19.709618"><ele>972.6</ele></trkpt>
      <trkpt lat="49.151878" lon="19.709568"><ele>972.0</ele></trkpt>
      <trkpt lat="49.151856" lon="19.709517"><ele>971.6</ele></trkpt>
      <trkpt lat="49.151834" lon="19.709462"><ele>971.2</ele></trkpt>
      <trkpt lat="49.151802" lon="19.709406"><ele>970.8</ele></trkpt>
      <trkpt lat="49.151766" lon="19.709362"><ele>970.6</ele></trkpt>
      <trkpt lat="49.151744" lon="19.709322"><ele>970.2</ele></trkpt>
      <trkpt lat="49.151718" lon="19.709267"><ele>970.0</ele></trkpt>
      <trkpt lat="49.151696" lon="19.709214"><ele>969.6</ele></trkpt>
      <trkpt lat="49.151667" lon="19.709165"><ele>969.4</ele></trkpt>
      <trkpt lat="49.151642" lon="19.709115"><ele>969.0</ele></trkpt>
      <trkpt lat="49.151616" lon="19.709072"><ele>968.8</ele></trkpt>
      <trkpt lat="49.151594" lon="19.709026"><ele>968.6</ele></trkpt>
      <trkpt lat="49.151574" lon="19.708979"><ele>968.2</ele></trkpt>
      <trkpt lat="49.151546" lon="19.708926"><ele>968.0</ele></trkpt>
      <trkpt lat="49.151523" lon="19.708880"><ele>967.6</ele></trkpt>
      <trkpt lat="49.151504" lon="19.708830"><ele>967.2</ele></trkpt>
      <trkpt lat="49.151482" lon="19.708784"><ele>967.0</ele></trkpt>
      <trkpt lat="49.151462" lon="19.708738"><ele>966.6</ele></trkpt>
      <trkpt lat="49.151443" lon="19.708693"><ele>966.4</ele></trkpt>
      <trkpt lat="49.151427" lon="19.708661"><ele>966.0</ele></trkpt>
      <trkpt lat="49.151402" lon="19.708622"><ele>965.6</ele></trkpt>
      <trkpt lat="49.151376" lon="19.708582"><ele>965.4</ele></trkpt>
      <trkpt lat="49.151347" lon="19.708533"><ele>965.2</ele></trkpt>
      <trkpt lat="49.151334" lon="19.708496"><ele>965.0</ele></trkpt>
      <trkpt lat="49.151306" lon="19.708438"><ele>964.6</ele></trkpt>
      <trkpt lat="49.151286" lon="19.708398"><ele>964.4</ele></trkpt>
      <trkpt lat="49.151264" lon="19.708354"><ele>964.2</ele></trkpt>
      <trkpt lat="49.151242" lon="19.708309"><ele>964.0</ele></trkpt>
      <trkpt lat="49.151219" lon="19.708266"><ele>964.0</ele></trkpt>
      <trkpt lat="49.151190" lon="19.708211"><ele>963.6</ele></trkpt>
      <trkpt lat="49.151168" lon="19.708176"><ele>963.4</ele></trkpt>
      <trkpt lat="49.151142" lon="19.708122"><ele>963.2</ele></trkpt>
      <trkpt lat="49.151120" lon="19.708077"><ele>962.8</ele></trkpt>
      <trkpt lat="49.151098" lon="19.708035"><ele>962.6</ele></trkpt>
      <trkpt lat="49.151072" lon="19.707989"><ele>962.4</ele></trkpt>
      <trkpt lat="49.151050" lon="19.707950"><ele>962.0</ele></trkpt>
      <trkpt lat="49.151021" lon="19.707893"><ele>961.6</ele></trkpt>
      <trkpt lat="49.150992" lon="19.707843"><ele>961.4</ele></trkpt>
      <trkpt lat="49.150973" lon="19.707792"><ele>961.2</ele></trkpt>
      <trkpt lat="49.150957" lon="19.707741"><ele>960.6</ele></trkpt>
      <trkpt lat="49.150941" lon="19.707701"><ele>960.2</ele></trkpt>
      <trkpt lat="49.150912" lon="19.707643"><ele>960.0</ele></trkpt>
      <trkpt lat="49.150899" lon="19.707594"><ele>959.6</ele></trkpt>
      <trkpt lat="49.150886" lon="19.707555"><ele>959.4</ele></trkpt>
      <trkpt lat="49.150867" lon="19.707512"><ele>959.2</ele></trkpt>
      <trkpt lat="49.150845" lon="19.707462"><ele>959.0</ele></trkpt>
      <trkpt lat="49.150832" lon="19.707424"><ele>958.8</ele></trkpt>
      <trkpt lat="49.150810" lon="19.707366"><ele>958.6</ele></trkpt>
      <trkpt lat="49.150794" lon="19.707322"><ele>958.4</ele></trkpt>
      <trkpt lat="49.150787" lon="19.707286"><ele>958.0</ele></trkpt>
      <trkpt lat="49.150768" lon="19.707243"><ele>957.8</ele></trkpt>
      <trkpt lat="49.150758" lon="19.707216"><ele>957.6</ele></trkpt>
      <trkpt lat="49.150733" lon="19.707181"><ele>957.2</ele></trkpt>
      <trkpt lat="49.150707" lon="19.707146"><ele>957.0</ele></trkpt>
      <trkpt lat="49.150685" lon="19.707109"><ele>956.8</ele></trkpt>
      <trkpt lat="49.150653" lon="19.707067"><ele>956.4</ele></trkpt>
      <trkpt lat="49.150630" lon="19.707040"><ele>956.0</ele></trkpt>
      <trkpt lat="49.150595" lon="19.706998"><ele>955.8</ele></trkpt>
      <trkpt lat="49.150563" lon="19.706960"><ele>955.6</ele></trkpt>
      <trkpt lat="49.150541" lon="19.706930"><ele>955.2</ele></trkpt>
      <trkpt lat="49.150509" lon="19.706886"><ele>955.0</ele></trkpt>
      <trkpt lat="49.150486" lon="19.706846"><ele>954.8</ele></trkpt>
      <trkpt lat="49.150464" lon="19.706814"><ele>954.6</ele></trkpt>
      <trkpt lat="49.150435" lon="19.706779"><ele>954.4</ele></trkpt>
      <trkpt lat="49.150410" lon="19.706750"><ele>954.0</ele></trkpt>
      <trkpt lat="49.150378" lon="19.706715"><ele>953.8</ele></trkpt>
      <trkpt lat="49.150349" lon="19.706662"><ele>953.6</ele></trkpt>
      <trkpt lat="49.150317" lon="19.706627"><ele>953.4</ele></trkpt>
      <trkpt lat="49.150291" lon="19.706600"><ele>953.4</ele></trkpt>
      <trkpt lat="49.150256" lon="19.706555"><ele>953.2</ele></trkpt>
      <trkpt lat="49.150230" lon="19.706522"><ele>953.0</ele></trkpt>
      <trkpt lat="49.150195" lon="19.706486"><ele>952.8</ele></trkpt>
      <trkpt lat="49.150163" lon="19.706458"><ele>952.6</ele></trkpt>
      <trkpt lat="49.150138" lon="19.706432"><ele>952.4</ele></trkpt>
      <trkpt lat="49.150109" lon="19.706394"><ele>952.2</ele></trkpt>
      <trkpt lat="49.150074" lon="19.706354"><ele>952.0</ele></trkpt>
      <trkpt lat="49.150045" lon="19.706315"><ele>951.8</ele></trkpt>
      <trkpt lat="49.150019" lon="19.706278"><ele>951.6</ele></trkpt>
      <trkpt lat="49.149997" lon="19.706242"><ele>951.4</ele></trkpt>
      <trkpt lat="49.149974" lon="19.706214"><ele>951.0</ele></trkpt>
      <trkpt lat="49.149949" lon="19.706170"><ele>950.8</ele></trkpt>
      <trkpt lat="49.149933" lon="19.706142"><ele>950.6</ele></trkpt>
      <trkpt lat="49.149907" lon="19.706114"><ele>950.4</ele></trkpt>
      <trkpt lat="49.149885" lon="19.706080"><ele>950.2</ele></trkpt>
      <trkpt lat="49.149856" lon="19.706042"><ele>949.8</ele></trkpt>
      <trkpt lat="49.149830" lon="19.705997"><ele>949.6</ele></trkpt>
      <trkpt lat="49.149802" lon="19.705971"><ele>949.4</ele></trkpt>
      <trkpt lat="49.149786" lon="19.705944"><ele>949.2</ele></trkpt>
      <trkpt lat="49.149754" lon="19.705901"><ele>949.0</ele></trkpt>
      <trkpt lat="49.149731" lon="19.705858"><ele>948.6</ele></trkpt>
      <trkpt lat="49.149702" lon="19.705821"><ele>948.6</ele></trkpt>
      <trkpt lat="49.149680" lon="19.705786"><ele>948.2</ele></trkpt>
      <trkpt lat="49.149654" lon="19.705742"><ele>948.0</ele></trkpt>
      <trkpt lat="49.149629" lon="19.705704"><ele>947.6</ele></trkpt>
      <trkpt lat="49.149603" lon="19.705667"><ele>947.4</ele></trkpt>
      <trkpt lat="49.149571" lon="19.705634"><ele>947.2</ele></trkpt>
      <trkpt lat="49.149533" lon="19.705605"><ele>946.8</ele></trkpt>
      <trkpt lat="49.149494" lon="19.705568"><ele>946.6</ele></trkpt>
      <trkpt lat="49.149459" lon="19.705536"><ele>946.2</ele></trkpt>
      <trkpt lat="49.149421" lon="19.705483"><ele>946.0</ele></trkpt>
      <trkpt lat="49.149398" lon="19.705434"><ele>945.6</ele></trkpt>
      <trkpt lat="49.149379" lon="19.705395"><ele>945.4</ele></trkpt>
      <trkpt lat="49.149344" lon="19.705339"><ele>945.0</ele></trkpt>
      <trkpt lat="49.149322" lon="19.705301"><ele>944.8</ele></trkpt>
      <trkpt lat="49.149290" lon="19.705269"><ele>944.6</ele></trkpt>
      <trkpt lat="49.149261" lon="19.705240"><ele>944.2</ele></trkpt>
      <trkpt lat="49.149222" lon="19.705198"><ele>944.0</ele></trkpt>
      <trkpt lat="49.149190" lon="19.705163"><ele>943.8</ele></trkpt>
      <trkpt lat="49.149152" lon="19.705136"><ele>943.6</ele></trkpt>
      <trkpt lat="49.149117" lon="19.705102"><ele>943.4</ele></trkpt>
      <trkpt lat="49.149094" lon="19.705061"><ele>943.0</ele></trkpt>
      <trkpt lat="49.149062" lon="19.705018"><ele>942.6</ele></trkpt>
      <trkpt lat="49.149043" lon="19.704974"><ele>942.2</ele></trkpt>
      <trkpt lat="49.149011" lon="19.704931"><ele>941.8</ele></trkpt>
      <trkpt lat="49.148982" lon="19.704901"><ele>941.4</ele></trkpt>
      <trkpt lat="49.148944" lon="19.704862"><ele>941.0</ele></trkpt>
      <trkpt lat="49.148906" lon="19.704830"><ele>941.0</ele></trkpt>
      <trkpt lat="49.148867" lon="19.704795"><ele>940.6</ele></trkpt>
      <trkpt lat="49.148832" lon="19.704765"><ele>940.4</ele></trkpt>
      <trkpt lat="49.148787" lon="19.704725"><ele>940.2</ele></trkpt>
      <trkpt lat="49.148762" lon="19.704699"><ele>940.0</ele></trkpt>
      <trkpt lat="49.148726" lon="19.704664"><ele>939.6</ele></trkpt>
      <trkpt lat="49.148685" lon="19.704630"><ele>939.4</ele></trkpt>
      <trkpt lat="49.148659" lon="19.704605"><ele>939.2</ele></trkpt>
      <trkpt lat="49.148621" lon="19.704570"><ele>938.8</ele></trkpt>
      <trkpt lat="49.148589" lon="19.704530"><ele>938.4</ele></trkpt>
      <trkpt lat="49.148563" lon="19.704486"><ele>938.2</ele></trkpt>
      <trkpt lat="49.148522" lon="19.704443"><ele>937.8</ele></trkpt>
      <trkpt lat="49.148502" lon="19.704408"><ele>937.6</ele></trkpt>
      <trkpt lat="49.148470" lon="19.704373"><ele>937.2</ele></trkpt>
      <trkpt lat="49.148438" lon="19.704342"><ele>937.0</ele></trkpt>
      <trkpt lat="49.148397" lon="19.704307"><ele>936.8</ele></trkpt>
      <trkpt lat="49.148368" lon="19.704286"><ele>936.8</ele></trkpt>
      <trkpt lat="49.148326" lon="19.704250"><ele>936.4</ele></trkpt>
      <trkpt lat="49.148301" lon="19.704226"><ele>936.2</ele></trkpt>
      <trkpt lat="49.148269" lon="19.704189"><ele>936.0</ele></trkpt>
      <trkpt lat="49.148237" lon="19.704154"><ele>935.8</ele></trkpt>
      <trkpt lat="49.148205" lon="19.704123"><ele>935.6</ele></trkpt>
      <trkpt lat="49.148173" lon="19.704094"><ele>935.2</ele></trkpt>
      <trkpt lat="49.148150" lon="19.704067"><ele>935.2</ele></trkpt>
      <trkpt lat="49.148131" lon="19.704026"><ele>934.8</ele></trkpt>
      <trkpt lat="49.148106" lon="19.703997"><ele>934.6</ele></trkpt>
      <trkpt lat="49.148083" lon="19.703965"><ele>934.2</ele></trkpt>
      <trkpt lat="49.148045" lon="19.703922"><ele>934.0</ele></trkpt>
      <trkpt lat="49.148029" lon="19.703907"><ele>933.6</ele></trkpt>
      <trkpt lat="49.148006" lon="19.703890"><ele>933.4</ele></trkpt>
      <trkpt lat="49.147984" lon="19.703869"><ele>933.0</ele></trkpt>
      <trkpt lat="49.147958" lon="19.703848"><ele>932.8</ele></trkpt>
      <trkpt lat="49.147926" lon="19.703830"><ele>932.8</ele></trkpt>
      <trkpt lat="49.147888" lon="19.703816"><ele>932.6</ele></trkpt>
      <trkpt lat="49.147859" lon="19.703800"><ele>932.6</ele></trkpt>
      <trkpt lat="49.147824" lon="19.703792"><ele>932.4</ele></trkpt>
      <trkpt lat="49.147789" lon="19.703782"><ele>932.4</ele></trkpt>
      <trkpt lat="49.147763" lon="19.703779"><ele>932.2</ele></trkpt>
      <trkpt lat="49.147731" lon="19.703760"><ele>932.0</ele></trkpt>
      <trkpt lat="49.147706" lon="19.703738"><ele>931.8</ele></trkpt>
      <trkpt lat="49.147667" lon="19.703714"><ele>931.6</ele></trkpt>
      <trkpt lat="49.147642" lon="19.703696"><ele>931.4</ele></trkpt>
      <trkpt lat="49.147613" lon="19.703659"><ele>931.2</ele></trkpt>
      <trkpt lat="49.147590" lon="19.703624"><ele>931.0</ele></trkpt>
      <trkpt lat="49.147565" lon="19.703590"><ele>930.8</ele></trkpt>
      <trkpt lat="49.147533" lon="19.703552"><ele>930.6</ele></trkpt>
      <trkpt lat="49.147510" lon="19.703520"><ele>930.4</ele></trkpt>
      <trkpt lat="49.147482" lon="19.703488"><ele>930.0</ele></trkpt>
      <trkpt lat="49.147446" lon="19.703459"><ele>929.8</ele></trkpt>
      <trkpt lat="49.147414" lon="19.703432"><ele>929.4</ele></trkpt>
      <trkpt lat="49.147386" lon="19.703410"><ele>929.2</ele></trkpt>
      <trkpt lat="49.147354" lon="19.703389"><ele>928.8</ele></trkpt>
      <trkpt lat="49.147325" lon="19.703355"><ele>928.6</ele></trkpt>
      <trkpt lat="49.147293" lon="19.703326"><ele>928.4</ele></trkpt>
      <trkpt lat="49.147264" lon="19.703291"><ele>928.0</ele></trkpt>
      <trkpt lat="49.147232" lon="19.703264"><ele>927.8</ele></trkpt>
      <trkpt lat="49.147197" lon="19.703227"><ele>927.6</ele></trkpt>
      <trkpt lat="49.147171" lon="19.703202"><ele>927.4</ele></trkpt>
      <trkpt lat="49.147139" lon="19.703184"><ele>927.0</ele></trkpt>
      <trkpt lat="49.147114" lon="19.703157"><ele>926.8</ele></trkpt>
      <trkpt lat="49.147085" lon="19.703134"><ele>926.4</ele></trkpt>
      <trkpt lat="49.147050" lon="19.703114"><ele>926.2</ele></trkpt>
      <trkpt lat="49.147018" lon="19.703086"><ele>926.0</ele></trkpt>
      <trkpt lat="49.146992" lon="19.703054"><ele>925.8</ele></trkpt>
      <trkpt lat="49.146960" lon="19.703018"><ele>925.6</ele></trkpt>
      <trkpt lat="49.146934" lon="19.703002"><ele>925.4</ele></trkpt>
      <trkpt lat="49.146899" lon="19.702981"><ele>925.4</ele></trkpt>
      <trkpt lat="49.146874" lon="19.702949"><ele>925.2</ele></trkpt>
      <trkpt lat="49.146851" lon="19.702914"><ele>925.0</ele></trkpt>
      <trkpt lat="49.146829" lon="19.702888"><ele>924.8</ele></trkpt>
      <trkpt lat="49.146800" lon="19.702866"><ele>924.6</ele></trkpt>
      <trkpt lat="49.146774" lon="19.702843"><ele>924.4</ele></trkpt>
      <trkpt lat="49.146742" lon="19.702822"><ele>924.2</ele></trkpt>
      <trkpt lat="49.146717" lon="19.702797"><ele>924.0</ele></trkpt>
      <trkpt lat="49.146688" lon="19.702768"><ele>923.6</ele></trkpt>
      <trkpt lat="49.146659" lon="19.702733"><ele>923.4</ele></trkpt>
      <trkpt lat="49.146624" lon="19.702696"><ele>923.2</ele></trkpt>
      <trkpt lat="49.146595" lon="19.702659"><ele>923.0</ele></trkpt>
      <trkpt lat="49.146557" lon="19.702616"><ele>922.8</ele></trkpt>
      <trkpt lat="49.146538" lon="19.702578"><ele>922.6</ele></trkpt>
      <trkpt lat="49.146502" lon="19.702525"><ele>922.4</ele></trkpt>
      <trkpt lat="49.146477" lon="19.702475"><ele>922.2</ele></trkpt>
      <trkpt lat="49.146451" lon="19.702437"><ele>922.0</ele></trkpt>
      <trkpt lat="49.146426" lon="19.702405"><ele>921.8</ele></trkpt>
      <trkpt lat="49.146400" lon="19.702360"><ele>921.6</ele></trkpt>
      <trkpt lat="49.146378" lon="19.702302"><ele>921.4</ele></trkpt>
      <trkpt lat="49.146342" lon="19.702248"><ele>921.2</ele></trkpt>
      <trkpt lat="49.146320" lon="19.702202"><ele>921.0</ele></trkpt>
      <trkpt lat="49.146294" lon="19.702160"><ele>920.8</ele></trkpt>
      <trkpt lat="49.146272" lon="19.702128"><ele>920.8</ele></trkpt>
      <trkpt lat="49.146240" lon="19.702082"><ele>920.6</ele></trkpt>
      <trkpt lat="49.146214" lon="19.702048"><ele>920.4</ele></trkpt>
      <trkpt lat="49.146186" lon="19.702005"><ele>920.4</ele></trkpt>
      <trkpt lat="49.146160" lon="19.701968"><ele>920.4</ele></trkpt>
      <trkpt lat="49.146134" lon="19.701934"><ele>920.2</ele></trkpt>
      <trkpt lat="49.146106" lon="19.701909"><ele>920.0</ele></trkpt>
      <trkpt lat="49.146080" lon="19.701877"><ele>919.8</ele></trkpt>
      <trkpt lat="49.146058" lon="19.701845"><ele>919.6</ele></trkpt>
      <trkpt lat="49.146038" lon="19.701822"><ele>919.4</ele></trkpt>
      <trkpt lat="49.146003" lon="19.701786"><ele>919.0</ele></trkpt>
      <trkpt lat="49.145981" lon="19.701763"><ele>918.8</ele></trkpt>
      <trkpt lat="49.145955" lon="19.701734"><ele>918.6</ele></trkpt>
      <trkpt lat="49.145920" lon="19.701698"><ele>918.4</ele></trkpt>
      <trkpt lat="49.145898" lon="19.701670"><ele>918.2</ele></trkpt>
      <trkpt lat="49.145869" lon="19.701635"><ele>917.8</ele></trkpt>
      <trkpt lat="49.145840" lon="19.701586"><ele>917.6</ele></trkpt>
      <trkpt lat="49.145808" lon="19.701544"><ele>917.4</ele></trkpt>
      <trkpt lat="49.145782" lon="19.701498"><ele>917.0</ele></trkpt>
      <trkpt lat="49.145750" lon="19.701459"><ele>916.6</ele></trkpt>
      <trkpt lat="49.145725" lon="19.701426"><ele>916.4</ele></trkpt>
      <trkpt lat="49.145702" lon="19.701392"><ele>916.2</ele></trkpt>
      <trkpt lat="49.145677" lon="19.701363"><ele>916.0</ele></trkpt>
      <trkpt lat="49.145648" lon="19.701330"><ele>915.8</ele></trkpt>
      <trkpt lat="49.145619" lon="19.701288"><ele>915.6</ele></trkpt>
      <trkpt lat="49.145590" lon="19.701256"><ele>915.6</ele></trkpt>
      <trkpt lat="49.145558" lon="19.701218"><ele>915.4</ele></trkpt>
      <trkpt lat="49.145526" lon="19.701179"><ele>915.4</ele></trkpt>
      <trkpt lat="49.145507" lon="19.701149"><ele>915.2</ele></trkpt>
      <trkpt lat="49.145482" lon="19.701110"><ele>915.2</ele></trkpt>
      <trkpt lat="49.145450" lon="19.701070"><ele>915.0</ele></trkpt>
      <trkpt lat="49.145437" lon="19.701045"><ele>915.0</ele></trkpt>
      <trkpt lat="49.145405" lon="19.701006"><ele>914.8</ele></trkpt>
      <trkpt lat="49.145382" lon="19.700981"><ele>914.6</ele></trkpt>
      <trkpt lat="49.145347" lon="19.700949"><ele>914.4</ele></trkpt>
      <trkpt lat="49.145322" lon="19.700922"><ele>914.2</ele></trkpt>
      <trkpt lat="49.145293" lon="19.700896"><ele>914.0</ele></trkpt>
      <trkpt lat="49.145270" lon="19.700872"><ele>913.8</ele></trkpt>
      <trkpt lat="49.145245" lon="19.700848"><ele>913.6</ele></trkpt>
      <trkpt lat="49.145219" lon="19.700818"><ele>913.4</ele></trkpt>
      <trkpt lat="49.145187" lon="19.700790"><ele>913.4</ele></trkpt>
      <trkpt lat="49.145146" lon="19.700750"><ele>913.2</ele></trkpt>
      <trkpt lat="49.145123" lon="19.700714"><ele>913.2</ele></trkpt>
      <trkpt lat="49.145101" lon="19.700674"><ele>913.0</ele></trkpt>
      <trkpt lat="49.145069" lon="19.700632"><ele>912.8</ele></trkpt>
      <trkpt lat="49.145040" lon="19.700602"><ele>912.4</ele></trkpt>
      <trkpt lat="49.145011" lon="19.700579"><ele>912.2</ele></trkpt>
      <trkpt lat="49.144976" lon="19.700555"><ele>912.2</ele></trkpt>
      <trkpt lat="49.144947" lon="19.700539"><ele>912.2</ele></trkpt>
      <trkpt lat="49.144912" lon="19.700506"><ele>912.2</ele></trkpt>
      <trkpt lat="49.144877" lon="19.700478"><ele>912.0</ele></trkpt>
      <trkpt lat="49.144835" lon="19.700445"><ele>911.8</ele></trkpt>
      <trkpt lat="49.144806" lon="19.700419"><ele>911.6</ele></trkpt>
      <trkpt lat="49.144774" lon="19.700384"><ele>911.4</ele></trkpt>
      <trkpt lat="49.144742" lon="19.700350"><ele>911.4</ele></trkpt>
      <trkpt lat="49.144710" lon="19.700323"><ele>911.2</ele></trkpt>
      <trkpt lat="49.144682" lon="19.700301"><ele>911.2</ele></trkpt>
      <trkpt lat="49.144656" lon="19.700272"><ele>911.0</ele></trkpt>
      <trkpt lat="49.144643" lon="19.700232"><ele>911.0</ele></trkpt>
      <trkpt lat="49.144627" lon="19.700178"><ele>910.8</ele></trkpt>
      <trkpt lat="49.144608" lon="19.700125"><ele>910.6</ele></trkpt>
      <trkpt lat="49.144608" lon="19.700125"><ele>910.4</ele></trkpt>
    </trkseg>
  </trk>
</gpx>
