<?xml version="1.0" encoding="UTF-8"?>
<gpx version="1.1" creator="MultiTrail"
     xmlns="http://www.topografix.com/GPX/1/1">
  <trk>
    <name>Chata Plesnivec</name>
    <trkseg>
      <trkpt lat="49.225005" lon="20.324248"><ele>759.6</ele></trkpt>
      <trkpt lat="49.224988" lon="20.324242"><ele>759.6</ele></trkpt>
      <trkpt lat="49.224972" lon="20.324236"><ele>759.6</ele></trkpt>
      <trkpt lat="49.224955" lon="20.324231"><ele>759.6</ele></trkpt>
      <trkpt lat="49.224939" lon="20.324225"><ele>759.6</ele></trkpt>
      <trkpt lat="49.224922" lon="20.324219"><ele>759.6</ele></trkpt>
      <trkpt lat="49.224896" lon="20.324250"><ele>759.6</ele></trkpt>
      <trkpt lat="49.224877" lon="20.324278"><ele>759.4</ele></trkpt>
      <trkpt lat="49.224864" lon="20.324309"><ele>759.4</ele></trkpt>
      <trkpt lat="49.224886" lon="20.324312"><ele>759.8</ele></trkpt>
      <trkpt lat="49.224899" lon="20.324290"><ele>759.4</ele></trkpt>
      <trkpt lat="49.224902" lon="20.324262"><ele>759.4</ele></trkpt>
      <trkpt lat="49.224918" lon="20.324222"><ele>759.4</ele></trkpt>
      <trkpt lat="49.224922" lon="20.324192"><ele>759.6</ele></trkpt>
      <trkpt lat="49.224934" lon="20.324163"><ele>759.6</ele></trkpt>
      <trkpt lat="49.224925" lon="20.324190"><ele>759.8</ele></trkpt>
      <trkpt lat="49.224918" lon="20.324160"><ele>759.6</ele></trkpt>
      <trkpt lat="49.224934" lon="20.324126"><ele>759.4</ele></trkpt>
      <trkpt lat="49.224918" lon="20.324094"><ele>759.4</ele></trkpt>
      <trkpt lat="49.224902" lon="20.324062"><ele>759.6</ele></trkpt>
      <trkpt lat="49.224880" lon="20.324035"><ele>759.6</ele></trkpt>
      <trkpt lat="49.224858" lon="20.324011"><ele>759.6</ele></trkpt>
      <trkpt lat="49.224835" lon="20.323997"><ele>759.6</ele></trkpt>
      <trkpt lat="49.224813" lon="20.323984"><ele>759.6</ele></trkpt>
      <trkpt lat="49.224787" lon="20.323970"><ele>759.6</ele></trkpt>
      <trkpt lat="49.224774" lon="20.323946"><ele>759.8</ele></trkpt>
      <trkpt lat="49.224755" lon="20.323931"><ele>759.8</ele></trkpt>
      <trkpt lat="49.224733" lon="20.323910"><ele>760.0</ele></trkpt>
      <trkpt lat="49.224707" lon="20.323893"><ele>760.0</ele></trkpt>
      <trkpt lat="49.224682" lon="20.323872"><ele>760.4</ele></trkpt>
      <trkpt lat="49.224656" lon="20.323861"><ele>760.4</ele></trkpt>
      <trkpt lat="49.224627" lon="20.323854"><ele>760.6</ele></trkpt>
      <trkpt lat="49.224608" lon="20.323848"><ele>760.8</ele></trkpt>
      <trkpt lat="49.224579" lon="20.323848"><ele>761.0</ele></trkpt>
      <trkpt lat="49.224530" lon="20.323850"><ele>761.2</ele></trkpt>
      <trkpt lat="49.224496" lon="20.323838"><ele>761.4</ele></trkpt>
      <trkpt lat="49.224477" lon="20.323824"><ele>761.6</ele></trkpt>
      <trkpt lat="49.224458" lon="20.323813"><ele>761.8</ele></trkpt>
      <trkpt lat="49.224429" lon="20.323816"><ele>761.8</ele></trkpt>
      <trkpt lat="49.224403" lon="20.323816"><ele>761.8</ele></trkpt>
      <trkpt lat="49.224378" lon="20.323822"><ele>762.0</ele></trkpt>
      <trkpt lat="49.224358" lon="20.323818"><ele>761.8</ele></trkpt>
      <trkpt lat="49.224330" lon="20.323811"><ele>762.0</ele></trkpt>
      <trkpt lat="49.224310" lon="20.323798"><ele>762.2</ele></trkpt>
      <trkpt lat="49.224285" lon="20.323787"><ele>762.4</ele></trkpt>
      <trkpt lat="49.224256" lon="20.323798"><ele>762.4</ele></trkpt>
      <trkpt lat="49.224230" lon="20.323798"><ele>762.4</ele></trkpt>
      <trkpt lat="49.224208" lon="20.323789"><ele>762.6</ele></trkpt>
      <trkpt lat="49.224189" lon="20.323797"><ele>762.6</ele></trkpt>
      <trkpt lat="49.224166" lon="20.323813"><ele>762.6</ele></trkpt>
      <trkpt lat="49.224147" lon="20.323818"><ele>762.6</ele></trkpt>
      <trkpt lat="49.224125" lon="20.323813"><ele>762.6</ele></trkpt>
      <trkpt lat="49.224102" lon="20.323787"><ele>762.6</ele></trkpt>
      <trkpt lat="49.224080" lon="20.323755"><ele>762.8</ele></trkpt>
      <trkpt lat="49.224058" lon="20.323734"><ele>763.0</ele></trkpt>
      <trkpt lat="49.224029" lon="20.323717"><ele>763.2</ele></trkpt>
      <trkpt lat="49.224010" lon="20.323717"><ele>763.4</ele></trkpt>
      <trkpt lat="49.223987" lon="20.323712"><ele>763.6</ele></trkpt>
      <trkpt lat="49.223971" lon="20.323672"><ele>764.0</ele></trkpt>
      <trkpt lat="49.223962" lon="20.323645"><ele>763.6</ele></trkpt>
      <trkpt lat="49.223965" lon="20.323614"><ele>763.6</ele></trkpt>
      <trkpt lat="49.223942" lon="20.323605"><ele>763.6</ele></trkpt>
      <trkpt lat="49.223947" lon="20.323585"><ele>765.2</ele></trkpt>
      <trkpt lat="49.223952" lon="20.323565"><ele>766.0</ele></trkpt>
      <trkpt lat="49.223957" lon="20.323545"><ele>765.0</ele></trkpt>
      <trkpt lat="49.223962" lon="20.323525"><ele>765.2</ele></trkpt>
      <trkpt lat="49.223978" lon="20.323573"><ele>765.4</ele></trkpt>
      <trkpt lat="49.224006" lon="20.323597"><ele>765.4</ele></trkpt>
      <trkpt lat="49.224026" lon="20.323608"><ele>765.4</ele></trkpt>
      <trkpt lat="49.224045" lon="20.323624"><ele>765.4</ele></trkpt>
      <trkpt lat="49.224064" lon="20.323634"><ele>765.2</ele></trkpt>
      <trkpt lat="49.224083" lon="20.323648"><ele>765.2</ele></trkpt>
      <trkpt lat="49.224102" lon="20.323656"><ele>765.0</ele></trkpt>
      <trkpt lat="49.224122" lon="20.323653"><ele>765.0</ele></trkpt>
      <trkpt lat="49.224141" lon="20.323646"><ele>765.0</ele></trkpt>
      <trkpt lat="49.224160" lon="20.323645"><ele>764.8</ele></trkpt>
      <trkpt lat="49.224179" lon="20.323618"><ele>765.0</ele></trkpt>
      <trkpt lat="49.224205" lon="20.323603"><ele>765.0</ele></trkpt>
      <trkpt lat="49.224256" lon="20.323600"><ele>765.0</ele></trkpt>
      <trkpt lat="49.224288" lon="20.323606"><ele>764.8</ele></trkpt>
      <trkpt lat="49.224317" lon="20.323608"><ele>764.4</ele></trkpt>
      <trkpt lat="49.224339" lon="20.323610"><ele>764.2</ele></trkpt>
      <trkpt lat="49.224362" lon="20.323610"><ele>764.0</ele></trkpt>
      <trkpt lat="49.224384" lon="20.323614"><ele>763.8</ele></trkpt>
      <trkpt lat="49.224406" lon="20.323614"><ele>763.6</ele></trkpt>
      <trkpt lat="49.224429" lon="20.323614"><ele>763.4</ele></trkpt>
      <trkpt lat="49.224448" lon="20.323614"><ele>763.4</ele></trkpt>
      <trkpt lat="49.224474" lon="20.323619"><ele>763.2</ele></trkpt>
      <trkpt lat="49.224499" lon="20.323619"><ele>763.2</ele></trkpt>
      <trkpt lat="49.224525" lon="20.323622"><ele>763.0</ele></trkpt>
      <trkpt lat="49.224554" lon="20.323619"><ele>762.6</ele></trkpt>
      <trkpt lat="49.224611" lon="20.323617"><ele>762.4</ele></trkpt>
      <trkpt lat="49.224656" lon="20.323638"><ele>762.4</ele></trkpt>
      <trkpt lat="49.224682" lon="20.323666"><ele>762.2</ele></trkpt>
      <trkpt lat="49.224707" lon="20.323686"><ele>762.2</ele></trkpt>
      <trkpt lat="49.224726" lon="20.323696"><ele>761.8</ele></trkpt>
      <trkpt lat="49.224752" lon="20.323728"><ele>761.2</ele></trkpt>
      <trkpt lat="49.224781" lon="20.323758"><ele>761.0</ele></trkpt>
      <trkpt lat="49.224797" lon="20.323774"><ele>761.0</ele></trkpt>
      <trkpt lat="49.224826" lon="20.323797"><ele>760.8</ele></trkpt>
      <trkpt lat="49.224854" lon="20.323806"><ele>761.0</ele></trkpt>
      <trkpt lat="49.224854" lon="20.323773"><ele>760.8</ele></trkpt>
      <trkpt lat="49.224845" lon="20.323747"><ele>760.8</ele></trkpt>
      <trkpt lat="49.224835" lon="20.323722"><ele>761.0</ele></trkpt>
      <trkpt lat="49.224822" lon="20.323688"><ele>761.0</ele></trkpt>
      <trkpt lat="49.224803" lon="20.323659"><ele>761.2</ele></trkpt>
      <trkpt lat="49.224794" lon="20.323634"><ele>761.2</ele></trkpt>
      <trkpt lat="49.224781" lon="20.323598"><ele>761.0</ele></trkpt>
      <trkpt lat="49.224765" lon="20.323574"><ele>761.0</ele></trkpt>
      <trkpt lat="49.224755" lon="20.323547"><ele>761.0</ele></trkpt>
      <trkpt lat="49.224746" lon="20.323517"><ele>761.0</ele></trkpt>
      <trkpt lat="49.224733" lon="20.323475"><ele>761.0</ele></trkpt>
      <trkpt lat="49.224707" lon="20.323450"><ele>761.4</ele></trkpt>
      <trkpt lat="49.224694" lon="20.323424"><ele>761.4</ele></trkpt>
      <trkpt lat="49.224682" lon="20.323397"><ele>761.4</ele></trkpt>
      <trkpt lat="49.224666" lon="20.323362"><ele>761.8</ele></trkpt>
      <trkpt lat="49.224653" lon="20.323338"><ele>761.8</ele></trkpt>
      <trkpt lat="49.224637" lon="20.323294"><ele>762.0</ele></trkpt>
      <trkpt lat="49.224627" lon="20.323258"><ele>762.0</ele></trkpt>
      <trkpt lat="49.224624" lon="20.323230"><ele>762.2</ele></trkpt>
      <trkpt lat="49.224614" lon="20.323190"><ele>762.2</ele></trkpt>
      <trkpt lat="49.224598" lon="20.323162"><ele>762.4</ele></trkpt>
      <trkpt lat="49.224576" lon="20.323126"><ele>762.4</ele></trkpt>
      <trkpt lat="49.224563" lon="20.323102"><ele>762.4</ele></trkpt>
      <trkpt lat="49.224547" lon="20.323083"><ele>762.2</ele></trkpt>
      <trkpt lat="49.224528" lon="20.323056"><ele>762.0</ele></trkpt>
      <trkpt lat="49.224522" lon="20.323022"><ele>762.4</ele></trkpt>
      <trkpt lat="49.224515" lon="20.322992"><ele>763.0</ele></trkpt>
      <trkpt lat="49.224506" lon="20.322962"><ele>763.0</ele></trkpt>
      <trkpt lat="49.224499" lon="20.322934"><ele>762.8</ele></trkpt>
      <trkpt lat="49.224486" lon="20.322902"><ele>762.8</ele></trkpt>
      <trkpt lat="49.224480" lon="20.322874"><ele>763.0</ele></trkpt>
      <trkpt lat="49.224467" lon="20.322848"><ele>763.2</ele></trkpt>
      <trkpt lat="49.224458" lon="20.322813"><ele>763.2</ele></trkpt>
      <trkpt lat="49.224445" lon="20.322782"><ele>763.2</ele></trkpt>
      <trkpt lat="49.224429" lon="20.322755"><ele>763.4</ele></trkpt>
      <trkpt lat="49.224416" lon="20.322730"><ele>763.4</ele></trkpt>
      <trkpt lat="49.224403" lon="20.322685"><ele>763.4</ele></trkpt>
      <trkpt lat="49.224387" lon="20.322642"><ele>763.4</ele></trkpt>
      <trkpt lat="49.224387" lon="20.322600"><ele>763.4</ele></trkpt>
      <trkpt lat="49.224387" lon="20.322562"><ele>763.4</ele></trkpt>
      <trkpt lat="49.224381" lon="20.322525"><ele>763.4</ele></trkpt>
      <trkpt lat="49.224381" lon="20.322491"><ele>763.4</ele></trkpt>
      <trkpt lat="49.224384" lon="20.322453"><ele>763.6</ele></trkpt>
      <trkpt lat="49.224384" lon="20.322424"><ele>763.6</ele></trkpt>
      <trkpt lat="49.224387" lon="20.322386"><ele>763.6</ele></trkpt>
      <trkpt lat="49.224390" lon="20.322355"><ele>763.8</ele></trkpt>
      <trkpt lat="49.224397" lon="20.322315"><ele>763.8</ele></trkpt>
      <trkpt lat="49.224403" lon="20.322283"><ele>764.0</ele></trkpt>
      <trkpt lat="49.224403" lon="20.322242"><ele>764.0</ele></trkpt>
      <trkpt lat="49.224406" lon="20.322206"><ele>764.0</ele></trkpt>
      <trkpt lat="49.224416" lon="20.322170"><ele>764.2</ele></trkpt>
      <trkpt lat="49.224422" lon="20.322126"><ele>764.2</ele></trkpt>
      <trkpt lat="49.224426" lon="20.322083"><ele>764.2</ele></trkpt>
      <trkpt lat="49.224422" lon="20.322024"><ele>764.2</ele></trkpt>
      <trkpt lat="49.224429" lon="20.321976"><ele>764.2</ele></trkpt>
      <trkpt lat="49.224442" lon="20.321950"><ele>764.2</ele></trkpt>
      <trkpt lat="49.224442" lon="20.321918"><ele>764.4</ele></trkpt>
      <trkpt lat="49.224438" lon="20.321875"><ele>764.6</ele></trkpt>
      <trkpt lat="49.224435" lon="20.321838"><ele>764.6</ele></trkpt>
      <trkpt lat="49.224422" lon="20.321813"><ele>764.8</ele></trkpt>
      <trkpt lat="49.224410" lon="20.321792"><ele>765.0</ele></trkpt>
      <trkpt lat="49.224397" lon="20.321762"><ele>765.2</ele></trkpt>
      <trkpt lat="49.224384" lon="20.321733"><ele>765.2</ele></trkpt>
      <trkpt lat="49.224365" lon="20.321706"><ele>765.6</ele></trkpt>
      <trkpt lat="49.224349" lon="20.321686"><ele>765.6</ele></trkpt>
      <trkpt lat="49.224336" lon="20.321656"><ele>765.8</ele></trkpt>
      <trkpt lat="49.224323" lon="20.321632"><ele>766.0</ele></trkpt>
      <trkpt lat="49.224307" lon="20.321603"><ele>766.4</ele></trkpt>
      <trkpt lat="49.224298" lon="20.321570"><ele>766.8</ele></trkpt>
      <trkpt lat="49.224285" lon="20.321539"><ele>766.8</ele></trkpt>
      <trkpt lat="49.224269" lon="20.321514"><ele>767.0</ele></trkpt>
      <trkpt lat="49.224250" lon="20.321483"><ele>767.2</ele></trkpt>
      <trkpt lat="49.224237" lon="20.321461"><ele>767.6</ele></trkpt>
      <trkpt lat="49.224221" lon="20.321424"><ele>767.6</ele></trkpt>
      <trkpt lat="49.224211" lon="20.321395"><ele>767.8</ele></trkpt>
      <trkpt lat="49.224186" lon="20.321355"><ele>768.0</ele></trkpt>
      <trkpt lat="49.224166" lon="20.321341"><ele>768.2</ele></trkpt>
      <trkpt lat="49.224144" lon="20.321310"><ele>768.4</ele></trkpt>
      <trkpt lat="49.224118" lon="20.321290"><ele>768.6</ele></trkpt>
      <trkpt lat="49.224102" lon="20.321262"><ele>768.8</ele></trkpt>
      <trkpt lat="49.224090" lon="20.321235"><ele>768.8</ele></trkpt>
      <trkpt lat="49.224070" lon="20.321211"><ele>769.0</ele></trkpt>
      <trkpt lat="49.224058" lon="20.321187"><ele>769.0</ele></trkpt>
      <trkpt lat="49.224045" lon="20.321166"><ele>769.2</ele></trkpt>
      <trkpt lat="49.224026" lon="20.321146"><ele>769.4</ele></trkpt>
      <trkpt lat="49.224006" lon="20.321131"><ele>770.2</ele></trkpt>
      <trkpt lat="49.223984" lon="20.321117"><ele>770.4</ele></trkpt>
      <trkpt lat="49.223968" lon="20.321102"><ele>770.4</ele></trkpt>
      <trkpt lat="49.223949" lon="20.321091"><ele>770.8</ele></trkpt>
      <trkpt lat="49.223930" lon="20.321072"><ele>771.0</ele></trkpt>
      <trkpt lat="49.223904" lon="20.321053"><ele>771.4</ele></trkpt>
      <trkpt lat="49.223882" lon="20.321032"><ele>771.6</ele></trkpt>
      <trkpt lat="49.223869" lon="20.321002"><ele>771.6</ele></trkpt>
      <trkpt lat="49.223850" lon="20.320976"><ele>771.8</ele></trkpt>
      <trkpt lat="49.223827" lon="20.320955"><ele>771.8</ele></trkpt>
      <trkpt lat="49.223811" lon="20.320925"><ele>772.0</ele></trkpt>
      <trkpt lat="49.223798" lon="20.320891"><ele>772.4</ele></trkpt>
      <trkpt lat="49.223782" lon="20.320862"><ele>772.6</ele></trkpt>
      <trkpt lat="49.223763" lon="20.320829"><ele>773.0</ele></trkpt>
      <trkpt lat="49.223747" lon="20.320816"><ele>773.2</ele></trkpt>
      <trkpt lat="49.223725" lon="20.320798"><ele>773.4</ele></trkpt>
      <trkpt lat="49.223706" lon="20.320779"><ele>773.6</ele></trkpt>
      <trkpt lat="49.223683" lon="20.320765"><ele>773.8</ele></trkpt>
      <trkpt lat="49.223661" lon="20.320760"><ele>774.0</ele></trkpt>
      <trkpt lat="49.223635" lon="20.320747"><ele>774.0</ele></trkpt>
      <trkpt lat="49.223613" lon="20.320736"><ele>774.2</ele></trkpt>
      <trkpt lat="49.223594" lon="20.320733"><ele>774.4</ele></trkpt>
      <trkpt lat="49.223574" lon="20.320715"><ele>774.6</ele></trkpt>
      <trkpt lat="49.223562" lon="20.320693"><ele>774.8</ele></trkpt>
      <trkpt lat="49.223549" lon="20.320669"><ele>774.8</ele></trkpt>
      <trkpt lat="49.223533" lon="20.320654"><ele>775.2</ele></trkpt>
      <trkpt lat="49.223517" lon="20.320634"><ele>775.2</ele></trkpt>
      <trkpt lat="49.223491" lon="20.320605"><ele>775.4</ele></trkpt>
      <trkpt lat="49.223475" lon="20.320587"><ele>775.6</ele></trkpt>
      <trkpt lat="49.223462" lon="20.320565"><ele>775.8</ele></trkpt>
      <trkpt lat="49.223446" lon="20.320538"><ele>775.8</ele></trkpt>
      <trkpt lat="49.223427" lon="20.320522"><ele>776.0</ele></trkpt>
      <trkpt lat="49.223408" lon="20.320510"><ele>776.0</ele></trkpt>
      <trkpt lat="49.223386" lon="20.320504"><ele>776.2</ele></trkpt>
      <trkpt lat="49.223357" lon="20.320486"><ele>776.4</ele></trkpt>
      <trkpt lat="49.223331" lon="20.320459"><ele>776.8</ele></trkpt>
      <trkpt lat="49.223315" lon="20.320429"><ele>777.0</ele></trkpt>
      <trkpt lat="49.223296" lon="20.320411"><ele>777.0</ele></trkpt>
      <trkpt lat="49.223274" lon="20.320389"><ele>777.4</ele></trkpt>
      <trkpt lat="49.223254" lon="20.320360"><ele>777.8</ele></trkpt>
      <trkpt lat="49.223235" lon="20.320331"><ele>778.2</ele></trkpt>
      <trkpt lat="49.223216" lon="20.320298"><ele>778.4</ele></trkpt>
      <trkpt lat="49.223203" lon="20.320270"><ele>778.6</ele></trkpt>
      <trkpt lat="49.223187" lon="20.320237"><ele>778.8</ele></trkpt>
      <trkpt lat="49.223174" lon="20.320208"><ele>778.8</ele></trkpt>
      <trkpt lat="49.223155" lon="20.320189"><ele>779.0</ele></trkpt>
      <trkpt lat="49.223136" lon="20.320160"><ele>779.2</ele></trkpt>
      <trkpt lat="49.223114" lon="20.320130"><ele>779.2</ele></trkpt>
      <trkpt lat="49.223098" lon="20.320107"><ele>779.2</ele></trkpt>
      <trkpt lat="49.223088" lon="20.320082"><ele>779.2</ele></trkpt>
      <trkpt lat="49.223072" lon="20.320061"><ele>779.4</ele></trkpt>
      <trkpt lat="49.223059" lon="20.320038"><ele>779.0</ele></trkpt>
      <trkpt lat="49.223046" lon="20.320010"><ele>779.0</ele></trkpt>
      <trkpt lat="49.223030" lon="20.319990"><ele>779.2</ele></trkpt>
      <trkpt lat="49.223018" lon="20.319968"><ele>779.2</ele></trkpt>
      <trkpt lat="49.222998" lon="20.319942"><ele>779.2</ele></trkpt>
      <trkpt lat="49.222979" lon="20.319912"><ele>779.4</ele></trkpt>
      <trkpt lat="49.222970" lon="20.319885"><ele>779.6</ele></trkpt>
      <trkpt lat="49.222957" lon="20.319864"><ele>779.8</ele></trkpt>
      <trkpt lat="49.222947" lon="20.319840"><ele>780.2</ele></trkpt>
      <trkpt lat="49.222928" lon="20.319806"><ele>780.4</ele></trkpt>
      <trkpt lat="49.222912" lon="20.319773"><ele>780.8</ele></trkpt>
      <trkpt lat="49.222899" lon="20.319747"><ele>781.2</ele></trkpt>
      <trkpt lat="49.222890" lon="20.319717"><ele>781.4</ele></trkpt>
      <trkpt lat="49.222870" lon="20.319675"><ele>781.6</ele></trkpt>
      <trkpt lat="49.222858" lon="20.319654"><ele>781.8</ele></trkpt>
      <trkpt lat="49.222842" lon="20.319632"><ele>781.8</ele></trkpt>
      <trkpt lat="49.222829" lon="20.319606"><ele>782.0</ele></trkpt>
      <trkpt lat="49.222832" lon="20.319574"><ele>782.4</ele></trkpt>
      <trkpt lat="49.222829" lon="20.319542"><ele>782.8</ele></trkpt>
      <trkpt lat="49.222832" lon="20.319515"><ele>783.0</ele></trkpt>
      <trkpt lat="49.222819" lon="20.319478"><ele>783.2</ele></trkpt>
      <trkpt lat="49.222813" lon="20.319435"><ele>783.4</ele></trkpt>
      <trkpt lat="49.222794" lon="20.319403"><ele>783.8</ele></trkpt>
      <trkpt lat="49.222781" lon="20.319374"><ele>784.2</ele></trkpt>
      <trkpt lat="49.222768" lon="20.319346"><ele>784.6</ele></trkpt>
      <trkpt lat="49.222752" lon="20.319330"><ele>784.8</ele></trkpt>
      <trkpt lat="49.222733" lon="20.319326"><ele>784.8</ele></trkpt>
      <trkpt lat="49.222717" lon="20.319307"><ele>784.8</ele></trkpt>
      <trkpt lat="49.222701" lon="20.319269"><ele>785.0</ele></trkpt>
      <trkpt lat="49.222694" lon="20.319237"><ele>785.2</ele></trkpt>
      <trkpt lat="49.222682" lon="20.319200"><ele>785.2</ele></trkpt>
      <trkpt lat="49.222672" lon="20.319165"><ele>785.6</ele></trkpt>
      <trkpt lat="49.222656" lon="20.319136"><ele>786.0</ele></trkpt>
      <trkpt lat="49.222650" lon="20.319098"><ele>786.2</ele></trkpt>
      <trkpt lat="49.222640" lon="20.319072"><ele>786.4</ele></trkpt>
      <trkpt lat="49.222634" lon="20.319029"><ele>786.6</ele></trkpt>
      <trkpt lat="49.222630" lon="20.318995"><ele>787.0</ele></trkpt>
      <trkpt lat="49.222618" lon="20.318965"><ele>787.4</ele></trkpt>
      <trkpt lat="49.222602" lon="20.318936"><ele>787.8</ele></trkpt>
      <trkpt lat="49.222582" lon="20.318915"><ele>788.0</ele></trkpt>
      <trkpt lat="49.222570" lon="20.318893"><ele>788.4</ele></trkpt>
      <trkpt lat="49.222554" lon="20.318869"><ele>788.8</ele></trkpt>
      <trkpt lat="49.222538" lon="20.318848"><ele>788.8</ele></trkpt>
      <trkpt lat="49.222515" lon="20.318821"><ele>789.2</ele></trkpt>
      <trkpt lat="49.222499" lon="20.318794"><ele>789.2</ele></trkpt>
      <trkpt lat="49.222483" lon="20.318763"><ele>789.4</ele></trkpt>
      <trkpt lat="49.222474" lon="20.318734"><ele>789.4</ele></trkpt>
      <trkpt lat="49.222461" lon="20.318710"><ele>789.6</ele></trkpt>
      <trkpt lat="49.222448" lon="20.318690"><ele>790.0</ele></trkpt>
      <trkpt lat="49.222432" lon="20.318667"><ele>790.0</ele></trkpt>
      <trkpt lat="49.222410" lon="20.318651"><ele>790.2</ele></trkpt>
      <trkpt lat="49.222397" lon="20.318627"><ele>790.2</ele></trkpt>
      <trkpt lat="49.222381" lon="20.318611"><ele>790.2</ele></trkpt>
      <trkpt lat="49.222365" lon="20.318589"><ele>790.4</ele></trkpt>
      <trkpt lat="49.222355" lon="20.318554"><ele>790.4</ele></trkpt>
      <trkpt lat="49.222339" lon="20.318531"><ele>790.8</ele></trkpt>
      <trkpt lat="49.222320" lon="20.318501"><ele>790.8</ele></trkpt>
      <trkpt lat="49.222304" lon="20.318472"><ele>790.8</ele></trkpt>
      <trkpt lat="49.222291" lon="20.318451"><ele>790.8</ele></trkpt>
      <trkpt lat="49.222272" lon="20.318422"><ele>790.8</ele></trkpt>
      <trkpt lat="49.222253" lon="20.318392"><ele>790.8</ele></trkpt>
      <trkpt lat="49.222230" lon="20.318371"><ele>791.0</ele></trkpt>
      <trkpt lat="49.222211" lon="20.318354"><ele>791.0</ele></trkpt>
      <trkpt lat="49.222192" lon="20.318330"><ele>791.2</ele></trkpt>
      <trkpt lat="49.222173" lon="20.318296"><ele>791.4</ele></trkpt>
      <trkpt lat="49.222157" lon="20.318275"><ele>791.4</ele></trkpt>
      <trkpt lat="49.222141" lon="20.318256"><ele>791.8</ele></trkpt>
      <trkpt lat="49.222118" lon="20.318226"><ele>792.0</ele></trkpt>
      <trkpt lat="49.222102" lon="20.318213"><ele>792.2</ele></trkpt>
      <trkpt lat="49.222080" lon="20.318190"><ele>792.4</ele></trkpt>
      <trkpt lat="49.222061" lon="20.318166"><ele>792.6</ele></trkpt>
      <trkpt lat="49.222045" lon="20.318154"><ele>792.8</ele></trkpt>
      <trkpt lat="49.222022" lon="20.318128"><ele>793.0</ele></trkpt>
      <trkpt lat="49.222000" lon="20.318104"><ele>793.0</ele></trkpt>
      <trkpt lat="49.221984" lon="20.318074"><ele>793.6</ele></trkpt>
      <trkpt lat="49.221974" lon="20.318042"><ele>793.8</ele></trkpt>
      <trkpt lat="49.221962" lon="20.318013"><ele>794.0</ele></trkpt>
      <trkpt lat="49.221952" lon="20.317987"><ele>794.2</ele></trkpt>
      <trkpt lat="49.221939" lon="20.317965"><ele>794.4</ele></trkpt>
      <trkpt lat="49.221923" lon="20.317939"><ele>794.6</ele></trkpt>
      <trkpt lat="49.221907" lon="20.317917"><ele>794.8</ele></trkpt>
      <trkpt lat="49.221894" lon="20.317890"><ele>794.8</ele></trkpt>
      <trkpt lat="49.221882" lon="20.317869"><ele>795.0</ele></trkpt>
      <trkpt lat="49.221866" lon="20.317846"><ele>795.2</ele></trkpt>
      <trkpt lat="49.221846" lon="20.317814"><ele>795.4</ele></trkpt>
      <trkpt lat="49.221827" lon="20.317781"><ele>795.6</ele></trkpt>
      <trkpt lat="49.221814" lon="20.317750"><ele>796.0</ele></trkpt>
      <trkpt lat="49.221798" lon="20.317720"><ele>796.2</ele></trkpt>
      <trkpt lat="49.221786" lon="20.317699"><ele>796.6</ele></trkpt>
      <trkpt lat="49.221766" lon="20.317675"><ele>797.0</ele></trkpt>
      <trkpt lat="49.221747" lon="20.317645"><ele>797.6</ele></trkpt>
      <trkpt lat="49.221734" lon="20.317610"><ele>798.6</ele></trkpt>
      <trkpt lat="49.221722" lon="20.317587"><ele>799.0</ele></trkpt>
      <trkpt lat="49.221706" lon="20.317566"><ele>799.4</ele></trkpt>
      <trkpt lat="49.221683" lon="20.317533"><ele>799.6</ele></trkpt>
      <trkpt lat="49.221664" lon="20.317501"><ele>799.8</ele></trkpt>
      <trkpt lat="49.221645" lon="20.317470"><ele>800.2</ele></trkpt>
      <trkpt lat="49.221638" lon="20.317440"><ele>800.2</ele></trkpt>
      <trkpt lat="49.221622" lon="20.317421"><ele>800.4</ele></trkpt>
      <trkpt lat="49.221603" lon="20.317397"><ele>800.6</ele></trkpt>
      <trkpt lat="49.221587" lon="20.317370"><ele>800.8</ele></trkpt>
      <trkpt lat="49.221574" lon="20.317349"><ele>801.0</ele></trkpt>
      <trkpt lat="49.221558" lon="20.317328"><ele>801.2</ele></trkpt>
      <trkpt lat="49.221539" lon="20.317294"><ele>801.4</ele></trkpt>
      <trkpt lat="49.221523" lon="20.317274"><ele>801.6</ele></trkpt>
      <trkpt lat="49.221504" lon="20.317253"><ele>802.0</ele></trkpt>
      <trkpt lat="49.221488" lon="20.317222"><ele>802.2</ele></trkpt>
      <trkpt lat="49.221478" lon="20.317192"><ele>802.4</ele></trkpt>
      <trkpt lat="49.221466" lon="20.317165"><ele>802.6</ele></trkpt>
      <trkpt lat="49.221450" lon="20.317142"><ele>802.6</ele></trkpt>
      <trkpt lat="49.221430" lon="20.317114"><ele>803.0</ele></trkpt>
      <trkpt lat="49.221418" lon="20.317086"><ele>803.2</ele></trkpt>
      <trkpt lat="49.221405" lon="20.317064"><ele>803.4</ele></trkpt>
      <trkpt lat="49.221389" lon="20.317043"><ele>803.6</ele></trkpt>
      <trkpt lat="49.221370" lon="20.317022"><ele>803.8</ele></trkpt>
      <trkpt lat="49.221350" lon="20.316997"><ele>804.2</ele></trkpt>
      <trkpt lat="49.221331" lon="20.316984"><ele>804.4</ele></trkpt>
      <trkpt lat="49.221312" lon="20.316962"><ele>804.6</ele></trkpt>
      <trkpt lat="49.221286" lon="20.316944"><ele>805.6</ele></trkpt>
      <trkpt lat="49.221270" lon="20.316922"><ele>805.8</ele></trkpt>
      <trkpt lat="49.221261" lon="20.316896"><ele>806.2</ele></trkpt>
      <trkpt lat="49.221242" lon="20.316861"><ele>806.6</ele></trkpt>
      <trkpt lat="49.221222" lon="20.316840"><ele>806.8</ele></trkpt>
      <trkpt lat="49.221203" lon="20.316811"><ele>807.2</ele></trkpt>
      <trkpt lat="49.221184" lon="20.316797"><ele>807.2</ele></trkpt>
      <trkpt lat="49.221168" lon="20.316784"><ele>807.4</ele></trkpt>
      <trkpt lat="49.221146" lon="20.316773"><ele>808.2</ele></trkpt>
      <trkpt lat="49.221126" lon="20.316763"><ele>808.6</ele></trkpt>
      <trkpt lat="49.221110" lon="20.316736"><ele>808.8</ele></trkpt>
      <trkpt lat="49.221091" lon="20.316707"><ele>809.2</ele></trkpt>
      <trkpt lat="49.221069" lon="20.316682"><ele>809.6</ele></trkpt>
      <trkpt lat="49.221050" lon="20.316653"><ele>810.0</ele></trkpt>
      <trkpt lat="49.221034" lon="20.316614"><ele>810.2</ele></trkpt>
      <trkpt lat="49.221011" lon="20.316582"><ele>810.2</ele></trkpt>
      <trkpt lat="49.220986" lon="20.316560"><ele>810.6</ele></trkpt>
      <trkpt lat="49.220960" lon="20.316547"><ele>810.8</ele></trkpt>
      <trkpt lat="49.220944" lon="20.316530"><ele>811.2</ele></trkpt>
      <trkpt lat="49.220915" lon="20.316515"><ele>811.4</ele></trkpt>
      <trkpt lat="49.220890" lon="20.316483"><ele>812.0</ele></trkpt>
      <trkpt lat="49.220874" lon="20.316459"><ele>812.2</ele></trkpt>
      <trkpt lat="49.220854" lon="20.316446"><ele>813.2</ele></trkpt>
      <trkpt lat="49.220835" lon="20.316416"><ele>813.4</ele></trkpt>
      <trkpt lat="49.220810" lon="20.316389"><ele>813.6</ele></trkpt>
      <trkpt lat="49.220794" lon="20.316371"><ele>813.6</ele></trkpt>
      <trkpt lat="49.220771" lon="20.316334"><ele>814.0</ele></trkpt>
      <trkpt lat="49.220755" lon="20.316318"><ele>814.2</ele></trkpt>
      <trkpt lat="49.220730" lon="20.316285"><ele>814.6</ele></trkpt>
      <trkpt lat="49.220710" lon="20.316258"><ele>814.8</ele></trkpt>
      <trkpt lat="49.220691" lon="20.316237"><ele>815.0</ele></trkpt>
      <trkpt lat="49.220675" lon="20.316205"><ele>815.2</ele></trkpt>
      <trkpt lat="49.220666" lon="20.316181"><ele>815.4</ele></trkpt>
      <trkpt lat="49.220650" lon="20.316152"><ele>815.4</ele></trkpt>
      <trkpt lat="49.220634" lon="20.316139"><ele>815.6</ele></trkpt>
      <trkpt lat="49.220621" lon="20.316117"><ele>816.0</ele></trkpt>
      <trkpt lat="49.220605" lon="20.316099"><ele>816.2</ele></trkpt>
      <trkpt lat="49.220586" lon="20.316083"><ele>816.4</ele></trkpt>
      <trkpt lat="49.220573" lon="20.316059"><ele>816.6</ele></trkpt>
      <trkpt lat="49.220554" lon="20.316040"><ele>817.0</ele></trkpt>
      <trkpt lat="49.220534" lon="20.316006"><ele>817.6</ele></trkpt>
      <trkpt lat="49.220522" lon="20.315984"><ele>817.8</ele></trkpt>
      <trkpt lat="49.220506" lon="20.315960"><ele>818.2</ele></trkpt>
      <trkpt lat="49.220483" lon="20.315938"><ele>818.2</ele></trkpt>
      <trkpt lat="49.220467" lon="20.315912"><ele>818.2</ele></trkpt>
      <trkpt lat="49.220445" lon="20.315888"><ele>818.4</ele></trkpt>
      <trkpt lat="49.220422" lon="20.315877"><ele>818.4</ele></trkpt>
      <trkpt lat="49.220403" lon="20.315845"><ele>818.8</ele></trkpt>
      <trkpt lat="49.220378" lon="20.315822"><ele>819.0</ele></trkpt>
      <trkpt lat="49.220365" lon="20.315800"><ele>819.4</ele></trkpt>
      <trkpt lat="49.220349" lon="20.315786"><ele>819.6</ele></trkpt>
      <trkpt lat="49.220326" lon="20.315768"><ele>820.0</ele></trkpt>
      <trkpt lat="49.220310" lon="20.315746"><ele>820.2</ele></trkpt>
      <trkpt lat="49.220291" lon="20.315728"><ele>820.4</ele></trkpt>
      <trkpt lat="49.220272" lon="20.315712"><ele>820.6</ele></trkpt>
      <trkpt lat="49.220256" lon="20.315693"><ele>821.0</ele></trkpt>
      <trkpt lat="49.220240" lon="20.315672"><ele>821.4</ele></trkpt>
      <trkpt lat="49.220218" lon="20.315651"><ele>821.8</ele></trkpt>
      <trkpt lat="49.220195" lon="20.315626"><ele>822.4</ele></trkpt>
      <trkpt lat="49.220176" lon="20.315606"><ele>822.8</ele></trkpt>
      <trkpt lat="49.220160" lon="20.315594"><ele>823.0</ele></trkpt>
      <trkpt lat="49.220141" lon="20.315573"><ele>823.4</ele></trkpt>
      <trkpt lat="49.220112" lon="20.315557"><ele>823.8</ele></trkpt>
      <trkpt lat="49.220093" lon="20.315544"><ele>824.0</ele></trkpt>
      <trkpt lat="49.220074" lon="20.315531"><ele>824.2</ele></trkpt>
      <trkpt lat="49.220051" lon="20.315504"><ele>824.6</ele></trkpt>
      <trkpt lat="49.220035" lon="20.315490"><ele>825.0</ele></trkpt>
      <trkpt lat="49.220016" lon="20.315470"><ele>825.6</ele></trkpt>
      <trkpt lat="49.219990" lon="20.315451"><ele>825.6</ele></trkpt>
      <trkpt lat="49.219974" lon="20.315422"><ele>826.0</ele></trkpt>
      <trkpt lat="49.219958" lon="20.315390"><ele>826.4</ele></trkpt>
      <trkpt lat="49.219949" lon="20.315365"><ele>826.6</ele></trkpt>
      <trkpt lat="49.219936" lon="20.315344"><ele>826.8</ele></trkpt>
      <trkpt lat="49.219926" lon="20.315318"><ele>827.2</ele></trkpt>
      <trkpt lat="49.219914" lon="20.315294"><ele>827.4</ele></trkpt>
      <trkpt lat="49.219914" lon="20.315266"><ele>827.4</ele></trkpt>
      <trkpt lat="49.219898" lon="20.315248"><ele>827.6</ele></trkpt>
      <trkpt lat="49.219888" lon="20.315224"><ele>827.8</ele></trkpt>
      <trkpt lat="49.219872" lon="20.315202"><ele>828.2</ele></trkpt>
      <trkpt lat="49.219856" lon="20.315178"><ele>828.4</ele></trkpt>
      <trkpt lat="49.219846" lon="20.315154"><ele>829.0</ele></trkpt>
      <trkpt lat="49.219830" lon="20.315125"><ele>829.2</ele></trkpt>
      <trkpt lat="49.219814" lon="20.315098"><ele>829.2</ele></trkpt>
      <trkpt lat="49.219798" lon="20.315069"><ele>829.2</ele></trkpt>
      <trkpt lat="49.219782" lon="20.315030"><ele>829.4</ele></trkpt>
      <trkpt lat="49.219773" lon="20.314995"><ele>829.6</ele></trkpt>
      <trkpt lat="49.219760" lon="20.314960"><ele>829.8</ele></trkpt>
      <trkpt lat="49.219750" lon="20.314934"><ele>830.0</ele></trkpt>
      <trkpt lat="49.219738" lon="20.314904"><ele>830.0</ele></trkpt>
      <trkpt lat="49.219741" lon="20.314870"><ele>830.0</ele></trkpt>
      <trkpt lat="49.219728" lon="20.314835"><ele>830.4</ele></trkpt>
      <trkpt lat="49.219718" lon="20.314808"><ele>830.6</ele></trkpt>
      <trkpt lat="49.219709" lon="20.314778"><ele>830.8</ele></trkpt>
      <trkpt lat="49.219699" lon="20.314746"><ele>831.0</ele></trkpt>
      <trkpt lat="49.219690" lon="20.314720"><ele>831.4</ele></trkpt>
      <trkpt lat="49.219677" lon="20.314699"><ele>831.6</ele></trkpt>
      <trkpt lat="49.219670" lon="20.314667"><ele>831.8</ele></trkpt>
      <trkpt lat="49.219661" lon="20.314632"><ele>832.4</ele></trkpt>
      <trkpt lat="49.219651" lon="20.314608"><ele>832.6</ele></trkpt>
      <trkpt lat="49.219642" lon="20.314581"><ele>833.0</ele></trkpt>
      <trkpt lat="49.219629" lon="20.314544"><ele>833.6</ele></trkpt>
      <trkpt lat="49.219622" lon="20.314514"><ele>834.0</ele></trkpt>
      <trkpt lat="49.219610" lon="20.314477"><ele>834.2</ele></trkpt>
      <trkpt lat="49.219597" lon="20.314442"><ele>834.6</ele></trkpt>
      <trkpt lat="49.219581" lon="20.314413"><ele>834.8</ele></trkpt>
      <trkpt lat="49.219565" lon="20.314384"><ele>835.6</ele></trkpt>
      <trkpt lat="49.219558" lon="20.314355"><ele>835.8</ele></trkpt>
      <trkpt lat="49.219542" lon="20.314331"><ele>836.0</ele></trkpt>
      <trkpt lat="49.219530" lon="20.314310"><ele>836.2</ele></trkpt>
      <trkpt lat="49.219517" lon="20.314286"><ele>836.2</ele></trkpt>
      <trkpt lat="49.219504" lon="20.314262"><ele>836.4</ele></trkpt>
      <trkpt lat="49.219482" lon="20.314235"><ele>836.4</ele></trkpt>
      <trkpt lat="49.219462" lon="20.314226"><ele>837.0</ele></trkpt>
      <trkpt lat="49.219459" lon="20.314184"><ele>836.8</ele></trkpt>
      <trkpt lat="49.219440" lon="20.314154"><ele>837.0</ele></trkpt>
      <trkpt lat="49.219430" lon="20.314107"><ele>837.0</ele></trkpt>
      <trkpt lat="49.219421" lon="20.314072"><ele>837.2</ele></trkpt>
      <trkpt lat="49.219414" lon="20.314034"><ele>837.4</ele></trkpt>
      <trkpt lat="49.219405" lon="20.313997"><ele>837.6</ele></trkpt>
      <trkpt lat="49.219386" lon="20.313973"><ele>837.8</ele></trkpt>
      <trkpt lat="49.219373" lon="20.313941"><ele>838.2</ele></trkpt>
      <trkpt lat="49.219366" lon="20.313899"><ele>838.6</ele></trkpt>
      <trkpt lat="49.219363" lon="20.313867"><ele>839.0</ele></trkpt>
      <trkpt lat="49.219354" lon="20.313843"><ele>839.4</ele></trkpt>
      <trkpt lat="49.219350" lon="20.313813"><ele>839.8</ele></trkpt>
      <trkpt lat="49.219341" lon="20.313774"><ele>840.4</ele></trkpt>
      <trkpt lat="49.219322" lon="20.313742"><ele>841.0</ele></trkpt>
      <trkpt lat="49.219318" lon="20.313699"><ele>841.6</ele></trkpt>
      <trkpt lat="49.219306" lon="20.313659"><ele>841.8</ele></trkpt>
      <trkpt lat="49.219293" lon="20.313619"><ele>842.2</ele></trkpt>
      <trkpt lat="49.219293" lon="20.313584"><ele>842.8</ele></trkpt>
      <trkpt lat="49.219280" lon="20.313544"><ele>843.4</ele></trkpt>
      <trkpt lat="49.219264" lon="20.313517"><ele>843.6</ele></trkpt>
      <trkpt lat="49.219251" lon="20.313496"><ele>844.0</ele></trkpt>
      <trkpt lat="49.219242" lon="20.313464"><ele>844.4</ele></trkpt>
      <trkpt lat="49.219226" lon="20.313429"><ele>844.6</ele></trkpt>
      <trkpt lat="49.219222" lon="20.313392"><ele>845.2</ele></trkpt>
      <trkpt lat="49.219219" lon="20.313357"><ele>845.6</ele></trkpt>
      <trkpt lat="49.219219" lon="20.313320"><ele>845.8</ele></trkpt>
      <trkpt lat="49.219213" lon="20.313291"><ele>846.0</ele></trkpt>
      <trkpt lat="49.219213" lon="20.313250"><ele>846.4</ele></trkpt>
      <trkpt lat="49.219213" lon="20.313219"><ele>846.6</ele></trkpt>
      <trkpt lat="49.219206" lon="20.313187"><ele>846.8</ele></trkpt>
      <trkpt lat="49.219213" lon="20.313157"><ele>847.2</ele></trkpt>
      <trkpt lat="49.219206" lon="20.313122"><ele>847.8</ele></trkpt>
      <trkpt lat="49.219213" lon="20.313091"><ele>848.2</ele></trkpt>
      <trkpt lat="49.219206" lon="20.313061"><ele>848.4</ele></trkpt>
      <trkpt lat="49.219206" lon="20.313022"><ele>848.6</ele></trkpt>
      <trkpt lat="49.219200" lon="20.312986"><ele>849.0</ele></trkpt>
      <trkpt lat="49.219200" lon="20.312949"><ele>849.2</ele></trkpt>
      <trkpt lat="49.219200" lon="20.312915"><ele>849.4</ele></trkpt>
      <trkpt lat="49.219200" lon="20.312886"><ele>849.6</ele></trkpt>
      <trkpt lat="49.219206" lon="20.312851"><ele>850.0</ele></trkpt>
      <trkpt lat="49.219213" lon="20.312821"><ele>850.4</ele></trkpt>
      <trkpt lat="49.219216" lon="20.312789"><ele>850.8</ele></trkpt>
      <trkpt lat="49.219222" lon="20.312757"><ele>851.2</ele></trkpt>
      <trkpt lat="49.219226" lon="20.312725"><ele>851.6</ele></trkpt>
      <trkpt lat="49.219226" lon="20.312691"><ele>851.8</ele></trkpt>
      <trkpt lat="49.219235" lon="20.312658"><ele>852.2</ele></trkpt>
      <trkpt lat="49.219238" lon="20.312626"><ele>852.6</ele></trkpt>
      <trkpt lat="49.219238" lon="20.312584"><ele>852.8</ele></trkpt>
      <trkpt lat="49.219238" lon="20.312541"><ele>853.4</ele></trkpt>
      <trkpt lat="49.219238" lon="20.312507"><ele>853.8</ele></trkpt>
      <trkpt lat="49.219238" lon="20.312475"><ele>854.2</ele></trkpt>
      <trkpt lat="49.219238" lon="20.312446"><ele>854.6</ele></trkpt>
      <trkpt lat="49.219242" lon="20.312419"><ele>854.8</ele></trkpt>
      <trkpt lat="49.219238" lon="20.312382"><ele>855.0</ele></trkpt>
      <trkpt lat="49.219238" lon="20.312354"><ele>855.0</ele></trkpt>
      <trkpt lat="49.219238" lon="20.312317"><ele>855.2</ele></trkpt>
      <trkpt lat="49.219238" lon="20.312283"><ele>855.4</ele></trkpt>
      <trkpt lat="49.219238" lon="20.312248"><ele>855.6</ele></trkpt>
      <trkpt lat="49.219232" lon="20.312211"><ele>856.0</ele></trkpt>
      <trkpt lat="49.219222" lon="20.312178"><ele>856.2</ele></trkpt>
      <trkpt lat="49.219213" lon="20.312139"><ele>856.4</ele></trkpt>
      <trkpt lat="49.219213" lon="20.312109"><ele>856.8</ele></trkpt>
      <trkpt lat="49.219213" lon="20.312058"><ele>857.2</ele></trkpt>
      <trkpt lat="49.219216" lon="20.312018"><ele>857.4</ele></trkpt>
      <trkpt lat="49.219216" lon="20.311982"><ele>857.8</ele></trkpt>
      <trkpt lat="49.219226" lon="20.311950"><ele>858.4</ele></trkpt>
      <trkpt lat="49.219238" lon="20.311926"><ele>858.8</ele></trkpt>
      <trkpt lat="49.219235" lon="20.311898"><ele>859.8</ele></trkpt>
      <trkpt lat="49.219216" lon="20.311866"><ele>860.2</ele></trkpt>
      <trkpt lat="49.219206" lon="20.311832"><ele>860.2</ele></trkpt>
      <trkpt lat="49.219216" lon="20.311781"><ele>860.4</ele></trkpt>
      <trkpt lat="49.219219" lon="20.311739"><ele>860.4</ele></trkpt>
      <trkpt lat="49.219213" lon="20.311698"><ele>860.4</ele></trkpt>
      <trkpt lat="49.219203" lon="20.311653"><ele>860.6</ele></trkpt>
      <trkpt lat="49.219206" lon="20.311610"><ele>860.8</ele></trkpt>
      <trkpt lat="49.219206" lon="20.311579"><ele>861.2</ele></trkpt>
      <trkpt lat="49.219200" lon="20.311533"><ele>861.8</ele></trkpt>
      <trkpt lat="49.219206" lon="20.311502"><ele>862.2</ele></trkpt>
      <trkpt lat="49.219213" lon="20.311475"><ele>862.6</ele></trkpt>
      <trkpt lat="49.219226" lon="20.311454"><ele>862.8</ele></trkpt>
      <trkpt lat="49.219242" lon="20.311424"><ele>863.2</ele></trkpt>
      <trkpt lat="49.219258" lon="20.311397"><ele>863.8</ele></trkpt>
      <trkpt lat="49.219274" lon="20.311381"><ele>864.0</ele></trkpt>
      <trkpt lat="49.219293" lon="20.311352"><ele>864.6</ele></trkpt>
      <trkpt lat="49.219306" lon="20.311330"><ele>864.8</ele></trkpt>
      <trkpt lat="49.219322" lon="20.311307"><ele>865.2</ele></trkpt>
      <trkpt lat="49.219334" lon="20.311286"><ele>865.6</ele></trkpt>
      <trkpt lat="49.219350" lon="20.311264"><ele>866.2</ele></trkpt>
      <trkpt lat="49.219363" lon="20.311234"><ele>866.8</ele></trkpt>
      <trkpt lat="49.219376" lon="20.311213"><ele>867.2</ele></trkpt>
      <trkpt lat="49.219382" lon="20.311181"><ele>867.6</ele></trkpt>
      <trkpt lat="49.219382" lon="20.311144"><ele>867.8</ele></trkpt>
      <trkpt lat="49.219395" lon="20.311115"><ele>868.2</ele></trkpt>
      <trkpt lat="49.219398" lon="20.311085"><ele>868.4</ele></trkpt>
      <trkpt lat="49.219395" lon="20.311045"><ele>868.8</ele></trkpt>
      <trkpt lat="49.219373" lon="20.311006"><ele>869.2</ele></trkpt>
      <trkpt lat="49.219354" lon="20.310989"><ele>869.4</ele></trkpt>
      <trkpt lat="49.219334" lon="20.310979"><ele>869.8</ele></trkpt>
      <trkpt lat="49.219315" lon="20.310952"><ele>869.8</ele></trkpt>
      <trkpt lat="49.219302" lon="20.310930"><ele>871.2</ele></trkpt>
      <trkpt lat="49.219280" lon="20.310928"><ele>870.8</ele></trkpt>
      <trkpt lat="49.219258" lon="20.310917"><ele>870.4</ele></trkpt>
      <trkpt lat="49.219249" lon="20.310934"><ele>869.2</ele></trkpt>
      <trkpt lat="49.219240" lon="20.310950"><ele>869.6</ele></trkpt>
      <trkpt lat="49.219203" lon="20.310992"><ele>869.8</ele></trkpt>
      <trkpt lat="49.219187" lon="20.311027"><ele>870.0</ele></trkpt>
      <trkpt lat="49.219174" lon="20.311066"><ele>870.0</ele></trkpt>
      <trkpt lat="49.219155" lon="20.311091"><ele>870.2</ele></trkpt>
      <trkpt lat="49.219136" lon="20.311114"><ele>870.6</ele></trkpt>
      <trkpt lat="49.219120" lon="20.311133"><ele>870.8</ele></trkpt>
      <trkpt lat="49.219104" lon="20.311154"><ele>871.0</ele></trkpt>
      <trkpt lat="49.219078" lon="20.311186"><ele>871.0</ele></trkpt>
      <trkpt lat="49.219059" lon="20.311197"><ele>871.0</ele></trkpt>
      <trkpt lat="49.219034" lon="20.311186"><ele>871.2</ele></trkpt>
      <trkpt lat="49.219014" lon="20.311176"><ele>871.4</ele></trkpt>
      <trkpt lat="49.218989" lon="20.311154"><ele>871.4</ele></trkpt>
      <trkpt lat="49.218976" lon="20.311122"><ele>871.6</ele></trkpt>
      <trkpt lat="49.218960" lon="20.311086"><ele>871.6</ele></trkpt>
      <trkpt lat="49.218944" lon="20.311059"><ele>871.8</ele></trkpt>
      <trkpt lat="49.218918" lon="20.311043"><ele>872.0</ele></trkpt>
      <trkpt lat="49.218890" lon="20.311022"><ele>872.0</ele></trkpt>
      <trkpt lat="49.218874" lon="20.310992"><ele>872.4</ele></trkpt>
      <trkpt lat="49.218861" lon="20.310965"><ele>872.6</ele></trkpt>
      <trkpt lat="49.218845" lon="20.310946"><ele>873.4</ele></trkpt>
      <trkpt lat="49.218826" lon="20.310947"><ele>873.6</ele></trkpt>
      <trkpt lat="49.218816" lon="20.310923"><ele>873.8</ele></trkpt>
      <trkpt lat="49.218787" lon="20.310904"><ele>874.4</ele></trkpt>
      <trkpt lat="49.218768" lon="20.310893"><ele>874.6</ele></trkpt>
      <trkpt lat="49.218749" lon="20.310888"><ele>874.6</ele></trkpt>
      <trkpt lat="49.218726" lon="20.310875"><ele>874.8</ele></trkpt>
      <trkpt lat="49.218704" lon="20.310875"><ele>874.8</ele></trkpt>
      <trkpt lat="49.218685" lon="20.310869"><ele>875.2</ele></trkpt>
      <trkpt lat="49.218659" lon="20.310861"><ele>875.6</ele></trkpt>
      <trkpt lat="49.218637" lon="20.310856"><ele>875.6</ele></trkpt>
      <trkpt lat="49.218605" lon="20.310856"><ele>875.6</ele></trkpt>
      <trkpt lat="49.218579" lon="20.310853"><ele>876.0</ele></trkpt>
      <trkpt lat="49.218560" lon="20.310840"><ele>876.2</ele></trkpt>
      <trkpt lat="49.218541" lon="20.310816"><ele>876.2</ele></trkpt>
      <trkpt lat="49.218522" lon="20.310794"><ele>876.4</ele></trkpt>
      <trkpt lat="49.218502" lon="20.310770"><ele>876.6</ele></trkpt>
      <trkpt lat="49.218486" lon="20.310755"><ele>876.6</ele></trkpt>
      <trkpt lat="49.218461" lon="20.310730"><ele>877.0</ele></trkpt>
      <trkpt lat="49.218445" lon="20.310717"><ele>877.0</ele></trkpt>
      <trkpt lat="49.218419" lon="20.310696"><ele>877.2</ele></trkpt>
      <trkpt lat="49.218397" lon="20.310669"><ele>877.2</ele></trkpt>
      <trkpt lat="49.218371" lon="20.310648"><ele>877.2</ele></trkpt>
      <trkpt lat="49.218352" lon="20.310645"><ele>877.4</ele></trkpt>
      <trkpt lat="49.218311" lon="20.310600"><ele>877.4</ele></trkpt>
      <trkpt lat="49.218278" lon="20.310579"><ele>877.6</ele></trkpt>
      <trkpt lat="49.218259" lon="20.310552"><ele>878.0</ele></trkpt>
      <trkpt lat="49.218243" lon="20.310526"><ele>878.2</ele></trkpt>
      <trkpt lat="49.218224" lon="20.310512"><ele>878.6</ele></trkpt>
      <trkpt lat="49.218198" lon="20.310491"><ele>878.8</ele></trkpt>
      <trkpt lat="49.218189" lon="20.310459"><ele>879.0</ele></trkpt>
      <trkpt lat="49.218182" lon="20.310432"><ele>879.2</ele></trkpt>
      <trkpt lat="49.218170" lon="20.310411"><ele>879.4</ele></trkpt>
      <trkpt lat="49.218154" lon="20.310384"><ele>879.6</ele></trkpt>
      <trkpt lat="49.218134" lon="20.310358"><ele>880.0</ele></trkpt>
      <trkpt lat="49.218128" lon="20.310331"><ele>880.2</ele></trkpt>
      <trkpt lat="49.218112" lon="20.310302"><ele>880.6</ele></trkpt>
      <trkpt lat="49.218102" lon="20.310274"><ele>881.0</ele></trkpt>
      <trkpt lat="49.218093" lon="20.310234"><ele>881.2</ele></trkpt>
      <trkpt lat="49.218080" lon="20.310200"><ele>881.2</ele></trkpt>
      <trkpt lat="49.218064" lon="20.310179"><ele>881.4</ele></trkpt>
      <trkpt lat="49.218051" lon="20.310158"><ele>882.0</ele></trkpt>
      <trkpt lat="49.218061" lon="20.310133"><ele>882.4</ele></trkpt>
      <trkpt lat="49.218048" lon="20.310109"><ele>882.8</ele></trkpt>
      <trkpt lat="49.218035" lon="20.310078"><ele>883.0</ele></trkpt>
      <trkpt lat="49.218022" lon="20.310051"><ele>883.2</ele></trkpt>
      <trkpt lat="49.218010" lon="20.310029"><ele>883.6</ele></trkpt>
      <trkpt lat="49.217990" lon="20.310002"><ele>883.8</ele></trkpt>
      <trkpt lat="49.217981" lon="20.309966"><ele>884.0</ele></trkpt>
      <trkpt lat="49.217968" lon="20.309931"><ele>884.0</ele></trkpt>
      <trkpt lat="49.217962" lon="20.309904"><ele>884.0</ele></trkpt>
      <trkpt lat="49.217949" lon="20.309883"><ele>884.2</ele></trkpt>
      <trkpt lat="49.217926" lon="20.309851"><ele>884.4</ele></trkpt>
      <trkpt lat="49.217907" lon="20.309840"><ele>884.4</ele></trkpt>
      <trkpt lat="49.217891" lon="20.309797"><ele>884.2</ele></trkpt>
      <trkpt lat="49.217872" lon="20.309762"><ele>884.2</ele></trkpt>
      <trkpt lat="49.217853" lon="20.309722"><ele>884.4</ele></trkpt>
      <trkpt lat="49.217843" lon="20.309685"><ele>884.8</ele></trkpt>
      <trkpt lat="49.217830" lon="20.309654"><ele>885.2</ele></trkpt>
      <trkpt lat="49.217827" lon="20.309627"><ele>885.8</ele></trkpt>
      <trkpt lat="49.217821" lon="20.309589"><ele>886.6</ele></trkpt>
      <trkpt lat="49.217808" lon="20.309568"><ele>887.0</ele></trkpt>
      <trkpt lat="49.217802" lon="20.309534"><ele>887.4</ele></trkpt>
      <trkpt lat="49.217792" lon="20.309499"><ele>887.6</ele></trkpt>
      <trkpt lat="49.217786" lon="20.309469"><ele>888.2</ele></trkpt>
      <trkpt lat="49.217776" lon="20.309445"><ele>888.4</ele></trkpt>
      <trkpt lat="49.217776" lon="20.309405"><ele>888.6</ele></trkpt>
      <trkpt lat="49.217763" lon="20.309366"><ele>888.8</ele></trkpt>
      <trkpt lat="49.217750" lon="20.309338"><ele>889.0</ele></trkpt>
      <trkpt lat="49.217738" lon="20.309296"><ele>889.2</ele></trkpt>
      <trkpt lat="49.217725" lon="20.309259"><ele>889.6</ele></trkpt>
      <trkpt lat="49.217706" lon="20.309219"><ele>889.8</ele></trkpt>
      <trkpt lat="49.217690" lon="20.309189"><ele>890.0</ele></trkpt>
      <trkpt lat="49.217674" lon="20.309171"><ele>890.2</ele></trkpt>
      <trkpt lat="49.217658" lon="20.309150"><ele>890.4</ele></trkpt>
      <trkpt lat="49.217648" lon="20.309126"><ele>890.8</ele></trkpt>
      <trkpt lat="49.217622" lon="20.309131"><ele>891.6</ele></trkpt>
      <trkpt lat="49.217603" lon="20.309110"><ele>891.6</ele></trkpt>
      <trkpt lat="49.217587" lon="20.309086"><ele>891.8</ele></trkpt>
      <trkpt lat="49.217571" lon="20.309066"><ele>892.0</ele></trkpt>
      <trkpt lat="49.217558" lon="20.309040"><ele>892.2</ele></trkpt>
      <trkpt lat="49.217546" lon="20.309011"><ele>892.6</ele></trkpt>
      <trkpt lat="49.217526" lon="20.308992"><ele>892.8</ele></trkpt>
      <trkpt lat="49.217510" lon="20.308979"><ele>893.2</ele></trkpt>
      <trkpt lat="49.217498" lon="20.308957"><ele>893.4</ele></trkpt>
      <trkpt lat="49.217478" lon="20.308930"><ele>894.0</ele></trkpt>
      <trkpt lat="49.217456" lon="20.308912"><ele>894.2</ele></trkpt>
      <trkpt lat="49.217440" lon="20.308899"><ele>894.4</ele></trkpt>
      <trkpt lat="49.217414" lon="20.308891"><ele>895.0</ele></trkpt>
      <trkpt lat="49.217405" lon="20.308853"><ele>895.4</ele></trkpt>
      <trkpt lat="49.217376" lon="20.308829"><ele>895.6</ele></trkpt>
      <trkpt lat="49.217357" lon="20.308802"><ele>895.8</ele></trkpt>
      <trkpt lat="49.217334" lon="20.308782"><ele>896.2</ele></trkpt>
      <trkpt lat="49.217312" lon="20.308755"><ele>896.4</ele></trkpt>
      <trkpt lat="49.217296" lon="20.308734"><ele>896.6</ele></trkpt>
      <trkpt lat="49.217270" lon="20.308704"><ele>896.8</ele></trkpt>
      <trkpt lat="49.217242" lon="20.308690"><ele>897.0</ele></trkpt>
      <trkpt lat="49.217219" lon="20.308666"><ele>897.2</ele></trkpt>
      <trkpt lat="49.217206" lon="20.308640"><ele>897.4</ele></trkpt>
      <trkpt lat="49.217190" lon="20.308610"><ele>897.6</ele></trkpt>
      <trkpt lat="49.217168" lon="20.308592"><ele>898.0</ele></trkpt>
      <trkpt lat="49.217152" lon="20.308571"><ele>898.2</ele></trkpt>
      <trkpt lat="49.217139" lon="20.308536"><ele>898.6</ele></trkpt>
      <trkpt lat="49.217126" lon="20.308507"><ele>899.0</ele></trkpt>
      <trkpt lat="49.217120" lon="20.308477"><ele>899.8</ele></trkpt>
      <trkpt lat="49.217107" lon="20.308445"><ele>900.0</ele></trkpt>
      <trkpt lat="49.217088" lon="20.308406"><ele>900.4</ele></trkpt>
      <trkpt lat="49.217069" lon="20.308386"><ele>901.0</ele></trkpt>
      <trkpt lat="49.217037" lon="20.308384"><ele>901.4</ele></trkpt>
      <trkpt lat="49.217018" lon="20.308378"><ele>902.0</ele></trkpt>
      <trkpt lat="49.217002" lon="20.308365"><ele>902.6</ele></trkpt>
      <trkpt lat="49.216989" lon="20.308334"><ele>903.2</ele></trkpt>
      <trkpt lat="49.216970" lon="20.308306"><ele>903.8</ele></trkpt>
      <trkpt lat="49.216947" lon="20.308278"><ele>904.2</ele></trkpt>
      <trkpt lat="49.216928" lon="20.308253"><ele>904.6</ele></trkpt>
      <trkpt lat="49.216902" lon="20.308229"><ele>904.8</ele></trkpt>
      <trkpt lat="49.216883" lon="20.308208"><ele>905.4</ele></trkpt>
      <trkpt lat="49.216861" lon="20.308186"><ele>906.0</ele></trkpt>
      <trkpt lat="49.216848" lon="20.308158"><ele>906.4</ele></trkpt>
      <trkpt lat="49.216835" lon="20.308138"><ele>907.2</ele></trkpt>
      <trkpt lat="49.216810" lon="20.308123"><ele>907.4</ele></trkpt>
      <trkpt lat="49.216790" lon="20.308107"><ele>907.4</ele></trkpt>
      <trkpt lat="49.216762" lon="20.308090"><ele>907.8</ele></trkpt>
      <trkpt lat="49.216739" lon="20.308061"><ele>908.4</ele></trkpt>
      <trkpt lat="49.216720" lon="20.308043"><ele>908.8</ele></trkpt>
      <trkpt lat="49.216701" lon="20.308035"><ele>909.2</ele></trkpt>
      <trkpt lat="49.216685" lon="20.308014"><ele>909.4</ele></trkpt>
      <trkpt lat="49.216672" lon="20.307979"><ele>909.8</ele></trkpt>
      <trkpt lat="49.216653" lon="20.307954"><ele>910.0</ele></trkpt>
      <trkpt lat="49.216643" lon="20.307928"><ele>910.2</ele></trkpt>
      <trkpt lat="49.216634" lon="20.307904"><ele>910.4</ele></trkpt>
      <trkpt lat="49.216618" lon="20.307866"><ele>911.0</ele></trkpt>
      <trkpt lat="49.216605" lon="20.307838"><ele>911.4</ele></trkpt>
      <trkpt lat="49.216592" lon="20.307818"><ele>912.4</ele></trkpt>
      <trkpt lat="49.216579" lon="20.307792"><ele>912.8</ele></trkpt>
      <trkpt lat="49.216563" lon="20.307752"><ele>913.0</ele></trkpt>
      <trkpt lat="49.216554" lon="20.307712"><ele>913.2</ele></trkpt>
      <trkpt lat="49.216538" lon="20.307682"><ele>913.4</ele></trkpt>
      <trkpt lat="49.216525" lon="20.307656"><ele>913.8</ele></trkpt>
      <trkpt lat="49.216515" lon="20.307630"><ele>914.2</ele></trkpt>
      <trkpt lat="49.216502" lon="20.307610"><ele>914.4</ele></trkpt>
      <trkpt lat="49.216493" lon="20.307582"><ele>914.6</ele></trkpt>
      <trkpt lat="49.216483" lon="20.307552"><ele>915.0</ele></trkpt>
      <trkpt lat="49.216477" lon="20.307514"><ele>915.6</ele></trkpt>
      <trkpt lat="49.216464" lon="20.307478"><ele>916.0</ele></trkpt>
      <trkpt lat="49.216474" lon="20.307445"><ele>916.8</ele></trkpt>
      <trkpt lat="49.216496" lon="20.307434"><ele>917.8</ele></trkpt>
      <trkpt lat="49.216515" lon="20.307424"><ele>917.8</ele></trkpt>
      <trkpt lat="49.216531" lon="20.307408"><ele>917.8</ele></trkpt>
      <trkpt lat="49.216554" lon="20.307403"><ele>918.0</ele></trkpt>
      <trkpt lat="49.216579" lon="20.307389"><ele>918.0</ele></trkpt>
      <trkpt lat="49.216602" lon="20.307382"><ele>918.6</ele></trkpt>
      <trkpt lat="49.216621" lon="20.307371"><ele>918.8</ele></trkpt>
      <trkpt lat="49.216637" lon="20.307355"><ele>919.2</ele></trkpt>
      <trkpt lat="49.216666" lon="20.307342"><ele>919.8</ele></trkpt>
      <trkpt lat="49.216691" lon="20.307315"><ele>920.8</ele></trkpt>
      <trkpt lat="49.216717" lon="20.307285"><ele>921.2</ele></trkpt>
      <trkpt lat="49.216733" lon="20.307262"><ele>921.8</ele></trkpt>
      <trkpt lat="49.216739" lon="20.307235"><ele>922.2</ele></trkpt>
      <trkpt lat="49.216762" lon="20.307224"><ele>922.6</ele></trkpt>
      <trkpt lat="49.216781" lon="20.307224"><ele>923.2</ele></trkpt>
      <trkpt lat="49.216810" lon="20.307206"><ele>924.4</ele></trkpt>
      <trkpt lat="49.216829" lon="20.307184"><ele>924.8</ele></trkpt>
      <trkpt lat="49.216854" lon="20.307182"><ele>925.6</ele></trkpt>
      <trkpt lat="49.216874" lon="20.307174"><ele>926.2</ele></trkpt>
      <trkpt lat="49.216896" lon="20.307182"><ele>926.4</ele></trkpt>
      <trkpt lat="49.216918" lon="20.307182"><ele>926.8</ele></trkpt>
      <trkpt lat="49.216950" lon="20.307189"><ele>927.4</ele></trkpt>
      <trkpt lat="49.216970" lon="20.307192"><ele>927.8</ele></trkpt>
      <trkpt lat="49.216989" lon="20.307192"><ele>928.2</ele></trkpt>
      <trkpt lat="49.217008" lon="20.307202"><ele>928.4</ele></trkpt>
      <trkpt lat="49.217030" lon="20.307216"><ele>929.0</ele></trkpt>
      <trkpt lat="49.217053" lon="20.307222"><ele>929.2</ele></trkpt>
      <trkpt lat="49.217069" lon="20.307250"><ele>930.0</ele></trkpt>
      <trkpt lat="49.217094" lon="20.307245"><ele>930.6</ele></trkpt>
      <trkpt lat="49.217117" lon="20.307240"><ele>931.0</ele></trkpt>
      <trkpt lat="49.217139" lon="20.307250"><ele>931.6</ele></trkpt>
      <trkpt lat="49.217158" lon="20.307254"><ele>932.0</ele></trkpt>
      <trkpt lat="49.217190" lon="20.307262"><ele>932.2</ele></trkpt>
      <trkpt lat="49.217216" lon="20.307262"><ele>932.6</ele></trkpt>
      <trkpt lat="49.217242" lon="20.307272"><ele>932.8</ele></trkpt>
      <trkpt lat="49.217267" lon="20.307270"><ele>933.4</ele></trkpt>
      <trkpt lat="49.217293" lon="20.307256"><ele>933.6</ele></trkpt>
      <trkpt lat="49.217312" lon="20.307253"><ele>933.8</ele></trkpt>
      <trkpt lat="49.217331" lon="20.307261"><ele>934.0</ele></trkpt>
      <trkpt lat="49.217350" lon="20.307264"><ele>934.0</ele></trkpt>
      <trkpt lat="49.217386" lon="20.307280"><ele>934.4</ele></trkpt>
      <trkpt lat="49.217405" lon="20.307285"><ele>934.6</ele></trkpt>
      <trkpt lat="49.217430" lon="20.307302"><ele>935.6</ele></trkpt>
      <trkpt lat="49.217450" lon="20.307312"><ele>935.8</ele></trkpt>
      <trkpt lat="49.217469" lon="20.307320"><ele>936.2</ele></trkpt>
      <trkpt lat="49.217494" lon="20.307330"><ele>936.6</ele></trkpt>
      <trkpt lat="49.217514" lon="20.307330"><ele>937.0</ele></trkpt>
      <trkpt lat="49.217536" lon="20.307325"><ele>937.4</ele></trkpt>
      <trkpt lat="49.217558" lon="20.307320"><ele>937.6</ele></trkpt>
      <trkpt lat="49.217587" lon="20.307325"><ele>938.0</ele></trkpt>
      <trkpt lat="49.217616" lon="20.307314"><ele>938.4</ele></trkpt>
      <trkpt lat="49.217635" lon="20.307309"><ele>938.4</ele></trkpt>
      <trkpt lat="49.217654" lon="20.307325"><ele>938.6</ele></trkpt>
      <trkpt lat="49.217674" lon="20.307330"><ele>939.0</ele></trkpt>
      <trkpt lat="49.217696" lon="20.307342"><ele>939.4</ele></trkpt>
      <trkpt lat="49.217715" lon="20.307349"><ele>939.4</ele></trkpt>
      <trkpt lat="49.217734" lon="20.307358"><ele>939.4</ele></trkpt>
      <trkpt lat="49.217763" lon="20.307368"><ele>939.6</ele></trkpt>
      <trkpt lat="49.217782" lon="20.307363"><ele>940.0</ele></trkpt>
      <trkpt lat="49.217808" lon="20.307358"><ele>940.4</ele></trkpt>
      <trkpt lat="49.217827" lon="20.307350"><ele>940.6</ele></trkpt>
      <trkpt lat="49.217846" lon="20.307338"><ele>941.4</ele></trkpt>
      <trkpt lat="49.217869" lon="20.307350"><ele>941.6</ele></trkpt>
      <trkpt lat="49.217891" lon="20.307365"><ele>941.6</ele></trkpt>
      <trkpt lat="49.217910" lon="20.307365"><ele>941.8</ele></trkpt>
      <trkpt lat="49.217930" lon="20.307370"><ele>942.2</ele></trkpt>
      <trkpt lat="49.217955" lon="20.307373"><ele>942.4</ele></trkpt>
      <trkpt lat="49.217984" lon="20.307379"><ele>942.8</ele></trkpt>
      <trkpt lat="49.218006" lon="20.307392"><ele>943.4</ele></trkpt>
      <trkpt lat="49.218026" lon="20.307398"><ele>943.8</ele></trkpt>
      <trkpt lat="49.218045" lon="20.307408"><ele>944.2</ele></trkpt>
      <trkpt lat="49.218061" lon="20.307427"><ele>944.6</ele></trkpt>
      <trkpt lat="49.218083" lon="20.307427"><ele>944.8</ele></trkpt>
      <trkpt lat="49.218109" lon="20.307442"><ele>945.2</ele></trkpt>
      <trkpt lat="49.218134" lon="20.307442"><ele>945.4</ele></trkpt>
      <trkpt lat="49.218154" lon="20.307442"><ele>945.8</ele></trkpt>
      <trkpt lat="49.218173" lon="20.307440"><ele>946.2</ele></trkpt>
      <trkpt lat="49.218202" lon="20.307454"><ele>946.6</ele></trkpt>
      <trkpt lat="49.218224" lon="20.307458"><ele>947.0</ele></trkpt>
      <trkpt lat="49.218246" lon="20.307461"><ele>947.4</ele></trkpt>
      <trkpt lat="49.218266" lon="20.307464"><ele>948.0</ele></trkpt>
      <trkpt lat="49.218282" lon="20.307445"><ele>948.6</ele></trkpt>
      <trkpt lat="49.218301" lon="20.307454"><ele>949.0</ele></trkpt>
      <trkpt lat="49.218320" lon="20.307462"><ele>949.6</ele></trkpt>
      <trkpt lat="49.218349" lon="20.307478"><ele>949.8</ele></trkpt>
      <trkpt lat="49.218365" lon="20.307501"><ele>950.0</ele></trkpt>
      <trkpt lat="49.218381" lon="20.307514"><ele>950.6</ele></trkpt>
      <trkpt lat="49.218403" lon="20.307523"><ele>951.2</ele></trkpt>
      <trkpt lat="49.218422" lon="20.307522"><ele>951.4</ele></trkpt>
      <trkpt lat="49.218442" lon="20.307534"><ele>952.2</ele></trkpt>
      <trkpt lat="49.218467" lon="20.307547"><ele>953.8</ele></trkpt>
      <trkpt lat="49.218490" lon="20.307552"><ele>954.2</ele></trkpt>
      <trkpt lat="49.218518" lon="20.307558"><ele>954.6</ele></trkpt>
      <trkpt lat="49.218550" lon="20.307568"><ele>955.0</ele></trkpt>
      <trkpt lat="49.218570" lon="20.307573"><ele>955.2</ele></trkpt>
      <trkpt lat="49.218598" lon="20.307579"><ele>956.0</ele></trkpt>
      <trkpt lat="49.218621" lon="20.307594"><ele>956.4</ele></trkpt>
      <trkpt lat="49.218640" lon="20.307602"><ele>956.8</ele></trkpt>
      <trkpt lat="49.218662" lon="20.307606"><ele>957.0</ele></trkpt>
      <trkpt lat="49.218678" lon="20.307619"><ele>957.6</ele></trkpt>
      <trkpt lat="49.218698" lon="20.307634"><ele>958.2</ele></trkpt>
      <trkpt lat="49.218717" lon="20.307640"><ele>958.4</ele></trkpt>
      <trkpt lat="49.218739" lon="20.307646"><ele>959.0</ele></trkpt>
      <trkpt lat="49.218768" lon="20.307632"><ele>959.8</ele></trkpt>
      <trkpt lat="49.218787" lon="20.307626"><ele>960.0</ele></trkpt>
      <trkpt lat="49.218810" lon="20.307630"><ele>960.4</ele></trkpt>
      <trkpt lat="49.218842" lon="20.307638"><ele>961.0</ele></trkpt>
      <trkpt lat="49.218867" lon="20.307646"><ele>961.6</ele></trkpt>
      <trkpt lat="49.218886" lon="20.307650"><ele>961.8</ele></trkpt>
      <trkpt lat="49.218909" lon="20.307643"><ele>962.2</ele></trkpt>
      <trkpt lat="49.218934" lon="20.307638"><ele>963.2</ele></trkpt>
      <trkpt lat="49.218963" lon="20.307630"><ele>963.8</ele></trkpt>
      <trkpt lat="49.218982" lon="20.307608"><ele>964.2</ele></trkpt>
      <trkpt lat="49.219002" lon="20.307594"><ele>965.0</ele></trkpt>
      <trkpt lat="49.218998" lon="20.307560"><ele>965.8</ele></trkpt>
      <trkpt lat="49.218976" lon="20.307571"><ele>966.6</ele></trkpt>
      <trkpt lat="49.218957" lon="20.307570"><ele>966.8</ele></trkpt>
      <trkpt lat="49.218938" lon="20.307568"><ele>967.0</ele></trkpt>
      <trkpt lat="49.218915" lon="20.307566"><ele>966.8</ele></trkpt>
      <trkpt lat="49.218899" lon="20.307542"><ele>966.8</ele></trkpt>
      <trkpt lat="49.218883" lon="20.307501"><ele>966.6</ele></trkpt>
      <trkpt lat="49.218861" lon="20.307485"><ele>966.6</ele></trkpt>
      <trkpt lat="49.218848" lon="20.307451"><ele>966.8</ele></trkpt>
      <trkpt lat="49.218829" lon="20.307434"><ele>967.2</ele></trkpt>
      <trkpt lat="49.218810" lon="20.307400"><ele>967.8</ele></trkpt>
      <trkpt lat="49.218797" lon="20.307368"><ele>968.0</ele></trkpt>
      <trkpt lat="49.218781" lon="20.307344"><ele>968.6</ele></trkpt>
      <trkpt lat="49.218768" lon="20.307315"><ele>969.0</ele></trkpt>
      <trkpt lat="49.218746" lon="20.307310"><ele>969.6</ele></trkpt>
      <trkpt lat="49.218730" lon="20.307296"><ele>969.6</ele></trkpt>
      <trkpt lat="49.218726" lon="20.307269"><ele>970.0</ele></trkpt>
      <trkpt lat="49.218707" lon="20.307235"><ele>970.4</ele></trkpt>
      <trkpt lat="49.218691" lon="20.307200"><ele>970.6</ele></trkpt>
      <trkpt lat="49.218675" lon="20.307176"><ele>971.0</ele></trkpt>
      <trkpt lat="49.218659" lon="20.307160"><ele>971.2</ele></trkpt>
      <trkpt lat="49.218651" lon="20.307142"><ele>972.6</ele></trkpt>
      <trkpt lat="49.218644" lon="20.307124"><ele>972.6</ele></trkpt>
      <trkpt lat="49.218636" lon="20.307106"><ele>972.6</ele></trkpt>
      <trkpt lat="49.218611" lon="20.307062"><ele>973.4</ele></trkpt>
      <trkpt lat="49.218586" lon="20.307040"><ele>973.6</ele></trkpt>
      <trkpt lat="49.218570" lon="20.307026"><ele>973.6</ele></trkpt>
      <trkpt lat="49.218557" lon="20.307005"><ele>973.6</ele></trkpt>
      <trkpt lat="49.218522" lon="20.306986"><ele>973.8</ele></trkpt>
      <trkpt lat="49.218506" lon="20.306968"><ele>973.8</ele></trkpt>
      <trkpt lat="49.218490" lon="20.306933"><ele>974.4</ele></trkpt>
      <trkpt lat="49.218480" lon="20.306904"><ele>974.8</ele></trkpt>
      <trkpt lat="49.218467" lon="20.306867"><ele>975.2</ele></trkpt>
      <trkpt lat="49.218448" lon="20.306846"><ele>975.4</ele></trkpt>
      <trkpt lat="49.218429" lon="20.306842"><ele>975.8</ele></trkpt>
      <trkpt lat="49.218406" lon="20.306842"><ele>976.2</ele></trkpt>
      <trkpt lat="49.218390" lon="20.306810"><ele>976.4</ele></trkpt>
      <trkpt lat="49.218381" lon="20.306773"><ele>976.6</ele></trkpt>
      <trkpt lat="49.218365" lon="20.306720"><ele>977.0</ele></trkpt>
      <trkpt lat="49.218349" lon="20.306699"><ele>977.0</ele></trkpt>
      <trkpt lat="49.218330" lon="20.306674"><ele>977.2</ele></trkpt>
      <trkpt lat="49.218314" lon="20.306643"><ele>977.6</ele></trkpt>
      <trkpt lat="49.218291" lon="20.306606"><ele>977.8</ele></trkpt>
      <trkpt lat="49.218285" lon="20.306578"><ele>977.8</ele></trkpt>
      <trkpt lat="49.218272" lon="20.306550"><ele>978.2</ele></trkpt>
      <trkpt lat="49.218259" lon="20.306520"><ele>978.8</ele></trkpt>
      <trkpt lat="49.218250" lon="20.306496"><ele>979.0</ele></trkpt>
      <trkpt lat="49.218230" lon="20.306469"><ele>979.6</ele></trkpt>
      <trkpt lat="49.218214" lon="20.306454"><ele>979.8</ele></trkpt>
      <trkpt lat="49.218205" lon="20.306430"><ele>979.8</ele></trkpt>
      <trkpt lat="49.218186" lon="20.306419"><ele>980.0</ele></trkpt>
      <trkpt lat="49.218166" lon="20.306398"><ele>980.4</ele></trkpt>
      <trkpt lat="49.218154" lon="20.306378"><ele>980.8</ele></trkpt>
      <trkpt lat="49.218144" lon="20.306347"><ele>981.2</ele></trkpt>
      <trkpt lat="49.218128" lon="20.306331"><ele>981.6</ele></trkpt>
      <trkpt lat="49.218115" lon="20.306310"><ele>981.8</ele></trkpt>
      <trkpt lat="49.218093" lon="20.306317"><ele>982.0</ele></trkpt>
      <trkpt lat="49.218070" lon="20.306301"><ele>982.2</ele></trkpt>
      <trkpt lat="49.218051" lon="20.306288"><ele>982.2</ele></trkpt>
      <trkpt lat="49.218035" lon="20.306258"><ele>982.6</ele></trkpt>
      <trkpt lat="49.218010" lon="20.306237"><ele>982.8</ele></trkpt>
      <trkpt lat="49.218000" lon="20.306202"><ele>983.4</ele></trkpt>
      <trkpt lat="49.217984" lon="20.306182"><ele>983.6</ele></trkpt>
      <trkpt lat="49.217971" lon="20.306147"><ele>984.2</ele></trkpt>
      <trkpt lat="49.217952" lon="20.306120"><ele>984.6</ele></trkpt>
      <trkpt lat="49.217930" lon="20.306093"><ele>985.2</ele></trkpt>
      <trkpt lat="49.217917" lon="20.306072"><ele>986.0</ele></trkpt>
      <trkpt lat="49.217904" lon="20.306045"><ele>986.4</ele></trkpt>
      <trkpt lat="49.217888" lon="20.306018"><ele>986.6</ele></trkpt>
      <trkpt lat="49.217875" lon="20.305994"><ele>986.8</ele></trkpt>
      <trkpt lat="49.217866" lon="20.305962"><ele>987.0</ele></trkpt>
      <trkpt lat="49.217850" lon="20.305931"><ele>987.4</ele></trkpt>
      <trkpt lat="49.217837" lon="20.305902"><ele>987.8</ele></trkpt>
      <trkpt lat="49.217821" lon="20.305880"><ele>988.2</ele></trkpt>
      <trkpt lat="49.217811" lon="20.305853"><ele>989.4</ele></trkpt>
      <trkpt lat="49.217792" lon="20.305821"><ele>989.6</ele></trkpt>
      <trkpt lat="49.217789" lon="20.305789"><ele>989.6</ele></trkpt>
      <trkpt lat="49.217782" lon="20.305762"><ele>990.0</ele></trkpt>
      <trkpt lat="49.217773" lon="20.305725"><ele>990.4</ele></trkpt>
      <trkpt lat="49.217757" lon="20.305704"><ele>990.6</ele></trkpt>
      <trkpt lat="49.217738" lon="20.305677"><ele>990.8</ele></trkpt>
      <trkpt lat="49.217731" lon="20.305637"><ele>991.0</ele></trkpt>
      <trkpt lat="49.217722" lon="20.305608"><ele>991.4</ele></trkpt>
      <trkpt lat="49.217702" lon="20.305592"><ele>992.0</ele></trkpt>
      <trkpt lat="49.217683" lon="20.305554"><ele>992.2</ele></trkpt>
      <trkpt lat="49.217670" lon="20.305507"><ele>992.2</ele></trkpt>
      <trkpt lat="49.217654" lon="20.305482"><ele>992.4</ele></trkpt>
      <trkpt lat="49.217638" lon="20.305464"><ele>992.4</ele></trkpt>
      <trkpt lat="49.217616" lon="20.305434"><ele>992.6</ele></trkpt>
      <trkpt lat="49.217613" lon="20.305402"><ele>992.8</ele></trkpt>
      <trkpt lat="49.217597" lon="20.305374"><ele>993.0</ele></trkpt>
      <trkpt lat="49.217597" lon="20.305336"><ele>993.6</ele></trkpt>
      <trkpt lat="49.217603" lon="20.305309"><ele>994.0</ele></trkpt>
      <trkpt lat="49.217603" lon="20.305278"><ele>994.6</ele></trkpt>
      <trkpt lat="49.217603" lon="20.305245"><ele>994.8</ele></trkpt>
      <trkpt lat="49.217606" lon="20.305218"><ele>995.2</ele></trkpt>
      <trkpt lat="49.217590" lon="20.305174"><ele>995.8</ele></trkpt>
      <trkpt lat="49.217584" lon="20.305138"><ele>996.0</ele></trkpt>
      <trkpt lat="49.217571" lon="20.305117"><ele>996.4</ele></trkpt>
      <trkpt lat="49.217558" lon="20.305090"><ele>996.8</ele></trkpt>
      <trkpt lat="49.217530" lon="20.305077"><ele>997.2</ele></trkpt>
      <trkpt lat="49.217517" lon="20.305051"><ele>997.6</ele></trkpt>
      <trkpt lat="49.217514" lon="20.305018"><ele>997.6</ele></trkpt>
      <trkpt lat="49.217498" lon="20.304978"><ele>997.6</ele></trkpt>
      <trkpt lat="49.217488" lon="20.304950"><ele>998.0</ele></trkpt>
      <trkpt lat="49.217488" lon="20.304910"><ele>998.2</ele></trkpt>
      <trkpt lat="49.217475" lon="20.304872"><ele>998.4</ele></trkpt>
      <trkpt lat="49.217459" lon="20.304843"><ele>999.0</ele></trkpt>
      <trkpt lat="49.217440" lon="20.304832"><ele>999.4</ele></trkpt>
      <trkpt lat="49.217427" lon="20.304789"><ele>1000.0</ele></trkpt>
      <trkpt lat="49.217408" lon="20.304757"><ele>1000.2</ele></trkpt>
      <trkpt lat="49.217398" lon="20.304714"><ele>1000.6</ele></trkpt>
      <trkpt lat="49.217389" lon="20.304674"><ele>1000.8</ele></trkpt>
      <trkpt lat="49.217389" lon="20.304640"><ele>1001.0</ele></trkpt>
      <trkpt lat="49.217376" lon="20.304611"><ele>1001.4</ele></trkpt>
      <trkpt lat="49.217366" lon="20.304578"><ele>1002.4</ele></trkpt>
      <trkpt lat="49.217354" lon="20.304525"><ele>1002.8</ele></trkpt>
      <trkpt lat="49.217338" lon="20.304474"><ele>1002.8</ele></trkpt>
      <trkpt lat="49.217325" lon="20.304438"><ele>1003.2</ele></trkpt>
      <trkpt lat="49.217306" lon="20.304405"><ele>1003.8</ele></trkpt>
      <trkpt lat="49.217296" lon="20.304376"><ele>1004.2</ele></trkpt>
      <trkpt lat="49.217290" lon="20.304346"><ele>1004.2</ele></trkpt>
      <trkpt lat="49.217280" lon="20.304314"><ele>1004.4</ele></trkpt>
      <trkpt lat="49.217274" lon="20.304282"><ele>1004.4</ele></trkpt>
      <trkpt lat="49.217267" lon="20.304246"><ele>1004.4</ele></trkpt>
      <trkpt lat="49.217261" lon="20.304218"><ele>1004.4</ele></trkpt>
      <trkpt lat="49.217254" lon="20.304181"><ele>1004.8</ele></trkpt>
      <trkpt lat="49.217238" lon="20.304157"><ele>1005.2</ele></trkpt>
      <trkpt lat="49.217229" lon="20.304128"><ele>1005.4</ele></trkpt>
      <trkpt lat="49.217216" lon="20.304106"><ele>1005.6</ele></trkpt>
      <trkpt lat="49.217206" lon="20.304082"><ele>1005.6</ele></trkpt>
      <trkpt lat="49.217197" lon="20.304056"><ele>1005.8</ele></trkpt>
      <trkpt lat="49.217190" lon="20.304027"><ele>1005.8</ele></trkpt>
      <trkpt lat="49.217178" lon="20.304003"><ele>1006.0</ele></trkpt>
      <trkpt lat="49.217162" lon="20.303978"><ele>1006.0</ele></trkpt>
      <trkpt lat="49.217149" lon="20.303952"><ele>1006.4</ele></trkpt>
      <trkpt lat="49.217146" lon="20.303920"><ele>1007.4</ele></trkpt>
      <trkpt lat="49.217146" lon="20.303890"><ele>1007.6</ele></trkpt>
      <trkpt lat="49.217133" lon="20.303856"><ele>1007.8</ele></trkpt>
      <trkpt lat="49.217120" lon="20.303819"><ele>1007.8</ele></trkpt>
      <trkpt lat="49.217110" lon="20.303789"><ele>1007.8</ele></trkpt>
      <trkpt lat="49.217094" lon="20.303757"><ele>1007.8</ele></trkpt>
      <trkpt lat="49.217091" lon="20.303720"><ele>1008.2</ele></trkpt>
      <trkpt lat="49.217088" lon="20.303685"><ele>1008.2</ele></trkpt>
      <trkpt lat="49.217075" lon="20.303658"><ele>1008.4</ele></trkpt>
      <trkpt lat="49.217056" lon="20.303621"><ele>1008.8</ele></trkpt>
      <trkpt lat="49.217053" lon="20.303581"><ele>1009.8</ele></trkpt>
      <trkpt lat="49.217050" lon="20.303542"><ele>1010.0</ele></trkpt>
      <trkpt lat="49.217037" lon="20.303506"><ele>1011.0</ele></trkpt>
      <trkpt lat="49.217037" lon="20.303467"><ele>1011.4</ele></trkpt>
      <trkpt lat="49.217037" lon="20.303432"><ele>1011.8</ele></trkpt>
      <trkpt lat="49.217034" lon="20.303394"><ele>1012.2</ele></trkpt>
      <trkpt lat="49.217018" lon="20.303352"><ele>1012.6</ele></trkpt>
      <trkpt lat="49.217011" lon="20.303310"><ele>1013.0</ele></trkpt>
      <trkpt lat="49.217002" lon="20.303278"><ele>1013.2</ele></trkpt>
      <trkpt lat="49.217002" lon="20.303238"><ele>1013.4</ele></trkpt>
      <trkpt lat="49.216995" lon="20.303208"><ele>1013.6</ele></trkpt>
      <trkpt lat="49.216982" lon="20.303170"><ele>1014.6</ele></trkpt>
      <trkpt lat="49.216973" lon="20.303141"><ele>1014.8</ele></trkpt>
      <trkpt lat="49.216954" lon="20.303096"><ele>1015.4</ele></trkpt>
      <trkpt lat="49.216941" lon="20.303064"><ele>1015.4</ele></trkpt>
      <trkpt lat="49.216928" lon="20.303030"><ele>1015.6</ele></trkpt>
      <trkpt lat="49.216918" lon="20.303000"><ele>1015.8</ele></trkpt>
      <trkpt lat="49.216912" lon="20.302971"><ele>1016.0</ele></trkpt>
      <trkpt lat="49.216896" lon="20.302952"><ele>1016.4</ele></trkpt>
      <trkpt lat="49.216896" lon="20.302923"><ele>1016.6</ele></trkpt>
      <trkpt lat="49.216896" lon="20.302893"><ele>1017.4</ele></trkpt>
      <trkpt lat="49.216890" lon="20.302858"><ele>1018.2</ele></trkpt>
      <trkpt lat="49.216890" lon="20.302827"><ele>1018.4</ele></trkpt>
      <trkpt lat="49.216877" lon="20.302806"><ele>1018.4</ele></trkpt>
      <trkpt lat="49.216874" lon="20.302776"><ele>1018.8</ele></trkpt>
      <trkpt lat="49.216861" lon="20.302750"><ele>1019.4</ele></trkpt>
      <trkpt lat="49.216851" lon="20.302714"><ele>1020.2</ele></trkpt>
      <trkpt lat="49.216842" lon="20.302672"><ele>1020.6</ele></trkpt>
      <trkpt lat="49.216832" lon="20.302642"><ele>1020.8</ele></trkpt>
      <trkpt lat="49.216819" lon="20.302619"><ele>1021.0</ele></trkpt>
      <trkpt lat="49.216813" lon="20.302578"><ele>1021.2</ele></trkpt>
      <trkpt lat="49.216810" lon="20.302549"><ele>1021.2</ele></trkpt>
      <trkpt lat="49.216800" lon="20.302507"><ele>1021.4</ele></trkpt>
      <trkpt lat="49.216800" lon="20.302466"><ele>1021.8</ele></trkpt>
      <trkpt lat="49.216781" lon="20.302434"><ele>1022.8</ele></trkpt>
      <trkpt lat="49.216774" lon="20.302403"><ele>1023.0</ele></trkpt>
      <trkpt lat="49.216774" lon="20.302374"><ele>1023.0</ele></trkpt>
      <trkpt lat="49.216771" lon="20.302346"><ele>1023.4</ele></trkpt>
      <trkpt lat="49.216762" lon="20.302301"><ele>1023.8</ele></trkpt>
      <trkpt lat="49.216755" lon="20.302272"><ele>1023.8</ele></trkpt>
      <trkpt lat="49.216752" lon="20.302230"><ele>1024.0</ele></trkpt>
      <trkpt lat="49.216736" lon="20.302192"><ele>1024.0</ele></trkpt>
      <trkpt lat="49.216733" lon="20.302165"><ele>1024.0</ele></trkpt>
      <trkpt lat="49.216720" lon="20.302133"><ele>1024.4</ele></trkpt>
      <trkpt lat="49.216710" lon="20.302099"><ele>1024.6</ele></trkpt>
      <trkpt lat="49.216698" lon="20.302066"><ele>1024.6</ele></trkpt>
      <trkpt lat="49.216685" lon="20.302030"><ele>1024.8</ele></trkpt>
      <trkpt lat="49.216675" lon="20.301997"><ele>1025.2</ele></trkpt>
      <trkpt lat="49.216675" lon="20.301968"><ele>1025.2</ele></trkpt>
      <trkpt lat="49.216675" lon="20.301930"><ele>1025.6</ele></trkpt>
      <trkpt lat="49.216666" lon="20.301891"><ele>1025.8</ele></trkpt>
      <trkpt lat="49.216656" lon="20.301859"><ele>1026.4</ele></trkpt>
      <trkpt lat="49.216650" lon="20.301821"><ele>1026.6</ele></trkpt>
      <trkpt lat="49.216637" lon="20.301789"><ele>1026.6</ele></trkpt>
      <trkpt lat="49.216640" lon="20.301755"><ele>1027.0</ele></trkpt>
      <trkpt lat="49.216637" lon="20.301725"><ele>1027.4</ele></trkpt>
      <trkpt lat="49.216618" lon="20.301701"><ele>1028.0</ele></trkpt>
      <trkpt lat="49.216614" lon="20.301669"><ele>1028.0</ele></trkpt>
      <trkpt lat="49.216605" lon="20.301622"><ele>1027.8</ele></trkpt>
      <trkpt lat="49.216605" lon="20.301590"><ele>1027.8</ele></trkpt>
      <trkpt lat="49.216611" lon="20.301557"><ele>1028.0</ele></trkpt>
      <trkpt lat="49.216611" lon="20.301515"><ele>1028.4</ele></trkpt>
      <trkpt lat="49.216602" lon="20.301485"><ele>1028.8</ele></trkpt>
      <trkpt lat="49.216595" lon="20.301446"><ele>1029.4</ele></trkpt>
      <trkpt lat="49.216598" lon="20.301413"><ele>1029.6</ele></trkpt>
      <trkpt lat="49.216598" lon="20.301384"><ele>1029.8</ele></trkpt>
      <trkpt lat="49.216595" lon="20.301355"><ele>1029.8</ele></trkpt>
      <trkpt lat="49.216592" lon="20.301315"><ele>1030.2</ele></trkpt>
      <trkpt lat="49.216586" lon="20.301283"><ele>1030.6</ele></trkpt>
      <trkpt lat="49.216595" lon="20.301254"><ele>1031.4</ele></trkpt>
      <trkpt lat="49.216592" lon="20.301222"><ele>1031.8</ele></trkpt>
      <trkpt lat="49.216586" lon="20.301192"><ele>1031.8</ele></trkpt>
      <trkpt lat="49.216582" lon="20.301165"><ele>1031.8</ele></trkpt>
      <trkpt lat="49.216579" lon="20.301123"><ele>1031.6</ele></trkpt>
      <trkpt lat="49.216576" lon="20.301093"><ele>1031.6</ele></trkpt>
      <trkpt lat="49.216566" lon="20.301069"><ele>1031.8</ele></trkpt>
      <trkpt lat="49.216563" lon="20.301037"><ele>1031.6</ele></trkpt>
      <trkpt lat="49.216557" lon="20.301000"><ele>1031.6</ele></trkpt>
      <trkpt lat="49.216554" lon="20.300968"><ele>1031.8</ele></trkpt>
      <trkpt lat="49.216550" lon="20.300941"><ele>1032.2</ele></trkpt>
      <trkpt lat="49.216554" lon="20.300898"><ele>1032.6</ele></trkpt>
      <trkpt lat="49.216544" lon="20.300858"><ele>1033.4</ele></trkpt>
      <trkpt lat="49.216531" lon="20.300832"><ele>1034.0</ele></trkpt>
      <trkpt lat="49.216515" lon="20.300802"><ele>1034.2</ele></trkpt>
      <trkpt lat="49.216522" lon="20.300766"><ele>1034.4</ele></trkpt>
      <trkpt lat="49.216518" lon="20.300738"><ele>1034.6</ele></trkpt>
      <trkpt lat="49.216499" lon="20.300699"><ele>1035.0</ele></trkpt>
      <trkpt lat="49.216477" lon="20.300670"><ele>1035.0</ele></trkpt>
      <trkpt lat="49.216461" lon="20.300648"><ele>1035.2</ele></trkpt>
      <trkpt lat="49.216445" lon="20.300603"><ele>1035.4</ele></trkpt>
      <trkpt lat="49.216454" lon="20.300576"><ele>1035.6</ele></trkpt>
      <trkpt lat="49.216454" lon="20.300547"><ele>1035.8</ele></trkpt>
      <trkpt lat="49.216445" lon="20.300523"><ele>1036.2</ele></trkpt>
      <trkpt lat="49.216458" lon="20.300501"><ele>1036.6</ele></trkpt>
      <trkpt lat="49.216454" lon="20.300472"><ele>1037.6</ele></trkpt>
      <trkpt lat="49.216454" lon="20.300443"><ele>1038.6</ele></trkpt>
      <trkpt lat="49.216451" lon="20.300413"><ele>1040.0</ele></trkpt>
      <trkpt lat="49.216451" lon="20.300384"><ele>1040.4</ele></trkpt>
      <trkpt lat="49.216432" lon="20.300354"><ele>1040.8</ele></trkpt>
      <trkpt lat="49.216422" lon="20.300328"><ele>1041.0</ele></trkpt>
      <trkpt lat="49.216413" lon="20.300294"><ele>1041.2</ele></trkpt>
      <trkpt lat="49.216400" lon="20.300261"><ele>1041.6</ele></trkpt>
      <trkpt lat="49.216400" lon="20.300230"><ele>1042.0</ele></trkpt>
      <trkpt lat="49.216400" lon="20.300186"><ele>1042.8</ele></trkpt>
      <trkpt lat="49.216397" lon="20.300155"><ele>1043.4</ele></trkpt>
      <trkpt lat="49.216381" lon="20.300131"><ele>1043.6</ele></trkpt>
      <trkpt lat="49.216365" lon="20.300112"><ele>1043.6</ele></trkpt>
      <trkpt lat="49.216358" lon="20.300075"><ele>1044.0</ele></trkpt>
      <trkpt lat="49.216355" lon="20.300034"><ele>1044.4</ele></trkpt>
      <trkpt lat="49.216346" lon="20.300000"><ele>1044.6</ele></trkpt>
      <trkpt lat="49.216355" lon="20.299976"><ele>1045.0</ele></trkpt>
      <trkpt lat="49.216355" lon="20.299944"><ele>1044.8</ele></trkpt>
      <trkpt lat="49.216346" lon="20.299901"><ele>1045.2</ele></trkpt>
      <trkpt lat="49.216339" lon="20.299869"><ele>1045.2</ele></trkpt>
      <trkpt lat="49.216339" lon="20.299814"><ele>1045.2</ele></trkpt>
      <trkpt lat="49.216339" lon="20.299786"><ele>1045.2</ele></trkpt>
      <trkpt lat="49.216342" lon="20.299758"><ele>1045.4</ele></trkpt>
      <trkpt lat="49.216339" lon="20.299720"><ele>1045.4</ele></trkpt>
      <trkpt lat="49.216336" lon="20.299683"><ele>1045.8</ele></trkpt>
      <trkpt lat="49.216342" lon="20.299656"><ele>1046.0</ele></trkpt>
      <trkpt lat="49.216339" lon="20.299624"><ele>1046.2</ele></trkpt>
      <trkpt lat="49.216339" lon="20.299589"><ele>1047.8</ele></trkpt>
      <trkpt lat="49.216346" lon="20.299549"><ele>1048.6</ele></trkpt>
      <trkpt lat="49.216355" lon="20.299522"><ele>1048.6</ele></trkpt>
      <trkpt lat="49.216362" lon="20.299490"><ele>1048.6</ele></trkpt>
      <trkpt lat="49.216365" lon="20.299458"><ele>1048.6</ele></trkpt>
      <trkpt lat="49.216371" lon="20.299426"><ele>1048.6</ele></trkpt>
      <trkpt lat="49.216387" lon="20.299387"><ele>1048.6</ele></trkpt>
      <trkpt lat="49.216403" lon="20.299358"><ele>1048.6</ele></trkpt>
      <trkpt lat="49.216416" lon="20.299326"><ele>1048.6</ele></trkpt>
      <trkpt lat="49.216426" lon="20.299299"><ele>1048.6</ele></trkpt>
      <trkpt lat="49.216438" lon="20.299272"><ele>1048.6</ele></trkpt>
      <trkpt lat="49.216451" lon="20.299250"><ele>1048.8</ele></trkpt>
      <trkpt lat="49.216464" lon="20.299219"><ele>1048.8</ele></trkpt>
      <trkpt lat="49.216474" lon="20.299194"><ele>1049.0</ele></trkpt>
      <trkpt lat="49.216483" lon="20.299170"><ele>1049.2</ele></trkpt>
      <trkpt lat="49.216496" lon="20.299142"><ele>1049.4</ele></trkpt>
      <trkpt lat="49.216502" lon="20.299114"><ele>1049.4</ele></trkpt>
      <trkpt lat="49.216518" lon="20.299101"><ele>1049.6</ele></trkpt>
      <trkpt lat="49.216538" lon="20.299078"><ele>1049.8</ele></trkpt>
      <trkpt lat="49.216557" lon="20.299059"><ele>1050.0</ele></trkpt>
      <trkpt lat="49.216563" lon="20.299030"><ele>1050.4</ele></trkpt>
      <trkpt lat="49.216573" lon="20.299002"><ele>1051.0</ele></trkpt>
      <trkpt lat="49.216582" lon="20.298970"><ele>1051.4</ele></trkpt>
      <trkpt lat="49.216598" lon="20.298949"><ele>1051.8</ele></trkpt>
      <trkpt lat="49.216611" lon="20.298922"><ele>1052.4</ele></trkpt>
      <trkpt lat="49.216624" lon="20.298894"><ele>1052.8</ele></trkpt>
      <trkpt lat="49.216634" lon="20.298869"><ele>1053.2</ele></trkpt>
      <trkpt lat="49.216650" lon="20.298851"><ele>1053.6</ele></trkpt>
      <trkpt lat="49.216666" lon="20.298830"><ele>1054.0</ele></trkpt>
      <trkpt lat="49.216678" lon="20.298803"><ele>1054.2</ele></trkpt>
      <trkpt lat="49.216694" lon="20.298784"><ele>1054.4</ele></trkpt>
      <trkpt lat="49.216710" lon="20.298765"><ele>1054.6</ele></trkpt>
      <trkpt lat="49.216730" lon="20.298731"><ele>1054.8</ele></trkpt>
      <trkpt lat="49.216742" lon="20.298707"><ele>1054.8</ele></trkpt>
      <trkpt lat="49.216755" lon="20.298685"><ele>1054.8</ele></trkpt>
      <trkpt lat="49.216765" lon="20.298658"><ele>1054.4</ele></trkpt>
      <trkpt lat="49.216781" lon="20.298630"><ele>1053.8</ele></trkpt>
      <trkpt lat="49.216794" lon="20.298595"><ele>1053.2</ele></trkpt>
      <trkpt lat="49.216803" lon="20.298557"><ele>1052.4</ele></trkpt>
      <trkpt lat="49.216813" lon="20.298531"><ele>1052.0</ele></trkpt>
      <trkpt lat="49.216822" lon="20.298502"><ele>1051.6</ele></trkpt>
      <trkpt lat="49.216838" lon="20.298478"><ele>1051.6</ele></trkpt>
      <trkpt lat="49.216854" lon="20.298454"><ele>1051.4</ele></trkpt>
      <trkpt lat="49.216861" lon="20.298427"><ele>1051.4</ele></trkpt>
      <trkpt lat="49.216877" lon="20.298402"><ele>1051.4</ele></trkpt>
      <trkpt lat="49.216899" lon="20.298387"><ele>1051.4</ele></trkpt>
      <trkpt lat="49.216915" lon="20.298362"><ele>1051.6</ele></trkpt>
      <trkpt lat="49.216915" lon="20.298323"><ele>1051.8</ele></trkpt>
      <trkpt lat="49.216931" lon="20.298285"><ele>1052.2</ele></trkpt>
      <trkpt lat="49.216954" lon="20.298262"><ele>1052.4</ele></trkpt>
      <trkpt lat="49.216970" lon="20.298243"><ele>1052.8</ele></trkpt>
      <trkpt lat="49.216979" lon="20.298218"><ele>1053.2</ele></trkpt>
      <trkpt lat="49.216995" lon="20.298200"><ele>1053.6</ele></trkpt>
      <trkpt lat="49.217011" lon="20.298181"><ele>1054.0</ele></trkpt>
      <trkpt lat="49.217030" lon="20.298150"><ele>1054.4</ele></trkpt>
      <trkpt lat="49.217046" lon="20.298120"><ele>1054.6</ele></trkpt>
      <trkpt lat="49.217062" lon="20.298101"><ele>1055.4</ele></trkpt>
      <trkpt lat="49.217069" lon="20.298066"><ele>1055.8</ele></trkpt>
      <trkpt lat="49.217069" lon="20.298030"><ele>1055.8</ele></trkpt>
      <trkpt lat="49.217082" lon="20.298002"><ele>1055.8</ele></trkpt>
      <trkpt lat="49.217107" lon="20.297989"><ele>1055.8</ele></trkpt>
      <trkpt lat="49.217126" lon="20.297966"><ele>1056.0</ele></trkpt>
      <trkpt lat="49.217146" lon="20.297957"><ele>1055.8</ele></trkpt>
      <trkpt lat="49.217130" lon="20.297938"><ele>1055.6</ele></trkpt>
      <trkpt lat="49.217146" lon="20.297902"><ele>1056.2</ele></trkpt>
      <trkpt lat="49.217162" lon="20.297890"><ele>1056.2</ele></trkpt>
      <trkpt lat="49.217178" lon="20.297859"><ele>1056.6</ele></trkpt>
      <trkpt lat="49.217190" lon="20.297829"><ele>1057.4</ele></trkpt>
      <trkpt lat="49.217213" lon="20.297821"><ele>1058.0</ele></trkpt>
      <trkpt lat="49.217226" lon="20.297797"><ele>1058.6</ele></trkpt>
      <trkpt lat="49.217238" lon="20.297768"><ele>1058.8</ele></trkpt>
      <trkpt lat="49.217242" lon="20.297738"><ele>1059.2</ele></trkpt>
      <trkpt lat="49.217258" lon="20.297717"><ele>1059.6</ele></trkpt>
      <trkpt lat="49.217261" lon="20.297688"><ele>1059.8</ele></trkpt>
      <trkpt lat="49.217270" lon="20.297664"><ele>1060.2</ele></trkpt>
      <trkpt lat="49.217280" lon="20.297640"><ele>1060.4</ele></trkpt>
      <trkpt lat="49.217290" lon="20.297603"><ele>1060.8</ele></trkpt>
      <trkpt lat="49.217312" lon="20.297570"><ele>1063.8</ele></trkpt>
      <trkpt lat="49.217334" lon="20.297542"><ele>1064.2</ele></trkpt>
      <trkpt lat="49.217347" lon="20.297515"><ele>1064.6</ele></trkpt>
      <trkpt lat="49.217366" lon="20.297493"><ele>1067.6</ele></trkpt>
      <trkpt lat="49.217386" lon="20.297469"><ele>1067.8</ele></trkpt>
      <trkpt lat="49.217408" lon="20.297454"><ele>1067.8</ele></trkpt>
      <trkpt lat="49.217424" lon="20.297414"><ele>1068.0</ele></trkpt>
      <trkpt lat="49.217446" lon="20.297389"><ele>1068.0</ele></trkpt>
      <trkpt lat="49.217469" lon="20.297373"><ele>1068.2</ele></trkpt>
      <trkpt lat="49.217485" lon="20.297350"><ele>1068.6</ele></trkpt>
      <trkpt lat="49.217494" lon="20.297326"><ele>1068.8</ele></trkpt>
      <trkpt lat="49.217510" lon="20.297299"><ele>1069.2</ele></trkpt>
      <trkpt lat="49.217523" lon="20.297272"><ele>1070.0</ele></trkpt>
      <trkpt lat="49.217533" lon="20.297240"><ele>1070.8</ele></trkpt>
      <trkpt lat="49.217546" lon="20.297213"><ele>1071.8</ele></trkpt>
      <trkpt lat="49.217549" lon="20.297178"><ele>1073.0</ele></trkpt>
      <trkpt lat="49.217552" lon="20.297142"><ele>1073.8</ele></trkpt>
      <trkpt lat="49.217555" lon="20.297104"><ele>1074.0</ele></trkpt>
      <trkpt lat="49.217552" lon="20.297062"><ele>1074.4</ele></trkpt>
      <trkpt lat="49.217549" lon="20.297011"><ele>1074.6</ele></trkpt>
      <trkpt lat="49.217552" lon="20.296984"><ele>1074.6</ele></trkpt>
      <trkpt lat="49.217558" lon="20.296947"><ele>1074.8</ele></trkpt>
      <trkpt lat="49.217574" lon="20.296923"><ele>1074.6</ele></trkpt>
      <trkpt lat="49.217574" lon="20.296890"><ele>1074.0</ele></trkpt>
      <trkpt lat="49.217574" lon="20.296856"><ele>1073.8</ele></trkpt>
      <trkpt lat="49.217578" lon="20.296814"><ele>1073.6</ele></trkpt>
      <trkpt lat="49.217587" lon="20.296786"><ele>1073.6</ele></trkpt>
      <trkpt lat="49.217603" lon="20.296749"><ele>1073.8</ele></trkpt>
      <trkpt lat="49.217606" lon="20.296720"><ele>1074.0</ele></trkpt>
      <trkpt lat="49.217622" lon="20.296686"><ele>1074.2</ele></trkpt>
      <trkpt lat="49.217626" lon="20.296651"><ele>1074.6</ele></trkpt>
      <trkpt lat="49.217629" lon="20.296624"><ele>1075.0</ele></trkpt>
      <trkpt lat="49.217635" lon="20.296595"><ele>1075.8</ele></trkpt>
      <trkpt lat="49.217648" lon="20.296565"><ele>1076.4</ele></trkpt>
      <trkpt lat="49.217667" lon="20.296533"><ele>1077.0</ele></trkpt>
      <trkpt lat="49.217683" lon="20.296502"><ele>1077.4</ele></trkpt>
      <trkpt lat="49.217693" lon="20.296477"><ele>1078.0</ele></trkpt>
      <trkpt lat="49.217706" lon="20.296450"><ele>1078.4</ele></trkpt>
      <trkpt lat="49.217712" lon="20.296416"><ele>1078.6</ele></trkpt>
      <trkpt lat="49.217722" lon="20.296392"><ele>1078.6</ele></trkpt>
      <trkpt lat="49.217731" lon="20.296358"><ele>1078.2</ele></trkpt>
      <trkpt lat="49.217744" lon="20.296331"><ele>1077.8</ele></trkpt>
      <trkpt lat="49.217754" lon="20.296299"><ele>1077.6</ele></trkpt>
      <trkpt lat="49.217770" lon="20.296272"><ele>1077.4</ele></trkpt>
      <trkpt lat="49.217782" lon="20.296248"><ele>1077.2</ele></trkpt>
      <trkpt lat="49.217786" lon="20.296214"><ele>1077.2</ele></trkpt>
      <trkpt lat="49.217802" lon="20.296192"><ele>1077.0</ele></trkpt>
      <trkpt lat="49.217811" lon="20.296154"><ele>1077.0</ele></trkpt>
      <trkpt lat="49.217821" lon="20.296128"><ele>1077.0</ele></trkpt>
      <trkpt lat="49.217827" lon="20.296088"><ele>1077.2</ele></trkpt>
      <trkpt lat="49.217837" lon="20.296056"><ele>1077.2</ele></trkpt>
      <trkpt lat="49.217853" lon="20.296030"><ele>1077.0</ele></trkpt>
      <trkpt lat="49.217869" lon="20.296006"><ele>1076.4</ele></trkpt>
      <trkpt lat="49.217885" lon="20.295970"><ele>1075.8</ele></trkpt>
      <trkpt lat="49.217891" lon="20.295942"><ele>1076.0</ele></trkpt>
      <trkpt lat="49.217894" lon="20.295912"><ele>1076.6</ele></trkpt>
      <trkpt lat="49.217891" lon="20.295883"><ele>1076.8</ele></trkpt>
      <trkpt lat="49.217888" lon="20.295854"><ele>1076.8</ele></trkpt>
      <trkpt lat="49.217875" lon="20.295826"><ele>1076.6</ele></trkpt>
      <trkpt lat="49.217872" lon="20.295786"><ele>1076.4</ele></trkpt>
      <trkpt lat="49.217872" lon="20.295754"><ele>1076.6</ele></trkpt>
      <trkpt lat="49.217875" lon="20.295718"><ele>1076.6</ele></trkpt>
      <trkpt lat="49.217885" lon="20.295688"><ele>1076.6</ele></trkpt>
      <trkpt lat="49.217882" lon="20.295651"><ele>1076.8</ele></trkpt>
      <trkpt lat="49.217875" lon="20.295619"><ele>1077.2</ele></trkpt>
      <trkpt lat="49.217869" lon="20.295589"><ele>1077.6</ele></trkpt>
      <trkpt lat="49.217853" lon="20.295552"><ele>1078.4</ele></trkpt>
      <trkpt lat="49.217853" lon="20.295514"><ele>1079.4</ele></trkpt>
      <trkpt lat="49.217846" lon="20.295480"><ele>1080.0</ele></trkpt>
      <trkpt lat="49.217850" lon="20.295446"><ele>1080.4</ele></trkpt>
      <trkpt lat="49.217853" lon="20.295405"><ele>1080.6</ele></trkpt>
      <trkpt lat="49.217856" lon="20.295368"><ele>1080.8</ele></trkpt>
      <trkpt lat="49.217862" lon="20.295328"><ele>1081.0</ele></trkpt>
      <trkpt lat="49.217866" lon="20.295299"><ele>1081.2</ele></trkpt>
      <trkpt lat="49.217856" lon="20.295275"><ele>1081.4</ele></trkpt>
      <trkpt lat="49.217850" lon="20.295240"><ele>1081.8</ele></trkpt>
      <trkpt lat="49.217850" lon="20.295206"><ele>1082.2</ele></trkpt>
      <trkpt lat="49.217850" lon="20.295178"><ele>1082.4</ele></trkpt>
      <trkpt lat="49.217856" lon="20.295150"><ele>1082.4</ele></trkpt>
      <trkpt lat="49.217866" lon="20.295126"><ele>1082.2</ele></trkpt>
      <trkpt lat="49.217869" lon="20.295086"><ele>1082.6</ele></trkpt>
      <trkpt lat="49.217875" lon="20.295053"><ele>1083.0</ele></trkpt>
      <trkpt lat="49.217888" lon="20.295021"><ele>1083.6</ele></trkpt>
      <trkpt lat="49.217904" lon="20.294997"><ele>1084.0</ele></trkpt>
      <trkpt lat="49.217926" lon="20.294970"><ele>1084.8</ele></trkpt>
      <trkpt lat="49.217930" lon="20.294936"><ele>1085.2</ele></trkpt>
      <trkpt lat="49.217933" lon="20.294904"><ele>1085.6</ele></trkpt>
      <trkpt lat="49.217942" lon="20.294870"><ele>1086.2</ele></trkpt>
      <trkpt lat="49.217955" lon="20.294843"><ele>1086.6</ele></trkpt>
      <trkpt lat="49.217968" lon="20.294818"><ele>1087.0</ele></trkpt>
      <trkpt lat="49.217968" lon="20.294781"><ele>1087.4</ele></trkpt>
      <trkpt lat="49.217971" lon="20.294750"><ele>1088.0</ele></trkpt>
      <trkpt lat="49.217984" lon="20.294720"><ele>1088.2</ele></trkpt>
      <trkpt lat="49.217990" lon="20.294693"><ele>1088.8</ele></trkpt>
      <trkpt lat="49.218006" lon="20.294666"><ele>1089.6</ele></trkpt>
      <trkpt lat="49.218003" lon="20.294632"><ele>1090.2</ele></trkpt>
      <trkpt lat="49.217994" lon="20.294603"><ele>1090.8</ele></trkpt>
      <trkpt lat="49.217990" lon="20.294573"><ele>1091.2</ele></trkpt>
      <trkpt lat="49.217984" lon="20.294544"><ele>1091.4</ele></trkpt>
      <trkpt lat="49.217981" lon="20.294515"><ele>1091.8</ele></trkpt>
      <trkpt lat="49.217965" lon="20.294485"><ele>1092.2</ele></trkpt>
      <trkpt lat="49.217955" lon="20.294450"><ele>1093.0</ele></trkpt>
      <trkpt lat="49.217962" lon="20.294422"><ele>1093.6</ele></trkpt>
      <trkpt lat="49.217962" lon="20.294390"><ele>1094.0</ele></trkpt>
      <trkpt lat="49.217965" lon="20.294357"><ele>1094.2</ele></trkpt>
      <trkpt lat="49.217968" lon="20.294323"><ele>1094.6</ele></trkpt>
      <trkpt lat="49.217962" lon="20.294293"><ele>1094.6</ele></trkpt>
      <trkpt lat="49.217955" lon="20.294266"><ele>1094.8</ele></trkpt>
      <trkpt lat="49.217955" lon="20.294227"><ele>1095.0</ele></trkpt>
      <trkpt lat="49.217946" lon="20.294187"><ele>1095.2</ele></trkpt>
      <trkpt lat="49.217936" lon="20.294147"><ele>1095.6</ele></trkpt>
      <trkpt lat="49.217936" lon="20.294114"><ele>1096.2</ele></trkpt>
      <trkpt lat="49.217942" lon="20.294078"><ele>1096.8</ele></trkpt>
      <trkpt lat="49.217942" lon="20.294035"><ele>1097.4</ele></trkpt>
      <trkpt lat="49.217933" lon="20.294008"><ele>1098.0</ele></trkpt>
      <trkpt lat="49.217942" lon="20.293978"><ele>1098.6</ele></trkpt>
      <trkpt lat="49.217955" lon="20.293949"><ele>1099.0</ele></trkpt>
      <trkpt lat="49.217971" lon="20.293925"><ele>1099.0</ele></trkpt>
      <trkpt lat="49.217981" lon="20.293901"><ele>1099.0</ele></trkpt>
      <trkpt lat="49.217990" lon="20.293870"><ele>1099.2</ele></trkpt>
      <trkpt lat="49.218000" lon="20.293845"><ele>1099.2</ele></trkpt>
      <trkpt lat="49.218013" lon="20.293824"><ele>1099.4</ele></trkpt>
      <trkpt lat="49.218032" lon="20.293792"><ele>1100.0</ele></trkpt>
      <trkpt lat="49.218048" lon="20.293774"><ele>1100.4</ele></trkpt>
      <trkpt lat="49.218061" lon="20.293733"><ele>1100.8</ele></trkpt>
      <trkpt lat="49.218070" lon="20.293696"><ele>1101.2</ele></trkpt>
      <trkpt lat="49.218083" lon="20.293667"><ele>1101.6</ele></trkpt>
      <trkpt lat="49.218090" lon="20.293640"><ele>1101.4</ele></trkpt>
      <trkpt lat="49.218102" lon="20.293611"><ele>1101.4</ele></trkpt>
      <trkpt lat="49.218102" lon="20.293581"><ele>1101.4</ele></trkpt>
      <trkpt lat="49.218109" lon="20.293549"><ele>1101.8</ele></trkpt>
      <trkpt lat="49.218122" lon="20.293523"><ele>1101.8</ele></trkpt>
      <trkpt lat="49.218128" lon="20.293491"><ele>1102.2</ele></trkpt>
      <trkpt lat="49.218134" lon="20.293462"><ele>1102.6</ele></trkpt>
      <trkpt lat="49.218134" lon="20.293421"><ele>1103.4</ele></trkpt>
      <trkpt lat="49.218134" lon="20.293389"><ele>1103.8</ele></trkpt>
      <trkpt lat="49.218134" lon="20.293344"><ele>1104.4</ele></trkpt>
      <trkpt lat="49.218131" lon="20.293312"><ele>1104.6</ele></trkpt>
      <trkpt lat="49.218128" lon="20.293285"><ele>1104.6</ele></trkpt>
      <trkpt lat="49.218134" lon="20.293245"><ele>1104.8</ele></trkpt>
      <trkpt lat="49.218144" lon="20.293206"><ele>1104.8</ele></trkpt>
      <trkpt lat="49.218134" lon="20.293162"><ele>1105.2</ele></trkpt>
      <trkpt lat="49.218128" lon="20.293123"><ele>1105.6</ele></trkpt>
      <trkpt lat="49.218125" lon="20.293094"><ele>1105.8</ele></trkpt>
      <trkpt lat="49.218125" lon="20.293064"><ele>1106.0</ele></trkpt>
      <trkpt lat="49.218115" lon="20.293024"><ele>1106.4</ele></trkpt>
      <trkpt lat="49.218102" lon="20.292976"><ele>1106.8</ele></trkpt>
      <trkpt lat="49.218106" lon="20.292933"><ele>1107.4</ele></trkpt>
      <trkpt lat="49.218115" lon="20.292904"><ele>1107.8</ele></trkpt>
      <trkpt lat="49.218122" lon="20.292874"><ele>1108.6</ele></trkpt>
      <trkpt lat="49.218122" lon="20.292838"><ele>1109.2</ele></trkpt>
      <trkpt lat="49.218115" lon="20.292802"><ele>1109.2</ele></trkpt>
      <trkpt lat="49.218125" lon="20.292765"><ele>1109.6</ele></trkpt>
      <trkpt lat="49.218131" lon="20.292736"><ele>1109.8</ele></trkpt>
      <trkpt lat="49.218131" lon="20.292706"><ele>1110.2</ele></trkpt>
      <trkpt lat="49.218144" lon="20.292683"><ele>1110.6</ele></trkpt>
      <trkpt lat="49.218147" lon="20.292653"><ele>1111.4</ele></trkpt>
      <trkpt lat="49.218141" lon="20.292608"><ele>1111.8</ele></trkpt>
      <trkpt lat="49.218134" lon="20.292581"><ele>1112.2</ele></trkpt>
      <trkpt lat="49.218144" lon="20.292541"><ele>1112.8</ele></trkpt>
      <trkpt lat="49.218147" lon="20.292509"><ele>1113.4</ele></trkpt>
      <trkpt lat="49.218163" lon="20.292486"><ele>1114.0</ele></trkpt>
      <trkpt lat="49.218182" lon="20.292451"><ele>1114.6</ele></trkpt>
      <trkpt lat="49.218198" lon="20.292430"><ele>1115.0</ele></trkpt>
      <trkpt lat="49.218221" lon="20.292424"><ele>1115.4</ele></trkpt>
      <trkpt lat="49.218234" lon="20.292398"><ele>1115.8</ele></trkpt>
      <trkpt lat="49.218253" lon="20.292379"><ele>1116.4</ele></trkpt>
      <trkpt lat="49.218269" lon="20.292360"><ele>1116.8</ele></trkpt>
      <trkpt lat="49.218288" lon="20.292341"><ele>1117.2</ele></trkpt>
      <trkpt lat="49.218304" lon="20.292322"><ele>1118.0</ele></trkpt>
      <trkpt lat="49.218323" lon="20.292298"><ele>1118.6</ele></trkpt>
      <trkpt lat="49.218342" lon="20.292275"><ele>1119.0</ele></trkpt>
      <trkpt lat="49.218362" lon="20.292258"><ele>1119.2</ele></trkpt>
      <trkpt lat="49.218384" lon="20.292246"><ele>1119.2</ele></trkpt>
      <trkpt lat="49.218397" lon="20.292222"><ele>1119.6</ele></trkpt>
      <trkpt lat="49.218413" lon="20.292206"><ele>1120.0</ele></trkpt>
      <trkpt lat="49.218429" lon="20.292194"><ele>1120.0</ele></trkpt>
      <trkpt lat="49.218458" lon="20.292179"><ele>1119.4</ele></trkpt>
      <trkpt lat="49.218477" lon="20.292141"><ele>1118.8</ele></trkpt>
      <trkpt lat="49.218496" lon="20.292112"><ele>1118.4</ele></trkpt>
      <trkpt lat="49.218518" lon="20.292088"><ele>1117.8</ele></trkpt>
      <trkpt lat="49.218525" lon="20.292058"><ele>1117.0</ele></trkpt>
      <trkpt lat="49.218541" lon="20.292034"><ele>1116.6</ele></trkpt>
      <trkpt lat="49.218557" lon="20.292018"><ele>1115.8</ele></trkpt>
      <trkpt lat="49.218557" lon="20.291981"><ele>1115.2</ele></trkpt>
      <trkpt lat="49.218544" lon="20.291960"><ele>1115.4</ele></trkpt>
      <trkpt lat="49.218541" lon="20.291918"><ele>1116.2</ele></trkpt>
      <trkpt lat="49.218541" lon="20.291888"><ele>1116.6</ele></trkpt>
      <trkpt lat="49.218531" lon="20.291862"><ele>1117.4</ele></trkpt>
      <trkpt lat="49.218525" lon="20.291814"><ele>1118.4</ele></trkpt>
      <trkpt lat="49.218522" lon="20.291773"><ele>1118.4</ele></trkpt>
      <trkpt lat="49.218531" lon="20.291744"><ele>1118.8</ele></trkpt>
      <trkpt lat="49.218531" lon="20.291715"><ele>1118.6</ele></trkpt>
      <trkpt lat="49.218538" lon="20.291672"><ele>1119.2</ele></trkpt>
      <trkpt lat="49.218544" lon="20.291637"><ele>1120.2</ele></trkpt>
      <trkpt lat="49.218550" lon="20.291606"><ele>1121.2</ele></trkpt>
      <trkpt lat="49.218550" lon="20.291573"><ele>1122.4</ele></trkpt>
      <trkpt lat="49.218547" lon="20.291534"><ele>1123.2</ele></trkpt>
      <trkpt lat="49.218544" lon="20.291506"><ele>1124.8</ele></trkpt>
      <trkpt lat="49.218541" lon="20.291472"><ele>1126.4</ele></trkpt>
      <trkpt lat="49.218550" lon="20.291448"><ele>1127.2</ele></trkpt>
      <trkpt lat="49.218541" lon="20.291424"><ele>1128.2</ele></trkpt>
      <trkpt lat="49.218541" lon="20.291395"><ele>1129.2</ele></trkpt>
      <trkpt lat="49.218544" lon="20.291355"><ele>1129.4</ele></trkpt>
      <trkpt lat="49.218544" lon="20.291318"><ele>1129.0</ele></trkpt>
      <trkpt lat="49.218538" lon="20.291288"><ele>1128.4</ele></trkpt>
      <trkpt lat="49.218531" lon="20.291258"><ele>1128.0</ele></trkpt>
      <trkpt lat="49.218538" lon="20.291229"><ele>1128.0</ele></trkpt>
      <trkpt lat="49.218538" lon="20.291200"><ele>1128.0</ele></trkpt>
      <trkpt lat="49.218541" lon="20.291163"><ele>1128.4</ele></trkpt>
      <trkpt lat="49.218550" lon="20.291131"><ele>1128.6</ele></trkpt>
      <trkpt lat="49.218563" lon="20.291104"><ele>1129.0</ele></trkpt>
      <trkpt lat="49.218566" lon="20.291070"><ele>1129.6</ele></trkpt>
      <trkpt lat="49.218566" lon="20.291035"><ele>1130.2</ele></trkpt>
      <trkpt lat="49.218570" lon="20.291006"><ele>1130.8</ele></trkpt>
      <trkpt lat="49.218579" lon="20.290971"><ele>1131.4</ele></trkpt>
      <trkpt lat="49.218582" lon="20.290939"><ele>1132.4</ele></trkpt>
      <trkpt lat="49.218582" lon="20.290896"><ele>1132.8</ele></trkpt>
      <trkpt lat="49.218586" lon="20.290861"><ele>1133.8</ele></trkpt>
      <trkpt lat="49.218586" lon="20.290832"><ele>1134.4</ele></trkpt>
      <trkpt lat="49.218589" lon="20.290803"><ele>1134.8</ele></trkpt>
      <trkpt lat="49.218589" lon="20.290754"><ele>1135.4</ele></trkpt>
      <trkpt lat="49.218592" lon="20.290718"><ele>1136.0</ele></trkpt>
      <trkpt lat="49.218602" lon="20.290694"><ele>1136.6</ele></trkpt>
      <trkpt lat="49.218608" lon="20.290653"><ele>1137.6</ele></trkpt>
      <trkpt lat="49.218618" lon="20.290619"><ele>1138.2</ele></trkpt>
      <trkpt lat="49.218624" lon="20.290584"><ele>1138.6</ele></trkpt>
      <trkpt lat="49.218624" lon="20.290554"><ele>1139.2</ele></trkpt>
      <trkpt lat="49.218637" lon="20.290525"><ele>1139.2</ele></trkpt>
      <trkpt lat="49.218646" lon="20.290490"><ele>1139.4</ele></trkpt>
      <trkpt lat="49.218656" lon="20.290450"><ele>1139.8</ele></trkpt>
      <trkpt lat="49.218650" lon="20.290419"><ele>1140.4</ele></trkpt>
      <trkpt lat="49.218659" lon="20.290389"><ele>1140.8</ele></trkpt>
      <trkpt lat="49.218669" lon="20.290357"><ele>1141.0</ele></trkpt>
      <trkpt lat="49.218682" lon="20.290334"><ele>1141.2</ele></trkpt>
      <trkpt lat="49.218691" lon="20.290304"><ele>1141.4</ele></trkpt>
      <trkpt lat="49.218698" lon="20.290277"><ele>1141.8</ele></trkpt>
      <trkpt lat="49.218704" lon="20.290245"><ele>1142.0</ele></trkpt>
      <trkpt lat="49.218720" lon="20.290210"><ele>1142.4</ele></trkpt>
      <trkpt lat="49.218739" lon="20.290182"><ele>1142.6</ele></trkpt>
      <trkpt lat="49.218755" lon="20.290146"><ele>1142.8</ele></trkpt>
      <trkpt lat="49.218778" lon="20.290117"><ele>1143.2</ele></trkpt>
      <trkpt lat="49.218787" lon="20.290085"><ele>1143.6</ele></trkpt>
      <trkpt lat="49.218800" lon="20.290064"><ele>1143.8</ele></trkpt>
      <trkpt lat="49.218810" lon="20.290038"><ele>1143.8</ele></trkpt>
      <trkpt lat="49.218829" lon="20.290018"><ele>1143.8</ele></trkpt>
      <trkpt lat="49.218854" lon="20.289982"><ele>1143.8</ele></trkpt>
      <trkpt lat="49.218867" lon="20.289955"><ele>1143.8</ele></trkpt>
      <trkpt lat="49.218877" lon="20.289928"><ele>1144.0</ele></trkpt>
      <trkpt lat="49.218896" lon="20.289907"><ele>1144.0</ele></trkpt>
      <trkpt lat="49.218918" lon="20.289890"><ele>1143.8</ele></trkpt>
      <trkpt lat="49.218938" lon="20.289886"><ele>1143.8</ele></trkpt>
      <trkpt lat="49.218957" lon="20.289867"><ele>1144.2</ele></trkpt>
      <trkpt lat="49.218976" lon="20.289853"><ele>1144.2</ele></trkpt>
      <trkpt lat="49.219002" lon="20.289837"><ele>1144.4</ele></trkpt>
      <trkpt lat="49.219024" lon="20.289822"><ele>1144.6</ele></trkpt>
      <trkpt lat="49.219043" lon="20.289803"><ele>1145.0</ele></trkpt>
      <trkpt lat="49.219066" lon="20.289789"><ele>1145.0</ele></trkpt>
      <trkpt lat="49.219088" lon="20.289779"><ele>1145.4</ele></trkpt>
      <trkpt lat="49.219107" lon="20.289786"><ele>1145.6</ele></trkpt>
      <trkpt lat="49.219133" lon="20.289789"><ele>1145.6</ele></trkpt>
      <trkpt lat="49.219155" lon="20.289797"><ele>1145.6</ele></trkpt>
      <trkpt lat="49.219174" lon="20.289797"><ele>1145.8</ele></trkpt>
      <trkpt lat="49.219197" lon="20.289768"><ele>1146.2</ele></trkpt>
      <trkpt lat="49.219206" lon="20.289741"><ele>1146.2</ele></trkpt>
      <trkpt lat="49.219235" lon="20.289730"><ele>1146.2</ele></trkpt>
      <trkpt lat="49.219261" lon="20.289725"><ele>1146.2</ele></trkpt>
      <trkpt lat="49.219283" lon="20.289704"><ele>1146.2</ele></trkpt>
      <trkpt lat="49.219312" lon="20.289690"><ele>1146.0</ele></trkpt>
      <trkpt lat="49.219334" lon="20.289667"><ele>1146.0</ele></trkpt>
      <trkpt lat="49.219350" lon="20.289646"><ele>1146.2</ele></trkpt>
      <trkpt lat="49.219376" lon="20.289637"><ele>1146.4</ele></trkpt>
      <trkpt lat="49.219398" lon="20.289640"><ele>1146.4</ele></trkpt>
      <trkpt lat="49.219418" lon="20.289635"><ele>1146.4</ele></trkpt>
      <trkpt lat="49.219434" lon="20.289614"><ele>1146.0</ele></trkpt>
      <trkpt lat="49.219456" lon="20.289597"><ele>1145.8</ele></trkpt>
      <trkpt lat="49.219475" lon="20.289579"><ele>1145.6</ele></trkpt>
      <trkpt lat="49.219494" lon="20.289555"><ele>1145.6</ele></trkpt>
      <trkpt lat="49.219523" lon="20.289531"><ele>1145.6</ele></trkpt>
      <trkpt lat="49.219542" lon="20.289522"><ele>1145.2</ele></trkpt>
      <trkpt lat="49.219565" lon="20.289499"><ele>1145.2</ele></trkpt>
      <trkpt lat="49.219590" lon="20.289498"><ele>1145.0</ele></trkpt>
      <trkpt lat="49.219610" lon="20.289506"><ele>1145.0</ele></trkpt>
      <trkpt lat="49.219629" lon="20.289485"><ele>1144.8</ele></trkpt>
      <trkpt lat="49.219648" lon="20.289461"><ele>1144.8</ele></trkpt>
      <trkpt lat="49.219674" lon="20.289448"><ele>1145.0</ele></trkpt>
      <trkpt lat="49.219693" lon="20.289435"><ele>1145.2</ele></trkpt>
      <trkpt lat="49.219696" lon="20.289406"><ele>1145.2</ele></trkpt>
      <trkpt lat="49.219709" lon="20.289386"><ele>1145.6</ele></trkpt>
      <trkpt lat="49.219731" lon="20.289352"><ele>1146.0</ele></trkpt>
      <trkpt lat="49.219741" lon="20.289326"><ele>1146.4</ele></trkpt>
      <trkpt lat="49.219760" lon="20.289323"><ele>1146.6</ele></trkpt>
      <trkpt lat="49.219776" lon="20.289301"><ele>1146.8</ele></trkpt>
      <trkpt lat="49.219798" lon="20.289290"><ele>1147.0</ele></trkpt>
      <trkpt lat="49.219818" lon="20.289291"><ele>1147.0</ele></trkpt>
      <trkpt lat="49.219840" lon="20.289278"><ele>1147.0</ele></trkpt>
      <trkpt lat="49.219862" lon="20.289274"><ele>1147.2</ele></trkpt>
      <trkpt lat="49.219882" lon="20.289272"><ele>1147.4</ele></trkpt>
      <trkpt lat="49.219901" lon="20.289264"><ele>1147.8</ele></trkpt>
      <trkpt lat="49.219917" lon="20.289232"><ele>1148.4</ele></trkpt>
      <trkpt lat="49.219914" lon="20.289194"><ele>1148.8</ele></trkpt>
      <trkpt lat="49.219926" lon="20.289173"><ele>1149.2</ele></trkpt>
      <trkpt lat="49.219926" lon="20.289130"><ele>1149.4</ele></trkpt>
      <trkpt lat="49.219926" lon="20.289101"><ele>1149.0</ele></trkpt>
      <trkpt lat="49.219920" lon="20.289069"><ele>1148.4</ele></trkpt>
      <trkpt lat="49.219910" lon="20.289045"><ele>1148.0</ele></trkpt>
      <trkpt lat="49.219898" lon="20.289011"><ele>1147.4</ele></trkpt>
      <trkpt lat="49.219875" lon="20.288986"><ele>1147.0</ele></trkpt>
      <trkpt lat="49.219853" lon="20.288963"><ele>1146.8</ele></trkpt>
      <trkpt lat="49.219850" lon="20.288931"><ele>1146.4</ele></trkpt>
      <trkpt lat="49.219850" lon="20.288901"><ele>1146.0</ele></trkpt>
      <trkpt lat="49.219853" lon="20.288864"><ele>1145.8</ele></trkpt>
      <trkpt lat="49.219840" lon="20.288826"><ele>1146.0</ele></trkpt>
      <trkpt lat="49.219850" lon="20.288795"><ele>1146.6</ele></trkpt>
      <trkpt lat="49.219853" lon="20.288760"><ele>1147.4</ele></trkpt>
      <trkpt lat="49.219846" lon="20.288723"><ele>1148.0</ele></trkpt>
      <trkpt lat="49.219837" lon="20.288691"><ele>1148.4</ele></trkpt>
      <trkpt lat="49.219834" lon="20.288646"><ele>1149.0</ele></trkpt>
      <trkpt lat="49.219827" lon="20.288618"><ele>1149.6</ele></trkpt>
      <trkpt lat="49.219821" lon="20.288582"><ele>1150.0</ele></trkpt>
      <trkpt lat="49.219814" lon="20.288547"><ele>1150.6</ele></trkpt>
      <trkpt lat="49.219818" lon="20.288512"><ele>1151.0</ele></trkpt>
      <trkpt lat="49.219808" lon="20.288480"><ele>1151.4</ele></trkpt>
      <trkpt lat="49.219808" lon="20.288450"><ele>1151.8</ele></trkpt>
      <trkpt lat="49.219792" lon="20.288416"><ele>1152.2</ele></trkpt>
      <trkpt lat="49.219795" lon="20.288384"><ele>1152.6</ele></trkpt>
      <trkpt lat="49.219792" lon="20.288357"><ele>1153.0</ele></trkpt>
      <trkpt lat="49.219776" lon="20.288323"><ele>1153.2</ele></trkpt>
      <trkpt lat="49.219773" lon="20.288280"><ele>1153.4</ele></trkpt>
      <trkpt lat="49.219776" lon="20.288248"><ele>1153.8</ele></trkpt>
      <trkpt lat="49.219792" lon="20.288221"><ele>1154.2</ele></trkpt>
      <trkpt lat="49.219798" lon="20.288186"><ele>1154.6</ele></trkpt>
      <trkpt lat="49.219798" lon="20.288150"><ele>1155.6</ele></trkpt>
      <trkpt lat="49.219814" lon="20.288126"><ele>1156.2</ele></trkpt>
      <trkpt lat="49.219818" lon="20.288098"><ele>1156.6</ele></trkpt>
      <trkpt lat="49.219827" lon="20.288070"><ele>1157.0</ele></trkpt>
      <trkpt lat="49.219834" lon="20.288042"><ele>1157.4</ele></trkpt>
      <trkpt lat="49.219837" lon="20.288010"><ele>1157.8</ele></trkpt>
      <trkpt lat="49.219846" lon="20.287978"><ele>1158.4</ele></trkpt>
      <trkpt lat="49.219850" lon="20.287933"><ele>1158.8</ele></trkpt>
      <trkpt lat="49.219859" lon="20.287898"><ele>1159.4</ele></trkpt>
      <trkpt lat="49.219875" lon="20.287877"><ele>1160.2</ele></trkpt>
      <trkpt lat="49.219875" lon="20.287840"><ele>1161.4</ele></trkpt>
      <trkpt lat="49.219891" lon="20.287824"><ele>1161.8</ele></trkpt>
      <trkpt lat="49.219907" lon="20.287787"><ele>1162.6</ele></trkpt>
      <trkpt lat="49.219920" lon="20.287755"><ele>1163.4</ele></trkpt>
      <trkpt lat="49.219939" lon="20.287738"><ele>1163.8</ele></trkpt>
      <trkpt lat="49.219958" lon="20.287715"><ele>1165.2</ele></trkpt>
      <trkpt lat="49.219968" lon="20.287688"><ele>1166.0</ele></trkpt>
      <trkpt lat="49.219974" lon="20.287651"><ele>1166.4</ele></trkpt>
      <trkpt lat="49.219990" lon="20.287622"><ele>1166.4</ele></trkpt>
      <trkpt lat="49.219987" lon="20.287590"><ele>1166.6</ele></trkpt>
      <trkpt lat="49.219987" lon="20.287554"><ele>1166.6</ele></trkpt>
      <trkpt lat="49.219990" lon="20.287520"><ele>1166.8</ele></trkpt>
      <trkpt lat="49.219994" lon="20.287490"><ele>1167.0</ele></trkpt>
      <trkpt lat="49.220000" lon="20.287461"><ele>1167.2</ele></trkpt>
      <trkpt lat="49.220013" lon="20.287427"><ele>1167.6</ele></trkpt>
      <trkpt lat="49.220032" lon="20.287406"><ele>1167.8</ele></trkpt>
      <trkpt lat="49.220051" lon="20.287390"><ele>1168.2</ele></trkpt>
      <trkpt lat="49.220067" lon="20.287378"><ele>1168.6</ele></trkpt>
      <trkpt lat="49.220086" lon="20.287365"><ele>1168.8</ele></trkpt>
      <trkpt lat="49.220106" lon="20.287346"><ele>1169.2</ele></trkpt>
      <trkpt lat="49.220128" lon="20.287318"><ele>1169.2</ele></trkpt>
      <trkpt lat="49.220138" lon="20.287286"><ele>1169.4</ele></trkpt>
      <trkpt lat="49.220157" lon="20.287264"><ele>1169.6</ele></trkpt>
      <trkpt lat="49.220173" lon="20.287237"><ele>1169.6</ele></trkpt>
      <trkpt lat="49.220176" lon="20.287208"><ele>1169.4</ele></trkpt>
      <trkpt lat="49.220179" lon="20.287174"><ele>1169.2</ele></trkpt>
      <trkpt lat="49.220198" lon="20.287147"><ele>1169.0</ele></trkpt>
      <trkpt lat="49.220218" lon="20.287134"><ele>1168.8</ele></trkpt>
      <trkpt lat="49.220246" lon="20.287122"><ele>1168.6</ele></trkpt>
      <trkpt lat="49.220269" lon="20.287106"><ele>1168.6</ele></trkpt>
      <trkpt lat="49.220288" lon="20.287080"><ele>1168.8</ele></trkpt>
      <trkpt lat="49.220307" lon="20.287053"><ele>1169.0</ele></trkpt>
      <trkpt lat="49.220310" lon="20.287026"><ele>1169.4</ele></trkpt>
      <trkpt lat="49.220317" lon="20.286998"><ele>1169.8</ele></trkpt>
      <trkpt lat="49.220333" lon="20.286965"><ele>1170.2</ele></trkpt>
      <trkpt lat="49.220352" lon="20.286947"><ele>1170.6</ele></trkpt>
      <trkpt lat="49.220368" lon="20.286907"><ele>1171.2</ele></trkpt>
      <trkpt lat="49.220384" lon="20.286869"><ele>1171.4</ele></trkpt>
      <trkpt lat="49.220403" lon="20.286835"><ele>1171.6</ele></trkpt>
      <trkpt lat="49.220413" lon="20.286805"><ele>1171.8</ele></trkpt>
      <trkpt lat="49.220438" lon="20.286779"><ele>1172.0</ele></trkpt>
      <trkpt lat="49.220458" lon="20.286750"><ele>1172.4</ele></trkpt>
      <trkpt lat="49.220470" lon="20.286725"><ele>1172.6</ele></trkpt>
      <trkpt lat="49.220486" lon="20.286699"><ele>1173.0</ele></trkpt>
      <trkpt lat="49.220502" lon="20.286677"><ele>1173.4</ele></trkpt>
      <trkpt lat="49.220522" lon="20.286656"><ele>1173.8</ele></trkpt>
      <trkpt lat="49.220544" lon="20.286648"><ele>1174.0</ele></trkpt>
      <trkpt lat="49.220566" lon="20.286627"><ele>1174.4</ele></trkpt>
      <trkpt lat="49.220589" lon="20.286637"><ele>1174.6</ele></trkpt>
      <trkpt lat="49.220611" lon="20.286640"><ele>1174.8</ele></trkpt>
      <trkpt lat="49.220637" lon="20.286632"><ele>1174.8</ele></trkpt>
      <trkpt lat="49.220662" lon="20.286606"><ele>1174.8</ele></trkpt>
      <trkpt lat="49.220682" lon="20.286602"><ele>1174.8</ele></trkpt>
      <trkpt lat="49.220704" lon="20.286581"><ele>1175.0</ele></trkpt>
      <trkpt lat="49.220717" lon="20.286554"><ele>1175.2</ele></trkpt>
      <trkpt lat="49.220746" lon="20.286547"><ele>1175.4</ele></trkpt>
      <trkpt lat="49.220762" lon="20.286528"><ele>1175.4</ele></trkpt>
      <trkpt lat="49.220774" lon="20.286490"><ele>1175.6</ele></trkpt>
      <trkpt lat="49.220790" lon="20.286469"><ele>1175.8</ele></trkpt>
      <trkpt lat="49.220810" lon="20.286448"><ele>1175.8</ele></trkpt>
      <trkpt lat="49.220826" lon="20.286434"><ele>1175.8</ele></trkpt>
      <trkpt lat="49.220832" lon="20.286398"><ele>1175.8</ele></trkpt>
      <trkpt lat="49.220848" lon="20.286363"><ele>1176.0</ele></trkpt>
      <trkpt lat="49.220867" lon="20.286355"><ele>1175.8</ele></trkpt>
      <trkpt lat="49.220886" lon="20.286354"><ele>1175.8</ele></trkpt>
      <trkpt lat="49.220912" lon="20.286341"><ele>1176.0</ele></trkpt>
      <trkpt lat="49.220925" lon="20.286318"><ele>1176.0</ele></trkpt>
      <trkpt lat="49.220934" lon="20.286290"><ele>1176.0</ele></trkpt>
      <trkpt lat="49.220947" lon="20.286245"><ele>1176.2</ele></trkpt>
      <trkpt lat="49.220934" lon="20.286216"><ele>1176.4</ele></trkpt>
      <trkpt lat="49.220954" lon="20.286216"><ele>1176.6</ele></trkpt>
      <trkpt lat="49.220973" lon="20.286206"><ele>1177.0</ele></trkpt>
      <trkpt lat="49.220986" lon="20.286182"><ele>1177.4</ele></trkpt>
      <trkpt lat="49.221005" lon="20.286166"><ele>1177.6</ele></trkpt>
      <trkpt lat="49.221024" lon="20.286165"><ele>1177.8</ele></trkpt>
      <trkpt lat="49.221043" lon="20.286170"><ele>1177.8</ele></trkpt>
      <trkpt lat="49.221059" lon="20.286152"><ele>1177.4</ele></trkpt>
      <trkpt lat="49.221069" lon="20.286123"><ele>1177.2</ele></trkpt>
      <trkpt lat="49.221066" lon="20.286091"><ele>1176.8</ele></trkpt>
      <trkpt lat="49.221062" lon="20.286061"><ele>1176.8</ele></trkpt>
      <trkpt lat="49.221046" lon="20.286027"><ele>1177.2</ele></trkpt>
      <trkpt lat="49.221050" lon="20.286000"><ele>1177.8</ele></trkpt>
      <trkpt lat="49.221046" lon="20.285962"><ele>1178.4</ele></trkpt>
      <trkpt lat="49.221030" lon="20.285944"><ele>1178.6</ele></trkpt>
      <trkpt lat="49.221011" lon="20.285936"><ele>1179.2</ele></trkpt>
      <trkpt lat="49.220998" lon="20.285914"><ele>1179.6</ele></trkpt>
      <trkpt lat="49.220992" lon="20.285883"><ele>1180.2</ele></trkpt>
      <trkpt lat="49.220989" lon="20.285853"><ele>1181.2</ele></trkpt>
      <trkpt lat="49.220970" lon="20.285824"><ele>1181.4</ele></trkpt>
      <trkpt lat="49.220963" lon="20.285787"><ele>1181.6</ele></trkpt>
      <trkpt lat="49.220966" lon="20.285758"><ele>1181.8</ele></trkpt>
      <trkpt lat="49.220963" lon="20.285723"><ele>1182.0</ele></trkpt>
      <trkpt lat="49.220960" lon="20.285696"><ele>1182.0</ele></trkpt>
      <trkpt lat="49.220950" lon="20.285669"><ele>1182.2</ele></trkpt>
      <trkpt lat="49.220947" lon="20.285635"><ele>1183.0</ele></trkpt>
      <trkpt lat="49.220944" lon="20.285603"><ele>1183.6</ele></trkpt>
      <trkpt lat="49.220941" lon="20.285566"><ele>1184.4</ele></trkpt>
      <trkpt lat="49.220922" lon="20.285534"><ele>1185.0</ele></trkpt>
      <trkpt lat="49.220906" lon="20.285496"><ele>1185.6</ele></trkpt>
      <trkpt lat="49.220899" lon="20.285466"><ele>1186.2</ele></trkpt>
      <trkpt lat="49.220893" lon="20.285430"><ele>1186.6</ele></trkpt>
      <trkpt lat="49.220883" lon="20.285384"><ele>1187.0</ele></trkpt>
      <trkpt lat="49.220883" lon="20.285341"><ele>1187.2</ele></trkpt>
      <trkpt lat="49.220870" lon="20.285315"><ele>1187.2</ele></trkpt>
      <trkpt lat="49.220861" lon="20.285285"><ele>1187.6</ele></trkpt>
      <trkpt lat="49.220848" lon="20.285235"><ele>1188.0</ele></trkpt>
      <trkpt lat="49.220845" lon="20.285208"><ele>1188.2</ele></trkpt>
      <trkpt lat="49.220829" lon="20.285179"><ele>1188.6</ele></trkpt>
      <trkpt lat="49.220826" lon="20.285136"><ele>1189.0</ele></trkpt>
      <trkpt lat="49.220822" lon="20.285107"><ele>1189.4</ele></trkpt>
      <trkpt lat="49.220813" lon="20.285074"><ele>1190.6</ele></trkpt>
      <trkpt lat="49.220810" lon="20.285042"><ele>1192.0</ele></trkpt>
      <trkpt lat="49.220810" lon="20.285013"><ele>1192.2</ele></trkpt>
      <trkpt lat="49.220822" lon="20.284981"><ele>1192.2</ele></trkpt>
      <trkpt lat="49.220829" lon="20.284954"><ele>1192.4</ele></trkpt>
      <trkpt lat="49.220822" lon="20.284925"><ele>1192.6</ele></trkpt>
      <trkpt lat="49.220813" lon="20.284898"><ele>1193.0</ele></trkpt>
      <trkpt lat="49.220816" lon="20.284854"><ele>1193.2</ele></trkpt>
      <trkpt lat="49.220816" lon="20.284822"><ele>1193.6</ele></trkpt>
      <trkpt lat="49.220813" lon="20.284795"><ele>1194.0</ele></trkpt>
      <trkpt lat="49.220813" lon="20.284766"><ele>1194.6</ele></trkpt>
      <trkpt lat="49.220803" lon="20.284723"><ele>1195.0</ele></trkpt>
      <trkpt lat="49.220800" lon="20.284696"><ele>1195.8</ele></trkpt>
      <trkpt lat="49.220810" lon="20.284670"><ele>1196.4</ele></trkpt>
      <trkpt lat="49.220813" lon="20.284634"><ele>1196.8</ele></trkpt>
      <trkpt lat="49.220816" lon="20.284603"><ele>1196.8</ele></trkpt>
      <trkpt lat="49.220822" lon="20.284576"><ele>1197.0</ele></trkpt>
      <trkpt lat="49.220822" lon="20.284531"><ele>1197.2</ele></trkpt>
      <trkpt lat="49.220826" lon="20.284494"><ele>1197.4</ele></trkpt>
      <trkpt lat="49.220826" lon="20.284461"><ele>1197.6</ele></trkpt>
      <trkpt lat="49.220822" lon="20.284434"><ele>1197.8</ele></trkpt>
      <trkpt lat="49.220822" lon="20.284397"><ele>1198.2</ele></trkpt>
      <trkpt lat="49.220829" lon="20.284363"><ele>1198.4</ele></trkpt>
      <trkpt lat="49.220835" lon="20.284318"><ele>1198.8</ele></trkpt>
      <trkpt lat="49.220854" lon="20.284293"><ele>1199.2</ele></trkpt>
      <trkpt lat="49.220861" lon="20.284262"><ele>1199.8</ele></trkpt>
      <trkpt lat="49.220864" lon="20.284230"><ele>1200.2</ele></trkpt>
      <trkpt lat="49.220874" lon="20.284181"><ele>1200.8</ele></trkpt>
      <trkpt lat="49.220870" lon="20.284147"><ele>1201.0</ele></trkpt>
      <trkpt lat="49.220864" lon="20.284115"><ele>1201.2</ele></trkpt>
      <trkpt lat="49.220851" lon="20.284070"><ele>1201.4</ele></trkpt>
      <trkpt lat="49.220835" lon="20.284024"><ele>1201.4</ele></trkpt>
      <trkpt lat="49.220845" lon="20.283990"><ele>1201.6</ele></trkpt>
      <trkpt lat="49.220864" lon="20.283979"><ele>1201.6</ele></trkpt>
      <trkpt lat="49.220861" lon="20.283947"><ele>1201.6</ele></trkpt>
      <trkpt lat="49.220842" lon="20.283896"><ele>1201.6</ele></trkpt>
      <trkpt lat="49.220835" lon="20.283869"><ele>1202.0</ele></trkpt>
      <trkpt lat="49.220845" lon="20.283832"><ele>1201.8</ele></trkpt>
      <trkpt lat="49.220870" lon="20.283806"><ele>1202.0</ele></trkpt>
      <trkpt lat="49.220886" lon="20.283789"><ele>1202.2</ele></trkpt>
      <trkpt lat="49.220886" lon="20.283747"><ele>1202.4</ele></trkpt>
      <trkpt lat="49.220880" lon="20.283712"><ele>1202.4</ele></trkpt>
      <trkpt lat="49.220893" lon="20.283677"><ele>1202.6</ele></trkpt>
      <trkpt lat="49.220912" lon="20.283648"><ele>1202.6</ele></trkpt>
      <trkpt lat="49.220922" lon="20.283621"><ele>1202.4</ele></trkpt>
      <trkpt lat="49.220941" lon="20.283605"><ele>1202.6</ele></trkpt>
      <trkpt lat="49.220950" lon="20.283574"><ele>1202.8</ele></trkpt>
      <trkpt lat="49.220966" lon="20.283554"><ele>1203.0</ele></trkpt>
      <trkpt lat="49.220982" lon="20.283522"><ele>1203.6</ele></trkpt>
      <trkpt lat="49.220986" lon="20.283488"><ele>1204.2</ele></trkpt>
      <trkpt lat="49.221002" lon="20.283461"><ele>1204.4</ele></trkpt>
      <trkpt lat="49.220992" lon="20.283430"><ele>1204.6</ele></trkpt>
      <trkpt lat="49.220998" lon="20.283394"><ele>1204.8</ele></trkpt>
      <trkpt lat="49.221002" lon="20.283358"><ele>1205.0</ele></trkpt>
      <trkpt lat="49.220998" lon="20.283323"><ele>1205.4</ele></trkpt>
      <trkpt lat="49.221002" lon="20.283291"><ele>1205.4</ele></trkpt>
      <trkpt lat="49.221002" lon="20.283250"><ele>1205.6</ele></trkpt>
      <trkpt lat="49.221005" lon="20.283222"><ele>1205.8</ele></trkpt>
      <trkpt lat="49.221008" lon="20.283195"><ele>1205.8</ele></trkpt>
      <trkpt lat="49.221008" lon="20.283166"><ele>1205.8</ele></trkpt>
      <trkpt lat="49.221014" lon="20.283134"><ele>1206.0</ele></trkpt>
      <trkpt lat="49.221027" lon="20.283107"><ele>1206.2</ele></trkpt>
      <trkpt lat="49.221043" lon="20.283085"><ele>1206.6</ele></trkpt>
      <trkpt lat="49.221062" lon="20.283067"><ele>1207.0</ele></trkpt>
      <trkpt lat="49.221046" lon="20.283029"><ele>1207.6</ele></trkpt>
      <trkpt lat="49.221034" lon="20.283002"><ele>1208.2</ele></trkpt>
      <trkpt lat="49.221034" lon="20.282973"><ele>1208.8</ele></trkpt>
      <trkpt lat="49.221043" lon="20.282936"><ele>1209.8</ele></trkpt>
      <trkpt lat="49.221062" lon="20.282907"><ele>1210.0</ele></trkpt>
      <trkpt lat="49.221085" lon="20.282896"><ele>1210.4</ele></trkpt>
      <trkpt lat="49.221110" lon="20.282886"><ele>1210.8</ele></trkpt>
      <trkpt lat="49.221114" lon="20.282858"><ele>1211.2</ele></trkpt>
      <trkpt lat="49.221126" lon="20.282829"><ele>1211.6</ele></trkpt>
      <trkpt lat="49.221142" lon="20.282805"><ele>1212.0</ele></trkpt>
      <trkpt lat="49.221146" lon="20.282778"><ele>1212.6</ele></trkpt>
      <trkpt lat="49.221152" lon="20.282749"><ele>1213.2</ele></trkpt>
      <trkpt lat="49.221162" lon="20.282720"><ele>1213.8</ele></trkpt>
      <trkpt lat="49.221181" lon="20.282685"><ele>1214.4</ele></trkpt>
      <trkpt lat="49.221187" lon="20.282648"><ele>1215.2</ele></trkpt>
      <trkpt lat="49.221200" lon="20.282614"><ele>1215.8</ele></trkpt>
      <trkpt lat="49.221206" lon="20.282578"><ele>1216.0</ele></trkpt>
      <trkpt lat="49.221226" lon="20.282565"><ele>1216.4</ele></trkpt>
      <trkpt lat="49.221232" lon="20.282536"><ele>1216.4</ele></trkpt>
      <trkpt lat="49.221238" lon="20.282502"><ele>1216.6</ele></trkpt>
      <trkpt lat="49.221245" lon="20.282467"><ele>1216.6</ele></trkpt>
      <trkpt lat="49.221258" lon="20.282437"><ele>1217.0</ele></trkpt>
      <trkpt lat="49.221277" lon="20.282411"><ele>1217.8</ele></trkpt>
      <trkpt lat="49.221290" lon="20.282376"><ele>1218.6</ele></trkpt>
      <trkpt lat="49.221299" lon="20.282346"><ele>1219.4</ele></trkpt>
      <trkpt lat="49.221318" lon="20.282314"><ele>1220.2</ele></trkpt>
      <trkpt lat="49.221325" lon="20.282274"><ele>1220.2</ele></trkpt>
      <trkpt lat="49.221341" lon="20.282248"><ele>1220.2</ele></trkpt>
      <trkpt lat="49.221350" lon="20.282221"><ele>1220.2</ele></trkpt>
      <trkpt lat="49.221366" lon="20.282203"><ele>1220.2</ele></trkpt>
      <trkpt lat="49.221379" lon="20.282182"><ele>1219.6</ele></trkpt>
      <trkpt lat="49.221398" lon="20.282144"><ele>1218.6</ele></trkpt>
      <trkpt lat="49.221418" lon="20.282110"><ele>1217.8</ele></trkpt>
      <trkpt lat="49.221421" lon="20.282080"><ele>1218.0</ele></trkpt>
      <trkpt lat="49.221443" lon="20.282061"><ele>1218.0</ele></trkpt>
      <trkpt lat="49.221475" lon="20.282032"><ele>1217.6</ele></trkpt>
      <trkpt lat="49.221491" lon="20.282014"><ele>1217.2</ele></trkpt>
      <trkpt lat="49.221517" lon="20.281995"><ele>1217.4</ele></trkpt>
      <trkpt lat="49.221526" lon="20.281962"><ele>1217.8</ele></trkpt>
      <trkpt lat="49.221546" lon="20.281939"><ele>1218.0</ele></trkpt>
      <trkpt lat="49.221565" lon="20.281923"><ele>1218.2</ele></trkpt>
      <trkpt lat="49.221587" lon="20.281886"><ele>1218.6</ele></trkpt>
      <trkpt lat="49.221610" lon="20.281867"><ele>1218.8</ele></trkpt>
      <trkpt lat="49.221629" lon="20.281856"><ele>1219.2</ele></trkpt>
      <trkpt lat="49.221654" lon="20.281851"><ele>1219.8</ele></trkpt>
      <trkpt lat="49.221680" lon="20.281843"><ele>1220.0</ele></trkpt>
      <trkpt lat="49.221696" lon="20.281826"><ele>1220.0</ele></trkpt>
      <trkpt lat="49.221725" lon="20.281827"><ele>1220.2</ele></trkpt>
      <trkpt lat="49.221744" lon="20.281816"><ele>1220.4</ele></trkpt>
      <trkpt lat="49.221776" lon="20.281800"><ele>1220.6</ele></trkpt>
      <trkpt lat="49.221795" lon="20.281786"><ele>1220.6</ele></trkpt>
      <trkpt lat="49.221814" lon="20.281781"><ele>1220.4</ele></trkpt>
      <trkpt lat="49.221834" lon="20.281766"><ele>1220.0</ele></trkpt>
      <trkpt lat="49.221856" lon="20.281776"><ele>1219.6</ele></trkpt>
      <trkpt lat="49.221875" lon="20.281782"><ele>1219.6</ele></trkpt>
      <trkpt lat="49.221894" lon="20.281781"><ele>1219.8</ele></trkpt>
      <trkpt lat="49.221907" lon="20.281747"><ele>1220.6</ele></trkpt>
      <trkpt lat="49.221946" lon="20.281741"><ele>1220.8</ele></trkpt>
      <trkpt lat="49.221965" lon="20.281731"><ele>1220.6</ele></trkpt>
      <trkpt lat="49.221984" lon="20.281723"><ele>1220.4</ele></trkpt>
      <trkpt lat="49.222013" lon="20.281720"><ele>1219.6</ele></trkpt>
      <trkpt lat="49.222035" lon="20.281726"><ele>1218.8</ele></trkpt>
      <trkpt lat="49.222064" lon="20.281715"><ele>1219.0</ele></trkpt>
      <trkpt lat="49.222093" lon="20.281706"><ele>1219.0</ele></trkpt>
      <trkpt lat="49.222115" lon="20.281710"><ele>1219.4</ele></trkpt>
      <trkpt lat="49.222134" lon="20.281704"><ele>1220.8</ele></trkpt>
      <trkpt lat="49.222154" lon="20.281678"><ele>1221.4</ele></trkpt>
      <trkpt lat="49.222173" lon="20.281670"><ele>1221.6</ele></trkpt>
      <trkpt lat="49.222182" lon="20.281643"><ele>1222.2</ele></trkpt>
      <trkpt lat="49.222198" lon="20.281624"><ele>1222.6</ele></trkpt>
      <trkpt lat="49.222218" lon="20.281613"><ele>1223.2</ele></trkpt>
      <trkpt lat="49.222237" lon="20.281602"><ele>1223.8</ele></trkpt>
      <trkpt lat="49.222259" lon="20.281602"><ele>1224.6</ele></trkpt>
      <trkpt lat="49.222282" lon="20.281602"><ele>1226.2</ele></trkpt>
      <trkpt lat="49.222310" lon="20.281597"><ele>1226.8</ele></trkpt>
      <trkpt lat="49.222330" lon="20.281597"><ele>1227.0</ele></trkpt>
      <trkpt lat="49.222352" lon="20.281595"><ele>1227.4</ele></trkpt>
      <trkpt lat="49.222371" lon="20.281578"><ele>1227.6</ele></trkpt>
      <trkpt lat="49.222374" lon="20.281544"><ele>1227.6</ele></trkpt>
      <trkpt lat="49.222365" lon="20.281514"><ele>1227.4</ele></trkpt>
      <trkpt lat="49.222371" lon="20.281485"><ele>1226.6</ele></trkpt>
      <trkpt lat="49.222358" lon="20.281454"><ele>1226.4</ele></trkpt>
      <trkpt lat="49.222355" lon="20.281426"><ele>1226.4</ele></trkpt>
      <trkpt lat="49.222349" lon="20.281397"><ele>1226.4</ele></trkpt>
      <trkpt lat="49.222352" lon="20.281363"><ele>1226.6</ele></trkpt>
      <trkpt lat="49.222362" lon="20.281334"><ele>1227.2</ele></trkpt>
      <trkpt lat="49.222362" lon="20.281306"><ele>1228.2</ele></trkpt>
      <trkpt lat="49.222342" lon="20.281278"><ele>1230.2</ele></trkpt>
      <trkpt lat="49.222339" lon="20.281250"><ele>1230.8</ele></trkpt>
      <trkpt lat="49.222349" lon="20.281221"><ele>1231.0</ele></trkpt>
      <trkpt lat="49.222355" lon="20.281190"><ele>1231.4</ele></trkpt>
      <trkpt lat="49.222374" lon="20.281158"><ele>1231.4</ele></trkpt>
      <trkpt lat="49.222374" lon="20.281126"><ele>1231.6</ele></trkpt>
      <trkpt lat="49.222371" lon="20.281086"><ele>1232.0</ele></trkpt>
      <trkpt lat="49.222365" lon="20.281046"><ele>1232.4</ele></trkpt>
      <trkpt lat="49.222371" lon="20.280997"><ele>1233.2</ele></trkpt>
      <trkpt lat="49.222365" lon="20.280950"><ele>1234.2</ele></trkpt>
      <trkpt lat="49.222358" lon="20.280914"><ele>1235.0</ele></trkpt>
      <trkpt lat="49.222378" lon="20.280886"><ele>1235.6</ele></trkpt>
      <trkpt lat="49.222374" lon="20.280853"><ele>1235.8</ele></trkpt>
      <trkpt lat="49.222378" lon="20.280819"><ele>1236.0</ele></trkpt>
      <trkpt lat="49.222381" lon="20.280789"><ele>1236.2</ele></trkpt>
      <trkpt lat="49.222384" lon="20.280749"><ele>1236.8</ele></trkpt>
      <trkpt lat="49.222390" lon="20.280718"><ele>1237.2</ele></trkpt>
      <trkpt lat="49.222397" lon="20.280688"><ele>1238.0</ele></trkpt>
      <trkpt lat="49.222410" lon="20.280666"><ele>1238.4</ele></trkpt>
      <trkpt lat="49.222416" lon="20.280632"><ele>1239.0</ele></trkpt>
      <trkpt lat="49.222432" lon="20.280590"><ele>1239.0</ele></trkpt>
      <trkpt lat="49.222448" lon="20.280550"><ele>1239.0</ele></trkpt>
      <trkpt lat="49.222448" lon="20.280522"><ele>1237.6</ele></trkpt>
      <trkpt lat="49.222451" lon="20.280480"><ele>1236.0</ele></trkpt>
      <trkpt lat="49.222454" lon="20.280443"><ele>1235.6</ele></trkpt>
      <trkpt lat="49.222461" lon="20.280406"><ele>1236.2</ele></trkpt>
      <trkpt lat="49.222477" lon="20.280365"><ele>1237.0</ele></trkpt>
      <trkpt lat="49.222499" lon="20.280347"><ele>1237.4</ele></trkpt>
      <trkpt lat="49.222496" lon="20.280310"><ele>1238.0</ele></trkpt>
      <trkpt lat="49.222499" lon="20.280274"><ele>1238.6</ele></trkpt>
      <trkpt lat="49.222515" lon="20.280245"><ele>1239.4</ele></trkpt>
      <trkpt lat="49.222528" lon="20.280213"><ele>1239.8</ele></trkpt>
      <trkpt lat="49.222522" lon="20.280186"><ele>1240.0</ele></trkpt>
      <trkpt lat="49.222518" lon="20.280155"><ele>1240.0</ele></trkpt>
      <trkpt lat="49.222531" lon="20.280118"><ele>1239.4</ele></trkpt>
      <trkpt lat="49.222550" lon="20.280094"><ele>1238.2</ele></trkpt>
      <trkpt lat="49.222557" lon="20.280058"><ele>1236.6</ele></trkpt>
      <trkpt lat="49.222570" lon="20.280029"><ele>1236.0</ele></trkpt>
      <trkpt lat="49.222573" lon="20.280000"><ele>1236.8</ele></trkpt>
      <trkpt lat="49.222579" lon="20.279965"><ele>1238.0</ele></trkpt>
      <trkpt lat="49.222595" lon="20.279925"><ele>1239.0</ele></trkpt>
      <trkpt lat="49.222618" lon="20.279885"><ele>1239.6</ele></trkpt>
      <trkpt lat="49.222637" lon="20.279842"><ele>1240.2</ele></trkpt>
      <trkpt lat="49.222650" lon="20.279821"><ele>1240.6</ele></trkpt>
      <trkpt lat="49.222662" lon="20.279800"><ele>1241.0</ele></trkpt>
      <trkpt lat="49.222672" lon="20.279774"><ele>1241.6</ele></trkpt>
      <trkpt lat="49.222691" lon="20.279760"><ele>1242.4</ele></trkpt>
      <trkpt lat="49.222707" lon="20.279739"><ele>1242.6</ele></trkpt>
      <trkpt lat="49.222726" lon="20.279712"><ele>1242.6</ele></trkpt>
      <trkpt lat="49.222739" lon="20.279686"><ele>1242.6</ele></trkpt>
      <trkpt lat="49.222752" lon="20.279666"><ele>1242.8</ele></trkpt>
      <trkpt lat="49.222768" lon="20.279642"><ele>1242.8</ele></trkpt>
      <trkpt lat="49.222778" lon="20.279610"><ele>1243.0</ele></trkpt>
      <trkpt lat="49.222790" lon="20.279578"><ele>1243.6</ele></trkpt>
      <trkpt lat="49.222800" lon="20.279549"><ele>1243.6</ele></trkpt>
      <trkpt lat="49.222816" lon="20.279512"><ele>1243.0</ele></trkpt>
      <trkpt lat="49.222832" lon="20.279477"><ele>1242.6</ele></trkpt>
      <trkpt lat="49.222842" lon="20.279440"><ele>1242.2</ele></trkpt>
      <trkpt lat="49.222851" lon="20.279414"><ele>1242.2</ele></trkpt>
      <trkpt lat="49.222854" lon="20.279387"><ele>1242.2</ele></trkpt>
      <trkpt lat="49.222861" lon="20.279331"><ele>1242.4</ele></trkpt>
      <trkpt lat="49.222874" lon="20.279302"><ele>1242.6</ele></trkpt>
      <trkpt lat="49.222893" lon="20.279288"><ele>1242.8</ele></trkpt>
      <trkpt lat="49.222906" lon="20.279258"><ele>1243.4</ele></trkpt>
      <trkpt lat="49.222925" lon="20.279216"><ele>1244.2</ele></trkpt>
      <trkpt lat="49.222938" lon="20.279181"><ele>1245.0</ele></trkpt>
      <trkpt lat="49.222966" lon="20.279155"><ele>1246.0</ele></trkpt>
      <trkpt lat="49.222989" lon="20.279133"><ele>1246.8</ele></trkpt>
      <trkpt lat="49.223005" lon="20.279110"><ele>1247.4</ele></trkpt>
      <trkpt lat="49.223024" lon="20.279086"><ele>1248.2</ele></trkpt>
      <trkpt lat="49.223040" lon="20.279061"><ele>1249.0</ele></trkpt>
      <trkpt lat="49.223037" lon="20.279024"><ele>1250.0</ele></trkpt>
      <trkpt lat="49.223050" lon="20.278992"><ele>1250.6</ele></trkpt>
      <trkpt lat="49.223066" lon="20.278960"><ele>1251.4</ele></trkpt>
      <trkpt lat="49.223078" lon="20.278926"><ele>1252.2</ele></trkpt>
      <trkpt lat="49.223098" lon="20.278898"><ele>1252.6</ele></trkpt>
      <trkpt lat="49.223133" lon="20.278878"><ele>1252.8</ele></trkpt>
      <trkpt lat="49.223152" lon="20.278838"><ele>1252.8</ele></trkpt>
      <trkpt lat="49.223158" lon="20.278806"><ele>1252.8</ele></trkpt>
      <trkpt lat="49.223165" lon="20.278776"><ele>1253.2</ele></trkpt>
      <trkpt lat="49.223190" lon="20.278747"><ele>1253.8</ele></trkpt>
      <trkpt lat="49.223210" lon="20.278722"><ele>1254.6</ele></trkpt>
      <trkpt lat="49.223222" lon="20.278693"><ele>1255.6</ele></trkpt>
      <trkpt lat="49.223238" lon="20.278677"><ele>1255.4</ele></trkpt>
      <trkpt lat="49.223264" lon="20.278674"><ele>1255.2</ele></trkpt>
      <trkpt lat="49.223283" lon="20.278662"><ele>1254.8</ele></trkpt>
      <trkpt lat="49.223306" lon="20.278650"><ele>1254.6</ele></trkpt>
      <trkpt lat="49.223331" lon="20.278646"><ele>1254.4</ele></trkpt>
      <trkpt lat="49.223350" lon="20.278632"><ele>1254.2</ele></trkpt>
      <trkpt lat="49.223370" lon="20.278624"><ele>1254.0</ele></trkpt>
      <trkpt lat="49.223402" lon="20.278613"><ele>1253.8</ele></trkpt>
      <trkpt lat="49.223430" lon="20.278595"><ele>1253.6</ele></trkpt>
      <trkpt lat="49.223450" lon="20.278598"><ele>1253.6</ele></trkpt>
      <trkpt lat="49.223482" lon="20.278598"><ele>1253.6</ele></trkpt>
      <trkpt lat="49.223501" lon="20.278610"><ele>1253.8</ele></trkpt>
      <trkpt lat="49.223530" lon="20.278624"><ele>1253.6</ele></trkpt>
      <trkpt lat="49.223546" lon="20.278640"><ele>1253.6</ele></trkpt>
      <trkpt lat="49.223565" lon="20.278643"><ele>1253.8</ele></trkpt>
      <trkpt lat="49.223587" lon="20.278640"><ele>1254.4</ele></trkpt>
      <trkpt lat="49.223606" lon="20.278646"><ele>1254.0</ele></trkpt>
      <trkpt lat="49.223616" lon="20.278622"><ele>1251.8</ele></trkpt>
      <trkpt lat="49.223635" lon="20.278614"><ele>1250.4</ele></trkpt>
      <trkpt lat="49.223648" lon="20.278590"><ele>1248.8</ele></trkpt>
      <trkpt lat="49.223654" lon="20.278557"><ele>1248.6</ele></trkpt>
      <trkpt lat="49.223667" lon="20.278530"><ele>1248.6</ele></trkpt>
      <trkpt lat="49.223686" lon="20.278509"><ele>1248.8</ele></trkpt>
      <trkpt lat="49.223706" lon="20.278490"><ele>1249.2</ele></trkpt>
      <trkpt lat="49.223722" lon="20.278475"><ele>1249.6</ele></trkpt>
      <trkpt lat="49.223741" lon="20.278446"><ele>1250.0</ele></trkpt>
      <trkpt lat="49.223754" lon="20.278421"><ele>1250.6</ele></trkpt>
      <trkpt lat="49.223763" lon="20.278397"><ele>1250.8</ele></trkpt>
      <trkpt lat="49.223773" lon="20.278366"><ele>1251.0</ele></trkpt>
      <trkpt lat="49.223792" lon="20.278338"><ele>1251.0</ele></trkpt>
      <trkpt lat="49.223808" lon="20.278320"><ele>1251.0</ele></trkpt>
      <trkpt lat="49.223824" lon="20.278307"><ele>1251.0</ele></trkpt>
      <trkpt lat="49.223846" lon="20.278294"><ele>1251.2</ele></trkpt>
      <trkpt lat="49.223869" lon="20.278270"><ele>1251.4</ele></trkpt>
      <trkpt lat="49.223888" lon="20.278242"><ele>1251.6</ele></trkpt>
      <trkpt lat="49.223904" lon="20.278216"><ele>1251.8</ele></trkpt>
      <trkpt lat="49.223920" lon="20.278181"><ele>1252.0</ele></trkpt>
      <trkpt lat="49.223926" lon="20.278154"><ele>1252.8</ele></trkpt>
      <trkpt lat="49.223926" lon="20.278120"><ele>1255.0</ele></trkpt>
      <trkpt lat="49.223946" lon="20.278093"><ele>1256.6</ele></trkpt>
      <trkpt lat="49.223962" lon="20.278070"><ele>1257.6</ele></trkpt>
      <trkpt lat="49.223971" lon="20.278038"><ele>1258.8</ele></trkpt>
      <trkpt lat="49.223987" lon="20.278011"><ele>1259.0</ele></trkpt>
      <trkpt lat="49.224006" lon="20.277992"><ele>1259.0</ele></trkpt>
      <trkpt lat="49.224022" lon="20.277971"><ele>1259.0</ele></trkpt>
      <trkpt lat="49.224038" lon="20.277928"><ele>1259.0</ele></trkpt>
      <trkpt lat="49.224051" lon="20.277893"><ele>1259.0</ele></trkpt>
      <trkpt lat="49.224080" lon="20.277861"><ele>1259.0</ele></trkpt>
      <trkpt lat="49.224093" lon="20.277822"><ele>1259.0</ele></trkpt>
      <trkpt lat="49.224109" lon="20.277803"><ele>1258.8</ele></trkpt>
      <trkpt lat="49.224122" lon="20.277755"><ele>1258.6</ele></trkpt>
      <trkpt lat="49.224138" lon="20.277717"><ele>1258.2</ele></trkpt>
      <trkpt lat="49.224147" lon="20.277672"><ele>1258.4</ele></trkpt>
      <trkpt lat="49.224163" lon="20.277642"><ele>1258.6</ele></trkpt>
      <trkpt lat="49.224176" lon="20.277614"><ele>1259.0</ele></trkpt>
      <trkpt lat="49.224186" lon="20.277582"><ele>1259.2</ele></trkpt>
      <trkpt lat="49.224192" lon="20.277544"><ele>1259.6</ele></trkpt>
      <trkpt lat="49.224205" lon="20.277512"><ele>1259.8</ele></trkpt>
      <trkpt lat="49.224221" lon="20.277485"><ele>1260.0</ele></trkpt>
      <trkpt lat="49.224237" lon="20.277458"><ele>1260.4</ele></trkpt>
      <trkpt lat="49.224259" lon="20.277432"><ele>1260.8</ele></trkpt>
      <trkpt lat="49.224275" lon="20.277411"><ele>1261.6</ele></trkpt>
      <trkpt lat="49.224285" lon="20.277386"><ele>1262.0</ele></trkpt>
      <trkpt lat="49.224301" lon="20.277366"><ele>1262.4</ele></trkpt>
      <trkpt lat="49.224310" lon="20.277323"><ele>1263.4</ele></trkpt>
      <trkpt lat="49.224330" lon="20.277294"><ele>1264.2</ele></trkpt>
      <trkpt lat="49.224349" lon="20.277282"><ele>1264.4</ele></trkpt>
      <trkpt lat="49.224365" lon="20.277240"><ele>1264.6</ele></trkpt>
      <trkpt lat="49.224384" lon="20.277197"><ele>1264.8</ele></trkpt>
      <trkpt lat="49.224410" lon="20.277166"><ele>1264.8</ele></trkpt>
      <trkpt lat="49.224438" lon="20.277136"><ele>1264.4</ele></trkpt>
      <trkpt lat="49.224454" lon="20.277117"><ele>1264.2</ele></trkpt>
      <trkpt lat="49.224477" lon="20.277091"><ele>1263.8</ele></trkpt>
      <trkpt lat="49.224502" lon="20.277058"><ele>1263.4</ele></trkpt>
      <trkpt lat="49.224518" lon="20.277030"><ele>1263.2</ele></trkpt>
      <trkpt lat="49.224538" lon="20.276990"><ele>1263.2</ele></trkpt>
      <trkpt lat="49.224557" lon="20.276947"><ele>1263.2</ele></trkpt>
      <trkpt lat="49.224573" lon="20.276902"><ele>1263.4</ele></trkpt>
      <trkpt lat="49.224589" lon="20.276867"><ele>1264.0</ele></trkpt>
      <trkpt lat="49.224598" lon="20.276830"><ele>1264.4</ele></trkpt>
      <trkpt lat="49.224618" lon="20.276797"><ele>1264.2</ele></trkpt>
      <trkpt lat="49.224621" lon="20.276766"><ele>1263.2</ele></trkpt>
      <trkpt lat="49.224624" lon="20.276738"><ele>1262.6</ele></trkpt>
      <trkpt lat="49.224637" lon="20.276709"><ele>1262.4</ele></trkpt>
      <trkpt lat="49.224640" lon="20.276670"><ele>1263.4</ele></trkpt>
      <trkpt lat="49.224618" lon="20.276669"><ele>1265.8</ele></trkpt>
      <trkpt lat="49.224589" lon="20.276659"><ele>1267.4</ele></trkpt>
      <trkpt lat="49.224573" lon="20.276638"><ele>1269.2</ele></trkpt>
      <trkpt lat="49.224547" lon="20.276621"><ele>1269.8</ele></trkpt>
      <trkpt lat="49.224525" lon="20.276618"><ele>1271.0</ele></trkpt>
      <trkpt lat="49.224522" lon="20.276574"><ele>1271.6</ele></trkpt>
      <trkpt lat="49.224518" lon="20.276528"><ele>1272.4</ele></trkpt>
      <trkpt lat="49.224506" lon="20.276507"><ele>1273.2</ele></trkpt>
      <trkpt lat="49.224490" lon="20.276483"><ele>1274.0</ele></trkpt>
      <trkpt lat="49.224480" lon="20.276459"><ele>1274.4</ele></trkpt>
      <trkpt lat="49.224461" lon="20.276472"><ele>1275.2</ele></trkpt>
      <trkpt lat="49.224445" lon="20.276459"><ele>1275.2</ele></trkpt>
      <trkpt lat="49.224419" lon="20.276442"><ele>1274.2</ele></trkpt>
      <trkpt lat="49.224397" lon="20.276422"><ele>1274.2</ele></trkpt>
      <trkpt lat="49.224368" lon="20.276400"><ele>1274.8</ele></trkpt>
      <trkpt lat="49.224349" lon="20.276379"><ele>1275.4</ele></trkpt>
      <trkpt lat="49.224330" lon="20.276339"><ele>1275.6</ele></trkpt>
      <trkpt lat="49.224320" lon="20.276315"><ele>1275.8</ele></trkpt>
      <trkpt lat="49.224301" lon="20.276266"><ele>1276.8</ele></trkpt>
      <trkpt lat="49.224291" lon="20.276224"><ele>1278.4</ele></trkpt>
      <trkpt lat="49.224288" lon="20.276184"><ele>1279.4</ele></trkpt>
      <trkpt lat="49.224285" lon="20.276146"><ele>1280.2</ele></trkpt>
      <trkpt lat="49.224269" lon="20.276088"><ele>1282.0</ele></trkpt>
      <trkpt lat="49.224262" lon="20.276029"><ele>1284.2</ele></trkpt>
      <trkpt lat="49.224262" lon="20.275998"><ele>1285.2</ele></trkpt>
      <trkpt lat="49.224262" lon="20.275966"><ele>1286.2</ele></trkpt>
      <trkpt lat="49.224259" lon="20.275936"><ele>1286.8</ele></trkpt>
      <trkpt lat="49.224259" lon="20.275906"><ele>1287.4</ele></trkpt>
      <trkpt lat="49.224266" lon="20.275856"><ele>1288.2</ele></trkpt>
      <trkpt lat="49.224288" lon="20.275886"><ele>1291.0</ele></trkpt>
      <trkpt lat="49.224304" lon="20.275899"><ele>1292.4</ele></trkpt>
      <trkpt lat="49.224320" lon="20.275915"><ele>1293.6</ele></trkpt>
      <trkpt lat="49.224336" lon="20.275934"><ele>1294.2</ele></trkpt>
      <trkpt lat="49.224365" lon="20.275962"><ele>1293.8</ele></trkpt>
      <trkpt lat="49.224387" lon="20.275955"><ele>1291.4</ele></trkpt>
      <trkpt lat="49.224406" lon="20.275931"><ele>1289.6</ele></trkpt>
      <trkpt lat="49.224416" lon="20.275957"><ele>1287.6</ele></trkpt>
      <trkpt lat="49.224435" lon="20.275949"><ele>1287.2</ele></trkpt>
      <trkpt lat="49.224362" lon="20.275958"><ele>1295.8</ele></trkpt>
      <trkpt lat="49.224342" lon="20.275947"><ele>1295.8</ele></trkpt>
      <trkpt lat="49.224330" lon="20.275918"><ele>1296.2</ele></trkpt>
      <trkpt lat="49.224323" lon="20.275886"><ele>1296.8</ele></trkpt>
      <trkpt lat="49.224320" lon="20.275850"><ele>1296.8</ele></trkpt>
      <trkpt lat="49.224307" lon="20.275814"><ele>1296.2</ele></trkpt>
      <trkpt lat="49.224298" lon="20.275789"><ele>1296.0</ele></trkpt>
      <trkpt lat="49.224288" lon="20.275763"><ele>1296.0</ele></trkpt>
      <trkpt lat="49.224291" lon="20.275736"><ele>1296.2</ele></trkpt>
      <trkpt lat="49.224317" lon="20.275736"><ele>1296.8</ele></trkpt>
      <trkpt lat="49.224342" lon="20.275734"><ele>1296.8</ele></trkpt>
      <trkpt lat="49.224358" lon="20.275747"><ele>1296.6</ele></trkpt>
      <trkpt lat="49.224345" lon="20.275758"><ele>1296.6</ele></trkpt>
      <trkpt lat="49.224333" lon="20.275768"><ele>1296.8</ele></trkpt>
      <trkpt lat="49.224320" lon="20.275779"><ele>1296.8</ele></trkpt>
      <trkpt lat="49.224358" lon="20.275784"><ele>1297.0</ele></trkpt>
      <trkpt lat="49.224381" lon="20.275776"><ele>1297.4</ele></trkpt>
      <trkpt lat="49.224397" lon="20.275760"><ele>1297.4</ele></trkpt>
      <trkpt lat="49.224416" lon="20.275755"><ele>1297.4</ele></trkpt>
      <trkpt lat="49.224435" lon="20.275747"><ele>1297.6</ele></trkpt>
      <trkpt lat="49.224442" lon="20.275706"><ele>1296.4</ele></trkpt>
      <trkpt lat="49.224422" lon="20.275680"><ele>1296.2</ele></trkpt>
      <trkpt lat="49.224416" lon="20.275707"><ele>1296.8</ele></trkpt>
      <trkpt lat="49.224426" lon="20.275744"><ele>1297.0</ele></trkpt>
      <trkpt lat="49.224403" lon="20.275739"><ele>1297.0</ele></trkpt>
      <trkpt lat="49.224384" lon="20.275725"><ele>1297.2</ele></trkpt>
      <trkpt lat="49.224365" lon="20.275720"><ele>1297.6</ele></trkpt>
      <trkpt lat="49.224381" lon="20.275746"><ele>1297.4</ele></trkpt>
      <trkpt lat="49.224349" lon="20.275736"><ele>1297.4</ele></trkpt>
      <trkpt lat="49.224326" lon="20.275717"><ele>1297.6</ele></trkpt>
      <trkpt lat="49.224310" lon="20.275699"><ele>1297.4</ele></trkpt>
      <trkpt lat="49.224285" lon="20.275670"><ele>1296.8</ele></trkpt>
      <trkpt lat="49.224269" lon="20.275654"><ele>1296.4</ele></trkpt>
      <trkpt lat="49.224250" lon="20.275630"><ele>1296.0</ele></trkpt>
      <trkpt lat="49.224243" lon="20.275590"><ele>1295.6</ele></trkpt>
      <trkpt lat="49.224218" lon="20.275574"><ele>1295.4</ele></trkpt>
      <trkpt lat="49.224182" lon="20.275552"><ele>1295.0</ele></trkpt>
      <trkpt lat="49.224160" lon="20.275544"><ele>1294.8</ele></trkpt>
      <trkpt lat="49.224138" lon="20.275528"><ele>1294.6</ele></trkpt>
      <trkpt lat="49.224112" lon="20.275509"><ele>1294.2</ele></trkpt>
      <trkpt lat="49.224093" lon="20.275522"><ele>1293.8</ele></trkpt>
      <trkpt lat="49.224070" lon="20.275534"><ele>1293.0</ele></trkpt>
      <trkpt lat="49.224067" lon="20.275506"><ele>1293.0</ele></trkpt>
      <trkpt lat="49.224061" lon="20.275534"><ele>1293.6</ele></trkpt>
      <trkpt lat="49.224058" lon="20.275565"><ele>1293.6</ele></trkpt>
      <trkpt lat="49.224029" lon="20.275568"><ele>1293.4</ele></trkpt>
      <trkpt lat="49.224003" lon="20.275550"><ele>1293.4</ele></trkpt>
      <trkpt lat="49.223984" lon="20.275552"><ele>1293.2</ele></trkpt>
      <trkpt lat="49.223968" lon="20.275586"><ele>1292.8</ele></trkpt>
      <trkpt lat="49.223962" lon="20.275616"><ele>1291.8</ele></trkpt>
      <trkpt lat="49.223949" lon="20.275640"><ele>1290.8</ele></trkpt>
      <trkpt lat="49.223968" lon="20.275659"><ele>1290.8</ele></trkpt>
      <trkpt lat="49.223987" lon="20.275669"><ele>1290.8</ele></trkpt>
      <trkpt lat="49.223981" lon="20.275696"><ele>1288.6</ele></trkpt>
      <trkpt lat="49.223968" lon="20.275725"><ele>1288.2</ele></trkpt>
      <trkpt lat="49.223942" lon="20.275749"><ele>1288.2</ele></trkpt>
      <trkpt lat="49.223923" lon="20.275776"><ele>1287.6</ele></trkpt>
      <trkpt lat="49.223898" lon="20.275787"><ele>1287.4</ele></trkpt>
      <trkpt lat="49.223885" lon="20.275808"><ele>1287.0</ele></trkpt>
      <trkpt lat="49.223866" lon="20.275826"><ele>1287.0</ele></trkpt>
      <trkpt lat="49.223866" lon="20.275864"><ele>1286.2</ele></trkpt>
      <trkpt lat="49.223862" lon="20.275902"><ele>1285.6</ele></trkpt>
      <trkpt lat="49.223866" lon="20.275942"><ele>1284.8</ele></trkpt>
      <trkpt lat="49.223862" lon="20.275971"><ele>1284.2</ele></trkpt>
      <trkpt lat="49.223862" lon="20.276013"><ele>1284.0</ele></trkpt>
      <trkpt lat="49.223878" lon="20.276053"><ele>1283.6</ele></trkpt>
      <trkpt lat="49.223891" lon="20.276088"><ele>1283.4</ele></trkpt>
      <trkpt lat="49.223901" lon="20.276112"><ele>1283.4</ele></trkpt>
      <trkpt lat="49.223901" lon="20.276155"><ele>1283.6</ele></trkpt>
      <trkpt lat="49.223907" lon="20.276184"><ele>1283.4</ele></trkpt>
      <trkpt lat="49.223888" lon="20.276176"><ele>1282.4</ele></trkpt>
      <trkpt lat="49.223862" lon="20.276182"><ele>1281.6</ele></trkpt>
      <trkpt lat="49.223846" lon="20.276163"><ele>1281.4</ele></trkpt>
      <trkpt lat="49.223872" lon="20.276157"><ele>1281.4</ele></trkpt>
      <trkpt lat="49.223853" lon="20.276176"><ele>1283.0</ele></trkpt>
      <trkpt lat="49.223830" lon="20.276197"><ele>1282.4</ele></trkpt>
      <trkpt lat="49.223814" lon="20.276210"><ele>1282.2</ele></trkpt>
      <trkpt lat="49.223792" lon="20.276227"><ele>1281.4</ele></trkpt>
      <trkpt lat="49.223770" lon="20.276240"><ele>1280.8</ele></trkpt>
      <trkpt lat="49.223734" lon="20.276256"><ele>1280.0</ele></trkpt>
      <trkpt lat="49.223712" lon="20.276262"><ele>1278.8</ele></trkpt>
      <trkpt lat="49.223686" lon="20.276280"><ele>1278.2</ele></trkpt>
      <trkpt lat="49.223661" lon="20.276296"><ele>1277.6</ele></trkpt>
      <trkpt lat="49.223635" lon="20.276322"><ele>1276.8</ele></trkpt>
      <trkpt lat="49.223616" lon="20.276336"><ele>1276.2</ele></trkpt>
      <trkpt lat="49.223594" lon="20.276344"><ele>1276.0</ele></trkpt>
      <trkpt lat="49.223574" lon="20.276362"><ele>1275.2</ele></trkpt>
      <trkpt lat="49.223555" lon="20.276376"><ele>1274.8</ele></trkpt>
      <trkpt lat="49.223536" lon="20.276381"><ele>1274.4</ele></trkpt>
      <trkpt lat="49.223510" lon="20.276382"><ele>1274.0</ele></trkpt>
      <trkpt lat="49.223488" lon="20.276374"><ele>1273.0</ele></trkpt>
      <trkpt lat="49.223469" lon="20.276365"><ele>1272.6</ele></trkpt>
      <trkpt lat="49.223450" lon="20.276341"><ele>1272.2</ele></trkpt>
      <trkpt lat="49.223427" lon="20.276331"><ele>1271.8</ele></trkpt>
      <trkpt lat="49.223405" lon="20.276326"><ele>1271.6</ele></trkpt>
      <trkpt lat="49.223382" lon="20.276309"><ele>1271.0</ele></trkpt>
      <trkpt lat="49.223363" lon="20.276293"><ele>1270.2</ele></trkpt>
      <trkpt lat="49.223338" lon="20.276293"><ele>1268.8</ele></trkpt>
      <trkpt lat="49.223309" lon="20.276286"><ele>1268.0</ele></trkpt>
      <trkpt lat="49.223286" lon="20.276277"><ele>1267.6</ele></trkpt>
      <trkpt lat="49.223258" lon="20.276269"><ele>1267.2</ele></trkpt>
      <trkpt lat="49.223229" lon="20.276266"><ele>1267.0</ele></trkpt>
      <trkpt lat="49.223203" lon="20.276256"><ele>1266.6</ele></trkpt>
      <trkpt lat="49.223184" lon="20.276242"><ele>1266.2</ele></trkpt>
      <trkpt lat="49.223158" lon="20.276232"><ele>1265.8</ele></trkpt>
      <trkpt lat="49.223136" lon="20.276234"><ele>1265.6</ele></trkpt>
      <trkpt lat="49.223114" lon="20.276224"><ele>1265.4</ele></trkpt>
      <trkpt lat="49.223094" lon="20.276227"><ele>1264.8</ele></trkpt>
      <trkpt lat="49.223075" lon="20.276213"><ele>1263.8</ele></trkpt>
      <trkpt lat="49.223059" lon="20.276194"><ele>1263.2</ele></trkpt>
      <trkpt lat="49.223040" lon="20.276186"><ele>1262.6</ele></trkpt>
      <trkpt lat="49.223014" lon="20.276176"><ele>1261.8</ele></trkpt>
      <trkpt lat="49.222992" lon="20.276170"><ele>1261.2</ele></trkpt>
      <trkpt lat="49.222966" lon="20.276163"><ele>1260.8</ele></trkpt>
      <trkpt lat="49.222934" lon="20.276154"><ele>1260.4</ele></trkpt>
      <trkpt lat="49.222915" lon="20.276155"><ele>1260.2</ele></trkpt>
      <trkpt lat="49.222886" lon="20.276171"><ele>1259.8</ele></trkpt>
      <trkpt lat="49.222861" lon="20.276178"><ele>1259.6</ele></trkpt>
      <trkpt lat="49.222842" lon="20.276182"><ele>1259.4</ele></trkpt>
      <trkpt lat="49.222816" lon="20.276213"><ele>1259.2</ele></trkpt>
      <trkpt lat="49.222800" lon="20.276242"><ele>1259.0</ele></trkpt>
      <trkpt lat="49.222771" lon="20.276259"><ele>1258.8</ele></trkpt>
      <trkpt lat="49.222752" lon="20.276286"><ele>1258.4</ele></trkpt>
      <trkpt lat="49.222733" lon="20.276315"><ele>1258.2</ele></trkpt>
      <trkpt lat="49.222714" lon="20.276342"><ele>1257.6</ele></trkpt>
      <trkpt lat="49.222694" lon="20.276371"><ele>1257.2</ele></trkpt>
      <trkpt lat="49.222678" lon="20.276405"><ele>1256.4</ele></trkpt>
      <trkpt lat="49.222659" lon="20.276405"><ele>1256.2</ele></trkpt>
      <trkpt lat="49.222637" lon="20.276395"><ele>1256.0</ele></trkpt>
      <trkpt lat="49.222618" lon="20.276402"><ele>1255.8</ele></trkpt>
      <trkpt lat="49.222582" lon="20.276422"><ele>1255.2</ele></trkpt>
      <trkpt lat="49.222557" lon="20.276464"><ele>1254.4</ele></trkpt>
      <trkpt lat="49.222547" lon="20.276512"><ele>1253.8</ele></trkpt>
      <trkpt lat="49.222573" lon="20.276504"><ele>1253.0</ele></trkpt>
      <trkpt lat="49.222598" lon="20.276480"><ele>1252.8</ele></trkpt>
      <trkpt lat="49.222621" lon="20.276462"><ele>1252.6</ele></trkpt>
      <trkpt lat="49.222640" lon="20.276450"><ele>1252.2</ele></trkpt>
      <trkpt lat="49.222662" lon="20.276422"><ele>1252.0</ele></trkpt>
      <trkpt lat="49.222678" lon="20.276410"><ele>1252.0</ele></trkpt>
      <trkpt lat="49.222698" lon="20.276400"><ele>1252.0</ele></trkpt>
      <trkpt lat="49.222726" lon="20.276389"><ele>1252.4</ele></trkpt>
      <trkpt lat="49.222755" lon="20.276370"><ele>1252.4</ele></trkpt>
      <trkpt lat="49.222774" lon="20.276355"><ele>1252.6</ele></trkpt>
      <trkpt lat="49.222800" lon="20.276346"><ele>1252.6</ele></trkpt>
      <trkpt lat="49.222826" lon="20.276344"><ele>1252.6</ele></trkpt>
      <trkpt lat="49.222851" lon="20.276349"><ele>1252.6</ele></trkpt>
      <trkpt lat="49.222877" lon="20.276350"><ele>1252.4</ele></trkpt>
      <trkpt lat="49.222906" lon="20.276352"><ele>1252.4</ele></trkpt>
      <trkpt lat="49.222925" lon="20.276355"><ele>1252.4</ele></trkpt>
      <trkpt lat="49.222950" lon="20.276374"><ele>1252.2</ele></trkpt>
      <trkpt lat="49.222970" lon="20.276390"><ele>1252.0</ele></trkpt>
      <trkpt lat="49.222992" lon="20.276411"><ele>1251.8</ele></trkpt>
      <trkpt lat="49.223027" lon="20.276421"><ele>1251.6</ele></trkpt>
      <trkpt lat="49.223053" lon="20.276430"><ele>1251.4</ele></trkpt>
      <trkpt lat="49.223075" lon="20.276448"><ele>1251.0</ele></trkpt>
      <trkpt lat="49.223107" lon="20.276459"><ele>1250.6</ele></trkpt>
      <trkpt lat="49.223130" lon="20.276470"><ele>1250.4</ele></trkpt>
      <trkpt lat="49.223158" lon="20.276490"><ele>1250.0</ele></trkpt>
      <trkpt lat="49.223165" lon="20.276518"><ele>1249.8</ele></trkpt>
      <trkpt lat="49.223187" lon="20.276542"><ele>1249.6</ele></trkpt>
      <trkpt lat="49.223203" lon="20.276570"><ele>1249.4</ele></trkpt>
      <trkpt lat="49.223222" lon="20.276587"><ele>1249.2</ele></trkpt>
      <trkpt lat="49.223238" lon="20.276602"><ele>1248.8</ele></trkpt>
      <trkpt lat="49.223258" lon="20.276619"><ele>1248.6</ele></trkpt>
      <trkpt lat="49.223283" lon="20.276630"><ele>1248.4</ele></trkpt>
      <trkpt lat="49.223302" lon="20.276650"><ele>1248.0</ele></trkpt>
      <trkpt lat="49.223328" lon="20.276664"><ele>1247.8</ele></trkpt>
      <trkpt lat="49.223344" lon="20.276688"><ele>1247.4</ele></trkpt>
      <trkpt lat="49.223357" lon="20.276718"><ele>1247.0</ele></trkpt>
      <trkpt lat="49.223376" lon="20.276738"><ele>1246.6</ele></trkpt>
      <trkpt lat="49.223408" lon="20.276757"><ele>1246.2</ele></trkpt>
      <trkpt lat="49.223427" lon="20.276770"><ele>1246.0</ele></trkpt>
      <trkpt lat="49.223453" lon="20.276795"><ele>1245.8</ele></trkpt>
      <trkpt lat="49.223472" lon="20.276800"><ele>1245.6</ele></trkpt>
      <trkpt lat="49.223504" lon="20.276822"><ele>1245.0</ele></trkpt>
      <trkpt lat="49.223523" lon="20.276845"><ele>1244.6</ele></trkpt>
      <trkpt lat="49.223546" lon="20.276885"><ele>1244.2</ele></trkpt>
      <trkpt lat="49.223562" lon="20.276906"><ele>1244.0</ele></trkpt>
      <trkpt lat="49.223587" lon="20.276910"><ele>1243.6</ele></trkpt>
      <trkpt lat="49.223610" lon="20.276928"><ele>1243.0</ele></trkpt>
      <trkpt lat="49.223626" lon="20.276941"><ele>1242.8</ele></trkpt>
      <trkpt lat="49.223635" lon="20.276965"><ele>1242.4</ele></trkpt>
      <trkpt lat="49.223651" lon="20.276979"><ele>1242.2</ele></trkpt>
      <trkpt lat="49.223674" lon="20.277006"><ele>1241.6</ele></trkpt>
      <trkpt lat="49.223690" lon="20.277019"><ele>1241.4</ele></trkpt>
      <trkpt lat="49.223715" lon="20.277038"><ele>1240.8</ele></trkpt>
      <trkpt lat="49.223731" lon="20.277056"><ele>1240.2</ele></trkpt>
      <trkpt lat="49.223760" lon="20.277064"><ele>1239.8</ele></trkpt>
      <trkpt lat="49.223779" lon="20.277069"><ele>1239.8</ele></trkpt>
      <trkpt lat="49.223805" lon="20.277090"><ele>1239.4</ele></trkpt>
      <trkpt lat="49.223824" lon="20.277109"><ele>1239.2</ele></trkpt>
      <trkpt lat="49.223821" lon="20.277154"><ele>1238.8</ele></trkpt>
      <trkpt lat="49.223821" lon="20.277182"><ele>1238.6</ele></trkpt>
      <trkpt lat="49.223814" lon="20.277210"><ele>1238.4</ele></trkpt>
      <trkpt lat="49.223805" lon="20.277253"><ele>1237.8</ele></trkpt>
      <trkpt lat="49.223802" lon="20.277285"><ele>1237.4</ele></trkpt>
      <trkpt lat="49.223798" lon="20.277314"><ele>1237.0</ele></trkpt>
      <trkpt lat="49.223786" lon="20.277344"><ele>1236.4</ele></trkpt>
      <trkpt lat="49.223773" lon="20.277374"><ele>1235.8</ele></trkpt>
      <trkpt lat="49.223766" lon="20.277408"><ele>1235.2</ele></trkpt>
      <trkpt lat="49.223747" lon="20.277442"><ele>1234.8</ele></trkpt>
      <trkpt lat="49.223731" lon="20.277475"><ele>1234.2</ele></trkpt>
      <trkpt lat="49.223728" lon="20.277502"><ele>1233.8</ele></trkpt>
      <trkpt lat="49.223715" lon="20.277541"><ele>1233.0</ele></trkpt>
      <trkpt lat="49.223702" lon="20.277574"><ele>1232.0</ele></trkpt>
      <trkpt lat="49.223686" lon="20.277597"><ele>1231.2</ele></trkpt>
      <trkpt lat="49.223667" lon="20.277616"><ele>1230.4</ele></trkpt>
      <trkpt lat="49.223648" lon="20.277640"><ele>1229.8</ele></trkpt>
      <trkpt lat="49.223635" lon="20.277661"><ele>1229.2</ele></trkpt>
      <trkpt lat="49.223613" lon="20.277674"><ele>1228.8</ele></trkpt>
      <trkpt lat="49.223594" lon="20.277701"><ele>1227.0</ele></trkpt>
      <trkpt lat="49.223568" lon="20.277714"><ele>1226.2</ele></trkpt>
      <trkpt lat="49.223546" lon="20.277723"><ele>1225.6</ele></trkpt>
      <trkpt lat="49.223526" lon="20.277714"><ele>1225.0</ele></trkpt>
      <trkpt lat="49.223504" lon="20.277691"><ele>1224.4</ele></trkpt>
      <trkpt lat="49.223472" lon="20.277667"><ele>1224.0</ele></trkpt>
      <trkpt lat="49.223450" lon="20.277624"><ele>1223.6</ele></trkpt>
      <trkpt lat="49.223437" lon="20.277603"><ele>1223.4</ele></trkpt>
      <trkpt lat="49.223430" lon="20.277576"><ele>1223.0</ele></trkpt>
      <trkpt lat="49.223446" lon="20.277563"><ele>1222.0</ele></trkpt>
      <trkpt lat="49.223450" lon="20.277525"><ele>1221.6</ele></trkpt>
      <trkpt lat="49.223453" lon="20.277486"><ele>1221.0</ele></trkpt>
      <trkpt lat="49.223453" lon="20.277445"><ele>1220.6</ele></trkpt>
      <trkpt lat="49.223437" lon="20.277422"><ele>1220.0</ele></trkpt>
      <trkpt lat="49.223411" lon="20.277424"><ele>1219.2</ele></trkpt>
      <trkpt lat="49.223392" lon="20.277421"><ele>1218.4</ele></trkpt>
      <trkpt lat="49.223392" lon="20.277451"><ele>1217.8</ele></trkpt>
      <trkpt lat="49.223373" lon="20.277466"><ele>1216.8</ele></trkpt>
      <trkpt lat="49.223347" lon="20.277458"><ele>1216.0</ele></trkpt>
      <trkpt lat="49.223328" lon="20.277458"><ele>1215.4</ele></trkpt>
      <trkpt lat="49.223302" lon="20.277454"><ele>1214.6</ele></trkpt>
      <trkpt lat="49.223283" lon="20.277453"><ele>1214.0</ele></trkpt>
      <trkpt lat="49.223270" lon="20.277474"><ele>1211.8</ele></trkpt>
      <trkpt lat="49.223267" lon="20.277502"><ele>1210.4</ele></trkpt>
      <trkpt lat="49.223248" lon="20.277533"><ele>1209.4</ele></trkpt>
      <trkpt lat="49.223229" lon="20.277546"><ele>1208.6</ele></trkpt>
      <trkpt lat="49.223216" lon="20.277570"><ele>1207.6</ele></trkpt>
      <trkpt lat="49.223194" lon="20.277557"><ele>1207.8</ele></trkpt>
      <trkpt lat="49.223168" lon="20.277552"><ele>1207.8</ele></trkpt>
      <trkpt lat="49.223149" lon="20.277544"><ele>1207.8</ele></trkpt>
      <trkpt lat="49.223130" lon="20.277538"><ele>1207.8</ele></trkpt>
      <trkpt lat="49.223139" lon="20.277562"><ele>1207.4</ele></trkpt>
      <trkpt lat="49.223168" lon="20.277605"><ele>1208.4</ele></trkpt>
      <trkpt lat="49.223155" lon="20.277578"><ele>1208.6</ele></trkpt>
      <trkpt lat="49.223174" lon="20.277582"><ele>1208.6</ele></trkpt>
      <trkpt lat="49.223158" lon="20.277597"><ele>1209.2</ele></trkpt>
      <trkpt lat="49.223136" lon="20.277611"><ele>1209.0</ele></trkpt>
      <trkpt lat="49.223117" lon="20.277626"><ele>1208.4</ele></trkpt>
      <trkpt lat="49.223094" lon="20.277616"><ele>1208.2</ele></trkpt>
      <trkpt lat="49.223075" lon="20.277614"><ele>1207.8</ele></trkpt>
      <trkpt lat="49.223056" lon="20.277611"><ele>1207.6</ele></trkpt>
      <trkpt lat="49.223030" lon="20.277592"><ele>1206.8</ele></trkpt>
      <trkpt lat="49.223011" lon="20.277576"><ele>1206.0</ele></trkpt>
      <trkpt lat="49.222989" lon="20.277597"><ele>1205.4</ele></trkpt>
      <trkpt lat="49.222973" lon="20.277614"><ele>1204.8</ele></trkpt>
      <trkpt lat="49.222976" lon="20.277646"><ele>1204.4</ele></trkpt>
      <trkpt lat="49.222966" lon="20.277683"><ele>1203.6</ele></trkpt>
      <trkpt lat="49.222950" lon="20.277696"><ele>1203.4</ele></trkpt>
      <trkpt lat="49.222931" lon="20.277691"><ele>1202.8</ele></trkpt>
      <trkpt lat="49.222906" lon="20.277704"><ele>1202.4</ele></trkpt>
      <trkpt lat="49.222880" lon="20.277710"><ele>1202.0</ele></trkpt>
      <trkpt lat="49.222858" lon="20.277742"><ele>1201.0</ele></trkpt>
      <trkpt lat="49.222835" lon="20.277771"><ele>1200.4</ele></trkpt>
      <trkpt lat="49.222829" lon="20.277798"><ele>1199.8</ele></trkpt>
      <trkpt lat="49.222806" lon="20.277814"><ele>1199.6</ele></trkpt>
      <trkpt lat="49.222778" lon="20.277813"><ele>1199.2</ele></trkpt>
      <trkpt lat="49.222758" lon="20.277814"><ele>1199.0</ele></trkpt>
      <trkpt lat="49.222739" lon="20.277816"><ele>1198.6</ele></trkpt>
      <trkpt lat="49.222720" lon="20.277816"><ele>1197.6</ele></trkpt>
      <trkpt lat="49.222701" lon="20.277819"><ele>1197.4</ele></trkpt>
      <trkpt lat="49.222672" lon="20.277832"><ele>1197.2</ele></trkpt>
      <trkpt lat="49.222650" lon="20.277835"><ele>1196.6</ele></trkpt>
      <trkpt lat="49.222634" lon="20.277850"><ele>1196.2</ele></trkpt>
      <trkpt lat="49.222611" lon="20.277862"><ele>1195.6</ele></trkpt>
      <trkpt lat="49.222582" lon="20.277872"><ele>1195.2</ele></trkpt>
      <trkpt lat="49.222563" lon="20.277890"><ele>1194.2</ele></trkpt>
      <trkpt lat="49.222554" lon="20.277920"><ele>1193.6</ele></trkpt>
      <trkpt lat="49.222538" lon="20.277954"><ele>1192.4</ele></trkpt>
      <trkpt lat="49.222534" lon="20.277989"><ele>1191.8</ele></trkpt>
      <trkpt lat="49.222509" lon="20.277998"><ele>1191.2</ele></trkpt>
      <trkpt lat="49.222490" lon="20.277994"><ele>1191.0</ele></trkpt>
      <trkpt lat="49.222477" lon="20.277958"><ele>1189.8</ele></trkpt>
      <trkpt lat="49.222470" lon="20.277990"><ele>1188.4</ele></trkpt>
      <trkpt lat="49.222451" lon="20.278008"><ele>1188.0</ele></trkpt>
      <trkpt lat="49.222422" lon="20.278013"><ele>1187.4</ele></trkpt>
      <trkpt lat="49.222403" lon="20.278034"><ele>1186.6</ele></trkpt>
      <trkpt lat="49.222394" lon="20.278059"><ele>1186.0</ele></trkpt>
      <trkpt lat="49.222362" lon="20.278069"><ele>1185.6</ele></trkpt>
      <trkpt lat="49.222339" lon="20.278101"><ele>1185.2</ele></trkpt>
      <trkpt lat="49.222330" lon="20.278131"><ele>1185.0</ele></trkpt>
      <trkpt lat="49.222314" lon="20.278146"><ele>1184.6</ele></trkpt>
      <trkpt lat="49.222298" lon="20.278162"><ele>1183.6</ele></trkpt>
      <trkpt lat="49.222282" lon="20.278186"><ele>1183.2</ele></trkpt>
      <trkpt lat="49.222266" lon="20.278203"><ele>1183.0</ele></trkpt>
      <trkpt lat="49.222240" lon="20.278219"><ele>1182.6</ele></trkpt>
      <trkpt lat="49.222224" lon="20.278232"><ele>1182.2</ele></trkpt>
      <trkpt lat="49.222205" lon="20.278256"><ele>1181.8</ele></trkpt>
      <trkpt lat="49.222192" lon="20.278278"><ele>1181.2</ele></trkpt>
      <trkpt lat="49.222173" lon="20.278310"><ele>1180.8</ele></trkpt>
      <trkpt lat="49.222154" lon="20.278336"><ele>1180.2</ele></trkpt>
      <trkpt lat="49.222134" lon="20.278338"><ele>1180.0</ele></trkpt>
      <trkpt lat="49.222112" lon="20.278338"><ele>1179.8</ele></trkpt>
      <trkpt lat="49.222086" lon="20.278339"><ele>1179.4</ele></trkpt>
      <trkpt lat="49.222064" lon="20.278362"><ele>1178.8</ele></trkpt>
      <trkpt lat="49.222038" lon="20.278365"><ele>1178.2</ele></trkpt>
      <trkpt lat="49.222019" lon="20.278355"><ele>1177.4</ele></trkpt>
      <trkpt lat="49.222000" lon="20.278352"><ele>1177.0</ele></trkpt>
      <trkpt lat="49.221981" lon="20.278350"><ele>1176.6</ele></trkpt>
      <trkpt lat="49.221962" lon="20.278338"><ele>1176.2</ele></trkpt>
      <trkpt lat="49.221946" lon="20.278317"><ele>1175.2</ele></trkpt>
      <trkpt lat="49.221923" lon="20.278331"><ele>1175.2</ele></trkpt>
      <trkpt lat="49.221894" lon="20.278347"><ele>1175.0</ele></trkpt>
      <trkpt lat="49.221875" lon="20.278346"><ele>1174.8</ele></trkpt>
      <trkpt lat="49.221846" lon="20.278349"><ele>1174.4</ele></trkpt>
      <trkpt lat="49.221827" lon="20.278357"><ele>1174.0</ele></trkpt>
      <trkpt lat="49.221805" lon="20.278379"><ele>1173.2</ele></trkpt>
      <trkpt lat="49.221786" lon="20.278395"><ele>1172.6</ele></trkpt>
      <trkpt lat="49.221763" lon="20.278430"><ele>1171.0</ele></trkpt>
      <trkpt lat="49.221744" lon="20.278454"><ele>1170.4</ele></trkpt>
      <trkpt lat="49.221728" lon="20.278477"><ele>1169.2</ele></trkpt>
      <trkpt lat="49.221709" lon="20.278504"><ele>1168.8</ele></trkpt>
      <trkpt lat="49.221702" lon="20.278533"><ele>1168.4</ele></trkpt>
      <trkpt lat="49.221686" lon="20.278557"><ele>1168.0</ele></trkpt>
      <trkpt lat="49.221667" lon="20.278563"><ele>1167.6</ele></trkpt>
      <trkpt lat="49.221642" lon="20.278594"><ele>1166.8</ele></trkpt>
      <trkpt lat="49.221619" lon="20.278589"><ele>1166.0</ele></trkpt>
      <trkpt lat="49.221587" lon="20.278587"><ele>1166.0</ele></trkpt>
      <trkpt lat="49.221568" lon="20.278598"><ele>1165.4</ele></trkpt>
      <trkpt lat="49.221565" lon="20.278627"><ele>1164.8</ele></trkpt>
      <trkpt lat="49.221539" lon="20.278640"><ele>1164.4</ele></trkpt>
      <trkpt lat="49.221523" lon="20.278669"><ele>1163.8</ele></trkpt>
      <trkpt lat="49.221504" lon="20.278678"><ele>1163.2</ele></trkpt>
      <trkpt lat="49.221485" lon="20.278694"><ele>1162.6</ele></trkpt>
      <trkpt lat="49.221478" lon="20.278722"><ele>1162.4</ele></trkpt>
      <trkpt lat="49.221462" lon="20.278758"><ele>1161.8</ele></trkpt>
      <trkpt lat="49.221446" lon="20.278776"><ele>1161.4</ele></trkpt>
      <trkpt lat="49.221430" lon="20.278802"><ele>1161.0</ele></trkpt>
      <trkpt lat="49.221418" lon="20.278826"><ele>1160.8</ele></trkpt>
      <trkpt lat="49.221402" lon="20.278843"><ele>1160.4</ele></trkpt>
      <trkpt lat="49.221386" lon="20.278866"><ele>1159.6</ele></trkpt>
      <trkpt lat="49.221382" lon="20.278894"><ele>1159.2</ele></trkpt>
      <trkpt lat="49.221379" lon="20.278922"><ele>1158.6</ele></trkpt>
      <trkpt lat="49.221389" lon="20.278947"><ele>1157.0</ele></trkpt>
      <trkpt lat="49.221398" lon="20.278982"><ele>1156.4</ele></trkpt>
      <trkpt lat="49.221389" lon="20.279016"><ele>1156.0</ele></trkpt>
      <trkpt lat="49.221366" lon="20.279040"><ele>1155.6</ele></trkpt>
      <trkpt lat="49.221350" lon="20.279053"><ele>1155.2</ele></trkpt>
      <trkpt lat="49.221341" lon="20.279083"><ele>1154.4</ele></trkpt>
      <trkpt lat="49.221338" lon="20.279110"><ele>1153.6</ele></trkpt>
      <trkpt lat="49.221328" lon="20.279141"><ele>1152.6</ele></trkpt>
      <trkpt lat="49.221325" lon="20.279170"><ele>1152.0</ele></trkpt>
      <trkpt lat="49.221306" lon="20.279194"><ele>1151.0</ele></trkpt>
      <trkpt lat="49.221290" lon="20.279226"><ele>1150.0</ele></trkpt>
      <trkpt lat="49.221277" lon="20.279253"><ele>1149.4</ele></trkpt>
      <trkpt lat="49.221277" lon="20.279288"><ele>1149.2</ele></trkpt>
      <trkpt lat="49.221280" lon="20.279315"><ele>1148.2</ele></trkpt>
      <trkpt lat="49.221270" lon="20.279350"><ele>1147.4</ele></trkpt>
      <trkpt lat="49.221251" lon="20.279374"><ele>1146.8</ele></trkpt>
      <trkpt lat="49.221242" lon="20.279410"><ele>1146.2</ele></trkpt>
      <trkpt lat="49.221229" lon="20.279442"><ele>1145.6</ele></trkpt>
      <trkpt lat="49.221206" lon="20.279459"><ele>1145.0</ele></trkpt>
      <trkpt lat="49.221187" lon="20.279488"><ele>1144.4</ele></trkpt>
      <trkpt lat="49.221178" lon="20.279514"><ele>1143.2</ele></trkpt>
      <trkpt lat="49.221168" lon="20.279552"><ele>1142.4</ele></trkpt>
      <trkpt lat="49.221152" lon="20.279571"><ele>1142.0</ele></trkpt>
      <trkpt lat="49.221139" lon="20.279592"><ele>1141.6</ele></trkpt>
      <trkpt lat="49.221126" lon="20.279616"><ele>1140.6</ele></trkpt>
      <trkpt lat="49.221110" lon="20.279646"><ele>1140.0</ele></trkpt>
      <trkpt lat="49.221091" lon="20.279666"><ele>1139.4</ele></trkpt>
      <trkpt lat="49.221072" lon="20.279682"><ele>1138.4</ele></trkpt>
      <trkpt lat="49.221050" lon="20.279710"><ele>1137.6</ele></trkpt>
      <trkpt lat="49.221040" lon="20.279738"><ele>1137.2</ele></trkpt>
      <trkpt lat="49.221027" lon="20.279765"><ele>1136.6</ele></trkpt>
      <trkpt lat="49.221011" lon="20.279779"><ele>1135.4</ele></trkpt>
      <trkpt lat="49.220992" lon="20.279800"><ele>1134.6</ele></trkpt>
      <trkpt lat="49.220989" lon="20.279829"><ele>1133.8</ele></trkpt>
      <trkpt lat="49.220973" lon="20.279861"><ele>1133.2</ele></trkpt>
      <trkpt lat="49.220947" lon="20.279890"><ele>1132.6</ele></trkpt>
      <trkpt lat="49.220928" lon="20.279915"><ele>1131.8</ele></trkpt>
      <trkpt lat="49.220915" lon="20.279938"><ele>1131.4</ele></trkpt>
      <trkpt lat="49.220886" lon="20.279963"><ele>1131.0</ele></trkpt>
      <trkpt lat="49.220861" lon="20.279974"><ele>1130.6</ele></trkpt>
      <trkpt lat="49.220861" lon="20.280010"><ele>1129.4</ele></trkpt>
      <trkpt lat="49.220845" lon="20.280032"><ele>1128.8</ele></trkpt>
      <trkpt lat="49.220826" lon="20.280045"><ele>1128.4</ele></trkpt>
      <trkpt lat="49.220803" lon="20.280053"><ele>1127.6</ele></trkpt>
      <trkpt lat="49.220787" lon="20.280069"><ele>1127.2</ele></trkpt>
      <trkpt lat="49.220768" lon="20.280093"><ele>1126.8</ele></trkpt>
      <trkpt lat="49.220752" lon="20.280122"><ele>1126.6</ele></trkpt>
      <trkpt lat="49.220733" lon="20.280155"><ele>1126.2</ele></trkpt>
      <trkpt lat="49.220717" lon="20.280174"><ele>1126.0</ele></trkpt>
      <trkpt lat="49.220707" lon="20.280213"><ele>1125.4</ele></trkpt>
      <trkpt lat="49.220694" lon="20.280238"><ele>1124.8</ele></trkpt>
      <trkpt lat="49.220685" lon="20.280272"><ele>1124.4</ele></trkpt>
      <trkpt lat="49.220666" lon="20.280298"><ele>1123.8</ele></trkpt>
      <trkpt lat="49.220646" lon="20.280325"><ele>1123.6</ele></trkpt>
      <trkpt lat="49.220630" lon="20.280346"><ele>1123.4</ele></trkpt>
      <trkpt lat="49.220605" lon="20.280376"><ele>1122.8</ele></trkpt>
      <trkpt lat="49.220586" lon="20.280392"><ele>1122.4</ele></trkpt>
      <trkpt lat="49.220570" lon="20.280374"><ele>1122.0</ele></trkpt>
      <trkpt lat="49.220563" lon="20.280328"><ele>1122.0</ele></trkpt>
      <trkpt lat="49.220563" lon="20.280298"><ele>1122.2</ele></trkpt>
      <trkpt lat="49.220544" lon="20.280314"><ele>1121.6</ele></trkpt>
      <trkpt lat="49.220531" lon="20.280344"><ele>1121.6</ele></trkpt>
      <trkpt lat="49.220515" lon="20.280371"><ele>1121.4</ele></trkpt>
      <trkpt lat="49.220490" lon="20.280414"><ele>1121.0</ele></trkpt>
      <trkpt lat="49.220464" lon="20.280453"><ele>1120.6</ele></trkpt>
      <trkpt lat="49.220435" lon="20.280467"><ele>1119.6</ele></trkpt>
      <trkpt lat="49.220416" lon="20.280482"><ele>1118.2</ele></trkpt>
      <trkpt lat="49.220397" lon="20.280493"><ele>1117.6</ele></trkpt>
      <trkpt lat="49.220374" lon="20.280506"><ele>1117.4</ele></trkpt>
      <trkpt lat="49.220355" lon="20.280541"><ele>1117.0</ele></trkpt>
      <trkpt lat="49.220339" lon="20.280565"><ele>1116.4</ele></trkpt>
      <trkpt lat="49.220317" lon="20.280589"><ele>1115.4</ele></trkpt>
      <trkpt lat="49.220307" lon="20.280616"><ele>1115.0</ele></trkpt>
      <trkpt lat="49.220304" lon="20.280653"><ele>1114.6</ele></trkpt>
      <trkpt lat="49.220291" lon="20.280675"><ele>1114.4</ele></trkpt>
      <trkpt lat="49.220269" lon="20.280707"><ele>1113.8</ele></trkpt>
      <trkpt lat="49.220256" lon="20.280728"><ele>1113.6</ele></trkpt>
      <trkpt lat="49.220240" lon="20.280741"><ele>1113.2</ele></trkpt>
      <trkpt lat="49.220224" lon="20.280755"><ele>1112.0</ele></trkpt>
      <trkpt lat="49.220218" lon="20.280797"><ele>1111.2</ele></trkpt>
      <trkpt lat="49.220205" lon="20.280830"><ele>1110.8</ele></trkpt>
      <trkpt lat="49.220189" lon="20.280861"><ele>1110.2</ele></trkpt>
      <trkpt lat="49.220176" lon="20.280891"><ele>1109.6</ele></trkpt>
      <trkpt lat="49.220170" lon="20.280931"><ele>1108.8</ele></trkpt>
      <trkpt lat="49.220147" lon="20.280957"><ele>1108.4</ele></trkpt>
      <trkpt lat="49.220131" lon="20.280973"><ele>1108.2</ele></trkpt>
      <trkpt lat="49.220125" lon="20.281010"><ele>1107.8</ele></trkpt>
      <trkpt lat="49.220125" lon="20.281042"><ele>1107.6</ele></trkpt>
      <trkpt lat="49.220109" lon="20.281072"><ele>1107.4</ele></trkpt>
      <trkpt lat="49.220080" lon="20.281098"><ele>1107.0</ele></trkpt>
      <trkpt lat="49.220070" lon="20.281125"><ele>1106.6</ele></trkpt>
      <trkpt lat="49.220058" lon="20.281155"><ele>1106.2</ele></trkpt>
      <trkpt lat="49.220042" lon="20.281170"><ele>1105.6</ele></trkpt>
      <trkpt lat="49.220051" lon="20.281206"><ele>1104.8</ele></trkpt>
      <trkpt lat="49.220038" lon="20.281238"><ele>1104.2</ele></trkpt>
      <trkpt lat="49.220016" lon="20.281258"><ele>1103.6</ele></trkpt>
      <trkpt lat="49.219997" lon="20.281267"><ele>1103.2</ele></trkpt>
      <trkpt lat="49.219981" lon="20.281288"><ele>1102.6</ele></trkpt>
      <trkpt lat="49.219958" lon="20.281323"><ele>1102.2</ele></trkpt>
      <trkpt lat="49.219933" lon="20.281355"><ele>1101.6</ele></trkpt>
      <trkpt lat="49.219914" lon="20.281373"><ele>1101.2</ele></trkpt>
      <trkpt lat="49.219898" lon="20.281389"><ele>1100.8</ele></trkpt>
      <trkpt lat="49.219882" lon="20.281405"><ele>1100.4</ele></trkpt>
      <trkpt lat="49.219862" lon="20.281418"><ele>1100.0</ele></trkpt>
      <trkpt lat="49.219856" lon="20.281458"><ele>1099.4</ele></trkpt>
      <trkpt lat="49.219846" lon="20.281485"><ele>1098.8</ele></trkpt>
      <trkpt lat="49.219827" lon="20.281504"><ele>1098.6</ele></trkpt>
      <trkpt lat="49.219808" lon="20.281518"><ele>1098.0</ele></trkpt>
      <trkpt lat="49.219792" lon="20.281536"><ele>1097.6</ele></trkpt>
      <trkpt lat="49.219795" lon="20.281566"><ele>1096.8</ele></trkpt>
      <trkpt lat="49.219773" lon="20.281597"><ele>1096.2</ele></trkpt>
      <trkpt lat="49.219741" lon="20.281608"><ele>1095.6</ele></trkpt>
      <trkpt lat="49.219728" lon="20.281638"><ele>1094.8</ele></trkpt>
      <trkpt lat="49.219709" lon="20.281653"><ele>1094.6</ele></trkpt>
      <trkpt lat="49.219690" lon="20.281674"><ele>1094.4</ele></trkpt>
      <trkpt lat="49.219664" lon="20.281702"><ele>1094.0</ele></trkpt>
      <trkpt lat="49.219661" lon="20.281733"><ele>1093.6</ele></trkpt>
      <trkpt lat="49.219661" lon="20.281773"><ele>1093.2</ele></trkpt>
      <trkpt lat="49.219674" lon="20.281811"><ele>1092.8</ele></trkpt>
      <trkpt lat="49.219661" lon="20.281834"><ele>1092.2</ele></trkpt>
      <trkpt lat="49.219648" lon="20.281864"><ele>1091.0</ele></trkpt>
      <trkpt lat="49.219648" lon="20.281894"><ele>1090.2</ele></trkpt>
      <trkpt lat="49.219632" lon="20.281922"><ele>1089.4</ele></trkpt>
      <trkpt lat="49.219610" lon="20.281950"><ele>1089.0</ele></trkpt>
      <trkpt lat="49.219590" lon="20.281970"><ele>1088.4</ele></trkpt>
      <trkpt lat="49.219571" lon="20.281982"><ele>1087.6</ele></trkpt>
      <trkpt lat="49.219555" lon="20.282005"><ele>1087.2</ele></trkpt>
      <trkpt lat="49.219533" lon="20.282035"><ele>1087.0</ele></trkpt>
      <trkpt lat="49.219523" lon="20.282074"><ele>1086.6</ele></trkpt>
      <trkpt lat="49.219514" lon="20.282106"><ele>1086.2</ele></trkpt>
      <trkpt lat="49.219517" lon="20.282147"><ele>1085.8</ele></trkpt>
      <trkpt lat="49.219494" lon="20.282162"><ele>1085.4</ele></trkpt>
      <trkpt lat="49.219475" lon="20.282181"><ele>1084.6</ele></trkpt>
      <trkpt lat="49.219459" lon="20.282208"><ele>1084.0</ele></trkpt>
      <trkpt lat="49.219453" lon="20.282243"><ele>1082.6</ele></trkpt>
      <trkpt lat="49.219443" lon="20.282277"><ele>1082.4</ele></trkpt>
      <trkpt lat="49.219424" lon="20.282312"><ele>1082.2</ele></trkpt>
      <trkpt lat="49.219405" lon="20.282326"><ele>1081.8</ele></trkpt>
      <trkpt lat="49.219395" lon="20.282366"><ele>1081.4</ele></trkpt>
      <trkpt lat="49.219395" lon="20.282398"><ele>1080.6</ele></trkpt>
      <trkpt lat="49.219414" lon="20.282435"><ele>1080.2</ele></trkpt>
      <trkpt lat="49.219430" lon="20.282461"><ele>1079.8</ele></trkpt>
      <trkpt lat="49.219440" lon="20.282488"><ele>1079.4</ele></trkpt>
      <trkpt lat="49.219434" lon="20.282518"><ele>1079.2</ele></trkpt>
      <trkpt lat="49.219414" lon="20.282560"><ele>1078.6</ele></trkpt>
      <trkpt lat="49.219424" lon="20.282590"><ele>1077.8</ele></trkpt>
      <trkpt lat="49.219411" lon="20.282621"><ele>1077.6</ele></trkpt>
      <trkpt lat="49.219395" lon="20.282650"><ele>1077.2</ele></trkpt>
      <trkpt lat="49.219382" lon="20.282675"><ele>1076.8</ele></trkpt>
      <trkpt lat="49.219373" lon="20.282707"><ele>1076.4</ele></trkpt>
      <trkpt lat="49.219350" lon="20.282744"><ele>1076.0</ele></trkpt>
      <trkpt lat="49.219334" lon="20.282779"><ele>1075.6</ele></trkpt>
      <trkpt lat="49.219318" lon="20.282830"><ele>1075.2</ele></trkpt>
      <trkpt lat="49.219312" lon="20.282866"><ele>1074.8</ele></trkpt>
      <trkpt lat="49.219315" lon="20.282906"><ele>1074.2</ele></trkpt>
      <trkpt lat="49.219302" lon="20.282947"><ele>1073.8</ele></trkpt>
      <trkpt lat="49.219293" lon="20.282989"><ele>1073.2</ele></trkpt>
      <trkpt lat="49.219293" lon="20.283021"><ele>1072.8</ele></trkpt>
      <trkpt lat="49.219277" lon="20.283046"><ele>1072.2</ele></trkpt>
      <trkpt lat="49.219264" lon="20.283078"><ele>1071.6</ele></trkpt>
      <trkpt lat="49.219251" lon="20.283120"><ele>1071.2</ele></trkpt>
      <trkpt lat="49.219232" lon="20.283141"><ele>1070.8</ele></trkpt>
      <trkpt lat="49.219219" lon="20.283163"><ele>1070.6</ele></trkpt>
      <trkpt lat="49.219213" lon="20.283190"><ele>1070.6</ele></trkpt>
      <trkpt lat="49.219197" lon="20.283230"><ele>1070.0</ele></trkpt>
      <trkpt lat="49.219178" lon="20.283264"><ele>1069.6</ele></trkpt>
      <trkpt lat="49.219155" lon="20.283301"><ele>1069.2</ele></trkpt>
      <trkpt lat="49.219142" lon="20.283336"><ele>1068.8</ele></trkpt>
      <trkpt lat="49.219123" lon="20.283370"><ele>1068.4</ele></trkpt>
      <trkpt lat="49.219117" lon="20.283402"><ele>1068.2</ele></trkpt>
      <trkpt lat="49.219104" lon="20.283442"><ele>1067.8</ele></trkpt>
      <trkpt lat="49.219098" lon="20.283475"><ele>1067.4</ele></trkpt>
      <trkpt lat="49.219082" lon="20.283506"><ele>1067.2</ele></trkpt>
      <trkpt lat="49.219072" lon="20.283539"><ele>1066.6</ele></trkpt>
      <trkpt lat="49.219066" lon="20.283571"><ele>1066.0</ele></trkpt>
      <trkpt lat="49.219053" lon="20.283592"><ele>1065.6</ele></trkpt>
      <trkpt lat="49.219034" lon="20.283622"><ele>1065.0</ele></trkpt>
      <trkpt lat="49.219018" lon="20.283650"><ele>1064.8</ele></trkpt>
      <trkpt lat="49.219002" lon="20.283688"><ele>1064.4</ele></trkpt>
      <trkpt lat="49.218986" lon="20.283714"><ele>1064.0</ele></trkpt>
      <trkpt lat="49.218963" lon="20.283736"><ele>1063.6</ele></trkpt>
      <trkpt lat="49.218947" lon="20.283749"><ele>1063.2</ele></trkpt>
      <trkpt lat="49.218928" lon="20.283778"><ele>1062.4</ele></trkpt>
      <trkpt lat="49.218909" lon="20.283798"><ele>1062.0</ele></trkpt>
      <trkpt lat="49.218890" lon="20.283822"><ele>1061.6</ele></trkpt>
      <trkpt lat="49.218880" lon="20.283850"><ele>1060.4</ele></trkpt>
      <trkpt lat="49.218867" lon="20.283877"><ele>1059.8</ele></trkpt>
      <trkpt lat="49.218854" lon="20.283902"><ele>1059.6</ele></trkpt>
      <trkpt lat="49.218842" lon="20.283941"><ele>1059.4</ele></trkpt>
      <trkpt lat="49.218829" lon="20.283962"><ele>1059.2</ele></trkpt>
      <trkpt lat="49.218819" lon="20.283989"><ele>1058.6</ele></trkpt>
      <trkpt lat="49.218806" lon="20.284016"><ele>1058.2</ele></trkpt>
      <trkpt lat="49.218790" lon="20.284038"><ele>1057.6</ele></trkpt>
      <trkpt lat="49.218774" lon="20.284064"><ele>1057.0</ele></trkpt>
      <trkpt lat="49.218758" lon="20.284086"><ele>1056.8</ele></trkpt>
      <trkpt lat="49.218746" lon="20.284117"><ele>1056.2</ele></trkpt>
      <trkpt lat="49.218726" lon="20.284136"><ele>1055.8</ele></trkpt>
      <trkpt lat="49.218710" lon="20.284160"><ele>1055.4</ele></trkpt>
      <trkpt lat="49.218698" lon="20.284184"><ele>1055.0</ele></trkpt>
      <trkpt lat="49.218685" lon="20.284210"><ele>1054.6</ele></trkpt>
      <trkpt lat="49.218669" lon="20.284226"><ele>1054.2</ele></trkpt>
      <trkpt lat="49.218646" lon="20.284259"><ele>1053.6</ele></trkpt>
      <trkpt lat="49.218640" lon="20.284293"><ele>1053.2</ele></trkpt>
      <trkpt lat="49.218630" lon="20.284323"><ele>1052.8</ele></trkpt>
      <trkpt lat="49.218624" lon="20.284362"><ele>1052.4</ele></trkpt>
      <trkpt lat="49.218605" lon="20.284394"><ele>1052.0</ele></trkpt>
      <trkpt lat="49.218592" lon="20.284437"><ele>1051.8</ele></trkpt>
      <trkpt lat="49.218602" lon="20.284472"><ele>1051.4</ele></trkpt>
      <trkpt lat="49.218605" lon="20.284501"><ele>1051.2</ele></trkpt>
      <trkpt lat="49.218598" lon="20.284552"><ele>1050.8</ele></trkpt>
      <trkpt lat="49.218586" lon="20.284584"><ele>1050.4</ele></trkpt>
      <trkpt lat="49.218570" lon="20.284611"><ele>1050.2</ele></trkpt>
      <trkpt lat="49.218560" lon="20.284656"><ele>1049.6</ele></trkpt>
      <trkpt lat="49.218550" lon="20.284696"><ele>1049.4</ele></trkpt>
      <trkpt lat="49.218550" lon="20.284734"><ele>1049.0</ele></trkpt>
      <trkpt lat="49.218560" lon="20.284765"><ele>1048.8</ele></trkpt>
      <trkpt lat="49.218544" lon="20.284792"><ele>1048.4</ele></trkpt>
      <trkpt lat="49.218541" lon="20.284821"><ele>1048.0</ele></trkpt>
      <trkpt lat="49.218538" lon="20.284854"><ele>1047.6</ele></trkpt>
      <trkpt lat="49.218538" lon="20.284893"><ele>1047.2</ele></trkpt>
      <trkpt lat="49.218525" lon="20.284928"><ele>1046.8</ele></trkpt>
      <trkpt lat="49.218518" lon="20.284968"><ele>1046.4</ele></trkpt>
      <trkpt lat="49.218512" lon="20.285008"><ele>1046.0</ele></trkpt>
      <trkpt lat="49.218506" lon="20.285038"><ele>1045.6</ele></trkpt>
      <trkpt lat="49.218496" lon="20.285074"><ele>1045.2</ele></trkpt>
      <trkpt lat="49.218496" lon="20.285112"><ele>1044.8</ele></trkpt>
      <trkpt lat="49.218490" lon="20.285152"><ele>1044.4</ele></trkpt>
      <trkpt lat="49.218490" lon="20.285190"><ele>1043.8</ele></trkpt>
      <trkpt lat="49.218490" lon="20.285232"><ele>1043.6</ele></trkpt>
      <trkpt lat="49.218486" lon="20.285267"><ele>1043.2</ele></trkpt>
      <trkpt lat="49.218470" lon="20.285310"><ele>1042.8</ele></trkpt>
      <trkpt lat="49.218451" lon="20.285331"><ele>1042.6</ele></trkpt>
      <trkpt lat="49.218432" lon="20.285366"><ele>1042.2</ele></trkpt>
      <trkpt lat="49.218406" lon="20.285378"><ele>1042.0</ele></trkpt>
      <trkpt lat="49.218397" lon="20.285410"><ele>1041.6</ele></trkpt>
      <trkpt lat="49.218387" lon="20.285446"><ele>1041.4</ele></trkpt>
      <trkpt lat="49.218371" lon="20.285478"><ele>1041.0</ele></trkpt>
      <trkpt lat="49.218352" lon="20.285520"><ele>1040.6</ele></trkpt>
      <trkpt lat="49.218342" lon="20.285563"><ele>1040.2</ele></trkpt>
      <trkpt lat="49.218323" lon="20.285603"><ele>1040.0</ele></trkpt>
      <trkpt lat="49.218301" lon="20.285635"><ele>1039.4</ele></trkpt>
      <trkpt lat="49.218282" lon="20.285662"><ele>1039.0</ele></trkpt>
      <trkpt lat="49.218259" lon="20.285690"><ele>1038.4</ele></trkpt>
      <trkpt lat="49.218234" lon="20.285726"><ele>1038.2</ele></trkpt>
      <trkpt lat="49.218227" lon="20.285774"><ele>1037.8</ele></trkpt>
      <trkpt lat="49.218224" lon="20.285806"><ele>1037.4</ele></trkpt>
      <trkpt lat="49.218214" lon="20.285837"><ele>1037.0</ele></trkpt>
      <trkpt lat="49.218211" lon="20.285872"><ele>1036.8</ele></trkpt>
      <trkpt lat="49.218202" lon="20.285918"><ele>1036.2</ele></trkpt>
      <trkpt lat="49.218198" lon="20.285960"><ele>1035.8</ele></trkpt>
      <trkpt lat="49.218202" lon="20.286002"><ele>1035.4</ele></trkpt>
      <trkpt lat="49.218202" lon="20.286037"><ele>1035.0</ele></trkpt>
      <trkpt lat="49.218198" lon="20.286067"><ele>1034.6</ele></trkpt>
      <trkpt lat="49.218192" lon="20.286099"><ele>1034.2</ele></trkpt>
      <trkpt lat="49.218189" lon="20.286139"><ele>1034.0</ele></trkpt>
      <trkpt lat="49.218179" lon="20.286184"><ele>1033.4</ele></trkpt>
      <trkpt lat="49.218170" lon="20.286210"><ele>1033.2</ele></trkpt>
      <trkpt lat="49.218147" lon="20.286248"><ele>1033.0</ele></trkpt>
      <trkpt lat="49.218131" lon="20.286278"><ele>1032.4</ele></trkpt>
      <trkpt lat="49.218115" lon="20.286302"><ele>1032.0</ele></trkpt>
      <trkpt lat="49.218112" lon="20.286334"><ele>1031.6</ele></trkpt>
      <trkpt lat="49.218090" lon="20.286371"><ele>1031.2</ele></trkpt>
      <trkpt lat="49.218086" lon="20.286410"><ele>1030.6</ele></trkpt>
      <trkpt lat="49.218083" lon="20.286437"><ele>1030.2</ele></trkpt>
      <trkpt lat="49.218070" lon="20.286474"><ele>1029.8</ele></trkpt>
      <trkpt lat="49.218054" lon="20.286501"><ele>1029.4</ele></trkpt>
      <trkpt lat="49.218045" lon="20.286526"><ele>1029.0</ele></trkpt>
      <trkpt lat="49.218035" lon="20.286560"><ele>1028.6</ele></trkpt>
      <trkpt lat="49.218026" lon="20.286592"><ele>1028.2</ele></trkpt>
      <trkpt lat="49.218016" lon="20.286629"><ele>1027.8</ele></trkpt>
      <trkpt lat="49.218003" lon="20.286670"><ele>1027.4</ele></trkpt>
      <trkpt lat="49.217987" lon="20.286706"><ele>1027.0</ele></trkpt>
      <trkpt lat="49.217974" lon="20.286736"><ele>1026.6</ele></trkpt>
      <trkpt lat="49.217971" lon="20.286766"><ele>1026.4</ele></trkpt>
      <trkpt lat="49.217974" lon="20.286795"><ele>1025.8</ele></trkpt>
      <trkpt lat="49.217974" lon="20.286830"><ele>1025.4</ele></trkpt>
      <trkpt lat="49.217952" lon="20.286854"><ele>1025.0</ele></trkpt>
      <trkpt lat="49.217933" lon="20.286869"><ele>1024.8</ele></trkpt>
      <trkpt lat="49.217917" lon="20.286886"><ele>1024.6</ele></trkpt>
      <trkpt lat="49.217901" lon="20.286904"><ele>1024.4</ele></trkpt>
      <trkpt lat="49.217869" lon="20.286923"><ele>1024.2</ele></trkpt>
      <trkpt lat="49.217853" lon="20.286941"><ele>1024.2</ele></trkpt>
      <trkpt lat="49.217837" lon="20.286954"><ele>1024.2</ele></trkpt>
      <trkpt lat="49.217827" lon="20.286989"><ele>1023.8</ele></trkpt>
      <trkpt lat="49.217792" lon="20.287013"><ele>1023.6</ele></trkpt>
      <trkpt lat="49.217773" lon="20.287022"><ele>1023.6</ele></trkpt>
      <trkpt lat="49.217754" lon="20.287029"><ele>1023.4</ele></trkpt>
      <trkpt lat="49.217734" lon="20.287038"><ele>1023.2</ele></trkpt>
      <trkpt lat="49.217712" lon="20.287064"><ele>1022.8</ele></trkpt>
      <trkpt lat="49.217693" lon="20.287094"><ele>1022.6</ele></trkpt>
      <trkpt lat="49.217670" lon="20.287102"><ele>1022.2</ele></trkpt>
      <trkpt lat="49.217638" lon="20.287107"><ele>1021.8</ele></trkpt>
      <trkpt lat="49.217610" lon="20.287125"><ele>1021.2</ele></trkpt>
      <trkpt lat="49.217594" lon="20.287147"><ele>1021.0</ele></trkpt>
      <trkpt lat="49.217574" lon="20.287171"><ele>1020.6</ele></trkpt>
      <trkpt lat="49.217558" lon="20.287184"><ele>1020.4</ele></trkpt>
      <trkpt lat="49.217536" lon="20.287211"><ele>1020.0</ele></trkpt>
      <trkpt lat="49.217517" lon="20.287253"><ele>1019.6</ele></trkpt>
      <trkpt lat="49.217504" lon="20.287283"><ele>1019.4</ele></trkpt>
      <trkpt lat="49.217494" lon="20.287317"><ele>1019.0</ele></trkpt>
      <trkpt lat="49.217485" lon="20.287344"><ele>1018.2</ele></trkpt>
      <trkpt lat="49.217469" lon="20.287362"><ele>1018.0</ele></trkpt>
      <trkpt lat="49.217456" lon="20.287413"><ele>1017.8</ele></trkpt>
      <trkpt lat="49.217450" lon="20.287443"><ele>1017.8</ele></trkpt>
      <trkpt lat="49.217434" lon="20.287474"><ele>1017.4</ele></trkpt>
      <trkpt lat="49.217418" lon="20.287501"><ele>1017.2</ele></trkpt>
      <trkpt lat="49.217408" lon="20.287531"><ele>1017.0</ele></trkpt>
      <trkpt lat="49.217389" lon="20.287562"><ele>1016.6</ele></trkpt>
      <trkpt lat="49.217376" lon="20.287595"><ele>1016.4</ele></trkpt>
      <trkpt lat="49.217370" lon="20.287624"><ele>1016.0</ele></trkpt>
      <trkpt lat="49.217366" lon="20.287651"><ele>1015.8</ele></trkpt>
      <trkpt lat="49.217350" lon="20.287690"><ele>1015.4</ele></trkpt>
      <trkpt lat="49.217347" lon="20.287720"><ele>1015.2</ele></trkpt>
      <trkpt lat="49.217331" lon="20.287774"><ele>1015.0</ele></trkpt>
      <trkpt lat="49.217315" lon="20.287810"><ele>1014.6</ele></trkpt>
      <trkpt lat="49.217312" lon="20.287846"><ele>1014.0</ele></trkpt>
      <trkpt lat="49.217318" lon="20.287883"><ele>1013.6</ele></trkpt>
      <trkpt lat="49.217325" lon="20.287910"><ele>1013.6</ele></trkpt>
      <trkpt lat="49.217325" lon="20.287939"><ele>1013.4</ele></trkpt>
      <trkpt lat="49.217318" lon="20.287979"><ele>1013.2</ele></trkpt>
      <trkpt lat="49.217318" lon="20.288011"><ele>1012.8</ele></trkpt>
      <trkpt lat="49.217299" lon="20.288032"><ele>1012.4</ele></trkpt>
      <trkpt lat="49.217306" lon="20.288077"><ele>1011.6</ele></trkpt>
      <trkpt lat="49.217293" lon="20.288102"><ele>1011.2</ele></trkpt>
      <trkpt lat="49.217277" lon="20.288138"><ele>1010.8</ele></trkpt>
      <trkpt lat="49.217267" lon="20.288165"><ele>1010.4</ele></trkpt>
      <trkpt lat="49.217254" lon="20.288190"><ele>1010.0</ele></trkpt>
      <trkpt lat="49.217242" lon="20.288221"><ele>1009.4</ele></trkpt>
      <trkpt lat="49.217232" lon="20.288245"><ele>1009.2</ele></trkpt>
      <trkpt lat="49.217210" lon="20.288286"><ele>1009.0</ele></trkpt>
      <trkpt lat="49.217190" lon="20.288310"><ele>1008.6</ele></trkpt>
      <trkpt lat="49.217168" lon="20.288323"><ele>1008.4</ele></trkpt>
      <trkpt lat="49.217139" lon="20.288330"><ele>1008.0</ele></trkpt>
      <trkpt lat="49.217120" lon="20.288336"><ele>1007.6</ele></trkpt>
      <trkpt lat="49.217101" lon="20.288336"><ele>1007.4</ele></trkpt>
      <trkpt lat="49.217069" lon="20.288344"><ele>1007.0</ele></trkpt>
      <trkpt lat="49.217046" lon="20.288349"><ele>1006.8</ele></trkpt>
      <trkpt lat="49.217021" lon="20.288354"><ele>1006.4</ele></trkpt>
      <trkpt lat="49.217002" lon="20.288354"><ele>1006.0</ele></trkpt>
      <trkpt lat="49.216979" lon="20.288363"><ele>1005.8</ele></trkpt>
      <trkpt lat="49.216957" lon="20.288363"><ele>1005.4</ele></trkpt>
      <trkpt lat="49.216928" lon="20.288378"><ele>1005.0</ele></trkpt>
      <trkpt lat="49.216909" lon="20.288389"><ele>1004.6</ele></trkpt>
      <trkpt lat="49.216890" lon="20.288390"><ele>1004.0</ele></trkpt>
      <trkpt lat="49.216870" lon="20.288408"><ele>1003.8</ele></trkpt>
      <trkpt lat="49.216848" lon="20.288424"><ele>1003.4</ele></trkpt>
      <trkpt lat="49.216819" lon="20.288440"><ele>1003.0</ele></trkpt>
      <trkpt lat="49.216803" lon="20.288458"><ele>1002.6</ele></trkpt>
      <trkpt lat="49.216784" lon="20.288485"><ele>1002.2</ele></trkpt>
      <trkpt lat="49.216765" lon="20.288499"><ele>1002.2</ele></trkpt>
      <trkpt lat="49.216742" lon="20.288518"><ele>1002.0</ele></trkpt>
      <trkpt lat="49.216717" lon="20.288534"><ele>1001.6</ele></trkpt>
      <trkpt lat="49.216694" lon="20.288554"><ele>1001.4</ele></trkpt>
      <trkpt lat="49.216675" lon="20.288558"><ele>1001.2</ele></trkpt>
      <trkpt lat="49.216691" lon="20.288576"><ele>1001.0</ele></trkpt>
      <trkpt lat="49.216698" lon="20.288611"><ele>1000.4</ele></trkpt>
      <trkpt lat="49.216701" lon="20.288648"><ele>1000.2</ele></trkpt>
      <trkpt lat="49.216682" lon="20.288658"><ele>1000.0</ele></trkpt>
      <trkpt lat="49.216662" lon="20.288658"><ele>1000.0</ele></trkpt>
      <trkpt lat="49.216640" lon="20.288686"><ele>999.6</ele></trkpt>
      <trkpt lat="49.216624" lon="20.288714"><ele>999.4</ele></trkpt>
      <trkpt lat="49.216605" lon="20.288734"><ele>999.2</ele></trkpt>
      <trkpt lat="49.216582" lon="20.288755"><ele>998.8</ele></trkpt>
      <trkpt lat="49.216560" lon="20.288773"><ele>998.4</ele></trkpt>
      <trkpt lat="49.216544" lon="20.288790"><ele>998.0</ele></trkpt>
      <trkpt lat="49.216522" lon="20.288800"><ele>997.8</ele></trkpt>
      <trkpt lat="49.216493" lon="20.288822"><ele>997.6</ele></trkpt>
      <trkpt lat="49.216474" lon="20.288835"><ele>997.4</ele></trkpt>
      <trkpt lat="49.216454" lon="20.288851"><ele>997.4</ele></trkpt>
      <trkpt lat="49.216435" lon="20.288864"><ele>997.2</ele></trkpt>
      <trkpt lat="49.216416" lon="20.288880"><ele>997.2</ele></trkpt>
      <trkpt lat="49.216400" lon="20.288893"><ele>996.8</ele></trkpt>
      <trkpt lat="49.216384" lon="20.288914"><ele>996.4</ele></trkpt>
      <trkpt lat="49.216362" lon="20.288931"><ele>996.2</ele></trkpt>
      <trkpt lat="49.216346" lon="20.288970"><ele>995.6</ele></trkpt>
      <trkpt lat="49.216333" lon="20.288995"><ele>995.0</ele></trkpt>
      <trkpt lat="49.216320" lon="20.289029"><ele>994.6</ele></trkpt>
      <trkpt lat="49.216301" lon="20.289048"><ele>994.4</ele></trkpt>
      <trkpt lat="49.216285" lon="20.289062"><ele>994.2</ele></trkpt>
      <trkpt lat="49.216278" lon="20.289090"><ele>994.0</ele></trkpt>
      <trkpt lat="49.216266" lon="20.289118"><ele>993.6</ele></trkpt>
      <trkpt lat="49.216253" lon="20.289158"><ele>993.0</ele></trkpt>
      <trkpt lat="49.216240" lon="20.289181"><ele>992.8</ele></trkpt>
      <trkpt lat="49.216227" lon="20.289203"><ele>992.8</ele></trkpt>
      <trkpt lat="49.216208" lon="20.289221"><ele>992.4</ele></trkpt>
      <trkpt lat="49.216202" lon="20.289261"><ele>992.2</ele></trkpt>
      <trkpt lat="49.216195" lon="20.289299"><ele>992.0</ele></trkpt>
      <trkpt lat="49.216198" lon="20.289330"><ele>991.8</ele></trkpt>
      <trkpt lat="49.216198" lon="20.289370"><ele>991.8</ele></trkpt>
      <trkpt lat="49.216189" lon="20.289408"><ele>991.8</ele></trkpt>
      <trkpt lat="49.216186" lon="20.289442"><ele>991.6</ele></trkpt>
      <trkpt lat="49.216195" lon="20.289477"><ele>991.4</ele></trkpt>
      <trkpt lat="49.216198" lon="20.289515"><ele>991.0</ele></trkpt>
      <trkpt lat="49.216205" lon="20.289550"><ele>990.8</ele></trkpt>
      <trkpt lat="49.216214" lon="20.289578"><ele>990.6</ele></trkpt>
      <trkpt lat="49.216218" lon="20.289624"><ele>990.6</ele></trkpt>
      <trkpt lat="49.216214" lon="20.289674"><ele>990.4</ele></trkpt>
      <trkpt lat="49.216218" lon="20.289717"><ele>990.0</ele></trkpt>
      <trkpt lat="49.216221" lon="20.289749"><ele>989.6</ele></trkpt>
      <trkpt lat="49.216227" lon="20.289776"><ele>989.4</ele></trkpt>
      <trkpt lat="49.216237" lon="20.289805"><ele>989.2</ele></trkpt>
      <trkpt lat="49.216224" lon="20.289846"><ele>989.0</ele></trkpt>
      <trkpt lat="49.216214" lon="20.289896"><ele>988.8</ele></trkpt>
      <trkpt lat="49.216214" lon="20.289933"><ele>988.8</ele></trkpt>
      <trkpt lat="49.216214" lon="20.289970"><ele>988.6</ele></trkpt>
      <trkpt lat="49.216205" lon="20.289998"><ele>988.0</ele></trkpt>
      <trkpt lat="49.216221" lon="20.290032"><ele>987.8</ele></trkpt>
      <trkpt lat="49.216234" lon="20.290064"><ele>987.6</ele></trkpt>
      <trkpt lat="49.216234" lon="20.290110"><ele>987.0</ele></trkpt>
      <trkpt lat="49.216240" lon="20.290154"><ele>986.6</ele></trkpt>
      <trkpt lat="49.216246" lon="20.290195"><ele>986.4</ele></trkpt>
      <trkpt lat="49.216240" lon="20.290224"><ele>986.0</ele></trkpt>
      <trkpt lat="49.216246" lon="20.290254"><ele>985.4</ele></trkpt>
      <trkpt lat="49.216266" lon="20.290296"><ele>985.0</ele></trkpt>
      <trkpt lat="49.216282" lon="20.290333"><ele>984.8</ele></trkpt>
      <trkpt lat="49.216285" lon="20.290371"><ele>984.6</ele></trkpt>
      <trkpt lat="49.216285" lon="20.290402"><ele>984.2</ele></trkpt>
      <trkpt lat="49.216298" lon="20.290426"><ele>984.2</ele></trkpt>
      <trkpt lat="49.216314" lon="20.290453"><ele>983.8</ele></trkpt>
      <trkpt lat="49.216326" lon="20.290493"><ele>983.4</ele></trkpt>
      <trkpt lat="49.216339" lon="20.290528"><ele>983.2</ele></trkpt>
      <trkpt lat="49.216346" lon="20.290558"><ele>982.8</ele></trkpt>
      <trkpt lat="49.216362" lon="20.290590"><ele>982.4</ele></trkpt>
      <trkpt lat="49.216358" lon="20.290621"><ele>982.0</ele></trkpt>
      <trkpt lat="49.216362" lon="20.290651"><ele>981.6</ele></trkpt>
      <trkpt lat="49.216346" lon="20.290691"><ele>981.2</ele></trkpt>
      <trkpt lat="49.216339" lon="20.290736"><ele>980.8</ele></trkpt>
      <trkpt lat="49.216333" lon="20.290776"><ele>980.6</ele></trkpt>
      <trkpt lat="49.216323" lon="20.290818"><ele>980.2</ele></trkpt>
      <trkpt lat="49.216293" lon="20.290883"><ele>980.0</ele></trkpt>
      <trkpt lat="49.216282" lon="20.290931"><ele>979.6</ele></trkpt>
      <trkpt lat="49.216285" lon="20.290966"><ele>979.4</ele></trkpt>
      <trkpt lat="49.216266" lon="20.291008"><ele>979.2</ele></trkpt>
      <trkpt lat="49.216272" lon="20.291042"><ele>979.0</ele></trkpt>
      <trkpt lat="49.216262" lon="20.291070"><ele>979.0</ele></trkpt>
      <trkpt lat="49.216256" lon="20.291106"><ele>978.8</ele></trkpt>
      <trkpt lat="49.216259" lon="20.291136"><ele>978.6</ele></trkpt>
      <trkpt lat="49.216259" lon="20.291170"><ele>978.2</ele></trkpt>
      <trkpt lat="49.216253" lon="20.291198"><ele>978.2</ele></trkpt>
      <trkpt lat="49.216237" lon="20.291222"><ele>978.0</ele></trkpt>
      <trkpt lat="49.216246" lon="20.291259"><ele>977.6</ele></trkpt>
      <trkpt lat="49.216253" lon="20.291302"><ele>977.4</ele></trkpt>
      <trkpt lat="49.216240" lon="20.291325"><ele>977.4</ele></trkpt>
      <trkpt lat="49.216224" lon="20.291362"><ele>977.2</ele></trkpt>
      <trkpt lat="49.216202" lon="20.291376"><ele>977.2</ele></trkpt>
      <trkpt lat="49.216214" lon="20.291419"><ele>976.8</ele></trkpt>
      <trkpt lat="49.216224" lon="20.291446"><ele>976.8</ele></trkpt>
      <trkpt lat="49.216240" lon="20.291478"><ele>976.6</ele></trkpt>
      <trkpt lat="49.216227" lon="20.291507"><ele>976.6</ele></trkpt>
      <trkpt lat="49.216214" lon="20.291533"><ele>976.4</ele></trkpt>
      <trkpt lat="49.216205" lon="20.291563"><ele>976.2</ele></trkpt>
      <trkpt lat="49.216205" lon="20.291600"><ele>976.0</ele></trkpt>
      <trkpt lat="49.216218" lon="20.291626"><ele>975.6</ele></trkpt>
      <trkpt lat="49.216214" lon="20.291667"><ele>975.2</ele></trkpt>
      <trkpt lat="49.216205" lon="20.291706"><ele>975.0</ele></trkpt>
      <trkpt lat="49.216202" lon="20.291749"><ele>974.6</ele></trkpt>
      <trkpt lat="49.216195" lon="20.291776"><ele>974.2</ele></trkpt>
      <trkpt lat="49.216186" lon="20.291803"><ele>974.0</ele></trkpt>
      <trkpt lat="49.216176" lon="20.291830"><ele>973.8</ele></trkpt>
      <trkpt lat="49.216173" lon="20.291862"><ele>973.6</ele></trkpt>
      <trkpt lat="49.216160" lon="20.291883"><ele>973.6</ele></trkpt>
      <trkpt lat="49.216141" lon="20.291910"><ele>973.6</ele></trkpt>
      <trkpt lat="49.216125" lon="20.291938"><ele>973.4</ele></trkpt>
      <trkpt lat="49.216109" lon="20.291962"><ele>973.4</ele></trkpt>
      <trkpt lat="49.216096" lon="20.291998"><ele>973.0</ele></trkpt>
      <trkpt lat="49.216083" lon="20.292038"><ele>972.8</ele></trkpt>
      <trkpt lat="49.216077" lon="20.292074"><ele>972.4</ele></trkpt>
      <trkpt lat="49.216067" lon="20.292101"><ele>972.2</ele></trkpt>
      <trkpt lat="49.216058" lon="20.292136"><ele>972.0</ele></trkpt>
      <trkpt lat="49.216042" lon="20.292166"><ele>971.8</ele></trkpt>
      <trkpt lat="49.216029" lon="20.292192"><ele>971.6</ele></trkpt>
      <trkpt lat="49.216026" lon="20.292226"><ele>971.6</ele></trkpt>
      <trkpt lat="49.216026" lon="20.292256"><ele>971.4</ele></trkpt>
      <trkpt lat="49.216019" lon="20.292301"><ele>971.2</ele></trkpt>
      <trkpt lat="49.215997" lon="20.292331"><ele>971.0</ele></trkpt>
      <trkpt lat="49.215984" lon="20.292352"><ele>970.8</ele></trkpt>
      <trkpt lat="49.215974" lon="20.292390"><ele>970.8</ele></trkpt>
      <trkpt lat="49.215958" lon="20.292430"><ele>970.6</ele></trkpt>
      <trkpt lat="49.215949" lon="20.292456"><ele>970.6</ele></trkpt>
      <trkpt lat="49.215936" lon="20.292506"><ele>970.2</ele></trkpt>
      <trkpt lat="49.215926" lon="20.292557"><ele>969.8</ele></trkpt>
      <trkpt lat="49.215926" lon="20.292594"><ele>969.8</ele></trkpt>
      <trkpt lat="49.215930" lon="20.292634"><ele>969.8</ele></trkpt>
      <trkpt lat="49.215926" lon="20.292669"><ele>969.6</ele></trkpt>
      <trkpt lat="49.215923" lon="20.292715"><ele>969.6</ele></trkpt>
      <trkpt lat="49.215923" lon="20.292747"><ele>969.6</ele></trkpt>
      <trkpt lat="49.215917" lon="20.292795"><ele>969.6</ele></trkpt>
      <trkpt lat="49.215904" lon="20.292829"><ele>969.0</ele></trkpt>
      <trkpt lat="49.215901" lon="20.292866"><ele>968.8</ele></trkpt>
      <trkpt lat="49.215891" lon="20.292896"><ele>968.4</ele></trkpt>
      <trkpt lat="49.215882" lon="20.292922"><ele>968.2</ele></trkpt>
      <trkpt lat="49.215875" lon="20.292950"><ele>967.6</ele></trkpt>
      <trkpt lat="49.215866" lon="20.292986"><ele>967.4</ele></trkpt>
      <trkpt lat="49.215859" lon="20.293022"><ele>967.0</ele></trkpt>
      <trkpt lat="49.215859" lon="20.293054"><ele>966.4</ele></trkpt>
      <trkpt lat="49.215882" lon="20.293082"><ele>966.4</ele></trkpt>
      <trkpt lat="49.215904" lon="20.293102"><ele>966.2</ele></trkpt>
      <trkpt lat="49.215920" lon="20.293125"><ele>965.8</ele></trkpt>
      <trkpt lat="49.215930" lon="20.293160"><ele>965.6</ele></trkpt>
      <trkpt lat="49.215939" lon="20.293202"><ele>965.2</ele></trkpt>
      <trkpt lat="49.215936" lon="20.293250"><ele>964.8</ele></trkpt>
      <trkpt lat="49.215930" lon="20.293290"><ele>964.6</ele></trkpt>
      <trkpt lat="49.215930" lon="20.293333"><ele>964.4</ele></trkpt>
      <trkpt lat="49.215926" lon="20.293382"><ele>964.2</ele></trkpt>
      <trkpt lat="49.215936" lon="20.293429"><ele>964.0</ele></trkpt>
      <trkpt lat="49.215923" lon="20.293472"><ele>963.8</ele></trkpt>
      <trkpt lat="49.215920" lon="20.293517"><ele>963.6</ele></trkpt>
      <trkpt lat="49.215926" lon="20.293562"><ele>963.2</ele></trkpt>
      <trkpt lat="49.215930" lon="20.293597"><ele>962.8</ele></trkpt>
      <trkpt lat="49.215946" lon="20.293635"><ele>962.4</ele></trkpt>
      <trkpt lat="49.215968" lon="20.293670"><ele>962.2</ele></trkpt>
      <trkpt lat="49.215981" lon="20.293707"><ele>961.8</ele></trkpt>
      <trkpt lat="49.215990" lon="20.293750"><ele>961.6</ele></trkpt>
      <trkpt lat="49.215990" lon="20.293787"><ele>961.4</ele></trkpt>
      <trkpt lat="49.215997" lon="20.293826"><ele>961.2</ele></trkpt>
      <trkpt lat="49.215981" lon="20.293878"><ele>961.0</ele></trkpt>
      <trkpt lat="49.215978" lon="20.293906"><ele>960.8</ele></trkpt>
      <trkpt lat="49.215984" lon="20.293950"><ele>960.8</ele></trkpt>
      <trkpt lat="49.215997" lon="20.293984"><ele>960.6</ele></trkpt>
      <trkpt lat="49.216006" lon="20.294014"><ele>960.6</ele></trkpt>
      <trkpt lat="49.216019" lon="20.294050"><ele>960.4</ele></trkpt>
      <trkpt lat="49.216026" lon="20.294085"><ele>960.4</ele></trkpt>
      <trkpt lat="49.216035" lon="20.294120"><ele>960.0</ele></trkpt>
      <trkpt lat="49.216035" lon="20.294165"><ele>959.8</ele></trkpt>
      <trkpt lat="49.216038" lon="20.294205"><ele>959.4</ele></trkpt>
      <trkpt lat="49.216029" lon="20.294238"><ele>959.2</ele></trkpt>
      <trkpt lat="49.216026" lon="20.294266"><ele>959.2</ele></trkpt>
      <trkpt lat="49.216029" lon="20.294304"><ele>959.0</ele></trkpt>
      <trkpt lat="49.216042" lon="20.294334"><ele>959.0</ele></trkpt>
      <trkpt lat="49.216048" lon="20.294373"><ele>958.8</ele></trkpt>
      <trkpt lat="49.216054" lon="20.294426"><ele>958.8</ele></trkpt>
      <trkpt lat="49.216054" lon="20.294472"><ele>958.6</ele></trkpt>
      <trkpt lat="49.216061" lon="20.294504"><ele>958.6</ele></trkpt>
      <trkpt lat="49.216067" lon="20.294544"><ele>958.4</ele></trkpt>
      <trkpt lat="49.216080" lon="20.294584"><ele>958.2</ele></trkpt>
      <trkpt lat="49.216086" lon="20.294634"><ele>958.0</ele></trkpt>
      <trkpt lat="49.216090" lon="20.294672"><ele>958.0</ele></trkpt>
      <trkpt lat="49.216090" lon="20.294704"><ele>957.8</ele></trkpt>
      <trkpt lat="49.216086" lon="20.294731"><ele>957.6</ele></trkpt>
      <trkpt lat="49.216067" lon="20.294763"><ele>957.4</ele></trkpt>
      <trkpt lat="49.216058" lon="20.294802"><ele>957.2</ele></trkpt>
      <trkpt lat="49.216042" lon="20.294845"><ele>956.8</ele></trkpt>
      <trkpt lat="49.216029" lon="20.294877"><ele>956.4</ele></trkpt>
      <trkpt lat="49.216022" lon="20.294917"><ele>956.2</ele></trkpt>
      <trkpt lat="49.216016" lon="20.294954"><ele>956.0</ele></trkpt>
      <trkpt lat="49.216003" lon="20.294981"><ele>956.0</ele></trkpt>
      <trkpt lat="49.215987" lon="20.295019"><ele>955.8</ele></trkpt>
      <trkpt lat="49.215978" lon="20.295056"><ele>955.6</ele></trkpt>
      <trkpt lat="49.215974" lon="20.295099"><ele>955.4</ele></trkpt>
      <trkpt lat="49.215974" lon="20.295128"><ele>955.2</ele></trkpt>
      <trkpt lat="49.215981" lon="20.295157"><ele>955.2</ele></trkpt>
      <trkpt lat="49.215981" lon="20.295205"><ele>954.8</ele></trkpt>
      <trkpt lat="49.215962" lon="20.295250"><ele>954.8</ele></trkpt>
      <trkpt lat="49.215942" lon="20.295280"><ele>954.6</ele></trkpt>
      <trkpt lat="49.215926" lon="20.295320"><ele>954.4</ele></trkpt>
      <trkpt lat="49.215920" lon="20.295350"><ele>954.2</ele></trkpt>
      <trkpt lat="49.215910" lon="20.295374"><ele>954.0</ele></trkpt>
      <trkpt lat="49.215901" lon="20.295414"><ele>953.8</ele></trkpt>
      <trkpt lat="49.215888" lon="20.295446"><ele>953.6</ele></trkpt>
      <trkpt lat="49.215882" lon="20.295480"><ele>953.4</ele></trkpt>
      <trkpt lat="49.215866" lon="20.295515"><ele>953.4</ele></trkpt>
      <trkpt lat="49.215856" lon="20.295549"><ele>953.0</ele></trkpt>
      <trkpt lat="49.215856" lon="20.295586"><ele>952.8</ele></trkpt>
      <trkpt lat="49.215859" lon="20.295619"><ele>952.6</ele></trkpt>
      <trkpt lat="49.215866" lon="20.295664"><ele>952.4</ele></trkpt>
      <trkpt lat="49.215862" lon="20.295691"><ele>952.2</ele></trkpt>
      <trkpt lat="49.215846" lon="20.295738"><ele>952.2</ele></trkpt>
      <trkpt lat="49.215843" lon="20.295774"><ele>952.0</ele></trkpt>
      <trkpt lat="49.215859" lon="20.295803"><ele>951.6</ele></trkpt>
      <trkpt lat="49.215862" lon="20.295834"><ele>951.2</ele></trkpt>
      <trkpt lat="49.215869" lon="20.295875"><ele>950.8</ele></trkpt>
      <trkpt lat="49.215869" lon="20.295930"><ele>950.4</ele></trkpt>
      <trkpt lat="49.215875" lon="20.295973"><ele>950.2</ele></trkpt>
      <trkpt lat="49.215875" lon="20.296010"><ele>950.0</ele></trkpt>
      <trkpt lat="49.215888" lon="20.296034"><ele>949.4</ele></trkpt>
      <trkpt lat="49.215907" lon="20.296059"><ele>949.2</ele></trkpt>
      <trkpt lat="49.215910" lon="20.296091"><ele>948.8</ele></trkpt>
      <trkpt lat="49.215910" lon="20.296130"><ele>948.4</ele></trkpt>
      <trkpt lat="49.215910" lon="20.296170"><ele>948.2</ele></trkpt>
      <trkpt lat="49.215907" lon="20.296210"><ele>948.0</ele></trkpt>
      <trkpt lat="49.215904" lon="20.296243"><ele>947.8</ele></trkpt>
      <trkpt lat="49.215898" lon="20.296282"><ele>947.4</ele></trkpt>
      <trkpt lat="49.215888" lon="20.296312"><ele>947.2</ele></trkpt>
      <trkpt lat="49.215869" lon="20.296341"><ele>946.8</ele></trkpt>
      <trkpt lat="49.215866" lon="20.296394"><ele>946.4</ele></trkpt>
      <trkpt lat="49.215856" lon="20.296438"><ele>946.2</ele></trkpt>
      <trkpt lat="49.215843" lon="20.296472"><ele>946.0</ele></trkpt>
      <trkpt lat="49.215830" lon="20.296496"><ele>945.8</ele></trkpt>
      <trkpt lat="49.215821" lon="20.296531"><ele>945.4</ele></trkpt>
      <trkpt lat="49.215805" lon="20.296571"><ele>945.2</ele></trkpt>
      <trkpt lat="49.215786" lon="20.296611"><ele>944.8</ele></trkpt>
      <trkpt lat="49.215770" lon="20.296650"><ele>944.8</ele></trkpt>
      <trkpt lat="49.215750" lon="20.296698"><ele>944.8</ele></trkpt>
      <trkpt lat="49.215741" lon="20.296723"><ele>944.8</ele></trkpt>
      <trkpt lat="49.215725" lon="20.296754"><ele>944.8</ele></trkpt>
      <trkpt lat="49.215694" lon="20.296810"><ele>944.8</ele></trkpt>
      <trkpt lat="49.215670" lon="20.296830"><ele>944.8</ele></trkpt>
      <trkpt lat="49.215651" lon="20.296843"><ele>944.8</ele></trkpt>
      <trkpt lat="49.215632" lon="20.296854"><ele>944.8</ele></trkpt>
      <trkpt lat="49.215613" lon="20.296870"><ele>944.6</ele></trkpt>
      <trkpt lat="49.215600" lon="20.296896"><ele>944.4</ele></trkpt>
      <trkpt lat="49.215584" lon="20.296909"><ele>944.0</ele></trkpt>
      <trkpt lat="49.215558" lon="20.296926"><ele>943.8</ele></trkpt>
      <trkpt lat="49.215533" lon="20.296942"><ele>943.6</ele></trkpt>
      <trkpt lat="49.215507" lon="20.296973"><ele>943.4</ele></trkpt>
      <trkpt lat="49.215488" lon="20.297002"><ele>943.2</ele></trkpt>
      <trkpt lat="49.215478" lon="20.297026"><ele>942.8</ele></trkpt>
      <trkpt lat="49.215462" lon="20.297051"><ele>942.6</ele></trkpt>
      <trkpt lat="49.215443" lon="20.297082"><ele>942.4</ele></trkpt>
      <trkpt lat="49.215430" lon="20.297102"><ele>942.4</ele></trkpt>
      <trkpt lat="49.215414" lon="20.297138"><ele>942.0</ele></trkpt>
      <trkpt lat="49.215405" lon="20.297163"><ele>941.6</ele></trkpt>
      <trkpt lat="49.215389" lon="20.297184"><ele>941.4</ele></trkpt>
      <trkpt lat="49.215370" lon="20.297213"><ele>941.4</ele></trkpt>
      <trkpt lat="49.215360" lon="20.297237"><ele>941.2</ele></trkpt>
      <trkpt lat="49.215350" lon="20.297266"><ele>941.0</ele></trkpt>
      <trkpt lat="49.215341" lon="20.297304"><ele>940.8</ele></trkpt>
      <trkpt lat="49.215325" lon="20.297336"><ele>940.8</ele></trkpt>
      <trkpt lat="49.215302" lon="20.297373"><ele>940.4</ele></trkpt>
      <trkpt lat="49.215274" lon="20.297403"><ele>940.2</ele></trkpt>
      <trkpt lat="49.215254" lon="20.297430"><ele>940.0</ele></trkpt>
      <trkpt lat="49.215235" lon="20.297453"><ele>940.0</ele></trkpt>
      <trkpt lat="49.215216" lon="20.297475"><ele>940.0</ele></trkpt>
      <trkpt lat="49.215194" lon="20.297504"><ele>940.0</ele></trkpt>
      <trkpt lat="49.215174" lon="20.297533"><ele>940.0</ele></trkpt>
      <trkpt lat="49.215155" lon="20.297555"><ele>940.0</ele></trkpt>
      <trkpt lat="49.215142" lon="20.297581"><ele>940.0</ele></trkpt>
      <trkpt lat="49.215123" lon="20.297598"><ele>939.8</ele></trkpt>
      <trkpt lat="49.215101" lon="20.297618"><ele>939.6</ele></trkpt>
      <trkpt lat="49.215082" lon="20.297645"><ele>939.2</ele></trkpt>
      <trkpt lat="49.215066" lon="20.297678"><ele>939.2</ele></trkpt>
      <trkpt lat="49.215026" lon="20.297746"><ele>939.0</ele></trkpt>
      <trkpt lat="49.215014" lon="20.297758"><ele>938.8</ele></trkpt>
      <trkpt lat="49.215002" lon="20.297779"><ele>938.6</ele></trkpt>
      <trkpt lat="49.214970" lon="20.297811"><ele>938.6</ele></trkpt>
      <trkpt lat="49.214950" lon="20.297853"><ele>938.4</ele></trkpt>
      <trkpt lat="49.214938" lon="20.297880"><ele>938.4</ele></trkpt>
      <trkpt lat="49.214915" lon="20.297899"><ele>938.2</ele></trkpt>
      <trkpt lat="49.214890" lon="20.297915"><ele>938.2</ele></trkpt>
      <trkpt lat="49.214867" lon="20.297928"><ele>938.0</ele></trkpt>
      <trkpt lat="49.214851" lon="20.297955"><ele>938.0</ele></trkpt>
      <trkpt lat="49.214838" lon="20.297987"><ele>938.0</ele></trkpt>
      <trkpt lat="49.214822" lon="20.298018"><ele>937.8</ele></trkpt>
      <trkpt lat="49.214803" lon="20.298021"><ele>937.8</ele></trkpt>
      <trkpt lat="49.214787" lon="20.298037"><ele>937.8</ele></trkpt>
      <trkpt lat="49.214758" lon="20.298024"><ele>937.6</ele></trkpt>
      <trkpt lat="49.214739" lon="20.298059"><ele>937.4</ele></trkpt>
      <trkpt lat="49.214736" lon="20.298096"><ele>937.2</ele></trkpt>
      <trkpt lat="49.214723" lon="20.298130"><ele>937.0</ele></trkpt>
      <trkpt lat="49.214698" lon="20.298163"><ele>936.8</ele></trkpt>
      <trkpt lat="49.214678" lon="20.298205"><ele>936.6</ele></trkpt>
      <trkpt lat="49.214669" lon="20.298253"><ele>936.6</ele></trkpt>
      <trkpt lat="49.214656" lon="20.298283"><ele>936.4</ele></trkpt>
      <trkpt lat="49.214653" lon="20.298312"><ele>936.2</ele></trkpt>
      <trkpt lat="49.214650" lon="20.298355"><ele>936.2</ele></trkpt>
      <trkpt lat="49.214653" lon="20.298389"><ele>936.0</ele></trkpt>
      <trkpt lat="49.214640" lon="20.298422"><ele>935.8</ele></trkpt>
      <trkpt lat="49.214640" lon="20.298456"><ele>935.6</ele></trkpt>
      <trkpt lat="49.214637" lon="20.298483"><ele>935.2</ele></trkpt>
      <trkpt lat="49.214640" lon="20.298522"><ele>935.0</ele></trkpt>
      <trkpt lat="49.214634" lon="20.298562"><ele>934.6</ele></trkpt>
      <trkpt lat="49.214630" lon="20.298611"><ele>934.4</ele></trkpt>
      <trkpt lat="49.214624" lon="20.298653"><ele>934.2</ele></trkpt>
      <trkpt lat="49.214618" lon="20.298691"><ele>934.2</ele></trkpt>
      <trkpt lat="49.214614" lon="20.298723"><ele>934.0</ele></trkpt>
      <trkpt lat="49.214605" lon="20.298770"><ele>934.0</ele></trkpt>
      <trkpt lat="49.214595" lon="20.298810"><ele>933.8</ele></trkpt>
      <trkpt lat="49.214589" lon="20.298850"><ele>933.6</ele></trkpt>
      <trkpt lat="49.214598" lon="20.298891"><ele>933.4</ele></trkpt>
      <trkpt lat="49.214589" lon="20.298950"><ele>933.2</ele></trkpt>
      <trkpt lat="49.214579" lon="20.298995"><ele>933.0</ele></trkpt>
      <trkpt lat="49.214576" lon="20.299037"><ele>933.0</ele></trkpt>
      <trkpt lat="49.214579" lon="20.299072"><ele>932.8</ele></trkpt>
      <trkpt lat="49.214586" lon="20.299101"><ele>932.4</ele></trkpt>
      <trkpt lat="49.214576" lon="20.299133"><ele>932.0</ele></trkpt>
      <trkpt lat="49.214566" lon="20.299170"><ele>931.8</ele></trkpt>
      <trkpt lat="49.214566" lon="20.299206"><ele>931.4</ele></trkpt>
      <trkpt lat="49.214570" lon="20.299250"><ele>931.0</ele></trkpt>
      <trkpt lat="49.214576" lon="20.299282"><ele>930.8</ele></trkpt>
      <trkpt lat="49.214576" lon="20.299315"><ele>930.4</ele></trkpt>
      <trkpt lat="49.214586" lon="20.299342"><ele>930.0</ele></trkpt>
      <trkpt lat="49.214576" lon="20.299378"><ele>929.8</ele></trkpt>
      <trkpt lat="49.214570" lon="20.299418"><ele>929.4</ele></trkpt>
      <trkpt lat="49.214560" lon="20.299442"><ele>929.2</ele></trkpt>
      <trkpt lat="49.214554" lon="20.299480"><ele>929.0</ele></trkpt>
      <trkpt lat="49.214538" lon="20.299522"><ele>928.6</ele></trkpt>
      <trkpt lat="49.214531" lon="20.299560"><ele>928.4</ele></trkpt>
      <trkpt lat="49.214528" lon="20.299595"><ele>928.2</ele></trkpt>
      <trkpt lat="49.214525" lon="20.299638"><ele>928.0</ele></trkpt>
      <trkpt lat="49.214518" lon="20.299678"><ele>927.8</ele></trkpt>
      <trkpt lat="49.214525" lon="20.299726"><ele>927.6</ele></trkpt>
      <trkpt lat="49.214525" lon="20.299755"><ele>927.4</ele></trkpt>
      <trkpt lat="49.214518" lon="20.299789"><ele>927.2</ele></trkpt>
      <trkpt lat="49.214512" lon="20.299818"><ele>926.8</ele></trkpt>
      <trkpt lat="49.214515" lon="20.299854"><ele>926.4</ele></trkpt>
      <trkpt lat="49.214525" lon="20.299893"><ele>926.2</ele></trkpt>
      <trkpt lat="49.214525" lon="20.299928"><ele>926.0</ele></trkpt>
      <trkpt lat="49.214512" lon="20.299952"><ele>925.8</ele></trkpt>
      <trkpt lat="49.214499" lon="20.299987"><ele>925.6</ele></trkpt>
      <trkpt lat="49.214496" lon="20.300026"><ele>925.4</ele></trkpt>
      <trkpt lat="49.214486" lon="20.300077"><ele>925.2</ele></trkpt>
      <trkpt lat="49.214474" lon="20.300104"><ele>925.0</ele></trkpt>
      <trkpt lat="49.214467" lon="20.300131"><ele>925.0</ele></trkpt>
      <trkpt lat="49.214458" lon="20.300157"><ele>924.8</ele></trkpt>
      <trkpt lat="49.214432" lon="20.300195"><ele>924.6</ele></trkpt>
      <trkpt lat="49.214416" lon="20.300232"><ele>924.8</ele></trkpt>
      <trkpt lat="49.214400" lon="20.300262"><ele>924.6</ele></trkpt>
      <trkpt lat="49.214368" lon="20.300323"><ele>924.2</ele></trkpt>
      <trkpt lat="49.214339" lon="20.300346"><ele>923.8</ele></trkpt>
      <trkpt lat="49.214314" lon="20.300365"><ele>923.6</ele></trkpt>
      <trkpt lat="49.214294" lon="20.300382"><ele>923.4</ele></trkpt>
      <trkpt lat="49.214278" lon="20.300400"><ele>923.2</ele></trkpt>
      <trkpt lat="49.214259" lon="20.300430"><ele>923.0</ele></trkpt>
      <trkpt lat="49.214246" lon="20.300469"><ele>922.8</ele></trkpt>
      <trkpt lat="49.214230" lon="20.300501"><ele>922.6</ele></trkpt>
      <trkpt lat="49.214211" lon="20.300522"><ele>922.4</ele></trkpt>
      <trkpt lat="49.214182" lon="20.300549"><ele>922.2</ele></trkpt>
      <trkpt lat="49.214170" lon="20.300589"><ele>922.4</ele></trkpt>
      <trkpt lat="49.214163" lon="20.300622"><ele>922.2</ele></trkpt>
      <trkpt lat="49.214170" lon="20.300659"><ele>922.2</ele></trkpt>
      <trkpt lat="49.214170" lon="20.300691"><ele>922.2</ele></trkpt>
      <trkpt lat="49.214170" lon="20.300736"><ele>922.0</ele></trkpt>
      <trkpt lat="49.214176" lon="20.300778"><ele>921.8</ele></trkpt>
      <trkpt lat="49.214163" lon="20.300800"><ele>921.6</ele></trkpt>
      <trkpt lat="49.214157" lon="20.300840"><ele>921.6</ele></trkpt>
      <trkpt lat="49.214157" lon="20.300878"><ele>921.6</ele></trkpt>
      <trkpt lat="49.214170" lon="20.300901"><ele>921.6</ele></trkpt>
      <trkpt lat="49.214163" lon="20.300949"><ele>920.6</ele></trkpt>
      <trkpt lat="49.214163" lon="20.300989"><ele>920.4</ele></trkpt>
      <trkpt lat="49.214170" lon="20.301018"><ele>920.4</ele></trkpt>
      <trkpt lat="49.214176" lon="20.301056"><ele>920.4</ele></trkpt>
      <trkpt lat="49.214189" lon="20.301107"><ele>919.8</ele></trkpt>
      <trkpt lat="49.214195" lon="20.301134"><ele>919.8</ele></trkpt>
      <trkpt lat="49.214211" lon="20.301168"><ele>919.4</ele></trkpt>
      <trkpt lat="49.214227" lon="20.301189"><ele>919.4</ele></trkpt>
      <trkpt lat="49.214234" lon="20.301235"><ele>919.0</ele></trkpt>
      <trkpt lat="49.214221" lon="20.301266"><ele>918.6</ele></trkpt>
      <trkpt lat="49.214227" lon="20.301301"><ele>918.4</ele></trkpt>
      <trkpt lat="49.214227" lon="20.301341"><ele>918.0</ele></trkpt>
      <trkpt lat="49.214234" lon="20.301376"><ele>917.8</ele></trkpt>
      <trkpt lat="49.214237" lon="20.301418"><ele>917.6</ele></trkpt>
      <trkpt lat="49.214246" lon="20.301442"><ele>917.6</ele></trkpt>
      <trkpt lat="49.214262" lon="20.301477"><ele>917.2</ele></trkpt>
      <trkpt lat="49.214275" lon="20.301515"><ele>917.2</ele></trkpt>
      <trkpt lat="49.214288" lon="20.301554"><ele>916.8</ele></trkpt>
      <trkpt lat="49.214314" lon="20.301589"><ele>916.6</ele></trkpt>
      <trkpt lat="49.214333" lon="20.301616"><ele>916.4</ele></trkpt>
      <trkpt lat="49.214326" lon="20.301666"><ele>916.4</ele></trkpt>
      <trkpt lat="49.214306" lon="20.301738"><ele>916.0</ele></trkpt>
      <trkpt lat="49.214298" lon="20.301781"><ele>915.8</ele></trkpt>
      <trkpt lat="49.214294" lon="20.301818"><ele>915.6</ele></trkpt>
      <trkpt lat="49.214294" lon="20.301851"><ele>915.2</ele></trkpt>
      <trkpt lat="49.214294" lon="20.301882"><ele>914.8</ele></trkpt>
      <trkpt lat="49.214301" lon="20.301914"><ele>914.6</ele></trkpt>
      <trkpt lat="49.214298" lon="20.301966"><ele>914.2</ele></trkpt>
      <trkpt lat="49.214294" lon="20.302016"><ele>914.0</ele></trkpt>
      <trkpt lat="49.214275" lon="20.302048"><ele>913.6</ele></trkpt>
      <trkpt lat="49.214259" lon="20.302072"><ele>913.4</ele></trkpt>
      <trkpt lat="49.214246" lon="20.302106"><ele>913.0</ele></trkpt>
      <trkpt lat="49.214230" lon="20.302128"><ele>912.8</ele></trkpt>
      <trkpt lat="49.214214" lon="20.302165"><ele>912.4</ele></trkpt>
      <trkpt lat="49.214208" lon="20.302218"><ele>912.4</ele></trkpt>
      <trkpt lat="49.214195" lon="20.302246"><ele>912.2</ele></trkpt>
      <trkpt lat="49.214176" lon="20.302290"><ele>912.0</ele></trkpt>
      <trkpt lat="49.214154" lon="20.302322"><ele>911.8</ele></trkpt>
      <trkpt lat="49.214150" lon="20.302354"><ele>911.6</ele></trkpt>
      <trkpt lat="49.214141" lon="20.302400"><ele>911.4</ele></trkpt>
      <trkpt lat="49.214141" lon="20.302434"><ele>911.2</ele></trkpt>
      <trkpt lat="49.214134" lon="20.302464"><ele>911.2</ele></trkpt>
      <trkpt lat="49.214134" lon="20.302494"><ele>911.0</ele></trkpt>
      <trkpt lat="49.214131" lon="20.302530"><ele>910.8</ele></trkpt>
      <trkpt lat="49.214122" lon="20.302578"><ele>910.8</ele></trkpt>
      <trkpt lat="49.214122" lon="20.302634"><ele>910.4</ele></trkpt>
      <trkpt lat="49.214128" lon="20.302662"><ele>910.4</ele></trkpt>
      <trkpt lat="49.214134" lon="20.302696"><ele>910.2</ele></trkpt>
      <trkpt lat="49.214115" lon="20.302733"><ele>909.6</ele></trkpt>
      <trkpt lat="49.214099" lon="20.302776"><ele>909.2</ele></trkpt>
      <trkpt lat="49.214083" lon="20.302813"><ele>909.2</ele></trkpt>
      <trkpt lat="49.214058" lon="20.302850"><ele>909.2</ele></trkpt>
      <trkpt lat="49.214029" lon="20.302891"><ele>909.0</ele></trkpt>
      <trkpt lat="49.214000" lon="20.302906"><ele>908.8</ele></trkpt>
      <trkpt lat="49.213978" lon="20.302957"><ele>908.6</ele></trkpt>
      <trkpt lat="49.213974" lon="20.303014"><ele>908.6</ele></trkpt>
      <trkpt lat="49.213971" lon="20.303061"><ele>908.4</ele></trkpt>
      <trkpt lat="49.213955" lon="20.303130"><ele>908.4</ele></trkpt>
      <trkpt lat="49.213936" lon="20.303165"><ele>908.2</ele></trkpt>
      <trkpt lat="49.213939" lon="20.303195"><ele>908.0</ele></trkpt>
      <trkpt lat="49.213917" lon="20.303238"><ele>907.8</ele></trkpt>
      <trkpt lat="49.213894" lon="20.303264"><ele>907.8</ele></trkpt>
      <trkpt lat="49.213904" lon="20.303290"><ele>907.4</ele></trkpt>
      <trkpt lat="49.213914" lon="20.303317"><ele>907.2</ele></trkpt>
      <trkpt lat="49.213904" lon="20.303357"><ele>907.0</ele></trkpt>
      <trkpt lat="49.213901" lon="20.303394"><ele>906.6</ele></trkpt>
      <trkpt lat="49.213910" lon="20.303427"><ele>906.4</ele></trkpt>
      <trkpt lat="49.213923" lon="20.303459"><ele>906.4</ele></trkpt>
      <trkpt lat="49.213910" lon="20.303493"><ele>906.2</ele></trkpt>
      <trkpt lat="49.213904" lon="20.303538"><ele>906.0</ele></trkpt>
      <trkpt lat="49.213898" lon="20.303565"><ele>905.8</ele></trkpt>
      <trkpt lat="49.213898" lon="20.303598"><ele>905.6</ele></trkpt>
      <trkpt lat="49.213885" lon="20.303626"><ele>905.4</ele></trkpt>
      <trkpt lat="49.213866" lon="20.303651"><ele>905.2</ele></trkpt>
      <trkpt lat="49.213853" lon="20.303682"><ele>904.8</ele></trkpt>
      <trkpt lat="49.213850" lon="20.303710"><ele>904.8</ele></trkpt>
      <trkpt lat="49.213850" lon="20.303749"><ele>904.6</ele></trkpt>
      <trkpt lat="49.213837" lon="20.303789"><ele>904.4</ele></trkpt>
      <trkpt lat="49.213834" lon="20.303818"><ele>904.4</ele></trkpt>
      <trkpt lat="49.213837" lon="20.303850"><ele>904.2</ele></trkpt>
      <trkpt lat="49.213837" lon="20.303886"><ele>904.0</ele></trkpt>
      <trkpt lat="49.213843" lon="20.303925"><ele>903.8</ele></trkpt>
      <trkpt lat="49.213850" lon="20.303970"><ele>903.6</ele></trkpt>
      <trkpt lat="49.213856" lon="20.304003"><ele>903.6</ele></trkpt>
      <trkpt lat="49.213856" lon="20.304035"><ele>903.4</ele></trkpt>
      <trkpt lat="49.213856" lon="20.304075"><ele>903.4</ele></trkpt>
      <trkpt lat="49.213862" lon="20.304118"><ele>903.0</ele></trkpt>
      <trkpt lat="49.213866" lon="20.304152"><ele>902.8</ele></trkpt>
      <trkpt lat="49.213862" lon="20.304190"><ele>902.4</ele></trkpt>
      <trkpt lat="49.213853" lon="20.304216"><ele>902.2</ele></trkpt>
      <trkpt lat="49.213850" lon="20.304243"><ele>901.8</ele></trkpt>
      <trkpt lat="49.213834" lon="20.304280"><ele>901.6</ele></trkpt>
      <trkpt lat="49.213821" lon="20.304314"><ele>901.4</ele></trkpt>
      <trkpt lat="49.213795" lon="20.304377"><ele>901.2</ele></trkpt>
      <trkpt lat="49.213782" lon="20.304422"><ele>901.2</ele></trkpt>
      <trkpt lat="49.213776" lon="20.304450"><ele>901.0</ele></trkpt>
      <trkpt lat="49.213773" lon="20.304493"><ele>900.8</ele></trkpt>
      <trkpt lat="49.213760" lon="20.304530"><ele>900.8</ele></trkpt>
      <trkpt lat="49.213757" lon="20.304571"><ele>900.4</ele></trkpt>
      <trkpt lat="49.213763" lon="20.304608"><ele>900.2</ele></trkpt>
      <trkpt lat="49.213773" lon="20.304642"><ele>900.2</ele></trkpt>
      <trkpt lat="49.213779" lon="20.304688"><ele>900.2</ele></trkpt>
      <trkpt lat="49.213822" lon="20.304740"><ele>900.2</ele></trkpt>
      <trkpt lat="49.213856" lon="20.304768"><ele>900.2</ele></trkpt>
      <trkpt lat="49.213891" lon="20.304768"><ele>900.0</ele></trkpt>
      <trkpt lat="49.213917" lon="20.304779"><ele>899.8</ele></trkpt>
      <trkpt lat="49.213942" lon="20.304771"><ele>899.6</ele></trkpt>
      <trkpt lat="49.213945" lon="20.304796"><ele>899.4</ele></trkpt>
      <trkpt lat="49.213949" lon="20.304821"><ele>899.4</ele></trkpt>
      <trkpt lat="49.213952" lon="20.304845"><ele>899.2</ele></trkpt>
      <trkpt lat="49.213955" lon="20.304870"><ele>899.2</ele></trkpt>
      <trkpt lat="49.213959" lon="20.304895"><ele>899.2</ele></trkpt>
      <trkpt lat="49.213962" lon="20.304920"><ele>899.2</ele></trkpt>
      <trkpt lat="49.213974" lon="20.304947"><ele>899.4</ele></trkpt>
      <trkpt lat="49.213997" lon="20.304939"><ele>899.4</ele></trkpt>
      <trkpt lat="49.214016" lon="20.304939"><ele>899.4</ele></trkpt>
      <trkpt lat="49.214035" lon="20.304971"><ele>899.2</ele></trkpt>
      <trkpt lat="49.214054" lon="20.304998"><ele>899.2</ele></trkpt>
      <trkpt lat="49.214070" lon="20.305026"><ele>899.0</ele></trkpt>
      <trkpt lat="49.214077" lon="20.305058"><ele>898.6</ele></trkpt>
      <trkpt lat="49.214090" lon="20.305085"><ele>898.6</ele></trkpt>
      <trkpt lat="49.214096" lon="20.305122"><ele>898.6</ele></trkpt>
      <trkpt lat="49.214102" lon="20.305158"><ele>898.8</ele></trkpt>
      <trkpt lat="49.214128" lon="20.305194"><ele>898.8</ele></trkpt>
      <trkpt lat="49.214141" lon="20.305237"><ele>898.8</ele></trkpt>
      <trkpt lat="49.214160" lon="20.305278"><ele>899.0</ele></trkpt>
      <trkpt lat="49.214179" lon="20.305315"><ele>898.8</ele></trkpt>
      <trkpt lat="49.214202" lon="20.305347"><ele>899.0</ele></trkpt>
      <trkpt lat="49.214230" lon="20.305387"><ele>899.2</ele></trkpt>
      <trkpt lat="49.214246" lon="20.305413"><ele>899.4</ele></trkpt>
      <trkpt lat="49.214259" lon="20.305434"><ele>899.6</ele></trkpt>
      <trkpt lat="49.214272" lon="20.305474"><ele>899.8</ele></trkpt>
      <trkpt lat="49.214272" lon="20.305504"><ele>900.0</ele></trkpt>
      <trkpt lat="49.214288" lon="20.305542"><ele>900.4</ele></trkpt>
      <trkpt lat="49.214301" lon="20.305563"><ele>900.6</ele></trkpt>
      <trkpt lat="49.214307" lon="20.305595"><ele>900.8</ele></trkpt>
      <trkpt lat="49.214326" lon="20.305627"><ele>901.2</ele></trkpt>
      <trkpt lat="49.214339" lon="20.305662"><ele>901.4</ele></trkpt>
      <trkpt lat="49.214355" lon="20.305690"><ele>901.4</ele></trkpt>
      <trkpt lat="49.214371" lon="20.305706"><ele>901.6</ele></trkpt>
      <trkpt lat="49.214387" lon="20.305750"><ele>901.6</ele></trkpt>
      <trkpt lat="49.214406" lon="20.305789"><ele>901.6</ele></trkpt>
      <trkpt lat="49.214419" lon="20.305811"><ele>901.8</ele></trkpt>
      <trkpt lat="49.214432" lon="20.305835"><ele>902.0</ele></trkpt>
      <trkpt lat="49.214432" lon="20.305878"><ele>901.8</ele></trkpt>
      <trkpt lat="49.214448" lon="20.305891"><ele>902.0</ele></trkpt>
      <trkpt lat="49.214470" lon="20.305902"><ele>902.0</ele></trkpt>
      <trkpt lat="49.214480" lon="20.305928"><ele>902.2</ele></trkpt>
      <trkpt lat="49.214490" lon="20.305970"><ele>902.4</ele></trkpt>
      <trkpt lat="49.214499" lon="20.306019"><ele>902.6</ele></trkpt>
      <trkpt lat="49.214515" lon="20.306059"><ele>902.8</ele></trkpt>
      <trkpt lat="49.214528" lon="20.306091"><ele>903.2</ele></trkpt>
      <trkpt lat="49.214538" lon="20.306123"><ele>903.2</ele></trkpt>
      <trkpt lat="49.214554" lon="20.306154"><ele>903.4</ele></trkpt>
      <trkpt lat="49.214570" lon="20.306181"><ele>903.4</ele></trkpt>
      <trkpt lat="49.214589" lon="20.306206"><ele>903.6</ele></trkpt>
      <trkpt lat="49.214605" lon="20.306226"><ele>904.0</ele></trkpt>
      <trkpt lat="49.214618" lon="20.306259"><ele>904.2</ele></trkpt>
      <trkpt lat="49.214637" lon="20.306283"><ele>904.6</ele></trkpt>
      <trkpt lat="49.214656" lon="20.306299"><ele>904.8</ele></trkpt>
      <trkpt lat="49.214678" lon="20.306317"><ele>905.0</ele></trkpt>
      <trkpt lat="49.214704" lon="20.306326"><ele>905.4</ele></trkpt>
      <trkpt lat="49.214723" lon="20.306330"><ele>905.6</ele></trkpt>
      <trkpt lat="49.214736" lon="20.306352"><ele>905.8</ele></trkpt>
      <trkpt lat="49.214758" lon="20.306390"><ele>906.0</ele></trkpt>
      <trkpt lat="49.214787" lon="20.306406"><ele>906.2</ele></trkpt>
      <trkpt lat="49.214806" lon="20.306432"><ele>906.6</ele></trkpt>
      <trkpt lat="49.214816" lon="20.306456"><ele>906.8</ele></trkpt>
      <trkpt lat="49.214829" lon="20.306477"><ele>907.0</ele></trkpt>
      <trkpt lat="49.214848" lon="20.306507"><ele>907.4</ele></trkpt>
      <trkpt lat="49.214858" lon="20.306546"><ele>908.0</ele></trkpt>
      <trkpt lat="49.214874" lon="20.306566"><ele>908.2</ele></trkpt>
      <trkpt lat="49.214886" lon="20.306587"><ele>908.6</ele></trkpt>
      <trkpt lat="49.214902" lon="20.306603"><ele>908.8</ele></trkpt>
      <trkpt lat="49.214922" lon="20.306606"><ele>909.2</ele></trkpt>
      <trkpt lat="49.214931" lon="20.306637"><ele>909.6</ele></trkpt>
      <trkpt lat="49.214950" lon="20.306656"><ele>909.8</ele></trkpt>
      <trkpt lat="49.214966" lon="20.306686"><ele>910.0</ele></trkpt>
      <trkpt lat="49.214973" lon="20.306728"><ele>910.4</ele></trkpt>
      <trkpt lat="49.214982" lon="20.306766"><ele>910.6</ele></trkpt>
      <trkpt lat="49.214982" lon="20.306813"><ele>910.8</ele></trkpt>
      <trkpt lat="49.214995" lon="20.306842"><ele>911.2</ele></trkpt>
      <trkpt lat="49.215024" lon="20.306853"><ele>911.6</ele></trkpt>
      <trkpt lat="49.215043" lon="20.306877"><ele>912.0</ele></trkpt>
      <trkpt lat="49.215043" lon="20.306909"><ele>912.4</ele></trkpt>
      <trkpt lat="49.215056" lon="20.306933"><ele>912.6</ele></trkpt>
      <trkpt lat="49.215075" lon="20.306952"><ele>912.8</ele></trkpt>
      <trkpt lat="49.215091" lon="20.306971"><ele>913.0</ele></trkpt>
      <trkpt lat="49.215114" lon="20.306986"><ele>913.6</ele></trkpt>
      <trkpt lat="49.215130" lon="20.307013"><ele>914.0</ele></trkpt>
      <trkpt lat="49.215146" lon="20.307027"><ele>914.2</ele></trkpt>
      <trkpt lat="49.215162" lon="20.307040"><ele>914.6</ele></trkpt>
      <trkpt lat="49.215181" lon="20.307066"><ele>914.8</ele></trkpt>
      <trkpt lat="49.215194" lon="20.307086"><ele>915.0</ele></trkpt>
      <trkpt lat="49.215210" lon="20.307104"><ele>915.2</ele></trkpt>
      <trkpt lat="49.215235" lon="20.307112"><ele>915.2</ele></trkpt>
      <trkpt lat="49.215261" lon="20.307126"><ele>915.2</ele></trkpt>
      <trkpt lat="49.215283" lon="20.307144"><ele>915.2</ele></trkpt>
      <trkpt lat="49.215302" lon="20.307162"><ele>915.2</ele></trkpt>
      <trkpt lat="49.215328" lon="20.307194"><ele>915.2</ele></trkpt>
      <trkpt lat="49.215347" lon="20.307210"><ele>915.2</ele></trkpt>
      <trkpt lat="49.215373" lon="20.307221"><ele>915.2</ele></trkpt>
      <trkpt lat="49.215392" lon="20.307229"><ele>915.2</ele></trkpt>
      <trkpt lat="49.215411" lon="20.307226"><ele>915.4</ele></trkpt>
      <trkpt lat="49.215430" lon="20.307235"><ele>915.4</ele></trkpt>
      <trkpt lat="49.215450" lon="20.307251"><ele>915.4</ele></trkpt>
      <trkpt lat="49.215472" lon="20.307282"><ele>915.6</ele></trkpt>
      <trkpt lat="49.215485" lon="20.307330"><ele>915.6</ele></trkpt>
      <trkpt lat="49.215501" lon="20.307358"><ele>915.6</ele></trkpt>
      <trkpt lat="49.215520" lon="20.307381"><ele>915.6</ele></trkpt>
      <trkpt lat="49.215542" lon="20.307398"><ele>915.6</ele></trkpt>
      <trkpt lat="49.215562" lon="20.307408"><ele>915.6</ele></trkpt>
      <trkpt lat="49.215578" lon="20.307421"><ele>915.4</ele></trkpt>
      <trkpt lat="49.215603" lon="20.307432"><ele>915.2</ele></trkpt>
      <trkpt lat="49.215626" lon="20.307445"><ele>915.2</ele></trkpt>
      <trkpt lat="49.215648" lon="20.307454"><ele>915.0</ele></trkpt>
      <trkpt lat="49.215667" lon="20.307454"><ele>915.0</ele></trkpt>
      <trkpt lat="49.215686" lon="20.307461"><ele>915.0</ele></trkpt>
      <trkpt lat="49.215712" lon="20.307470"><ele>914.8</ele></trkpt>
      <trkpt lat="49.215738" lon="20.307474"><ele>914.6</ele></trkpt>
      <trkpt lat="49.215760" lon="20.307474"><ele>914.8</ele></trkpt>
      <trkpt lat="49.215789" lon="20.307480"><ele>914.8</ele></trkpt>
      <trkpt lat="49.215808" lon="20.307482"><ele>915.0</ele></trkpt>
      <trkpt lat="49.215830" lon="20.307478"><ele>915.4</ele></trkpt>
      <trkpt lat="49.215859" lon="20.307470"><ele>915.4</ele></trkpt>
      <trkpt lat="49.215882" lon="20.307464"><ele>915.2</ele></trkpt>
      <trkpt lat="49.215904" lon="20.307458"><ele>915.0</ele></trkpt>
      <trkpt lat="49.215923" lon="20.307454"><ele>915.2</ele></trkpt>
      <trkpt lat="49.215942" lon="20.307461"><ele>915.0</ele></trkpt>
      <trkpt lat="49.215962" lon="20.307458"><ele>915.2</ele></trkpt>
      <trkpt lat="49.215981" lon="20.307448"><ele>915.4</ele></trkpt>
      <trkpt lat="49.216000" lon="20.307435"><ele>915.6</ele></trkpt>
      <trkpt lat="49.216019" lon="20.307424"><ele>915.8</ele></trkpt>
      <trkpt lat="49.216045" lon="20.307408"><ele>916.0</ele></trkpt>
      <trkpt lat="49.216067" lon="20.307400"><ele>916.2</ele></trkpt>
      <trkpt lat="49.216099" lon="20.307382"><ele>916.4</ele></trkpt>
      <trkpt lat="49.216118" lon="20.307373"><ele>916.4</ele></trkpt>
      <trkpt lat="49.216154" lon="20.307362"><ele>916.6</ele></trkpt>
      <trkpt lat="49.216176" lon="20.307355"><ele>916.8</ele></trkpt>
      <trkpt lat="49.216195" lon="20.307350"><ele>916.8</ele></trkpt>
      <trkpt lat="49.216214" lon="20.307344"><ele>916.8</ele></trkpt>
      <trkpt lat="49.216237" lon="20.307346"><ele>917.0</ele></trkpt>
      <trkpt lat="49.216256" lon="20.307349"><ele>917.0</ele></trkpt>
      <trkpt lat="49.216278" lon="20.307349"><ele>917.0</ele></trkpt>
      <trkpt lat="49.216304" lon="20.307346"><ele>917.2</ele></trkpt>
      <trkpt lat="49.216326" lon="20.307330"><ele>917.2</ele></trkpt>
      <trkpt lat="49.216362" lon="20.307330"><ele>917.2</ele></trkpt>
      <trkpt lat="49.216387" lon="20.307331"><ele>917.2</ele></trkpt>
      <trkpt lat="49.216413" lon="20.307330"><ele>917.2</ele></trkpt>
      <trkpt lat="49.216432" lon="20.307365"><ele>917.2</ele></trkpt>
      <trkpt lat="49.216454" lon="20.307400"><ele>917.0</ele></trkpt>
      <trkpt lat="49.216480" lon="20.307424"><ele>916.8</ele></trkpt>
      <trkpt lat="49.216502" lon="20.307453"><ele>916.8</ele></trkpt>
      <trkpt lat="49.216522" lon="20.307488"><ele>916.6</ele></trkpt>
      <trkpt lat="49.216544" lon="20.307518"><ele>916.4</ele></trkpt>
      <trkpt lat="49.216573" lon="20.307547"><ele>916.2</ele></trkpt>
      <trkpt lat="49.216595" lon="20.307570"><ele>916.0</ele></trkpt>
      <trkpt lat="49.216614" lon="20.307592"><ele>915.8</ele></trkpt>
      <trkpt lat="49.216630" lon="20.307613"><ele>915.2</ele></trkpt>
      <trkpt lat="49.216650" lon="20.307648"><ele>914.8</ele></trkpt>
      <trkpt lat="49.216662" lon="20.307672"><ele>914.4</ele></trkpt>
      <trkpt lat="49.216678" lon="20.307702"><ele>914.2</ele></trkpt>
      <trkpt lat="49.216694" lon="20.307726"><ele>913.8</ele></trkpt>
      <trkpt lat="49.216710" lon="20.307752"><ele>913.6</ele></trkpt>
      <trkpt lat="49.216730" lon="20.307779"><ele>913.2</ele></trkpt>
      <trkpt lat="49.216749" lon="20.307792"><ele>912.8</ele></trkpt>
      <trkpt lat="49.216762" lon="20.307819"><ele>912.0</ele></trkpt>
      <trkpt lat="49.216778" lon="20.307840"><ele>911.4</ele></trkpt>
      <trkpt lat="49.216797" lon="20.307861"><ele>911.0</ele></trkpt>
      <trkpt lat="49.216819" lon="20.307872"><ele>910.6</ele></trkpt>
      <trkpt lat="49.216838" lon="20.307875"><ele>910.4</ele></trkpt>
      <trkpt lat="49.216858" lon="20.307878"><ele>910.2</ele></trkpt>
      <trkpt lat="49.216877" lon="20.307904"><ele>909.8</ele></trkpt>
      <trkpt lat="49.216890" lon="20.307930"><ele>909.4</ele></trkpt>
      <trkpt lat="49.216896" lon="20.307958"><ele>909.2</ele></trkpt>
      <trkpt lat="49.216915" lon="20.307971"><ele>908.8</ele></trkpt>
      <trkpt lat="49.216938" lon="20.307986"><ele>908.6</ele></trkpt>
      <trkpt lat="49.216954" lon="20.308010"><ele>908.2</ele></trkpt>
      <trkpt lat="49.216970" lon="20.308030"><ele>907.8</ele></trkpt>
      <trkpt lat="49.216982" lon="20.308058"><ele>907.4</ele></trkpt>
      <trkpt lat="49.216998" lon="20.308075"><ele>907.2</ele></trkpt>
      <trkpt lat="49.217018" lon="20.308099"><ele>906.8</ele></trkpt>
      <trkpt lat="49.217040" lon="20.308126"><ele>906.2</ele></trkpt>
      <trkpt lat="49.217059" lon="20.308149"><ele>905.8</ele></trkpt>
      <trkpt lat="49.217075" lon="20.308168"><ele>905.6</ele></trkpt>
      <trkpt lat="49.217098" lon="20.308189"><ele>904.8</ele></trkpt>
      <trkpt lat="49.217126" lon="20.308197"><ele>904.4</ele></trkpt>
      <trkpt lat="49.217152" lon="20.308222"><ele>903.8</ele></trkpt>
      <trkpt lat="49.217171" lon="20.308248"><ele>903.4</ele></trkpt>
      <trkpt lat="49.217187" lon="20.308267"><ele>902.8</ele></trkpt>
      <trkpt lat="49.217200" lon="20.308306"><ele>902.4</ele></trkpt>
      <trkpt lat="49.217213" lon="20.308334"><ele>901.8</ele></trkpt>
      <trkpt lat="49.217219" lon="20.308363"><ele>901.4</ele></trkpt>
      <trkpt lat="49.217235" lon="20.308387"><ele>901.2</ele></trkpt>
      <trkpt lat="49.217251" lon="20.308400"><ele>901.0</ele></trkpt>
      <trkpt lat="49.217280" lon="20.308421"><ele>900.6</ele></trkpt>
      <trkpt lat="49.217296" lon="20.308435"><ele>900.4</ele></trkpt>
      <trkpt lat="49.217312" lon="20.308461"><ele>900.0</ele></trkpt>
      <trkpt lat="49.217331" lon="20.308474"><ele>899.4</ele></trkpt>
      <trkpt lat="49.217347" lon="20.308496"><ele>899.2</ele></trkpt>
      <trkpt lat="49.217360" lon="20.308525"><ele>898.8</ele></trkpt>
      <trkpt lat="49.217376" lon="20.308555"><ele>898.4</ele></trkpt>
      <trkpt lat="49.217395" lon="20.308586"><ele>898.2</ele></trkpt>
      <trkpt lat="49.217411" lon="20.308621"><ele>898.0</ele></trkpt>
      <trkpt lat="49.217427" lon="20.308659"><ele>897.8</ele></trkpt>
      <trkpt lat="49.217450" lon="20.308694"><ele>897.6</ele></trkpt>
      <trkpt lat="49.217466" lon="20.308712"><ele>897.4</ele></trkpt>
      <trkpt lat="49.217491" lon="20.308723"><ele>897.4</ele></trkpt>
      <trkpt lat="49.217510" lon="20.308728"><ele>897.2</ele></trkpt>
      <trkpt lat="49.217530" lon="20.308739"><ele>897.2</ele></trkpt>
      <trkpt lat="49.217552" lon="20.308768"><ele>897.0</ele></trkpt>
      <trkpt lat="49.217571" lon="20.308786"><ele>896.8</ele></trkpt>
      <trkpt lat="49.217587" lon="20.308808"><ele>896.4</ele></trkpt>
      <trkpt lat="49.217613" lon="20.308822"><ele>896.2</ele></trkpt>
      <trkpt lat="49.217632" lon="20.308840"><ele>896.0</ele></trkpt>
      <trkpt lat="49.217645" lon="20.308877"><ele>895.8</ele></trkpt>
      <trkpt lat="49.217664" lon="20.308901"><ele>895.4</ele></trkpt>
      <trkpt lat="49.217674" lon="20.308928"><ele>895.2</ele></trkpt>
      <trkpt lat="49.217686" lon="20.308954"><ele>894.8</ele></trkpt>
      <trkpt lat="49.217693" lon="20.308987"><ele>894.2</ele></trkpt>
      <trkpt lat="49.217706" lon="20.309019"><ele>894.0</ele></trkpt>
      <trkpt lat="49.217722" lon="20.309046"><ele>893.6</ele></trkpt>
      <trkpt lat="49.217728" lon="20.309080"><ele>893.4</ele></trkpt>
      <trkpt lat="49.217744" lon="20.309115"><ele>893.2</ele></trkpt>
      <trkpt lat="49.217757" lon="20.309147"><ele>892.8</ele></trkpt>
      <trkpt lat="49.217773" lon="20.309178"><ele>892.6</ele></trkpt>
      <trkpt lat="49.217786" lon="20.309210"><ele>892.4</ele></trkpt>
      <trkpt lat="49.217805" lon="20.309226"><ele>892.2</ele></trkpt>
      <trkpt lat="49.217824" lon="20.309248"><ele>892.2</ele></trkpt>
      <trkpt lat="49.217837" lon="20.309296"><ele>892.2</ele></trkpt>
      <trkpt lat="49.217843" lon="20.309336"><ele>892.0</ele></trkpt>
      <trkpt lat="49.217862" lon="20.309376"><ele>891.8</ele></trkpt>
      <trkpt lat="49.217872" lon="20.309405"><ele>891.6</ele></trkpt>
      <trkpt lat="49.217875" lon="20.309443"><ele>891.4</ele></trkpt>
      <trkpt lat="49.217891" lon="20.309458"><ele>891.4</ele></trkpt>
      <trkpt lat="49.217910" lon="20.309490"><ele>891.0</ele></trkpt>
      <trkpt lat="49.217933" lon="20.309517"><ele>890.6</ele></trkpt>
      <trkpt lat="49.217946" lon="20.309549"><ele>890.2</ele></trkpt>
      <trkpt lat="49.217962" lon="20.309586"><ele>889.8</ele></trkpt>
      <trkpt lat="49.217974" lon="20.309608"><ele>889.6</ele></trkpt>
      <trkpt lat="49.217984" lon="20.309635"><ele>889.6</ele></trkpt>
      <trkpt lat="49.217990" lon="20.309667"><ele>889.4</ele></trkpt>
      <trkpt lat="49.217990" lon="20.309704"><ele>889.0</ele></trkpt>
      <trkpt lat="49.217994" lon="20.309741"><ele>888.6</ele></trkpt>
      <trkpt lat="49.217994" lon="20.309790"><ele>888.4</ele></trkpt>
      <trkpt lat="49.218003" lon="20.309830"><ele>888.2</ele></trkpt>
      <trkpt lat="49.218013" lon="20.309864"><ele>888.2</ele></trkpt>
      <trkpt lat="49.218026" lon="20.309901"><ele>887.8</ele></trkpt>
      <trkpt lat="49.218035" lon="20.309931"><ele>887.6</ele></trkpt>
      <trkpt lat="49.218048" lon="20.309957"><ele>887.4</ele></trkpt>
      <trkpt lat="49.218061" lon="20.309982"><ele>887.0</ele></trkpt>
      <trkpt lat="49.218064" lon="20.310014"><ele>887.0</ele></trkpt>
      <trkpt lat="49.218083" lon="20.310042"><ele>886.8</ele></trkpt>
      <trkpt lat="49.218099" lon="20.310078"><ele>886.6</ele></trkpt>
      <trkpt lat="49.218102" lon="20.310112"><ele>886.4</ele></trkpt>
      <trkpt lat="49.218115" lon="20.310142"><ele>886.0</ele></trkpt>
      <trkpt lat="49.218134" lon="20.310162"><ele>885.8</ele></trkpt>
      <trkpt lat="49.218160" lon="20.310189"><ele>885.6</ele></trkpt>
      <trkpt lat="49.218170" lon="20.310224"><ele>885.4</ele></trkpt>
      <trkpt lat="49.218173" lon="20.310261"><ele>885.2</ele></trkpt>
      <trkpt lat="49.218182" lon="20.310301"><ele>885.0</ele></trkpt>
      <trkpt lat="49.218202" lon="20.310328"><ele>884.8</ele></trkpt>
      <trkpt lat="49.218221" lon="20.310354"><ele>884.4</ele></trkpt>
      <trkpt lat="49.218243" lon="20.310373"><ele>884.0</ele></trkpt>
      <trkpt lat="49.218259" lon="20.310400"><ele>883.6</ele></trkpt>
      <trkpt lat="49.218278" lon="20.310430"><ele>883.0</ele></trkpt>
      <trkpt lat="49.218291" lon="20.310451"><ele>883.0</ele></trkpt>
      <trkpt lat="49.218307" lon="20.310478"><ele>883.0</ele></trkpt>
      <trkpt lat="49.218326" lon="20.310499"><ele>882.4</ele></trkpt>
      <trkpt lat="49.218346" lon="20.310509"><ele>881.8</ele></trkpt>
      <trkpt lat="49.218368" lon="20.310528"><ele>881.4</ele></trkpt>
      <trkpt lat="49.218387" lon="20.310539"><ele>881.2</ele></trkpt>
      <trkpt lat="49.218406" lon="20.310552"><ele>881.2</ele></trkpt>
      <trkpt lat="49.218426" lon="20.310578"><ele>880.8</ele></trkpt>
      <trkpt lat="49.218448" lon="20.310581"><ele>880.6</ele></trkpt>
      <trkpt lat="49.218470" lon="20.310600"><ele>880.4</ele></trkpt>
      <trkpt lat="49.218496" lon="20.310619"><ele>880.0</ele></trkpt>
      <trkpt lat="49.218528" lon="20.310621"><ele>879.8</ele></trkpt>
      <trkpt lat="49.218563" lon="20.310622"><ele>879.6</ele></trkpt>
      <trkpt lat="49.218579" lon="20.310637"><ele>879.4</ele></trkpt>
      <trkpt lat="49.218605" lon="20.310630"><ele>879.2</ele></trkpt>
      <trkpt lat="49.218630" lon="20.310646"><ele>879.0</ele></trkpt>
      <trkpt lat="49.218656" lon="20.310670"><ele>878.8</ele></trkpt>
      <trkpt lat="49.218682" lon="20.310685"><ele>878.6</ele></trkpt>
      <trkpt lat="49.218704" lon="20.310698"><ele>878.4</ele></trkpt>
      <trkpt lat="49.218723" lon="20.310717"><ele>878.2</ele></trkpt>
      <trkpt lat="49.218749" lon="20.310739"><ele>878.0</ele></trkpt>
      <trkpt lat="49.218781" lon="20.310760"><ele>877.8</ele></trkpt>
      <trkpt lat="49.218800" lon="20.310779"><ele>877.8</ele></trkpt>
      <trkpt lat="49.218810" lon="20.310810"><ele>877.6</ele></trkpt>
      <trkpt lat="49.218829" lon="20.310829"><ele>877.4</ele></trkpt>
      <trkpt lat="49.218858" lon="20.310845"><ele>877.0</ele></trkpt>
      <trkpt lat="49.218880" lon="20.310854"><ele>876.6</ele></trkpt>
      <trkpt lat="49.218906" lon="20.310866"><ele>876.2</ele></trkpt>
      <trkpt lat="49.218934" lon="20.310883"><ele>875.8</ele></trkpt>
      <trkpt lat="49.218960" lon="20.310914"><ele>875.4</ele></trkpt>
      <trkpt lat="49.218982" lon="20.310926"><ele>875.2</ele></trkpt>
      <trkpt lat="49.219002" lon="20.310936"><ele>875.0</ele></trkpt>
      <trkpt lat="49.219034" lon="20.310930"><ele>874.8</ele></trkpt>
      <trkpt lat="49.219059" lon="20.310928"><ele>874.4</ele></trkpt>
      <trkpt lat="49.219078" lon="20.310939"><ele>874.2</ele></trkpt>
      <trkpt lat="49.219094" lon="20.310923"><ele>873.8</ele></trkpt>
      <trkpt lat="49.219133" lon="20.310898"><ele>873.6</ele></trkpt>
      <trkpt lat="49.219158" lon="20.310883"><ele>873.4</ele></trkpt>
      <trkpt lat="49.219181" lon="20.310869"><ele>873.0</ele></trkpt>
      <trkpt lat="49.219197" lon="20.310840"><ele>872.6</ele></trkpt>
      <trkpt lat="49.219219" lon="20.310819"><ele>872.6</ele></trkpt>
      <trkpt lat="49.219238" lon="20.310795"><ele>872.4</ele></trkpt>
      <trkpt lat="49.219254" lon="20.310760"><ele>871.8</ele></trkpt>
      <trkpt lat="49.219280" lon="20.310734"><ele>871.6</ele></trkpt>
      <trkpt lat="49.219306" lon="20.310731"><ele>871.6</ele></trkpt>
      <trkpt lat="49.219334" lon="20.310749"><ele>871.8</ele></trkpt>
      <trkpt lat="49.219354" lon="20.310757"><ele>872.2</ele></trkpt>
      <trkpt lat="49.219363" lon="20.310784"><ele>872.4</ele></trkpt>
      <trkpt lat="49.219376" lon="20.310816"><ele>872.6</ele></trkpt>
      <trkpt lat="49.219382" lon="20.310856"><ele>872.8</ele></trkpt>
      <trkpt lat="49.219386" lon="20.310894"><ele>872.8</ele></trkpt>
      <trkpt lat="49.219398" lon="20.310920"><ele>872.6</ele></trkpt>
      <trkpt lat="49.219398" lon="20.310960"><ele>872.2</ele></trkpt>
      <trkpt lat="49.219402" lon="20.310995"><ele>871.8</ele></trkpt>
      <trkpt lat="49.219386" lon="20.311032"><ele>871.4</ele></trkpt>
      <trkpt lat="49.219379" lon="20.311067"><ele>871.0</ele></trkpt>
      <trkpt lat="49.219366" lon="20.311106"><ele>870.4</ele></trkpt>
      <trkpt lat="49.219366" lon="20.311136"><ele>870.0</ele></trkpt>
      <trkpt lat="49.219363" lon="20.311168"><ele>869.4</ele></trkpt>
      <trkpt lat="49.219357" lon="20.311206"><ele>869.0</ele></trkpt>
      <trkpt lat="49.219354" lon="20.311240"><ele>868.6</ele></trkpt>
      <trkpt lat="49.219331" lon="20.311277"><ele>868.2</ele></trkpt>
      <trkpt lat="49.219315" lon="20.311320"><ele>868.0</ele></trkpt>
      <trkpt lat="49.219318" lon="20.311352"><ele>867.4</ele></trkpt>
      <trkpt lat="49.219315" lon="20.311411"><ele>867.2</ele></trkpt>
      <trkpt lat="49.219315" lon="20.311440"><ele>866.6</ele></trkpt>
      <trkpt lat="49.219315" lon="20.311472"><ele>865.6</ele></trkpt>
      <trkpt lat="49.219318" lon="20.311506"><ele>864.8</ele></trkpt>
      <trkpt lat="49.219318" lon="20.311552"><ele>864.6</ele></trkpt>
      <trkpt lat="49.219325" lon="20.311582"><ele>864.4</ele></trkpt>
      <trkpt lat="49.219331" lon="20.311619"><ele>864.2</ele></trkpt>
      <trkpt lat="49.219334" lon="20.311650"><ele>864.0</ele></trkpt>
      <trkpt lat="49.219334" lon="20.311688"><ele>863.4</ele></trkpt>
      <trkpt lat="49.219338" lon="20.311728"><ele>863.0</ele></trkpt>
      <trkpt lat="49.219344" lon="20.311776"><ele>862.4</ele></trkpt>
      <trkpt lat="49.219341" lon="20.311822"><ele>862.2</ele></trkpt>
      <trkpt lat="49.219338" lon="20.311861"><ele>862.2</ele></trkpt>
      <trkpt lat="49.219338" lon="20.311898"><ele>862.0</ele></trkpt>
      <trkpt lat="49.219338" lon="20.311926"><ele>861.8</ele></trkpt>
      <trkpt lat="49.219334" lon="20.311962"><ele>861.4</ele></trkpt>
      <trkpt lat="49.219344" lon="20.311998"><ele>860.8</ele></trkpt>
      <trkpt lat="49.219341" lon="20.312037"><ele>860.6</ele></trkpt>
      <trkpt lat="49.219334" lon="20.312080"><ele>860.4</ele></trkpt>
      <trkpt lat="49.219338" lon="20.312114"><ele>860.2</ele></trkpt>
      <trkpt lat="49.219350" lon="20.312150"><ele>859.8</ele></trkpt>
      <trkpt lat="49.219354" lon="20.312189"><ele>859.6</ele></trkpt>
      <trkpt lat="49.219357" lon="20.312221"><ele>859.2</ele></trkpt>
      <trkpt lat="49.219357" lon="20.312259"><ele>859.0</ele></trkpt>
      <trkpt lat="49.219357" lon="20.312296"><ele>858.8</ele></trkpt>
      <trkpt lat="49.219344" lon="20.312326"><ele>858.4</ele></trkpt>
      <trkpt lat="49.219334" lon="20.312382"><ele>858.2</ele></trkpt>
      <trkpt lat="49.219322" lon="20.312413"><ele>858.2</ele></trkpt>
      <trkpt lat="49.219318" lon="20.312453"><ele>858.0</ele></trkpt>
      <trkpt lat="49.219315" lon="20.312485"><ele>857.8</ele></trkpt>
      <trkpt lat="49.219302" lon="20.312515"><ele>857.6</ele></trkpt>
      <trkpt lat="49.219283" lon="20.312533"><ele>857.4</ele></trkpt>
      <trkpt lat="49.219267" lon="20.312552"><ele>857.2</ele></trkpt>
      <trkpt lat="49.219274" lon="20.312582"><ele>856.4</ele></trkpt>
      <trkpt lat="49.219277" lon="20.312611"><ele>856.0</ele></trkpt>
      <trkpt lat="49.219274" lon="20.312643"><ele>855.8</ele></trkpt>
      <trkpt lat="49.219274" lon="20.312680"><ele>855.6</ele></trkpt>
      <trkpt lat="49.219277" lon="20.312710"><ele>855.2</ele></trkpt>
      <trkpt lat="49.219277" lon="20.312739"><ele>855.0</ele></trkpt>
      <trkpt lat="49.219277" lon="20.312782"><ele>854.8</ele></trkpt>
      <trkpt lat="49.219293" lon="20.312797"><ele>854.2</ele></trkpt>
      <trkpt lat="49.219286" lon="20.312826"><ele>853.8</ele></trkpt>
      <trkpt lat="49.219302" lon="20.312856"><ele>853.4</ele></trkpt>
      <trkpt lat="49.219306" lon="20.312902"><ele>853.0</ele></trkpt>
      <trkpt lat="49.219302" lon="20.312930"><ele>853.0</ele></trkpt>
      <trkpt lat="49.219286" lon="20.312986"><ele>852.8</ele></trkpt>
      <trkpt lat="49.219277" lon="20.313021"><ele>852.6</ele></trkpt>
      <trkpt lat="49.219274" lon="20.313048"><ele>852.4</ele></trkpt>
      <trkpt lat="49.219267" lon="20.313099"><ele>852.2</ele></trkpt>
      <trkpt lat="49.219258" lon="20.313141"><ele>851.8</ele></trkpt>
      <trkpt lat="49.219261" lon="20.313173"><ele>851.4</ele></trkpt>
      <trkpt lat="49.219264" lon="20.313206"><ele>851.2</ele></trkpt>
      <trkpt lat="49.219267" lon="20.313240"><ele>851.0</ele></trkpt>
      <trkpt lat="49.219264" lon="20.313277"><ele>850.6</ele></trkpt>
      <trkpt lat="49.219267" lon="20.313320"><ele>850.4</ele></trkpt>
      <trkpt lat="49.219274" lon="20.313370"><ele>849.8</ele></trkpt>
      <trkpt lat="49.219274" lon="20.313400"><ele>849.8</ele></trkpt>
      <trkpt lat="49.219280" lon="20.313454"><ele>849.4</ele></trkpt>
      <trkpt lat="49.219280" lon="20.313491"><ele>848.8</ele></trkpt>
      <trkpt lat="49.219286" lon="20.313518"><ele>848.6</ele></trkpt>
      <trkpt lat="49.219302" lon="20.313554"><ele>848.0</ele></trkpt>
      <trkpt lat="49.219312" lon="20.313579"><ele>847.6</ele></trkpt>
      <trkpt lat="49.219334" lon="20.313608"><ele>847.0</ele></trkpt>
      <trkpt lat="49.219354" lon="20.313629"><ele>846.6</ele></trkpt>
      <trkpt lat="49.219373" lon="20.313653"><ele>846.2</ele></trkpt>
      <trkpt lat="49.219386" lon="20.313686"><ele>846.0</ele></trkpt>
      <trkpt lat="49.219411" lon="20.313714"><ele>845.6</ele></trkpt>
      <trkpt lat="49.219437" lon="20.313739"><ele>845.2</ele></trkpt>
      <trkpt lat="49.219453" lon="20.313757"><ele>845.0</ele></trkpt>
      <trkpt lat="49.219466" lon="20.313786"><ele>844.6</ele></trkpt>
      <trkpt lat="49.219475" lon="20.313829"><ele>844.2</ele></trkpt>
      <trkpt lat="49.219478" lon="20.313864"><ele>843.8</ele></trkpt>
      <trkpt lat="49.219498" lon="20.313883"><ele>843.4</ele></trkpt>
      <trkpt lat="49.219514" lon="20.313914"><ele>843.0</ele></trkpt>
      <trkpt lat="49.219523" lon="20.313946"><ele>842.6</ele></trkpt>
      <trkpt lat="49.219517" lon="20.313978"><ele>842.4</ele></trkpt>
      <trkpt lat="49.219523" lon="20.314022"><ele>842.2</ele></trkpt>
      <trkpt lat="49.219542" lon="20.314046"><ele>841.8</ele></trkpt>
      <trkpt lat="49.219552" lon="20.314093"><ele>841.4</ele></trkpt>
      <trkpt lat="49.219549" lon="20.314122"><ele>841.2</ele></trkpt>
      <trkpt lat="49.219571" lon="20.314147"><ele>841.0</ele></trkpt>
      <trkpt lat="49.219574" lon="20.314190"><ele>840.6</ele></trkpt>
      <trkpt lat="49.219578" lon="20.314221"><ele>840.4</ele></trkpt>
      <trkpt lat="49.219571" lon="20.314266"><ele>839.8</ele></trkpt>
      <trkpt lat="49.219571" lon="20.314312"><ele>839.6</ele></trkpt>
      <trkpt lat="49.219571" lon="20.314358"><ele>839.2</ele></trkpt>
      <trkpt lat="49.219578" lon="20.314390"><ele>838.8</ele></trkpt>
      <trkpt lat="49.219597" lon="20.314421"><ele>838.6</ele></trkpt>
      <trkpt lat="49.219613" lon="20.314451"><ele>838.4</ele></trkpt>
      <trkpt lat="49.219616" lon="20.314493"><ele>838.0</ele></trkpt>
      <trkpt lat="49.219635" lon="20.314526"><ele>837.6</ele></trkpt>
      <trkpt lat="49.219648" lon="20.314563"><ele>837.4</ele></trkpt>
      <trkpt lat="49.219651" lon="20.314590"><ele>837.0</ele></trkpt>
      <trkpt lat="49.219661" lon="20.314616"><ele>836.6</ele></trkpt>
      <trkpt lat="49.219661" lon="20.314648"><ele>835.8</ele></trkpt>
      <trkpt lat="49.219674" lon="20.314686"><ele>835.6</ele></trkpt>
      <trkpt lat="49.219693" lon="20.314688"><ele>835.6</ele></trkpt>
      <trkpt lat="49.219712" lon="20.314726"><ele>835.6</ele></trkpt>
      <trkpt lat="49.219728" lon="20.314752"><ele>835.4</ele></trkpt>
      <trkpt lat="49.219738" lon="20.314779"><ele>835.2</ele></trkpt>
      <trkpt lat="49.219754" lon="20.314806"><ele>835.0</ele></trkpt>
      <trkpt lat="49.219770" lon="20.314840"><ele>834.8</ele></trkpt>
      <trkpt lat="49.219773" lon="20.314885"><ele>834.4</ele></trkpt>
      <trkpt lat="49.219779" lon="20.314925"><ele>834.2</ele></trkpt>
      <trkpt lat="49.219792" lon="20.314947"><ele>834.2</ele></trkpt>
      <trkpt lat="49.219802" lon="20.314989"><ele>834.0</ele></trkpt>
      <trkpt lat="49.219827" lon="20.315018"><ele>834.0</ele></trkpt>
      <trkpt lat="49.219846" lon="20.315056"><ele>833.8</ele></trkpt>
      <trkpt lat="49.219872" lon="20.315086"><ele>833.8</ele></trkpt>
      <trkpt lat="49.219888" lon="20.315128"><ele>833.6</ele></trkpt>
      <trkpt lat="49.219901" lon="20.315160"><ele>833.2</ele></trkpt>
      <trkpt lat="49.219910" lon="20.315197"><ele>833.0</ele></trkpt>
      <trkpt lat="49.219926" lon="20.315222"><ele>832.8</ele></trkpt>
      <trkpt lat="49.219939" lon="20.315254"><ele>832.6</ele></trkpt>
      <trkpt lat="49.219955" lon="20.315293"><ele>832.4</ele></trkpt>
      <trkpt lat="49.219987" lon="20.315307"><ele>832.0</ele></trkpt>
      <trkpt lat="49.220006" lon="20.315318"><ele>831.8</ele></trkpt>
      <trkpt lat="49.220026" lon="20.315333"><ele>831.4</ele></trkpt>
      <trkpt lat="49.220054" lon="20.315354"><ele>831.0</ele></trkpt>
      <trkpt lat="49.220074" lon="20.315376"><ele>830.6</ele></trkpt>
      <trkpt lat="49.220096" lon="20.315394"><ele>830.2</ele></trkpt>
      <trkpt lat="49.220118" lon="20.315406"><ele>829.8</ele></trkpt>
      <trkpt lat="49.220150" lon="20.315430"><ele>829.6</ele></trkpt>
      <trkpt lat="49.220170" lon="20.315448"><ele>829.4</ele></trkpt>
      <trkpt lat="49.220179" lon="20.315477"><ele>829.0</ele></trkpt>
      <trkpt lat="49.220205" lon="20.315502"><ele>828.6</ele></trkpt>
      <trkpt lat="49.220230" lon="20.315510"><ele>828.0</ele></trkpt>
      <trkpt lat="49.220259" lon="20.315520"><ele>827.6</ele></trkpt>
      <trkpt lat="49.220278" lon="20.315546"><ele>827.4</ele></trkpt>
      <trkpt lat="49.220294" lon="20.315573"><ele>827.0</ele></trkpt>
      <trkpt lat="49.220304" lon="20.315605"><ele>826.8</ele></trkpt>
      <trkpt lat="49.220323" lon="20.315624"><ele>826.2</ele></trkpt>
      <trkpt lat="49.220339" lon="20.315654"><ele>825.8</ele></trkpt>
      <trkpt lat="49.220368" lon="20.315674"><ele>825.6</ele></trkpt>
      <trkpt lat="49.220397" lon="20.315690"><ele>825.2</ele></trkpt>
      <trkpt lat="49.220413" lon="20.315720"><ele>825.0</ele></trkpt>
      <trkpt lat="49.220432" lon="20.315744"><ele>824.6</ele></trkpt>
      <trkpt lat="49.220451" lon="20.315763"><ele>824.4</ele></trkpt>
      <trkpt lat="49.220467" lon="20.315798"><ele>824.0</ele></trkpt>
      <trkpt lat="49.220477" lon="20.315829"><ele>823.6</ele></trkpt>
      <trkpt lat="49.220490" lon="20.315872"><ele>823.4</ele></trkpt>
      <trkpt lat="49.220493" lon="20.315912"><ele>823.0</ele></trkpt>
      <trkpt lat="49.220502" lon="20.315954"><ele>822.6</ele></trkpt>
      <trkpt lat="49.220506" lon="20.315990"><ele>822.4</ele></trkpt>
      <trkpt lat="49.220531" lon="20.316018"><ele>822.0</ele></trkpt>
      <trkpt lat="49.220557" lon="20.316050"><ele>821.6</ele></trkpt>
      <trkpt lat="49.220573" lon="20.316069"><ele>821.4</ele></trkpt>
      <trkpt lat="49.220595" lon="20.316072"><ele>821.2</ele></trkpt>
      <trkpt lat="49.220614" lon="20.316082"><ele>820.8</ele></trkpt>
      <trkpt lat="49.220637" lon="20.316099"><ele>820.2</ele></trkpt>
      <trkpt lat="49.220653" lon="20.316130"><ele>819.8</ele></trkpt>
      <trkpt lat="49.220666" lon="20.316166"><ele>819.4</ele></trkpt>
      <trkpt lat="49.220682" lon="20.316206"><ele>819.0</ele></trkpt>
      <trkpt lat="49.220694" lon="20.316232"><ele>818.8</ele></trkpt>
      <trkpt lat="49.220717" lon="20.316230"><ele>818.8</ele></trkpt>
      <trkpt lat="49.220742" lon="20.316230"><ele>818.6</ele></trkpt>
      <trkpt lat="49.220762" lon="20.316242"><ele>818.4</ele></trkpt>
      <trkpt lat="49.220787" lon="20.316261"><ele>818.2</ele></trkpt>
      <trkpt lat="49.220810" lon="20.316269"><ele>818.0</ele></trkpt>
      <trkpt lat="49.220835" lon="20.316270"><ele>817.8</ele></trkpt>
      <trkpt lat="49.220851" lon="20.316301"><ele>817.4</ele></trkpt>
      <trkpt lat="49.220874" lon="20.316325"><ele>817.0</ele></trkpt>
      <trkpt lat="49.220893" lon="20.316339"><ele>816.8</ele></trkpt>
      <trkpt lat="49.220915" lon="20.316358"><ele>816.6</ele></trkpt>
      <trkpt lat="49.220944" lon="20.316370"><ele>816.4</ele></trkpt>
      <trkpt lat="49.220973" lon="20.316387"><ele>816.0</ele></trkpt>
      <trkpt lat="49.220989" lon="20.316403"><ele>815.8</ele></trkpt>
      <trkpt lat="49.221008" lon="20.316418"><ele>815.8</ele></trkpt>
      <trkpt lat="49.221034" lon="20.316434"><ele>815.6</ele></trkpt>
      <trkpt lat="49.221050" lon="20.316467"><ele>815.4</ele></trkpt>
      <trkpt lat="49.221059" lon="20.316514"><ele>815.2</ele></trkpt>
      <trkpt lat="49.221062" lon="20.316555"><ele>815.0</ele></trkpt>
      <trkpt lat="49.221069" lon="20.316600"><ele>814.8</ele></trkpt>
      <trkpt lat="49.221101" lon="20.316637"><ele>814.4</ele></trkpt>
      <trkpt lat="49.221126" lon="20.316667"><ele>814.0</ele></trkpt>
      <trkpt lat="49.221149" lon="20.316698"><ele>813.6</ele></trkpt>
      <trkpt lat="49.221168" lon="20.316722"><ele>813.0</ele></trkpt>
      <trkpt lat="49.221187" lon="20.316722"><ele>812.8</ele></trkpt>
      <trkpt lat="49.221213" lon="20.316731"><ele>812.2</ele></trkpt>
      <trkpt lat="49.221232" lon="20.316746"><ele>812.0</ele></trkpt>
      <trkpt lat="49.221258" lon="20.316763"><ele>811.4</ele></trkpt>
      <trkpt lat="49.221270" lon="20.316798"><ele>811.0</ele></trkpt>
      <trkpt lat="49.221290" lon="20.316840"><ele>810.6</ele></trkpt>
      <trkpt lat="49.221306" lon="20.316854"><ele>810.4</ele></trkpt>
      <trkpt lat="49.221331" lon="20.316890"><ele>810.0</ele></trkpt>
      <trkpt lat="49.221350" lon="20.316915"><ele>809.6</ele></trkpt>
      <trkpt lat="49.221376" lon="20.316954"><ele>809.2</ele></trkpt>
      <trkpt lat="49.221389" lon="20.316987"><ele>808.8</ele></trkpt>
      <trkpt lat="49.221418" lon="20.317030"><ele>808.4</ele></trkpt>
      <trkpt lat="49.221450" lon="20.317040"><ele>808.0</ele></trkpt>
      <trkpt lat="49.221475" lon="20.317054"><ele>807.6</ele></trkpt>
      <trkpt lat="49.221501" lon="20.317083"><ele>807.0</ele></trkpt>
      <trkpt lat="49.221507" lon="20.317112"><ele>806.8</ele></trkpt>
      <trkpt lat="49.221523" lon="20.317136"><ele>806.6</ele></trkpt>
      <trkpt lat="49.221539" lon="20.317155"><ele>806.2</ele></trkpt>
      <trkpt lat="49.221555" lon="20.317174"><ele>806.0</ele></trkpt>
      <trkpt lat="49.221568" lon="20.317213"><ele>805.6</ele></trkpt>
      <trkpt lat="49.221590" lon="20.317238"><ele>805.2</ele></trkpt>
      <trkpt lat="49.221603" lon="20.317261"><ele>805.0</ele></trkpt>
      <trkpt lat="49.221622" lon="20.317294"><ele>804.8</ele></trkpt>
      <trkpt lat="49.221642" lon="20.317318"><ele>804.6</ele></trkpt>
      <trkpt lat="49.221661" lon="20.317349"><ele>804.4</ele></trkpt>
      <trkpt lat="49.221680" lon="20.317392"><ele>804.2</ele></trkpt>
      <trkpt lat="49.221686" lon="20.317429"><ele>804.0</ele></trkpt>
      <trkpt lat="49.221702" lon="20.317451"><ele>803.8</ele></trkpt>
      <trkpt lat="49.221722" lon="20.317483"><ele>803.6</ele></trkpt>
      <trkpt lat="49.221738" lon="20.317501"><ele>803.6</ele></trkpt>
      <trkpt lat="49.221763" lon="20.317528"><ele>803.4</ele></trkpt>
      <trkpt lat="49.221786" lon="20.317552"><ele>803.0</ele></trkpt>
      <trkpt lat="49.221805" lon="20.317581"><ele>802.8</ele></trkpt>
      <trkpt lat="49.221824" lon="20.317605"><ele>802.4</ele></trkpt>
      <trkpt lat="49.221843" lon="20.317621"><ele>801.8</ele></trkpt>
      <trkpt lat="49.221859" lon="20.317648"><ele>801.2</ele></trkpt>
      <trkpt lat="49.221882" lon="20.317672"><ele>800.8</ele></trkpt>
      <trkpt lat="49.221894" lon="20.317696"><ele>800.4</ele></trkpt>
      <trkpt lat="49.221914" lon="20.317728"><ele>800.0</ele></trkpt>
      <trkpt lat="49.221936" lon="20.317758"><ele>799.8</ele></trkpt>
      <trkpt lat="49.221955" lon="20.317789"><ele>799.4</ele></trkpt>
      <trkpt lat="49.221974" lon="20.317816"><ele>799.2</ele></trkpt>
      <trkpt lat="49.221984" lon="20.317840"><ele>798.8</ele></trkpt>
      <trkpt lat="49.221997" lon="20.317869"><ele>798.6</ele></trkpt>
      <trkpt lat="49.222013" lon="20.317890"><ele>798.4</ele></trkpt>
      <trkpt lat="49.222035" lon="20.317909"><ele>798.2</ele></trkpt>
      <trkpt lat="49.222045" lon="20.317933"><ele>798.0</ele></trkpt>
      <trkpt lat="49.222054" lon="20.317982"><ele>797.6</ele></trkpt>
      <trkpt lat="49.222051" lon="20.318014"><ele>797.4</ele></trkpt>
      <trkpt lat="49.222067" lon="20.318042"><ele>796.8</ele></trkpt>
      <trkpt lat="49.222086" lon="20.318058"><ele>796.8</ele></trkpt>
      <trkpt lat="49.222102" lon="20.318082"><ele>796.4</ele></trkpt>
      <trkpt lat="49.222106" lon="20.318115"><ele>796.2</ele></trkpt>
      <trkpt lat="49.222122" lon="20.318146"><ele>795.8</ele></trkpt>
      <trkpt lat="49.222144" lon="20.318171"><ele>795.4</ele></trkpt>
      <trkpt lat="49.222163" lon="20.318178"><ele>795.4</ele></trkpt>
      <trkpt lat="49.222186" lon="20.318182"><ele>795.2</ele></trkpt>
      <trkpt lat="49.222205" lon="20.318190"><ele>795.0</ele></trkpt>
      <trkpt lat="49.222230" lon="20.318194"><ele>794.8</ele></trkpt>
      <trkpt lat="49.222253" lon="20.318218"><ele>794.6</ele></trkpt>
      <trkpt lat="49.222278" lon="20.318240"><ele>794.4</ele></trkpt>
      <trkpt lat="49.222301" lon="20.318272"><ele>794.2</ele></trkpt>
      <trkpt lat="49.222317" lon="20.318291"><ele>794.2</ele></trkpt>
      <trkpt lat="49.222339" lon="20.318315"><ele>794.0</ele></trkpt>
      <trkpt lat="49.222358" lon="20.318334"><ele>793.8</ele></trkpt>
      <trkpt lat="49.222378" lon="20.318363"><ele>793.6</ele></trkpt>
      <trkpt lat="49.222394" lon="20.318403"><ele>793.4</ele></trkpt>
      <trkpt lat="49.222413" lon="20.318432"><ele>793.2</ele></trkpt>
      <trkpt lat="49.222432" lon="20.318450"><ele>793.0</ele></trkpt>
      <trkpt lat="49.222451" lon="20.318466"><ele>793.0</ele></trkpt>
      <trkpt lat="49.222477" lon="20.318493"><ele>792.8</ele></trkpt>
      <trkpt lat="49.222496" lon="20.318525"><ele>792.8</ele></trkpt>
      <trkpt lat="49.222515" lon="20.318550"><ele>792.8</ele></trkpt>
      <trkpt lat="49.222547" lon="20.318570"><ele>792.6</ele></trkpt>
      <trkpt lat="49.222579" lon="20.318590"><ele>792.4</ele></trkpt>
      <trkpt lat="49.222608" lon="20.318614"><ele>792.2</ele></trkpt>
      <trkpt lat="49.222618" lon="20.318650"><ele>792.0</ele></trkpt>
      <trkpt lat="49.222627" lon="20.318683"><ele>791.8</ele></trkpt>
      <trkpt lat="49.222637" lon="20.318709"><ele>791.8</ele></trkpt>
      <trkpt lat="49.222634" lon="20.318750"><ele>791.6</ele></trkpt>
      <trkpt lat="49.222630" lon="20.318797"><ele>791.4</ele></trkpt>
      <trkpt lat="49.222650" lon="20.318838"><ele>791.2</ele></trkpt>
      <trkpt lat="49.222672" lon="20.318874"><ele>791.0</ele></trkpt>
      <trkpt lat="49.222688" lon="20.318898"><ele>791.0</ele></trkpt>
      <trkpt lat="49.222698" lon="20.318926"><ele>790.8</ele></trkpt>
      <trkpt lat="49.222701" lon="20.318979"><ele>790.6</ele></trkpt>
      <trkpt lat="49.222701" lon="20.319008"><ele>790.4</ele></trkpt>
      <trkpt lat="49.222698" lon="20.319035"><ele>790.2</ele></trkpt>
      <trkpt lat="49.222707" lon="20.319072"><ele>790.0</ele></trkpt>
      <trkpt lat="49.222726" lon="20.319110"><ele>789.4</ele></trkpt>
      <trkpt lat="49.222739" lon="20.319134"><ele>789.0</ele></trkpt>
      <trkpt lat="49.222768" lon="20.319150"><ele>788.6</ele></trkpt>
      <trkpt lat="49.222787" lon="20.319181"><ele>788.2</ele></trkpt>
      <trkpt lat="49.222797" lon="20.319210"><ele>787.8</ele></trkpt>
      <trkpt lat="49.222813" lon="20.319226"><ele>787.6</ele></trkpt>
      <trkpt lat="49.222832" lon="20.319258"><ele>787.4</ele></trkpt>
      <trkpt lat="49.222851" lon="20.319293"><ele>787.0</ele></trkpt>
      <trkpt lat="49.222867" lon="20.319318"><ele>786.8</ele></trkpt>
      <trkpt lat="49.222880" lon="20.319346"><ele>786.6</ele></trkpt>
      <trkpt lat="49.222886" lon="20.319376"><ele>786.4</ele></trkpt>
      <trkpt lat="49.222906" lon="20.319408"><ele>786.0</ele></trkpt>
      <trkpt lat="49.222918" lon="20.319442"><ele>785.8</ele></trkpt>
      <trkpt lat="49.222912" lon="20.319499"><ele>785.4</ele></trkpt>
      <trkpt lat="49.222915" lon="20.319547"><ele>785.2</ele></trkpt>
      <trkpt lat="49.222934" lon="20.319566"><ele>785.0</ele></trkpt>
      <trkpt lat="49.222950" lon="20.319597"><ele>784.8</ele></trkpt>
      <trkpt lat="49.222960" lon="20.319624"><ele>784.4</ele></trkpt>
      <trkpt lat="49.222976" lon="20.319658"><ele>784.2</ele></trkpt>
      <trkpt lat="49.222986" lon="20.319686"><ele>784.0</ele></trkpt>
      <trkpt lat="49.222998" lon="20.319720"><ele>784.0</ele></trkpt>
      <trkpt lat="49.223011" lon="20.319742"><ele>783.8</ele></trkpt>
      <trkpt lat="49.223024" lon="20.319765"><ele>783.6</ele></trkpt>
      <trkpt lat="49.223040" lon="20.319787"><ele>783.4</ele></trkpt>
      <trkpt lat="49.223056" lon="20.319811"><ele>783.2</ele></trkpt>
      <trkpt lat="49.223069" lon="20.319851"><ele>783.0</ele></trkpt>
      <trkpt lat="49.223085" lon="20.319875"><ele>782.8</ele></trkpt>
      <trkpt lat="49.223094" lon="20.319909"><ele>782.6</ele></trkpt>
      <trkpt lat="49.223110" lon="20.319939"><ele>782.2</ele></trkpt>
      <trkpt lat="49.223130" lon="20.319970"><ele>781.8</ele></trkpt>
      <trkpt lat="49.223149" lon="20.320002"><ele>781.6</ele></trkpt>
      <trkpt lat="49.223165" lon="20.320034"><ele>781.2</ele></trkpt>
      <trkpt lat="49.223187" lon="20.320064"><ele>781.2</ele></trkpt>
      <trkpt lat="49.223203" lon="20.320099"><ele>780.8</ele></trkpt>
      <trkpt lat="49.223222" lon="20.320130"><ele>780.6</ele></trkpt>
      <trkpt lat="49.223238" lon="20.320152"><ele>780.4</ele></trkpt>
      <trkpt lat="49.223267" lon="20.320174"><ele>780.0</ele></trkpt>
      <trkpt lat="49.223286" lon="20.320208"><ele>779.8</ele></trkpt>
      <trkpt lat="49.223309" lon="20.320230"><ele>779.4</ele></trkpt>
      <trkpt lat="49.223331" lon="20.320253"><ele>779.2</ele></trkpt>
      <trkpt lat="49.223350" lon="20.320272"><ele>779.0</ele></trkpt>
      <trkpt lat="49.223373" lon="20.320290"><ele>778.8</ele></trkpt>
      <trkpt lat="49.223389" lon="20.320322"><ele>778.6</ele></trkpt>
      <trkpt lat="49.223411" lon="20.320357"><ele>778.4</ele></trkpt>
      <trkpt lat="49.223427" lon="20.320379"><ele>778.2</ele></trkpt>
      <trkpt lat="49.223443" lon="20.320392"><ele>778.0</ele></trkpt>
      <trkpt lat="49.223462" lon="20.320413"><ele>777.8</ele></trkpt>
      <trkpt lat="49.223482" lon="20.320440"><ele>777.4</ele></trkpt>
      <trkpt lat="49.223501" lon="20.320458"><ele>777.0</ele></trkpt>
      <trkpt lat="49.223526" lon="20.320475"><ele>776.8</ele></trkpt>
      <trkpt lat="49.223542" lon="20.320488"><ele>776.8</ele></trkpt>
      <trkpt lat="49.223565" lon="20.320509"><ele>776.6</ele></trkpt>
      <trkpt lat="49.223587" lon="20.320510"><ele>776.2</ele></trkpt>
      <trkpt lat="49.223613" lon="20.320517"><ele>776.0</ele></trkpt>
      <trkpt lat="49.223629" lon="20.320538"><ele>775.8</ele></trkpt>
      <trkpt lat="49.223654" lon="20.320565"><ele>775.6</ele></trkpt>
      <trkpt lat="49.223670" lon="20.320578"><ele>775.6</ele></trkpt>
      <trkpt lat="49.223686" lon="20.320598"><ele>775.2</ele></trkpt>
      <trkpt lat="49.223709" lon="20.320605"><ele>775.0</ele></trkpt>
      <trkpt lat="49.223744" lon="20.320597"><ele>774.8</ele></trkpt>
      <trkpt lat="49.223766" lon="20.320603"><ele>774.6</ele></trkpt>
      <trkpt lat="49.223782" lon="20.320629"><ele>774.6</ele></trkpt>
      <trkpt lat="49.223798" lon="20.320646"><ele>774.4</ele></trkpt>
      <trkpt lat="49.223821" lon="20.320685"><ele>774.2</ele></trkpt>
      <trkpt lat="49.223846" lon="20.320709"><ele>774.0</ele></trkpt>
      <trkpt lat="49.223859" lon="20.320754"><ele>773.6</ele></trkpt>
      <trkpt lat="49.223859" lon="20.320784"><ele>773.6</ele></trkpt>
      <trkpt lat="49.223872" lon="20.320826"><ele>773.2</ele></trkpt>
      <trkpt lat="49.223898" lon="20.320837"><ele>773.2</ele></trkpt>
      <trkpt lat="49.223923" lon="20.320850"><ele>772.6</ele></trkpt>
      <trkpt lat="49.223942" lon="20.320864"><ele>772.4</ele></trkpt>
      <trkpt lat="49.223965" lon="20.320877"><ele>772.2</ele></trkpt>
      <trkpt lat="49.223990" lon="20.320902"><ele>771.8</ele></trkpt>
      <trkpt lat="49.224006" lon="20.320925"><ele>771.8</ele></trkpt>
      <trkpt lat="49.224006" lon="20.320973"><ele>771.8</ele></trkpt>
      <trkpt lat="49.223997" lon="20.321030"><ele>771.6</ele></trkpt>
      <trkpt lat="49.223990" lon="20.321058"><ele>771.6</ele></trkpt>
      <trkpt lat="49.224010" lon="20.321072"><ele>771.4</ele></trkpt>
      <trkpt lat="49.224026" lon="20.321091"><ele>771.2</ele></trkpt>
      <trkpt lat="49.224032" lon="20.321123"><ele>771.0</ele></trkpt>
      <trkpt lat="49.224038" lon="20.321173"><ele>771.0</ele></trkpt>
      <trkpt lat="49.224061" lon="20.321184"><ele>770.8</ele></trkpt>
      <trkpt lat="49.224086" lon="20.321170"><ele>770.6</ele></trkpt>
      <trkpt lat="49.224109" lon="20.321160"><ele>770.6</ele></trkpt>
      <trkpt lat="49.224141" lon="20.321179"><ele>770.4</ele></trkpt>
      <trkpt lat="49.224160" lon="20.321214"><ele>770.0</ele></trkpt>
      <trkpt lat="49.224166" lon="20.321251"><ele>770.0</ele></trkpt>
      <trkpt lat="49.224182" lon="20.321291"><ele>769.8</ele></trkpt>
      <trkpt lat="49.224192" lon="20.321330"><ele>769.6</ele></trkpt>
      <trkpt lat="49.224211" lon="20.321325"><ele>769.6</ele></trkpt>
      <trkpt lat="49.224230" lon="20.321325"><ele>769.6</ele></trkpt>
      <trkpt lat="49.224250" lon="20.321339"><ele>769.4</ele></trkpt>
      <trkpt lat="49.224285" lon="20.321355"><ele>769.2</ele></trkpt>
      <trkpt lat="49.224310" lon="20.321368"><ele>769.0</ele></trkpt>
      <trkpt lat="49.224330" lon="20.321392"><ele>768.8</ele></trkpt>
      <trkpt lat="49.224362" lon="20.321400"><ele>768.6</ele></trkpt>
      <trkpt lat="49.224381" lon="20.321411"><ele>768.6</ele></trkpt>
      <trkpt lat="49.224400" lon="20.321435"><ele>768.4</ele></trkpt>
      <trkpt lat="49.224422" lon="20.321459"><ele>768.2</ele></trkpt>
      <trkpt lat="49.224435" lon="20.321490"><ele>768.0</ele></trkpt>
      <trkpt lat="49.224454" lon="20.321512"><ele>767.8</ele></trkpt>
      <trkpt lat="49.224467" lon="20.321533"><ele>767.6</ele></trkpt>
      <trkpt lat="49.224496" lon="20.321566"><ele>767.4</ele></trkpt>
      <trkpt lat="49.224506" lon="20.321611"><ele>767.2</ele></trkpt>
      <trkpt lat="49.224522" lon="20.321646"><ele>767.0</ele></trkpt>
      <trkpt lat="49.224541" lon="20.321662"><ele>767.0</ele></trkpt>
      <trkpt lat="49.224560" lon="20.321680"><ele>766.8</ele></trkpt>
      <trkpt lat="49.224573" lon="20.321701"><ele>766.8</ele></trkpt>
      <trkpt lat="49.224586" lon="20.321747"><ele>766.4</ele></trkpt>
      <trkpt lat="49.224579" lon="20.321779"><ele>766.2</ele></trkpt>
      <trkpt lat="49.224579" lon="20.321819"><ele>766.2</ele></trkpt>
      <trkpt lat="49.224576" lon="20.321858"><ele>766.2</ele></trkpt>
      <trkpt lat="49.224563" lon="20.321906"><ele>766.2</ele></trkpt>
      <trkpt lat="49.224560" lon="20.321938"><ele>766.0</ele></trkpt>
      <trkpt lat="49.224563" lon="20.321974"><ele>765.8</ele></trkpt>
      <trkpt lat="49.224557" lon="20.322029"><ele>765.6</ele></trkpt>
      <trkpt lat="49.224547" lon="20.322067"><ele>765.4</ele></trkpt>
      <trkpt lat="49.224544" lon="20.322101"><ele>765.2</ele></trkpt>
      <trkpt lat="49.224541" lon="20.322147"><ele>765.2</ele></trkpt>
      <trkpt lat="49.224538" lon="20.322174"><ele>765.0</ele></trkpt>
      <trkpt lat="49.224534" lon="20.322219"><ele>765.0</ele></trkpt>
      <trkpt lat="49.224541" lon="20.322248"><ele>765.0</ele></trkpt>
      <trkpt lat="49.224554" lon="20.322285"><ele>765.0</ele></trkpt>
      <trkpt lat="49.224557" lon="20.322314"><ele>765.0</ele></trkpt>
      <trkpt lat="49.224563" lon="20.322346"><ele>765.0</ele></trkpt>
      <trkpt lat="49.224576" lon="20.322366"><ele>764.8</ele></trkpt>
      <trkpt lat="49.224579" lon="20.322403"><ele>765.0</ele></trkpt>
      <trkpt lat="49.224579" lon="20.322438"><ele>764.8</ele></trkpt>
      <trkpt lat="49.224595" lon="20.322475"><ele>764.8</ele></trkpt>
      <trkpt lat="49.224614" lon="20.322504"><ele>765.0</ele></trkpt>
      <trkpt lat="49.224640" lon="20.322541"><ele>764.8</ele></trkpt>
      <trkpt lat="49.224646" lon="20.322595"><ele>764.8</ele></trkpt>
      <trkpt lat="49.224637" lon="20.322632"><ele>764.8</ele></trkpt>
      <trkpt lat="49.224637" lon="20.322664"><ele>764.8</ele></trkpt>
      <trkpt lat="49.224643" lon="20.322702"><ele>764.8</ele></trkpt>
      <trkpt lat="49.224666" lon="20.322730"><ele>764.6</ele></trkpt>
      <trkpt lat="49.224678" lon="20.322755"><ele>764.6</ele></trkpt>
      <trkpt lat="49.224688" lon="20.322798"><ele>764.6</ele></trkpt>
      <trkpt lat="49.224688" lon="20.322840"><ele>764.8</ele></trkpt>
      <trkpt lat="49.224698" lon="20.322880"><ele>764.8</ele></trkpt>
      <trkpt lat="49.224704" lon="20.322909"><ele>764.6</ele></trkpt>
      <trkpt lat="49.224723" lon="20.322938"><ele>764.4</ele></trkpt>
      <trkpt lat="49.224739" lon="20.322954"><ele>764.4</ele></trkpt>
      <trkpt lat="49.224752" lon="20.322994"><ele>764.0</ele></trkpt>
      <trkpt lat="49.224758" lon="20.323032"><ele>763.8</ele></trkpt>
      <trkpt lat="49.224768" lon="20.323067"><ele>763.6</ele></trkpt>
      <trkpt lat="49.224784" lon="20.323106"><ele>763.4</ele></trkpt>
      <trkpt lat="49.224800" lon="20.323139"><ele>763.4</ele></trkpt>
      <trkpt lat="49.224816" lon="20.323179"><ele>763.4</ele></trkpt>
      <trkpt lat="49.224832" lon="20.323218"><ele>763.2</ele></trkpt>
      <trkpt lat="49.224832" lon="20.323261"><ele>763.2</ele></trkpt>
      <trkpt lat="49.224832" lon="20.323290"><ele>763.2</ele></trkpt>
      <trkpt lat="49.224835" lon="20.323318"><ele>763.0</ele></trkpt>
      <trkpt lat="49.224851" lon="20.323354"><ele>762.8</ele></trkpt>
      <trkpt lat="49.224867" lon="20.323395"><ele>762.6</ele></trkpt>
      <trkpt lat="49.224880" lon="20.323440"><ele>762.6</ele></trkpt>
      <trkpt lat="49.224883" lon="20.323469"><ele>762.4</ele></trkpt>
      <trkpt lat="49.224883" lon="20.323506"><ele>762.6</ele></trkpt>
      <trkpt lat="49.224880" lon="20.323542"><ele>762.6</ele></trkpt>
      <trkpt lat="49.224874" lon="20.323586"><ele>762.4</ele></trkpt>
      <trkpt lat="49.224858" lon="20.323632"><ele>762.4</ele></trkpt>
      <trkpt lat="49.224861" lon="20.323667"><ele>762.2</ele></trkpt>
      <trkpt lat="49.224877" lon="20.323699"><ele>762.0</ele></trkpt>
      <trkpt lat="49.224883" lon="20.323746"><ele>762.0</ele></trkpt>
      <trkpt lat="49.224902" lon="20.323758"><ele>761.8</ele></trkpt>
      <trkpt lat="49.224922" lon="20.323773"><ele>761.6</ele></trkpt>
      <trkpt lat="49.224931" lon="20.323813"><ele>761.4</ele></trkpt>
      <trkpt lat="49.224940" lon="20.323888"><ele>761.4</ele></trkpt>
      <trkpt lat="49.224944" lon="20.323938"><ele>761.0</ele></trkpt>
      <trkpt lat="49.224950" lon="20.323976"><ele>760.8</ele></trkpt>
      <trkpt lat="49.224944" lon="20.324013"><ele>760.8</ele></trkpt>
      <trkpt lat="49.224934" lon="20.324045"><ele>760.8</ele></trkpt>
      <trkpt lat="49.224918" lon="20.324080"><ele>760.8</ele></trkpt>
      <trkpt lat="49.224906" lon="20.324133"><ele>760.8</ele></trkpt>
      <trkpt lat="49.224893" lon="20.324170"><ele>760.6</ele></trkpt>
      <trkpt lat="49.224883" lon="20.324133"><ele>760.8</ele></trkpt>
      <trkpt lat="49.224902" lon="20.324099"><ele>761.0</ele></trkpt>
      <trkpt lat="49.224918" lon="20.324078"><ele>760.8</ele></trkpt>
      <trkpt lat="49.224925" lon="20.324051"><ele>760.8</ele></trkpt>
      <trkpt lat="49.224938" lon="20.324022"><ele>760.8</ele></trkpt>
      <trkpt lat="49.224944" lon="20.323987"><ele>760.8</ele></trkpt>
      <trkpt lat="49.224941" lon="20.323946"><ele>760.8</ele></trkpt>
      <trkpt lat="49.224938" lon="20.323912"><ele>760.8</ele></trkpt>
      <trkpt lat="49.224944" lon="20.323882"><ele>760.8</ele></trkpt>
      <trkpt lat="49.224963" lon="20.323861"><ele>761.0</ele></trkpt>
      <trkpt lat="49.224982" lon="20.323834"><ele>761.0</ele></trkpt>
      <trkpt lat="49.224998" lon="20.323806"><ele>761.0</ele></trkpt>
      <trkpt lat="49.225018" lon="20.323774"><ele>761.0</ele></trkpt>
      <trkpt lat="49.225034" lon="20.323749"><ele>761.2</ele></trkpt>
      <trkpt lat="49.225050" lon="20.323731"><ele>761.2</ele></trkpt>
      <trkpt lat="49.225062" lon="20.323709"><ele>761.2</ele></trkpt>
      <trkpt lat="49.225082" lon="20.323685"><ele>761.2</ele></trkpt>
      <trkpt lat="49.225101" lon="20.323659"><ele>761.0</ele></trkpt>
      <trkpt lat="49.225120" lon="20.323632"><ele>761.0</ele></trkpt>
      <trkpt lat="49.225142" lon="20.323587"><ele>761.0</ele></trkpt>
      <trkpt lat="49.225158" lon="20.323558"><ele>761.0</ele></trkpt>
      <trkpt lat="49.225178" lon="20.323533"><ele>761.2</ele></trkpt>
      <trkpt lat="49.225197" lon="20.323498"><ele>761.2</ele></trkpt>
      <trkpt lat="49.225216" lon="20.323461"><ele>761.0</ele></trkpt>
      <trkpt lat="49.225232" lon="20.323443"><ele>761.0</ele></trkpt>
      <trkpt lat="49.225248" lon="20.323421"><ele>761.0</ele></trkpt>
      <trkpt lat="49.225274" lon="20.323389"><ele>761.0</ele></trkpt>
      <trkpt lat="49.225290" lon="20.323370"><ele>760.8</ele></trkpt>
      <trkpt lat="49.225307" lon="20.323350"><ele>760.8</ele></trkpt>
      <trkpt lat="49.225324" lon="20.323329"><ele>760.6</ele></trkpt>
      <trkpt lat="49.225341" lon="20.323309"><ele>760.6</ele></trkpt>
      <trkpt lat="49.225360" lon="20.323286"><ele>760.4</ele></trkpt>
      <trkpt lat="49.225376" lon="20.323246"><ele>760.2</ele></trkpt>
      <trkpt lat="49.225398" lon="20.323210"><ele>760.0</ele></trkpt>
      <trkpt lat="49.225414" lon="20.323166"><ele>759.8</ele></trkpt>
      <trkpt lat="49.225434" lon="20.323126"><ele>759.6</ele></trkpt>
      <trkpt lat="49.225459" lon="20.323096"><ele>759.4</ele></trkpt>
      <trkpt lat="49.225478" lon="20.323072"><ele>759.4</ele></trkpt>
      <trkpt lat="49.225494" lon="20.323050"><ele>759.2</ele></trkpt>
      <trkpt lat="49.225514" lon="20.323013"><ele>759.0</ele></trkpt>
      <trkpt lat="49.225526" lon="20.322992"><ele>759.0</ele></trkpt>
      <trkpt lat="49.225491" lon="20.323008"><ele>758.8</ele></trkpt>
      <trkpt lat="49.225475" lon="20.323034"><ele>759.0</ele></trkpt>
      <trkpt lat="49.225456" lon="20.323067"><ele>759.0</ele></trkpt>
      <trkpt lat="49.225437" lon="20.323093"><ele>759.0</ele></trkpt>
      <trkpt lat="49.225414" lon="20.323130"><ele>759.0</ele></trkpt>
      <trkpt lat="49.225402" lon="20.323152"><ele>759.0</ele></trkpt>
      <trkpt lat="49.225389" lon="20.323173"><ele>759.0</ele></trkpt>
      <trkpt lat="49.225373" lon="20.323192"><ele>759.0</ele></trkpt>
      <trkpt lat="49.225354" lon="20.323219"><ele>759.2</ele></trkpt>
      <trkpt lat="49.225338" lon="20.323245"><ele>759.2</ele></trkpt>
      <trkpt lat="49.225318" lon="20.323275"><ele>759.4</ele></trkpt>
      <trkpt lat="49.225293" lon="20.323310"><ele>759.6</ele></trkpt>
      <trkpt lat="49.225277" lon="20.323326"><ele>759.6</ele></trkpt>
      <trkpt lat="49.225261" lon="20.323347"><ele>760.0</ele></trkpt>
      <trkpt lat="49.225235" lon="20.323387"><ele>760.2</ele></trkpt>
      <trkpt lat="49.225222" lon="20.323410"><ele>760.4</ele></trkpt>
      <trkpt lat="49.225210" lon="20.323434"><ele>760.4</ele></trkpt>
      <trkpt lat="49.225194" lon="20.323467"><ele>760.4</ele></trkpt>
      <trkpt lat="49.225181" lon="20.323488"><ele>760.6</ele></trkpt>
      <trkpt lat="49.225181" lon="20.323488"><ele>760.6</ele></trkpt>
    </trkseg>
  </trk>
</gpx>
