<?xml version="1.0" encoding="UTF-8"?>
<gpx version="1.1" creator="MultiTrail"
     xmlns="http://www.topografix.com/GPX/1/1">
  <trk>
    <name>Kriváň</name>
    <trkseg>
      <trkpt lat="49.134199" lon="19.968874"><ele>1170.0</ele></trkpt>
      <trkpt lat="49.134202" lon="19.968896"><ele>1170.0</ele></trkpt>
      <trkpt lat="49.134217" lon="19.968914"><ele>1170.0</ele></trkpt>
      <trkpt lat="49.134231" lon="19.968939"><ele>1171.0</ele></trkpt>
      <trkpt lat="49.134248" lon="19.968966"><ele>1172.0</ele></trkpt>
      <trkpt lat="49.134257" lon="19.968993"><ele>1172.0</ele></trkpt>
      <trkpt lat="49.134266" lon="19.969027"><ele>1172.0</ele></trkpt>
      <trkpt lat="49.134274" lon="19.969065"><ele>1172.0</ele></trkpt>
      <trkpt lat="49.134276" lon="19.969095"><ele>1173.0</ele></trkpt>
      <trkpt lat="49.134282" lon="19.969128"><ele>1173.0</ele></trkpt>
      <trkpt lat="49.134291" lon="19.969170"><ele>1175.0</ele></trkpt>
      <trkpt lat="49.134300" lon="19.969199"><ele>1176.0</ele></trkpt>
      <trkpt lat="49.134310" lon="19.969230"><ele>1176.0</ele></trkpt>
      <trkpt lat="49.134324" lon="19.969260"><ele>1176.0</ele></trkpt>
      <trkpt lat="49.134340" lon="19.969289"><ele>1177.0</ele></trkpt>
      <trkpt lat="49.134352" lon="19.969320"><ele>1177.0</ele></trkpt>
      <trkpt lat="49.134364" lon="19.969342"><ele>1177.0</ele></trkpt>
      <trkpt lat="49.134393" lon="19.969372"><ele>1177.0</ele></trkpt>
      <trkpt lat="49.134412" lon="19.969393"><ele>1177.0</ele></trkpt>
      <trkpt lat="49.134432" lon="19.969418"><ele>1178.0</ele></trkpt>
      <trkpt lat="49.134452" lon="19.969445"><ele>1178.0</ele></trkpt>
      <trkpt lat="49.134467" lon="19.969469"><ele>1178.0</ele></trkpt>
      <trkpt lat="49.134488" lon="19.969490"><ele>1179.0</ele></trkpt>
      <trkpt lat="49.134507" lon="19.969506"><ele>1179.0</ele></trkpt>
      <trkpt lat="49.134524" lon="19.969536"><ele>1179.0</ele></trkpt>
      <trkpt lat="49.134543" lon="19.969555"><ele>1180.0</ele></trkpt>
      <trkpt lat="49.134559" lon="19.969572"><ele>1181.0</ele></trkpt>
      <trkpt lat="49.134578" lon="19.969589"><ele>1181.0</ele></trkpt>
      <trkpt lat="49.134592" lon="19.969612"><ele>1181.0</ele></trkpt>
      <trkpt lat="49.134611" lon="19.969633"><ele>1181.0</ele></trkpt>
      <trkpt lat="49.134628" lon="19.969657"><ele>1182.0</ele></trkpt>
      <trkpt lat="49.134646" lon="19.969686"><ele>1182.0</ele></trkpt>
      <trkpt lat="49.134661" lon="19.969701"><ele>1183.0</ele></trkpt>
      <trkpt lat="49.134676" lon="19.969722"><ele>1183.0</ele></trkpt>
      <trkpt lat="49.134693" lon="19.969744"><ele>1183.0</ele></trkpt>
      <trkpt lat="49.134708" lon="19.969764"><ele>1183.0</ele></trkpt>
      <trkpt lat="49.134723" lon="19.969786"><ele>1184.0</ele></trkpt>
      <trkpt lat="49.134738" lon="19.969807"><ele>1185.0</ele></trkpt>
      <trkpt lat="49.134759" lon="19.969836"><ele>1185.0</ele></trkpt>
      <trkpt lat="49.134778" lon="19.969869"><ele>1186.0</ele></trkpt>
      <trkpt lat="49.134803" lon="19.969898"><ele>1186.0</ele></trkpt>
      <trkpt lat="49.134826" lon="19.969925"><ele>1186.0</ele></trkpt>
      <trkpt lat="49.134853" lon="19.969957"><ele>1186.0</ele></trkpt>
      <trkpt lat="49.134880" lon="19.969998"><ele>1187.0</ele></trkpt>
      <trkpt lat="49.134891" lon="19.970016"><ele>1188.0</ele></trkpt>
      <trkpt lat="49.134903" lon="19.970035"><ele>1188.0</ele></trkpt>
      <trkpt lat="49.134915" lon="19.970053"><ele>1188.0</ele></trkpt>
      <trkpt lat="49.134940" lon="19.970075"><ele>1188.0</ele></trkpt>
      <trkpt lat="49.134952" lon="19.970097"><ele>1189.0</ele></trkpt>
      <trkpt lat="49.134960" lon="19.970121"><ele>1189.0</ele></trkpt>
      <trkpt lat="49.134967" lon="19.970145"><ele>1189.0</ele></trkpt>
      <trkpt lat="49.134975" lon="19.970168"><ele>1189.0</ele></trkpt>
      <trkpt lat="49.135010" lon="19.970265"><ele>1190.0</ele></trkpt>
      <trkpt lat="49.135022" lon="19.970291"><ele>1191.0</ele></trkpt>
      <trkpt lat="49.135034" lon="19.970317"><ele>1191.0</ele></trkpt>
      <trkpt lat="49.135045" lon="19.970342"><ele>1191.0</ele></trkpt>
      <trkpt lat="49.135057" lon="19.970368"><ele>1191.0</ele></trkpt>
      <trkpt lat="49.135070" lon="19.970393"><ele>1192.0</ele></trkpt>
      <trkpt lat="49.135084" lon="19.970419"><ele>1192.0</ele></trkpt>
      <trkpt lat="49.135097" lon="19.970444"><ele>1193.0</ele></trkpt>
      <trkpt lat="49.135110" lon="19.970470"><ele>1193.0</ele></trkpt>
      <trkpt lat="49.135124" lon="19.970495"><ele>1194.0</ele></trkpt>
      <trkpt lat="49.135150" lon="19.970532"><ele>1193.0</ele></trkpt>
      <trkpt lat="49.135132" lon="19.970539"><ele>1194.0</ele></trkpt>
      <trkpt lat="49.135145" lon="19.970579"><ele>1194.0</ele></trkpt>
      <trkpt lat="49.135151" lon="19.970615"><ele>1194.0</ele></trkpt>
      <trkpt lat="49.135170" lon="19.970637"><ele>1194.0</ele></trkpt>
      <trkpt lat="49.135153" lon="19.970607"><ele>1194.0</ele></trkpt>
      <trkpt lat="49.135139" lon="19.970578"><ele>1194.0</ele></trkpt>
      <trkpt lat="49.135123" lon="19.970552"><ele>1194.0</ele></trkpt>
      <trkpt lat="49.135110" lon="19.970530"><ele>1193.0</ele></trkpt>
      <trkpt lat="49.135100" lon="19.970505"><ele>1193.0</ele></trkpt>
      <trkpt lat="49.135115" lon="19.970538"><ele>1194.0</ele></trkpt>
      <trkpt lat="49.135134" lon="19.970557"><ele>1194.0</ele></trkpt>
      <trkpt lat="49.135121" lon="19.970594"><ele>1194.0</ele></trkpt>
      <trkpt lat="49.135129" lon="19.970620"><ele>1194.0</ele></trkpt>
      <trkpt lat="49.135115" lon="19.970600"><ele>1194.0</ele></trkpt>
      <trkpt lat="49.135101" lon="19.970572"><ele>1194.0</ele></trkpt>
      <trkpt lat="49.135086" lon="19.970544"><ele>1194.0</ele></trkpt>
      <trkpt lat="49.135076" lon="19.970515"><ele>1192.0</ele></trkpt>
      <trkpt lat="49.135082" lon="19.970484"><ele>1191.0</ele></trkpt>
      <trkpt lat="49.135072" lon="19.970446"><ele>1192.0</ele></trkpt>
      <trkpt lat="49.135063" lon="19.970414"><ele>1192.0</ele></trkpt>
      <trkpt lat="49.135056" lon="19.970362"><ele>1191.0</ele></trkpt>
      <trkpt lat="49.135055" lon="19.970318"><ele>1191.0</ele></trkpt>
      <trkpt lat="49.135063" lon="19.970271"><ele>1190.0</ele></trkpt>
      <trkpt lat="49.135071" lon="19.970230"><ele>1188.0</ele></trkpt>
      <trkpt lat="49.135090" lon="19.970198"><ele>1188.0</ele></trkpt>
      <trkpt lat="49.135118" lon="19.970184"><ele>1188.0</ele></trkpt>
      <trkpt lat="49.135145" lon="19.970179"><ele>1188.0</ele></trkpt>
      <trkpt lat="49.135170" lon="19.970183"><ele>1188.0</ele></trkpt>
      <trkpt lat="49.135189" lon="19.970190"><ele>1188.0</ele></trkpt>
      <trkpt lat="49.135210" lon="19.970186"><ele>1187.0</ele></trkpt>
      <trkpt lat="49.135232" lon="19.970178"><ele>1187.0</ele></trkpt>
      <trkpt lat="49.135258" lon="19.970160"><ele>1187.0</ele></trkpt>
      <trkpt lat="49.135279" lon="19.970149"><ele>1187.0</ele></trkpt>
      <trkpt lat="49.135301" lon="19.970148"><ele>1186.0</ele></trkpt>
      <trkpt lat="49.135323" lon="19.970140"><ele>1186.0</ele></trkpt>
      <trkpt lat="49.135345" lon="19.970129"><ele>1186.0</ele></trkpt>
      <trkpt lat="49.135367" lon="19.970119"><ele>1186.0</ele></trkpt>
      <trkpt lat="49.135391" lon="19.970109"><ele>1186.0</ele></trkpt>
      <trkpt lat="49.135412" lon="19.970094"><ele>1185.0</ele></trkpt>
      <trkpt lat="49.135432" lon="19.970080"><ele>1184.0</ele></trkpt>
      <trkpt lat="49.135454" lon="19.970066"><ele>1183.0</ele></trkpt>
      <trkpt lat="49.135475" lon="19.970053"><ele>1183.0</ele></trkpt>
      <trkpt lat="49.135493" lon="19.970040"><ele>1183.0</ele></trkpt>
      <trkpt lat="49.135510" lon="19.970031"><ele>1183.0</ele></trkpt>
      <trkpt lat="49.135531" lon="19.970018"><ele>1183.0</ele></trkpt>
      <trkpt lat="49.135553" lon="19.970007"><ele>1183.0</ele></trkpt>
      <trkpt lat="49.135575" lon="19.969994"><ele>1182.0</ele></trkpt>
      <trkpt lat="49.135598" lon="19.969982"><ele>1182.0</ele></trkpt>
      <trkpt lat="49.135622" lon="19.969971"><ele>1182.0</ele></trkpt>
      <trkpt lat="49.135643" lon="19.969960"><ele>1182.0</ele></trkpt>
      <trkpt lat="49.135664" lon="19.969963"><ele>1182.0</ele></trkpt>
      <trkpt lat="49.135683" lon="19.969969"><ele>1181.0</ele></trkpt>
      <trkpt lat="49.135706" lon="19.969960"><ele>1181.0</ele></trkpt>
      <trkpt lat="49.135728" lon="19.969951"><ele>1182.0</ele></trkpt>
      <trkpt lat="49.135752" lon="19.969941"><ele>1182.0</ele></trkpt>
      <trkpt lat="49.135772" lon="19.969931"><ele>1182.0</ele></trkpt>
      <trkpt lat="49.135789" lon="19.969921"><ele>1181.0</ele></trkpt>
      <trkpt lat="49.135807" lon="19.969910"><ele>1180.0</ele></trkpt>
      <trkpt lat="49.135828" lon="19.969903"><ele>1180.0</ele></trkpt>
      <trkpt lat="49.135852" lon="19.969893"><ele>1180.0</ele></trkpt>
      <trkpt lat="49.135878" lon="19.969880"><ele>1180.0</ele></trkpt>
      <trkpt lat="49.135902" lon="19.969859"><ele>1180.0</ele></trkpt>
      <trkpt lat="49.135924" lon="19.969841"><ele>1180.0</ele></trkpt>
      <trkpt lat="49.135946" lon="19.969820"><ele>1179.0</ele></trkpt>
      <trkpt lat="49.135965" lon="19.969797"><ele>1179.0</ele></trkpt>
      <trkpt lat="49.135982" lon="19.969773"><ele>1179.0</ele></trkpt>
      <trkpt lat="49.136001" lon="19.969753"><ele>1179.0</ele></trkpt>
      <trkpt lat="49.136017" lon="19.969725"><ele>1179.0</ele></trkpt>
      <trkpt lat="49.136034" lon="19.969698"><ele>1179.0</ele></trkpt>
      <trkpt lat="49.136052" lon="19.969673"><ele>1179.0</ele></trkpt>
      <trkpt lat="49.136071" lon="19.969646"><ele>1179.0</ele></trkpt>
      <trkpt lat="49.136094" lon="19.969628"><ele>1178.0</ele></trkpt>
      <trkpt lat="49.136116" lon="19.969606"><ele>1178.0</ele></trkpt>
      <trkpt lat="49.136135" lon="19.969585"><ele>1178.0</ele></trkpt>
      <trkpt lat="49.136159" lon="19.969564"><ele>1178.0</ele></trkpt>
      <trkpt lat="49.136184" lon="19.969543"><ele>1178.0</ele></trkpt>
      <trkpt lat="49.136205" lon="19.969520"><ele>1177.0</ele></trkpt>
      <trkpt lat="49.136227" lon="19.969500"><ele>1177.0</ele></trkpt>
      <trkpt lat="49.136248" lon="19.969476"><ele>1176.0</ele></trkpt>
      <trkpt lat="49.136268" lon="19.969456"><ele>1176.0</ele></trkpt>
      <trkpt lat="49.136284" lon="19.969433"><ele>1176.0</ele></trkpt>
      <trkpt lat="49.136299" lon="19.969407"><ele>1176.0</ele></trkpt>
      <trkpt lat="49.136317" lon="19.969387"><ele>1175.0</ele></trkpt>
      <trkpt lat="49.136330" lon="19.969363"><ele>1175.0</ele></trkpt>
      <trkpt lat="49.136347" lon="19.969337"><ele>1174.0</ele></trkpt>
      <trkpt lat="49.136363" lon="19.969312"><ele>1174.0</ele></trkpt>
      <trkpt lat="49.136373" lon="19.969286"><ele>1173.0</ele></trkpt>
      <trkpt lat="49.136391" lon="19.969271"><ele>1173.0</ele></trkpt>
      <trkpt lat="49.136406" lon="19.969242"><ele>1173.0</ele></trkpt>
      <trkpt lat="49.136421" lon="19.969218"><ele>1173.0</ele></trkpt>
      <trkpt lat="49.136445" lon="19.969197"><ele>1173.0</ele></trkpt>
      <trkpt lat="49.136470" lon="19.969180"><ele>1172.0</ele></trkpt>
      <trkpt lat="49.136491" lon="19.969158"><ele>1172.0</ele></trkpt>
      <trkpt lat="49.136509" lon="19.969137"><ele>1172.0</ele></trkpt>
      <trkpt lat="49.136530" lon="19.969117"><ele>1172.0</ele></trkpt>
      <trkpt lat="49.136552" lon="19.969102"><ele>1172.0</ele></trkpt>
      <trkpt lat="49.136572" lon="19.969080"><ele>1171.0</ele></trkpt>
      <trkpt lat="49.136591" lon="19.969066"><ele>1171.0</ele></trkpt>
      <trkpt lat="49.136608" lon="19.969049"><ele>1171.0</ele></trkpt>
      <trkpt lat="49.136625" lon="19.969028"><ele>1171.0</ele></trkpt>
      <trkpt lat="49.136643" lon="19.969011"><ele>1171.0</ele></trkpt>
      <trkpt lat="49.136661" lon="19.968989"><ele>1170.0</ele></trkpt>
      <trkpt lat="49.136680" lon="19.968966"><ele>1170.0</ele></trkpt>
      <trkpt lat="49.136698" lon="19.968937"><ele>1168.0</ele></trkpt>
      <trkpt lat="49.136713" lon="19.968916"><ele>1168.0</ele></trkpt>
      <trkpt lat="49.136723" lon="19.968889"><ele>1168.0</ele></trkpt>
      <trkpt lat="49.136739" lon="19.968866"><ele>1168.0</ele></trkpt>
      <trkpt lat="49.136755" lon="19.968845"><ele>1168.0</ele></trkpt>
      <trkpt lat="49.136781" lon="19.968827"><ele>1168.0</ele></trkpt>
      <trkpt lat="49.136797" lon="19.968804"><ele>1168.0</ele></trkpt>
      <trkpt lat="49.136814" lon="19.968781"><ele>1167.0</ele></trkpt>
      <trkpt lat="49.136829" lon="19.968759"><ele>1167.0</ele></trkpt>
      <trkpt lat="49.136847" lon="19.968733"><ele>1166.0</ele></trkpt>
      <trkpt lat="49.136852" lon="19.968699"><ele>1166.0</ele></trkpt>
      <trkpt lat="49.136875" lon="19.968679"><ele>1166.0</ele></trkpt>
      <trkpt lat="49.136897" lon="19.968654"><ele>1166.0</ele></trkpt>
      <trkpt lat="49.136921" lon="19.968637"><ele>1166.0</ele></trkpt>
      <trkpt lat="49.136995" lon="19.968615"><ele>1165.0</ele></trkpt>
      <trkpt lat="49.137020" lon="19.968607"><ele>1165.0</ele></trkpt>
      <trkpt lat="49.137042" lon="19.968608"><ele>1164.0</ele></trkpt>
      <trkpt lat="49.137065" lon="19.968609"><ele>1164.0</ele></trkpt>
      <trkpt lat="49.137092" lon="19.968611"><ele>1164.0</ele></trkpt>
      <trkpt lat="49.137114" lon="19.968610"><ele>1164.0</ele></trkpt>
      <trkpt lat="49.137139" lon="19.968604"><ele>1164.0</ele></trkpt>
      <trkpt lat="49.137162" lon="19.968593"><ele>1164.0</ele></trkpt>
      <trkpt lat="49.137186" lon="19.968586"><ele>1164.0</ele></trkpt>
      <trkpt lat="49.137215" lon="19.968577"><ele>1164.0</ele></trkpt>
      <trkpt lat="49.137235" lon="19.968559"><ele>1164.0</ele></trkpt>
      <trkpt lat="49.137256" lon="19.968540"><ele>1164.0</ele></trkpt>
      <trkpt lat="49.137276" lon="19.968525"><ele>1163.0</ele></trkpt>
      <trkpt lat="49.137296" lon="19.968506"><ele>1163.0</ele></trkpt>
      <trkpt lat="49.137312" lon="19.968486"><ele>1163.0</ele></trkpt>
      <trkpt lat="49.137332" lon="19.968470"><ele>1163.0</ele></trkpt>
      <trkpt lat="49.137344" lon="19.968457"><ele>1162.0</ele></trkpt>
      <trkpt lat="49.137355" lon="19.968443"><ele>1162.0</ele></trkpt>
      <trkpt lat="49.137367" lon="19.968429"><ele>1162.0</ele></trkpt>
      <trkpt lat="49.137378" lon="19.968415"><ele>1162.0</ele></trkpt>
      <trkpt lat="49.137400" lon="19.968386"><ele>1161.0</ele></trkpt>
      <trkpt lat="49.137415" lon="19.968353"><ele>1161.0</ele></trkpt>
      <trkpt lat="49.137430" lon="19.968328"><ele>1161.0</ele></trkpt>
      <trkpt lat="49.137440" lon="19.968303"><ele>1161.0</ele></trkpt>
      <trkpt lat="49.137462" lon="19.968282"><ele>1160.0</ele></trkpt>
      <trkpt lat="49.137476" lon="19.968261"><ele>1159.0</ele></trkpt>
      <trkpt lat="49.137486" lon="19.968236"><ele>1159.0</ele></trkpt>
      <trkpt lat="49.137504" lon="19.968214"><ele>1159.0</ele></trkpt>
      <trkpt lat="49.137523" lon="19.968189"><ele>1159.0</ele></trkpt>
      <trkpt lat="49.137539" lon="19.968174"><ele>1159.0</ele></trkpt>
      <trkpt lat="49.137553" lon="19.968155"><ele>1159.0</ele></trkpt>
      <trkpt lat="49.137573" lon="19.968127"><ele>1159.0</ele></trkpt>
      <trkpt lat="49.137589" lon="19.968111"><ele>1158.0</ele></trkpt>
      <trkpt lat="49.137606" lon="19.968085"><ele>1158.0</ele></trkpt>
      <trkpt lat="49.137622" lon="19.968067"><ele>1157.0</ele></trkpt>
      <trkpt lat="49.137631" lon="19.968034"><ele>1157.0</ele></trkpt>
      <trkpt lat="49.137640" lon="19.968002"><ele>1156.0</ele></trkpt>
      <trkpt lat="49.137652" lon="19.967955"><ele>1156.0</ele></trkpt>
      <trkpt lat="49.137660" lon="19.967912"><ele>1155.0</ele></trkpt>
      <trkpt lat="49.137668" lon="19.967882"><ele>1155.0</ele></trkpt>
      <trkpt lat="49.137679" lon="19.967840"><ele>1154.0</ele></trkpt>
      <trkpt lat="49.137685" lon="19.967805"><ele>1154.0</ele></trkpt>
      <trkpt lat="49.137698" lon="19.967760"><ele>1154.0</ele></trkpt>
      <trkpt lat="49.137715" lon="19.967734"><ele>1153.0</ele></trkpt>
      <trkpt lat="49.137732" lon="19.967707"><ele>1153.0</ele></trkpt>
      <trkpt lat="49.137756" lon="19.967696"><ele>1153.0</ele></trkpt>
      <trkpt lat="49.137776" lon="19.967692"><ele>1153.0</ele></trkpt>
      <trkpt lat="49.137836" lon="19.967687"><ele>1152.0</ele></trkpt>
      <trkpt lat="49.137858" lon="19.967675"><ele>1152.0</ele></trkpt>
      <trkpt lat="49.137877" lon="19.967668"><ele>1152.0</ele></trkpt>
      <trkpt lat="49.137896" lon="19.967673"><ele>1152.0</ele></trkpt>
      <trkpt lat="49.137931" lon="19.967678"><ele>1152.0</ele></trkpt>
      <trkpt lat="49.137955" lon="19.967677"><ele>1152.0</ele></trkpt>
      <trkpt lat="49.137978" lon="19.967676"><ele>1152.0</ele></trkpt>
      <trkpt lat="49.138002" lon="19.967676"><ele>1152.0</ele></trkpt>
      <trkpt lat="49.138040" lon="19.967668"><ele>1152.0</ele></trkpt>
      <trkpt lat="49.138067" lon="19.967654"><ele>1151.0</ele></trkpt>
      <trkpt lat="49.138093" lon="19.967639"><ele>1151.0</ele></trkpt>
      <trkpt lat="49.138119" lon="19.967623"><ele>1152.0</ele></trkpt>
      <trkpt lat="49.138146" lon="19.967611"><ele>1152.0</ele></trkpt>
      <trkpt lat="49.138170" lon="19.967598"><ele>1152.0</ele></trkpt>
      <trkpt lat="49.138193" lon="19.967584"><ele>1152.0</ele></trkpt>
      <trkpt lat="49.138229" lon="19.967555"><ele>1152.0</ele></trkpt>
      <trkpt lat="49.138259" lon="19.967526"><ele>1152.0</ele></trkpt>
      <trkpt lat="49.138278" lon="19.967504"><ele>1152.0</ele></trkpt>
      <trkpt lat="49.138297" lon="19.967479"><ele>1152.0</ele></trkpt>
      <trkpt lat="49.138314" lon="19.967453"><ele>1152.0</ele></trkpt>
      <trkpt lat="49.138326" lon="19.967429"><ele>1152.0</ele></trkpt>
      <trkpt lat="49.138339" lon="19.967406"><ele>1152.0</ele></trkpt>
      <trkpt lat="49.138351" lon="19.967383"><ele>1152.0</ele></trkpt>
      <trkpt lat="49.138364" lon="19.967360"><ele>1152.0</ele></trkpt>
      <trkpt lat="49.138378" lon="19.967328"><ele>1150.0</ele></trkpt>
      <trkpt lat="49.138399" lon="19.967297"><ele>1151.0</ele></trkpt>
      <trkpt lat="49.138421" lon="19.967266"><ele>1151.0</ele></trkpt>
      <trkpt lat="49.138444" lon="19.967239"><ele>1151.0</ele></trkpt>
      <trkpt lat="49.138461" lon="19.967209"><ele>1150.0</ele></trkpt>
      <trkpt lat="49.138481" lon="19.967191"><ele>1150.0</ele></trkpt>
      <trkpt lat="49.138502" lon="19.967173"><ele>1149.0</ele></trkpt>
      <trkpt lat="49.138521" lon="19.967153"><ele>1149.0</ele></trkpt>
      <trkpt lat="49.138545" lon="19.967130"><ele>1149.0</ele></trkpt>
      <trkpt lat="49.138566" lon="19.967107"><ele>1149.0</ele></trkpt>
      <trkpt lat="49.138587" lon="19.967085"><ele>1150.0</ele></trkpt>
      <trkpt lat="49.138608" lon="19.967068"><ele>1150.0</ele></trkpt>
      <trkpt lat="49.138632" lon="19.967047"><ele>1150.0</ele></trkpt>
      <trkpt lat="49.138660" lon="19.967030"><ele>1150.0</ele></trkpt>
      <trkpt lat="49.138685" lon="19.967018"><ele>1150.0</ele></trkpt>
      <trkpt lat="49.138704" lon="19.967003"><ele>1151.0</ele></trkpt>
      <trkpt lat="49.138723" lon="19.966988"><ele>1151.0</ele></trkpt>
      <trkpt lat="49.138747" lon="19.966979"><ele>1151.0</ele></trkpt>
      <trkpt lat="49.138771" lon="19.966965"><ele>1151.0</ele></trkpt>
      <trkpt lat="49.138802" lon="19.966951"><ele>1149.0</ele></trkpt>
      <trkpt lat="49.138828" lon="19.966945"><ele>1149.0</ele></trkpt>
      <trkpt lat="49.138853" lon="19.966937"><ele>1149.0</ele></trkpt>
      <trkpt lat="49.138879" lon="19.966929"><ele>1149.0</ele></trkpt>
      <trkpt lat="49.138905" lon="19.966923"><ele>1149.0</ele></trkpt>
      <trkpt lat="49.138929" lon="19.966916"><ele>1149.0</ele></trkpt>
      <trkpt lat="49.138952" lon="19.966911"><ele>1149.0</ele></trkpt>
      <trkpt lat="49.138979" lon="19.966904"><ele>1149.0</ele></trkpt>
      <trkpt lat="49.139020" lon="19.966897"><ele>1149.0</ele></trkpt>
      <trkpt lat="49.139048" lon="19.966889"><ele>1149.0</ele></trkpt>
      <trkpt lat="49.139075" lon="19.966881"><ele>1149.0</ele></trkpt>
      <trkpt lat="49.139098" lon="19.966872"><ele>1149.0</ele></trkpt>
      <trkpt lat="49.139128" lon="19.966852"><ele>1149.0</ele></trkpt>
      <trkpt lat="49.139143" lon="19.966844"><ele>1149.0</ele></trkpt>
      <trkpt lat="49.139159" lon="19.966836"><ele>1149.0</ele></trkpt>
      <trkpt lat="49.139174" lon="19.966829"><ele>1149.0</ele></trkpt>
      <trkpt lat="49.139189" lon="19.966821"><ele>1148.0</ele></trkpt>
      <trkpt lat="49.139204" lon="19.966813"><ele>1148.0</ele></trkpt>
      <trkpt lat="49.139219" lon="19.966806"><ele>1148.0</ele></trkpt>
      <trkpt lat="49.139254" lon="19.966788"><ele>1148.0</ele></trkpt>
      <trkpt lat="49.139277" lon="19.966774"><ele>1148.0</ele></trkpt>
      <trkpt lat="49.139303" lon="19.966768"><ele>1148.0</ele></trkpt>
      <trkpt lat="49.139329" lon="19.966762"><ele>1148.0</ele></trkpt>
      <trkpt lat="49.139348" lon="19.966760"><ele>1148.0</ele></trkpt>
      <trkpt lat="49.139368" lon="19.966757"><ele>1148.0</ele></trkpt>
      <trkpt lat="49.139387" lon="19.966755"><ele>1148.0</ele></trkpt>
      <trkpt lat="49.139406" lon="19.966752"><ele>1148.0</ele></trkpt>
      <trkpt lat="49.139425" lon="19.966750"><ele>1148.0</ele></trkpt>
      <trkpt lat="49.139443" lon="19.966747"><ele>1148.0</ele></trkpt>
      <trkpt lat="49.139462" lon="19.966743"><ele>1148.0</ele></trkpt>
      <trkpt lat="49.139480" lon="19.966740"><ele>1148.0</ele></trkpt>
      <trkpt lat="49.139498" lon="19.966737"><ele>1148.0</ele></trkpt>
      <trkpt lat="49.139516" lon="19.966733"><ele>1148.0</ele></trkpt>
      <trkpt lat="49.139541" lon="19.966733"><ele>1148.0</ele></trkpt>
      <trkpt lat="49.139565" lon="19.966733"><ele>1148.0</ele></trkpt>
      <trkpt lat="49.139589" lon="19.966732"><ele>1148.0</ele></trkpt>
      <trkpt lat="49.139613" lon="19.966732"><ele>1147.0</ele></trkpt>
      <trkpt lat="49.139646" lon="19.966711"><ele>1148.0</ele></trkpt>
      <trkpt lat="49.139670" lon="19.966698"><ele>1148.0</ele></trkpt>
      <trkpt lat="49.139691" lon="19.966688"><ele>1148.0</ele></trkpt>
      <trkpt lat="49.139710" lon="19.966673"><ele>1148.0</ele></trkpt>
      <trkpt lat="49.139729" lon="19.966657"><ele>1148.0</ele></trkpt>
      <trkpt lat="49.139749" lon="19.966633"><ele>1148.0</ele></trkpt>
      <trkpt lat="49.139758" lon="19.966617"><ele>1148.0</ele></trkpt>
      <trkpt lat="49.139768" lon="19.966601"><ele>1148.0</ele></trkpt>
      <trkpt lat="49.139786" lon="19.966570"><ele>1148.0</ele></trkpt>
      <trkpt lat="49.139795" lon="19.966554"><ele>1148.0</ele></trkpt>
      <trkpt lat="49.139804" lon="19.966538"><ele>1148.0</ele></trkpt>
      <trkpt lat="49.139813" lon="19.966522"><ele>1148.0</ele></trkpt>
      <trkpt lat="49.139839" lon="19.966483"><ele>1150.0</ele></trkpt>
      <trkpt lat="49.139858" lon="19.966455"><ele>1150.0</ele></trkpt>
      <trkpt lat="49.139876" lon="19.966436"><ele>1150.0</ele></trkpt>
      <trkpt lat="49.139888" lon="19.966410"><ele>1150.0</ele></trkpt>
      <trkpt lat="49.139900" lon="19.966384"><ele>1150.0</ele></trkpt>
      <trkpt lat="49.139920" lon="19.966348"><ele>1151.0</ele></trkpt>
      <trkpt lat="49.139943" lon="19.966329"><ele>1151.0</ele></trkpt>
      <trkpt lat="49.139959" lon="19.966331"><ele>1151.0</ele></trkpt>
      <trkpt lat="49.139975" lon="19.966333"><ele>1151.0</ele></trkpt>
      <trkpt lat="49.139987" lon="19.966347"><ele>1150.0</ele></trkpt>
      <trkpt lat="49.139996" lon="19.966372"><ele>1150.0</ele></trkpt>
      <trkpt lat="49.140006" lon="19.966398"><ele>1152.0</ele></trkpt>
      <trkpt lat="49.140015" lon="19.966423"><ele>1152.0</ele></trkpt>
      <trkpt lat="49.140024" lon="19.966449"><ele>1152.0</ele></trkpt>
      <trkpt lat="49.140036" lon="19.966475"><ele>1153.0</ele></trkpt>
      <trkpt lat="49.140052" lon="19.966501"><ele>1153.0</ele></trkpt>
      <trkpt lat="49.140067" lon="19.966528"><ele>1154.0</ele></trkpt>
      <trkpt lat="49.140083" lon="19.966555"><ele>1154.0</ele></trkpt>
      <trkpt lat="49.140109" lon="19.966602"><ele>1155.0</ele></trkpt>
      <trkpt lat="49.140120" lon="19.966630"><ele>1156.0</ele></trkpt>
      <trkpt lat="49.140132" lon="19.966655"><ele>1156.0</ele></trkpt>
      <trkpt lat="49.140144" lon="19.966680"><ele>1158.0</ele></trkpt>
      <trkpt lat="49.140157" lon="19.966704"><ele>1158.0</ele></trkpt>
      <trkpt lat="49.140177" lon="19.966752"><ele>1158.0</ele></trkpt>
      <trkpt lat="49.140185" lon="19.966779"><ele>1160.0</ele></trkpt>
      <trkpt lat="49.140201" lon="19.966796"><ele>1161.0</ele></trkpt>
      <trkpt lat="49.140213" lon="19.966813"><ele>1161.0</ele></trkpt>
      <trkpt lat="49.140225" lon="19.966829"><ele>1162.0</ele></trkpt>
      <trkpt lat="49.140237" lon="19.966852"><ele>1163.0</ele></trkpt>
      <trkpt lat="49.140251" lon="19.966879"><ele>1163.0</ele></trkpt>
      <trkpt lat="49.140264" lon="19.966907"><ele>1163.0</ele></trkpt>
      <trkpt lat="49.140292" lon="19.966963"><ele>1164.0</ele></trkpt>
      <trkpt lat="49.140304" lon="19.966977"><ele>1164.0</ele></trkpt>
      <trkpt lat="49.140317" lon="19.966991"><ele>1165.0</ele></trkpt>
      <trkpt lat="49.140329" lon="19.967005"><ele>1165.0</ele></trkpt>
      <trkpt lat="49.140342" lon="19.967019"><ele>1165.0</ele></trkpt>
      <trkpt lat="49.140354" lon="19.967033"><ele>1165.0</ele></trkpt>
      <trkpt lat="49.140377" lon="19.967064"><ele>1165.0</ele></trkpt>
      <trkpt lat="49.140395" lon="19.967092"><ele>1166.0</ele></trkpt>
      <trkpt lat="49.140408" lon="19.967113"><ele>1167.0</ele></trkpt>
      <trkpt lat="49.140422" lon="19.967141"><ele>1167.0</ele></trkpt>
      <trkpt lat="49.140438" lon="19.967169"><ele>1167.0</ele></trkpt>
      <trkpt lat="49.140469" lon="19.967228"><ele>1169.0</ele></trkpt>
      <trkpt lat="49.140502" lon="19.967262"><ele>1170.0</ele></trkpt>
      <trkpt lat="49.140511" lon="19.967288"><ele>1170.0</ele></trkpt>
      <trkpt lat="49.140528" lon="19.967316"><ele>1170.0</ele></trkpt>
      <trkpt lat="49.140546" lon="19.967339"><ele>1171.0</ele></trkpt>
      <trkpt lat="49.140570" lon="19.967361"><ele>1172.0</ele></trkpt>
      <trkpt lat="49.140588" lon="19.967380"><ele>1173.0</ele></trkpt>
      <trkpt lat="49.140602" lon="19.967398"><ele>1173.0</ele></trkpt>
      <trkpt lat="49.140620" lon="19.967417"><ele>1174.0</ele></trkpt>
      <trkpt lat="49.140639" lon="19.967435"><ele>1174.0</ele></trkpt>
      <trkpt lat="49.140662" lon="19.967454"><ele>1175.0</ele></trkpt>
      <trkpt lat="49.140681" lon="19.967470"><ele>1176.0</ele></trkpt>
      <trkpt lat="49.140697" lon="19.967485"><ele>1177.0</ele></trkpt>
      <trkpt lat="49.140714" lon="19.967503"><ele>1177.0</ele></trkpt>
      <trkpt lat="49.140733" lon="19.967513"><ele>1177.0</ele></trkpt>
      <trkpt lat="49.140749" lon="19.967535"><ele>1177.0</ele></trkpt>
      <trkpt lat="49.140769" lon="19.967547"><ele>1179.0</ele></trkpt>
      <trkpt lat="49.140786" lon="19.967560"><ele>1178.0</ele></trkpt>
      <trkpt lat="49.140806" lon="19.967575"><ele>1179.0</ele></trkpt>
      <trkpt lat="49.140829" lon="19.967595"><ele>1179.0</ele></trkpt>
      <trkpt lat="49.140850" lon="19.967611"><ele>1180.0</ele></trkpt>
      <trkpt lat="49.140870" lon="19.967633"><ele>1180.0</ele></trkpt>
      <trkpt lat="49.140883" lon="19.967651"><ele>1181.0</ele></trkpt>
      <trkpt lat="49.140876" lon="19.967676"><ele>1182.0</ele></trkpt>
      <trkpt lat="49.140858" lon="19.967667"><ele>1182.0</ele></trkpt>
      <trkpt lat="49.140841" lon="19.967657"><ele>1183.0</ele></trkpt>
      <trkpt lat="49.140860" lon="19.967643"><ele>1182.0</ele></trkpt>
      <trkpt lat="49.140881" lon="19.967669"><ele>1183.0</ele></trkpt>
      <trkpt lat="49.140903" lon="19.967689"><ele>1184.0</ele></trkpt>
      <trkpt lat="49.140925" lon="19.967705"><ele>1185.0</ele></trkpt>
      <trkpt lat="49.140948" lon="19.967723"><ele>1185.0</ele></trkpt>
      <trkpt lat="49.140962" lon="19.967744"><ele>1185.0</ele></trkpt>
      <trkpt lat="49.140979" lon="19.967760"><ele>1186.0</ele></trkpt>
      <trkpt lat="49.140994" lon="19.967781"><ele>1187.0</ele></trkpt>
      <trkpt lat="49.141005" lon="19.967806"><ele>1188.0</ele></trkpt>
      <trkpt lat="49.141023" lon="19.967828"><ele>1189.0</ele></trkpt>
      <trkpt lat="49.141037" lon="19.967848"><ele>1189.0</ele></trkpt>
      <trkpt lat="49.141060" lon="19.967858"><ele>1190.0</ele></trkpt>
      <trkpt lat="49.141079" lon="19.967872"><ele>1190.0</ele></trkpt>
      <trkpt lat="49.141104" lon="19.967889"><ele>1189.0</ele></trkpt>
      <trkpt lat="49.141122" lon="19.967912"><ele>1190.0</ele></trkpt>
      <trkpt lat="49.141139" lon="19.967928"><ele>1191.0</ele></trkpt>
      <trkpt lat="49.141156" lon="19.967948"><ele>1192.0</ele></trkpt>
      <trkpt lat="49.141172" lon="19.967976"><ele>1193.0</ele></trkpt>
      <trkpt lat="49.141193" lon="19.967994"><ele>1193.0</ele></trkpt>
      <trkpt lat="49.141210" lon="19.968015"><ele>1193.0</ele></trkpt>
      <trkpt lat="49.141232" lon="19.968035"><ele>1195.0</ele></trkpt>
      <trkpt lat="49.141246" lon="19.968057"><ele>1195.0</ele></trkpt>
      <trkpt lat="49.141262" lon="19.968078"><ele>1196.0</ele></trkpt>
      <trkpt lat="49.141282" lon="19.968089"><ele>1197.0</ele></trkpt>
      <trkpt lat="49.141300" lon="19.968110"><ele>1197.0</ele></trkpt>
      <trkpt lat="49.141316" lon="19.968134"><ele>1197.0</ele></trkpt>
      <trkpt lat="49.141334" lon="19.968152"><ele>1199.0</ele></trkpt>
      <trkpt lat="49.141349" lon="19.968169"><ele>1199.0</ele></trkpt>
      <trkpt lat="49.141365" lon="19.968189"><ele>1199.0</ele></trkpt>
      <trkpt lat="49.141381" lon="19.968202"><ele>1201.0</ele></trkpt>
      <trkpt lat="49.141403" lon="19.968217"><ele>1201.0</ele></trkpt>
      <trkpt lat="49.141419" lon="19.968234"><ele>1202.0</ele></trkpt>
      <trkpt lat="49.141434" lon="19.968260"><ele>1203.0</ele></trkpt>
      <trkpt lat="49.141445" lon="19.968282"><ele>1203.0</ele></trkpt>
      <trkpt lat="49.141462" lon="19.968314"><ele>1203.0</ele></trkpt>
      <trkpt lat="49.141482" lon="19.968333"><ele>1203.0</ele></trkpt>
      <trkpt lat="49.141499" lon="19.968347"><ele>1203.0</ele></trkpt>
      <trkpt lat="49.141518" lon="19.968369"><ele>1204.0</ele></trkpt>
      <trkpt lat="49.141540" lon="19.968379"><ele>1204.0</ele></trkpt>
      <trkpt lat="49.141560" lon="19.968389"><ele>1204.0</ele></trkpt>
      <trkpt lat="49.141583" lon="19.968405"><ele>1205.0</ele></trkpt>
      <trkpt lat="49.141603" lon="19.968418"><ele>1206.0</ele></trkpt>
      <trkpt lat="49.141625" lon="19.968439"><ele>1206.0</ele></trkpt>
      <trkpt lat="49.141636" lon="19.968474"><ele>1207.0</ele></trkpt>
      <trkpt lat="49.141655" lon="19.968503"><ele>1207.0</ele></trkpt>
      <trkpt lat="49.141674" lon="19.968516"><ele>1208.0</ele></trkpt>
      <trkpt lat="49.141698" lon="19.968522"><ele>1208.0</ele></trkpt>
      <trkpt lat="49.141719" lon="19.968529"><ele>1208.0</ele></trkpt>
      <trkpt lat="49.141740" lon="19.968538"><ele>1208.0</ele></trkpt>
      <trkpt lat="49.141761" lon="19.968559"><ele>1209.0</ele></trkpt>
      <trkpt lat="49.141781" lon="19.968577"><ele>1209.0</ele></trkpt>
      <trkpt lat="49.141803" lon="19.968587"><ele>1209.0</ele></trkpt>
      <trkpt lat="49.141828" lon="19.968600"><ele>1210.0</ele></trkpt>
      <trkpt lat="49.141856" lon="19.968616"><ele>1211.0</ele></trkpt>
      <trkpt lat="49.141881" lon="19.968617"><ele>1211.0</ele></trkpt>
      <trkpt lat="49.141905" lon="19.968631"><ele>1212.0</ele></trkpt>
      <trkpt lat="49.141926" lon="19.968646"><ele>1212.0</ele></trkpt>
      <trkpt lat="49.141952" lon="19.968661"><ele>1213.0</ele></trkpt>
      <trkpt lat="49.141980" lon="19.968677"><ele>1213.0</ele></trkpt>
      <trkpt lat="49.142003" lon="19.968688"><ele>1213.0</ele></trkpt>
      <trkpt lat="49.142030" lon="19.968701"><ele>1213.0</ele></trkpt>
      <trkpt lat="49.142051" lon="19.968712"><ele>1214.0</ele></trkpt>
      <trkpt lat="49.142069" lon="19.968709"><ele>1214.0</ele></trkpt>
      <trkpt lat="49.142095" lon="19.968711"><ele>1216.0</ele></trkpt>
      <trkpt lat="49.142123" lon="19.968717"><ele>1216.0</ele></trkpt>
      <trkpt lat="49.142142" lon="19.968724"><ele>1217.0</ele></trkpt>
      <trkpt lat="49.142165" lon="19.968719"><ele>1217.0</ele></trkpt>
      <trkpt lat="49.142187" lon="19.968712"><ele>1217.0</ele></trkpt>
      <trkpt lat="49.142207" lon="19.968705"><ele>1217.0</ele></trkpt>
      <trkpt lat="49.142232" lon="19.968694"><ele>1218.0</ele></trkpt>
      <trkpt lat="49.142253" lon="19.968682"><ele>1218.0</ele></trkpt>
      <trkpt lat="49.142272" lon="19.968670"><ele>1218.0</ele></trkpt>
      <trkpt lat="49.142288" lon="19.968651"><ele>1219.0</ele></trkpt>
      <trkpt lat="49.142303" lon="19.968634"><ele>1219.0</ele></trkpt>
      <trkpt lat="49.142321" lon="19.968618"><ele>1219.0</ele></trkpt>
      <trkpt lat="49.142342" lon="19.968612"><ele>1219.0</ele></trkpt>
      <trkpt lat="49.142367" lon="19.968604"><ele>1219.0</ele></trkpt>
      <trkpt lat="49.142389" lon="19.968596"><ele>1220.0</ele></trkpt>
      <trkpt lat="49.142407" lon="19.968601"><ele>1221.0</ele></trkpt>
      <trkpt lat="49.142432" lon="19.968603"><ele>1221.0</ele></trkpt>
      <trkpt lat="49.142457" lon="19.968607"><ele>1222.0</ele></trkpt>
      <trkpt lat="49.142483" lon="19.968611"><ele>1223.0</ele></trkpt>
      <trkpt lat="49.142503" lon="19.968614"><ele>1223.0</ele></trkpt>
      <trkpt lat="49.142527" lon="19.968621"><ele>1224.0</ele></trkpt>
      <trkpt lat="49.142546" lon="19.968631"><ele>1224.0</ele></trkpt>
      <trkpt lat="49.142570" lon="19.968631"><ele>1224.0</ele></trkpt>
      <trkpt lat="49.142596" lon="19.968630"><ele>1225.0</ele></trkpt>
      <trkpt lat="49.142619" lon="19.968633"><ele>1227.0</ele></trkpt>
      <trkpt lat="49.142646" lon="19.968635"><ele>1227.0</ele></trkpt>
      <trkpt lat="49.142665" lon="19.968640"><ele>1227.0</ele></trkpt>
      <trkpt lat="49.142691" lon="19.968640"><ele>1228.0</ele></trkpt>
      <trkpt lat="49.142716" lon="19.968642"><ele>1229.0</ele></trkpt>
      <trkpt lat="49.142737" lon="19.968643"><ele>1229.0</ele></trkpt>
      <trkpt lat="49.142762" lon="19.968648"><ele>1229.0</ele></trkpt>
      <trkpt lat="49.142785" lon="19.968652"><ele>1229.0</ele></trkpt>
      <trkpt lat="49.142815" lon="19.968661"><ele>1229.0</ele></trkpt>
      <trkpt lat="49.142833" lon="19.968664"><ele>1230.0</ele></trkpt>
      <trkpt lat="49.142852" lon="19.968671"><ele>1230.0</ele></trkpt>
      <trkpt lat="49.142876" lon="19.968670"><ele>1231.0</ele></trkpt>
      <trkpt lat="49.142896" lon="19.968670"><ele>1231.0</ele></trkpt>
      <trkpt lat="49.142914" lon="19.968667"><ele>1231.0</ele></trkpt>
      <trkpt lat="49.142939" lon="19.968667"><ele>1232.0</ele></trkpt>
      <trkpt lat="49.142964" lon="19.968658"><ele>1232.0</ele></trkpt>
      <trkpt lat="49.142991" lon="19.968658"><ele>1233.0</ele></trkpt>
      <trkpt lat="49.143018" lon="19.968653"><ele>1234.0</ele></trkpt>
      <trkpt lat="49.143040" lon="19.968650"><ele>1234.0</ele></trkpt>
      <trkpt lat="49.143064" lon="19.968648"><ele>1235.0</ele></trkpt>
      <trkpt lat="49.143088" lon="19.968643"><ele>1235.0</ele></trkpt>
      <trkpt lat="49.143113" lon="19.968627"><ele>1235.0</ele></trkpt>
      <trkpt lat="49.143138" lon="19.968617"><ele>1236.0</ele></trkpt>
      <trkpt lat="49.143156" lon="19.968603"><ele>1236.0</ele></trkpt>
      <trkpt lat="49.143174" lon="19.968585"><ele>1237.0</ele></trkpt>
      <trkpt lat="49.143196" lon="19.968571"><ele>1237.0</ele></trkpt>
      <trkpt lat="49.143218" lon="19.968555"><ele>1238.0</ele></trkpt>
      <trkpt lat="49.143241" lon="19.968538"><ele>1238.0</ele></trkpt>
      <trkpt lat="49.143262" lon="19.968527"><ele>1238.0</ele></trkpt>
      <trkpt lat="49.143285" lon="19.968514"><ele>1239.0</ele></trkpt>
      <trkpt lat="49.143304" lon="19.968504"><ele>1240.0</ele></trkpt>
      <trkpt lat="49.143327" lon="19.968496"><ele>1240.0</ele></trkpt>
      <trkpt lat="49.143344" lon="19.968475"><ele>1240.0</ele></trkpt>
      <trkpt lat="49.143367" lon="19.968462"><ele>1241.0</ele></trkpt>
      <trkpt lat="49.143389" lon="19.968451"><ele>1241.0</ele></trkpt>
      <trkpt lat="49.143408" lon="19.968441"><ele>1242.0</ele></trkpt>
      <trkpt lat="49.143430" lon="19.968419"><ele>1243.0</ele></trkpt>
      <trkpt lat="49.143451" lon="19.968399"><ele>1243.0</ele></trkpt>
      <trkpt lat="49.143473" lon="19.968382"><ele>1244.0</ele></trkpt>
      <trkpt lat="49.143493" lon="19.968361"><ele>1244.0</ele></trkpt>
      <trkpt lat="49.143512" lon="19.968336"><ele>1244.0</ele></trkpt>
      <trkpt lat="49.143528" lon="19.968321"><ele>1244.0</ele></trkpt>
      <trkpt lat="49.143545" lon="19.968305"><ele>1244.0</ele></trkpt>
      <trkpt lat="49.143561" lon="19.968289"><ele>1244.0</ele></trkpt>
      <trkpt lat="49.143576" lon="19.968268"><ele>1244.0</ele></trkpt>
      <trkpt lat="49.143589" lon="19.968247"><ele>1245.0</ele></trkpt>
      <trkpt lat="49.143603" lon="19.968223"><ele>1245.0</ele></trkpt>
      <trkpt lat="49.143623" lon="19.968196"><ele>1246.0</ele></trkpt>
      <trkpt lat="49.143642" lon="19.968168"><ele>1246.0</ele></trkpt>
      <trkpt lat="49.143657" lon="19.968152"><ele>1246.0</ele></trkpt>
      <trkpt lat="49.143676" lon="19.968148"><ele>1246.0</ele></trkpt>
      <trkpt lat="49.143685" lon="19.968122"><ele>1246.0</ele></trkpt>
      <trkpt lat="49.143702" lon="19.968105"><ele>1246.0</ele></trkpt>
      <trkpt lat="49.143721" lon="19.968089"><ele>1247.0</ele></trkpt>
      <trkpt lat="49.143749" lon="19.968071"><ele>1248.0</ele></trkpt>
      <trkpt lat="49.143774" lon="19.968053"><ele>1248.0</ele></trkpt>
      <trkpt lat="49.143791" lon="19.968041"><ele>1248.0</ele></trkpt>
      <trkpt lat="49.143808" lon="19.968026"><ele>1249.0</ele></trkpt>
      <trkpt lat="49.143826" lon="19.968016"><ele>1249.0</ele></trkpt>
      <trkpt lat="49.143851" lon="19.968003"><ele>1249.0</ele></trkpt>
      <trkpt lat="49.143868" lon="19.967992"><ele>1250.0</ele></trkpt>
      <trkpt lat="49.143891" lon="19.967975"><ele>1250.0</ele></trkpt>
      <trkpt lat="49.143911" lon="19.967960"><ele>1251.0</ele></trkpt>
      <trkpt lat="49.143932" lon="19.967947"><ele>1250.0</ele></trkpt>
      <trkpt lat="49.143950" lon="19.967929"><ele>1250.0</ele></trkpt>
      <trkpt lat="49.143976" lon="19.967916"><ele>1251.0</ele></trkpt>
      <trkpt lat="49.144000" lon="19.967907"><ele>1252.0</ele></trkpt>
      <trkpt lat="49.144023" lon="19.967904"><ele>1253.0</ele></trkpt>
      <trkpt lat="49.144043" lon="19.967896"><ele>1253.0</ele></trkpt>
      <trkpt lat="49.144066" lon="19.967880"><ele>1253.0</ele></trkpt>
      <trkpt lat="49.144082" lon="19.967866"><ele>1254.0</ele></trkpt>
      <trkpt lat="49.144099" lon="19.967856"><ele>1254.0</ele></trkpt>
      <trkpt lat="49.144117" lon="19.967830"><ele>1255.0</ele></trkpt>
      <trkpt lat="49.144135" lon="19.967821"><ele>1255.0</ele></trkpt>
      <trkpt lat="49.144159" lon="19.967806"><ele>1256.0</ele></trkpt>
      <trkpt lat="49.144181" lon="19.967790"><ele>1257.0</ele></trkpt>
      <trkpt lat="49.144203" lon="19.967774"><ele>1257.0</ele></trkpt>
      <trkpt lat="49.144224" lon="19.967758"><ele>1258.0</ele></trkpt>
      <trkpt lat="49.144244" lon="19.967745"><ele>1258.0</ele></trkpt>
      <trkpt lat="49.144266" lon="19.967733"><ele>1258.0</ele></trkpt>
      <trkpt lat="49.144287" lon="19.967725"><ele>1258.0</ele></trkpt>
      <trkpt lat="49.144311" lon="19.967720"><ele>1258.0</ele></trkpt>
      <trkpt lat="49.144331" lon="19.967702"><ele>1260.0</ele></trkpt>
      <trkpt lat="49.144347" lon="19.967681"><ele>1260.0</ele></trkpt>
      <trkpt lat="49.144365" lon="19.967675"><ele>1259.0</ele></trkpt>
      <trkpt lat="49.144384" lon="19.967671"><ele>1260.0</ele></trkpt>
      <trkpt lat="49.144404" lon="19.967672"><ele>1261.0</ele></trkpt>
      <trkpt lat="49.144423" lon="19.967683"><ele>1261.0</ele></trkpt>
      <trkpt lat="49.144448" lon="19.967694"><ele>1262.0</ele></trkpt>
      <trkpt lat="49.144466" lon="19.967701"><ele>1262.0</ele></trkpt>
      <trkpt lat="49.144484" lon="19.967714"><ele>1263.0</ele></trkpt>
      <trkpt lat="49.144507" lon="19.967729"><ele>1263.0</ele></trkpt>
      <trkpt lat="49.144529" lon="19.967745"><ele>1264.0</ele></trkpt>
      <trkpt lat="49.144550" lon="19.967759"><ele>1264.0</ele></trkpt>
      <trkpt lat="49.144568" lon="19.967766"><ele>1264.0</ele></trkpt>
      <trkpt lat="49.144588" lon="19.967770"><ele>1265.0</ele></trkpt>
      <trkpt lat="49.144607" lon="19.967772"><ele>1266.0</ele></trkpt>
      <trkpt lat="49.144625" lon="19.967780"><ele>1266.0</ele></trkpt>
      <trkpt lat="49.144642" lon="19.967790"><ele>1266.0</ele></trkpt>
      <trkpt lat="49.144670" lon="19.967798"><ele>1266.0</ele></trkpt>
      <trkpt lat="49.144685" lon="19.967825"><ele>1266.0</ele></trkpt>
      <trkpt lat="49.144690" lon="19.967853"><ele>1267.0</ele></trkpt>
      <trkpt lat="49.144689" lon="19.967898"><ele>1267.0</ele></trkpt>
      <trkpt lat="49.144693" lon="19.967927"><ele>1268.0</ele></trkpt>
      <trkpt lat="49.144701" lon="19.967954"><ele>1269.0</ele></trkpt>
      <trkpt lat="49.144716" lon="19.967989"><ele>1269.0</ele></trkpt>
      <trkpt lat="49.144724" lon="19.968014"><ele>1269.0</ele></trkpt>
      <trkpt lat="49.144727" lon="19.968044"><ele>1269.0</ele></trkpt>
      <trkpt lat="49.144730" lon="19.968073"><ele>1269.0</ele></trkpt>
      <trkpt lat="49.144734" lon="19.968101"><ele>1269.0</ele></trkpt>
      <trkpt lat="49.144740" lon="19.968132"><ele>1269.0</ele></trkpt>
      <trkpt lat="49.144752" lon="19.968163"><ele>1270.0</ele></trkpt>
      <trkpt lat="49.144757" lon="19.968193"><ele>1271.0</ele></trkpt>
      <trkpt lat="49.144764" lon="19.968224"><ele>1271.0</ele></trkpt>
      <trkpt lat="49.144775" lon="19.968257"><ele>1272.0</ele></trkpt>
      <trkpt lat="49.144784" lon="19.968291"><ele>1272.0</ele></trkpt>
      <trkpt lat="49.144788" lon="19.968318"><ele>1272.0</ele></trkpt>
      <trkpt lat="49.144795" lon="19.968354"><ele>1272.0</ele></trkpt>
      <trkpt lat="49.144802" lon="19.968386"><ele>1273.0</ele></trkpt>
      <trkpt lat="49.144805" lon="19.968426"><ele>1274.0</ele></trkpt>
      <trkpt lat="49.144818" lon="19.968454"><ele>1274.0</ele></trkpt>
      <trkpt lat="49.144824" lon="19.968485"><ele>1275.0</ele></trkpt>
      <trkpt lat="49.144829" lon="19.968517"><ele>1275.0</ele></trkpt>
      <trkpt lat="49.144835" lon="19.968553"><ele>1275.0</ele></trkpt>
      <trkpt lat="49.144837" lon="19.968586"><ele>1275.0</ele></trkpt>
      <trkpt lat="49.144842" lon="19.968618"><ele>1276.0</ele></trkpt>
      <trkpt lat="49.144845" lon="19.968656"><ele>1277.0</ele></trkpt>
      <trkpt lat="49.144846" lon="19.968691"><ele>1276.0</ele></trkpt>
      <trkpt lat="49.144849" lon="19.968721"><ele>1277.0</ele></trkpt>
      <trkpt lat="49.144847" lon="19.968754"><ele>1277.0</ele></trkpt>
      <trkpt lat="49.144851" lon="19.968789"><ele>1278.0</ele></trkpt>
      <trkpt lat="49.144861" lon="19.968825"><ele>1279.0</ele></trkpt>
      <trkpt lat="49.144865" lon="19.968853"><ele>1279.0</ele></trkpt>
      <trkpt lat="49.144869" lon="19.968885"><ele>1279.0</ele></trkpt>
      <trkpt lat="49.144873" lon="19.968916"><ele>1279.0</ele></trkpt>
      <trkpt lat="49.144875" lon="19.968953"><ele>1280.0</ele></trkpt>
      <trkpt lat="49.144876" lon="19.968988"><ele>1280.0</ele></trkpt>
      <trkpt lat="49.144883" lon="19.969021"><ele>1281.0</ele></trkpt>
      <trkpt lat="49.144898" lon="19.969043"><ele>1282.0</ele></trkpt>
      <trkpt lat="49.144914" lon="19.969065"><ele>1282.0</ele></trkpt>
      <trkpt lat="49.144930" lon="19.969086"><ele>1282.0</ele></trkpt>
      <trkpt lat="49.144945" lon="19.969129"><ele>1284.0</ele></trkpt>
      <trkpt lat="49.144948" lon="19.969163"><ele>1284.0</ele></trkpt>
      <trkpt lat="49.144948" lon="19.969197"><ele>1284.0</ele></trkpt>
      <trkpt lat="49.144953" lon="19.969239"><ele>1285.0</ele></trkpt>
      <trkpt lat="49.144953" lon="19.969269"><ele>1285.0</ele></trkpt>
      <trkpt lat="49.144959" lon="19.969299"><ele>1286.0</ele></trkpt>
      <trkpt lat="49.144965" lon="19.969330"><ele>1287.0</ele></trkpt>
      <trkpt lat="49.144970" lon="19.969363"><ele>1288.0</ele></trkpt>
      <trkpt lat="49.144969" lon="19.969395"><ele>1288.0</ele></trkpt>
      <trkpt lat="49.144968" lon="19.969428"><ele>1289.0</ele></trkpt>
      <trkpt lat="49.144976" lon="19.969453"><ele>1289.0</ele></trkpt>
      <trkpt lat="49.144977" lon="19.969489"><ele>1289.0</ele></trkpt>
      <trkpt lat="49.144994" lon="19.969502"><ele>1291.0</ele></trkpt>
      <trkpt lat="49.145010" lon="19.969484"><ele>1291.0</ele></trkpt>
      <trkpt lat="49.145021" lon="19.969454"><ele>1293.0</ele></trkpt>
      <trkpt lat="49.145024" lon="19.969420"><ele>1293.0</ele></trkpt>
      <trkpt lat="49.145030" lon="19.969387"><ele>1293.0</ele></trkpt>
      <trkpt lat="49.145039" lon="19.969359"><ele>1294.0</ele></trkpt>
      <trkpt lat="49.145054" lon="19.969344"><ele>1295.0</ele></trkpt>
      <trkpt lat="49.145067" lon="19.969316"><ele>1297.0</ele></trkpt>
      <trkpt lat="49.145080" lon="19.969286"><ele>1297.0</ele></trkpt>
      <trkpt lat="49.145092" lon="19.969258"><ele>1297.0</ele></trkpt>
      <trkpt lat="49.145111" lon="19.969241"><ele>1297.0</ele></trkpt>
      <trkpt lat="49.145126" lon="19.969221"><ele>1298.0</ele></trkpt>
      <trkpt lat="49.145145" lon="19.969195"><ele>1298.0</ele></trkpt>
      <trkpt lat="49.145166" lon="19.969183"><ele>1298.0</ele></trkpt>
      <trkpt lat="49.145188" lon="19.969183"><ele>1298.0</ele></trkpt>
      <trkpt lat="49.145169" lon="19.969174"><ele>1298.0</ele></trkpt>
      <trkpt lat="49.145152" lon="19.969187"><ele>1298.0</ele></trkpt>
      <trkpt lat="49.145165" lon="19.969154"><ele>1298.0</ele></trkpt>
      <trkpt lat="49.145168" lon="19.969125"><ele>1298.0</ele></trkpt>
      <trkpt lat="49.145179" lon="19.969097"><ele>1299.0</ele></trkpt>
      <trkpt lat="49.145194" lon="19.969066"><ele>1299.0</ele></trkpt>
      <trkpt lat="49.145206" lon="19.969036"><ele>1300.0</ele></trkpt>
      <trkpt lat="49.145221" lon="19.969004"><ele>1300.0</ele></trkpt>
      <trkpt lat="49.145239" lon="19.968981"><ele>1300.0</ele></trkpt>
      <trkpt lat="49.145256" lon="19.968990"><ele>1301.0</ele></trkpt>
      <trkpt lat="49.145256" lon="19.969025"><ele>1302.0</ele></trkpt>
      <trkpt lat="49.145252" lon="19.969059"><ele>1302.0</ele></trkpt>
      <trkpt lat="49.145245" lon="19.969085"><ele>1302.0</ele></trkpt>
      <trkpt lat="49.145246" lon="19.969118"><ele>1302.0</ele></trkpt>
      <trkpt lat="49.145245" lon="19.969157"><ele>1303.0</ele></trkpt>
      <trkpt lat="49.145241" lon="19.969194"><ele>1303.0</ele></trkpt>
      <trkpt lat="49.145239" lon="19.969226"><ele>1303.0</ele></trkpt>
      <trkpt lat="49.145244" lon="19.969259"><ele>1303.0</ele></trkpt>
      <trkpt lat="49.145247" lon="19.969291"><ele>1304.0</ele></trkpt>
      <trkpt lat="49.145250" lon="19.969322"><ele>1304.0</ele></trkpt>
      <trkpt lat="49.145240" lon="19.969355"><ele>1304.0</ele></trkpt>
      <trkpt lat="49.145234" lon="19.969384"><ele>1304.0</ele></trkpt>
      <trkpt lat="49.145224" lon="19.969412"><ele>1305.0</ele></trkpt>
      <trkpt lat="49.145215" lon="19.969442"><ele>1305.0</ele></trkpt>
      <trkpt lat="49.145205" lon="19.969481"><ele>1305.0</ele></trkpt>
      <trkpt lat="49.145201" lon="19.969514"><ele>1305.0</ele></trkpt>
      <trkpt lat="49.145196" lon="19.969542"><ele>1305.0</ele></trkpt>
      <trkpt lat="49.145195" lon="19.969583"><ele>1305.0</ele></trkpt>
      <trkpt lat="49.145197" lon="19.969618"><ele>1305.0</ele></trkpt>
      <trkpt lat="49.145196" lon="19.969648"><ele>1306.0</ele></trkpt>
      <trkpt lat="49.145192" lon="19.969691"><ele>1306.0</ele></trkpt>
      <trkpt lat="49.145188" lon="19.969723"><ele>1306.0</ele></trkpt>
      <trkpt lat="49.145187" lon="19.969750"><ele>1306.0</ele></trkpt>
      <trkpt lat="49.145182" lon="19.969786"><ele>1307.0</ele></trkpt>
      <trkpt lat="49.145177" lon="19.969814"><ele>1307.0</ele></trkpt>
      <trkpt lat="49.145184" lon="19.969846"><ele>1307.0</ele></trkpt>
      <trkpt lat="49.145192" lon="19.969884"><ele>1307.0</ele></trkpt>
      <trkpt lat="49.145203" lon="19.969913"><ele>1307.0</ele></trkpt>
      <trkpt lat="49.145224" lon="19.969912"><ele>1309.0</ele></trkpt>
      <trkpt lat="49.145228" lon="19.969885"><ele>1309.0</ele></trkpt>
      <trkpt lat="49.145234" lon="19.969854"><ele>1310.0</ele></trkpt>
      <trkpt lat="49.145247" lon="19.969832"><ele>1310.0</ele></trkpt>
      <trkpt lat="49.145258" lon="19.969802"><ele>1311.0</ele></trkpt>
      <trkpt lat="49.145273" lon="19.969779"><ele>1311.0</ele></trkpt>
      <trkpt lat="49.145280" lon="19.969743"><ele>1312.0</ele></trkpt>
      <trkpt lat="49.145286" lon="19.969715"><ele>1312.0</ele></trkpt>
      <trkpt lat="49.145295" lon="19.969692"><ele>1312.0</ele></trkpt>
      <trkpt lat="49.145307" lon="19.969662"><ele>1312.0</ele></trkpt>
      <trkpt lat="49.145318" lon="19.969635"><ele>1314.0</ele></trkpt>
      <trkpt lat="49.145334" lon="19.969612"><ele>1314.0</ele></trkpt>
      <trkpt lat="49.145358" lon="19.969598"><ele>1315.0</ele></trkpt>
      <trkpt lat="49.145379" lon="19.969579"><ele>1316.0</ele></trkpt>
      <trkpt lat="49.145387" lon="19.969552"><ele>1316.0</ele></trkpt>
      <trkpt lat="49.145399" lon="19.969529"><ele>1317.0</ele></trkpt>
      <trkpt lat="49.145413" lon="19.969548"><ele>1318.0</ele></trkpt>
      <trkpt lat="49.145428" lon="19.969568"><ele>1318.0</ele></trkpt>
      <trkpt lat="49.145441" lon="19.969596"><ele>1319.0</ele></trkpt>
      <trkpt lat="49.145438" lon="19.969631"><ele>1319.0</ele></trkpt>
      <trkpt lat="49.145442" lon="19.969661"><ele>1320.0</ele></trkpt>
      <trkpt lat="49.145448" lon="19.969691"><ele>1320.0</ele></trkpt>
      <trkpt lat="49.145458" lon="19.969726"><ele>1320.0</ele></trkpt>
      <trkpt lat="49.145465" lon="19.969753"><ele>1320.0</ele></trkpt>
      <trkpt lat="49.145471" lon="19.969786"><ele>1321.0</ele></trkpt>
      <trkpt lat="49.145459" lon="19.969817"><ele>1322.0</ele></trkpt>
      <trkpt lat="49.145460" lon="19.969848"><ele>1322.0</ele></trkpt>
      <trkpt lat="49.145460" lon="19.969880"><ele>1323.0</ele></trkpt>
      <trkpt lat="49.145479" lon="19.969906"><ele>1324.0</ele></trkpt>
      <trkpt lat="49.145499" lon="19.969900"><ele>1325.0</ele></trkpt>
      <trkpt lat="49.145518" lon="19.969879"><ele>1326.0</ele></trkpt>
      <trkpt lat="49.145522" lon="19.969847"><ele>1326.0</ele></trkpt>
      <trkpt lat="49.145527" lon="19.969818"><ele>1326.0</ele></trkpt>
      <trkpt lat="49.145535" lon="19.969793"><ele>1327.0</ele></trkpt>
      <trkpt lat="49.145539" lon="19.969761"><ele>1328.0</ele></trkpt>
      <trkpt lat="49.145542" lon="19.969732"><ele>1328.0</ele></trkpt>
      <trkpt lat="49.145555" lon="19.969707"><ele>1328.0</ele></trkpt>
      <trkpt lat="49.145565" lon="19.969676"><ele>1329.0</ele></trkpt>
      <trkpt lat="49.145574" lon="19.969641"><ele>1329.0</ele></trkpt>
      <trkpt lat="49.145584" lon="19.969616"><ele>1329.0</ele></trkpt>
      <trkpt lat="49.145591" lon="19.969589"><ele>1329.0</ele></trkpt>
      <trkpt lat="49.145606" lon="19.969566"><ele>1330.0</ele></trkpt>
      <trkpt lat="49.145631" lon="19.969544"><ele>1331.0</ele></trkpt>
      <trkpt lat="49.145651" lon="19.969543"><ele>1331.0</ele></trkpt>
      <trkpt lat="49.145662" lon="19.969568"><ele>1331.0</ele></trkpt>
      <trkpt lat="49.145670" lon="19.969593"><ele>1332.0</ele></trkpt>
      <trkpt lat="49.145672" lon="19.969621"><ele>1333.0</ele></trkpt>
      <trkpt lat="49.145680" lon="19.969651"><ele>1334.0</ele></trkpt>
      <trkpt lat="49.145689" lon="19.969678"><ele>1334.0</ele></trkpt>
      <trkpt lat="49.145698" lon="19.969705"><ele>1334.0</ele></trkpt>
      <trkpt lat="49.145706" lon="19.969734"><ele>1335.0</ele></trkpt>
      <trkpt lat="49.145728" lon="19.969752"><ele>1336.0</ele></trkpt>
      <trkpt lat="49.145746" lon="19.969768"><ele>1337.0</ele></trkpt>
      <trkpt lat="49.145762" lon="19.969781"><ele>1338.0</ele></trkpt>
      <trkpt lat="49.145783" lon="19.969793"><ele>1339.0</ele></trkpt>
      <trkpt lat="49.145794" lon="19.969762"><ele>1340.0</ele></trkpt>
      <trkpt lat="49.145810" lon="19.969742"><ele>1341.0</ele></trkpt>
      <trkpt lat="49.145822" lon="19.969721"><ele>1341.0</ele></trkpt>
      <trkpt lat="49.145835" lon="19.969697"><ele>1342.0</ele></trkpt>
      <trkpt lat="49.145851" lon="19.969676"><ele>1343.0</ele></trkpt>
      <trkpt lat="49.145873" lon="19.969656"><ele>1343.0</ele></trkpt>
      <trkpt lat="49.145882" lon="19.969629"><ele>1344.0</ele></trkpt>
      <trkpt lat="49.145902" lon="19.969607"><ele>1345.0</ele></trkpt>
      <trkpt lat="49.145924" lon="19.969585"><ele>1345.0</ele></trkpt>
      <trkpt lat="49.145938" lon="19.969566"><ele>1345.0</ele></trkpt>
      <trkpt lat="49.145954" lon="19.969541"><ele>1345.0</ele></trkpt>
      <trkpt lat="49.145976" lon="19.969526"><ele>1345.0</ele></trkpt>
      <trkpt lat="49.145998" lon="19.969507"><ele>1346.0</ele></trkpt>
      <trkpt lat="49.146011" lon="19.969482"><ele>1346.0</ele></trkpt>
      <trkpt lat="49.146026" lon="19.969461"><ele>1348.0</ele></trkpt>
      <trkpt lat="49.146047" lon="19.969446"><ele>1348.0</ele></trkpt>
      <trkpt lat="49.146061" lon="19.969424"><ele>1348.0</ele></trkpt>
      <trkpt lat="49.146083" lon="19.969411"><ele>1349.0</ele></trkpt>
      <trkpt lat="49.146095" lon="19.969381"><ele>1349.0</ele></trkpt>
      <trkpt lat="49.146105" lon="19.969356"><ele>1349.0</ele></trkpt>
      <trkpt lat="49.146124" lon="19.969341"><ele>1350.0</ele></trkpt>
      <trkpt lat="49.146144" lon="19.969343"><ele>1351.0</ele></trkpt>
      <trkpt lat="49.146162" lon="19.969366"><ele>1352.0</ele></trkpt>
      <trkpt lat="49.146174" lon="19.969393"><ele>1353.0</ele></trkpt>
      <trkpt lat="49.146180" lon="19.969428"><ele>1352.0</ele></trkpt>
      <trkpt lat="49.146191" lon="19.969461"><ele>1354.0</ele></trkpt>
      <trkpt lat="49.146189" lon="19.969491"><ele>1355.0</ele></trkpt>
      <trkpt lat="49.146188" lon="19.969520"><ele>1355.0</ele></trkpt>
      <trkpt lat="49.146188" lon="19.969548"><ele>1356.0</ele></trkpt>
      <trkpt lat="49.146189" lon="19.969583"><ele>1357.0</ele></trkpt>
      <trkpt lat="49.146194" lon="19.969616"><ele>1357.0</ele></trkpt>
      <trkpt lat="49.146206" lon="19.969640"><ele>1357.0</ele></trkpt>
      <trkpt lat="49.146217" lon="19.969666"><ele>1358.0</ele></trkpt>
      <trkpt lat="49.146225" lon="19.969702"><ele>1359.0</ele></trkpt>
      <trkpt lat="49.146237" lon="19.969726"><ele>1359.0</ele></trkpt>
      <trkpt lat="49.146243" lon="19.969754"><ele>1360.0</ele></trkpt>
      <trkpt lat="49.146256" lon="19.969780"><ele>1360.0</ele></trkpt>
      <trkpt lat="49.146259" lon="19.969809"><ele>1360.0</ele></trkpt>
      <trkpt lat="49.146261" lon="19.969838"><ele>1361.0</ele></trkpt>
      <trkpt lat="49.146268" lon="19.969873"><ele>1362.0</ele></trkpt>
      <trkpt lat="49.146257" lon="19.969897"><ele>1362.0</ele></trkpt>
      <trkpt lat="49.146264" lon="19.969925"><ele>1362.0</ele></trkpt>
      <trkpt lat="49.146279" lon="19.969953"><ele>1362.0</ele></trkpt>
      <trkpt lat="49.146286" lon="19.969989"><ele>1364.0</ele></trkpt>
      <trkpt lat="49.146292" lon="19.970017"><ele>1364.0</ele></trkpt>
      <trkpt lat="49.146308" lon="19.970029"><ele>1365.0</ele></trkpt>
      <trkpt lat="49.146319" lon="19.970052"><ele>1365.0</ele></trkpt>
      <trkpt lat="49.146327" lon="19.970084"><ele>1367.0</ele></trkpt>
      <trkpt lat="49.146336" lon="19.970118"><ele>1367.0</ele></trkpt>
      <trkpt lat="49.146349" lon="19.970146"><ele>1368.0</ele></trkpt>
      <trkpt lat="49.146354" lon="19.970174"><ele>1369.0</ele></trkpt>
      <trkpt lat="49.146361" lon="19.970204"><ele>1369.0</ele></trkpt>
      <trkpt lat="49.146373" lon="19.970228"><ele>1369.0</ele></trkpt>
      <trkpt lat="49.146390" lon="19.970238"><ele>1369.0</ele></trkpt>
      <trkpt lat="49.146406" lon="19.970222"><ele>1369.0</ele></trkpt>
      <trkpt lat="49.146423" lon="19.970201"><ele>1369.0</ele></trkpt>
      <trkpt lat="49.146434" lon="19.970174"><ele>1370.0</ele></trkpt>
      <trkpt lat="49.146445" lon="19.970145"><ele>1371.0</ele></trkpt>
      <trkpt lat="49.146453" lon="19.970108"><ele>1372.0</ele></trkpt>
      <trkpt lat="49.146465" lon="19.970083"><ele>1372.0</ele></trkpt>
      <trkpt lat="49.146477" lon="19.970062"><ele>1372.0</ele></trkpt>
      <trkpt lat="49.146491" lon="19.970043"><ele>1373.0</ele></trkpt>
      <trkpt lat="49.146505" lon="19.970019"><ele>1373.0</ele></trkpt>
      <trkpt lat="49.146521" lon="19.969994"><ele>1373.0</ele></trkpt>
      <trkpt lat="49.146536" lon="19.969965"><ele>1374.0</ele></trkpt>
      <trkpt lat="49.146552" lon="19.969935"><ele>1375.0</ele></trkpt>
      <trkpt lat="49.146565" lon="19.969903"><ele>1375.0</ele></trkpt>
      <trkpt lat="49.146588" lon="19.969889"><ele>1375.0</ele></trkpt>
      <trkpt lat="49.146608" lon="19.969907"><ele>1375.0</ele></trkpt>
      <trkpt lat="49.146620" lon="19.969937"><ele>1375.0</ele></trkpt>
      <trkpt lat="49.146630" lon="19.969967"><ele>1377.0</ele></trkpt>
      <trkpt lat="49.146644" lon="19.969995"><ele>1378.0</ele></trkpt>
      <trkpt lat="49.146651" lon="19.970027"><ele>1379.0</ele></trkpt>
      <trkpt lat="49.146659" lon="19.970051"><ele>1380.0</ele></trkpt>
      <trkpt lat="49.146675" lon="19.970072"><ele>1380.0</ele></trkpt>
      <trkpt lat="49.146690" lon="19.970092"><ele>1380.0</ele></trkpt>
      <trkpt lat="49.146709" lon="19.970091"><ele>1380.0</ele></trkpt>
      <trkpt lat="49.146730" lon="19.970099"><ele>1381.0</ele></trkpt>
      <trkpt lat="49.146748" lon="19.970085"><ele>1382.0</ele></trkpt>
      <trkpt lat="49.146771" lon="19.970078"><ele>1382.0</ele></trkpt>
      <trkpt lat="49.146793" lon="19.970071"><ele>1383.0</ele></trkpt>
      <trkpt lat="49.146817" lon="19.970071"><ele>1384.0</ele></trkpt>
      <trkpt lat="49.146835" lon="19.970081"><ele>1385.0</ele></trkpt>
      <trkpt lat="49.146856" lon="19.970099"><ele>1386.0</ele></trkpt>
      <trkpt lat="49.146873" lon="19.970121"><ele>1386.0</ele></trkpt>
      <trkpt lat="49.146894" lon="19.970130"><ele>1387.0</ele></trkpt>
      <trkpt lat="49.146915" lon="19.970131"><ele>1388.0</ele></trkpt>
      <trkpt lat="49.146934" lon="19.970126"><ele>1388.0</ele></trkpt>
      <trkpt lat="49.146952" lon="19.970135"><ele>1388.0</ele></trkpt>
      <trkpt lat="49.146970" lon="19.970144"><ele>1388.0</ele></trkpt>
      <trkpt lat="49.146988" lon="19.970135"><ele>1390.0</ele></trkpt>
      <trkpt lat="49.147008" lon="19.970137"><ele>1390.0</ele></trkpt>
      <trkpt lat="49.147030" lon="19.970144"><ele>1391.0</ele></trkpt>
      <trkpt lat="49.147052" lon="19.970139"><ele>1391.0</ele></trkpt>
      <trkpt lat="49.147070" lon="19.970151"><ele>1391.0</ele></trkpt>
      <trkpt lat="49.147086" lon="19.970165"><ele>1392.0</ele></trkpt>
      <trkpt lat="49.147109" lon="19.970181"><ele>1392.0</ele></trkpt>
      <trkpt lat="49.147127" lon="19.970187"><ele>1393.0</ele></trkpt>
      <trkpt lat="49.147147" lon="19.970194"><ele>1393.0</ele></trkpt>
      <trkpt lat="49.147171" lon="19.970200"><ele>1394.0</ele></trkpt>
      <trkpt lat="49.147195" lon="19.970213"><ele>1394.0</ele></trkpt>
      <trkpt lat="49.147216" lon="19.970216"><ele>1395.0</ele></trkpt>
      <trkpt lat="49.147239" lon="19.970223"><ele>1395.0</ele></trkpt>
      <trkpt lat="49.147258" lon="19.970227"><ele>1396.0</ele></trkpt>
      <trkpt lat="49.147272" lon="19.970252"><ele>1398.0</ele></trkpt>
      <trkpt lat="49.147296" lon="19.970268"><ele>1398.0</ele></trkpt>
      <trkpt lat="49.147316" lon="19.970278"><ele>1399.0</ele></trkpt>
      <trkpt lat="49.147334" lon="19.970273"><ele>1399.0</ele></trkpt>
      <trkpt lat="49.147358" lon="19.970271"><ele>1400.0</ele></trkpt>
      <trkpt lat="49.147382" lon="19.970270"><ele>1400.0</ele></trkpt>
      <trkpt lat="49.147405" lon="19.970268"><ele>1401.0</ele></trkpt>
      <trkpt lat="49.147426" lon="19.970260"><ele>1401.0</ele></trkpt>
      <trkpt lat="49.147446" lon="19.970254"><ele>1403.0</ele></trkpt>
      <trkpt lat="49.147464" lon="19.970245"><ele>1403.0</ele></trkpt>
      <trkpt lat="49.147482" lon="19.970229"><ele>1404.0</ele></trkpt>
      <trkpt lat="49.147501" lon="19.970213"><ele>1404.0</ele></trkpt>
      <trkpt lat="49.147520" lon="19.970206"><ele>1404.0</ele></trkpt>
      <trkpt lat="49.147544" lon="19.970193"><ele>1405.0</ele></trkpt>
      <trkpt lat="49.147556" lon="19.970170"><ele>1406.0</ele></trkpt>
      <trkpt lat="49.147575" lon="19.970158"><ele>1406.0</ele></trkpt>
      <trkpt lat="49.147594" lon="19.970139"><ele>1407.0</ele></trkpt>
      <trkpt lat="49.147609" lon="19.970114"><ele>1407.0</ele></trkpt>
      <trkpt lat="49.147632" lon="19.970107"><ele>1408.0</ele></trkpt>
      <trkpt lat="49.147650" lon="19.970101"><ele>1408.0</ele></trkpt>
      <trkpt lat="49.147670" lon="19.970091"><ele>1408.0</ele></trkpt>
      <trkpt lat="49.147687" lon="19.970078"><ele>1409.0</ele></trkpt>
      <trkpt lat="49.147706" lon="19.970064"><ele>1409.0</ele></trkpt>
      <trkpt lat="49.147718" lon="19.970042"><ele>1410.0</ele></trkpt>
      <trkpt lat="49.147731" lon="19.970019"><ele>1412.0</ele></trkpt>
      <trkpt lat="49.147757" lon="19.970022"><ele>1412.0</ele></trkpt>
      <trkpt lat="49.147768" lon="19.969990"><ele>1412.0</ele></trkpt>
      <trkpt lat="49.147772" lon="19.969962"><ele>1412.0</ele></trkpt>
      <trkpt lat="49.147794" lon="19.969951"><ele>1412.0</ele></trkpt>
      <trkpt lat="49.147810" lon="19.969933"><ele>1413.0</ele></trkpt>
      <trkpt lat="49.147828" lon="19.969914"><ele>1413.0</ele></trkpt>
      <trkpt lat="49.147847" lon="19.969898"><ele>1414.0</ele></trkpt>
      <trkpt lat="49.147863" lon="19.969879"><ele>1415.0</ele></trkpt>
      <trkpt lat="49.147880" lon="19.969867"><ele>1416.0</ele></trkpt>
      <trkpt lat="49.147903" lon="19.969855"><ele>1416.0</ele></trkpt>
      <trkpt lat="49.147924" lon="19.969834"><ele>1416.0</ele></trkpt>
      <trkpt lat="49.147940" lon="19.969812"><ele>1417.0</ele></trkpt>
      <trkpt lat="49.147957" lon="19.969804"><ele>1417.0</ele></trkpt>
      <trkpt lat="49.147976" lon="19.969804"><ele>1418.0</ele></trkpt>
      <trkpt lat="49.147998" lon="19.969785"><ele>1419.0</ele></trkpt>
      <trkpt lat="49.148022" lon="19.969772"><ele>1419.0</ele></trkpt>
      <trkpt lat="49.148044" lon="19.969762"><ele>1420.0</ele></trkpt>
      <trkpt lat="49.148068" lon="19.969754"><ele>1421.0</ele></trkpt>
      <trkpt lat="49.148087" lon="19.969740"><ele>1421.0</ele></trkpt>
      <trkpt lat="49.148103" lon="19.969730"><ele>1421.0</ele></trkpt>
      <trkpt lat="49.148127" lon="19.969729"><ele>1422.0</ele></trkpt>
      <trkpt lat="49.148148" lon="19.969716"><ele>1422.0</ele></trkpt>
      <trkpt lat="49.148165" lon="19.969708"><ele>1423.0</ele></trkpt>
      <trkpt lat="49.148187" lon="19.969710"><ele>1424.0</ele></trkpt>
      <trkpt lat="49.148211" lon="19.969704"><ele>1424.0</ele></trkpt>
      <trkpt lat="49.148231" lon="19.969693"><ele>1425.0</ele></trkpt>
      <trkpt lat="49.148247" lon="19.969679"><ele>1426.0</ele></trkpt>
      <trkpt lat="49.148270" lon="19.969664"><ele>1427.0</ele></trkpt>
      <trkpt lat="49.148295" lon="19.969647"><ele>1427.0</ele></trkpt>
      <trkpt lat="49.148318" lon="19.969642"><ele>1426.0</ele></trkpt>
      <trkpt lat="49.148341" lon="19.969638"><ele>1427.0</ele></trkpt>
      <trkpt lat="49.148358" lon="19.969617"><ele>1427.0</ele></trkpt>
      <trkpt lat="49.148376" lon="19.969606"><ele>1428.0</ele></trkpt>
      <trkpt lat="49.148395" lon="19.969603"><ele>1429.0</ele></trkpt>
      <trkpt lat="49.148415" lon="19.969599"><ele>1430.0</ele></trkpt>
      <trkpt lat="49.148438" lon="19.969594"><ele>1430.0</ele></trkpt>
      <trkpt lat="49.148456" lon="19.969581"><ele>1431.0</ele></trkpt>
      <trkpt lat="49.148477" lon="19.969571"><ele>1431.0</ele></trkpt>
      <trkpt lat="49.148499" lon="19.969560"><ele>1432.0</ele></trkpt>
      <trkpt lat="49.148526" lon="19.969554"><ele>1432.0</ele></trkpt>
      <trkpt lat="49.148549" lon="19.969543"><ele>1433.0</ele></trkpt>
      <trkpt lat="49.148571" lon="19.969528"><ele>1434.0</ele></trkpt>
      <trkpt lat="49.148590" lon="19.969520"><ele>1435.0</ele></trkpt>
      <trkpt lat="49.148611" lon="19.969511"><ele>1435.0</ele></trkpt>
      <trkpt lat="49.148629" lon="19.969500"><ele>1435.0</ele></trkpt>
      <trkpt lat="49.148650" lon="19.969497"><ele>1436.0</ele></trkpt>
      <trkpt lat="49.148669" lon="19.969487"><ele>1436.0</ele></trkpt>
      <trkpt lat="49.148693" lon="19.969475"><ele>1436.0</ele></trkpt>
      <trkpt lat="49.148717" lon="19.969479"><ele>1437.0</ele></trkpt>
      <trkpt lat="49.148736" lon="19.969470"><ele>1438.0</ele></trkpt>
      <trkpt lat="49.148750" lon="19.969447"><ele>1438.0</ele></trkpt>
      <trkpt lat="49.148763" lon="19.969465"><ele>1438.0</ele></trkpt>
      <trkpt lat="49.148765" lon="19.969496"><ele>1438.0</ele></trkpt>
      <trkpt lat="49.148762" lon="19.969527"><ele>1440.0</ele></trkpt>
      <trkpt lat="49.148749" lon="19.969555"><ele>1439.0</ele></trkpt>
      <trkpt lat="49.148733" lon="19.969569"><ele>1440.0</ele></trkpt>
      <trkpt lat="49.148713" lon="19.969592"><ele>1440.0</ele></trkpt>
      <trkpt lat="49.148697" lon="19.969610"><ele>1439.0</ele></trkpt>
      <trkpt lat="49.148685" lon="19.969642"><ele>1439.0</ele></trkpt>
      <trkpt lat="49.148686" lon="19.969670"><ele>1440.0</ele></trkpt>
      <trkpt lat="49.148677" lon="19.969701"><ele>1440.0</ele></trkpt>
      <trkpt lat="49.148668" lon="19.969732"><ele>1440.0</ele></trkpt>
      <trkpt lat="49.148674" lon="19.969769"><ele>1441.0</ele></trkpt>
      <trkpt lat="49.148674" lon="19.969799"><ele>1441.0</ele></trkpt>
      <trkpt lat="49.148678" lon="19.969833"><ele>1442.0</ele></trkpt>
      <trkpt lat="49.148667" lon="19.969866"><ele>1443.0</ele></trkpt>
      <trkpt lat="49.148665" lon="19.969905"><ele>1444.0</ele></trkpt>
      <trkpt lat="49.148666" lon="19.969934"><ele>1444.0</ele></trkpt>
      <trkpt lat="49.148663" lon="19.969964"><ele>1445.0</ele></trkpt>
      <trkpt lat="49.148663" lon="19.970006"><ele>1446.0</ele></trkpt>
      <trkpt lat="49.148659" lon="19.970043"><ele>1447.0</ele></trkpt>
      <trkpt lat="49.148651" lon="19.970082"><ele>1448.0</ele></trkpt>
      <trkpt lat="49.148640" lon="19.970110"><ele>1448.0</ele></trkpt>
      <trkpt lat="49.148632" lon="19.970146"><ele>1448.0</ele></trkpt>
      <trkpt lat="49.148627" lon="19.970181"><ele>1448.0</ele></trkpt>
      <trkpt lat="49.148628" lon="19.970209"><ele>1448.0</ele></trkpt>
      <trkpt lat="49.148626" lon="19.970240"><ele>1448.0</ele></trkpt>
      <trkpt lat="49.148628" lon="19.970269"><ele>1448.0</ele></trkpt>
      <trkpt lat="49.148618" lon="19.970298"><ele>1448.0</ele></trkpt>
      <trkpt lat="49.148605" lon="19.970336"><ele>1448.0</ele></trkpt>
      <trkpt lat="49.148594" lon="19.970366"><ele>1448.0</ele></trkpt>
      <trkpt lat="49.148586" lon="19.970396"><ele>1448.0</ele></trkpt>
      <trkpt lat="49.148582" lon="19.970439"><ele>1448.0</ele></trkpt>
      <trkpt lat="49.148575" lon="19.970475"><ele>1448.0</ele></trkpt>
      <trkpt lat="49.148568" lon="19.970507"><ele>1448.0</ele></trkpt>
      <trkpt lat="49.148566" lon="19.970548"><ele>1448.0</ele></trkpt>
      <trkpt lat="49.148572" lon="19.970576"><ele>1448.0</ele></trkpt>
      <trkpt lat="49.148575" lon="19.970607"><ele>1448.0</ele></trkpt>
      <trkpt lat="49.148579" lon="19.970640"><ele>1448.0</ele></trkpt>
      <trkpt lat="49.148586" lon="19.970671"><ele>1448.0</ele></trkpt>
      <trkpt lat="49.148595" lon="19.970700"><ele>1448.0</ele></trkpt>
      <trkpt lat="49.148601" lon="19.970727"><ele>1448.0</ele></trkpt>
      <trkpt lat="49.148587" lon="19.970708"><ele>1448.0</ele></trkpt>
      <trkpt lat="49.148572" lon="19.970690"><ele>1448.0</ele></trkpt>
      <trkpt lat="49.148570" lon="19.970658"><ele>1448.0</ele></trkpt>
      <trkpt lat="49.148568" lon="19.970622"><ele>1448.0</ele></trkpt>
      <trkpt lat="49.148562" lon="19.970594"><ele>1448.0</ele></trkpt>
      <trkpt lat="49.148555" lon="19.970567"><ele>1448.0</ele></trkpt>
      <trkpt lat="49.148563" lon="19.970542"><ele>1448.0</ele></trkpt>
      <trkpt lat="49.148574" lon="19.970513"><ele>1448.0</ele></trkpt>
      <trkpt lat="49.148583" lon="19.970485"><ele>1448.0</ele></trkpt>
      <trkpt lat="49.148589" lon="19.970450"><ele>1448.0</ele></trkpt>
      <trkpt lat="49.148597" lon="19.970423"><ele>1448.0</ele></trkpt>
      <trkpt lat="49.148605" lon="19.970394"><ele>1448.0</ele></trkpt>
      <trkpt lat="49.148611" lon="19.970366"><ele>1448.0</ele></trkpt>
      <trkpt lat="49.148611" lon="19.970338"><ele>1448.0</ele></trkpt>
      <trkpt lat="49.148603" lon="19.970290"><ele>1448.0</ele></trkpt>
      <trkpt lat="49.148600" lon="19.970252"><ele>1448.0</ele></trkpt>
      <trkpt lat="49.148600" lon="19.970221"><ele>1448.0</ele></trkpt>
      <trkpt lat="49.148614" lon="19.970187"><ele>1447.0</ele></trkpt>
      <trkpt lat="49.148620" lon="19.970152"><ele>1447.0</ele></trkpt>
      <trkpt lat="49.148626" lon="19.970123"><ele>1447.0</ele></trkpt>
      <trkpt lat="49.148634" lon="19.970098"><ele>1447.0</ele></trkpt>
      <trkpt lat="49.148635" lon="19.970070"><ele>1447.0</ele></trkpt>
      <trkpt lat="49.148633" lon="19.970040"><ele>1447.0</ele></trkpt>
      <trkpt lat="49.148637" lon="19.970011"><ele>1447.0</ele></trkpt>
      <trkpt lat="49.148644" lon="19.969983"><ele>1446.0</ele></trkpt>
      <trkpt lat="49.148645" lon="19.969951"><ele>1445.0</ele></trkpt>
      <trkpt lat="49.148638" lon="19.969916"><ele>1445.0</ele></trkpt>
      <trkpt lat="49.148641" lon="19.969879"><ele>1444.0</ele></trkpt>
      <trkpt lat="49.148648" lon="19.969845"><ele>1443.0</ele></trkpt>
      <trkpt lat="49.148645" lon="19.969813"><ele>1442.0</ele></trkpt>
      <trkpt lat="49.148647" lon="19.969783"><ele>1442.0</ele></trkpt>
      <trkpt lat="49.148639" lon="19.969758"><ele>1441.0</ele></trkpt>
      <trkpt lat="49.148649" lon="19.969724"><ele>1440.0</ele></trkpt>
      <trkpt lat="49.148650" lon="19.969681"><ele>1439.0</ele></trkpt>
      <trkpt lat="49.148655" lon="19.969643"><ele>1439.0</ele></trkpt>
      <trkpt lat="49.148664" lon="19.969607"><ele>1438.0</ele></trkpt>
      <trkpt lat="49.148678" lon="19.969588"><ele>1438.0</ele></trkpt>
      <trkpt lat="49.148692" lon="19.969569"><ele>1438.0</ele></trkpt>
      <trkpt lat="49.148705" lon="19.969547"><ele>1438.0</ele></trkpt>
      <trkpt lat="49.148720" lon="19.969528"><ele>1438.0</ele></trkpt>
      <trkpt lat="49.148733" lon="19.969509"><ele>1438.0</ele></trkpt>
      <trkpt lat="49.148738" lon="19.969468"><ele>1438.0</ele></trkpt>
      <trkpt lat="49.148753" lon="19.969442"><ele>1438.0</ele></trkpt>
      <trkpt lat="49.148774" lon="19.969425"><ele>1438.0</ele></trkpt>
      <trkpt lat="49.148795" lon="19.969418"><ele>1439.0</ele></trkpt>
      <trkpt lat="49.148816" lon="19.969400"><ele>1439.0</ele></trkpt>
      <trkpt lat="49.148833" lon="19.969390"><ele>1440.0</ele></trkpt>
      <trkpt lat="49.148853" lon="19.969380"><ele>1440.0</ele></trkpt>
      <trkpt lat="49.148874" lon="19.969369"><ele>1441.0</ele></trkpt>
      <trkpt lat="49.148895" lon="19.969362"><ele>1441.0</ele></trkpt>
      <trkpt lat="49.148915" lon="19.969352"><ele>1442.0</ele></trkpt>
      <trkpt lat="49.148941" lon="19.969343"><ele>1442.0</ele></trkpt>
      <trkpt lat="49.148964" lon="19.969335"><ele>1443.0</ele></trkpt>
      <trkpt lat="49.148988" lon="19.969324"><ele>1443.0</ele></trkpt>
      <trkpt lat="49.149009" lon="19.969308"><ele>1444.0</ele></trkpt>
      <trkpt lat="49.149028" lon="19.969305"><ele>1444.0</ele></trkpt>
      <trkpt lat="49.149048" lon="19.969295"><ele>1444.0</ele></trkpt>
      <trkpt lat="49.149072" lon="19.969285"><ele>1444.0</ele></trkpt>
      <trkpt lat="49.149093" lon="19.969274"><ele>1444.0</ele></trkpt>
      <trkpt lat="49.149119" lon="19.969260"><ele>1444.0</ele></trkpt>
      <trkpt lat="49.149138" lon="19.969244"><ele>1444.0</ele></trkpt>
      <trkpt lat="49.149164" lon="19.969231"><ele>1444.0</ele></trkpt>
      <trkpt lat="49.149188" lon="19.969226"><ele>1444.0</ele></trkpt>
      <trkpt lat="49.149206" lon="19.969213"><ele>1444.0</ele></trkpt>
      <trkpt lat="49.149227" lon="19.969203"><ele>1444.0</ele></trkpt>
      <trkpt lat="49.149248" lon="19.969196"><ele>1445.0</ele></trkpt>
      <trkpt lat="49.149266" lon="19.969193"><ele>1445.0</ele></trkpt>
      <trkpt lat="49.149292" lon="19.969196"><ele>1445.0</ele></trkpt>
      <trkpt lat="49.149312" lon="19.969193"><ele>1445.0</ele></trkpt>
      <trkpt lat="49.149338" lon="19.969193"><ele>1445.0</ele></trkpt>
      <trkpt lat="49.149361" lon="19.969191"><ele>1446.0</ele></trkpt>
      <trkpt lat="49.149386" lon="19.969193"><ele>1447.0</ele></trkpt>
      <trkpt lat="49.149410" lon="19.969188"><ele>1447.0</ele></trkpt>
      <trkpt lat="49.149432" lon="19.969173"><ele>1448.0</ele></trkpt>
      <trkpt lat="49.149467" lon="19.969155"><ele>1448.0</ele></trkpt>
      <trkpt lat="49.149496" lon="19.969137"><ele>1448.0</ele></trkpt>
      <trkpt lat="49.149526" lon="19.969124"><ele>1448.0</ele></trkpt>
      <trkpt lat="49.149547" lon="19.969115"><ele>1448.0</ele></trkpt>
      <trkpt lat="49.149569" lon="19.969115"><ele>1449.0</ele></trkpt>
      <trkpt lat="49.149588" lon="19.969117"><ele>1449.0</ele></trkpt>
      <trkpt lat="49.149610" lon="19.969123"><ele>1449.0</ele></trkpt>
      <trkpt lat="49.149630" lon="19.969125"><ele>1449.0</ele></trkpt>
      <trkpt lat="49.149650" lon="19.969133"><ele>1450.0</ele></trkpt>
      <trkpt lat="49.149669" lon="19.969138"><ele>1450.0</ele></trkpt>
      <trkpt lat="49.149690" lon="19.969135"><ele>1450.0</ele></trkpt>
      <trkpt lat="49.149709" lon="19.969137"><ele>1452.0</ele></trkpt>
      <trkpt lat="49.149728" lon="19.969139"><ele>1453.0</ele></trkpt>
      <trkpt lat="49.149746" lon="19.969132"><ele>1453.0</ele></trkpt>
      <trkpt lat="49.149771" lon="19.969128"><ele>1453.0</ele></trkpt>
      <trkpt lat="49.149795" lon="19.969139"><ele>1454.0</ele></trkpt>
      <trkpt lat="49.149821" lon="19.969133"><ele>1454.0</ele></trkpt>
      <trkpt lat="49.149847" lon="19.969132"><ele>1454.0</ele></trkpt>
      <trkpt lat="49.149869" lon="19.969136"><ele>1455.0</ele></trkpt>
      <trkpt lat="49.149893" lon="19.969132"><ele>1455.0</ele></trkpt>
      <trkpt lat="49.149916" lon="19.969129"><ele>1455.0</ele></trkpt>
      <trkpt lat="49.149941" lon="19.969137"><ele>1456.0</ele></trkpt>
      <trkpt lat="49.149959" lon="19.969136"><ele>1456.0</ele></trkpt>
      <trkpt lat="49.149978" lon="19.969123"><ele>1457.0</ele></trkpt>
      <trkpt lat="49.150010" lon="19.969106"><ele>1457.0</ele></trkpt>
      <trkpt lat="49.150033" lon="19.969097"><ele>1458.0</ele></trkpt>
      <trkpt lat="49.150057" lon="19.969082"><ele>1458.0</ele></trkpt>
      <trkpt lat="49.150079" lon="19.969065"><ele>1459.0</ele></trkpt>
      <trkpt lat="49.150097" lon="19.969063"><ele>1459.0</ele></trkpt>
      <trkpt lat="49.150119" lon="19.969043"><ele>1459.0</ele></trkpt>
      <trkpt lat="49.150142" lon="19.969038"><ele>1459.0</ele></trkpt>
      <trkpt lat="49.150166" lon="19.969029"><ele>1459.0</ele></trkpt>
      <trkpt lat="49.150192" lon="19.969012"><ele>1461.0</ele></trkpt>
      <trkpt lat="49.150213" lon="19.969009"><ele>1461.0</ele></trkpt>
      <trkpt lat="49.150234" lon="19.968995"><ele>1461.0</ele></trkpt>
      <trkpt lat="49.150251" lon="19.968985"><ele>1462.0</ele></trkpt>
      <trkpt lat="49.150271" lon="19.968977"><ele>1462.0</ele></trkpt>
      <trkpt lat="49.150289" lon="19.968982"><ele>1462.0</ele></trkpt>
      <trkpt lat="49.150301" lon="19.969006"><ele>1463.0</ele></trkpt>
      <trkpt lat="49.150297" lon="19.969036"><ele>1464.0</ele></trkpt>
      <trkpt lat="49.150289" lon="19.969061"><ele>1465.0</ele></trkpt>
      <trkpt lat="49.150283" lon="19.969088"><ele>1466.0</ele></trkpt>
      <trkpt lat="49.150271" lon="19.969113"><ele>1466.0</ele></trkpt>
      <trkpt lat="49.150258" lon="19.969138"><ele>1466.0</ele></trkpt>
      <trkpt lat="49.150248" lon="19.969164"><ele>1467.0</ele></trkpt>
      <trkpt lat="49.150242" lon="19.969190"><ele>1467.0</ele></trkpt>
      <trkpt lat="49.150235" lon="19.969215"><ele>1467.0</ele></trkpt>
      <trkpt lat="49.150236" lon="19.969245"><ele>1467.0</ele></trkpt>
      <trkpt lat="49.150233" lon="19.969278"><ele>1468.0</ele></trkpt>
      <trkpt lat="49.150220" lon="19.969308"><ele>1469.0</ele></trkpt>
      <trkpt lat="49.150200" lon="19.969325"><ele>1469.0</ele></trkpt>
      <trkpt lat="49.150180" lon="19.969344"><ele>1469.0</ele></trkpt>
      <trkpt lat="49.150166" lon="19.969368"><ele>1469.0</ele></trkpt>
      <trkpt lat="49.150151" lon="19.969397"><ele>1469.0</ele></trkpt>
      <trkpt lat="49.150144" lon="19.969425"><ele>1469.0</ele></trkpt>
      <trkpt lat="49.150132" lon="19.969456"><ele>1470.0</ele></trkpt>
      <trkpt lat="49.150123" lon="19.969485"><ele>1471.0</ele></trkpt>
      <trkpt lat="49.150120" lon="19.969518"><ele>1471.0</ele></trkpt>
      <trkpt lat="49.150110" lon="19.969546"><ele>1472.0</ele></trkpt>
      <trkpt lat="49.150095" lon="19.969562"><ele>1472.0</ele></trkpt>
      <trkpt lat="49.150076" lon="19.969585"><ele>1473.0</ele></trkpt>
      <trkpt lat="49.150056" lon="19.969606"><ele>1473.0</ele></trkpt>
      <trkpt lat="49.150042" lon="19.969623"><ele>1473.0</ele></trkpt>
      <trkpt lat="49.150025" lon="19.969651"><ele>1473.0</ele></trkpt>
      <trkpt lat="49.150012" lon="19.969672"><ele>1474.0</ele></trkpt>
      <trkpt lat="49.149997" lon="19.969696"><ele>1474.0</ele></trkpt>
      <trkpt lat="49.149989" lon="19.969721"><ele>1474.0</ele></trkpt>
      <trkpt lat="49.149977" lon="19.969751"><ele>1475.0</ele></trkpt>
      <trkpt lat="49.149962" lon="19.969786"><ele>1476.0</ele></trkpt>
      <trkpt lat="49.149950" lon="19.969814"><ele>1476.0</ele></trkpt>
      <trkpt lat="49.149950" lon="19.969843"><ele>1476.0</ele></trkpt>
      <trkpt lat="49.149935" lon="19.969868"><ele>1477.0</ele></trkpt>
      <trkpt lat="49.149924" lon="19.969892"><ele>1477.0</ele></trkpt>
      <trkpt lat="49.149910" lon="19.969910"><ele>1477.0</ele></trkpt>
      <trkpt lat="49.149892" lon="19.969940"><ele>1478.0</ele></trkpt>
      <trkpt lat="49.149879" lon="19.969967"><ele>1478.0</ele></trkpt>
      <trkpt lat="49.149866" lon="19.969987"><ele>1478.0</ele></trkpt>
      <trkpt lat="49.149854" lon="19.970013"><ele>1478.0</ele></trkpt>
      <trkpt lat="49.149842" lon="19.970035"><ele>1479.0</ele></trkpt>
      <trkpt lat="49.149827" lon="19.970059"><ele>1479.0</ele></trkpt>
      <trkpt lat="49.149812" lon="19.970087"><ele>1479.0</ele></trkpt>
      <trkpt lat="49.149797" lon="19.970122"><ele>1479.0</ele></trkpt>
      <trkpt lat="49.149782" lon="19.970144"><ele>1479.0</ele></trkpt>
      <trkpt lat="49.149767" lon="19.970166"><ele>1480.0</ele></trkpt>
      <trkpt lat="49.149753" lon="19.970187"><ele>1480.0</ele></trkpt>
      <trkpt lat="49.149739" lon="19.970210"><ele>1480.0</ele></trkpt>
      <trkpt lat="49.149726" lon="19.970231"><ele>1480.0</ele></trkpt>
      <trkpt lat="49.149712" lon="19.970254"><ele>1480.0</ele></trkpt>
      <trkpt lat="49.149696" lon="19.970275"><ele>1480.0</ele></trkpt>
      <trkpt lat="49.149678" lon="19.970309"><ele>1480.0</ele></trkpt>
      <trkpt lat="49.149666" lon="19.970332"><ele>1480.0</ele></trkpt>
      <trkpt lat="49.149653" lon="19.970355"><ele>1480.0</ele></trkpt>
      <trkpt lat="49.149645" lon="19.970393"><ele>1481.0</ele></trkpt>
      <trkpt lat="49.149636" lon="19.970419"><ele>1481.0</ele></trkpt>
      <trkpt lat="49.149626" lon="19.970443"><ele>1481.0</ele></trkpt>
      <trkpt lat="49.149613" lon="19.970469"><ele>1481.0</ele></trkpt>
      <trkpt lat="49.149605" lon="19.970494"><ele>1481.0</ele></trkpt>
      <trkpt lat="49.149596" lon="19.970530"><ele>1482.0</ele></trkpt>
      <trkpt lat="49.149590" lon="19.970560"><ele>1482.0</ele></trkpt>
      <trkpt lat="49.149588" lon="19.970591"><ele>1482.0</ele></trkpt>
      <trkpt lat="49.149594" lon="19.970619"><ele>1482.0</ele></trkpt>
      <trkpt lat="49.149594" lon="19.970652"><ele>1483.0</ele></trkpt>
      <trkpt lat="49.149585" lon="19.970680"><ele>1483.0</ele></trkpt>
      <trkpt lat="49.149583" lon="19.970712"><ele>1483.0</ele></trkpt>
      <trkpt lat="49.149577" lon="19.970755"><ele>1483.0</ele></trkpt>
      <trkpt lat="49.149577" lon="19.970790"><ele>1483.0</ele></trkpt>
      <trkpt lat="49.149580" lon="19.970822"><ele>1483.0</ele></trkpt>
      <trkpt lat="49.149582" lon="19.970853"><ele>1483.0</ele></trkpt>
      <trkpt lat="49.149572" lon="19.970891"><ele>1484.0</ele></trkpt>
      <trkpt lat="49.149561" lon="19.970922"><ele>1484.0</ele></trkpt>
      <trkpt lat="49.149556" lon="19.970949"><ele>1484.0</ele></trkpt>
      <trkpt lat="49.149556" lon="19.970978"><ele>1484.0</ele></trkpt>
      <trkpt lat="49.149559" lon="19.971013"><ele>1484.0</ele></trkpt>
      <trkpt lat="49.149568" lon="19.971048"><ele>1485.0</ele></trkpt>
      <trkpt lat="49.149578" lon="19.971083"><ele>1485.0</ele></trkpt>
      <trkpt lat="49.149589" lon="19.971111"><ele>1487.0</ele></trkpt>
      <trkpt lat="49.149601" lon="19.971138"><ele>1486.0</ele></trkpt>
      <trkpt lat="49.149619" lon="19.971166"><ele>1486.0</ele></trkpt>
      <trkpt lat="49.149637" lon="19.971188"><ele>1486.0</ele></trkpt>
      <trkpt lat="49.149655" lon="19.971209"><ele>1486.0</ele></trkpt>
      <trkpt lat="49.149670" lon="19.971229"><ele>1487.0</ele></trkpt>
      <trkpt lat="49.149688" lon="19.971248"><ele>1487.0</ele></trkpt>
      <trkpt lat="49.149704" lon="19.971274"><ele>1488.0</ele></trkpt>
      <trkpt lat="49.149726" lon="19.971292"><ele>1489.0</ele></trkpt>
      <trkpt lat="49.149742" lon="19.971310"><ele>1490.0</ele></trkpt>
      <trkpt lat="49.149762" lon="19.971328"><ele>1490.0</ele></trkpt>
      <trkpt lat="49.149779" lon="19.971343"><ele>1491.0</ele></trkpt>
      <trkpt lat="49.149797" lon="19.971358"><ele>1492.0</ele></trkpt>
      <trkpt lat="49.149814" lon="19.971380"><ele>1492.0</ele></trkpt>
      <trkpt lat="49.149832" lon="19.971398"><ele>1492.0</ele></trkpt>
      <trkpt lat="49.149850" lon="19.971406"><ele>1493.0</ele></trkpt>
      <trkpt lat="49.149869" lon="19.971426"><ele>1493.0</ele></trkpt>
      <trkpt lat="49.149888" lon="19.971445"><ele>1494.0</ele></trkpt>
      <trkpt lat="49.149907" lon="19.971458"><ele>1494.0</ele></trkpt>
      <trkpt lat="49.149924" lon="19.971470"><ele>1495.0</ele></trkpt>
      <trkpt lat="49.149942" lon="19.971479"><ele>1495.0</ele></trkpt>
      <trkpt lat="49.149962" lon="19.971482"><ele>1496.0</ele></trkpt>
      <trkpt lat="49.149981" lon="19.971475"><ele>1497.0</ele></trkpt>
      <trkpt lat="49.149998" lon="19.971493"><ele>1497.0</ele></trkpt>
      <trkpt lat="49.150019" lon="19.971506"><ele>1497.0</ele></trkpt>
      <trkpt lat="49.150036" lon="19.971517"><ele>1498.0</ele></trkpt>
      <trkpt lat="49.150051" lon="19.971532"><ele>1499.0</ele></trkpt>
      <trkpt lat="49.150075" lon="19.971553"><ele>1499.0</ele></trkpt>
      <trkpt lat="49.150092" lon="19.971566"><ele>1499.0</ele></trkpt>
      <trkpt lat="49.150110" lon="19.971585"><ele>1500.0</ele></trkpt>
      <trkpt lat="49.150134" lon="19.971603"><ele>1501.0</ele></trkpt>
      <trkpt lat="49.150153" lon="19.971618"><ele>1501.0</ele></trkpt>
      <trkpt lat="49.150172" lon="19.971628"><ele>1501.0</ele></trkpt>
      <trkpt lat="49.150193" lon="19.971636"><ele>1502.0</ele></trkpt>
      <trkpt lat="49.150214" lon="19.971651"><ele>1502.0</ele></trkpt>
      <trkpt lat="49.150238" lon="19.971666"><ele>1503.0</ele></trkpt>
      <trkpt lat="49.150256" lon="19.971679"><ele>1503.0</ele></trkpt>
      <trkpt lat="49.150275" lon="19.971699"><ele>1503.0</ele></trkpt>
      <trkpt lat="49.150297" lon="19.971719"><ele>1503.0</ele></trkpt>
      <trkpt lat="49.150324" lon="19.971734"><ele>1504.0</ele></trkpt>
      <trkpt lat="49.150342" lon="19.971755"><ele>1505.0</ele></trkpt>
      <trkpt lat="49.150366" lon="19.971763"><ele>1505.0</ele></trkpt>
      <trkpt lat="49.150389" lon="19.971777"><ele>1505.0</ele></trkpt>
      <trkpt lat="49.150403" lon="19.971799"><ele>1505.0</ele></trkpt>
      <trkpt lat="49.150424" lon="19.971823"><ele>1505.0</ele></trkpt>
      <trkpt lat="49.150438" lon="19.971848"><ele>1506.0</ele></trkpt>
      <trkpt lat="49.150457" lon="19.971877"><ele>1507.0</ele></trkpt>
      <trkpt lat="49.150473" lon="19.971892"><ele>1507.0</ele></trkpt>
      <trkpt lat="49.150485" lon="19.971915"><ele>1507.0</ele></trkpt>
      <trkpt lat="49.150499" lon="19.971934"><ele>1507.0</ele></trkpt>
      <trkpt lat="49.150519" lon="19.971946"><ele>1508.0</ele></trkpt>
      <trkpt lat="49.150535" lon="19.971961"><ele>1508.0</ele></trkpt>
      <trkpt lat="49.150553" lon="19.971973"><ele>1508.0</ele></trkpt>
      <trkpt lat="49.150575" lon="19.971991"><ele>1508.0</ele></trkpt>
      <trkpt lat="49.150597" lon="19.972007"><ele>1509.0</ele></trkpt>
      <trkpt lat="49.150617" lon="19.972011"><ele>1511.0</ele></trkpt>
      <trkpt lat="49.150636" lon="19.972035"><ele>1511.0</ele></trkpt>
      <trkpt lat="49.150659" lon="19.972054"><ele>1511.0</ele></trkpt>
      <trkpt lat="49.150676" lon="19.972072"><ele>1512.0</ele></trkpt>
      <trkpt lat="49.150695" lon="19.972091"><ele>1512.0</ele></trkpt>
      <trkpt lat="49.150718" lon="19.972112"><ele>1512.0</ele></trkpt>
      <trkpt lat="49.150733" lon="19.972127"><ele>1513.0</ele></trkpt>
      <trkpt lat="49.150758" lon="19.972145"><ele>1514.0</ele></trkpt>
      <trkpt lat="49.150775" lon="19.972158"><ele>1514.0</ele></trkpt>
      <trkpt lat="49.150801" lon="19.972169"><ele>1515.0</ele></trkpt>
      <trkpt lat="49.150819" lon="19.972187"><ele>1516.0</ele></trkpt>
      <trkpt lat="49.150839" lon="19.972203"><ele>1516.0</ele></trkpt>
      <trkpt lat="49.150857" lon="19.972212"><ele>1517.0</ele></trkpt>
      <trkpt lat="49.150875" lon="19.972224"><ele>1517.0</ele></trkpt>
      <trkpt lat="49.150904" lon="19.972228"><ele>1517.0</ele></trkpt>
      <trkpt lat="49.150927" lon="19.972239"><ele>1517.0</ele></trkpt>
      <trkpt lat="49.150945" lon="19.972260"><ele>1517.0</ele></trkpt>
      <trkpt lat="49.150960" lon="19.972274"><ele>1517.0</ele></trkpt>
      <trkpt lat="49.150979" lon="19.972285"><ele>1517.0</ele></trkpt>
      <trkpt lat="49.150999" lon="19.972303"><ele>1518.0</ele></trkpt>
      <trkpt lat="49.151015" lon="19.972319"><ele>1518.0</ele></trkpt>
      <trkpt lat="49.151033" lon="19.972328"><ele>1518.0</ele></trkpt>
      <trkpt lat="49.151058" lon="19.972338"><ele>1519.0</ele></trkpt>
      <trkpt lat="49.151082" lon="19.972354"><ele>1520.0</ele></trkpt>
      <trkpt lat="49.151100" lon="19.972373"><ele>1521.0</ele></trkpt>
      <trkpt lat="49.151120" lon="19.972390"><ele>1521.0</ele></trkpt>
      <trkpt lat="49.151141" lon="19.972405"><ele>1521.0</ele></trkpt>
      <trkpt lat="49.151160" lon="19.972419"><ele>1522.0</ele></trkpt>
      <trkpt lat="49.151183" lon="19.972436"><ele>1522.0</ele></trkpt>
      <trkpt lat="49.151202" lon="19.972450"><ele>1522.0</ele></trkpt>
      <trkpt lat="49.151221" lon="19.972461"><ele>1523.0</ele></trkpt>
      <trkpt lat="49.151238" lon="19.972476"><ele>1523.0</ele></trkpt>
      <trkpt lat="49.151258" lon="19.972492"><ele>1523.0</ele></trkpt>
      <trkpt lat="49.151278" lon="19.972505"><ele>1524.0</ele></trkpt>
      <trkpt lat="49.151296" lon="19.972519"><ele>1525.0</ele></trkpt>
      <trkpt lat="49.151313" lon="19.972534"><ele>1525.0</ele></trkpt>
      <trkpt lat="49.151331" lon="19.972553"><ele>1526.0</ele></trkpt>
      <trkpt lat="49.151351" lon="19.972574"><ele>1526.0</ele></trkpt>
      <trkpt lat="49.151370" lon="19.972585"><ele>1527.0</ele></trkpt>
      <trkpt lat="49.151387" lon="19.972596"><ele>1528.0</ele></trkpt>
      <trkpt lat="49.151410" lon="19.972614"><ele>1528.0</ele></trkpt>
      <trkpt lat="49.151425" lon="19.972635"><ele>1528.0</ele></trkpt>
      <trkpt lat="49.151441" lon="19.972651"><ele>1528.0</ele></trkpt>
      <trkpt lat="49.151457" lon="19.972664"><ele>1528.0</ele></trkpt>
      <trkpt lat="49.151477" lon="19.972682"><ele>1529.0</ele></trkpt>
      <trkpt lat="49.151495" lon="19.972700"><ele>1530.0</ele></trkpt>
      <trkpt lat="49.151511" lon="19.972728"><ele>1530.0</ele></trkpt>
      <trkpt lat="49.151534" lon="19.972746"><ele>1530.0</ele></trkpt>
      <trkpt lat="49.151552" lon="19.972757"><ele>1530.0</ele></trkpt>
      <trkpt lat="49.151571" lon="19.972767"><ele>1531.0</ele></trkpt>
      <trkpt lat="49.151594" lon="19.972786"><ele>1531.0</ele></trkpt>
      <trkpt lat="49.151617" lon="19.972807"><ele>1531.0</ele></trkpt>
      <trkpt lat="49.151634" lon="19.972825"><ele>1531.0</ele></trkpt>
      <trkpt lat="49.151653" lon="19.972855"><ele>1532.0</ele></trkpt>
      <trkpt lat="49.151669" lon="19.972869"><ele>1532.0</ele></trkpt>
      <trkpt lat="49.151686" lon="19.972887"><ele>1532.0</ele></trkpt>
      <trkpt lat="49.151706" lon="19.972906"><ele>1532.0</ele></trkpt>
      <trkpt lat="49.151721" lon="19.972928"><ele>1533.0</ele></trkpt>
      <trkpt lat="49.151732" lon="19.972949"><ele>1533.0</ele></trkpt>
      <trkpt lat="49.151754" lon="19.972971"><ele>1533.0</ele></trkpt>
      <trkpt lat="49.151775" lon="19.972982"><ele>1533.0</ele></trkpt>
      <trkpt lat="49.151793" lon="19.972988"><ele>1533.0</ele></trkpt>
      <trkpt lat="49.151813" lon="19.973005"><ele>1534.0</ele></trkpt>
      <trkpt lat="49.151832" lon="19.973023"><ele>1535.0</ele></trkpt>
      <trkpt lat="49.151851" lon="19.973039"><ele>1536.0</ele></trkpt>
      <trkpt lat="49.151874" lon="19.973057"><ele>1536.0</ele></trkpt>
      <trkpt lat="49.151894" lon="19.973071"><ele>1537.0</ele></trkpt>
      <trkpt lat="49.151917" lon="19.973072"><ele>1537.0</ele></trkpt>
      <trkpt lat="49.151936" lon="19.973081"><ele>1538.0</ele></trkpt>
      <trkpt lat="49.151955" lon="19.973103"><ele>1538.0</ele></trkpt>
      <trkpt lat="49.151972" lon="19.973116"><ele>1540.0</ele></trkpt>
      <trkpt lat="49.151990" lon="19.973119"><ele>1540.0</ele></trkpt>
      <trkpt lat="49.152013" lon="19.973124"><ele>1540.0</ele></trkpt>
      <trkpt lat="49.152032" lon="19.973128"><ele>1540.0</ele></trkpt>
      <trkpt lat="49.152053" lon="19.973134"><ele>1541.0</ele></trkpt>
      <trkpt lat="49.152076" lon="19.973150"><ele>1541.0</ele></trkpt>
      <trkpt lat="49.152095" lon="19.973162"><ele>1542.0</ele></trkpt>
      <trkpt lat="49.152113" lon="19.973182"><ele>1542.0</ele></trkpt>
      <trkpt lat="49.152138" lon="19.973195"><ele>1542.0</ele></trkpt>
      <trkpt lat="49.152161" lon="19.973203"><ele>1543.0</ele></trkpt>
      <trkpt lat="49.152182" lon="19.973214"><ele>1543.0</ele></trkpt>
      <trkpt lat="49.152201" lon="19.973231"><ele>1544.0</ele></trkpt>
      <trkpt lat="49.152223" lon="19.973240"><ele>1544.0</ele></trkpt>
      <trkpt lat="49.152240" lon="19.973249"><ele>1545.0</ele></trkpt>
      <trkpt lat="49.152262" lon="19.973258"><ele>1546.0</ele></trkpt>
      <trkpt lat="49.152277" lon="19.973272"><ele>1546.0</ele></trkpt>
      <trkpt lat="49.152299" lon="19.973287"><ele>1546.0</ele></trkpt>
      <trkpt lat="49.152326" lon="19.973300"><ele>1547.0</ele></trkpt>
      <trkpt lat="49.152350" lon="19.973314"><ele>1548.0</ele></trkpt>
      <trkpt lat="49.152368" lon="19.973329"><ele>1549.0</ele></trkpt>
      <trkpt lat="49.152383" lon="19.973348"><ele>1549.0</ele></trkpt>
      <trkpt lat="49.152398" lon="19.973365"><ele>1549.0</ele></trkpt>
      <trkpt lat="49.152415" lon="19.973388"><ele>1549.0</ele></trkpt>
      <trkpt lat="49.152433" lon="19.973401"><ele>1550.0</ele></trkpt>
      <trkpt lat="49.152457" lon="19.973421"><ele>1551.0</ele></trkpt>
      <trkpt lat="49.152473" lon="19.973434"><ele>1551.0</ele></trkpt>
      <trkpt lat="49.152484" lon="19.973458"><ele>1551.0</ele></trkpt>
      <trkpt lat="49.152497" lon="19.973478"><ele>1551.0</ele></trkpt>
      <trkpt lat="49.152510" lon="19.973505"><ele>1551.0</ele></trkpt>
      <trkpt lat="49.152532" lon="19.973515"><ele>1552.0</ele></trkpt>
      <trkpt lat="49.152549" lon="19.973530"><ele>1552.0</ele></trkpt>
      <trkpt lat="49.152571" lon="19.973545"><ele>1552.0</ele></trkpt>
      <trkpt lat="49.152594" lon="19.973561"><ele>1552.0</ele></trkpt>
      <trkpt lat="49.152609" lon="19.973584"><ele>1552.0</ele></trkpt>
      <trkpt lat="49.152623" lon="19.973601"><ele>1552.0</ele></trkpt>
      <trkpt lat="49.152642" lon="19.973622"><ele>1553.0</ele></trkpt>
      <trkpt lat="49.152664" lon="19.973635"><ele>1554.0</ele></trkpt>
      <trkpt lat="49.152684" lon="19.973650"><ele>1554.0</ele></trkpt>
      <trkpt lat="49.152704" lon="19.973668"><ele>1554.0</ele></trkpt>
      <trkpt lat="49.152726" lon="19.973682"><ele>1555.0</ele></trkpt>
      <trkpt lat="49.152746" lon="19.973703"><ele>1555.0</ele></trkpt>
      <trkpt lat="49.152764" lon="19.973726"><ele>1555.0</ele></trkpt>
      <trkpt lat="49.152781" lon="19.973738"><ele>1556.0</ele></trkpt>
      <trkpt lat="49.152799" lon="19.973757"><ele>1557.0</ele></trkpt>
      <trkpt lat="49.152814" lon="19.973775"><ele>1557.0</ele></trkpt>
      <trkpt lat="49.152828" lon="19.973798"><ele>1557.0</ele></trkpt>
      <trkpt lat="49.152837" lon="19.973825"><ele>1558.0</ele></trkpt>
      <trkpt lat="49.152851" lon="19.973849"><ele>1558.0</ele></trkpt>
      <trkpt lat="49.152865" lon="19.973870"><ele>1559.0</ele></trkpt>
      <trkpt lat="49.152880" lon="19.973894"><ele>1559.0</ele></trkpt>
      <trkpt lat="49.152892" lon="19.973914"><ele>1560.0</ele></trkpt>
      <trkpt lat="49.152903" lon="19.973938"><ele>1560.0</ele></trkpt>
      <trkpt lat="49.152919" lon="19.973961"><ele>1561.0</ele></trkpt>
      <trkpt lat="49.152935" lon="19.973989"><ele>1561.0</ele></trkpt>
      <trkpt lat="49.152951" lon="19.974014"><ele>1561.0</ele></trkpt>
      <trkpt lat="49.152965" lon="19.974035"><ele>1562.0</ele></trkpt>
      <trkpt lat="49.152977" lon="19.974061"><ele>1562.0</ele></trkpt>
      <trkpt lat="49.152995" lon="19.974088"><ele>1562.0</ele></trkpt>
      <trkpt lat="49.152997" lon="19.974125"><ele>1563.0</ele></trkpt>
      <trkpt lat="49.153004" lon="19.974151"><ele>1563.0</ele></trkpt>
      <trkpt lat="49.153017" lon="19.974180"><ele>1563.0</ele></trkpt>
      <trkpt lat="49.153022" lon="19.974211"><ele>1564.0</ele></trkpt>
      <trkpt lat="49.153033" lon="19.974235"><ele>1564.0</ele></trkpt>
      <trkpt lat="49.153043" lon="19.974259"><ele>1564.0</ele></trkpt>
      <trkpt lat="49.153052" lon="19.974290"><ele>1565.0</ele></trkpt>
      <trkpt lat="49.153067" lon="19.974319"><ele>1566.0</ele></trkpt>
      <trkpt lat="49.153078" lon="19.974344"><ele>1566.0</ele></trkpt>
      <trkpt lat="49.153084" lon="19.974372"><ele>1566.0</ele></trkpt>
      <trkpt lat="49.153100" lon="19.974393"><ele>1566.0</ele></trkpt>
      <trkpt lat="49.153105" lon="19.974426"><ele>1567.0</ele></trkpt>
      <trkpt lat="49.153120" lon="19.974455"><ele>1568.0</ele></trkpt>
      <trkpt lat="49.153128" lon="19.974481"><ele>1568.0</ele></trkpt>
      <trkpt lat="49.153132" lon="19.974510"><ele>1569.0</ele></trkpt>
      <trkpt lat="49.153143" lon="19.974539"><ele>1570.0</ele></trkpt>
      <trkpt lat="49.153151" lon="19.974565"><ele>1570.0</ele></trkpt>
      <trkpt lat="49.153160" lon="19.974590"><ele>1570.0</ele></trkpt>
      <trkpt lat="49.153179" lon="19.974612"><ele>1571.0</ele></trkpt>
      <trkpt lat="49.153188" lon="19.974647"><ele>1572.0</ele></trkpt>
      <trkpt lat="49.153194" lon="19.974678"><ele>1572.0</ele></trkpt>
      <trkpt lat="49.153205" lon="19.974701"><ele>1573.0</ele></trkpt>
      <trkpt lat="49.153216" lon="19.974732"><ele>1574.0</ele></trkpt>
      <trkpt lat="49.153227" lon="19.974760"><ele>1574.0</ele></trkpt>
      <trkpt lat="49.153237" lon="19.974789"><ele>1574.0</ele></trkpt>
      <trkpt lat="49.153246" lon="19.974815"><ele>1574.0</ele></trkpt>
      <trkpt lat="49.153258" lon="19.974842"><ele>1575.0</ele></trkpt>
      <trkpt lat="49.153273" lon="19.974867"><ele>1576.0</ele></trkpt>
      <trkpt lat="49.153276" lon="19.974896"><ele>1576.0</ele></trkpt>
      <trkpt lat="49.153277" lon="19.974931"><ele>1577.0</ele></trkpt>
      <trkpt lat="49.153279" lon="19.974962"><ele>1577.0</ele></trkpt>
      <trkpt lat="49.153291" lon="19.974985"><ele>1579.0</ele></trkpt>
      <trkpt lat="49.153305" lon="19.975005"><ele>1579.0</ele></trkpt>
      <trkpt lat="49.153325" lon="19.975025"><ele>1579.0</ele></trkpt>
      <trkpt lat="49.153341" lon="19.975038"><ele>1579.0</ele></trkpt>
      <trkpt lat="49.153355" lon="19.975062"><ele>1579.0</ele></trkpt>
      <trkpt lat="49.153370" lon="19.975083"><ele>1580.0</ele></trkpt>
      <trkpt lat="49.153388" lon="19.975107"><ele>1580.0</ele></trkpt>
      <trkpt lat="49.153404" lon="19.975122"><ele>1582.0</ele></trkpt>
      <trkpt lat="49.153421" lon="19.975130"><ele>1582.0</ele></trkpt>
      <trkpt lat="49.153439" lon="19.975154"><ele>1582.0</ele></trkpt>
      <trkpt lat="49.153458" lon="19.975170"><ele>1583.0</ele></trkpt>
      <trkpt lat="49.153476" lon="19.975182"><ele>1585.0</ele></trkpt>
      <trkpt lat="49.153493" lon="19.975193"><ele>1585.0</ele></trkpt>
      <trkpt lat="49.153508" lon="19.975210"><ele>1585.0</ele></trkpt>
      <trkpt lat="49.153525" lon="19.975226"><ele>1586.0</ele></trkpt>
      <trkpt lat="49.153546" lon="19.975231"><ele>1586.0</ele></trkpt>
      <trkpt lat="49.153567" lon="19.975239"><ele>1588.0</ele></trkpt>
      <trkpt lat="49.153590" lon="19.975246"><ele>1589.0</ele></trkpt>
      <trkpt lat="49.153609" lon="19.975246"><ele>1589.0</ele></trkpt>
      <trkpt lat="49.153626" lon="19.975252"><ele>1589.0</ele></trkpt>
      <trkpt lat="49.153648" lon="19.975262"><ele>1590.0</ele></trkpt>
      <trkpt lat="49.153664" lon="19.975290"><ele>1591.0</ele></trkpt>
      <trkpt lat="49.153674" lon="19.975313"><ele>1591.0</ele></trkpt>
      <trkpt lat="49.153688" lon="19.975334"><ele>1592.0</ele></trkpt>
      <trkpt lat="49.153709" lon="19.975357"><ele>1592.0</ele></trkpt>
      <trkpt lat="49.153726" lon="19.975374"><ele>1592.0</ele></trkpt>
      <trkpt lat="49.153744" lon="19.975392"><ele>1593.0</ele></trkpt>
      <trkpt lat="49.153762" lon="19.975417"><ele>1594.0</ele></trkpt>
      <trkpt lat="49.153767" lon="19.975454"><ele>1594.0</ele></trkpt>
      <trkpt lat="49.153778" lon="19.975478"><ele>1595.0</ele></trkpt>
      <trkpt lat="49.153793" lon="19.975493"><ele>1596.0</ele></trkpt>
      <trkpt lat="49.153802" lon="19.975517"><ele>1596.0</ele></trkpt>
      <trkpt lat="49.153803" lon="19.975550"><ele>1597.0</ele></trkpt>
      <trkpt lat="49.153814" lon="19.975575"><ele>1598.0</ele></trkpt>
      <trkpt lat="49.153831" lon="19.975591"><ele>1598.0</ele></trkpt>
      <trkpt lat="49.153849" lon="19.975608"><ele>1598.0</ele></trkpt>
      <trkpt lat="49.153861" lon="19.975633"><ele>1599.0</ele></trkpt>
      <trkpt lat="49.153864" lon="19.975662"><ele>1600.0</ele></trkpt>
      <trkpt lat="49.153866" lon="19.975694"><ele>1600.0</ele></trkpt>
      <trkpt lat="49.153870" lon="19.975722"><ele>1600.0</ele></trkpt>
      <trkpt lat="49.153879" lon="19.975756"><ele>1601.0</ele></trkpt>
      <trkpt lat="49.153885" lon="19.975784"><ele>1601.0</ele></trkpt>
      <trkpt lat="49.153892" lon="19.975814"><ele>1602.0</ele></trkpt>
      <trkpt lat="49.153898" lon="19.975841"><ele>1602.0</ele></trkpt>
      <trkpt lat="49.153897" lon="19.975875"><ele>1603.0</ele></trkpt>
      <trkpt lat="49.153901" lon="19.975907"><ele>1603.0</ele></trkpt>
      <trkpt lat="49.153901" lon="19.975936"><ele>1603.0</ele></trkpt>
      <trkpt lat="49.153899" lon="19.975968"><ele>1604.0</ele></trkpt>
      <trkpt lat="49.153894" lon="19.975998"><ele>1605.0</ele></trkpt>
      <trkpt lat="49.153902" lon="19.976031"><ele>1605.0</ele></trkpt>
      <trkpt lat="49.153903" lon="19.976065"><ele>1606.0</ele></trkpt>
      <trkpt lat="49.153894" lon="19.976089"><ele>1607.0</ele></trkpt>
      <trkpt lat="49.153900" lon="19.976115"><ele>1607.0</ele></trkpt>
      <trkpt lat="49.153916" lon="19.976149"><ele>1607.0</ele></trkpt>
      <trkpt lat="49.153923" lon="19.976176"><ele>1607.0</ele></trkpt>
      <trkpt lat="49.153924" lon="19.976209"><ele>1608.0</ele></trkpt>
      <trkpt lat="49.153924" lon="19.976237"><ele>1608.0</ele></trkpt>
      <trkpt lat="49.153922" lon="19.976271"><ele>1609.0</ele></trkpt>
      <trkpt lat="49.153923" lon="19.976303"><ele>1610.0</ele></trkpt>
      <trkpt lat="49.153926" lon="19.976337"><ele>1610.0</ele></trkpt>
      <trkpt lat="49.153927" lon="19.976370"><ele>1611.0</ele></trkpt>
      <trkpt lat="49.153923" lon="19.976401"><ele>1611.0</ele></trkpt>
      <trkpt lat="49.153921" lon="19.976434"><ele>1612.0</ele></trkpt>
      <trkpt lat="49.153922" lon="19.976462"><ele>1612.0</ele></trkpt>
      <trkpt lat="49.153928" lon="19.976493"><ele>1613.0</ele></trkpt>
      <trkpt lat="49.153929" lon="19.976528"><ele>1614.0</ele></trkpt>
      <trkpt lat="49.153932" lon="19.976565"><ele>1614.0</ele></trkpt>
      <trkpt lat="49.153926" lon="19.976595"><ele>1615.0</ele></trkpt>
      <trkpt lat="49.153925" lon="19.976629"><ele>1615.0</ele></trkpt>
      <trkpt lat="49.153918" lon="19.976656"><ele>1615.0</ele></trkpt>
      <trkpt lat="49.153915" lon="19.976687"><ele>1616.0</ele></trkpt>
      <trkpt lat="49.153910" lon="19.976717"><ele>1617.0</ele></trkpt>
      <trkpt lat="49.153908" lon="19.976746"><ele>1617.0</ele></trkpt>
      <trkpt lat="49.153902" lon="19.976777"><ele>1618.0</ele></trkpt>
      <trkpt lat="49.153895" lon="19.976812"><ele>1618.0</ele></trkpt>
      <trkpt lat="49.153895" lon="19.976841"><ele>1618.0</ele></trkpt>
      <trkpt lat="49.153886" lon="19.976875"><ele>1619.0</ele></trkpt>
      <trkpt lat="49.153881" lon="19.976905"><ele>1620.0</ele></trkpt>
      <trkpt lat="49.153873" lon="19.976941"><ele>1621.0</ele></trkpt>
      <trkpt lat="49.153863" lon="19.976972"><ele>1621.0</ele></trkpt>
      <trkpt lat="49.153857" lon="19.976999"><ele>1621.0</ele></trkpt>
      <trkpt lat="49.153846" lon="19.977028"><ele>1622.0</ele></trkpt>
      <trkpt lat="49.153842" lon="19.977065"><ele>1622.0</ele></trkpt>
      <trkpt lat="49.153837" lon="19.977102"><ele>1623.0</ele></trkpt>
      <trkpt lat="49.153835" lon="19.977141"><ele>1623.0</ele></trkpt>
      <trkpt lat="49.153832" lon="19.977168"><ele>1624.0</ele></trkpt>
      <trkpt lat="49.153826" lon="19.977201"><ele>1624.0</ele></trkpt>
      <trkpt lat="49.153821" lon="19.977238"><ele>1625.0</ele></trkpt>
      <trkpt lat="49.153818" lon="19.977266"><ele>1625.0</ele></trkpt>
      <trkpt lat="49.153811" lon="19.977297"><ele>1626.0</ele></trkpt>
      <trkpt lat="49.153801" lon="19.977329"><ele>1626.0</ele></trkpt>
      <trkpt lat="49.153791" lon="19.977351"><ele>1626.0</ele></trkpt>
      <trkpt lat="49.153783" lon="19.977377"><ele>1626.0</ele></trkpt>
      <trkpt lat="49.153777" lon="19.977409"><ele>1627.0</ele></trkpt>
      <trkpt lat="49.153769" lon="19.977439"><ele>1628.0</ele></trkpt>
      <trkpt lat="49.153759" lon="19.977472"><ele>1628.0</ele></trkpt>
      <trkpt lat="49.153752" lon="19.977505"><ele>1629.0</ele></trkpt>
      <trkpt lat="49.153740" lon="19.977541"><ele>1630.0</ele></trkpt>
      <trkpt lat="49.153736" lon="19.977577"><ele>1630.0</ele></trkpt>
      <trkpt lat="49.153729" lon="19.977612"><ele>1630.0</ele></trkpt>
      <trkpt lat="49.153722" lon="19.977643"><ele>1630.0</ele></trkpt>
      <trkpt lat="49.153714" lon="19.977670"><ele>1630.0</ele></trkpt>
      <trkpt lat="49.153714" lon="19.977700"><ele>1632.0</ele></trkpt>
      <trkpt lat="49.153704" lon="19.977722"><ele>1632.0</ele></trkpt>
      <trkpt lat="49.153703" lon="19.977754"><ele>1634.0</ele></trkpt>
      <trkpt lat="49.153712" lon="19.977787"><ele>1634.0</ele></trkpt>
      <trkpt lat="49.153720" lon="19.977815"><ele>1636.0</ele></trkpt>
      <trkpt lat="49.153729" lon="19.977839"><ele>1636.0</ele></trkpt>
      <trkpt lat="49.153737" lon="19.977865"><ele>1636.0</ele></trkpt>
      <trkpt lat="49.153754" lon="19.977878"><ele>1636.0</ele></trkpt>
      <trkpt lat="49.153772" lon="19.977880"><ele>1636.0</ele></trkpt>
      <trkpt lat="49.153790" lon="19.977875"><ele>1637.0</ele></trkpt>
      <trkpt lat="49.153808" lon="19.977866"><ele>1638.0</ele></trkpt>
      <trkpt lat="49.153826" lon="19.977847"><ele>1638.0</ele></trkpt>
      <trkpt lat="49.153844" lon="19.977832"><ele>1638.0</ele></trkpt>
      <trkpt lat="49.153857" lon="19.977809"><ele>1638.0</ele></trkpt>
      <trkpt lat="49.153878" lon="19.977814"><ele>1638.0</ele></trkpt>
      <trkpt lat="49.153903" lon="19.977829"><ele>1639.0</ele></trkpt>
      <trkpt lat="49.153922" lon="19.977832"><ele>1640.0</ele></trkpt>
      <trkpt lat="49.153948" lon="19.977828"><ele>1640.0</ele></trkpt>
      <trkpt lat="49.153970" lon="19.977814"><ele>1640.0</ele></trkpt>
      <trkpt lat="49.153991" lon="19.977805"><ele>1641.0</ele></trkpt>
      <trkpt lat="49.154009" lon="19.977794"><ele>1642.0</ele></trkpt>
      <trkpt lat="49.154026" lon="19.977778"><ele>1642.0</ele></trkpt>
      <trkpt lat="49.154048" lon="19.977780"><ele>1642.0</ele></trkpt>
      <trkpt lat="49.154071" lon="19.977784"><ele>1644.0</ele></trkpt>
      <trkpt lat="49.154094" lon="19.977785"><ele>1645.0</ele></trkpt>
      <trkpt lat="49.154115" lon="19.977774"><ele>1645.0</ele></trkpt>
      <trkpt lat="49.154134" lon="19.977756"><ele>1645.0</ele></trkpt>
      <trkpt lat="49.154155" lon="19.977737"><ele>1645.0</ele></trkpt>
      <trkpt lat="49.154176" lon="19.977719"><ele>1645.0</ele></trkpt>
      <trkpt lat="49.154198" lon="19.977714"><ele>1645.0</ele></trkpt>
      <trkpt lat="49.154219" lon="19.977701"><ele>1646.0</ele></trkpt>
      <trkpt lat="49.154238" lon="19.977698"><ele>1646.0</ele></trkpt>
      <trkpt lat="49.154255" lon="19.977685"><ele>1647.0</ele></trkpt>
      <trkpt lat="49.154275" lon="19.977687"><ele>1647.0</ele></trkpt>
      <trkpt lat="49.154293" lon="19.977678"><ele>1647.0</ele></trkpt>
      <trkpt lat="49.154317" lon="19.977677"><ele>1648.0</ele></trkpt>
      <trkpt lat="49.154334" lon="19.977660"><ele>1649.0</ele></trkpt>
      <trkpt lat="49.154350" lon="19.977642"><ele>1649.0</ele></trkpt>
      <trkpt lat="49.154371" lon="19.977624"><ele>1650.0</ele></trkpt>
      <trkpt lat="49.154386" lon="19.977594"><ele>1650.0</ele></trkpt>
      <trkpt lat="49.154390" lon="19.977567"><ele>1652.0</ele></trkpt>
      <trkpt lat="49.154413" lon="19.977552"><ele>1651.0</ele></trkpt>
      <trkpt lat="49.154431" lon="19.977545"><ele>1651.0</ele></trkpt>
      <trkpt lat="49.154449" lon="19.977538"><ele>1651.0</ele></trkpt>
      <trkpt lat="49.154475" lon="19.977525"><ele>1651.0</ele></trkpt>
      <trkpt lat="49.154497" lon="19.977507"><ele>1652.0</ele></trkpt>
      <trkpt lat="49.154518" lon="19.977490"><ele>1652.0</ele></trkpt>
      <trkpt lat="49.154538" lon="19.977466"><ele>1653.0</ele></trkpt>
      <trkpt lat="49.154556" lon="19.977450"><ele>1653.0</ele></trkpt>
      <trkpt lat="49.154571" lon="19.977427"><ele>1653.0</ele></trkpt>
      <trkpt lat="49.154587" lon="19.977400"><ele>1654.0</ele></trkpt>
      <trkpt lat="49.154601" lon="19.977381"><ele>1656.0</ele></trkpt>
      <trkpt lat="49.154616" lon="19.977361"><ele>1657.0</ele></trkpt>
      <trkpt lat="49.154639" lon="19.977355"><ele>1656.0</ele></trkpt>
      <trkpt lat="49.154657" lon="19.977339"><ele>1657.0</ele></trkpt>
      <trkpt lat="49.154677" lon="19.977314"><ele>1657.0</ele></trkpt>
      <trkpt lat="49.154696" lon="19.977298"><ele>1657.0</ele></trkpt>
      <trkpt lat="49.154715" lon="19.977289"><ele>1658.0</ele></trkpt>
      <trkpt lat="49.154734" lon="19.977279"><ele>1658.0</ele></trkpt>
      <trkpt lat="49.154752" lon="19.977265"><ele>1660.0</ele></trkpt>
      <trkpt lat="49.154771" lon="19.977279"><ele>1660.0</ele></trkpt>
      <trkpt lat="49.154789" lon="19.977290"><ele>1660.0</ele></trkpt>
      <trkpt lat="49.154796" lon="19.977317"><ele>1661.0</ele></trkpt>
      <trkpt lat="49.154794" lon="19.977346"><ele>1661.0</ele></trkpt>
      <trkpt lat="49.154789" lon="19.977380"><ele>1662.0</ele></trkpt>
      <trkpt lat="49.154777" lon="19.977403"><ele>1663.0</ele></trkpt>
      <trkpt lat="49.154777" lon="19.977435"><ele>1665.0</ele></trkpt>
      <trkpt lat="49.154772" lon="19.977463"><ele>1665.0</ele></trkpt>
      <trkpt lat="49.154764" lon="19.977491"><ele>1665.0</ele></trkpt>
      <trkpt lat="49.154761" lon="19.977519"><ele>1665.0</ele></trkpt>
      <trkpt lat="49.154759" lon="19.977557"><ele>1665.0</ele></trkpt>
      <trkpt lat="49.154756" lon="19.977586"><ele>1667.0</ele></trkpt>
      <trkpt lat="49.154757" lon="19.977623"><ele>1667.0</ele></trkpt>
      <trkpt lat="49.154752" lon="19.977659"><ele>1668.0</ele></trkpt>
      <trkpt lat="49.154757" lon="19.977688"><ele>1668.0</ele></trkpt>
      <trkpt lat="49.154751" lon="19.977719"><ele>1668.0</ele></trkpt>
      <trkpt lat="49.154747" lon="19.977748"><ele>1668.0</ele></trkpt>
      <trkpt lat="49.154743" lon="19.977784"><ele>1669.0</ele></trkpt>
      <trkpt lat="49.154740" lon="19.977820"><ele>1670.0</ele></trkpt>
      <trkpt lat="49.154736" lon="19.977851"><ele>1670.0</ele></trkpt>
      <trkpt lat="49.154736" lon="19.977879"><ele>1671.0</ele></trkpt>
      <trkpt lat="49.154736" lon="19.977914"><ele>1672.0</ele></trkpt>
      <trkpt lat="49.154732" lon="19.977946"><ele>1673.0</ele></trkpt>
      <trkpt lat="49.154727" lon="19.977981"><ele>1674.0</ele></trkpt>
      <trkpt lat="49.154724" lon="19.978014"><ele>1674.0</ele></trkpt>
      <trkpt lat="49.154718" lon="19.978053"><ele>1675.0</ele></trkpt>
      <trkpt lat="49.154717" lon="19.978087"><ele>1676.0</ele></trkpt>
      <trkpt lat="49.154719" lon="19.978115"><ele>1677.0</ele></trkpt>
      <trkpt lat="49.154717" lon="19.978146"><ele>1677.0</ele></trkpt>
      <trkpt lat="49.154715" lon="19.978176"><ele>1678.0</ele></trkpt>
      <trkpt lat="49.154714" lon="19.978210"><ele>1678.0</ele></trkpt>
      <trkpt lat="49.154714" lon="19.978240"><ele>1678.0</ele></trkpt>
      <trkpt lat="49.154716" lon="19.978268"><ele>1678.0</ele></trkpt>
      <trkpt lat="49.154716" lon="19.978305"><ele>1679.0</ele></trkpt>
      <trkpt lat="49.154713" lon="19.978334"><ele>1680.0</ele></trkpt>
      <trkpt lat="49.154701" lon="19.978358"><ele>1681.0</ele></trkpt>
      <trkpt lat="49.154694" lon="19.978385"><ele>1681.0</ele></trkpt>
      <trkpt lat="49.154693" lon="19.978423"><ele>1682.0</ele></trkpt>
      <trkpt lat="49.154699" lon="19.978450"><ele>1682.0</ele></trkpt>
      <trkpt lat="49.154695" lon="19.978484"><ele>1682.0</ele></trkpt>
      <trkpt lat="49.154699" lon="19.978514"><ele>1683.0</ele></trkpt>
      <trkpt lat="49.154698" lon="19.978545"><ele>1684.0</ele></trkpt>
      <trkpt lat="49.154697" lon="19.978581"><ele>1685.0</ele></trkpt>
      <trkpt lat="49.154693" lon="19.978609"><ele>1685.0</ele></trkpt>
      <trkpt lat="49.154695" lon="19.978641"><ele>1685.0</ele></trkpt>
      <trkpt lat="49.154700" lon="19.978669"><ele>1685.0</ele></trkpt>
      <trkpt lat="49.154698" lon="19.978706"><ele>1685.0</ele></trkpt>
      <trkpt lat="49.154694" lon="19.978735"><ele>1687.0</ele></trkpt>
      <trkpt lat="49.154690" lon="19.978763"><ele>1687.0</ele></trkpt>
      <trkpt lat="49.154691" lon="19.978793"><ele>1687.0</ele></trkpt>
      <trkpt lat="49.154695" lon="19.978831"><ele>1688.0</ele></trkpt>
      <trkpt lat="49.154687" lon="19.978858"><ele>1689.0</ele></trkpt>
      <trkpt lat="49.154682" lon="19.978889"><ele>1689.0</ele></trkpt>
      <trkpt lat="49.154673" lon="19.978918"><ele>1690.0</ele></trkpt>
      <trkpt lat="49.154670" lon="19.978948"><ele>1690.0</ele></trkpt>
      <trkpt lat="49.154661" lon="19.978973"><ele>1691.0</ele></trkpt>
      <trkpt lat="49.154652" lon="19.978997"><ele>1691.0</ele></trkpt>
      <trkpt lat="49.154647" lon="19.979031"><ele>1692.0</ele></trkpt>
      <trkpt lat="49.154637" lon="19.979062"><ele>1692.0</ele></trkpt>
      <trkpt lat="49.154626" lon="19.979087"><ele>1693.0</ele></trkpt>
      <trkpt lat="49.154614" lon="19.979111"><ele>1693.0</ele></trkpt>
      <trkpt lat="49.154603" lon="19.979135"><ele>1694.0</ele></trkpt>
      <trkpt lat="49.154592" lon="19.979162"><ele>1695.0</ele></trkpt>
      <trkpt lat="49.154581" lon="19.979194"><ele>1695.0</ele></trkpt>
      <trkpt lat="49.154572" lon="19.979223"><ele>1695.0</ele></trkpt>
      <trkpt lat="49.154564" lon="19.979258"><ele>1696.0</ele></trkpt>
      <trkpt lat="49.154556" lon="19.979284"><ele>1696.0</ele></trkpt>
      <trkpt lat="49.154552" lon="19.979314"><ele>1696.0</ele></trkpt>
      <trkpt lat="49.154552" lon="19.979350"><ele>1697.0</ele></trkpt>
      <trkpt lat="49.154547" lon="19.979377"><ele>1698.0</ele></trkpt>
      <trkpt lat="49.154537" lon="19.979406"><ele>1698.0</ele></trkpt>
      <trkpt lat="49.154536" lon="19.979435"><ele>1699.0</ele></trkpt>
      <trkpt lat="49.154529" lon="19.979466"><ele>1699.0</ele></trkpt>
      <trkpt lat="49.154516" lon="19.979500"><ele>1699.0</ele></trkpt>
      <trkpt lat="49.154512" lon="19.979528"><ele>1701.0</ele></trkpt>
      <trkpt lat="49.154503" lon="19.979559"><ele>1701.0</ele></trkpt>
      <trkpt lat="49.154496" lon="19.979593"><ele>1701.0</ele></trkpt>
      <trkpt lat="49.154483" lon="19.979615"><ele>1702.0</ele></trkpt>
      <trkpt lat="49.154471" lon="19.979637"><ele>1703.0</ele></trkpt>
      <trkpt lat="49.154458" lon="19.979669"><ele>1703.0</ele></trkpt>
      <trkpt lat="49.154451" lon="19.979705"><ele>1703.0</ele></trkpt>
      <trkpt lat="49.154442" lon="19.979729"><ele>1703.0</ele></trkpt>
      <trkpt lat="49.154433" lon="19.979754"><ele>1703.0</ele></trkpt>
      <trkpt lat="49.154419" lon="19.979786"><ele>1703.0</ele></trkpt>
      <trkpt lat="49.154409" lon="19.979814"><ele>1704.0</ele></trkpt>
      <trkpt lat="49.154396" lon="19.979843"><ele>1705.0</ele></trkpt>
      <trkpt lat="49.154383" lon="19.979872"><ele>1705.0</ele></trkpt>
      <trkpt lat="49.154373" lon="19.979900"><ele>1705.0</ele></trkpt>
      <trkpt lat="49.154359" lon="19.979935"><ele>1706.0</ele></trkpt>
      <trkpt lat="49.154354" lon="19.979962"><ele>1706.0</ele></trkpt>
      <trkpt lat="49.154338" lon="19.979984"><ele>1706.0</ele></trkpt>
      <trkpt lat="49.154327" lon="19.980013"><ele>1707.0</ele></trkpt>
      <trkpt lat="49.154314" lon="19.980038"><ele>1708.0</ele></trkpt>
      <trkpt lat="49.154297" lon="19.980065"><ele>1708.0</ele></trkpt>
      <trkpt lat="49.154284" lon="19.980092"><ele>1708.0</ele></trkpt>
      <trkpt lat="49.154265" lon="19.980108"><ele>1709.0</ele></trkpt>
      <trkpt lat="49.154251" lon="19.980140"><ele>1709.0</ele></trkpt>
      <trkpt lat="49.154237" lon="19.980165"><ele>1709.0</ele></trkpt>
      <trkpt lat="49.154220" lon="19.980188"><ele>1709.0</ele></trkpt>
      <trkpt lat="49.154209" lon="19.980211"><ele>1710.0</ele></trkpt>
      <trkpt lat="49.154201" lon="19.980243"><ele>1711.0</ele></trkpt>
      <trkpt lat="49.154189" lon="19.980276"><ele>1711.0</ele></trkpt>
      <trkpt lat="49.154177" lon="19.980304"><ele>1711.0</ele></trkpt>
      <trkpt lat="49.154167" lon="19.980332"><ele>1711.0</ele></trkpt>
      <trkpt lat="49.154151" lon="19.980358"><ele>1712.0</ele></trkpt>
      <trkpt lat="49.154138" lon="19.980386"><ele>1712.0</ele></trkpt>
      <trkpt lat="49.154131" lon="19.980412"><ele>1712.0</ele></trkpt>
      <trkpt lat="49.154119" lon="19.980442"><ele>1713.0</ele></trkpt>
      <trkpt lat="49.154100" lon="19.980464"><ele>1714.0</ele></trkpt>
      <trkpt lat="49.154086" lon="19.980492"><ele>1714.0</ele></trkpt>
      <trkpt lat="49.154072" lon="19.980517"><ele>1714.0</ele></trkpt>
      <trkpt lat="49.154054" lon="19.980543"><ele>1715.0</ele></trkpt>
      <trkpt lat="49.154035" lon="19.980565"><ele>1715.0</ele></trkpt>
      <trkpt lat="49.154017" lon="19.980588"><ele>1716.0</ele></trkpt>
      <trkpt lat="49.154006" lon="19.980617"><ele>1717.0</ele></trkpt>
      <trkpt lat="49.154013" lon="19.980646"><ele>1718.0</ele></trkpt>
      <trkpt lat="49.154036" lon="19.980659"><ele>1718.0</ele></trkpt>
      <trkpt lat="49.154055" lon="19.980654"><ele>1720.0</ele></trkpt>
      <trkpt lat="49.154076" lon="19.980657"><ele>1720.0</ele></trkpt>
      <trkpt lat="49.154096" lon="19.980656"><ele>1720.0</ele></trkpt>
      <trkpt lat="49.154119" lon="19.980656"><ele>1721.0</ele></trkpt>
      <trkpt lat="49.154137" lon="19.980651"><ele>1721.0</ele></trkpt>
      <trkpt lat="49.154162" lon="19.980644"><ele>1721.0</ele></trkpt>
      <trkpt lat="49.154184" lon="19.980639"><ele>1721.0</ele></trkpt>
      <trkpt lat="49.154208" lon="19.980637"><ele>1721.0</ele></trkpt>
      <trkpt lat="49.154237" lon="19.980634"><ele>1721.0</ele></trkpt>
      <trkpt lat="49.154257" lon="19.980629"><ele>1721.0</ele></trkpt>
      <trkpt lat="49.154283" lon="19.980619"><ele>1721.0</ele></trkpt>
      <trkpt lat="49.154302" lon="19.980605"><ele>1721.0</ele></trkpt>
      <trkpt lat="49.154320" lon="19.980592"><ele>1722.0</ele></trkpt>
      <trkpt lat="49.154348" lon="19.980579"><ele>1722.0</ele></trkpt>
      <trkpt lat="49.154367" lon="19.980566"><ele>1722.0</ele></trkpt>
      <trkpt lat="49.154388" lon="19.980560"><ele>1722.0</ele></trkpt>
      <trkpt lat="49.154415" lon="19.980554"><ele>1722.0</ele></trkpt>
      <trkpt lat="49.154436" lon="19.980553"><ele>1722.0</ele></trkpt>
      <trkpt lat="49.154461" lon="19.980543"><ele>1723.0</ele></trkpt>
      <trkpt lat="49.154483" lon="19.980543"><ele>1723.0</ele></trkpt>
      <trkpt lat="49.154508" lon="19.980535"><ele>1723.0</ele></trkpt>
      <trkpt lat="49.154525" lon="19.980528"><ele>1724.0</ele></trkpt>
      <trkpt lat="49.154544" lon="19.980517"><ele>1724.0</ele></trkpt>
      <trkpt lat="49.154567" lon="19.980516"><ele>1725.0</ele></trkpt>
      <trkpt lat="49.154587" lon="19.980512"><ele>1725.0</ele></trkpt>
      <trkpt lat="49.154611" lon="19.980512"><ele>1726.0</ele></trkpt>
      <trkpt lat="49.154633" lon="19.980501"><ele>1726.0</ele></trkpt>
      <trkpt lat="49.154660" lon="19.980496"><ele>1727.0</ele></trkpt>
      <trkpt lat="49.154687" lon="19.980493"><ele>1727.0</ele></trkpt>
      <trkpt lat="49.154712" lon="19.980481"><ele>1727.0</ele></trkpt>
      <trkpt lat="49.154731" lon="19.980480"><ele>1727.0</ele></trkpt>
      <trkpt lat="49.154751" lon="19.980476"><ele>1727.0</ele></trkpt>
      <trkpt lat="49.154772" lon="19.980460"><ele>1727.0</ele></trkpt>
      <trkpt lat="49.154789" lon="19.980440"><ele>1728.0</ele></trkpt>
      <trkpt lat="49.154809" lon="19.980427"><ele>1728.0</ele></trkpt>
      <trkpt lat="49.154830" lon="19.980413"><ele>1729.0</ele></trkpt>
      <trkpt lat="49.154850" lon="19.980399"><ele>1729.0</ele></trkpt>
      <trkpt lat="49.154874" lon="19.980395"><ele>1731.0</ele></trkpt>
      <trkpt lat="49.154895" lon="19.980389"><ele>1732.0</ele></trkpt>
      <trkpt lat="49.154912" lon="19.980379"><ele>1732.0</ele></trkpt>
      <trkpt lat="49.154924" lon="19.980356"><ele>1733.0</ele></trkpt>
      <trkpt lat="49.154940" lon="19.980341"><ele>1733.0</ele></trkpt>
      <trkpt lat="49.154957" lon="19.980328"><ele>1733.0</ele></trkpt>
      <trkpt lat="49.154976" lon="19.980304"><ele>1734.0</ele></trkpt>
      <trkpt lat="49.154995" lon="19.980295"><ele>1735.0</ele></trkpt>
      <trkpt lat="49.155018" lon="19.980290"><ele>1735.0</ele></trkpt>
      <trkpt lat="49.155040" lon="19.980288"><ele>1736.0</ele></trkpt>
      <trkpt lat="49.155060" lon="19.980275"><ele>1736.0</ele></trkpt>
      <trkpt lat="49.155078" lon="19.980266"><ele>1737.0</ele></trkpt>
      <trkpt lat="49.155097" lon="19.980254"><ele>1738.0</ele></trkpt>
      <trkpt lat="49.155120" lon="19.980249"><ele>1738.0</ele></trkpt>
      <trkpt lat="49.155138" lon="19.980249"><ele>1740.0</ele></trkpt>
      <trkpt lat="49.155161" lon="19.980242"><ele>1740.0</ele></trkpt>
      <trkpt lat="49.155180" lon="19.980236"><ele>1741.0</ele></trkpt>
      <trkpt lat="49.155189" lon="19.980212"><ele>1741.0</ele></trkpt>
      <trkpt lat="49.155207" lon="19.980197"><ele>1741.0</ele></trkpt>
      <trkpt lat="49.155226" lon="19.980179"><ele>1741.0</ele></trkpt>
      <trkpt lat="49.155245" lon="19.980163"><ele>1741.0</ele></trkpt>
      <trkpt lat="49.155266" lon="19.980160"><ele>1742.0</ele></trkpt>
      <trkpt lat="49.155288" lon="19.980154"><ele>1742.0</ele></trkpt>
      <trkpt lat="49.155310" lon="19.980152"><ele>1743.0</ele></trkpt>
      <trkpt lat="49.155329" lon="19.980131"><ele>1744.0</ele></trkpt>
      <trkpt lat="49.155348" lon="19.980118"><ele>1745.0</ele></trkpt>
      <trkpt lat="49.155367" lon="19.980113"><ele>1745.0</ele></trkpt>
      <trkpt lat="49.155389" lon="19.980119"><ele>1746.0</ele></trkpt>
      <trkpt lat="49.155410" lon="19.980122"><ele>1747.0</ele></trkpt>
      <trkpt lat="49.155427" lon="19.980113"><ele>1747.0</ele></trkpt>
      <trkpt lat="49.155448" lon="19.980102"><ele>1747.0</ele></trkpt>
      <trkpt lat="49.155469" lon="19.980085"><ele>1748.0</ele></trkpt>
      <trkpt lat="49.155491" lon="19.980082"><ele>1748.0</ele></trkpt>
      <trkpt lat="49.155512" lon="19.980075"><ele>1748.0</ele></trkpt>
      <trkpt lat="49.155529" lon="19.980059"><ele>1749.0</ele></trkpt>
      <trkpt lat="49.155543" lon="19.980042"><ele>1749.0</ele></trkpt>
      <trkpt lat="49.155563" lon="19.980025"><ele>1749.0</ele></trkpt>
      <trkpt lat="49.155584" lon="19.980017"><ele>1750.0</ele></trkpt>
      <trkpt lat="49.155602" lon="19.980009"><ele>1750.0</ele></trkpt>
      <trkpt lat="49.155622" lon="19.979997"><ele>1751.0</ele></trkpt>
      <trkpt lat="49.155640" lon="19.979984"><ele>1751.0</ele></trkpt>
      <trkpt lat="49.155663" lon="19.979961"><ele>1752.0</ele></trkpt>
      <trkpt lat="49.155685" lon="19.979947"><ele>1753.0</ele></trkpt>
      <trkpt lat="49.155703" lon="19.979939"><ele>1753.0</ele></trkpt>
      <trkpt lat="49.155721" lon="19.979926"><ele>1753.0</ele></trkpt>
      <trkpt lat="49.155745" lon="19.979919"><ele>1755.0</ele></trkpt>
      <trkpt lat="49.155763" lon="19.979915"><ele>1756.0</ele></trkpt>
      <trkpt lat="49.155780" lon="19.979900"><ele>1757.0</ele></trkpt>
      <trkpt lat="49.155804" lon="19.979893"><ele>1757.0</ele></trkpt>
      <trkpt lat="49.155823" lon="19.979893"><ele>1758.0</ele></trkpt>
      <trkpt lat="49.155846" lon="19.979890"><ele>1758.0</ele></trkpt>
      <trkpt lat="49.155868" lon="19.979875"><ele>1758.0</ele></trkpt>
      <trkpt lat="49.155890" lon="19.979864"><ele>1759.0</ele></trkpt>
      <trkpt lat="49.155908" lon="19.979864"><ele>1760.0</ele></trkpt>
      <trkpt lat="49.155924" lon="19.979843"><ele>1760.0</ele></trkpt>
      <trkpt lat="49.155942" lon="19.979839"><ele>1761.0</ele></trkpt>
      <trkpt lat="49.155950" lon="19.979810"><ele>1762.0</ele></trkpt>
      <trkpt lat="49.155973" lon="19.979802"><ele>1763.0</ele></trkpt>
      <trkpt lat="49.155991" lon="19.979794"><ele>1763.0</ele></trkpt>
      <trkpt lat="49.156014" lon="19.979791"><ele>1764.0</ele></trkpt>
      <trkpt lat="49.156039" lon="19.979775"><ele>1765.0</ele></trkpt>
      <trkpt lat="49.156058" lon="19.979766"><ele>1766.0</ele></trkpt>
      <trkpt lat="49.156079" lon="19.979758"><ele>1767.0</ele></trkpt>
      <trkpt lat="49.156098" lon="19.979753"><ele>1767.0</ele></trkpt>
      <trkpt lat="49.156123" lon="19.979746"><ele>1768.0</ele></trkpt>
      <trkpt lat="49.156144" lon="19.979731"><ele>1769.0</ele></trkpt>
      <trkpt lat="49.156168" lon="19.979726"><ele>1770.0</ele></trkpt>
      <trkpt lat="49.156179" lon="19.979750"><ele>1771.0</ele></trkpt>
      <trkpt lat="49.156166" lon="19.979777"><ele>1771.0</ele></trkpt>
      <trkpt lat="49.156162" lon="19.979809"><ele>1771.0</ele></trkpt>
      <trkpt lat="49.156150" lon="19.979840"><ele>1772.0</ele></trkpt>
      <trkpt lat="49.156140" lon="19.979876"><ele>1773.0</ele></trkpt>
      <trkpt lat="49.156134" lon="19.979910"><ele>1773.0</ele></trkpt>
      <trkpt lat="49.156132" lon="19.979940"><ele>1773.0</ele></trkpt>
      <trkpt lat="49.156128" lon="19.979968"><ele>1773.0</ele></trkpt>
      <trkpt lat="49.156124" lon="19.980001"><ele>1773.0</ele></trkpt>
      <trkpt lat="49.156120" lon="19.980039"><ele>1773.0</ele></trkpt>
      <trkpt lat="49.156114" lon="19.980065"><ele>1774.0</ele></trkpt>
      <trkpt lat="49.156111" lon="19.980099"><ele>1774.0</ele></trkpt>
      <trkpt lat="49.156098" lon="19.980125"><ele>1776.0</ele></trkpt>
      <trkpt lat="49.156091" lon="19.980152"><ele>1776.0</ele></trkpt>
      <trkpt lat="49.156090" lon="19.980181"><ele>1776.0</ele></trkpt>
      <trkpt lat="49.156091" lon="19.980216"><ele>1776.0</ele></trkpt>
      <trkpt lat="49.156085" lon="19.980259"><ele>1776.0</ele></trkpt>
      <trkpt lat="49.156078" lon="19.980297"><ele>1778.0</ele></trkpt>
      <trkpt lat="49.156073" lon="19.980325"><ele>1778.0</ele></trkpt>
      <trkpt lat="49.156071" lon="19.980354"><ele>1778.0</ele></trkpt>
      <trkpt lat="49.156069" lon="19.980382"><ele>1778.0</ele></trkpt>
      <trkpt lat="49.156062" lon="19.980421"><ele>1779.0</ele></trkpt>
      <trkpt lat="49.156056" lon="19.980454"><ele>1779.0</ele></trkpt>
      <trkpt lat="49.156054" lon="19.980493"><ele>1780.0</ele></trkpt>
      <trkpt lat="49.156045" lon="19.980525"><ele>1780.0</ele></trkpt>
      <trkpt lat="49.156035" lon="19.980559"><ele>1782.0</ele></trkpt>
      <trkpt lat="49.156028" lon="19.980594"><ele>1782.0</ele></trkpt>
      <trkpt lat="49.156026" lon="19.980626"><ele>1783.0</ele></trkpt>
      <trkpt lat="49.156021" lon="19.980661"><ele>1783.0</ele></trkpt>
      <trkpt lat="49.156013" lon="19.980697"><ele>1784.0</ele></trkpt>
      <trkpt lat="49.156006" lon="19.980738"><ele>1784.0</ele></trkpt>
      <trkpt lat="49.155993" lon="19.980767"><ele>1785.0</ele></trkpt>
      <trkpt lat="49.155983" lon="19.980796"><ele>1785.0</ele></trkpt>
      <trkpt lat="49.155973" lon="19.980834"><ele>1786.0</ele></trkpt>
      <trkpt lat="49.155963" lon="19.980861"><ele>1786.0</ele></trkpt>
      <trkpt lat="49.155954" lon="19.980886"><ele>1786.0</ele></trkpt>
      <trkpt lat="49.155947" lon="19.980912"><ele>1787.0</ele></trkpt>
      <trkpt lat="49.155946" lon="19.980946"><ele>1788.0</ele></trkpt>
      <trkpt lat="49.155950" lon="19.980973"><ele>1788.0</ele></trkpt>
      <trkpt lat="49.155949" lon="19.981010"><ele>1789.0</ele></trkpt>
      <trkpt lat="49.155946" lon="19.981047"><ele>1790.0</ele></trkpt>
      <trkpt lat="49.155944" lon="19.981078"><ele>1790.0</ele></trkpt>
      <trkpt lat="49.155934" lon="19.981112"><ele>1791.0</ele></trkpt>
      <trkpt lat="49.155926" lon="19.981138"><ele>1791.0</ele></trkpt>
      <trkpt lat="49.155920" lon="19.981174"><ele>1791.0</ele></trkpt>
      <trkpt lat="49.155911" lon="19.981210"><ele>1792.0</ele></trkpt>
      <trkpt lat="49.155910" lon="19.981250"><ele>1793.0</ele></trkpt>
      <trkpt lat="49.155909" lon="19.981288"><ele>1793.0</ele></trkpt>
      <trkpt lat="49.155903" lon="19.981319"><ele>1793.0</ele></trkpt>
      <trkpt lat="49.155891" lon="19.981354"><ele>1794.0</ele></trkpt>
      <trkpt lat="49.155874" lon="19.981381"><ele>1794.0</ele></trkpt>
      <trkpt lat="49.155870" lon="19.981412"><ele>1794.0</ele></trkpt>
      <trkpt lat="49.155861" lon="19.981447"><ele>1795.0</ele></trkpt>
      <trkpt lat="49.155853" lon="19.981481"><ele>1796.0</ele></trkpt>
      <trkpt lat="49.155860" lon="19.981518"><ele>1796.0</ele></trkpt>
      <trkpt lat="49.155859" lon="19.981557"><ele>1797.0</ele></trkpt>
      <trkpt lat="49.155854" lon="19.981587"><ele>1797.0</ele></trkpt>
      <trkpt lat="49.155855" lon="19.981617"><ele>1798.0</ele></trkpt>
      <trkpt lat="49.155868" lon="19.981642"><ele>1798.0</ele></trkpt>
      <trkpt lat="49.155877" lon="19.981673"><ele>1800.0</ele></trkpt>
      <trkpt lat="49.155882" lon="19.981707"><ele>1801.0</ele></trkpt>
      <trkpt lat="49.155887" lon="19.981746"><ele>1801.0</ele></trkpt>
      <trkpt lat="49.155897" lon="19.981777"><ele>1802.0</ele></trkpt>
      <trkpt lat="49.155903" lon="19.981806"><ele>1803.0</ele></trkpt>
      <trkpt lat="49.155912" lon="19.981831"><ele>1803.0</ele></trkpt>
      <trkpt lat="49.155930" lon="19.981842"><ele>1805.0</ele></trkpt>
      <trkpt lat="49.155944" lon="19.981867"><ele>1806.0</ele></trkpt>
      <trkpt lat="49.155964" lon="19.981864"><ele>1806.0</ele></trkpt>
      <trkpt lat="49.155983" lon="19.981858"><ele>1807.0</ele></trkpt>
      <trkpt lat="49.156001" lon="19.981853"><ele>1808.0</ele></trkpt>
      <trkpt lat="49.156026" lon="19.981839"><ele>1808.0</ele></trkpt>
      <trkpt lat="49.156043" lon="19.981830"><ele>1809.0</ele></trkpt>
      <trkpt lat="49.156068" lon="19.981818"><ele>1809.0</ele></trkpt>
      <trkpt lat="49.156092" lon="19.981825"><ele>1811.0</ele></trkpt>
      <trkpt lat="49.156109" lon="19.981841"><ele>1811.0</ele></trkpt>
      <trkpt lat="49.156110" lon="19.981874"><ele>1812.0</ele></trkpt>
      <trkpt lat="49.156111" lon="19.981902"><ele>1813.0</ele></trkpt>
      <trkpt lat="49.156129" lon="19.981923"><ele>1813.0</ele></trkpt>
      <trkpt lat="49.156151" lon="19.981920"><ele>1814.0</ele></trkpt>
      <trkpt lat="49.156164" lon="19.981941"><ele>1815.0</ele></trkpt>
      <trkpt lat="49.156170" lon="19.981966"><ele>1816.0</ele></trkpt>
      <trkpt lat="49.156184" lon="19.981993"><ele>1817.0</ele></trkpt>
      <trkpt lat="49.156188" lon="19.982020"><ele>1818.0</ele></trkpt>
      <trkpt lat="49.156197" lon="19.982046"><ele>1819.0</ele></trkpt>
      <trkpt lat="49.156215" lon="19.982067"><ele>1819.0</ele></trkpt>
      <trkpt lat="49.156226" lon="19.982093"><ele>1820.0</ele></trkpt>
      <trkpt lat="49.156239" lon="19.982116"><ele>1820.0</ele></trkpt>
      <trkpt lat="49.156241" lon="19.982153"><ele>1821.0</ele></trkpt>
      <trkpt lat="49.156250" lon="19.982184"><ele>1821.0</ele></trkpt>
      <trkpt lat="49.156260" lon="19.982208"><ele>1822.0</ele></trkpt>
      <trkpt lat="49.156275" lon="19.982240"><ele>1823.0</ele></trkpt>
      <trkpt lat="49.156278" lon="19.982270"><ele>1823.0</ele></trkpt>
      <trkpt lat="49.156271" lon="19.982296"><ele>1825.0</ele></trkpt>
      <trkpt lat="49.156262" lon="19.982321"><ele>1825.0</ele></trkpt>
      <trkpt lat="49.156256" lon="19.982353"><ele>1825.0</ele></trkpt>
      <trkpt lat="49.156250" lon="19.982382"><ele>1826.0</ele></trkpt>
      <trkpt lat="49.156243" lon="19.982415"><ele>1826.0</ele></trkpt>
      <trkpt lat="49.156232" lon="19.982440"><ele>1826.0</ele></trkpt>
      <trkpt lat="49.156226" lon="19.982469"><ele>1826.0</ele></trkpt>
      <trkpt lat="49.156231" lon="19.982507"><ele>1827.0</ele></trkpt>
      <trkpt lat="49.156225" lon="19.982541"><ele>1827.0</ele></trkpt>
      <trkpt lat="49.156222" lon="19.982580"><ele>1828.0</ele></trkpt>
      <trkpt lat="49.156219" lon="19.982616"><ele>1828.0</ele></trkpt>
      <trkpt lat="49.156216" lon="19.982648"><ele>1828.0</ele></trkpt>
      <trkpt lat="49.156208" lon="19.982675"><ele>1828.0</ele></trkpt>
      <trkpt lat="49.156193" lon="19.982698"><ele>1829.0</ele></trkpt>
      <trkpt lat="49.156178" lon="19.982728"><ele>1830.0</ele></trkpt>
      <trkpt lat="49.156164" lon="19.982749"><ele>1830.0</ele></trkpt>
      <trkpt lat="49.156151" lon="19.982784"><ele>1830.0</ele></trkpt>
      <trkpt lat="49.156141" lon="19.982810"><ele>1831.0</ele></trkpt>
      <trkpt lat="49.156133" lon="19.982835"><ele>1832.0</ele></trkpt>
      <trkpt lat="49.156126" lon="19.982870"><ele>1832.0</ele></trkpt>
      <trkpt lat="49.156116" lon="19.982901"><ele>1832.0</ele></trkpt>
      <trkpt lat="49.156106" lon="19.982928"><ele>1833.0</ele></trkpt>
      <trkpt lat="49.156087" lon="19.982945"><ele>1833.0</ele></trkpt>
      <trkpt lat="49.156071" lon="19.982967"><ele>1833.0</ele></trkpt>
      <trkpt lat="49.156058" lon="19.982990"><ele>1834.0</ele></trkpt>
      <trkpt lat="49.156049" lon="19.983018"><ele>1834.0</ele></trkpt>
      <trkpt lat="49.156044" lon="19.983047"><ele>1834.0</ele></trkpt>
      <trkpt lat="49.156046" lon="19.983081"><ele>1836.0</ele></trkpt>
      <trkpt lat="49.156039" lon="19.983109"><ele>1836.0</ele></trkpt>
      <trkpt lat="49.156027" lon="19.983132"><ele>1837.0</ele></trkpt>
      <trkpt lat="49.156008" lon="19.983157"><ele>1838.0</ele></trkpt>
      <trkpt lat="49.155999" lon="19.983191"><ele>1838.0</ele></trkpt>
      <trkpt lat="49.155996" lon="19.983220"><ele>1839.0</ele></trkpt>
      <trkpt lat="49.155996" lon="19.983256"><ele>1839.0</ele></trkpt>
      <trkpt lat="49.155981" lon="19.983283"><ele>1840.0</ele></trkpt>
      <trkpt lat="49.155968" lon="19.983311"><ele>1840.0</ele></trkpt>
      <trkpt lat="49.155959" lon="19.983340"><ele>1840.0</ele></trkpt>
      <trkpt lat="49.155946" lon="19.983362"><ele>1841.0</ele></trkpt>
      <trkpt lat="49.155952" lon="19.983396"><ele>1843.0</ele></trkpt>
      <trkpt lat="49.155950" lon="19.983436"><ele>1843.0</ele></trkpt>
      <trkpt lat="49.155945" lon="19.983471"><ele>1843.0</ele></trkpt>
      <trkpt lat="49.155937" lon="19.983509"><ele>1844.0</ele></trkpt>
      <trkpt lat="49.155933" lon="19.983541"><ele>1844.0</ele></trkpt>
      <trkpt lat="49.155924" lon="19.983568"><ele>1844.0</ele></trkpt>
      <trkpt lat="49.155915" lon="19.983593"><ele>1844.0</ele></trkpt>
      <trkpt lat="49.155899" lon="19.983612"><ele>1845.0</ele></trkpt>
      <trkpt lat="49.155885" lon="19.983638"><ele>1845.0</ele></trkpt>
      <trkpt lat="49.155868" lon="19.983664"><ele>1845.0</ele></trkpt>
      <trkpt lat="49.155863" lon="19.983693"><ele>1845.0</ele></trkpt>
      <trkpt lat="49.155855" lon="19.983718"><ele>1845.0</ele></trkpt>
      <trkpt lat="49.155842" lon="19.983743"><ele>1846.0</ele></trkpt>
      <trkpt lat="49.155825" lon="19.983770"><ele>1846.0</ele></trkpt>
      <trkpt lat="49.155814" lon="19.983813"><ele>1846.0</ele></trkpt>
      <trkpt lat="49.155806" lon="19.983842"><ele>1847.0</ele></trkpt>
      <trkpt lat="49.155796" lon="19.983873"><ele>1848.0</ele></trkpt>
      <trkpt lat="49.155786" lon="19.983902"><ele>1849.0</ele></trkpt>
      <trkpt lat="49.155782" lon="19.983936"><ele>1849.0</ele></trkpt>
      <trkpt lat="49.155782" lon="19.983974"><ele>1849.0</ele></trkpt>
      <trkpt lat="49.155780" lon="19.984010"><ele>1849.0</ele></trkpt>
      <trkpt lat="49.155782" lon="19.984043"><ele>1850.0</ele></trkpt>
      <trkpt lat="49.155773" lon="19.984076"><ele>1851.0</ele></trkpt>
      <trkpt lat="49.155764" lon="19.984115"><ele>1851.0</ele></trkpt>
      <trkpt lat="49.155759" lon="19.984148"><ele>1852.0</ele></trkpt>
      <trkpt lat="49.155757" lon="19.984177"><ele>1853.0</ele></trkpt>
      <trkpt lat="49.155751" lon="19.984208"><ele>1853.0</ele></trkpt>
      <trkpt lat="49.155747" lon="19.984249"><ele>1853.0</ele></trkpt>
      <trkpt lat="49.155740" lon="19.984288"><ele>1853.0</ele></trkpt>
      <trkpt lat="49.155737" lon="19.984324"><ele>1853.0</ele></trkpt>
      <trkpt lat="49.155733" lon="19.984359"><ele>1854.0</ele></trkpt>
      <trkpt lat="49.155731" lon="19.984403"><ele>1855.0</ele></trkpt>
      <trkpt lat="49.155731" lon="19.984442"><ele>1856.0</ele></trkpt>
      <trkpt lat="49.155728" lon="19.984481"><ele>1856.0</ele></trkpt>
      <trkpt lat="49.155728" lon="19.984513"><ele>1856.0</ele></trkpt>
      <trkpt lat="49.155725" lon="19.984541"><ele>1857.0</ele></trkpt>
      <trkpt lat="49.155724" lon="19.984570"><ele>1857.0</ele></trkpt>
      <trkpt lat="49.155722" lon="19.984614"><ele>1858.0</ele></trkpt>
      <trkpt lat="49.155722" lon="19.984643"><ele>1858.0</ele></trkpt>
      <trkpt lat="49.155730" lon="19.984682"><ele>1858.0</ele></trkpt>
      <trkpt lat="49.155734" lon="19.984713"><ele>1858.0</ele></trkpt>
      <trkpt lat="49.155740" lon="19.984741"><ele>1858.0</ele></trkpt>
      <trkpt lat="49.155746" lon="19.984773"><ele>1859.0</ele></trkpt>
      <trkpt lat="49.155757" lon="19.984803"><ele>1859.0</ele></trkpt>
      <trkpt lat="49.155761" lon="19.984835"><ele>1860.0</ele></trkpt>
      <trkpt lat="49.155767" lon="19.984861"><ele>1860.0</ele></trkpt>
      <trkpt lat="49.155774" lon="19.984889"><ele>1861.0</ele></trkpt>
      <trkpt lat="49.155786" lon="19.984916"><ele>1861.0</ele></trkpt>
      <trkpt lat="49.155796" lon="19.984944"><ele>1862.0</ele></trkpt>
      <trkpt lat="49.155806" lon="19.984969"><ele>1863.0</ele></trkpt>
      <trkpt lat="49.155815" lon="19.984998"><ele>1864.0</ele></trkpt>
      <trkpt lat="49.155833" lon="19.985020"><ele>1865.0</ele></trkpt>
      <trkpt lat="49.155850" lon="19.985036"><ele>1865.0</ele></trkpt>
      <trkpt lat="49.155866" lon="19.985056"><ele>1866.0</ele></trkpt>
      <trkpt lat="49.155884" lon="19.985072"><ele>1867.0</ele></trkpt>
      <trkpt lat="49.155901" lon="19.985099"><ele>1868.0</ele></trkpt>
      <trkpt lat="49.155923" lon="19.985121"><ele>1868.0</ele></trkpt>
      <trkpt lat="49.155939" lon="19.985140"><ele>1869.0</ele></trkpt>
      <trkpt lat="49.155953" lon="19.985160"><ele>1869.0</ele></trkpt>
      <trkpt lat="49.155967" lon="19.985191"><ele>1871.0</ele></trkpt>
      <trkpt lat="49.155983" lon="19.985223"><ele>1871.0</ele></trkpt>
      <trkpt lat="49.155992" lon="19.985250"><ele>1871.0</ele></trkpt>
      <trkpt lat="49.156009" lon="19.985273"><ele>1872.0</ele></trkpt>
      <trkpt lat="49.156030" lon="19.985285"><ele>1872.0</ele></trkpt>
      <trkpt lat="49.156046" lon="19.985296"><ele>1873.0</ele></trkpt>
      <trkpt lat="49.156065" lon="19.985303"><ele>1873.0</ele></trkpt>
      <trkpt lat="49.156076" lon="19.985331"><ele>1874.0</ele></trkpt>
      <trkpt lat="49.156090" lon="19.985354"><ele>1875.0</ele></trkpt>
      <trkpt lat="49.156102" lon="19.985385"><ele>1876.0</ele></trkpt>
      <trkpt lat="49.156115" lon="19.985412"><ele>1876.0</ele></trkpt>
      <trkpt lat="49.156128" lon="19.985432"><ele>1876.0</ele></trkpt>
      <trkpt lat="49.156145" lon="19.985458"><ele>1878.0</ele></trkpt>
      <trkpt lat="49.156160" lon="19.985489"><ele>1879.0</ele></trkpt>
      <trkpt lat="49.156174" lon="19.985508"><ele>1879.0</ele></trkpt>
      <trkpt lat="49.156181" lon="19.985546"><ele>1880.0</ele></trkpt>
      <trkpt lat="49.156194" lon="19.985575"><ele>1880.0</ele></trkpt>
      <trkpt lat="49.156214" lon="19.985595"><ele>1881.0</ele></trkpt>
      <trkpt lat="49.156217" lon="19.985622"><ele>1882.0</ele></trkpt>
      <trkpt lat="49.156221" lon="19.985651"><ele>1882.0</ele></trkpt>
      <trkpt lat="49.156233" lon="19.985675"><ele>1882.0</ele></trkpt>
      <trkpt lat="49.156254" lon="19.985692"><ele>1883.0</ele></trkpt>
      <trkpt lat="49.156268" lon="19.985723"><ele>1884.0</ele></trkpt>
      <trkpt lat="49.156282" lon="19.985742"><ele>1885.0</ele></trkpt>
      <trkpt lat="49.156302" lon="19.985753"><ele>1885.0</ele></trkpt>
      <trkpt lat="49.156323" lon="19.985767"><ele>1886.0</ele></trkpt>
      <trkpt lat="49.156341" lon="19.985794"><ele>1887.0</ele></trkpt>
      <trkpt lat="49.156353" lon="19.985817"><ele>1887.0</ele></trkpt>
      <trkpt lat="49.156360" lon="19.985846"><ele>1887.0</ele></trkpt>
      <trkpt lat="49.156370" lon="19.985878"><ele>1887.0</ele></trkpt>
      <trkpt lat="49.156371" lon="19.985914"><ele>1888.0</ele></trkpt>
      <trkpt lat="49.156376" lon="19.985942"><ele>1888.0</ele></trkpt>
      <trkpt lat="49.156385" lon="19.985965"><ele>1889.0</ele></trkpt>
      <trkpt lat="49.156405" lon="19.985979"><ele>1890.0</ele></trkpt>
      <trkpt lat="49.156421" lon="19.985994"><ele>1891.0</ele></trkpt>
      <trkpt lat="49.156437" lon="19.986009"><ele>1890.0</ele></trkpt>
      <trkpt lat="49.156450" lon="19.986041"><ele>1890.0</ele></trkpt>
      <trkpt lat="49.156462" lon="19.986071"><ele>1891.0</ele></trkpt>
      <trkpt lat="49.156473" lon="19.986096"><ele>1891.0</ele></trkpt>
      <trkpt lat="49.156481" lon="19.986122"><ele>1892.0</ele></trkpt>
      <trkpt lat="49.156491" lon="19.986155"><ele>1892.0</ele></trkpt>
      <trkpt lat="49.156511" lon="19.986174"><ele>1893.0</ele></trkpt>
      <trkpt lat="49.156529" lon="19.986191"><ele>1893.0</ele></trkpt>
      <trkpt lat="49.156545" lon="19.986213"><ele>1894.0</ele></trkpt>
      <trkpt lat="49.156559" lon="19.986239"><ele>1896.0</ele></trkpt>
      <trkpt lat="49.156568" lon="19.986272"><ele>1897.0</ele></trkpt>
      <trkpt lat="49.156583" lon="19.986302"><ele>1897.0</ele></trkpt>
      <trkpt lat="49.156595" lon="19.986325"><ele>1897.0</ele></trkpt>
      <trkpt lat="49.156610" lon="19.986348"><ele>1898.0</ele></trkpt>
      <trkpt lat="49.156627" lon="19.986367"><ele>1899.0</ele></trkpt>
      <trkpt lat="49.156641" lon="19.986389"><ele>1900.0</ele></trkpt>
      <trkpt lat="49.156653" lon="19.986419"><ele>1901.0</ele></trkpt>
      <trkpt lat="49.156659" lon="19.986451"><ele>1901.0</ele></trkpt>
      <trkpt lat="49.156675" lon="19.986477"><ele>1902.0</ele></trkpt>
      <trkpt lat="49.156686" lon="19.986513"><ele>1902.0</ele></trkpt>
      <trkpt lat="49.156697" lon="19.986547"><ele>1903.0</ele></trkpt>
      <trkpt lat="49.156711" lon="19.986578"><ele>1903.0</ele></trkpt>
      <trkpt lat="49.156724" lon="19.986600"><ele>1904.0</ele></trkpt>
      <trkpt lat="49.156735" lon="19.986627"><ele>1904.0</ele></trkpt>
      <trkpt lat="49.156745" lon="19.986656"><ele>1904.0</ele></trkpt>
      <trkpt lat="49.156759" lon="19.986684"><ele>1905.0</ele></trkpt>
      <trkpt lat="49.156769" lon="19.986714"><ele>1905.0</ele></trkpt>
      <trkpt lat="49.156779" lon="19.986739"><ele>1905.0</ele></trkpt>
      <trkpt lat="49.156784" lon="19.986775"><ele>1906.0</ele></trkpt>
      <trkpt lat="49.156797" lon="19.986804"><ele>1907.0</ele></trkpt>
      <trkpt lat="49.156812" lon="19.986825"><ele>1907.0</ele></trkpt>
      <trkpt lat="49.156830" lon="19.986855"><ele>1907.0</ele></trkpt>
      <trkpt lat="49.156843" lon="19.986878"><ele>1907.0</ele></trkpt>
      <trkpt lat="49.156856" lon="19.986903"><ele>1908.0</ele></trkpt>
      <trkpt lat="49.156868" lon="19.986927"><ele>1908.0</ele></trkpt>
      <trkpt lat="49.156886" lon="19.986947"><ele>1909.0</ele></trkpt>
      <trkpt lat="49.156897" lon="19.986973"><ele>1910.0</ele></trkpt>
      <trkpt lat="49.156907" lon="19.987000"><ele>1910.0</ele></trkpt>
      <trkpt lat="49.156916" lon="19.987025"><ele>1911.0</ele></trkpt>
      <trkpt lat="49.156930" lon="19.987050"><ele>1911.0</ele></trkpt>
      <trkpt lat="49.156951" lon="19.987070"><ele>1912.0</ele></trkpt>
      <trkpt lat="49.156965" lon="19.987091"><ele>1913.0</ele></trkpt>
      <trkpt lat="49.156972" lon="19.987119"><ele>1913.0</ele></trkpt>
      <trkpt lat="49.156982" lon="19.987148"><ele>1914.0</ele></trkpt>
      <trkpt lat="49.156997" lon="19.987168"><ele>1915.0</ele></trkpt>
      <trkpt lat="49.157009" lon="19.987193"><ele>1915.0</ele></trkpt>
      <trkpt lat="49.157031" lon="19.987198"><ele>1917.0</ele></trkpt>
      <trkpt lat="49.157047" lon="19.987223"><ele>1917.0</ele></trkpt>
      <trkpt lat="49.157057" lon="19.987255"><ele>1918.0</ele></trkpt>
      <trkpt lat="49.157068" lon="19.987281"><ele>1918.0</ele></trkpt>
      <trkpt lat="49.157089" lon="19.987291"><ele>1919.0</ele></trkpt>
      <trkpt lat="49.157104" lon="19.987310"><ele>1920.0</ele></trkpt>
      <trkpt lat="49.157107" lon="19.987342"><ele>1920.0</ele></trkpt>
      <trkpt lat="49.157116" lon="19.987370"><ele>1921.0</ele></trkpt>
      <trkpt lat="49.157128" lon="19.987396"><ele>1921.0</ele></trkpt>
      <trkpt lat="49.157144" lon="19.987424"><ele>1921.0</ele></trkpt>
      <trkpt lat="49.157154" lon="19.987447"><ele>1922.0</ele></trkpt>
      <trkpt lat="49.157164" lon="19.987474"><ele>1922.0</ele></trkpt>
      <trkpt lat="49.157173" lon="19.987501"><ele>1923.0</ele></trkpt>
      <trkpt lat="49.157185" lon="19.987530"><ele>1923.0</ele></trkpt>
      <trkpt lat="49.157192" lon="19.987558"><ele>1925.0</ele></trkpt>
      <trkpt lat="49.157193" lon="19.987587"><ele>1925.0</ele></trkpt>
      <trkpt lat="49.157201" lon="19.987621"><ele>1925.0</ele></trkpt>
      <trkpt lat="49.157208" lon="19.987655"><ele>1926.0</ele></trkpt>
      <trkpt lat="49.157220" lon="19.987689"><ele>1927.0</ele></trkpt>
      <trkpt lat="49.157226" lon="19.987716"><ele>1927.0</ele></trkpt>
      <trkpt lat="49.157236" lon="19.987752"><ele>1928.0</ele></trkpt>
      <trkpt lat="49.157242" lon="19.987787"><ele>1929.0</ele></trkpt>
      <trkpt lat="49.157247" lon="19.987819"><ele>1929.0</ele></trkpt>
      <trkpt lat="49.157252" lon="19.987852"><ele>1930.0</ele></trkpt>
      <trkpt lat="49.157259" lon="19.987879"><ele>1930.0</ele></trkpt>
      <trkpt lat="49.157263" lon="19.987906"><ele>1931.0</ele></trkpt>
      <trkpt lat="49.157278" lon="19.987941"><ele>1932.0</ele></trkpt>
      <trkpt lat="49.157290" lon="19.987963"><ele>1932.0</ele></trkpt>
      <trkpt lat="49.157296" lon="19.987989"><ele>1933.0</ele></trkpt>
      <trkpt lat="49.157298" lon="19.988026"><ele>1933.0</ele></trkpt>
      <trkpt lat="49.157301" lon="19.988066"><ele>1934.0</ele></trkpt>
      <trkpt lat="49.157306" lon="19.988101"><ele>1934.0</ele></trkpt>
      <trkpt lat="49.157310" lon="19.988128"><ele>1935.0</ele></trkpt>
      <trkpt lat="49.157324" lon="19.988159"><ele>1935.0</ele></trkpt>
      <trkpt lat="49.157334" lon="19.988197"><ele>1936.0</ele></trkpt>
      <trkpt lat="49.157336" lon="19.988232"><ele>1937.0</ele></trkpt>
      <trkpt lat="49.157342" lon="19.988267"><ele>1937.0</ele></trkpt>
      <trkpt lat="49.157347" lon="19.988293"><ele>1938.0</ele></trkpt>
      <trkpt lat="49.157353" lon="19.988324"><ele>1938.0</ele></trkpt>
      <trkpt lat="49.157365" lon="19.988348"><ele>1939.0</ele></trkpt>
      <trkpt lat="49.157370" lon="19.988377"><ele>1940.0</ele></trkpt>
      <trkpt lat="49.157381" lon="19.988410"><ele>1941.0</ele></trkpt>
      <trkpt lat="49.157391" lon="19.988436"><ele>1941.0</ele></trkpt>
      <trkpt lat="49.157401" lon="19.988464"><ele>1942.0</ele></trkpt>
      <trkpt lat="49.157404" lon="19.988497"><ele>1942.0</ele></trkpt>
      <trkpt lat="49.157402" lon="19.988525"><ele>1943.0</ele></trkpt>
      <trkpt lat="49.157410" lon="19.988558"><ele>1944.0</ele></trkpt>
      <trkpt lat="49.157416" lon="19.988587"><ele>1945.0</ele></trkpt>
      <trkpt lat="49.157422" lon="19.988618"><ele>1946.0</ele></trkpt>
      <trkpt lat="49.157430" lon="19.988653"><ele>1946.0</ele></trkpt>
      <trkpt lat="49.157441" lon="19.988687"><ele>1946.0</ele></trkpt>
      <trkpt lat="49.157448" lon="19.988719"><ele>1947.0</ele></trkpt>
      <trkpt lat="49.157456" lon="19.988748"><ele>1947.0</ele></trkpt>
      <trkpt lat="49.157470" lon="19.988782"><ele>1948.0</ele></trkpt>
      <trkpt lat="49.157485" lon="19.988811"><ele>1948.0</ele></trkpt>
      <trkpt lat="49.157490" lon="19.988845"><ele>1949.0</ele></trkpt>
      <trkpt lat="49.157495" lon="19.988878"><ele>1950.0</ele></trkpt>
      <trkpt lat="49.157505" lon="19.988903"><ele>1950.0</ele></trkpt>
      <trkpt lat="49.157511" lon="19.988932"><ele>1951.0</ele></trkpt>
      <trkpt lat="49.157510" lon="19.988960"><ele>1951.0</ele></trkpt>
      <trkpt lat="49.157517" lon="19.989001"><ele>1952.0</ele></trkpt>
      <trkpt lat="49.157520" lon="19.989034"><ele>1952.0</ele></trkpt>
      <trkpt lat="49.157536" lon="19.989057"><ele>1954.0</ele></trkpt>
      <trkpt lat="49.157550" lon="19.989081"><ele>1954.0</ele></trkpt>
      <trkpt lat="49.157555" lon="19.989112"><ele>1954.0</ele></trkpt>
      <trkpt lat="49.157570" lon="19.989147"><ele>1956.0</ele></trkpt>
      <trkpt lat="49.157584" lon="19.989178"><ele>1956.0</ele></trkpt>
      <trkpt lat="49.157594" lon="19.989209"><ele>1957.0</ele></trkpt>
      <trkpt lat="49.157600" lon="19.989237"><ele>1957.0</ele></trkpt>
      <trkpt lat="49.157611" lon="19.989271"><ele>1958.0</ele></trkpt>
      <trkpt lat="49.157623" lon="19.989299"><ele>1958.0</ele></trkpt>
      <trkpt lat="49.157631" lon="19.989329"><ele>1959.0</ele></trkpt>
      <trkpt lat="49.157632" lon="19.989357"><ele>1959.0</ele></trkpt>
      <trkpt lat="49.157639" lon="19.989388"><ele>1960.0</ele></trkpt>
      <trkpt lat="49.157648" lon="19.989414"><ele>1961.0</ele></trkpt>
      <trkpt lat="49.157662" lon="19.989440"><ele>1961.0</ele></trkpt>
      <trkpt lat="49.157672" lon="19.989470"><ele>1962.0</ele></trkpt>
      <trkpt lat="49.157679" lon="19.989498"><ele>1962.0</ele></trkpt>
      <trkpt lat="49.157686" lon="19.989528"><ele>1963.0</ele></trkpt>
      <trkpt lat="49.157694" lon="19.989560"><ele>1963.0</ele></trkpt>
      <trkpt lat="49.157710" lon="19.989579"><ele>1964.0</ele></trkpt>
      <trkpt lat="49.157728" lon="19.989600"><ele>1965.0</ele></trkpt>
      <trkpt lat="49.157735" lon="19.989633"><ele>1966.0</ele></trkpt>
      <trkpt lat="49.157743" lon="19.989667"><ele>1966.0</ele></trkpt>
      <trkpt lat="49.157742" lon="19.989702"><ele>1967.0</ele></trkpt>
      <trkpt lat="49.157745" lon="19.989729"><ele>1969.0</ele></trkpt>
      <trkpt lat="49.157750" lon="19.989758"><ele>1969.0</ele></trkpt>
      <trkpt lat="49.157759" lon="19.989792"><ele>1970.0</ele></trkpt>
      <trkpt lat="49.157760" lon="19.989825"><ele>1971.0</ele></trkpt>
      <trkpt lat="49.157761" lon="19.989863"><ele>1972.0</ele></trkpt>
      <trkpt lat="49.157762" lon="19.989896"><ele>1972.0</ele></trkpt>
      <trkpt lat="49.157768" lon="19.989923"><ele>1973.0</ele></trkpt>
      <trkpt lat="49.157768" lon="19.989959"><ele>1973.0</ele></trkpt>
      <trkpt lat="49.157769" lon="19.989993"><ele>1974.0</ele></trkpt>
      <trkpt lat="49.157772" lon="19.990023"><ele>1974.0</ele></trkpt>
      <trkpt lat="49.157776" lon="19.990056"><ele>1974.0</ele></trkpt>
      <trkpt lat="49.157774" lon="19.990088"><ele>1975.0</ele></trkpt>
      <trkpt lat="49.157764" lon="19.990123"><ele>1976.0</ele></trkpt>
      <trkpt lat="49.157765" lon="19.990153"><ele>1976.0</ele></trkpt>
      <trkpt lat="49.157769" lon="19.990182"><ele>1977.0</ele></trkpt>
      <trkpt lat="49.157779" lon="19.990216"><ele>1977.0</ele></trkpt>
      <trkpt lat="49.157779" lon="19.990249"><ele>1978.0</ele></trkpt>
      <trkpt lat="49.157781" lon="19.990281"><ele>1978.0</ele></trkpt>
      <trkpt lat="49.157785" lon="19.990320"><ele>1981.0</ele></trkpt>
      <trkpt lat="49.157791" lon="19.990352"><ele>1982.0</ele></trkpt>
      <trkpt lat="49.157796" lon="19.990384"><ele>1982.0</ele></trkpt>
      <trkpt lat="49.157797" lon="19.990412"><ele>1983.0</ele></trkpt>
      <trkpt lat="49.157796" lon="19.990440"><ele>1983.0</ele></trkpt>
      <trkpt lat="49.157802" lon="19.990473"><ele>1983.0</ele></trkpt>
      <trkpt lat="49.157803" lon="19.990510"><ele>1984.0</ele></trkpt>
      <trkpt lat="49.157805" lon="19.990542"><ele>1986.0</ele></trkpt>
      <trkpt lat="49.157811" lon="19.990575"><ele>1986.0</ele></trkpt>
      <trkpt lat="49.157814" lon="19.990605"><ele>1986.0</ele></trkpt>
      <trkpt lat="49.157820" lon="19.990642"><ele>1988.0</ele></trkpt>
      <trkpt lat="49.157822" lon="19.990680"><ele>1988.0</ele></trkpt>
      <trkpt lat="49.157819" lon="19.990707"><ele>1989.0</ele></trkpt>
      <trkpt lat="49.157824" lon="19.990748"><ele>1989.0</ele></trkpt>
      <trkpt lat="49.157821" lon="19.990776"><ele>1990.0</ele></trkpt>
      <trkpt lat="49.157812" lon="19.990801"><ele>1990.0</ele></trkpt>
      <trkpt lat="49.157809" lon="19.990837"><ele>1991.0</ele></trkpt>
      <trkpt lat="49.157806" lon="19.990870"><ele>1992.0</ele></trkpt>
      <trkpt lat="49.157803" lon="19.990905"><ele>1991.0</ele></trkpt>
      <trkpt lat="49.157803" lon="19.990938"><ele>1991.0</ele></trkpt>
      <trkpt lat="49.157798" lon="19.990965"><ele>1992.0</ele></trkpt>
      <trkpt lat="49.157800" lon="19.990997"><ele>1992.0</ele></trkpt>
      <trkpt lat="49.157798" lon="19.991027"><ele>1992.0</ele></trkpt>
      <trkpt lat="49.157800" lon="19.991057"><ele>1992.0</ele></trkpt>
      <trkpt lat="49.157798" lon="19.991084"><ele>1992.0</ele></trkpt>
      <trkpt lat="49.157794" lon="19.991121"><ele>1992.0</ele></trkpt>
      <trkpt lat="49.157786" lon="19.991150"><ele>1992.0</ele></trkpt>
      <trkpt lat="49.157773" lon="19.991179"><ele>1992.0</ele></trkpt>
      <trkpt lat="49.157771" lon="19.991214"><ele>1992.0</ele></trkpt>
      <trkpt lat="49.157765" lon="19.991241"><ele>1993.0</ele></trkpt>
      <trkpt lat="49.157766" lon="19.991271"><ele>1993.0</ele></trkpt>
      <trkpt lat="49.157766" lon="19.991311"><ele>1993.0</ele></trkpt>
      <trkpt lat="49.157767" lon="19.991338"><ele>1994.0</ele></trkpt>
      <trkpt lat="49.157768" lon="19.991375"><ele>1994.0</ele></trkpt>
      <trkpt lat="49.157765" lon="19.991409"><ele>1994.0</ele></trkpt>
      <trkpt lat="49.157771" lon="19.991436"><ele>1994.0</ele></trkpt>
      <trkpt lat="49.157767" lon="19.991466"><ele>1995.0</ele></trkpt>
      <trkpt lat="49.157763" lon="19.991504"><ele>1995.0</ele></trkpt>
      <trkpt lat="49.157764" lon="19.991536"><ele>1995.0</ele></trkpt>
      <trkpt lat="49.157759" lon="19.991566"><ele>1995.0</ele></trkpt>
      <trkpt lat="49.157757" lon="19.991595"><ele>1995.0</ele></trkpt>
      <trkpt lat="49.157769" lon="19.991621"><ele>1995.0</ele></trkpt>
      <trkpt lat="49.157771" lon="19.991654"><ele>1995.0</ele></trkpt>
      <trkpt lat="49.157768" lon="19.991683"><ele>1995.0</ele></trkpt>
      <trkpt lat="49.157770" lon="19.991713"><ele>1996.0</ele></trkpt>
      <trkpt lat="49.157768" lon="19.991741"><ele>1996.0</ele></trkpt>
      <trkpt lat="49.157760" lon="19.991767"><ele>1996.0</ele></trkpt>
      <trkpt lat="49.157762" lon="19.991795"><ele>1996.0</ele></trkpt>
      <trkpt lat="49.157756" lon="19.991833"><ele>1997.0</ele></trkpt>
      <trkpt lat="49.157758" lon="19.991865"><ele>1998.0</ele></trkpt>
      <trkpt lat="49.157757" lon="19.991895"><ele>1998.0</ele></trkpt>
      <trkpt lat="49.157757" lon="19.991923"><ele>1999.0</ele></trkpt>
      <trkpt lat="49.157765" lon="19.991957"><ele>1999.0</ele></trkpt>
      <trkpt lat="49.157771" lon="19.991990"><ele>2000.0</ele></trkpt>
      <trkpt lat="49.157782" lon="19.992016"><ele>2001.0</ele></trkpt>
      <trkpt lat="49.157794" lon="19.992043"><ele>2002.0</ele></trkpt>
      <trkpt lat="49.157798" lon="19.992072"><ele>2002.0</ele></trkpt>
      <trkpt lat="49.157801" lon="19.992100"><ele>2003.0</ele></trkpt>
      <trkpt lat="49.157795" lon="19.992131"><ele>2003.0</ele></trkpt>
      <trkpt lat="49.157791" lon="19.992159"><ele>2003.0</ele></trkpt>
      <trkpt lat="49.157793" lon="19.992190"><ele>2004.0</ele></trkpt>
      <trkpt lat="49.157799" lon="19.992220"><ele>2005.0</ele></trkpt>
      <trkpt lat="49.157805" lon="19.992252"><ele>2006.0</ele></trkpt>
      <trkpt lat="49.157805" lon="19.992287"><ele>2006.0</ele></trkpt>
      <trkpt lat="49.157810" lon="19.992313"><ele>2007.0</ele></trkpt>
      <trkpt lat="49.157817" lon="19.992341"><ele>2007.0</ele></trkpt>
      <trkpt lat="49.157808" lon="19.992370"><ele>2007.0</ele></trkpt>
      <trkpt lat="49.157810" lon="19.992405"><ele>2008.0</ele></trkpt>
      <trkpt lat="49.157817" lon="19.992434"><ele>2008.0</ele></trkpt>
      <trkpt lat="49.157819" lon="19.992463"><ele>2009.0</ele></trkpt>
      <trkpt lat="49.157820" lon="19.992493"><ele>2010.0</ele></trkpt>
      <trkpt lat="49.157819" lon="19.992522"><ele>2011.0</ele></trkpt>
      <trkpt lat="49.157833" lon="19.992546"><ele>2011.0</ele></trkpt>
      <trkpt lat="49.157824" lon="19.992576"><ele>2011.0</ele></trkpt>
      <trkpt lat="49.157821" lon="19.992604"><ele>2011.0</ele></trkpt>
      <trkpt lat="49.157821" lon="19.992634"><ele>2012.0</ele></trkpt>
      <trkpt lat="49.157838" lon="19.992645"><ele>2012.0</ele></trkpt>
      <trkpt lat="49.157846" lon="19.992681"><ele>2015.0</ele></trkpt>
      <trkpt lat="49.157847" lon="19.992714"><ele>2016.0</ele></trkpt>
      <trkpt lat="49.157859" lon="19.992743"><ele>2016.0</ele></trkpt>
      <trkpt lat="49.157862" lon="19.992772"><ele>2017.0</ele></trkpt>
      <trkpt lat="49.157876" lon="19.992793"><ele>2018.0</ele></trkpt>
      <trkpt lat="49.157885" lon="19.992824"><ele>2019.0</ele></trkpt>
      <trkpt lat="49.157886" lon="19.992853"><ele>2020.0</ele></trkpt>
      <trkpt lat="49.157873" lon="19.992879"><ele>2021.0</ele></trkpt>
      <trkpt lat="49.157871" lon="19.992907"><ele>2021.0</ele></trkpt>
      <trkpt lat="49.157869" lon="19.992941"><ele>2021.0</ele></trkpt>
      <trkpt lat="49.157863" lon="19.992976"><ele>2022.0</ele></trkpt>
      <trkpt lat="49.157867" lon="19.993006"><ele>2022.0</ele></trkpt>
      <trkpt lat="49.157870" lon="19.993037"><ele>2023.0</ele></trkpt>
      <trkpt lat="49.157887" lon="19.993059"><ele>2024.0</ele></trkpt>
      <trkpt lat="49.157892" lon="19.993090"><ele>2025.0</ele></trkpt>
      <trkpt lat="49.157896" lon="19.993121"><ele>2026.0</ele></trkpt>
      <trkpt lat="49.157909" lon="19.993142"><ele>2026.0</ele></trkpt>
      <trkpt lat="49.157928" lon="19.993152"><ele>2027.0</ele></trkpt>
      <trkpt lat="49.157942" lon="19.993134"><ele>2029.0</ele></trkpt>
      <trkpt lat="49.157945" lon="19.993102"><ele>2028.0</ele></trkpt>
      <trkpt lat="49.157942" lon="19.993068"><ele>2029.0</ele></trkpt>
      <trkpt lat="49.157948" lon="19.993036"><ele>2029.0</ele></trkpt>
      <trkpt lat="49.157965" lon="19.993020"><ele>2030.0</ele></trkpt>
      <trkpt lat="49.157982" lon="19.993039"><ele>2032.0</ele></trkpt>
      <trkpt lat="49.157999" lon="19.993033"><ele>2032.0</ele></trkpt>
      <trkpt lat="49.158013" lon="19.993060"><ele>2033.0</ele></trkpt>
      <trkpt lat="49.158031" lon="19.993068"><ele>2035.0</ele></trkpt>
      <trkpt lat="49.158040" lon="19.993098"><ele>2037.0</ele></trkpt>
      <trkpt lat="49.158035" lon="19.993133"><ele>2037.0</ele></trkpt>
      <trkpt lat="49.158042" lon="19.993160"><ele>2038.0</ele></trkpt>
      <trkpt lat="49.158056" lon="19.993183"><ele>2038.0</ele></trkpt>
      <trkpt lat="49.158067" lon="19.993207"><ele>2039.0</ele></trkpt>
      <trkpt lat="49.158073" lon="19.993233"><ele>2041.0</ele></trkpt>
      <trkpt lat="49.158060" lon="19.993263"><ele>2041.0</ele></trkpt>
      <trkpt lat="49.158055" lon="19.993298"><ele>2041.0</ele></trkpt>
      <trkpt lat="49.158054" lon="19.993326"><ele>2041.0</ele></trkpt>
      <trkpt lat="49.158048" lon="19.993357"><ele>2041.0</ele></trkpt>
      <trkpt lat="49.158044" lon="19.993384"><ele>2041.0</ele></trkpt>
      <trkpt lat="49.158043" lon="19.993419"><ele>2041.0</ele></trkpt>
      <trkpt lat="49.158037" lon="19.993456"><ele>2042.0</ele></trkpt>
      <trkpt lat="49.158039" lon="19.993486"><ele>2042.0</ele></trkpt>
      <trkpt lat="49.158040" lon="19.993519"><ele>2043.0</ele></trkpt>
      <trkpt lat="49.158041" lon="19.993548"><ele>2043.0</ele></trkpt>
      <trkpt lat="49.158033" lon="19.993575"><ele>2043.0</ele></trkpt>
      <trkpt lat="49.158023" lon="19.993601"><ele>2043.0</ele></trkpt>
      <trkpt lat="49.158026" lon="19.993635"><ele>2043.0</ele></trkpt>
      <trkpt lat="49.158040" lon="19.993657"><ele>2044.0</ele></trkpt>
      <trkpt lat="49.158049" lon="19.993683"><ele>2045.0</ele></trkpt>
      <trkpt lat="49.158054" lon="19.993716"><ele>2047.0</ele></trkpt>
      <trkpt lat="49.158058" lon="19.993744"><ele>2047.0</ele></trkpt>
      <trkpt lat="49.158060" lon="19.993780"><ele>2048.0</ele></trkpt>
      <trkpt lat="49.158068" lon="19.993812"><ele>2048.0</ele></trkpt>
      <trkpt lat="49.158066" lon="19.993842"><ele>2049.0</ele></trkpt>
      <trkpt lat="49.158078" lon="19.993879"><ele>2049.0</ele></trkpt>
      <trkpt lat="49.158082" lon="19.993911"><ele>2050.0</ele></trkpt>
      <trkpt lat="49.158082" lon="19.993944"><ele>2050.0</ele></trkpt>
      <trkpt lat="49.158081" lon="19.993976"><ele>2051.0</ele></trkpt>
      <trkpt lat="49.158081" lon="19.994014"><ele>2051.0</ele></trkpt>
      <trkpt lat="49.158081" lon="19.994056"><ele>2052.0</ele></trkpt>
      <trkpt lat="49.158074" lon="19.994084"><ele>2052.0</ele></trkpt>
      <trkpt lat="49.158081" lon="19.994118"><ele>2053.0</ele></trkpt>
      <trkpt lat="49.158090" lon="19.994146"><ele>2053.0</ele></trkpt>
      <trkpt lat="49.158101" lon="19.994177"><ele>2055.0</ele></trkpt>
      <trkpt lat="49.158106" lon="19.994215"><ele>2055.0</ele></trkpt>
      <trkpt lat="49.158117" lon="19.994239"><ele>2055.0</ele></trkpt>
      <trkpt lat="49.158125" lon="19.994267"><ele>2056.0</ele></trkpt>
      <trkpt lat="49.158119" lon="19.994299"><ele>2057.0</ele></trkpt>
      <trkpt lat="49.158102" lon="19.994326"><ele>2057.0</ele></trkpt>
      <trkpt lat="49.158102" lon="19.994354"><ele>2057.0</ele></trkpt>
      <trkpt lat="49.158104" lon="19.994382"><ele>2058.0</ele></trkpt>
      <trkpt lat="49.158096" lon="19.994406"><ele>2059.0</ele></trkpt>
      <trkpt lat="49.158109" lon="19.994439"><ele>2060.0</ele></trkpt>
      <trkpt lat="49.158108" lon="19.994470"><ele>2060.0</ele></trkpt>
      <trkpt lat="49.158094" lon="19.994499"><ele>2060.0</ele></trkpt>
      <trkpt lat="49.158086" lon="19.994524"><ele>2060.0</ele></trkpt>
      <trkpt lat="49.158089" lon="19.994562"><ele>2060.0</ele></trkpt>
      <trkpt lat="49.158082" lon="19.994596"><ele>2060.0</ele></trkpt>
      <trkpt lat="49.158081" lon="19.994628"><ele>2061.0</ele></trkpt>
      <trkpt lat="49.158073" lon="19.994663"><ele>2061.0</ele></trkpt>
      <trkpt lat="49.158071" lon="19.994699"><ele>2061.0</ele></trkpt>
      <trkpt lat="49.158071" lon="19.994732"><ele>2062.0</ele></trkpt>
      <trkpt lat="49.158063" lon="19.994757"><ele>2062.0</ele></trkpt>
      <trkpt lat="49.158056" lon="19.994798"><ele>2063.0</ele></trkpt>
      <trkpt lat="49.158049" lon="19.994824"><ele>2063.0</ele></trkpt>
      <trkpt lat="49.158043" lon="19.994853"><ele>2064.0</ele></trkpt>
      <trkpt lat="49.158028" lon="19.994867"><ele>2065.0</ele></trkpt>
      <trkpt lat="49.158021" lon="19.994903"><ele>2065.0</ele></trkpt>
      <trkpt lat="49.158012" lon="19.994939"><ele>2065.0</ele></trkpt>
      <trkpt lat="49.158010" lon="19.994969"><ele>2065.0</ele></trkpt>
      <trkpt lat="49.158007" lon="19.994998"><ele>2067.0</ele></trkpt>
      <trkpt lat="49.158011" lon="19.995030"><ele>2067.0</ele></trkpt>
      <trkpt lat="49.158021" lon="19.995063"><ele>2067.0</ele></trkpt>
      <trkpt lat="49.158006" lon="19.995087"><ele>2068.0</ele></trkpt>
      <trkpt lat="49.158003" lon="19.995115"><ele>2068.0</ele></trkpt>
      <trkpt lat="49.158006" lon="19.995147"><ele>2069.0</ele></trkpt>
      <trkpt lat="49.158000" lon="19.995176"><ele>2069.0</ele></trkpt>
      <trkpt lat="49.157999" lon="19.995215"><ele>2069.0</ele></trkpt>
      <trkpt lat="49.157996" lon="19.995254"><ele>2070.0</ele></trkpt>
      <trkpt lat="49.157987" lon="19.995290"><ele>2070.0</ele></trkpt>
      <trkpt lat="49.157979" lon="19.995325"><ele>2070.0</ele></trkpt>
      <trkpt lat="49.157978" lon="19.995358"><ele>2071.0</ele></trkpt>
      <trkpt lat="49.157977" lon="19.995395"><ele>2072.0</ele></trkpt>
      <trkpt lat="49.157977" lon="19.995424"><ele>2072.0</ele></trkpt>
      <trkpt lat="49.157976" lon="19.995453"><ele>2072.0</ele></trkpt>
      <trkpt lat="49.157975" lon="19.995481"><ele>2072.0</ele></trkpt>
      <trkpt lat="49.157974" lon="19.995513"><ele>2073.0</ele></trkpt>
      <trkpt lat="49.157961" lon="19.995541"><ele>2073.0</ele></trkpt>
      <trkpt lat="49.157951" lon="19.995581"><ele>2073.0</ele></trkpt>
      <trkpt lat="49.157942" lon="19.995609"><ele>2073.0</ele></trkpt>
      <trkpt lat="49.157939" lon="19.995645"><ele>2074.0</ele></trkpt>
      <trkpt lat="49.157945" lon="19.995675"><ele>2074.0</ele></trkpt>
      <trkpt lat="49.157949" lon="19.995705"><ele>2075.0</ele></trkpt>
      <trkpt lat="49.157938" lon="19.995741"><ele>2076.0</ele></trkpt>
      <trkpt lat="49.157932" lon="19.995775"><ele>2076.0</ele></trkpt>
      <trkpt lat="49.157928" lon="19.995803"><ele>2076.0</ele></trkpt>
      <trkpt lat="49.157936" lon="19.995836"><ele>2077.0</ele></trkpt>
      <trkpt lat="49.157939" lon="19.995867"><ele>2077.0</ele></trkpt>
      <trkpt lat="49.157941" lon="19.995902"><ele>2078.0</ele></trkpt>
      <trkpt lat="49.157944" lon="19.995937"><ele>2079.0</ele></trkpt>
      <trkpt lat="49.157953" lon="19.995965"><ele>2080.0</ele></trkpt>
      <trkpt lat="49.157965" lon="19.995986"><ele>2080.0</ele></trkpt>
      <trkpt lat="49.157973" lon="19.996019"><ele>2080.0</ele></trkpt>
      <trkpt lat="49.157976" lon="19.996053"><ele>2080.0</ele></trkpt>
      <trkpt lat="49.157981" lon="19.996092"><ele>2080.0</ele></trkpt>
      <trkpt lat="49.157982" lon="19.996119"><ele>2080.0</ele></trkpt>
      <trkpt lat="49.157978" lon="19.996149"><ele>2080.0</ele></trkpt>
      <trkpt lat="49.157970" lon="19.996187"><ele>2080.0</ele></trkpt>
      <trkpt lat="49.157965" lon="19.996215"><ele>2080.0</ele></trkpt>
      <trkpt lat="49.157963" lon="19.996248"><ele>2080.0</ele></trkpt>
      <trkpt lat="49.157976" lon="19.996275"><ele>2080.0</ele></trkpt>
      <trkpt lat="49.157981" lon="19.996306"><ele>2081.0</ele></trkpt>
      <trkpt lat="49.157991" lon="19.996334"><ele>2082.0</ele></trkpt>
      <trkpt lat="49.157984" lon="19.996369"><ele>2082.0</ele></trkpt>
      <trkpt lat="49.157973" lon="19.996403"><ele>2082.0</ele></trkpt>
      <trkpt lat="49.157951" lon="19.996414"><ele>2081.0</ele></trkpt>
      <trkpt lat="49.157935" lon="19.996434"><ele>2081.0</ele></trkpt>
      <trkpt lat="49.157935" lon="19.996463"><ele>2081.0</ele></trkpt>
      <trkpt lat="49.157940" lon="19.996492"><ele>2082.0</ele></trkpt>
      <trkpt lat="49.157921" lon="19.996497"><ele>2082.0</ele></trkpt>
      <trkpt lat="49.157904" lon="19.996508"><ele>2082.0</ele></trkpt>
      <trkpt lat="49.157899" lon="19.996536"><ele>2082.0</ele></trkpt>
      <trkpt lat="49.157894" lon="19.996568"><ele>2082.0</ele></trkpt>
      <trkpt lat="49.157896" lon="19.996598"><ele>2083.0</ele></trkpt>
      <trkpt lat="49.157901" lon="19.996631"><ele>2083.0</ele></trkpt>
      <trkpt lat="49.157911" lon="19.996660"><ele>2086.0</ele></trkpt>
      <trkpt lat="49.157903" lon="19.996690"><ele>2087.0</ele></trkpt>
      <trkpt lat="49.157892" lon="19.996717"><ele>2087.0</ele></trkpt>
      <trkpt lat="49.157896" lon="19.996748"><ele>2087.0</ele></trkpt>
      <trkpt lat="49.157899" lon="19.996783"><ele>2088.0</ele></trkpt>
      <trkpt lat="49.157895" lon="19.996809"><ele>2088.0</ele></trkpt>
      <trkpt lat="49.157907" lon="19.996836"><ele>2090.0</ele></trkpt>
      <trkpt lat="49.157923" lon="19.996852"><ele>2091.0</ele></trkpt>
      <trkpt lat="49.157941" lon="19.996846"><ele>2092.0</ele></trkpt>
      <trkpt lat="49.157948" lon="19.996873"><ele>2093.0</ele></trkpt>
      <trkpt lat="49.157955" lon="19.996902"><ele>2094.0</ele></trkpt>
      <trkpt lat="49.157958" lon="19.996930"><ele>2094.0</ele></trkpt>
      <trkpt lat="49.157967" lon="19.996962"><ele>2096.0</ele></trkpt>
      <trkpt lat="49.157969" lon="19.996993"><ele>2097.0</ele></trkpt>
      <trkpt lat="49.157980" lon="19.997026"><ele>2097.0</ele></trkpt>
      <trkpt lat="49.157982" lon="19.997054"><ele>2098.0</ele></trkpt>
      <trkpt lat="49.157981" lon="19.997089"><ele>2098.0</ele></trkpt>
      <trkpt lat="49.157980" lon="19.997123"><ele>2098.0</ele></trkpt>
      <trkpt lat="49.157974" lon="19.997151"><ele>2098.0</ele></trkpt>
      <trkpt lat="49.157972" lon="19.997186"><ele>2099.0</ele></trkpt>
      <trkpt lat="49.157964" lon="19.997214"><ele>2099.0</ele></trkpt>
      <trkpt lat="49.157945" lon="19.997232"><ele>2099.0</ele></trkpt>
      <trkpt lat="49.157929" lon="19.997246"><ele>2099.0</ele></trkpt>
      <trkpt lat="49.157911" lon="19.997259"><ele>2099.0</ele></trkpt>
      <trkpt lat="49.157895" lon="19.997284"><ele>2099.0</ele></trkpt>
      <trkpt lat="49.157879" lon="19.997301"><ele>2100.0</ele></trkpt>
      <trkpt lat="49.157872" lon="19.997330"><ele>2101.0</ele></trkpt>
      <trkpt lat="49.157864" lon="19.997361"><ele>2102.0</ele></trkpt>
      <trkpt lat="49.157885" lon="19.997372"><ele>2102.0</ele></trkpt>
      <trkpt lat="49.157879" lon="19.997404"><ele>2104.0</ele></trkpt>
      <trkpt lat="49.157857" lon="19.997422"><ele>2104.0</ele></trkpt>
      <trkpt lat="49.157840" lon="19.997438"><ele>2104.0</ele></trkpt>
      <trkpt lat="49.157819" lon="19.997461"><ele>2105.0</ele></trkpt>
      <trkpt lat="49.157809" lon="19.997489"><ele>2107.0</ele></trkpt>
      <trkpt lat="49.157802" lon="19.997516"><ele>2108.0</ele></trkpt>
      <trkpt lat="49.157783" lon="19.997527"><ele>2108.0</ele></trkpt>
      <trkpt lat="49.157760" lon="19.997536"><ele>2109.0</ele></trkpt>
      <trkpt lat="49.157738" lon="19.997552"><ele>2109.0</ele></trkpt>
      <trkpt lat="49.157721" lon="19.997564"><ele>2110.0</ele></trkpt>
      <trkpt lat="49.157702" lon="19.997572"><ele>2112.0</ele></trkpt>
      <trkpt lat="49.157679" lon="19.997587"><ele>2113.0</ele></trkpt>
      <trkpt lat="49.157660" lon="19.997606"><ele>2114.0</ele></trkpt>
      <trkpt lat="49.157643" lon="19.997626"><ele>2114.0</ele></trkpt>
      <trkpt lat="49.157629" lon="19.997651"><ele>2114.0</ele></trkpt>
      <trkpt lat="49.157624" lon="19.997678"><ele>2115.0</ele></trkpt>
      <trkpt lat="49.157604" lon="19.997688"><ele>2116.0</ele></trkpt>
      <trkpt lat="49.157582" lon="19.997690"><ele>2117.0</ele></trkpt>
      <trkpt lat="49.157561" lon="19.997692"><ele>2118.0</ele></trkpt>
      <trkpt lat="49.157541" lon="19.997703"><ele>2118.0</ele></trkpt>
      <trkpt lat="49.157528" lon="19.997726"><ele>2120.0</ele></trkpt>
      <trkpt lat="49.157540" lon="19.997749"><ele>2120.0</ele></trkpt>
      <trkpt lat="49.157551" lon="19.997774"><ele>2121.0</ele></trkpt>
      <trkpt lat="49.157549" lon="19.997803"><ele>2122.0</ele></trkpt>
      <trkpt lat="49.157565" lon="19.997825"><ele>2124.0</ele></trkpt>
      <trkpt lat="49.157584" lon="19.997838"><ele>2124.0</ele></trkpt>
      <trkpt lat="49.157601" lon="19.997851"><ele>2124.0</ele></trkpt>
      <trkpt lat="49.157620" lon="19.997872"><ele>2127.0</ele></trkpt>
      <trkpt lat="49.157638" lon="19.997870"><ele>2127.0</ele></trkpt>
      <trkpt lat="49.157642" lon="19.997899"><ele>2127.0</ele></trkpt>
      <trkpt lat="49.157648" lon="19.997927"><ele>2128.0</ele></trkpt>
      <trkpt lat="49.157657" lon="19.997953"><ele>2129.0</ele></trkpt>
      <trkpt lat="49.157638" lon="19.997961"><ele>2129.0</ele></trkpt>
      <trkpt lat="49.157619" lon="19.997970"><ele>2129.0</ele></trkpt>
      <trkpt lat="49.157601" lon="19.997980"><ele>2130.0</ele></trkpt>
      <trkpt lat="49.157585" lon="19.997999"><ele>2130.0</ele></trkpt>
      <trkpt lat="49.157567" lon="19.998001"><ele>2130.0</ele></trkpt>
      <trkpt lat="49.157548" lon="19.998000"><ele>2130.0</ele></trkpt>
      <trkpt lat="49.157531" lon="19.998012"><ele>2131.0</ele></trkpt>
      <trkpt lat="49.157508" lon="19.998019"><ele>2132.0</ele></trkpt>
      <trkpt lat="49.157485" lon="19.998013"><ele>2133.0</ele></trkpt>
      <trkpt lat="49.157468" lon="19.998024"><ele>2135.0</ele></trkpt>
      <trkpt lat="49.157448" lon="19.998027"><ele>2137.0</ele></trkpt>
      <trkpt lat="49.157430" lon="19.998025"><ele>2138.0</ele></trkpt>
      <trkpt lat="49.157411" lon="19.998029"><ele>2138.0</ele></trkpt>
      <trkpt lat="49.157412" lon="19.998061"><ele>2138.0</ele></trkpt>
      <trkpt lat="49.157415" lon="19.998097"><ele>2141.0</ele></trkpt>
      <trkpt lat="49.157417" lon="19.998135"><ele>2142.0</ele></trkpt>
      <trkpt lat="49.157429" lon="19.998169"><ele>2143.0</ele></trkpt>
      <trkpt lat="49.157425" lon="19.998204"><ele>2145.0</ele></trkpt>
      <trkpt lat="49.157397" lon="19.998198"><ele>2146.0</ele></trkpt>
      <trkpt lat="49.157365" lon="19.998202"><ele>2147.0</ele></trkpt>
      <trkpt lat="49.157343" lon="19.998218"><ele>2147.0</ele></trkpt>
      <trkpt lat="49.157321" lon="19.998221"><ele>2148.0</ele></trkpt>
      <trkpt lat="49.157304" lon="19.998233"><ele>2150.0</ele></trkpt>
      <trkpt lat="49.157282" lon="19.998238"><ele>2150.0</ele></trkpt>
      <trkpt lat="49.157269" lon="19.998263"><ele>2151.0</ele></trkpt>
      <trkpt lat="49.157249" lon="19.998256"><ele>2152.0</ele></trkpt>
      <trkpt lat="49.157230" lon="19.998270"><ele>2154.0</ele></trkpt>
      <trkpt lat="49.157213" lon="19.998279"><ele>2155.0</ele></trkpt>
      <trkpt lat="49.157199" lon="19.998303"><ele>2156.0</ele></trkpt>
      <trkpt lat="49.157179" lon="19.998297"><ele>2158.0</ele></trkpt>
      <trkpt lat="49.157162" lon="19.998304"><ele>2160.0</ele></trkpt>
      <trkpt lat="49.157142" lon="19.998312"><ele>2160.0</ele></trkpt>
      <trkpt lat="49.157122" lon="19.998324"><ele>2161.0</ele></trkpt>
      <trkpt lat="49.157104" lon="19.998334"><ele>2163.0</ele></trkpt>
      <trkpt lat="49.157097" lon="19.998363"><ele>2164.0</ele></trkpt>
      <trkpt lat="49.157096" lon="19.998392"><ele>2167.0</ele></trkpt>
      <trkpt lat="49.157086" lon="19.998415"><ele>2168.0</ele></trkpt>
      <trkpt lat="49.157076" lon="19.998442"><ele>2169.0</ele></trkpt>
      <trkpt lat="49.157066" lon="19.998471"><ele>2171.0</ele></trkpt>
      <trkpt lat="49.157047" lon="19.998484"><ele>2173.0</ele></trkpt>
      <trkpt lat="49.157025" lon="19.998496"><ele>2174.0</ele></trkpt>
      <trkpt lat="49.157005" lon="19.998488"><ele>2173.0</ele></trkpt>
      <trkpt lat="49.157014" lon="19.998517"><ele>2173.0</ele></trkpt>
      <trkpt lat="49.157033" lon="19.998519"><ele>2174.0</ele></trkpt>
      <trkpt lat="49.157016" lon="19.998508"><ele>2175.0</ele></trkpt>
      <trkpt lat="49.156996" lon="19.998502"><ele>2175.0</ele></trkpt>
      <trkpt lat="49.156976" lon="19.998498"><ele>2175.0</ele></trkpt>
      <trkpt lat="49.156960" lon="19.998493"><ele>2176.0</ele></trkpt>
      <trkpt lat="49.156934" lon="19.998502"><ele>2178.0</ele></trkpt>
      <trkpt lat="49.156910" lon="19.998506"><ele>2178.0</ele></trkpt>
      <trkpt lat="49.156889" lon="19.998507"><ele>2179.0</ele></trkpt>
      <trkpt lat="49.156870" lon="19.998506"><ele>2181.0</ele></trkpt>
      <trkpt lat="49.156843" lon="19.998495"><ele>2181.0</ele></trkpt>
      <trkpt lat="49.156824" lon="19.998498"><ele>2181.0</ele></trkpt>
      <trkpt lat="49.156806" lon="19.998489"><ele>2181.0</ele></trkpt>
      <trkpt lat="49.156789" lon="19.998471"><ele>2182.0</ele></trkpt>
      <trkpt lat="49.156765" lon="19.998457"><ele>2182.0</ele></trkpt>
      <trkpt lat="49.156747" lon="19.998454"><ele>2182.0</ele></trkpt>
      <trkpt lat="49.156724" lon="19.998454"><ele>2182.0</ele></trkpt>
      <trkpt lat="49.156704" lon="19.998453"><ele>2182.0</ele></trkpt>
      <trkpt lat="49.156679" lon="19.998455"><ele>2183.0</ele></trkpt>
      <trkpt lat="49.156658" lon="19.998455"><ele>2183.0</ele></trkpt>
      <trkpt lat="49.156640" lon="19.998454"><ele>2184.0</ele></trkpt>
      <trkpt lat="49.156621" lon="19.998453"><ele>2185.0</ele></trkpt>
      <trkpt lat="49.156604" lon="19.998464"><ele>2185.0</ele></trkpt>
      <trkpt lat="49.156606" lon="19.998495"><ele>2184.0</ele></trkpt>
      <trkpt lat="49.156605" lon="19.998527"><ele>2188.0</ele></trkpt>
      <trkpt lat="49.156608" lon="19.998559"><ele>2187.0</ele></trkpt>
      <trkpt lat="49.156626" lon="19.998580"><ele>2190.0</ele></trkpt>
      <trkpt lat="49.156640" lon="19.998609"><ele>2190.0</ele></trkpt>
      <trkpt lat="49.156657" lon="19.998618"><ele>2191.0</ele></trkpt>
      <trkpt lat="49.156678" lon="19.998630"><ele>2192.0</ele></trkpt>
      <trkpt lat="49.156691" lon="19.998652"><ele>2192.0</ele></trkpt>
      <trkpt lat="49.156699" lon="19.998678"><ele>2193.0</ele></trkpt>
      <trkpt lat="49.156715" lon="19.998697"><ele>2193.0</ele></trkpt>
      <trkpt lat="49.156732" lon="19.998712"><ele>2195.0</ele></trkpt>
      <trkpt lat="49.156746" lon="19.998735"><ele>2195.0</ele></trkpt>
      <trkpt lat="49.156751" lon="19.998762"><ele>2196.0</ele></trkpt>
      <trkpt lat="49.156767" lon="19.998786"><ele>2198.0</ele></trkpt>
      <trkpt lat="49.156775" lon="19.998817"><ele>2200.0</ele></trkpt>
      <trkpt lat="49.156788" lon="19.998847"><ele>2200.0</ele></trkpt>
      <trkpt lat="49.156798" lon="19.998874"><ele>2202.0</ele></trkpt>
      <trkpt lat="49.156816" lon="19.998887"><ele>2202.0</ele></trkpt>
      <trkpt lat="49.156838" lon="19.998894"><ele>2203.0</ele></trkpt>
      <trkpt lat="49.156843" lon="19.998926"><ele>2204.0</ele></trkpt>
      <trkpt lat="49.156858" lon="19.998946"><ele>2203.0</ele></trkpt>
      <trkpt lat="49.156864" lon="19.998989"><ele>2204.0</ele></trkpt>
      <trkpt lat="49.156868" lon="19.999017"><ele>2204.0</ele></trkpt>
      <trkpt lat="49.156882" lon="19.998999"><ele>2205.0</ele></trkpt>
      <trkpt lat="49.156875" lon="19.998972"><ele>2206.0</ele></trkpt>
      <trkpt lat="49.156894" lon="19.998998"><ele>2206.0</ele></trkpt>
      <trkpt lat="49.156901" lon="19.999026"><ele>2206.0</ele></trkpt>
      <trkpt lat="49.156900" lon="19.999056"><ele>2207.0</ele></trkpt>
      <trkpt lat="49.156900" lon="19.999088"><ele>2208.0</ele></trkpt>
      <trkpt lat="49.156911" lon="19.999115"><ele>2210.0</ele></trkpt>
      <trkpt lat="49.156931" lon="19.999126"><ele>2212.0</ele></trkpt>
      <trkpt lat="49.156948" lon="19.999152"><ele>2214.0</ele></trkpt>
      <trkpt lat="49.156966" lon="19.999171"><ele>2213.0</ele></trkpt>
      <trkpt lat="49.156969" lon="19.999206"><ele>2214.0</ele></trkpt>
      <trkpt lat="49.156983" lon="19.999227"><ele>2214.0</ele></trkpt>
      <trkpt lat="49.156996" lon="19.999245"><ele>2215.0</ele></trkpt>
      <trkpt lat="49.157005" lon="19.999273"><ele>2215.0</ele></trkpt>
      <trkpt lat="49.157018" lon="19.999301"><ele>2216.0</ele></trkpt>
      <trkpt lat="49.157032" lon="19.999327"><ele>2217.0</ele></trkpt>
      <trkpt lat="49.157045" lon="19.999346"><ele>2218.0</ele></trkpt>
      <trkpt lat="49.157061" lon="19.999364"><ele>2217.0</ele></trkpt>
      <trkpt lat="49.157062" lon="19.999395"><ele>2219.0</ele></trkpt>
      <trkpt lat="49.157059" lon="19.999424"><ele>2220.0</ele></trkpt>
      <trkpt lat="49.157077" lon="19.999435"><ele>2222.0</ele></trkpt>
      <trkpt lat="49.157084" lon="19.999461"><ele>2223.0</ele></trkpt>
      <trkpt lat="49.157104" lon="19.999476"><ele>2223.0</ele></trkpt>
      <trkpt lat="49.157120" lon="19.999488"><ele>2225.0</ele></trkpt>
      <trkpt lat="49.157134" lon="19.999514"><ele>2225.0</ele></trkpt>
      <trkpt lat="49.157143" lon="19.999538"><ele>2226.0</ele></trkpt>
      <trkpt lat="49.157147" lon="19.999572"><ele>2227.0</ele></trkpt>
      <trkpt lat="49.157154" lon="19.999599"><ele>2229.0</ele></trkpt>
      <trkpt lat="49.157156" lon="19.999634"><ele>2231.0</ele></trkpt>
      <trkpt lat="49.157154" lon="19.999670"><ele>2232.0</ele></trkpt>
      <trkpt lat="49.157159" lon="19.999702"><ele>2233.0</ele></trkpt>
      <trkpt lat="49.157165" lon="19.999728"><ele>2233.0</ele></trkpt>
      <trkpt lat="49.157169" lon="19.999759"><ele>2233.0</ele></trkpt>
      <trkpt lat="49.157172" lon="19.999789"><ele>2235.0</ele></trkpt>
      <trkpt lat="49.157173" lon="19.999822"><ele>2235.0</ele></trkpt>
      <trkpt lat="49.157181" lon="19.999852"><ele>2236.0</ele></trkpt>
      <trkpt lat="49.157196" lon="19.999871"><ele>2236.0</ele></trkpt>
      <trkpt lat="49.157194" lon="19.999902"><ele>2237.0</ele></trkpt>
      <trkpt lat="49.157198" lon="19.999931"><ele>2237.0</ele></trkpt>
      <trkpt lat="49.157203" lon="19.999963"><ele>2238.0</ele></trkpt>
      <trkpt lat="49.157215" lon="19.999985"><ele>2239.0</ele></trkpt>
      <trkpt lat="49.157236" lon="19.999980"><ele>2239.0</ele></trkpt>
      <trkpt lat="49.157258" lon="19.999980"><ele>2240.0</ele></trkpt>
      <trkpt lat="49.157278" lon="19.999980"><ele>2242.0</ele></trkpt>
      <trkpt lat="49.157304" lon="19.999985"><ele>2243.0</ele></trkpt>
      <trkpt lat="49.157322" lon="20.000000"><ele>2246.0</ele></trkpt>
      <trkpt lat="49.157341" lon="19.999988"><ele>2247.0</ele></trkpt>
      <trkpt lat="49.157362" lon="19.999982"><ele>2247.0</ele></trkpt>
      <trkpt lat="49.157381" lon="19.999982"><ele>2248.0</ele></trkpt>
      <trkpt lat="49.157399" lon="19.999977"><ele>2249.0</ele></trkpt>
      <trkpt lat="49.157418" lon="19.999980"><ele>2251.0</ele></trkpt>
      <trkpt lat="49.157431" lon="20.000003"><ele>2252.0</ele></trkpt>
      <trkpt lat="49.157445" lon="20.000027"><ele>2252.0</ele></trkpt>
      <trkpt lat="49.157465" lon="20.000023"><ele>2255.0</ele></trkpt>
      <trkpt lat="49.157474" lon="20.000053"><ele>2252.0</ele></trkpt>
      <trkpt lat="49.157476" lon="20.000081"><ele>2254.0</ele></trkpt>
      <trkpt lat="49.157497" lon="20.000078"><ele>2256.0</ele></trkpt>
      <trkpt lat="49.157520" lon="20.000082"><ele>2254.0</ele></trkpt>
      <trkpt lat="49.157538" lon="20.000099"><ele>2256.0</ele></trkpt>
      <trkpt lat="49.157544" lon="20.000131"><ele>2256.0</ele></trkpt>
      <trkpt lat="49.157547" lon="20.000160"><ele>2257.0</ele></trkpt>
      <trkpt lat="49.157561" lon="20.000178"><ele>2258.0</ele></trkpt>
      <trkpt lat="49.157573" lon="20.000200"><ele>2259.0</ele></trkpt>
      <trkpt lat="49.157589" lon="20.000228"><ele>2260.0</ele></trkpt>
      <trkpt lat="49.157602" lon="20.000255"><ele>2260.0</ele></trkpt>
      <trkpt lat="49.157612" lon="20.000287"><ele>2260.0</ele></trkpt>
      <trkpt lat="49.157607" lon="20.000318"><ele>2262.0</ele></trkpt>
      <trkpt lat="49.157617" lon="20.000346"><ele>2263.0</ele></trkpt>
      <trkpt lat="49.157613" lon="20.000375"><ele>2265.0</ele></trkpt>
      <trkpt lat="49.157626" lon="20.000396"><ele>2267.0</ele></trkpt>
      <trkpt lat="49.157646" lon="20.000409"><ele>2267.0</ele></trkpt>
      <trkpt lat="49.157665" lon="20.000421"><ele>2267.0</ele></trkpt>
      <trkpt lat="49.157681" lon="20.000447"><ele>2268.0</ele></trkpt>
      <trkpt lat="49.157697" lon="20.000468"><ele>2270.0</ele></trkpt>
      <trkpt lat="49.157711" lon="20.000490"><ele>2271.0</ele></trkpt>
      <trkpt lat="49.157727" lon="20.000506"><ele>2272.0</ele></trkpt>
      <trkpt lat="49.157746" lon="20.000522"><ele>2272.0</ele></trkpt>
      <trkpt lat="49.157759" lon="20.000545"><ele>2273.0</ele></trkpt>
      <trkpt lat="49.157776" lon="20.000553"><ele>2276.0</ele></trkpt>
      <trkpt lat="49.157800" lon="20.000555"><ele>2277.0</ele></trkpt>
      <trkpt lat="49.157819" lon="20.000561"><ele>2277.0</ele></trkpt>
      <trkpt lat="49.157837" lon="20.000571"><ele>2278.0</ele></trkpt>
      <trkpt lat="49.157860" lon="20.000562"><ele>2279.0</ele></trkpt>
      <trkpt lat="49.157885" lon="20.000555"><ele>2280.0</ele></trkpt>
      <trkpt lat="49.157911" lon="20.000554"><ele>2280.0</ele></trkpt>
      <trkpt lat="49.157923" lon="20.000580"><ele>2280.0</ele></trkpt>
      <trkpt lat="49.157937" lon="20.000597"><ele>2281.0</ele></trkpt>
      <trkpt lat="49.157955" lon="20.000623"><ele>2282.0</ele></trkpt>
      <trkpt lat="49.157970" lon="20.000645"><ele>2284.0</ele></trkpt>
      <trkpt lat="49.157986" lon="20.000662"><ele>2284.0</ele></trkpt>
      <trkpt lat="49.158003" lon="20.000677"><ele>2285.0</ele></trkpt>
      <trkpt lat="49.158022" lon="20.000689"><ele>2286.0</ele></trkpt>
      <trkpt lat="49.158048" lon="20.000694"><ele>2286.0</ele></trkpt>
      <trkpt lat="49.158066" lon="20.000699"><ele>2286.0</ele></trkpt>
      <trkpt lat="49.158088" lon="20.000716"><ele>2286.0</ele></trkpt>
      <trkpt lat="49.158109" lon="20.000741"><ele>2286.0</ele></trkpt>
      <trkpt lat="49.158124" lon="20.000766"><ele>2288.0</ele></trkpt>
      <trkpt lat="49.158142" lon="20.000786"><ele>2290.0</ele></trkpt>
      <trkpt lat="49.158166" lon="20.000799"><ele>2290.0</ele></trkpt>
      <trkpt lat="49.158183" lon="20.000806"><ele>2290.0</ele></trkpt>
      <trkpt lat="49.158203" lon="20.000811"><ele>2290.0</ele></trkpt>
      <trkpt lat="49.158225" lon="20.000819"><ele>2291.0</ele></trkpt>
      <trkpt lat="49.158245" lon="20.000824"><ele>2294.0</ele></trkpt>
      <trkpt lat="49.158267" lon="20.000835"><ele>2293.0</ele></trkpt>
      <trkpt lat="49.158290" lon="20.000846"><ele>2293.0</ele></trkpt>
      <trkpt lat="49.158310" lon="20.000854"><ele>2294.0</ele></trkpt>
      <trkpt lat="49.158332" lon="20.000860"><ele>2296.0</ele></trkpt>
      <trkpt lat="49.158354" lon="20.000854"><ele>2297.0</ele></trkpt>
      <trkpt lat="49.158377" lon="20.000848"><ele>2297.0</ele></trkpt>
      <trkpt lat="49.158400" lon="20.000849"><ele>2298.0</ele></trkpt>
      <trkpt lat="49.158421" lon="20.000838"><ele>2299.0</ele></trkpt>
      <trkpt lat="49.158435" lon="20.000859"><ele>2300.0</ele></trkpt>
      <trkpt lat="49.158444" lon="20.000884"><ele>2302.0</ele></trkpt>
      <trkpt lat="49.158461" lon="20.000904"><ele>2302.0</ele></trkpt>
      <trkpt lat="49.158479" lon="20.000909"><ele>2304.0</ele></trkpt>
      <trkpt lat="49.158496" lon="20.000923"><ele>2304.0</ele></trkpt>
      <trkpt lat="49.158511" lon="20.000937"><ele>2304.0</ele></trkpt>
      <trkpt lat="49.158532" lon="20.000955"><ele>2305.0</ele></trkpt>
      <trkpt lat="49.158549" lon="20.000971"><ele>2306.0</ele></trkpt>
      <trkpt lat="49.158567" lon="20.000973"><ele>2307.0</ele></trkpt>
      <trkpt lat="49.158576" lon="20.001003"><ele>2308.0</ele></trkpt>
      <trkpt lat="49.158596" lon="20.001022"><ele>2309.0</ele></trkpt>
      <trkpt lat="49.158614" lon="20.001033"><ele>2310.0</ele></trkpt>
      <trkpt lat="49.158640" lon="20.001044"><ele>2311.0</ele></trkpt>
      <trkpt lat="49.158658" lon="20.001053"><ele>2311.0</ele></trkpt>
      <trkpt lat="49.158676" lon="20.001065"><ele>2311.0</ele></trkpt>
      <trkpt lat="49.158696" lon="20.001079"><ele>2311.0</ele></trkpt>
      <trkpt lat="49.158719" lon="20.001084"><ele>2311.0</ele></trkpt>
      <trkpt lat="49.158740" lon="20.001089"><ele>2312.0</ele></trkpt>
      <trkpt lat="49.158754" lon="20.001115"><ele>2312.0</ele></trkpt>
      <trkpt lat="49.158765" lon="20.001142"><ele>2314.0</ele></trkpt>
      <trkpt lat="49.158781" lon="20.001163"><ele>2315.0</ele></trkpt>
      <trkpt lat="49.158800" lon="20.001156"><ele>2316.0</ele></trkpt>
      <trkpt lat="49.158822" lon="20.001151"><ele>2316.0</ele></trkpt>
      <trkpt lat="49.158846" lon="20.001169"><ele>2316.0</ele></trkpt>
      <trkpt lat="49.158864" lon="20.001179"><ele>2315.0</ele></trkpt>
      <trkpt lat="49.158889" lon="20.001186"><ele>2316.0</ele></trkpt>
      <trkpt lat="49.158907" lon="20.001187"><ele>2316.0</ele></trkpt>
      <trkpt lat="49.158930" lon="20.001198"><ele>2317.0</ele></trkpt>
      <trkpt lat="49.158948" lon="20.001189"><ele>2317.0</ele></trkpt>
      <trkpt lat="49.158970" lon="20.001189"><ele>2317.0</ele></trkpt>
      <trkpt lat="49.158991" lon="20.001190"><ele>2317.0</ele></trkpt>
      <trkpt lat="49.159009" lon="20.001179"><ele>2317.0</ele></trkpt>
      <trkpt lat="49.159032" lon="20.001188"><ele>2316.0</ele></trkpt>
      <trkpt lat="49.159057" lon="20.001192"><ele>2317.0</ele></trkpt>
      <trkpt lat="49.159072" lon="20.001215"><ele>2318.0</ele></trkpt>
      <trkpt lat="49.159092" lon="20.001218"><ele>2318.0</ele></trkpt>
      <trkpt lat="49.159114" lon="20.001216"><ele>2319.0</ele></trkpt>
      <trkpt lat="49.159137" lon="20.001216"><ele>2319.0</ele></trkpt>
      <trkpt lat="49.159164" lon="20.001217"><ele>2319.0</ele></trkpt>
      <trkpt lat="49.159188" lon="20.001223"><ele>2319.0</ele></trkpt>
      <trkpt lat="49.159206" lon="20.001225"><ele>2319.0</ele></trkpt>
      <trkpt lat="49.159235" lon="20.001223"><ele>2320.0</ele></trkpt>
      <trkpt lat="49.159256" lon="20.001230"><ele>2321.0</ele></trkpt>
      <trkpt lat="49.159261" lon="20.001261"><ele>2322.0</ele></trkpt>
      <trkpt lat="49.159281" lon="20.001262"><ele>2322.0</ele></trkpt>
      <trkpt lat="49.159306" lon="20.001265"><ele>2322.0</ele></trkpt>
      <trkpt lat="49.159329" lon="20.001267"><ele>2322.0</ele></trkpt>
      <trkpt lat="49.159347" lon="20.001285"><ele>2322.0</ele></trkpt>
      <trkpt lat="49.159367" lon="20.001288"><ele>2322.0</ele></trkpt>
      <trkpt lat="49.159386" lon="20.001290"><ele>2322.0</ele></trkpt>
      <trkpt lat="49.159407" lon="20.001294"><ele>2323.0</ele></trkpt>
      <trkpt lat="49.159428" lon="20.001302"><ele>2323.0</ele></trkpt>
      <trkpt lat="49.159443" lon="20.001318"><ele>2323.0</ele></trkpt>
      <trkpt lat="49.159460" lon="20.001332"><ele>2325.0</ele></trkpt>
      <trkpt lat="49.159482" lon="20.001336"><ele>2326.0</ele></trkpt>
      <trkpt lat="49.159501" lon="20.001341"><ele>2326.0</ele></trkpt>
      <trkpt lat="49.159520" lon="20.001333"><ele>2328.0</ele></trkpt>
      <trkpt lat="49.159543" lon="20.001336"><ele>2328.0</ele></trkpt>
      <trkpt lat="49.159571" lon="20.001335"><ele>2329.0</ele></trkpt>
      <trkpt lat="49.159595" lon="20.001337"><ele>2329.0</ele></trkpt>
      <trkpt lat="49.159617" lon="20.001336"><ele>2330.0</ele></trkpt>
      <trkpt lat="49.159636" lon="20.001311"><ele>2331.0</ele></trkpt>
      <trkpt lat="49.159654" lon="20.001300"><ele>2329.0</ele></trkpt>
      <trkpt lat="49.159674" lon="20.001299"><ele>2329.0</ele></trkpt>
      <trkpt lat="49.159692" lon="20.001296"><ele>2329.0</ele></trkpt>
      <trkpt lat="49.159714" lon="20.001284"><ele>2329.0</ele></trkpt>
      <trkpt lat="49.159694" lon="20.001282"><ele>2330.0</ele></trkpt>
      <trkpt lat="49.159673" lon="20.001286"><ele>2329.0</ele></trkpt>
      <trkpt lat="49.159650" lon="20.001284"><ele>2330.0</ele></trkpt>
      <trkpt lat="49.159637" lon="20.001304"><ele>2330.0</ele></trkpt>
      <trkpt lat="49.159653" lon="20.001288"><ele>2330.0</ele></trkpt>
      <trkpt lat="49.159677" lon="20.001285"><ele>2329.0</ele></trkpt>
      <trkpt lat="49.159703" lon="20.001284"><ele>2329.0</ele></trkpt>
      <trkpt lat="49.159723" lon="20.001274"><ele>2330.0</ele></trkpt>
      <trkpt lat="49.159745" lon="20.001275"><ele>2330.0</ele></trkpt>
      <trkpt lat="49.159766" lon="20.001284"><ele>2330.0</ele></trkpt>
      <trkpt lat="49.159788" lon="20.001297"><ele>2332.0</ele></trkpt>
      <trkpt lat="49.159811" lon="20.001303"><ele>2332.0</ele></trkpt>
      <trkpt lat="49.159835" lon="20.001294"><ele>2332.0</ele></trkpt>
      <trkpt lat="49.159856" lon="20.001284"><ele>2334.0</ele></trkpt>
      <trkpt lat="49.159874" lon="20.001292"><ele>2335.0</ele></trkpt>
      <trkpt lat="49.159894" lon="20.001293"><ele>2337.0</ele></trkpt>
      <trkpt lat="49.159902" lon="20.001321"><ele>2338.0</ele></trkpt>
      <trkpt lat="49.159924" lon="20.001323"><ele>2339.0</ele></trkpt>
      <trkpt lat="49.159942" lon="20.001326"><ele>2339.0</ele></trkpt>
      <trkpt lat="49.159960" lon="20.001328"><ele>2340.0</ele></trkpt>
      <trkpt lat="49.159980" lon="20.001325"><ele>2341.0</ele></trkpt>
      <trkpt lat="49.160001" lon="20.001307"><ele>2341.0</ele></trkpt>
      <trkpt lat="49.160019" lon="20.001293"><ele>2343.0</ele></trkpt>
      <trkpt lat="49.160040" lon="20.001279"><ele>2343.0</ele></trkpt>
      <trkpt lat="49.160058" lon="20.001270"><ele>2343.0</ele></trkpt>
      <trkpt lat="49.160078" lon="20.001254"><ele>2343.0</ele></trkpt>
      <trkpt lat="49.160099" lon="20.001253"><ele>2344.0</ele></trkpt>
      <trkpt lat="49.160119" lon="20.001243"><ele>2345.0</ele></trkpt>
      <trkpt lat="49.160140" lon="20.001242"><ele>2345.0</ele></trkpt>
      <trkpt lat="49.160154" lon="20.001212"><ele>2346.0</ele></trkpt>
      <trkpt lat="49.160174" lon="20.001193"><ele>2346.0</ele></trkpt>
      <trkpt lat="49.160194" lon="20.001177"><ele>2346.0</ele></trkpt>
      <trkpt lat="49.160213" lon="20.001170"><ele>2347.0</ele></trkpt>
      <trkpt lat="49.160233" lon="20.001173"><ele>2348.0</ele></trkpt>
      <trkpt lat="49.160240" lon="20.001147"><ele>2348.0</ele></trkpt>
      <trkpt lat="49.160255" lon="20.001131"><ele>2349.0</ele></trkpt>
      <trkpt lat="49.160273" lon="20.001125"><ele>2349.0</ele></trkpt>
      <trkpt lat="49.160294" lon="20.001136"><ele>2350.0</ele></trkpt>
      <trkpt lat="49.160314" lon="20.001132"><ele>2351.0</ele></trkpt>
      <trkpt lat="49.160335" lon="20.001128"><ele>2351.0</ele></trkpt>
      <trkpt lat="49.160351" lon="20.001144"><ele>2353.0</ele></trkpt>
      <trkpt lat="49.160355" lon="20.001172"><ele>2353.0</ele></trkpt>
      <trkpt lat="49.160373" lon="20.001162"><ele>2353.0</ele></trkpt>
      <trkpt lat="49.160394" lon="20.001163"><ele>2355.0</ele></trkpt>
      <trkpt lat="49.160407" lon="20.001187"><ele>2356.0</ele></trkpt>
      <trkpt lat="49.160422" lon="20.001161"><ele>2357.0</ele></trkpt>
      <trkpt lat="49.160441" lon="20.001148"><ele>2356.0</ele></trkpt>
      <trkpt lat="49.160458" lon="20.001124"><ele>2358.0</ele></trkpt>
      <trkpt lat="49.160478" lon="20.001116"><ele>2358.0</ele></trkpt>
      <trkpt lat="49.160497" lon="20.001092"><ele>2359.0</ele></trkpt>
      <trkpt lat="49.160518" lon="20.001098"><ele>2361.0</ele></trkpt>
      <trkpt lat="49.160535" lon="20.001109"><ele>2362.0</ele></trkpt>
      <trkpt lat="49.160553" lon="20.001092"><ele>2363.0</ele></trkpt>
      <trkpt lat="49.160572" lon="20.001075"><ele>2363.0</ele></trkpt>
      <trkpt lat="49.160586" lon="20.001053"><ele>2364.0</ele></trkpt>
      <trkpt lat="49.160605" lon="20.001052"><ele>2365.0</ele></trkpt>
      <trkpt lat="49.160623" lon="20.001041"><ele>2365.0</ele></trkpt>
      <trkpt lat="49.160639" lon="20.001054"><ele>2368.0</ele></trkpt>
      <trkpt lat="49.160656" lon="20.001035"><ele>2368.0</ele></trkpt>
      <trkpt lat="49.160678" lon="20.001027"><ele>2369.0</ele></trkpt>
      <trkpt lat="49.160698" lon="20.001026"><ele>2369.0</ele></trkpt>
      <trkpt lat="49.160717" lon="20.001025"><ele>2370.0</ele></trkpt>
      <trkpt lat="49.160736" lon="20.001031"><ele>2372.0</ele></trkpt>
      <trkpt lat="49.160751" lon="20.001015"><ele>2374.0</ele></trkpt>
      <trkpt lat="49.160769" lon="20.001020"><ele>2375.0</ele></trkpt>
      <trkpt lat="49.160785" lon="20.001034"><ele>2376.0</ele></trkpt>
      <trkpt lat="49.160791" lon="20.001062"><ele>2377.0</ele></trkpt>
      <trkpt lat="49.160810" lon="20.001079"><ele>2380.0</ele></trkpt>
      <trkpt lat="49.160828" lon="20.001089"><ele>2381.0</ele></trkpt>
      <trkpt lat="49.160845" lon="20.001108"><ele>2381.0</ele></trkpt>
      <trkpt lat="49.160860" lon="20.001090"><ele>2382.0</ele></trkpt>
      <trkpt lat="49.160878" lon="20.001079"><ele>2383.0</ele></trkpt>
      <trkpt lat="49.160895" lon="20.001091"><ele>2385.0</ele></trkpt>
      <trkpt lat="49.160913" lon="20.001083"><ele>2386.0</ele></trkpt>
      <trkpt lat="49.160930" lon="20.001064"><ele>2387.0</ele></trkpt>
      <trkpt lat="49.160948" lon="20.001055"><ele>2387.0</ele></trkpt>
      <trkpt lat="49.160961" lon="20.001033"><ele>2388.0</ele></trkpt>
      <trkpt lat="49.160982" lon="20.001027"><ele>2389.0</ele></trkpt>
      <trkpt lat="49.160999" lon="20.001015"><ele>2389.0</ele></trkpt>
      <trkpt lat="49.161017" lon="20.001000"><ele>2390.0</ele></trkpt>
      <trkpt lat="49.161035" lon="20.000992"><ele>2390.0</ele></trkpt>
      <trkpt lat="49.161052" lon="20.001002"><ele>2391.0</ele></trkpt>
      <trkpt lat="49.161065" lon="20.000976"><ele>2392.0</ele></trkpt>
      <trkpt lat="49.161075" lon="20.000944"><ele>2392.0</ele></trkpt>
      <trkpt lat="49.161095" lon="20.000946"><ele>2393.0</ele></trkpt>
      <trkpt lat="49.161112" lon="20.000937"><ele>2393.0</ele></trkpt>
      <trkpt lat="49.161127" lon="20.000958"><ele>2395.0</ele></trkpt>
      <trkpt lat="49.161147" lon="20.000962"><ele>2395.0</ele></trkpt>
      <trkpt lat="49.161166" lon="20.000955"><ele>2396.0</ele></trkpt>
      <trkpt lat="49.161174" lon="20.000924"><ele>2396.0</ele></trkpt>
      <trkpt lat="49.161191" lon="20.000918"><ele>2397.0</ele></trkpt>
      <trkpt lat="49.161210" lon="20.000910"><ele>2398.0</ele></trkpt>
      <trkpt lat="49.161220" lon="20.000887"><ele>2399.0</ele></trkpt>
      <trkpt lat="49.161239" lon="20.000869"><ele>2400.0</ele></trkpt>
      <trkpt lat="49.161251" lon="20.000847"><ele>2400.0</ele></trkpt>
      <trkpt lat="49.161264" lon="20.000824"><ele>2400.0</ele></trkpt>
      <trkpt lat="49.161268" lon="20.000795"><ele>2403.0</ele></trkpt>
      <trkpt lat="49.161268" lon="20.000767"><ele>2403.0</ele></trkpt>
      <trkpt lat="49.161288" lon="20.000764"><ele>2404.0</ele></trkpt>
      <trkpt lat="49.161310" lon="20.000773"><ele>2406.0</ele></trkpt>
      <trkpt lat="49.161331" lon="20.000773"><ele>2408.0</ele></trkpt>
      <trkpt lat="49.161350" lon="20.000761"><ele>2410.0</ele></trkpt>
      <trkpt lat="49.161367" lon="20.000746"><ele>2410.0</ele></trkpt>
      <trkpt lat="49.161387" lon="20.000732"><ele>2410.0</ele></trkpt>
      <trkpt lat="49.161398" lon="20.000709"><ele>2410.0</ele></trkpt>
      <trkpt lat="49.161396" lon="20.000679"><ele>2410.0</ele></trkpt>
      <trkpt lat="49.161413" lon="20.000665"><ele>2410.0</ele></trkpt>
      <trkpt lat="49.161432" lon="20.000675"><ele>2411.0</ele></trkpt>
      <trkpt lat="49.161452" lon="20.000672"><ele>2413.0</ele></trkpt>
      <trkpt lat="49.161467" lon="20.000657"><ele>2414.0</ele></trkpt>
      <trkpt lat="49.161490" lon="20.000656"><ele>2414.0</ele></trkpt>
      <trkpt lat="49.161507" lon="20.000634"><ele>2416.0</ele></trkpt>
      <trkpt lat="49.161529" lon="20.000626"><ele>2416.0</ele></trkpt>
      <trkpt lat="49.161546" lon="20.000605"><ele>2416.0</ele></trkpt>
      <trkpt lat="49.161566" lon="20.000601"><ele>2417.0</ele></trkpt>
      <trkpt lat="49.161585" lon="20.000607"><ele>2417.0</ele></trkpt>
      <trkpt lat="49.161605" lon="20.000610"><ele>2417.0</ele></trkpt>
      <trkpt lat="49.161622" lon="20.000597"><ele>2417.0</ele></trkpt>
      <trkpt lat="49.161641" lon="20.000612"><ele>2420.0</ele></trkpt>
      <trkpt lat="49.161654" lon="20.000593"><ele>2418.0</ele></trkpt>
      <trkpt lat="49.161676" lon="20.000584"><ele>2417.0</ele></trkpt>
      <trkpt lat="49.161693" lon="20.000567"><ele>2417.0</ele></trkpt>
      <trkpt lat="49.161712" lon="20.000558"><ele>2419.0</ele></trkpt>
      <trkpt lat="49.161728" lon="20.000542"><ele>2420.0</ele></trkpt>
      <trkpt lat="49.161751" lon="20.000519"><ele>2420.0</ele></trkpt>
      <trkpt lat="49.161762" lon="20.000494"><ele>2419.0</ele></trkpt>
      <trkpt lat="49.161780" lon="20.000471"><ele>2420.0</ele></trkpt>
      <trkpt lat="49.161804" lon="20.000471"><ele>2420.0</ele></trkpt>
      <trkpt lat="49.161823" lon="20.000461"><ele>2421.0</ele></trkpt>
      <trkpt lat="49.161843" lon="20.000442"><ele>2422.0</ele></trkpt>
      <trkpt lat="49.161861" lon="20.000428"><ele>2422.0</ele></trkpt>
      <trkpt lat="49.161880" lon="20.000417"><ele>2422.0</ele></trkpt>
      <trkpt lat="49.161902" lon="20.000411"><ele>2425.0</ele></trkpt>
      <trkpt lat="49.161914" lon="20.000431"><ele>2427.0</ele></trkpt>
      <trkpt lat="49.161933" lon="20.000419"><ele>2427.0</ele></trkpt>
      <trkpt lat="49.161944" lon="20.000445"><ele>2431.0</ele></trkpt>
      <trkpt lat="49.161954" lon="20.000470"><ele>2431.0</ele></trkpt>
      <trkpt lat="49.161971" lon="20.000486"><ele>2431.0</ele></trkpt>
      <trkpt lat="49.161987" lon="20.000466"><ele>2432.0</ele></trkpt>
      <trkpt lat="49.161985" lon="20.000494"><ele>2434.0</ele></trkpt>
      <trkpt lat="49.161976" lon="20.000520"><ele>2435.0</ele></trkpt>
      <trkpt lat="49.161983" lon="20.000494"><ele>2436.0</ele></trkpt>
      <trkpt lat="49.161976" lon="20.000521"><ele>2434.0</ele></trkpt>
      <trkpt lat="49.161989" lon="20.000495"><ele>2435.0</ele></trkpt>
      <trkpt lat="49.162000" lon="20.000471"><ele>2433.0</ele></trkpt>
      <trkpt lat="49.162019" lon="20.000460"><ele>2433.0</ele></trkpt>
      <trkpt lat="49.162037" lon="20.000453"><ele>2435.0</ele></trkpt>
      <trkpt lat="49.162052" lon="20.000435"><ele>2436.0</ele></trkpt>
      <trkpt lat="49.162070" lon="20.000439"><ele>2436.0</ele></trkpt>
      <trkpt lat="49.162084" lon="20.000421"><ele>2436.0</ele></trkpt>
      <trkpt lat="49.162097" lon="20.000443"><ele>2438.0</ele></trkpt>
      <trkpt lat="49.162116" lon="20.000442"><ele>2439.0</ele></trkpt>
      <trkpt lat="49.162137" lon="20.000444"><ele>2439.0</ele></trkpt>
      <trkpt lat="49.162159" lon="20.000449"><ele>2442.0</ele></trkpt>
      <trkpt lat="49.162177" lon="20.000439"><ele>2446.0</ele></trkpt>
      <trkpt lat="49.162177" lon="20.000468"><ele>2444.0</ele></trkpt>
      <trkpt lat="49.162199" lon="20.000456"><ele>2445.0</ele></trkpt>
      <trkpt lat="49.162189" lon="20.000481"><ele>2449.0</ele></trkpt>
      <trkpt lat="49.162201" lon="20.000503"><ele>2449.0</ele></trkpt>
      <trkpt lat="49.162215" lon="20.000523"><ele>2449.0</ele></trkpt>
      <trkpt lat="49.162236" lon="20.000533"><ele>2450.0</ele></trkpt>
      <trkpt lat="49.162260" lon="20.000527"><ele>2454.0</ele></trkpt>
      <trkpt lat="49.162278" lon="20.000514"><ele>2453.0</ele></trkpt>
      <trkpt lat="49.162292" lon="20.000535"><ele>2457.0</ele></trkpt>
      <trkpt lat="49.162310" lon="20.000527"><ele>2457.0</ele></trkpt>
      <trkpt lat="49.162323" lon="20.000507"><ele>2458.0</ele></trkpt>
      <trkpt lat="49.162343" lon="20.000487"><ele>2459.0</ele></trkpt>
      <trkpt lat="49.162359" lon="20.000469"><ele>2459.0</ele></trkpt>
      <trkpt lat="49.162370" lon="20.000446"><ele>2459.0</ele></trkpt>
      <trkpt lat="49.162391" lon="20.000459"><ele>2461.0</ele></trkpt>
      <trkpt lat="49.162405" lon="20.000485"><ele>2462.0</ele></trkpt>
      <trkpt lat="49.162423" lon="20.000478"><ele>2464.0</ele></trkpt>
      <trkpt lat="49.162443" lon="20.000475"><ele>2464.0</ele></trkpt>
      <trkpt lat="49.162453" lon="20.000451"><ele>2466.0</ele></trkpt>
      <trkpt lat="49.162470" lon="20.000433"><ele>2466.0</ele></trkpt>
      <trkpt lat="49.162475" lon="20.000407"><ele>2466.0</ele></trkpt>
      <trkpt lat="49.162494" lon="20.000401"><ele>2468.0</ele></trkpt>
      <trkpt lat="49.162510" lon="20.000414"><ele>2471.0</ele></trkpt>
      <trkpt lat="49.162528" lon="20.000414"><ele>2472.0</ele></trkpt>
      <trkpt lat="49.162551" lon="20.000412"><ele>2474.0</ele></trkpt>
      <trkpt lat="49.162568" lon="20.000399"><ele>2475.0</ele></trkpt>
      <trkpt lat="49.162582" lon="20.000374"><ele>2476.0</ele></trkpt>
      <trkpt lat="49.162598" lon="20.000359"><ele>2477.0</ele></trkpt>
      <trkpt lat="49.162614" lon="20.000344"><ele>2479.0</ele></trkpt>
      <trkpt lat="49.162631" lon="20.000337"><ele>2480.0</ele></trkpt>
      <trkpt lat="49.162650" lon="20.000337"><ele>2481.0</ele></trkpt>
      <trkpt lat="49.162669" lon="20.000330"><ele>2482.0</ele></trkpt>
      <trkpt lat="49.162687" lon="20.000343"><ele>2482.0</ele></trkpt>
      <trkpt lat="49.162705" lon="20.000333"><ele>2483.0</ele></trkpt>
      <trkpt lat="49.162723" lon="20.000325"><ele>2485.0</ele></trkpt>
      <trkpt lat="49.162738" lon="20.000298"><ele>2488.0</ele></trkpt>
      <trkpt lat="49.162755" lon="20.000286"><ele>2487.0</ele></trkpt>
      <trkpt lat="49.162771" lon="20.000270"><ele>2487.0</ele></trkpt>
      <trkpt lat="49.162787" lon="20.000261"><ele>2487.0</ele></trkpt>
      <trkpt lat="49.162801" lon="20.000240"><ele>2489.0</ele></trkpt>
      <trkpt lat="49.162811" lon="20.000217"><ele>2490.0</ele></trkpt>
      <trkpt lat="49.162829" lon="20.000197"><ele>2490.0</ele></trkpt>
      <trkpt lat="49.162817" lon="20.000172"><ele>2491.0</ele></trkpt>
      <trkpt lat="49.162812" lon="20.000146"><ele>2492.0</ele></trkpt>
      <trkpt lat="49.162812" lon="20.000112"><ele>2492.0</ele></trkpt>
      <trkpt lat="49.162825" lon="20.000130"><ele>2495.0</ele></trkpt>
      <trkpt lat="49.162840" lon="20.000151"><ele>2494.0</ele></trkpt>
      <trkpt lat="49.162834" lon="20.000178"><ele>2493.0</ele></trkpt>
      <trkpt lat="49.162816" lon="20.000168"><ele>2495.0</ele></trkpt>
      <trkpt lat="49.162811" lon="20.000142"><ele>2495.0</ele></trkpt>
      <trkpt lat="49.162823" lon="20.000115"><ele>2495.0</ele></trkpt>
      <trkpt lat="49.162803" lon="20.000111"><ele>2495.0</ele></trkpt>
      <trkpt lat="49.162808" lon="20.000083"><ele>2495.0</ele></trkpt>
      <trkpt lat="49.162805" lon="20.000112"><ele>2495.0</ele></trkpt>
      <trkpt lat="49.162806" lon="20.000149"><ele>2495.0</ele></trkpt>
      <trkpt lat="49.162806" lon="20.000183"><ele>2495.0</ele></trkpt>
      <trkpt lat="49.162812" lon="20.000213"><ele>2495.0</ele></trkpt>
      <trkpt lat="49.162796" lon="20.000227"><ele>2495.0</ele></trkpt>
      <trkpt lat="49.162785" lon="20.000257"><ele>2495.0</ele></trkpt>
      <trkpt lat="49.162776" lon="20.000283"><ele>2495.0</ele></trkpt>
      <trkpt lat="49.162759" lon="20.000302"><ele>2495.0</ele></trkpt>
      <trkpt lat="49.162752" lon="20.000328"><ele>2495.0</ele></trkpt>
      <trkpt lat="49.162737" lon="20.000357"><ele>2495.0</ele></trkpt>
      <trkpt lat="49.162721" lon="20.000370"><ele>2495.0</ele></trkpt>
      <trkpt lat="49.162704" lon="20.000390"><ele>2495.0</ele></trkpt>
      <trkpt lat="49.162687" lon="20.000401"><ele>2495.0</ele></trkpt>
      <trkpt lat="49.162669" lon="20.000399"><ele>2490.0</ele></trkpt>
      <trkpt lat="49.162647" lon="20.000407"><ele>2487.0</ele></trkpt>
      <trkpt lat="49.162629" lon="20.000407"><ele>2486.0</ele></trkpt>
      <trkpt lat="49.162616" lon="20.000428"><ele>2486.0</ele></trkpt>
      <trkpt lat="49.162605" lon="20.000451"><ele>2484.0</ele></trkpt>
      <trkpt lat="49.162595" lon="20.000474"><ele>2483.0</ele></trkpt>
      <trkpt lat="49.162580" lon="20.000454"><ele>2482.0</ele></trkpt>
      <trkpt lat="49.162560" lon="20.000442"><ele>2481.0</ele></trkpt>
      <trkpt lat="49.162550" lon="20.000467"><ele>2480.0</ele></trkpt>
      <trkpt lat="49.162535" lon="20.000479"><ele>2479.0</ele></trkpt>
      <trkpt lat="49.162517" lon="20.000482"><ele>2478.0</ele></trkpt>
      <trkpt lat="49.162498" lon="20.000484"><ele>2477.0</ele></trkpt>
      <trkpt lat="49.162480" lon="20.000476"><ele>2475.0</ele></trkpt>
      <trkpt lat="49.162478" lon="20.000442"><ele>2474.0</ele></trkpt>
      <trkpt lat="49.162485" lon="20.000415"><ele>2475.0</ele></trkpt>
      <trkpt lat="49.162474" lon="20.000388"><ele>2474.0</ele></trkpt>
      <trkpt lat="49.162476" lon="20.000356"><ele>2474.0</ele></trkpt>
      <trkpt lat="49.162470" lon="20.000327"><ele>2473.0</ele></trkpt>
      <trkpt lat="49.162459" lon="20.000349"><ele>2473.0</ele></trkpt>
      <trkpt lat="49.162442" lon="20.000357"><ele>2470.0</ele></trkpt>
      <trkpt lat="49.162425" lon="20.000343"><ele>2470.0</ele></trkpt>
      <trkpt lat="49.162408" lon="20.000370"><ele>2470.0</ele></trkpt>
      <trkpt lat="49.162392" lon="20.000401"><ele>2469.0</ele></trkpt>
      <trkpt lat="49.162382" lon="20.000425"><ele>2468.0</ele></trkpt>
      <trkpt lat="49.162362" lon="20.000434"><ele>2466.0</ele></trkpt>
      <trkpt lat="49.162341" lon="20.000430"><ele>2466.0</ele></trkpt>
      <trkpt lat="49.162325" lon="20.000449"><ele>2464.0</ele></trkpt>
      <trkpt lat="49.162309" lon="20.000467"><ele>2462.0</ele></trkpt>
      <trkpt lat="49.162299" lon="20.000491"><ele>2462.0</ele></trkpt>
      <trkpt lat="49.162288" lon="20.000523"><ele>2462.0</ele></trkpt>
      <trkpt lat="49.162269" lon="20.000526"><ele>2460.0</ele></trkpt>
      <trkpt lat="49.162251" lon="20.000526"><ele>2460.0</ele></trkpt>
      <trkpt lat="49.162233" lon="20.000536"><ele>2458.0</ele></trkpt>
      <trkpt lat="49.162215" lon="20.000539"><ele>2457.0</ele></trkpt>
      <trkpt lat="49.162195" lon="20.000533"><ele>2455.0</ele></trkpt>
      <trkpt lat="49.162178" lon="20.000542"><ele>2454.0</ele></trkpt>
      <trkpt lat="49.162159" lon="20.000539"><ele>2452.0</ele></trkpt>
      <trkpt lat="49.162151" lon="20.000512"><ele>2450.0</ele></trkpt>
      <trkpt lat="49.162153" lon="20.000482"><ele>2450.0</ele></trkpt>
      <trkpt lat="49.162128" lon="20.000491"><ele>2448.0</ele></trkpt>
      <trkpt lat="49.162108" lon="20.000498"><ele>2447.0</ele></trkpt>
      <trkpt lat="49.162092" lon="20.000476"><ele>2445.0</ele></trkpt>
      <trkpt lat="49.162076" lon="20.000454"><ele>2443.0</ele></trkpt>
      <trkpt lat="49.162054" lon="20.000456"><ele>2443.0</ele></trkpt>
      <trkpt lat="49.162035" lon="20.000472"><ele>2442.0</ele></trkpt>
      <trkpt lat="49.162019" lon="20.000486"><ele>2442.0</ele></trkpt>
      <trkpt lat="49.162000" lon="20.000490"><ele>2441.0</ele></trkpt>
      <trkpt lat="49.161981" lon="20.000478"><ele>2440.0</ele></trkpt>
      <trkpt lat="49.161962" lon="20.000471"><ele>2440.0</ele></trkpt>
      <trkpt lat="49.161943" lon="20.000469"><ele>2438.0</ele></trkpt>
      <trkpt lat="49.161932" lon="20.000445"><ele>2436.0</ele></trkpt>
      <trkpt lat="49.161909" lon="20.000460"><ele>2434.0</ele></trkpt>
      <trkpt lat="49.161894" lon="20.000431"><ele>2433.0</ele></trkpt>
      <trkpt lat="49.161875" lon="20.000433"><ele>2433.0</ele></trkpt>
      <trkpt lat="49.161851" lon="20.000444"><ele>2432.0</ele></trkpt>
      <trkpt lat="49.161831" lon="20.000463"><ele>2431.0</ele></trkpt>
      <trkpt lat="49.161808" lon="20.000470"><ele>2430.0</ele></trkpt>
      <trkpt lat="49.161800" lon="20.000504"><ele>2430.0</ele></trkpt>
      <trkpt lat="49.161779" lon="20.000506"><ele>2431.0</ele></trkpt>
      <trkpt lat="49.161759" lon="20.000513"><ele>2429.0</ele></trkpt>
      <trkpt lat="49.161740" lon="20.000517"><ele>2427.0</ele></trkpt>
      <trkpt lat="49.161722" lon="20.000514"><ele>2426.0</ele></trkpt>
      <trkpt lat="49.161706" lon="20.000532"><ele>2427.0</ele></trkpt>
      <trkpt lat="49.161688" lon="20.000547"><ele>2427.0</ele></trkpt>
      <trkpt lat="49.161669" lon="20.000561"><ele>2427.0</ele></trkpt>
      <trkpt lat="49.161653" lon="20.000540"><ele>2424.0</ele></trkpt>
      <trkpt lat="49.161666" lon="20.000521"><ele>2423.0</ele></trkpt>
      <trkpt lat="49.161646" lon="20.000524"><ele>2422.0</ele></trkpt>
      <trkpt lat="49.161623" lon="20.000528"><ele>2422.0</ele></trkpt>
      <trkpt lat="49.161602" lon="20.000522"><ele>2421.0</ele></trkpt>
      <trkpt lat="49.161579" lon="20.000535"><ele>2421.0</ele></trkpt>
      <trkpt lat="49.161561" lon="20.000537"><ele>2421.0</ele></trkpt>
      <trkpt lat="49.161542" lon="20.000552"><ele>2421.0</ele></trkpt>
      <trkpt lat="49.161520" lon="20.000560"><ele>2421.0</ele></trkpt>
      <trkpt lat="49.161502" lon="20.000568"><ele>2420.0</ele></trkpt>
      <trkpt lat="49.161484" lon="20.000583"><ele>2420.0</ele></trkpt>
      <trkpt lat="49.161466" lon="20.000577"><ele>2419.0</ele></trkpt>
      <trkpt lat="49.161449" lon="20.000566"><ele>2419.0</ele></trkpt>
      <trkpt lat="49.161433" lon="20.000587"><ele>2418.0</ele></trkpt>
      <trkpt lat="49.161419" lon="20.000606"><ele>2417.0</ele></trkpt>
      <trkpt lat="49.161411" lon="20.000641"><ele>2417.0</ele></trkpt>
      <trkpt lat="49.161390" lon="20.000651"><ele>2417.0</ele></trkpt>
      <trkpt lat="49.161387" lon="20.000681"><ele>2416.0</ele></trkpt>
      <trkpt lat="49.161373" lon="20.000713"><ele>2416.0</ele></trkpt>
      <trkpt lat="49.161357" lon="20.000735"><ele>2416.0</ele></trkpt>
      <trkpt lat="49.161335" lon="20.000732"><ele>2414.0</ele></trkpt>
      <trkpt lat="49.161317" lon="20.000750"><ele>2414.0</ele></trkpt>
      <trkpt lat="49.161302" lon="20.000770"><ele>2413.0</ele></trkpt>
      <trkpt lat="49.161280" lon="20.000779"><ele>2412.0</ele></trkpt>
      <trkpt lat="49.161271" lon="20.000809"><ele>2412.0</ele></trkpt>
      <trkpt lat="49.161261" lon="20.000836"><ele>2411.0</ele></trkpt>
      <trkpt lat="49.161258" lon="20.000872"><ele>2411.0</ele></trkpt>
      <trkpt lat="49.161246" lon="20.000894"><ele>2411.0</ele></trkpt>
      <trkpt lat="49.161226" lon="20.000902"><ele>2410.0</ele></trkpt>
      <trkpt lat="49.161205" lon="20.000905"><ele>2408.0</ele></trkpt>
      <trkpt lat="49.161188" lon="20.000923"><ele>2405.0</ele></trkpt>
      <trkpt lat="49.161174" lon="20.000943"><ele>2407.0</ele></trkpt>
      <trkpt lat="49.161160" lon="20.000960"><ele>2404.0</ele></trkpt>
      <trkpt lat="49.161143" lon="20.000978"><ele>2404.0</ele></trkpt>
      <trkpt lat="49.161123" lon="20.000991"><ele>2404.0</ele></trkpt>
      <trkpt lat="49.161107" lon="20.001012"><ele>2403.0</ele></trkpt>
      <trkpt lat="49.161087" lon="20.001041"><ele>2402.0</ele></trkpt>
      <trkpt lat="49.161068" lon="20.001063"><ele>2402.0</ele></trkpt>
      <trkpt lat="49.161058" lon="20.001097"><ele>2401.0</ele></trkpt>
      <trkpt lat="49.161040" lon="20.001122"><ele>2401.0</ele></trkpt>
      <trkpt lat="49.161022" lon="20.001144"><ele>2400.0</ele></trkpt>
      <trkpt lat="49.161001" lon="20.001151"><ele>2399.0</ele></trkpt>
      <trkpt lat="49.160978" lon="20.001171"><ele>2398.0</ele></trkpt>
      <trkpt lat="49.160959" lon="20.001153"><ele>2398.0</ele></trkpt>
      <trkpt lat="49.160953" lon="20.001123"><ele>2396.0</ele></trkpt>
      <trkpt lat="49.160934" lon="20.001106"><ele>2395.0</ele></trkpt>
      <trkpt lat="49.160926" lon="20.001065"><ele>2394.0</ele></trkpt>
      <trkpt lat="49.160904" lon="20.001066"><ele>2392.0</ele></trkpt>
      <trkpt lat="49.160890" lon="20.001086"><ele>2392.0</ele></trkpt>
      <trkpt lat="49.160874" lon="20.001099"><ele>2391.0</ele></trkpt>
      <trkpt lat="49.160873" lon="20.001071"><ele>2391.0</ele></trkpt>
      <trkpt lat="49.160863" lon="20.001095"><ele>2390.0</ele></trkpt>
      <trkpt lat="49.160844" lon="20.001104"><ele>2388.0</ele></trkpt>
      <trkpt lat="49.160825" lon="20.001083"><ele>2388.0</ele></trkpt>
      <trkpt lat="49.160806" lon="20.001102"><ele>2386.0</ele></trkpt>
      <trkpt lat="49.160788" lon="20.001093"><ele>2385.0</ele></trkpt>
      <trkpt lat="49.160774" lon="20.001071"><ele>2384.0</ele></trkpt>
      <trkpt lat="49.160768" lon="20.001044"><ele>2384.0</ele></trkpt>
      <trkpt lat="49.160751" lon="20.001026"><ele>2383.0</ele></trkpt>
      <trkpt lat="49.160731" lon="20.001024"><ele>2382.0</ele></trkpt>
      <trkpt lat="49.160712" lon="20.001033"><ele>2379.0</ele></trkpt>
      <trkpt lat="49.160702" lon="20.001057"><ele>2378.0</ele></trkpt>
      <trkpt lat="49.160682" lon="20.001053"><ele>2377.0</ele></trkpt>
      <trkpt lat="49.160664" lon="20.001047"><ele>2376.0</ele></trkpt>
      <trkpt lat="49.160644" lon="20.001042"><ele>2375.0</ele></trkpt>
      <trkpt lat="49.160628" lon="20.001053"><ele>2374.0</ele></trkpt>
      <trkpt lat="49.160618" lon="20.001080"><ele>2374.0</ele></trkpt>
      <trkpt lat="49.160599" lon="20.001079"><ele>2373.0</ele></trkpt>
      <trkpt lat="49.160583" lon="20.001102"><ele>2372.0</ele></trkpt>
      <trkpt lat="49.160565" lon="20.001117"><ele>2371.0</ele></trkpt>
      <trkpt lat="49.160548" lon="20.001132"><ele>2371.0</ele></trkpt>
      <trkpt lat="49.160532" lon="20.001159"><ele>2370.0</ele></trkpt>
      <trkpt lat="49.160517" lon="20.001175"><ele>2370.0</ele></trkpt>
      <trkpt lat="49.160499" lon="20.001171"><ele>2369.0</ele></trkpt>
      <trkpt lat="49.160481" lon="20.001194"><ele>2368.0</ele></trkpt>
      <trkpt lat="49.160473" lon="20.001225"><ele>2367.0</ele></trkpt>
      <trkpt lat="49.160455" lon="20.001235"><ele>2367.0</ele></trkpt>
      <trkpt lat="49.160437" lon="20.001250"><ele>2365.0</ele></trkpt>
      <trkpt lat="49.160419" lon="20.001230"><ele>2364.0</ele></trkpt>
      <trkpt lat="49.160413" lon="20.001194"><ele>2363.0</ele></trkpt>
      <trkpt lat="49.160394" lon="20.001208"><ele>2362.0</ele></trkpt>
      <trkpt lat="49.160376" lon="20.001198"><ele>2362.0</ele></trkpt>
      <trkpt lat="49.160357" lon="20.001196"><ele>2361.0</ele></trkpt>
      <trkpt lat="49.160342" lon="20.001178"><ele>2360.0</ele></trkpt>
      <trkpt lat="49.160332" lon="20.001143"><ele>2359.0</ele></trkpt>
      <trkpt lat="49.160313" lon="20.001134"><ele>2359.0</ele></trkpt>
      <trkpt lat="49.160292" lon="20.001140"><ele>2359.0</ele></trkpt>
      <trkpt lat="49.160273" lon="20.001142"><ele>2357.0</ele></trkpt>
      <trkpt lat="49.160248" lon="20.001150"><ele>2357.0</ele></trkpt>
      <trkpt lat="49.160230" lon="20.001162"><ele>2357.0</ele></trkpt>
      <trkpt lat="49.160215" lon="20.001188"><ele>2356.0</ele></trkpt>
      <trkpt lat="49.160197" lon="20.001194"><ele>2354.0</ele></trkpt>
      <trkpt lat="49.160174" lon="20.001204"><ele>2354.0</ele></trkpt>
      <trkpt lat="49.160154" lon="20.001222"><ele>2351.0</ele></trkpt>
      <trkpt lat="49.160137" lon="20.001243"><ele>2350.0</ele></trkpt>
      <trkpt lat="49.160116" lon="20.001251"><ele>2350.0</ele></trkpt>
      <trkpt lat="49.160098" lon="20.001263"><ele>2350.0</ele></trkpt>
      <trkpt lat="49.160079" lon="20.001264"><ele>2349.0</ele></trkpt>
      <trkpt lat="49.160059" lon="20.001277"><ele>2349.0</ele></trkpt>
      <trkpt lat="49.160041" lon="20.001290"><ele>2349.0</ele></trkpt>
      <trkpt lat="49.160025" lon="20.001306"><ele>2347.0</ele></trkpt>
      <trkpt lat="49.160009" lon="20.001324"><ele>2347.0</ele></trkpt>
      <trkpt lat="49.159993" lon="20.001338"><ele>2346.0</ele></trkpt>
      <trkpt lat="49.159976" lon="20.001349"><ele>2345.0</ele></trkpt>
      <trkpt lat="49.159962" lon="20.001330"><ele>2345.0</ele></trkpt>
      <trkpt lat="49.159942" lon="20.001333"><ele>2344.0</ele></trkpt>
      <trkpt lat="49.159921" lon="20.001340"><ele>2343.0</ele></trkpt>
      <trkpt lat="49.159906" lon="20.001313"><ele>2343.0</ele></trkpt>
      <trkpt lat="49.159886" lon="20.001294"><ele>2342.0</ele></trkpt>
      <trkpt lat="49.159866" lon="20.001296"><ele>2341.0</ele></trkpt>
      <trkpt lat="49.159848" lon="20.001313"><ele>2340.0</ele></trkpt>
      <trkpt lat="49.159829" lon="20.001341"><ele>2339.0</ele></trkpt>
      <trkpt lat="49.159814" lon="20.001358"><ele>2339.0</ele></trkpt>
      <trkpt lat="49.159797" lon="20.001346"><ele>2339.0</ele></trkpt>
      <trkpt lat="49.159794" lon="20.001317"><ele>2339.0</ele></trkpt>
      <trkpt lat="49.159780" lon="20.001298"><ele>2339.0</ele></trkpt>
      <trkpt lat="49.159764" lon="20.001282"><ele>2338.0</ele></trkpt>
      <trkpt lat="49.159738" lon="20.001277"><ele>2336.0</ele></trkpt>
      <trkpt lat="49.159719" lon="20.001273"><ele>2336.0</ele></trkpt>
      <trkpt lat="49.159696" lon="20.001279"><ele>2335.0</ele></trkpt>
      <trkpt lat="49.159677" lon="20.001291"><ele>2335.0</ele></trkpt>
      <trkpt lat="49.159654" lon="20.001297"><ele>2334.0</ele></trkpt>
      <trkpt lat="49.159632" lon="20.001313"><ele>2334.0</ele></trkpt>
      <trkpt lat="49.159613" lon="20.001331"><ele>2334.0</ele></trkpt>
      <trkpt lat="49.159594" lon="20.001339"><ele>2334.0</ele></trkpt>
      <trkpt lat="49.159571" lon="20.001337"><ele>2334.0</ele></trkpt>
      <trkpt lat="49.159545" lon="20.001342"><ele>2334.0</ele></trkpt>
      <trkpt lat="49.159526" lon="20.001340"><ele>2333.0</ele></trkpt>
      <trkpt lat="49.159506" lon="20.001350"><ele>2333.0</ele></trkpt>
      <trkpt lat="49.159489" lon="20.001334"><ele>2331.0</ele></trkpt>
      <trkpt lat="49.159471" lon="20.001325"><ele>2331.0</ele></trkpt>
      <trkpt lat="49.159451" lon="20.001320"><ele>2331.0</ele></trkpt>
      <trkpt lat="49.159426" lon="20.001305"><ele>2330.0</ele></trkpt>
      <trkpt lat="49.159409" lon="20.001297"><ele>2330.0</ele></trkpt>
      <trkpt lat="49.159385" lon="20.001287"><ele>2329.0</ele></trkpt>
      <trkpt lat="49.159366" lon="20.001285"><ele>2328.0</ele></trkpt>
      <trkpt lat="49.159345" lon="20.001283"><ele>2328.0</ele></trkpt>
      <trkpt lat="49.159329" lon="20.001270"><ele>2328.0</ele></trkpt>
      <trkpt lat="49.159309" lon="20.001264"><ele>2328.0</ele></trkpt>
      <trkpt lat="49.159288" lon="20.001260"><ele>2327.0</ele></trkpt>
      <trkpt lat="49.159263" lon="20.001253"><ele>2327.0</ele></trkpt>
      <trkpt lat="49.159252" lon="20.001231"><ele>2327.0</ele></trkpt>
      <trkpt lat="49.159229" lon="20.001231"><ele>2327.0</ele></trkpt>
      <trkpt lat="49.159210" lon="20.001223"><ele>2326.0</ele></trkpt>
      <trkpt lat="49.159188" lon="20.001228"><ele>2326.0</ele></trkpt>
      <trkpt lat="49.159164" lon="20.001222"><ele>2326.0</ele></trkpt>
      <trkpt lat="49.159142" lon="20.001222"><ele>2326.0</ele></trkpt>
      <trkpt lat="49.159124" lon="20.001223"><ele>2326.0</ele></trkpt>
      <trkpt lat="49.159099" lon="20.001221"><ele>2326.0</ele></trkpt>
      <trkpt lat="49.159080" lon="20.001217"><ele>2326.0</ele></trkpt>
      <trkpt lat="49.159060" lon="20.001220"><ele>2324.0</ele></trkpt>
      <trkpt lat="49.159053" lon="20.001188"><ele>2324.0</ele></trkpt>
      <trkpt lat="49.159026" lon="20.001181"><ele>2323.0</ele></trkpt>
      <trkpt lat="49.159007" lon="20.001191"><ele>2323.0</ele></trkpt>
      <trkpt lat="49.158992" lon="20.001210"><ele>2323.0</ele></trkpt>
      <trkpt lat="49.158975" lon="20.001199"><ele>2323.0</ele></trkpt>
      <trkpt lat="49.158955" lon="20.001202"><ele>2323.0</ele></trkpt>
      <trkpt lat="49.158937" lon="20.001193"><ele>2323.0</ele></trkpt>
      <trkpt lat="49.158917" lon="20.001180"><ele>2323.0</ele></trkpt>
      <trkpt lat="49.158898" lon="20.001173"><ele>2323.0</ele></trkpt>
      <trkpt lat="49.158877" lon="20.001171"><ele>2323.0</ele></trkpt>
      <trkpt lat="49.158855" lon="20.001159"><ele>2323.0</ele></trkpt>
      <trkpt lat="49.158831" lon="20.001152"><ele>2323.0</ele></trkpt>
      <trkpt lat="49.158812" lon="20.001144"><ele>2323.0</ele></trkpt>
      <trkpt lat="49.158793" lon="20.001140"><ele>2323.0</ele></trkpt>
      <trkpt lat="49.158775" lon="20.001128"><ele>2321.0</ele></trkpt>
      <trkpt lat="49.158758" lon="20.001108"><ele>2321.0</ele></trkpt>
      <trkpt lat="49.158742" lon="20.001092"><ele>2320.0</ele></trkpt>
      <trkpt lat="49.158715" lon="20.001069"><ele>2319.0</ele></trkpt>
      <trkpt lat="49.158698" lon="20.001063"><ele>2319.0</ele></trkpt>
      <trkpt lat="49.158679" lon="20.001050"><ele>2318.0</ele></trkpt>
      <trkpt lat="49.158659" lon="20.001042"><ele>2318.0</ele></trkpt>
      <trkpt lat="49.158640" lon="20.001023"><ele>2317.0</ele></trkpt>
      <trkpt lat="49.158622" lon="20.001017"><ele>2317.0</ele></trkpt>
      <trkpt lat="49.158595" lon="20.001019"><ele>2317.0</ele></trkpt>
      <trkpt lat="49.158579" lon="20.000999"><ele>2315.0</ele></trkpt>
      <trkpt lat="49.158567" lon="20.000974"><ele>2315.0</ele></trkpt>
      <trkpt lat="49.158547" lon="20.000948"><ele>2313.0</ele></trkpt>
      <trkpt lat="49.158528" lon="20.000939"><ele>2313.0</ele></trkpt>
      <trkpt lat="49.158511" lon="20.000956"><ele>2312.0</ele></trkpt>
      <trkpt lat="49.158490" lon="20.000944"><ele>2311.0</ele></trkpt>
      <trkpt lat="49.158472" lon="20.000931"><ele>2310.0</ele></trkpt>
      <trkpt lat="49.158465" lon="20.000903"><ele>2310.0</ele></trkpt>
      <trkpt lat="49.158468" lon="20.000876"><ele>2310.0</ele></trkpt>
      <trkpt lat="49.158453" lon="20.000854"><ele>2309.0</ele></trkpt>
      <trkpt lat="49.158436" lon="20.000836"><ele>2308.0</ele></trkpt>
      <trkpt lat="49.158410" lon="20.000837"><ele>2306.0</ele></trkpt>
      <trkpt lat="49.158394" lon="20.000852"><ele>2306.0</ele></trkpt>
      <trkpt lat="49.158371" lon="20.000861"><ele>2306.0</ele></trkpt>
      <trkpt lat="49.158346" lon="20.000863"><ele>2303.0</ele></trkpt>
      <trkpt lat="49.158340" lon="20.000890"><ele>2302.0</ele></trkpt>
      <trkpt lat="49.158321" lon="20.000900"><ele>2303.0</ele></trkpt>
      <trkpt lat="49.158304" lon="20.000885"><ele>2302.0</ele></trkpt>
      <trkpt lat="49.158283" lon="20.000877"><ele>2302.0</ele></trkpt>
      <trkpt lat="49.158266" lon="20.000864"><ele>2301.0</ele></trkpt>
      <trkpt lat="49.158253" lon="20.000845"><ele>2301.0</ele></trkpt>
      <trkpt lat="49.158230" lon="20.000831"><ele>2300.0</ele></trkpt>
      <trkpt lat="49.158211" lon="20.000819"><ele>2300.0</ele></trkpt>
      <trkpt lat="49.158188" lon="20.000808"><ele>2300.0</ele></trkpt>
      <trkpt lat="49.158170" lon="20.000801"><ele>2299.0</ele></trkpt>
      <trkpt lat="49.158146" lon="20.000801"><ele>2298.0</ele></trkpt>
      <trkpt lat="49.158125" lon="20.000798"><ele>2297.0</ele></trkpt>
      <trkpt lat="49.158116" lon="20.000773"><ele>2297.0</ele></trkpt>
      <trkpt lat="49.158105" lon="20.000745"><ele>2296.0</ele></trkpt>
      <trkpt lat="49.158087" lon="20.000717"><ele>2296.0</ele></trkpt>
      <trkpt lat="49.158071" lon="20.000699"><ele>2295.0</ele></trkpt>
      <trkpt lat="49.158052" lon="20.000686"><ele>2295.0</ele></trkpt>
      <trkpt lat="49.158028" lon="20.000680"><ele>2295.0</ele></trkpt>
      <trkpt lat="49.158011" lon="20.000668"><ele>2293.0</ele></trkpt>
      <trkpt lat="49.157990" lon="20.000653"><ele>2293.0</ele></trkpt>
      <trkpt lat="49.157973" lon="20.000642"><ele>2291.0</ele></trkpt>
      <trkpt lat="49.157956" lon="20.000613"><ele>2291.0</ele></trkpt>
      <trkpt lat="49.157938" lon="20.000585"><ele>2290.0</ele></trkpt>
      <trkpt lat="49.157918" lon="20.000563"><ele>2289.0</ele></trkpt>
      <trkpt lat="49.157901" lon="20.000544"><ele>2288.0</ele></trkpt>
      <trkpt lat="49.157882" lon="20.000556"><ele>2287.0</ele></trkpt>
      <trkpt lat="49.157863" lon="20.000568"><ele>2285.0</ele></trkpt>
      <trkpt lat="49.157841" lon="20.000577"><ele>2285.0</ele></trkpt>
      <trkpt lat="49.157818" lon="20.000571"><ele>2284.0</ele></trkpt>
      <trkpt lat="49.157796" lon="20.000554"><ele>2284.0</ele></trkpt>
      <trkpt lat="49.157774" lon="20.000551"><ele>2283.0</ele></trkpt>
      <trkpt lat="49.157755" lon="20.000533"><ele>2282.0</ele></trkpt>
      <trkpt lat="49.157740" lon="20.000511"><ele>2282.0</ele></trkpt>
      <trkpt lat="49.157733" lon="20.000486"><ele>2281.0</ele></trkpt>
      <trkpt lat="49.157713" lon="20.000477"><ele>2280.0</ele></trkpt>
      <trkpt lat="49.157699" lon="20.000446"><ele>2280.0</ele></trkpt>
      <trkpt lat="49.157684" lon="20.000430"><ele>2279.0</ele></trkpt>
      <trkpt lat="49.157669" lon="20.000412"><ele>2278.0</ele></trkpt>
      <trkpt lat="49.157651" lon="20.000399"><ele>2277.0</ele></trkpt>
      <trkpt lat="49.157633" lon="20.000384"><ele>2275.0</ele></trkpt>
      <trkpt lat="49.157625" lon="20.000358"><ele>2274.0</ele></trkpt>
      <trkpt lat="49.157621" lon="20.000329"><ele>2273.0</ele></trkpt>
      <trkpt lat="49.157613" lon="20.000300"><ele>2273.0</ele></trkpt>
      <trkpt lat="49.157611" lon="20.000272"><ele>2273.0</ele></trkpt>
      <trkpt lat="49.157613" lon="20.000240"><ele>2273.0</ele></trkpt>
      <trkpt lat="49.157607" lon="20.000212"><ele>2271.0</ele></trkpt>
      <trkpt lat="49.157590" lon="20.000195"><ele>2270.0</ele></trkpt>
      <trkpt lat="49.157576" lon="20.000174"><ele>2269.0</ele></trkpt>
      <trkpt lat="49.157563" lon="20.000143"><ele>2268.0</ele></trkpt>
      <trkpt lat="49.157546" lon="20.000163"><ele>2268.0</ele></trkpt>
      <trkpt lat="49.157536" lon="20.000137"><ele>2267.0</ele></trkpt>
      <trkpt lat="49.157518" lon="20.000120"><ele>2265.0</ele></trkpt>
      <trkpt lat="49.157504" lon="20.000093"><ele>2263.0</ele></trkpt>
      <trkpt lat="49.157491" lon="20.000070"><ele>2261.0</ele></trkpt>
      <trkpt lat="49.157480" lon="20.000044"><ele>2261.0</ele></trkpt>
      <trkpt lat="49.157464" lon="20.000023"><ele>2260.0</ele></trkpt>
      <trkpt lat="49.157439" lon="20.000016"><ele>2259.0</ele></trkpt>
      <trkpt lat="49.157425" lon="19.999997"><ele>2258.0</ele></trkpt>
      <trkpt lat="49.157406" lon="19.999989"><ele>2258.0</ele></trkpt>
      <trkpt lat="49.157381" lon="19.999984"><ele>2256.0</ele></trkpt>
      <trkpt lat="49.157362" lon="19.999984"><ele>2255.0</ele></trkpt>
      <trkpt lat="49.157346" lon="20.000001"><ele>2254.0</ele></trkpt>
      <trkpt lat="49.157326" lon="20.000021"><ele>2253.0</ele></trkpt>
      <trkpt lat="49.157309" lon="20.000032"><ele>2253.0</ele></trkpt>
      <trkpt lat="49.157300" lon="20.000005"><ele>2252.0</ele></trkpt>
      <trkpt lat="49.157278" lon="20.000016"><ele>2249.0</ele></trkpt>
      <trkpt lat="49.157252" lon="20.000017"><ele>2248.0</ele></trkpt>
      <trkpt lat="49.157241" lon="19.999993"><ele>2246.0</ele></trkpt>
      <trkpt lat="49.157220" lon="19.999997"><ele>2246.0</ele></trkpt>
      <trkpt lat="49.157199" lon="19.999984"><ele>2245.0</ele></trkpt>
      <trkpt lat="49.157192" lon="19.999951"><ele>2244.0</ele></trkpt>
      <trkpt lat="49.157186" lon="19.999924"><ele>2243.0</ele></trkpt>
      <trkpt lat="49.157184" lon="19.999894"><ele>2243.0</ele></trkpt>
      <trkpt lat="49.157190" lon="19.999861"><ele>2243.0</ele></trkpt>
      <trkpt lat="49.157180" lon="19.999832"><ele>2242.0</ele></trkpt>
      <trkpt lat="49.157193" lon="19.999851"><ele>2240.0</ele></trkpt>
      <trkpt lat="49.157172" lon="19.999836"><ele>2240.0</ele></trkpt>
      <trkpt lat="49.157167" lon="19.999800"><ele>2239.0</ele></trkpt>
      <trkpt lat="49.157167" lon="19.999772"><ele>2239.0</ele></trkpt>
      <trkpt lat="49.157167" lon="19.999736"><ele>2239.0</ele></trkpt>
      <trkpt lat="49.157169" lon="19.999695"><ele>2238.0</ele></trkpt>
      <trkpt lat="49.157176" lon="19.999667"><ele>2238.0</ele></trkpt>
      <trkpt lat="49.157180" lon="19.999636"><ele>2237.0</ele></trkpt>
      <trkpt lat="49.157174" lon="19.999609"><ele>2235.0</ele></trkpt>
      <trkpt lat="49.157158" lon="19.999593"><ele>2235.0</ele></trkpt>
      <trkpt lat="49.157163" lon="19.999564"><ele>2234.0</ele></trkpt>
      <trkpt lat="49.157149" lon="19.999538"><ele>2233.0</ele></trkpt>
      <trkpt lat="49.157134" lon="19.999517"><ele>2232.0</ele></trkpt>
      <trkpt lat="49.157116" lon="19.999504"><ele>2232.0</ele></trkpt>
      <trkpt lat="49.157100" lon="19.999492"><ele>2231.0</ele></trkpt>
      <trkpt lat="49.157081" lon="19.999475"><ele>2230.0</ele></trkpt>
      <trkpt lat="49.157069" lon="19.999450"><ele>2228.0</ele></trkpt>
      <trkpt lat="49.157049" lon="19.999437"><ele>2226.0</ele></trkpt>
      <trkpt lat="49.157037" lon="19.999403"><ele>2225.0</ele></trkpt>
      <trkpt lat="49.157045" lon="19.999377"><ele>2225.0</ele></trkpt>
      <trkpt lat="49.157036" lon="19.999353"><ele>2223.0</ele></trkpt>
      <trkpt lat="49.157017" lon="19.999335"><ele>2223.0</ele></trkpt>
      <trkpt lat="49.157003" lon="19.999314"><ele>2222.0</ele></trkpt>
      <trkpt lat="49.156986" lon="19.999289"><ele>2222.0</ele></trkpt>
      <trkpt lat="49.156982" lon="19.999258"><ele>2221.0</ele></trkpt>
      <trkpt lat="49.156967" lon="19.999239"><ele>2220.0</ele></trkpt>
      <trkpt lat="49.156959" lon="19.999214"><ele>2220.0</ele></trkpt>
      <trkpt lat="49.156940" lon="19.999206"><ele>2219.0</ele></trkpt>
      <trkpt lat="49.156930" lon="19.999182"><ele>2218.0</ele></trkpt>
      <trkpt lat="49.156938" lon="19.999152"><ele>2218.0</ele></trkpt>
      <trkpt lat="49.156924" lon="19.999122"><ele>2217.0</ele></trkpt>
      <trkpt lat="49.156902" lon="19.999116"><ele>2215.0</ele></trkpt>
      <trkpt lat="49.156907" lon="19.999088"><ele>2214.0</ele></trkpt>
      <trkpt lat="49.156903" lon="19.999058"><ele>2214.0</ele></trkpt>
      <trkpt lat="49.156895" lon="19.999026"><ele>2214.0</ele></trkpt>
      <trkpt lat="49.156881" lon="19.998999"><ele>2212.0</ele></trkpt>
      <trkpt lat="49.156856" lon="19.998994"><ele>2211.0</ele></trkpt>
      <trkpt lat="49.156832" lon="19.998988"><ele>2210.0</ele></trkpt>
      <trkpt lat="49.156812" lon="19.998974"><ele>2208.0</ele></trkpt>
      <trkpt lat="49.156799" lon="19.998945"><ele>2208.0</ele></trkpt>
      <trkpt lat="49.156787" lon="19.998915"><ele>2208.0</ele></trkpt>
      <trkpt lat="49.156779" lon="19.998890"><ele>2208.0</ele></trkpt>
      <trkpt lat="49.156774" lon="19.998858"><ele>2208.0</ele></trkpt>
      <trkpt lat="49.156769" lon="19.998825"><ele>2207.0</ele></trkpt>
      <trkpt lat="49.156750" lon="19.998811"><ele>2207.0</ele></trkpt>
      <trkpt lat="49.156766" lon="19.998793"><ele>2206.0</ele></trkpt>
      <trkpt lat="49.156757" lon="19.998768"><ele>2206.0</ele></trkpt>
      <trkpt lat="49.156757" lon="19.998736"><ele>2204.0</ele></trkpt>
      <trkpt lat="49.156742" lon="19.998720"><ele>2201.0</ele></trkpt>
      <trkpt lat="49.156731" lon="19.998693"><ele>2200.0</ele></trkpt>
      <trkpt lat="49.156708" lon="19.998674"><ele>2200.0</ele></trkpt>
      <trkpt lat="49.156694" lon="19.998654"><ele>2200.0</ele></trkpt>
      <trkpt lat="49.156695" lon="19.998625"><ele>2200.0</ele></trkpt>
      <trkpt lat="49.156681" lon="19.998600"><ele>2198.0</ele></trkpt>
      <trkpt lat="49.156665" lon="19.998586"><ele>2198.0</ele></trkpt>
      <trkpt lat="49.156644" lon="19.998571"><ele>2197.0</ele></trkpt>
      <trkpt lat="49.156625" lon="19.998548"><ele>2196.0</ele></trkpt>
      <trkpt lat="49.156613" lon="19.998523"><ele>2195.0</ele></trkpt>
      <trkpt lat="49.156592" lon="19.998505"><ele>2194.0</ele></trkpt>
      <trkpt lat="49.156569" lon="19.998486"><ele>2193.0</ele></trkpt>
      <trkpt lat="49.156554" lon="19.998466"><ele>2193.0</ele></trkpt>
      <trkpt lat="49.156559" lon="19.998438"><ele>2193.0</ele></trkpt>
      <trkpt lat="49.156580" lon="19.998432"><ele>2192.0</ele></trkpt>
      <trkpt lat="49.156600" lon="19.998431"><ele>2190.0</ele></trkpt>
      <trkpt lat="49.156621" lon="19.998424"><ele>2191.0</ele></trkpt>
      <trkpt lat="49.156643" lon="19.998426"><ele>2190.0</ele></trkpt>
      <trkpt lat="49.156661" lon="19.998426"><ele>2188.0</ele></trkpt>
      <trkpt lat="49.156693" lon="19.998427"><ele>2189.0</ele></trkpt>
      <trkpt lat="49.156718" lon="19.998424"><ele>2187.0</ele></trkpt>
      <trkpt lat="49.156734" lon="19.998438"><ele>2188.0</ele></trkpt>
      <trkpt lat="49.156754" lon="19.998445"><ele>2188.0</ele></trkpt>
      <trkpt lat="49.156774" lon="19.998449"><ele>2186.0</ele></trkpt>
      <trkpt lat="49.156799" lon="19.998466"><ele>2187.0</ele></trkpt>
      <trkpt lat="49.156820" lon="19.998483"><ele>2186.0</ele></trkpt>
      <trkpt lat="49.156841" lon="19.998494"><ele>2185.0</ele></trkpt>
      <trkpt lat="49.156869" lon="19.998497"><ele>2185.0</ele></trkpt>
      <trkpt lat="49.156892" lon="19.998498"><ele>2185.0</ele></trkpt>
      <trkpt lat="49.156914" lon="19.998495"><ele>2184.0</ele></trkpt>
      <trkpt lat="49.156929" lon="19.998474"><ele>2183.0</ele></trkpt>
      <trkpt lat="49.156947" lon="19.998466"><ele>2182.0</ele></trkpt>
      <trkpt lat="49.156966" lon="19.998459"><ele>2182.0</ele></trkpt>
      <trkpt lat="49.156985" lon="19.998454"><ele>2180.0</ele></trkpt>
      <trkpt lat="49.157003" lon="19.998461"><ele>2180.0</ele></trkpt>
      <trkpt lat="49.157021" lon="19.998470"><ele>2179.0</ele></trkpt>
      <trkpt lat="49.157031" lon="19.998445"><ele>2178.0</ele></trkpt>
      <trkpt lat="49.157050" lon="19.998435"><ele>2177.0</ele></trkpt>
      <trkpt lat="49.157071" lon="19.998444"><ele>2176.0</ele></trkpt>
      <trkpt lat="49.157087" lon="19.998428"><ele>2176.0</ele></trkpt>
      <trkpt lat="49.157088" lon="19.998394"><ele>2174.0</ele></trkpt>
      <trkpt lat="49.157076" lon="19.998370"><ele>2173.0</ele></trkpt>
      <trkpt lat="49.157090" lon="19.998350"><ele>2172.0</ele></trkpt>
      <trkpt lat="49.157105" lon="19.998363"><ele>2172.0</ele></trkpt>
      <trkpt lat="49.157110" lon="19.998329"><ele>2171.0</ele></trkpt>
      <trkpt lat="49.157089" lon="19.998323"><ele>2169.0</ele></trkpt>
      <trkpt lat="49.157095" lon="19.998291"><ele>2168.0</ele></trkpt>
      <trkpt lat="49.157115" lon="19.998276"><ele>2168.0</ele></trkpt>
      <trkpt lat="49.157133" lon="19.998264"><ele>2166.0</ele></trkpt>
      <trkpt lat="49.157127" lon="19.998238"><ele>2164.0</ele></trkpt>
      <trkpt lat="49.157145" lon="19.998226"><ele>2164.0</ele></trkpt>
      <trkpt lat="49.157160" lon="19.998242"><ele>2164.0</ele></trkpt>
      <trkpt lat="49.157178" lon="19.998260"><ele>2162.0</ele></trkpt>
      <trkpt lat="49.157193" lon="19.998275"><ele>2161.0</ele></trkpt>
      <trkpt lat="49.157187" lon="19.998302"><ele>2161.0</ele></trkpt>
      <trkpt lat="49.157203" lon="19.998320"><ele>2163.0</ele></trkpt>
      <trkpt lat="49.157185" lon="19.998316"><ele>2163.0</ele></trkpt>
      <trkpt lat="49.157205" lon="19.998306"><ele>2160.0</ele></trkpt>
      <trkpt lat="49.157219" lon="19.998281"><ele>2158.0</ele></trkpt>
      <trkpt lat="49.157235" lon="19.998264"><ele>2157.0</ele></trkpt>
      <trkpt lat="49.157257" lon="19.998252"><ele>2157.0</ele></trkpt>
      <trkpt lat="49.157272" lon="19.998236"><ele>2155.0</ele></trkpt>
      <trkpt lat="49.157288" lon="19.998203"><ele>2155.0</ele></trkpt>
      <trkpt lat="49.157307" lon="19.998190"><ele>2154.0</ele></trkpt>
      <trkpt lat="49.157329" lon="19.998173"><ele>2154.0</ele></trkpt>
      <trkpt lat="49.157351" lon="19.998153"><ele>2152.0</ele></trkpt>
      <trkpt lat="49.157370" lon="19.998148"><ele>2151.0</ele></trkpt>
      <trkpt lat="49.157389" lon="19.998157"><ele>2150.0</ele></trkpt>
      <trkpt lat="49.157404" lon="19.998129"><ele>2150.0</ele></trkpt>
      <trkpt lat="49.157425" lon="19.998117"><ele>2150.0</ele></trkpt>
      <trkpt lat="49.157443" lon="19.998112"><ele>2147.0</ele></trkpt>
      <trkpt lat="49.157424" lon="19.998106"><ele>2146.0</ele></trkpt>
      <trkpt lat="49.157426" lon="19.998075"><ele>2145.0</ele></trkpt>
      <trkpt lat="49.157414" lon="19.998049"><ele>2143.0</ele></trkpt>
      <trkpt lat="49.157427" lon="19.998022"><ele>2142.0</ele></trkpt>
      <trkpt lat="49.157443" lon="19.998005"><ele>2142.0</ele></trkpt>
      <trkpt lat="49.157464" lon="19.998013"><ele>2141.0</ele></trkpt>
      <trkpt lat="49.157481" lon="19.997988"><ele>2140.0</ele></trkpt>
      <trkpt lat="49.157504" lon="19.997978"><ele>2139.0</ele></trkpt>
      <trkpt lat="49.157523" lon="19.997979"><ele>2139.0</ele></trkpt>
      <trkpt lat="49.157545" lon="19.997978"><ele>2139.0</ele></trkpt>
      <trkpt lat="49.157561" lon="19.997960"><ele>2138.0</ele></trkpt>
      <trkpt lat="49.157581" lon="19.997952"><ele>2137.0</ele></trkpt>
      <trkpt lat="49.157602" lon="19.997942"><ele>2137.0</ele></trkpt>
      <trkpt lat="49.157621" lon="19.997939"><ele>2136.0</ele></trkpt>
      <trkpt lat="49.157645" lon="19.997913"><ele>2136.0</ele></trkpt>
      <trkpt lat="49.157664" lon="19.997898"><ele>2135.0</ele></trkpt>
      <trkpt lat="49.157684" lon="19.997894"><ele>2135.0</ele></trkpt>
      <trkpt lat="49.157666" lon="19.997881"><ele>2133.0</ele></trkpt>
      <trkpt lat="49.157658" lon="19.997853"><ele>2131.0</ele></trkpt>
      <trkpt lat="49.157639" lon="19.997835"><ele>2131.0</ele></trkpt>
      <trkpt lat="49.157616" lon="19.997818"><ele>2130.0</ele></trkpt>
      <trkpt lat="49.157600" lon="19.997803"><ele>2129.0</ele></trkpt>
      <trkpt lat="49.157579" lon="19.997791"><ele>2129.0</ele></trkpt>
      <trkpt lat="49.157553" lon="19.997777"><ele>2128.0</ele></trkpt>
      <trkpt lat="49.157554" lon="19.997750"><ele>2126.0</ele></trkpt>
      <trkpt lat="49.157550" lon="19.997722"><ele>2125.0</ele></trkpt>
      <trkpt lat="49.157533" lon="19.997700"><ele>2125.0</ele></trkpt>
      <trkpt lat="49.157512" lon="19.997678"><ele>2124.0</ele></trkpt>
      <trkpt lat="49.157489" lon="19.997676"><ele>2124.0</ele></trkpt>
      <trkpt lat="49.157465" lon="19.997666"><ele>2124.0</ele></trkpt>
      <trkpt lat="49.157446" lon="19.997650"><ele>2123.0</ele></trkpt>
      <trkpt lat="49.157431" lon="19.997629"><ele>2121.0</ele></trkpt>
      <trkpt lat="49.157443" lon="19.997650"><ele>2121.0</ele></trkpt>
      <trkpt lat="49.157427" lon="19.997635"><ele>2120.0</ele></trkpt>
      <trkpt lat="49.157411" lon="19.997613"><ele>2118.0</ele></trkpt>
      <trkpt lat="49.157394" lon="19.997591"><ele>2118.0</ele></trkpt>
      <trkpt lat="49.157381" lon="19.997563"><ele>2115.0</ele></trkpt>
      <trkpt lat="49.157358" lon="19.997544"><ele>2115.0</ele></trkpt>
      <trkpt lat="49.157334" lon="19.997530"><ele>2114.0</ele></trkpt>
      <trkpt lat="49.157310" lon="19.997516"><ele>2114.0</ele></trkpt>
      <trkpt lat="49.157286" lon="19.997508"><ele>2114.0</ele></trkpt>
      <trkpt lat="49.157259" lon="19.997492"><ele>2114.0</ele></trkpt>
      <trkpt lat="49.157236" lon="19.997484"><ele>2114.0</ele></trkpt>
      <trkpt lat="49.157217" lon="19.997486"><ele>2113.0</ele></trkpt>
      <trkpt lat="49.157205" lon="19.997463"><ele>2113.0</ele></trkpt>
      <trkpt lat="49.157195" lon="19.997435"><ele>2113.0</ele></trkpt>
      <trkpt lat="49.157163" lon="19.997419"><ele>2111.0</ele></trkpt>
      <trkpt lat="49.157140" lon="19.997403"><ele>2111.0</ele></trkpt>
      <trkpt lat="49.157124" lon="19.997389"><ele>2110.0</ele></trkpt>
      <trkpt lat="49.157125" lon="19.997361"><ele>2110.0</ele></trkpt>
      <trkpt lat="49.157108" lon="19.997351"><ele>2109.0</ele></trkpt>
      <trkpt lat="49.157097" lon="19.997328"><ele>2108.0</ele></trkpt>
      <trkpt lat="49.157113" lon="19.997315"><ele>2108.0</ele></trkpt>
      <trkpt lat="49.157113" lon="19.997283"><ele>2107.0</ele></trkpt>
      <trkpt lat="49.157104" lon="19.997258"><ele>2107.0</ele></trkpt>
      <trkpt lat="49.157082" lon="19.997251"><ele>2106.0</ele></trkpt>
      <trkpt lat="49.157059" lon="19.997243"><ele>2106.0</ele></trkpt>
      <trkpt lat="49.157041" lon="19.997219"><ele>2105.0</ele></trkpt>
      <trkpt lat="49.157034" lon="19.997192"><ele>2105.0</ele></trkpt>
      <trkpt lat="49.157014" lon="19.997174"><ele>2103.0</ele></trkpt>
      <trkpt lat="49.157014" lon="19.997144"><ele>2102.0</ele></trkpt>
      <trkpt lat="49.156997" lon="19.997121"><ele>2101.0</ele></trkpt>
      <trkpt lat="49.157002" lon="19.997094"><ele>2100.0</ele></trkpt>
      <trkpt lat="49.156987" lon="19.997072"><ele>2099.0</ele></trkpt>
      <trkpt lat="49.156978" lon="19.997047"><ele>2099.0</ele></trkpt>
      <trkpt lat="49.156953" lon="19.997018"><ele>2098.0</ele></trkpt>
      <trkpt lat="49.156932" lon="19.996995"><ele>2098.0</ele></trkpt>
      <trkpt lat="49.156916" lon="19.996965"><ele>2097.0</ele></trkpt>
      <trkpt lat="49.156897" lon="19.996943"><ele>2096.0</ele></trkpt>
      <trkpt lat="49.156911" lon="19.996922"><ele>2095.0</ele></trkpt>
      <trkpt lat="49.156914" lon="19.996894"><ele>2095.0</ele></trkpt>
      <trkpt lat="49.156895" lon="19.996884"><ele>2095.0</ele></trkpt>
      <trkpt lat="49.156875" lon="19.996871"><ele>2093.0</ele></trkpt>
      <trkpt lat="49.156852" lon="19.996870"><ele>2093.0</ele></trkpt>
      <trkpt lat="49.156842" lon="19.996846"><ele>2091.0</ele></trkpt>
      <trkpt lat="49.156858" lon="19.996830"><ele>2091.0</ele></trkpt>
      <trkpt lat="49.156839" lon="19.996804"><ele>2089.0</ele></trkpt>
      <trkpt lat="49.156815" lon="19.996781"><ele>2089.0</ele></trkpt>
      <trkpt lat="49.156792" lon="19.996756"><ele>2088.0</ele></trkpt>
      <trkpt lat="49.156784" lon="19.996729"><ele>2087.0</ele></trkpt>
      <trkpt lat="49.156766" lon="19.996716"><ele>2087.0</ele></trkpt>
      <trkpt lat="49.156751" lon="19.996702"><ele>2086.0</ele></trkpt>
      <trkpt lat="49.156736" lon="19.996688"><ele>2086.0</ele></trkpt>
      <trkpt lat="49.156730" lon="19.996651"><ele>2086.0</ele></trkpt>
      <trkpt lat="49.156721" lon="19.996618"><ele>2085.0</ele></trkpt>
      <trkpt lat="49.156687" lon="19.996597"><ele>2084.0</ele></trkpt>
      <trkpt lat="49.156670" lon="19.996583"><ele>2084.0</ele></trkpt>
      <trkpt lat="49.156653" lon="19.996556"><ele>2083.0</ele></trkpt>
      <trkpt lat="49.156645" lon="19.996530"><ele>2083.0</ele></trkpt>
      <trkpt lat="49.156628" lon="19.996512"><ele>2082.0</ele></trkpt>
      <trkpt lat="49.156601" lon="19.996493"><ele>2082.0</ele></trkpt>
      <trkpt lat="49.156581" lon="19.996480"><ele>2082.0</ele></trkpt>
      <trkpt lat="49.156566" lon="19.996454"><ele>2081.0</ele></trkpt>
      <trkpt lat="49.156555" lon="19.996431"><ele>2081.0</ele></trkpt>
      <trkpt lat="49.156546" lon="19.996400"><ele>2081.0</ele></trkpt>
      <trkpt lat="49.156525" lon="19.996388"><ele>2081.0</ele></trkpt>
      <trkpt lat="49.156507" lon="19.996372"><ele>2081.0</ele></trkpt>
      <trkpt lat="49.156492" lon="19.996352"><ele>2082.0</ele></trkpt>
      <trkpt lat="49.156470" lon="19.996331"><ele>2082.0</ele></trkpt>
      <trkpt lat="49.156453" lon="19.996306"><ele>2082.0</ele></trkpt>
      <trkpt lat="49.156444" lon="19.996282"><ele>2082.0</ele></trkpt>
      <trkpt lat="49.156421" lon="19.996261"><ele>2082.0</ele></trkpt>
      <trkpt lat="49.156407" lon="19.996234"><ele>2081.0</ele></trkpt>
      <trkpt lat="49.156399" lon="19.996206"><ele>2080.0</ele></trkpt>
      <trkpt lat="49.156384" lon="19.996191"><ele>2079.0</ele></trkpt>
      <trkpt lat="49.156368" lon="19.996168"><ele>2080.0</ele></trkpt>
      <trkpt lat="49.156356" lon="19.996136"><ele>2080.0</ele></trkpt>
      <trkpt lat="49.156330" lon="19.996113"><ele>2079.0</ele></trkpt>
      <trkpt lat="49.156320" lon="19.996089"><ele>2079.0</ele></trkpt>
      <trkpt lat="49.156304" lon="19.996067"><ele>2079.0</ele></trkpt>
      <trkpt lat="49.156283" lon="19.996043"><ele>2078.0</ele></trkpt>
      <trkpt lat="49.156263" lon="19.996017"><ele>2078.0</ele></trkpt>
      <trkpt lat="49.156238" lon="19.995981"><ele>2078.0</ele></trkpt>
      <trkpt lat="49.156223" lon="19.995952"><ele>2078.0</ele></trkpt>
      <trkpt lat="49.156211" lon="19.995927"><ele>2077.0</ele></trkpt>
      <trkpt lat="49.156197" lon="19.995895"><ele>2077.0</ele></trkpt>
      <trkpt lat="49.156184" lon="19.995864"><ele>2077.0</ele></trkpt>
      <trkpt lat="49.156175" lon="19.995830"><ele>2076.0</ele></trkpt>
      <trkpt lat="49.156169" lon="19.995799"><ele>2075.0</ele></trkpt>
      <trkpt lat="49.156159" lon="19.995771"><ele>2075.0</ele></trkpt>
      <trkpt lat="49.156164" lon="19.995742"><ele>2074.0</ele></trkpt>
      <trkpt lat="49.156137" lon="19.995706"><ele>2073.0</ele></trkpt>
      <trkpt lat="49.156126" lon="19.995676"><ele>2072.0</ele></trkpt>
      <trkpt lat="49.156120" lon="19.995649"><ele>2071.0</ele></trkpt>
      <trkpt lat="49.156117" lon="19.995622"><ele>2071.0</ele></trkpt>
      <trkpt lat="49.156101" lon="19.995605"><ele>2070.0</ele></trkpt>
      <trkpt lat="49.156089" lon="19.995577"><ele>2069.0</ele></trkpt>
      <trkpt lat="49.156091" lon="19.995547"><ele>2068.0</ele></trkpt>
      <trkpt lat="49.156077" lon="19.995523"><ele>2067.0</ele></trkpt>
      <trkpt lat="49.156086" lon="19.995492"><ele>2067.0</ele></trkpt>
      <trkpt lat="49.156072" lon="19.995469"><ele>2066.0</ele></trkpt>
      <trkpt lat="49.156058" lon="19.995443"><ele>2063.0</ele></trkpt>
      <trkpt lat="49.156056" lon="19.995409"><ele>2063.0</ele></trkpt>
      <trkpt lat="49.156062" lon="19.995375"><ele>2062.0</ele></trkpt>
      <trkpt lat="49.156055" lon="19.995343"><ele>2061.0</ele></trkpt>
      <trkpt lat="49.156048" lon="19.995313"><ele>2060.0</ele></trkpt>
      <trkpt lat="49.156031" lon="19.995287"><ele>2059.0</ele></trkpt>
      <trkpt lat="49.156018" lon="19.995258"><ele>2058.0</ele></trkpt>
      <trkpt lat="49.156010" lon="19.995223"><ele>2058.0</ele></trkpt>
      <trkpt lat="49.156005" lon="19.995196"><ele>2057.0</ele></trkpt>
      <trkpt lat="49.155993" lon="19.995169"><ele>2055.0</ele></trkpt>
      <trkpt lat="49.155980" lon="19.995148"><ele>2054.0</ele></trkpt>
      <trkpt lat="49.155994" lon="19.995125"><ele>2054.0</ele></trkpt>
      <trkpt lat="49.156001" lon="19.995093"><ele>2052.0</ele></trkpt>
      <trkpt lat="49.155998" lon="19.995058"><ele>2052.0</ele></trkpt>
      <trkpt lat="49.155986" lon="19.995032"><ele>2051.0</ele></trkpt>
      <trkpt lat="49.155975" lon="19.995010"><ele>2050.0</ele></trkpt>
      <trkpt lat="49.155961" lon="19.994987"><ele>2049.0</ele></trkpt>
      <trkpt lat="49.155943" lon="19.994967"><ele>2049.0</ele></trkpt>
      <trkpt lat="49.155924" lon="19.994960"><ele>2048.0</ele></trkpt>
      <trkpt lat="49.155911" lon="19.994939"><ele>2048.0</ele></trkpt>
      <trkpt lat="49.155909" lon="19.994910"><ele>2048.0</ele></trkpt>
      <trkpt lat="49.155887" lon="19.994894"><ele>2047.0</ele></trkpt>
      <trkpt lat="49.155871" lon="19.994869"><ele>2047.0</ele></trkpt>
      <trkpt lat="49.155873" lon="19.994837"><ele>2046.0</ele></trkpt>
      <trkpt lat="49.155857" lon="19.994817"><ele>2045.0</ele></trkpt>
      <trkpt lat="49.155860" lon="19.994787"><ele>2045.0</ele></trkpt>
      <trkpt lat="49.155881" lon="19.994777"><ele>2044.0</ele></trkpt>
      <trkpt lat="49.155891" lon="19.994741"><ele>2044.0</ele></trkpt>
      <trkpt lat="49.155884" lon="19.994710"><ele>2043.0</ele></trkpt>
      <trkpt lat="49.155864" lon="19.994677"><ele>2042.0</ele></trkpt>
      <trkpt lat="49.155847" lon="19.994662"><ele>2041.0</ele></trkpt>
      <trkpt lat="49.155831" lon="19.994646"><ele>2041.0</ele></trkpt>
      <trkpt lat="49.155813" lon="19.994634"><ele>2040.0</ele></trkpt>
      <trkpt lat="49.155805" lon="19.994607"><ele>2039.0</ele></trkpt>
      <trkpt lat="49.155793" lon="19.994582"><ele>2039.0</ele></trkpt>
      <trkpt lat="49.155781" lon="19.994563"><ele>2038.0</ele></trkpt>
      <trkpt lat="49.155762" lon="19.994539"><ele>2037.0</ele></trkpt>
      <trkpt lat="49.155743" lon="19.994520"><ele>2037.0</ele></trkpt>
      <trkpt lat="49.155731" lon="19.994491"><ele>2036.0</ele></trkpt>
      <trkpt lat="49.155729" lon="19.994462"><ele>2036.0</ele></trkpt>
      <trkpt lat="49.155735" lon="19.994429"><ele>2035.0</ele></trkpt>
      <trkpt lat="49.155742" lon="19.994396"><ele>2033.0</ele></trkpt>
      <trkpt lat="49.155743" lon="19.994365"><ele>2033.0</ele></trkpt>
      <trkpt lat="49.155728" lon="19.994345"><ele>2032.0</ele></trkpt>
      <trkpt lat="49.155722" lon="19.994317"><ele>2031.0</ele></trkpt>
      <trkpt lat="49.155701" lon="19.994297"><ele>2030.0</ele></trkpt>
      <trkpt lat="49.155682" lon="19.994278"><ele>2030.0</ele></trkpt>
      <trkpt lat="49.155669" lon="19.994246"><ele>2030.0</ele></trkpt>
      <trkpt lat="49.155658" lon="19.994216"><ele>2029.0</ele></trkpt>
      <trkpt lat="49.155640" lon="19.994195"><ele>2028.0</ele></trkpt>
      <trkpt lat="49.155626" lon="19.994164"><ele>2028.0</ele></trkpt>
      <trkpt lat="49.155615" lon="19.994141"><ele>2028.0</ele></trkpt>
      <trkpt lat="49.155599" lon="19.994124"><ele>2027.0</ele></trkpt>
      <trkpt lat="49.155584" lon="19.994108"><ele>2027.0</ele></trkpt>
      <trkpt lat="49.155564" lon="19.994100"><ele>2027.0</ele></trkpt>
      <trkpt lat="49.155541" lon="19.994090"><ele>2027.0</ele></trkpt>
      <trkpt lat="49.155517" lon="19.994097"><ele>2026.0</ele></trkpt>
      <trkpt lat="49.155493" lon="19.994105"><ele>2026.0</ele></trkpt>
      <trkpt lat="49.155473" lon="19.994106"><ele>2026.0</ele></trkpt>
      <trkpt lat="49.155450" lon="19.994101"><ele>2026.0</ele></trkpt>
      <trkpt lat="49.155426" lon="19.994097"><ele>2025.0</ele></trkpt>
      <trkpt lat="49.155403" lon="19.994101"><ele>2025.0</ele></trkpt>
      <trkpt lat="49.155384" lon="19.994102"><ele>2025.0</ele></trkpt>
      <trkpt lat="49.155361" lon="19.994114"><ele>2026.0</ele></trkpt>
      <trkpt lat="49.155341" lon="19.994122"><ele>2026.0</ele></trkpt>
      <trkpt lat="49.155322" lon="19.994128"><ele>2026.0</ele></trkpt>
      <trkpt lat="49.155302" lon="19.994134"><ele>2026.0</ele></trkpt>
      <trkpt lat="49.155282" lon="19.994131"><ele>2026.0</ele></trkpt>
      <trkpt lat="49.155262" lon="19.994129"><ele>2026.0</ele></trkpt>
      <trkpt lat="49.155240" lon="19.994131"><ele>2025.0</ele></trkpt>
      <trkpt lat="49.155221" lon="19.994138"><ele>2025.0</ele></trkpt>
      <trkpt lat="49.155203" lon="19.994153"><ele>2025.0</ele></trkpt>
      <trkpt lat="49.155184" lon="19.994172"><ele>2025.0</ele></trkpt>
      <trkpt lat="49.155154" lon="19.994171"><ele>2026.0</ele></trkpt>
      <trkpt lat="49.155135" lon="19.994178"><ele>2026.0</ele></trkpt>
      <trkpt lat="49.155115" lon="19.994190"><ele>2027.0</ele></trkpt>
      <trkpt lat="49.155093" lon="19.994201"><ele>2027.0</ele></trkpt>
      <trkpt lat="49.155081" lon="19.994230"><ele>2027.0</ele></trkpt>
      <trkpt lat="49.155066" lon="19.994250"><ele>2028.0</ele></trkpt>
      <trkpt lat="49.155055" lon="19.994276"><ele>2028.0</ele></trkpt>
      <trkpt lat="49.155031" lon="19.994279"><ele>2029.0</ele></trkpt>
      <trkpt lat="49.155012" lon="19.994284"><ele>2029.0</ele></trkpt>
      <trkpt lat="49.154989" lon="19.994280"><ele>2029.0</ele></trkpt>
      <trkpt lat="49.154970" lon="19.994269"><ele>2028.0</ele></trkpt>
      <trkpt lat="49.154953" lon="19.994257"><ele>2028.0</ele></trkpt>
      <trkpt lat="49.154932" lon="19.994249"><ele>2027.0</ele></trkpt>
      <trkpt lat="49.154914" lon="19.994232"><ele>2027.0</ele></trkpt>
      <trkpt lat="49.154894" lon="19.994231"><ele>2027.0</ele></trkpt>
      <trkpt lat="49.154872" lon="19.994221"><ele>2026.0</ele></trkpt>
      <trkpt lat="49.154852" lon="19.994209"><ele>2026.0</ele></trkpt>
      <trkpt lat="49.154830" lon="19.994198"><ele>2025.0</ele></trkpt>
      <trkpt lat="49.154808" lon="19.994196"><ele>2025.0</ele></trkpt>
      <trkpt lat="49.154783" lon="19.994195"><ele>2023.0</ele></trkpt>
      <trkpt lat="49.154758" lon="19.994201"><ele>2023.0</ele></trkpt>
      <trkpt lat="49.154738" lon="19.994204"><ele>2023.0</ele></trkpt>
      <trkpt lat="49.154713" lon="19.994199"><ele>2023.0</ele></trkpt>
      <trkpt lat="49.154695" lon="19.994190"><ele>2022.0</ele></trkpt>
      <trkpt lat="49.154673" lon="19.994185"><ele>2020.0</ele></trkpt>
      <trkpt lat="49.154654" lon="19.994170"><ele>2020.0</ele></trkpt>
      <trkpt lat="49.154636" lon="19.994162"><ele>2020.0</ele></trkpt>
      <trkpt lat="49.154615" lon="19.994178"><ele>2018.0</ele></trkpt>
      <trkpt lat="49.154597" lon="19.994189"><ele>2018.0</ele></trkpt>
      <trkpt lat="49.154580" lon="19.994197"><ele>2018.0</ele></trkpt>
      <trkpt lat="49.154559" lon="19.994201"><ele>2017.0</ele></trkpt>
      <trkpt lat="49.154542" lon="19.994210"><ele>2017.0</ele></trkpt>
      <trkpt lat="49.154525" lon="19.994224"><ele>2016.0</ele></trkpt>
      <trkpt lat="49.154513" lon="19.994248"><ele>2016.0</ele></trkpt>
      <trkpt lat="49.154493" lon="19.994260"><ele>2016.0</ele></trkpt>
      <trkpt lat="49.154472" lon="19.994267"><ele>2015.0</ele></trkpt>
      <trkpt lat="49.154449" lon="19.994273"><ele>2015.0</ele></trkpt>
      <trkpt lat="49.154429" lon="19.994266"><ele>2014.0</ele></trkpt>
      <trkpt lat="49.154409" lon="19.994283"><ele>2013.0</ele></trkpt>
      <trkpt lat="49.154390" lon="19.994292"><ele>2013.0</ele></trkpt>
      <trkpt lat="49.154367" lon="19.994298"><ele>2013.0</ele></trkpt>
      <trkpt lat="49.154347" lon="19.994307"><ele>2013.0</ele></trkpt>
      <trkpt lat="49.154330" lon="19.994320"><ele>2012.0</ele></trkpt>
      <trkpt lat="49.154306" lon="19.994339"><ele>2011.0</ele></trkpt>
      <trkpt lat="49.154285" lon="19.994362"><ele>2011.0</ele></trkpt>
      <trkpt lat="49.154259" lon="19.994389"><ele>2011.0</ele></trkpt>
      <trkpt lat="49.154237" lon="19.994417"><ele>2011.0</ele></trkpt>
      <trkpt lat="49.154218" lon="19.994447"><ele>2011.0</ele></trkpt>
      <trkpt lat="49.154200" lon="19.994465"><ele>2010.0</ele></trkpt>
      <trkpt lat="49.154178" lon="19.994472"><ele>2010.0</ele></trkpt>
      <trkpt lat="49.154159" lon="19.994484"><ele>2010.0</ele></trkpt>
      <trkpt lat="49.154141" lon="19.994494"><ele>2009.0</ele></trkpt>
      <trkpt lat="49.154119" lon="19.994509"><ele>2008.0</ele></trkpt>
      <trkpt lat="49.154094" lon="19.994517"><ele>2008.0</ele></trkpt>
      <trkpt lat="49.154076" lon="19.994502"><ele>2008.0</ele></trkpt>
      <trkpt lat="49.154056" lon="19.994494"><ele>2007.0</ele></trkpt>
      <trkpt lat="49.154036" lon="19.994507"><ele>2007.0</ele></trkpt>
      <trkpt lat="49.154012" lon="19.994518"><ele>2006.0</ele></trkpt>
      <trkpt lat="49.153994" lon="19.994542"><ele>2005.0</ele></trkpt>
      <trkpt lat="49.153983" lon="19.994566"><ele>2005.0</ele></trkpt>
      <trkpt lat="49.153967" lon="19.994586"><ele>2005.0</ele></trkpt>
      <trkpt lat="49.153946" lon="19.994601"><ele>2005.0</ele></trkpt>
      <trkpt lat="49.153927" lon="19.994606"><ele>2003.0</ele></trkpt>
      <trkpt lat="49.153906" lon="19.994618"><ele>2003.0</ele></trkpt>
      <trkpt lat="49.153886" lon="19.994641"><ele>2003.0</ele></trkpt>
      <trkpt lat="49.153866" lon="19.994652"><ele>2003.0</ele></trkpt>
      <trkpt lat="49.153845" lon="19.994678"><ele>2002.0</ele></trkpt>
      <trkpt lat="49.153834" lon="19.994702"><ele>2002.0</ele></trkpt>
      <trkpt lat="49.153817" lon="19.994728"><ele>2002.0</ele></trkpt>
      <trkpt lat="49.153801" lon="19.994756"><ele>2001.0</ele></trkpt>
      <trkpt lat="49.153787" lon="19.994777"><ele>2001.0</ele></trkpt>
      <trkpt lat="49.153774" lon="19.994806"><ele>2002.0</ele></trkpt>
      <trkpt lat="49.153758" lon="19.994826"><ele>2002.0</ele></trkpt>
      <trkpt lat="49.153740" lon="19.994858"><ele>2002.0</ele></trkpt>
      <trkpt lat="49.153723" lon="19.994879"><ele>2003.0</ele></trkpt>
      <trkpt lat="49.153706" lon="19.994900"><ele>2003.0</ele></trkpt>
      <trkpt lat="49.153692" lon="19.994918"><ele>2003.0</ele></trkpt>
      <trkpt lat="49.153674" lon="19.994945"><ele>2003.0</ele></trkpt>
      <trkpt lat="49.153661" lon="19.994967"><ele>2003.0</ele></trkpt>
      <trkpt lat="49.153649" lon="19.994989"><ele>2003.0</ele></trkpt>
      <trkpt lat="49.153631" lon="19.995016"><ele>2003.0</ele></trkpt>
      <trkpt lat="49.153615" lon="19.995050"><ele>2003.0</ele></trkpt>
      <trkpt lat="49.153602" lon="19.995081"><ele>2003.0</ele></trkpt>
      <trkpt lat="49.153586" lon="19.995104"><ele>2002.0</ele></trkpt>
      <trkpt lat="49.153568" lon="19.995125"><ele>2002.0</ele></trkpt>
      <trkpt lat="49.153554" lon="19.995151"><ele>2002.0</ele></trkpt>
      <trkpt lat="49.153534" lon="19.995177"><ele>2001.0</ele></trkpt>
      <trkpt lat="49.153514" lon="19.995204"><ele>2001.0</ele></trkpt>
      <trkpt lat="49.153501" lon="19.995227"><ele>2001.0</ele></trkpt>
      <trkpt lat="49.153496" lon="19.995254"><ele>2001.0</ele></trkpt>
      <trkpt lat="49.153487" lon="19.995282"><ele>2001.0</ele></trkpt>
      <trkpt lat="49.153489" lon="19.995317"><ele>2002.0</ele></trkpt>
      <trkpt lat="49.153484" lon="19.995355"><ele>2002.0</ele></trkpt>
      <trkpt lat="49.153474" lon="19.995384"><ele>2002.0</ele></trkpt>
      <trkpt lat="49.153461" lon="19.995414"><ele>2002.0</ele></trkpt>
      <trkpt lat="49.153453" lon="19.995450"><ele>2002.0</ele></trkpt>
      <trkpt lat="49.153444" lon="19.995474"><ele>2002.0</ele></trkpt>
      <trkpt lat="49.153436" lon="19.995501"><ele>2002.0</ele></trkpt>
      <trkpt lat="49.153425" lon="19.995537"><ele>2003.0</ele></trkpt>
      <trkpt lat="49.153414" lon="19.995566"><ele>2003.0</ele></trkpt>
      <trkpt lat="49.153403" lon="19.995594"><ele>2003.0</ele></trkpt>
      <trkpt lat="49.153397" lon="19.995625"><ele>2003.0</ele></trkpt>
      <trkpt lat="49.153389" lon="19.995661"><ele>2003.0</ele></trkpt>
      <trkpt lat="49.153375" lon="19.995696"><ele>2003.0</ele></trkpt>
      <trkpt lat="49.153366" lon="19.995728"><ele>2003.0</ele></trkpt>
      <trkpt lat="49.153350" lon="19.995759"><ele>2003.0</ele></trkpt>
      <trkpt lat="49.153336" lon="19.995787"><ele>2003.0</ele></trkpt>
      <trkpt lat="49.153319" lon="19.995822"><ele>2002.0</ele></trkpt>
      <trkpt lat="49.153303" lon="19.995844"><ele>2002.0</ele></trkpt>
      <trkpt lat="49.153290" lon="19.995865"><ele>2002.0</ele></trkpt>
      <trkpt lat="49.153276" lon="19.995894"><ele>2002.0</ele></trkpt>
      <trkpt lat="49.153261" lon="19.995915"><ele>2002.0</ele></trkpt>
      <trkpt lat="49.153238" lon="19.995932"><ele>2001.0</ele></trkpt>
      <trkpt lat="49.153226" lon="19.995958"><ele>2001.0</ele></trkpt>
      <trkpt lat="49.153209" lon="19.995986"><ele>2000.0</ele></trkpt>
      <trkpt lat="49.153194" lon="19.996019"><ele>2000.0</ele></trkpt>
      <trkpt lat="49.153179" lon="19.996046"><ele>1999.0</ele></trkpt>
      <trkpt lat="49.153163" lon="19.996067"><ele>1999.0</ele></trkpt>
      <trkpt lat="49.153145" lon="19.996083"><ele>1998.0</ele></trkpt>
      <trkpt lat="49.153126" lon="19.996104"><ele>1998.0</ele></trkpt>
      <trkpt lat="49.153111" lon="19.996126"><ele>1998.0</ele></trkpt>
      <trkpt lat="49.153095" lon="19.996143"><ele>1998.0</ele></trkpt>
      <trkpt lat="49.153082" lon="19.996167"><ele>1998.0</ele></trkpt>
      <trkpt lat="49.153078" lon="19.996193"><ele>1998.0</ele></trkpt>
      <trkpt lat="49.153077" lon="19.996224"><ele>1998.0</ele></trkpt>
      <trkpt lat="49.153072" lon="19.996253"><ele>1998.0</ele></trkpt>
      <trkpt lat="49.153060" lon="19.996282"><ele>1998.0</ele></trkpt>
      <trkpt lat="49.153046" lon="19.996308"><ele>1998.0</ele></trkpt>
      <trkpt lat="49.153029" lon="19.996339"><ele>1998.0</ele></trkpt>
      <trkpt lat="49.153016" lon="19.996366"><ele>1998.0</ele></trkpt>
      <trkpt lat="49.152999" lon="19.996394"><ele>1998.0</ele></trkpt>
      <trkpt lat="49.152985" lon="19.996415"><ele>1998.0</ele></trkpt>
      <trkpt lat="49.152969" lon="19.996447"><ele>1998.0</ele></trkpt>
      <trkpt lat="49.152949" lon="19.996469"><ele>1996.0</ele></trkpt>
      <trkpt lat="49.152928" lon="19.996489"><ele>1996.0</ele></trkpt>
      <trkpt lat="49.152915" lon="19.996513"><ele>1996.0</ele></trkpt>
      <trkpt lat="49.152898" lon="19.996541"><ele>1996.0</ele></trkpt>
      <trkpt lat="49.152881" lon="19.996562"><ele>1996.0</ele></trkpt>
      <trkpt lat="49.152868" lon="19.996583"><ele>1996.0</ele></trkpt>
      <trkpt lat="49.152849" lon="19.996605"><ele>1996.0</ele></trkpt>
      <trkpt lat="49.152832" lon="19.996635"><ele>1995.0</ele></trkpt>
      <trkpt lat="49.152821" lon="19.996662"><ele>1993.0</ele></trkpt>
      <trkpt lat="49.152811" lon="19.996692"><ele>1993.0</ele></trkpt>
      <trkpt lat="49.152800" lon="19.996720"><ele>1993.0</ele></trkpt>
      <trkpt lat="49.152788" lon="19.996745"><ele>1992.0</ele></trkpt>
      <trkpt lat="49.152773" lon="19.996771"><ele>1992.0</ele></trkpt>
      <trkpt lat="49.152761" lon="19.996801"><ele>1991.0</ele></trkpt>
      <trkpt lat="49.152754" lon="19.996827"><ele>1991.0</ele></trkpt>
      <trkpt lat="49.152739" lon="19.996861"><ele>1991.0</ele></trkpt>
      <trkpt lat="49.152728" lon="19.996884"><ele>1991.0</ele></trkpt>
      <trkpt lat="49.152716" lon="19.996912"><ele>1991.0</ele></trkpt>
      <trkpt lat="49.152702" lon="19.996945"><ele>1991.0</ele></trkpt>
      <trkpt lat="49.152692" lon="19.996970"><ele>1990.0</ele></trkpt>
      <trkpt lat="49.152683" lon="19.997006"><ele>1990.0</ele></trkpt>
      <trkpt lat="49.152672" lon="19.997036"><ele>1990.0</ele></trkpt>
      <trkpt lat="49.152663" lon="19.997063"><ele>1990.0</ele></trkpt>
      <trkpt lat="49.152648" lon="19.997088"><ele>1989.0</ele></trkpt>
      <trkpt lat="49.152628" lon="19.997117"><ele>1989.0</ele></trkpt>
      <trkpt lat="49.152608" lon="19.997136"><ele>1989.0</ele></trkpt>
      <trkpt lat="49.152592" lon="19.997161"><ele>1988.0</ele></trkpt>
      <trkpt lat="49.152577" lon="19.997185"><ele>1988.0</ele></trkpt>
      <trkpt lat="49.152571" lon="19.997217"><ele>1988.0</ele></trkpt>
      <trkpt lat="49.152563" lon="19.997245"><ele>1987.0</ele></trkpt>
      <trkpt lat="49.152550" lon="19.997277"><ele>1987.0</ele></trkpt>
      <trkpt lat="49.152535" lon="19.997299"><ele>1987.0</ele></trkpt>
      <trkpt lat="49.152523" lon="19.997321"><ele>1986.0</ele></trkpt>
      <trkpt lat="49.152511" lon="19.997348"><ele>1986.0</ele></trkpt>
      <trkpt lat="49.152503" lon="19.997374"><ele>1986.0</ele></trkpt>
      <trkpt lat="49.152492" lon="19.997401"><ele>1985.0</ele></trkpt>
      <trkpt lat="49.152475" lon="19.997422"><ele>1985.0</ele></trkpt>
      <trkpt lat="49.152462" lon="19.997444"><ele>1984.0</ele></trkpt>
      <trkpt lat="49.152447" lon="19.997464"><ele>1984.0</ele></trkpt>
      <trkpt lat="49.152427" lon="19.997479"><ele>1983.0</ele></trkpt>
      <trkpt lat="49.152411" lon="19.997490"><ele>1981.0</ele></trkpt>
      <trkpt lat="49.152398" lon="19.997520"><ele>1981.0</ele></trkpt>
      <trkpt lat="49.152374" lon="19.997542"><ele>1979.0</ele></trkpt>
      <trkpt lat="49.152352" lon="19.997549"><ele>1979.0</ele></trkpt>
      <trkpt lat="49.152333" lon="19.997562"><ele>1979.0</ele></trkpt>
      <trkpt lat="49.152314" lon="19.997573"><ele>1978.0</ele></trkpt>
      <trkpt lat="49.152297" lon="19.997589"><ele>1977.0</ele></trkpt>
      <trkpt lat="49.152282" lon="19.997610"><ele>1977.0</ele></trkpt>
      <trkpt lat="49.152265" lon="19.997626"><ele>1977.0</ele></trkpt>
      <trkpt lat="49.152246" lon="19.997627"><ele>1977.0</ele></trkpt>
      <trkpt lat="49.152230" lon="19.997650"><ele>1976.0</ele></trkpt>
      <trkpt lat="49.152213" lon="19.997667"><ele>1976.0</ele></trkpt>
      <trkpt lat="49.152191" lon="19.997688"><ele>1975.0</ele></trkpt>
      <trkpt lat="49.152175" lon="19.997705"><ele>1975.0</ele></trkpt>
      <trkpt lat="49.152160" lon="19.997728"><ele>1973.0</ele></trkpt>
      <trkpt lat="49.152143" lon="19.997745"><ele>1973.0</ele></trkpt>
      <trkpt lat="49.152124" lon="19.997767"><ele>1972.0</ele></trkpt>
      <trkpt lat="49.152107" lon="19.997780"><ele>1971.0</ele></trkpt>
      <trkpt lat="49.152082" lon="19.997799"><ele>1970.0</ele></trkpt>
      <trkpt lat="49.152061" lon="19.997812"><ele>1970.0</ele></trkpt>
      <trkpt lat="49.152043" lon="19.997835"><ele>1968.0</ele></trkpt>
      <trkpt lat="49.152023" lon="19.997856"><ele>1967.0</ele></trkpt>
      <trkpt lat="49.152010" lon="19.997890"><ele>1967.0</ele></trkpt>
      <trkpt lat="49.151989" lon="19.997909"><ele>1966.0</ele></trkpt>
      <trkpt lat="49.151962" lon="19.997919"><ele>1966.0</ele></trkpt>
      <trkpt lat="49.151942" lon="19.997927"><ele>1965.0</ele></trkpt>
      <trkpt lat="49.151916" lon="19.997937"><ele>1964.0</ele></trkpt>
      <trkpt lat="49.151894" lon="19.997943"><ele>1964.0</ele></trkpt>
      <trkpt lat="49.151876" lon="19.997944"><ele>1963.0</ele></trkpt>
      <trkpt lat="49.151856" lon="19.997955"><ele>1963.0</ele></trkpt>
      <trkpt lat="49.151838" lon="19.997969"><ele>1962.0</ele></trkpt>
      <trkpt lat="49.151821" lon="19.997983"><ele>1962.0</ele></trkpt>
      <trkpt lat="49.151803" lon="19.997993"><ele>1962.0</ele></trkpt>
      <trkpt lat="49.151777" lon="19.998002"><ele>1961.0</ele></trkpt>
      <trkpt lat="49.151759" lon="19.998014"><ele>1961.0</ele></trkpt>
      <trkpt lat="49.151741" lon="19.998024"><ele>1961.0</ele></trkpt>
      <trkpt lat="49.151721" lon="19.998048"><ele>1960.0</ele></trkpt>
      <trkpt lat="49.151702" lon="19.998060"><ele>1960.0</ele></trkpt>
      <trkpt lat="49.151679" lon="19.998066"><ele>1959.0</ele></trkpt>
      <trkpt lat="49.151669" lon="19.998042"><ele>1959.0</ele></trkpt>
      <trkpt lat="49.151648" lon="19.998041"><ele>1959.0</ele></trkpt>
      <trkpt lat="49.151624" lon="19.998046"><ele>1959.0</ele></trkpt>
      <trkpt lat="49.151603" lon="19.998066"><ele>1959.0</ele></trkpt>
      <trkpt lat="49.151584" lon="19.998077"><ele>1957.0</ele></trkpt>
      <trkpt lat="49.151565" lon="19.998083"><ele>1957.0</ele></trkpt>
      <trkpt lat="49.151545" lon="19.998094"><ele>1957.0</ele></trkpt>
      <trkpt lat="49.151522" lon="19.998092"><ele>1957.0</ele></trkpt>
      <trkpt lat="49.151502" lon="19.998105"><ele>1955.0</ele></trkpt>
      <trkpt lat="49.151486" lon="19.998124"><ele>1955.0</ele></trkpt>
      <trkpt lat="49.151467" lon="19.998137"><ele>1955.0</ele></trkpt>
      <trkpt lat="49.151447" lon="19.998144"><ele>1954.0</ele></trkpt>
      <trkpt lat="49.151431" lon="19.998172"><ele>1953.0</ele></trkpt>
      <trkpt lat="49.151413" lon="19.998196"><ele>1953.0</ele></trkpt>
      <trkpt lat="49.151395" lon="19.998209"><ele>1953.0</ele></trkpt>
      <trkpt lat="49.151377" lon="19.998228"><ele>1952.0</ele></trkpt>
      <trkpt lat="49.151357" lon="19.998242"><ele>1951.0</ele></trkpt>
      <trkpt lat="49.151339" lon="19.998264"><ele>1950.0</ele></trkpt>
      <trkpt lat="49.151317" lon="19.998280"><ele>1950.0</ele></trkpt>
      <trkpt lat="49.151299" lon="19.998288"><ele>1950.0</ele></trkpt>
      <trkpt lat="49.151282" lon="19.998311"><ele>1949.0</ele></trkpt>
      <trkpt lat="49.151266" lon="19.998331"><ele>1949.0</ele></trkpt>
      <trkpt lat="49.151242" lon="19.998340"><ele>1949.0</ele></trkpt>
      <trkpt lat="49.151221" lon="19.998342"><ele>1947.0</ele></trkpt>
      <trkpt lat="49.151200" lon="19.998349"><ele>1947.0</ele></trkpt>
      <trkpt lat="49.151182" lon="19.998357"><ele>1947.0</ele></trkpt>
      <trkpt lat="49.151163" lon="19.998363"><ele>1946.0</ele></trkpt>
      <trkpt lat="49.151146" lon="19.998369"><ele>1946.0</ele></trkpt>
      <trkpt lat="49.151127" lon="19.998382"><ele>1946.0</ele></trkpt>
      <trkpt lat="49.151104" lon="19.998384"><ele>1946.0</ele></trkpt>
      <trkpt lat="49.151080" lon="19.998384"><ele>1945.0</ele></trkpt>
      <trkpt lat="49.151057" lon="19.998379"><ele>1945.0</ele></trkpt>
      <trkpt lat="49.151033" lon="19.998380"><ele>1945.0</ele></trkpt>
      <trkpt lat="49.151009" lon="19.998384"><ele>1943.0</ele></trkpt>
      <trkpt lat="49.150986" lon="19.998393"><ele>1943.0</ele></trkpt>
      <trkpt lat="49.150965" lon="19.998410"><ele>1942.0</ele></trkpt>
      <trkpt lat="49.150949" lon="19.998427"><ele>1941.0</ele></trkpt>
      <trkpt lat="49.150931" lon="19.998438"><ele>1941.0</ele></trkpt>
      <trkpt lat="49.150918" lon="19.998470"><ele>1940.0</ele></trkpt>
      <trkpt lat="49.150904" lon="19.998493"><ele>1940.0</ele></trkpt>
      <trkpt lat="49.150891" lon="19.998517"><ele>1940.0</ele></trkpt>
      <trkpt lat="49.150874" lon="19.998546"><ele>1939.0</ele></trkpt>
      <trkpt lat="49.150854" lon="19.998560"><ele>1939.0</ele></trkpt>
      <trkpt lat="49.150833" lon="19.998567"><ele>1938.0</ele></trkpt>
      <trkpt lat="49.150809" lon="19.998582"><ele>1937.0</ele></trkpt>
      <trkpt lat="49.150790" lon="19.998606"><ele>1937.0</ele></trkpt>
      <trkpt lat="49.150769" lon="19.998633"><ele>1936.0</ele></trkpt>
      <trkpt lat="49.150751" lon="19.998656"><ele>1936.0</ele></trkpt>
      <trkpt lat="49.150737" lon="19.998678"><ele>1935.0</ele></trkpt>
      <trkpt lat="49.150720" lon="19.998700"><ele>1935.0</ele></trkpt>
      <trkpt lat="49.150702" lon="19.998724"><ele>1934.0</ele></trkpt>
      <trkpt lat="49.150683" lon="19.998751"><ele>1934.0</ele></trkpt>
      <trkpt lat="49.150666" lon="19.998762"><ele>1934.0</ele></trkpt>
      <trkpt lat="49.150649" lon="19.998776"><ele>1933.0</ele></trkpt>
      <trkpt lat="49.150638" lon="19.998799"><ele>1932.0</ele></trkpt>
      <trkpt lat="49.150619" lon="19.998824"><ele>1932.0</ele></trkpt>
      <trkpt lat="49.150605" lon="19.998843"><ele>1931.0</ele></trkpt>
      <trkpt lat="49.150585" lon="19.998850"><ele>1931.0</ele></trkpt>
      <trkpt lat="49.150560" lon="19.998860"><ele>1931.0</ele></trkpt>
      <trkpt lat="49.150540" lon="19.998862"><ele>1931.0</ele></trkpt>
      <trkpt lat="49.150521" lon="19.998865"><ele>1931.0</ele></trkpt>
      <trkpt lat="49.150501" lon="19.998876"><ele>1930.0</ele></trkpt>
      <trkpt lat="49.150479" lon="19.998887"><ele>1930.0</ele></trkpt>
      <trkpt lat="49.150456" lon="19.998904"><ele>1929.0</ele></trkpt>
      <trkpt lat="49.150441" lon="19.998921"><ele>1929.0</ele></trkpt>
      <trkpt lat="49.150422" lon="19.998941"><ele>1929.0</ele></trkpt>
      <trkpt lat="49.150399" lon="19.998963"><ele>1929.0</ele></trkpt>
      <trkpt lat="49.150381" lon="19.998984"><ele>1929.0</ele></trkpt>
      <trkpt lat="49.150363" lon="19.999005"><ele>1928.0</ele></trkpt>
      <trkpt lat="49.150341" lon="19.999029"><ele>1927.0</ele></trkpt>
      <trkpt lat="49.150323" lon="19.999042"><ele>1927.0</ele></trkpt>
      <trkpt lat="49.150309" lon="19.999064"><ele>1927.0</ele></trkpt>
      <trkpt lat="49.150293" lon="19.999084"><ele>1927.0</ele></trkpt>
      <trkpt lat="49.150274" lon="19.999098"><ele>1927.0</ele></trkpt>
      <trkpt lat="49.150258" lon="19.999128"><ele>1926.0</ele></trkpt>
      <trkpt lat="49.150235" lon="19.999152"><ele>1926.0</ele></trkpt>
      <trkpt lat="49.150216" lon="19.999166"><ele>1926.0</ele></trkpt>
      <trkpt lat="49.150197" lon="19.999175"><ele>1926.0</ele></trkpt>
      <trkpt lat="49.150174" lon="19.999198"><ele>1925.0</ele></trkpt>
      <trkpt lat="49.150155" lon="19.999218"><ele>1925.0</ele></trkpt>
      <trkpt lat="49.150130" lon="19.999237"><ele>1925.0</ele></trkpt>
      <trkpt lat="49.150110" lon="19.999266"><ele>1925.0</ele></trkpt>
      <trkpt lat="49.150092" lon="19.999285"><ele>1925.0</ele></trkpt>
      <trkpt lat="49.150074" lon="19.999297"><ele>1925.0</ele></trkpt>
      <trkpt lat="49.150055" lon="19.999293"><ele>1925.0</ele></trkpt>
      <trkpt lat="49.150040" lon="19.999275"><ele>1925.0</ele></trkpt>
      <trkpt lat="49.150019" lon="19.999268"><ele>1925.0</ele></trkpt>
      <trkpt lat="49.150002" lon="19.999280"><ele>1925.0</ele></trkpt>
      <trkpt lat="49.149984" lon="19.999290"><ele>1924.0</ele></trkpt>
      <trkpt lat="49.149961" lon="19.999277"><ele>1923.0</ele></trkpt>
      <trkpt lat="49.149950" lon="19.999253"><ele>1923.0</ele></trkpt>
      <trkpt lat="49.149939" lon="19.999213"><ele>1922.0</ele></trkpt>
      <trkpt lat="49.149920" lon="19.999195"><ele>1921.0</ele></trkpt>
      <trkpt lat="49.149898" lon="19.999196"><ele>1920.0</ele></trkpt>
      <trkpt lat="49.149876" lon="19.999189"><ele>1920.0</ele></trkpt>
      <trkpt lat="49.149854" lon="19.999188"><ele>1919.0</ele></trkpt>
      <trkpt lat="49.149838" lon="19.999202"><ele>1919.0</ele></trkpt>
      <trkpt lat="49.149815" lon="19.999221"><ele>1919.0</ele></trkpt>
      <trkpt lat="49.149792" lon="19.999238"><ele>1919.0</ele></trkpt>
      <trkpt lat="49.149770" lon="19.999246"><ele>1919.0</ele></trkpt>
      <trkpt lat="49.149748" lon="19.999269"><ele>1918.0</ele></trkpt>
      <trkpt lat="49.149730" lon="19.999279"><ele>1918.0</ele></trkpt>
      <trkpt lat="49.149702" lon="19.999276"><ele>1918.0</ele></trkpt>
      <trkpt lat="49.149684" lon="19.999277"><ele>1917.0</ele></trkpt>
      <trkpt lat="49.149657" lon="19.999280"><ele>1916.0</ele></trkpt>
      <trkpt lat="49.149633" lon="19.999289"><ele>1916.0</ele></trkpt>
      <trkpt lat="49.149614" lon="19.999303"><ele>1916.0</ele></trkpt>
      <trkpt lat="49.149598" lon="19.999324"><ele>1915.0</ele></trkpt>
      <trkpt lat="49.149586" lon="19.999349"><ele>1915.0</ele></trkpt>
      <trkpt lat="49.149571" lon="19.999374"><ele>1914.0</ele></trkpt>
      <trkpt lat="49.149565" lon="19.999335"><ele>1914.0</ele></trkpt>
      <trkpt lat="49.149550" lon="19.999318"><ele>1913.0</ele></trkpt>
      <trkpt lat="49.149533" lon="19.999305"><ele>1913.0</ele></trkpt>
      <trkpt lat="49.149514" lon="19.999319"><ele>1913.0</ele></trkpt>
      <trkpt lat="49.149498" lon="19.999340"><ele>1912.0</ele></trkpt>
      <trkpt lat="49.149472" lon="19.999354"><ele>1912.0</ele></trkpt>
      <trkpt lat="49.149451" lon="19.999371"><ele>1911.0</ele></trkpt>
      <trkpt lat="49.149434" lon="19.999398"><ele>1911.0</ele></trkpt>
      <trkpt lat="49.149417" lon="19.999407"><ele>1910.0</ele></trkpt>
      <trkpt lat="49.149398" lon="19.999383"><ele>1910.0</ele></trkpt>
      <trkpt lat="49.149380" lon="19.999374"><ele>1910.0</ele></trkpt>
      <trkpt lat="49.149361" lon="19.999384"><ele>1910.0</ele></trkpt>
      <trkpt lat="49.149343" lon="19.999396"><ele>1909.0</ele></trkpt>
      <trkpt lat="49.149320" lon="19.999414"><ele>1908.0</ele></trkpt>
      <trkpt lat="49.149304" lon="19.999427"><ele>1907.0</ele></trkpt>
      <trkpt lat="49.149287" lon="19.999442"><ele>1907.0</ele></trkpt>
      <trkpt lat="49.149272" lon="19.999462"><ele>1906.0</ele></trkpt>
      <trkpt lat="49.149257" lon="19.999478"><ele>1905.0</ele></trkpt>
      <trkpt lat="49.149234" lon="19.999493"><ele>1905.0</ele></trkpt>
      <trkpt lat="49.149213" lon="19.999506"><ele>1904.0</ele></trkpt>
      <trkpt lat="49.149185" lon="19.999511"><ele>1903.0</ele></trkpt>
      <trkpt lat="49.149166" lon="19.999505"><ele>1903.0</ele></trkpt>
      <trkpt lat="49.149144" lon="19.999506"><ele>1902.0</ele></trkpt>
      <trkpt lat="49.149122" lon="19.999495"><ele>1901.0</ele></trkpt>
      <trkpt lat="49.149098" lon="19.999491"><ele>1901.0</ele></trkpt>
      <trkpt lat="49.149079" lon="19.999499"><ele>1899.0</ele></trkpt>
      <trkpt lat="49.149056" lon="19.999506"><ele>1899.0</ele></trkpt>
      <trkpt lat="49.149057" lon="19.999540"><ele>1898.0</ele></trkpt>
      <trkpt lat="49.149070" lon="19.999563"><ele>1897.0</ele></trkpt>
      <trkpt lat="49.149086" lon="19.999580"><ele>1896.0</ele></trkpt>
      <trkpt lat="49.149072" lon="19.999606"><ele>1896.0</ele></trkpt>
      <trkpt lat="49.149053" lon="19.999609"><ele>1896.0</ele></trkpt>
      <trkpt lat="49.149029" lon="19.999621"><ele>1895.0</ele></trkpt>
      <trkpt lat="49.149010" lon="19.999621"><ele>1894.0</ele></trkpt>
      <trkpt lat="49.148987" lon="19.999627"><ele>1893.0</ele></trkpt>
      <trkpt lat="49.148966" lon="19.999636"><ele>1893.0</ele></trkpt>
      <trkpt lat="49.148943" lon="19.999648"><ele>1892.0</ele></trkpt>
      <trkpt lat="49.148923" lon="19.999659"><ele>1892.0</ele></trkpt>
      <trkpt lat="49.148903" lon="19.999671"><ele>1891.0</ele></trkpt>
      <trkpt lat="49.148880" lon="19.999682"><ele>1891.0</ele></trkpt>
      <trkpt lat="49.148860" lon="19.999686"><ele>1889.0</ele></trkpt>
      <trkpt lat="49.148841" lon="19.999690"><ele>1888.0</ele></trkpt>
      <trkpt lat="49.148821" lon="19.999696"><ele>1887.0</ele></trkpt>
      <trkpt lat="49.148800" lon="19.999695"><ele>1886.0</ele></trkpt>
      <trkpt lat="49.148778" lon="19.999698"><ele>1885.0</ele></trkpt>
      <trkpt lat="49.148762" lon="19.999711"><ele>1885.0</ele></trkpt>
      <trkpt lat="49.148743" lon="19.999713"><ele>1884.0</ele></trkpt>
      <trkpt lat="49.148720" lon="19.999721"><ele>1883.0</ele></trkpt>
      <trkpt lat="49.148700" lon="19.999716"><ele>1881.0</ele></trkpt>
      <trkpt lat="49.148682" lon="19.999700"><ele>1881.0</ele></trkpt>
      <trkpt lat="49.148663" lon="19.999697"><ele>1881.0</ele></trkpt>
      <trkpt lat="49.148645" lon="19.999703"><ele>1881.0</ele></trkpt>
      <trkpt lat="49.148624" lon="19.999700"><ele>1880.0</ele></trkpt>
      <trkpt lat="49.148609" lon="19.999719"><ele>1880.0</ele></trkpt>
      <trkpt lat="49.148582" lon="19.999710"><ele>1880.0</ele></trkpt>
      <trkpt lat="49.148559" lon="19.999717"><ele>1879.0</ele></trkpt>
      <trkpt lat="49.148537" lon="19.999722"><ele>1878.0</ele></trkpt>
      <trkpt lat="49.148519" lon="19.999716"><ele>1877.0</ele></trkpt>
      <trkpt lat="49.148502" lon="19.999703"><ele>1876.0</ele></trkpt>
      <trkpt lat="49.148483" lon="19.999696"><ele>1875.0</ele></trkpt>
      <trkpt lat="49.148458" lon="19.999696"><ele>1875.0</ele></trkpt>
      <trkpt lat="49.148431" lon="19.999706"><ele>1874.0</ele></trkpt>
      <trkpt lat="49.148410" lon="19.999709"><ele>1874.0</ele></trkpt>
      <trkpt lat="49.148389" lon="19.999714"><ele>1873.0</ele></trkpt>
      <trkpt lat="49.148364" lon="19.999730"><ele>1872.0</ele></trkpt>
      <trkpt lat="49.148346" lon="19.999711"><ele>1871.0</ele></trkpt>
      <trkpt lat="49.148332" lon="19.999673"><ele>1871.0</ele></trkpt>
      <trkpt lat="49.148319" lon="19.999649"><ele>1871.0</ele></trkpt>
      <trkpt lat="49.148318" lon="19.999619"><ele>1871.0</ele></trkpt>
      <trkpt lat="49.148309" lon="19.999586"><ele>1871.0</ele></trkpt>
      <trkpt lat="49.148306" lon="19.999553"><ele>1870.0</ele></trkpt>
      <trkpt lat="49.148286" lon="19.999534"><ele>1869.0</ele></trkpt>
      <trkpt lat="49.148266" lon="19.999523"><ele>1869.0</ele></trkpt>
      <trkpt lat="49.148250" lon="19.999537"><ele>1868.0</ele></trkpt>
      <trkpt lat="49.148229" lon="19.999543"><ele>1867.0</ele></trkpt>
      <trkpt lat="49.148216" lon="19.999513"><ele>1867.0</ele></trkpt>
      <trkpt lat="49.148203" lon="19.999486"><ele>1866.0</ele></trkpt>
      <trkpt lat="49.148184" lon="19.999488"><ele>1866.0</ele></trkpt>
      <trkpt lat="49.148170" lon="19.999508"><ele>1865.0</ele></trkpt>
      <trkpt lat="49.148165" lon="19.999537"><ele>1865.0</ele></trkpt>
      <trkpt lat="49.148152" lon="19.999557"><ele>1865.0</ele></trkpt>
      <trkpt lat="49.148130" lon="19.999566"><ele>1864.0</ele></trkpt>
      <trkpt lat="49.148111" lon="19.999573"><ele>1864.0</ele></trkpt>
      <trkpt lat="49.148094" lon="19.999588"><ele>1864.0</ele></trkpt>
      <trkpt lat="49.148076" lon="19.999606"><ele>1863.0</ele></trkpt>
      <trkpt lat="49.148051" lon="19.999627"><ele>1863.0</ele></trkpt>
      <trkpt lat="49.148024" lon="19.999637"><ele>1863.0</ele></trkpt>
      <trkpt lat="49.148004" lon="19.999618"><ele>1862.0</ele></trkpt>
      <trkpt lat="49.147987" lon="19.999606"><ele>1862.0</ele></trkpt>
      <trkpt lat="49.147965" lon="19.999595"><ele>1862.0</ele></trkpt>
      <trkpt lat="49.147947" lon="19.999585"><ele>1862.0</ele></trkpt>
      <trkpt lat="49.147931" lon="19.999562"><ele>1861.0</ele></trkpt>
      <trkpt lat="49.147916" lon="19.999542"><ele>1861.0</ele></trkpt>
      <trkpt lat="49.147898" lon="19.999522"><ele>1861.0</ele></trkpt>
      <trkpt lat="49.147884" lon="19.999492"><ele>1861.0</ele></trkpt>
      <trkpt lat="49.147883" lon="19.999461"><ele>1861.0</ele></trkpt>
      <trkpt lat="49.147880" lon="19.999431"><ele>1861.0</ele></trkpt>
      <trkpt lat="49.147873" lon="19.999398"><ele>1861.0</ele></trkpt>
      <trkpt lat="49.147870" lon="19.999366"><ele>1861.0</ele></trkpt>
      <trkpt lat="49.147870" lon="19.999328"><ele>1861.0</ele></trkpt>
      <trkpt lat="49.147862" lon="19.999303"><ele>1861.0</ele></trkpt>
      <trkpt lat="49.147845" lon="19.999274"><ele>1861.0</ele></trkpt>
      <trkpt lat="49.147825" lon="19.999263"><ele>1860.0</ele></trkpt>
      <trkpt lat="49.147807" lon="19.999272"><ele>1860.0</ele></trkpt>
      <trkpt lat="49.147787" lon="19.999268"><ele>1860.0</ele></trkpt>
      <trkpt lat="49.147767" lon="19.999261"><ele>1860.0</ele></trkpt>
      <trkpt lat="49.147749" lon="19.999245"><ele>1860.0</ele></trkpt>
      <trkpt lat="49.147724" lon="19.999243"><ele>1859.0</ele></trkpt>
      <trkpt lat="49.147699" lon="19.999245"><ele>1859.0</ele></trkpt>
      <trkpt lat="49.147681" lon="19.999229"><ele>1859.0</ele></trkpt>
      <trkpt lat="49.147668" lon="19.999206"><ele>1859.0</ele></trkpt>
      <trkpt lat="49.147656" lon="19.999178"><ele>1858.0</ele></trkpt>
      <trkpt lat="49.147645" lon="19.999154"><ele>1858.0</ele></trkpt>
      <trkpt lat="49.147634" lon="19.999131"><ele>1858.0</ele></trkpt>
      <trkpt lat="49.147623" lon="19.999105"><ele>1858.0</ele></trkpt>
      <trkpt lat="49.147618" lon="19.999072"><ele>1857.0</ele></trkpt>
      <trkpt lat="49.147598" lon="19.999056"><ele>1857.0</ele></trkpt>
      <trkpt lat="49.147574" lon="19.999051"><ele>1856.0</ele></trkpt>
      <trkpt lat="49.147555" lon="19.999039"><ele>1856.0</ele></trkpt>
      <trkpt lat="49.147544" lon="19.999000"><ele>1856.0</ele></trkpt>
      <trkpt lat="49.147529" lon="19.998963"><ele>1856.0</ele></trkpt>
      <trkpt lat="49.147511" lon="19.998941"><ele>1856.0</ele></trkpt>
      <trkpt lat="49.147490" lon="19.998921"><ele>1856.0</ele></trkpt>
      <trkpt lat="49.147481" lon="19.998889"><ele>1857.0</ele></trkpt>
      <trkpt lat="49.147464" lon="19.998873"><ele>1858.0</ele></trkpt>
      <trkpt lat="49.147439" lon="19.998857"><ele>1858.0</ele></trkpt>
      <trkpt lat="49.147419" lon="19.998848"><ele>1859.0</ele></trkpt>
      <trkpt lat="49.147402" lon="19.998838"><ele>1859.0</ele></trkpt>
      <trkpt lat="49.147381" lon="19.998840"><ele>1859.0</ele></trkpt>
      <trkpt lat="49.147362" lon="19.998845"><ele>1859.0</ele></trkpt>
      <trkpt lat="49.147341" lon="19.998858"><ele>1859.0</ele></trkpt>
      <trkpt lat="49.147320" lon="19.998873"><ele>1859.0</ele></trkpt>
      <trkpt lat="49.147301" lon="19.998895"><ele>1860.0</ele></trkpt>
      <trkpt lat="49.147280" lon="19.998916"><ele>1859.0</ele></trkpt>
      <trkpt lat="49.147260" lon="19.998926"><ele>1859.0</ele></trkpt>
      <trkpt lat="49.147244" lon="19.998936"><ele>1859.0</ele></trkpt>
      <trkpt lat="49.147222" lon="19.998944"><ele>1858.0</ele></trkpt>
      <trkpt lat="49.147200" lon="19.998961"><ele>1858.0</ele></trkpt>
      <trkpt lat="49.147176" lon="19.998975"><ele>1858.0</ele></trkpt>
      <trkpt lat="49.147157" lon="19.998988"><ele>1858.0</ele></trkpt>
      <trkpt lat="49.147137" lon="19.998998"><ele>1857.0</ele></trkpt>
      <trkpt lat="49.147112" lon="19.999004"><ele>1857.0</ele></trkpt>
      <trkpt lat="49.147087" lon="19.999007"><ele>1856.0</ele></trkpt>
      <trkpt lat="49.147064" lon="19.999018"><ele>1856.0</ele></trkpt>
      <trkpt lat="49.147040" lon="19.999032"><ele>1856.0</ele></trkpt>
      <trkpt lat="49.147018" lon="19.999033"><ele>1856.0</ele></trkpt>
      <trkpt lat="49.147000" lon="19.999041"><ele>1856.0</ele></trkpt>
      <trkpt lat="49.146975" lon="19.999039"><ele>1856.0</ele></trkpt>
      <trkpt lat="49.146953" lon="19.999052"><ele>1855.0</ele></trkpt>
      <trkpt lat="49.146932" lon="19.999072"><ele>1854.0</ele></trkpt>
      <trkpt lat="49.146914" lon="19.999098"><ele>1854.0</ele></trkpt>
      <trkpt lat="49.146897" lon="19.999107"><ele>1854.0</ele></trkpt>
      <trkpt lat="49.146870" lon="19.999112"><ele>1854.0</ele></trkpt>
      <trkpt lat="49.146847" lon="19.999118"><ele>1854.0</ele></trkpt>
      <trkpt lat="49.146833" lon="19.999141"><ele>1853.0</ele></trkpt>
      <trkpt lat="49.146808" lon="19.999143"><ele>1853.0</ele></trkpt>
      <trkpt lat="49.146789" lon="19.999127"><ele>1853.0</ele></trkpt>
      <trkpt lat="49.146766" lon="19.999129"><ele>1852.0</ele></trkpt>
      <trkpt lat="49.146747" lon="19.999141"><ele>1852.0</ele></trkpt>
      <trkpt lat="49.146733" lon="19.999167"><ele>1851.0</ele></trkpt>
      <trkpt lat="49.146719" lon="19.999187"><ele>1851.0</ele></trkpt>
      <trkpt lat="49.146703" lon="19.999200"><ele>1851.0</ele></trkpt>
      <trkpt lat="49.146680" lon="19.999202"><ele>1851.0</ele></trkpt>
      <trkpt lat="49.146658" lon="19.999191"><ele>1850.0</ele></trkpt>
      <trkpt lat="49.146637" lon="19.999192"><ele>1849.0</ele></trkpt>
      <trkpt lat="49.146622" lon="19.999175"><ele>1848.0</ele></trkpt>
      <trkpt lat="49.146636" lon="19.999158"><ele>1849.0</ele></trkpt>
      <trkpt lat="49.146654" lon="19.999151"><ele>1849.0</ele></trkpt>
      <trkpt lat="49.146664" lon="19.999124"><ele>1849.0</ele></trkpt>
      <trkpt lat="49.146661" lon="19.999152"><ele>1849.0</ele></trkpt>
      <trkpt lat="49.146643" lon="19.999163"><ele>1849.0</ele></trkpt>
      <trkpt lat="49.146623" lon="19.999171"><ele>1849.0</ele></trkpt>
      <trkpt lat="49.146603" lon="19.999174"><ele>1848.0</ele></trkpt>
      <trkpt lat="49.146581" lon="19.999184"><ele>1848.0</ele></trkpt>
      <trkpt lat="49.146559" lon="19.999186"><ele>1848.0</ele></trkpt>
      <trkpt lat="49.146538" lon="19.999196"><ele>1847.0</ele></trkpt>
      <trkpt lat="49.146514" lon="19.999214"><ele>1847.0</ele></trkpt>
      <trkpt lat="49.146492" lon="19.999227"><ele>1847.0</ele></trkpt>
      <trkpt lat="49.146474" lon="19.999238"><ele>1847.0</ele></trkpt>
      <trkpt lat="49.146453" lon="19.999238"><ele>1846.0</ele></trkpt>
      <trkpt lat="49.146434" lon="19.999233"><ele>1846.0</ele></trkpt>
      <trkpt lat="49.146412" lon="19.999236"><ele>1845.0</ele></trkpt>
      <trkpt lat="49.146390" lon="19.999238"><ele>1844.0</ele></trkpt>
      <trkpt lat="49.146370" lon="19.999234"><ele>1844.0</ele></trkpt>
      <trkpt lat="49.146351" lon="19.999228"><ele>1843.0</ele></trkpt>
      <trkpt lat="49.146332" lon="19.999230"><ele>1842.0</ele></trkpt>
      <trkpt lat="49.146307" lon="19.999233"><ele>1842.0</ele></trkpt>
      <trkpt lat="49.146287" lon="19.999236"><ele>1841.0</ele></trkpt>
      <trkpt lat="49.146264" lon="19.999238"><ele>1840.0</ele></trkpt>
      <trkpt lat="49.146238" lon="19.999227"><ele>1840.0</ele></trkpt>
      <trkpt lat="49.146216" lon="19.999225"><ele>1839.0</ele></trkpt>
      <trkpt lat="49.146198" lon="19.999238"><ele>1838.0</ele></trkpt>
      <trkpt lat="49.146180" lon="19.999248"><ele>1838.0</ele></trkpt>
      <trkpt lat="49.146157" lon="19.999252"><ele>1837.0</ele></trkpt>
      <trkpt lat="49.146132" lon="19.999251"><ele>1837.0</ele></trkpt>
      <trkpt lat="49.146108" lon="19.999250"><ele>1835.0</ele></trkpt>
      <trkpt lat="49.146085" lon="19.999254"><ele>1835.0</ele></trkpt>
      <trkpt lat="49.146065" lon="19.999265"><ele>1834.0</ele></trkpt>
      <trkpt lat="49.146044" lon="19.999286"><ele>1834.0</ele></trkpt>
      <trkpt lat="49.146026" lon="19.999297"><ele>1833.0</ele></trkpt>
      <trkpt lat="49.146004" lon="19.999297"><ele>1833.0</ele></trkpt>
      <trkpt lat="49.145981" lon="19.999299"><ele>1832.0</ele></trkpt>
      <trkpt lat="49.145957" lon="19.999309"><ele>1831.0</ele></trkpt>
      <trkpt lat="49.145936" lon="19.999320"><ele>1831.0</ele></trkpt>
      <trkpt lat="49.145915" lon="19.999338"><ele>1831.0</ele></trkpt>
      <trkpt lat="49.145892" lon="19.999353"><ele>1831.0</ele></trkpt>
      <trkpt lat="49.145878" lon="19.999373"><ele>1829.0</ele></trkpt>
      <trkpt lat="49.145859" lon="19.999386"><ele>1829.0</ele></trkpt>
      <trkpt lat="49.145841" lon="19.999387"><ele>1828.0</ele></trkpt>
      <trkpt lat="49.145831" lon="19.999424"><ele>1828.0</ele></trkpt>
      <trkpt lat="49.145817" lon="19.999451"><ele>1828.0</ele></trkpt>
      <trkpt lat="49.145798" lon="19.999456"><ele>1827.0</ele></trkpt>
      <trkpt lat="49.145782" lon="19.999439"><ele>1827.0</ele></trkpt>
      <trkpt lat="49.145763" lon="19.999430"><ele>1826.0</ele></trkpt>
      <trkpt lat="49.145745" lon="19.999431"><ele>1826.0</ele></trkpt>
      <trkpt lat="49.145727" lon="19.999413"><ele>1826.0</ele></trkpt>
      <trkpt lat="49.145706" lon="19.999416"><ele>1825.0</ele></trkpt>
      <trkpt lat="49.145685" lon="19.999416"><ele>1825.0</ele></trkpt>
      <trkpt lat="49.145666" lon="19.999421"><ele>1824.0</ele></trkpt>
      <trkpt lat="49.145647" lon="19.999425"><ele>1824.0</ele></trkpt>
      <trkpt lat="49.145621" lon="19.999434"><ele>1823.0</ele></trkpt>
      <trkpt lat="49.145599" lon="19.999447"><ele>1823.0</ele></trkpt>
      <trkpt lat="49.145579" lon="19.999460"><ele>1822.0</ele></trkpt>
      <trkpt lat="49.145560" lon="19.999470"><ele>1821.0</ele></trkpt>
      <trkpt lat="49.145539" lon="19.999477"><ele>1820.0</ele></trkpt>
      <trkpt lat="49.145520" lon="19.999471"><ele>1820.0</ele></trkpt>
      <trkpt lat="49.145504" lon="19.999488"><ele>1819.0</ele></trkpt>
      <trkpt lat="49.145486" lon="19.999483"><ele>1819.0</ele></trkpt>
      <trkpt lat="49.145468" lon="19.999475"><ele>1818.0</ele></trkpt>
      <trkpt lat="49.145444" lon="19.999468"><ele>1817.0</ele></trkpt>
      <trkpt lat="49.145431" lon="19.999446"><ele>1817.0</ele></trkpt>
      <trkpt lat="49.145414" lon="19.999422"><ele>1816.0</ele></trkpt>
      <trkpt lat="49.145396" lon="19.999432"><ele>1816.0</ele></trkpt>
      <trkpt lat="49.145379" lon="19.999455"><ele>1815.0</ele></trkpt>
      <trkpt lat="49.145357" lon="19.999454"><ele>1814.0</ele></trkpt>
      <trkpt lat="49.145339" lon="19.999455"><ele>1813.0</ele></trkpt>
      <trkpt lat="49.145321" lon="19.999472"><ele>1813.0</ele></trkpt>
      <trkpt lat="49.145299" lon="19.999473"><ele>1812.0</ele></trkpt>
      <trkpt lat="49.145278" lon="19.999461"><ele>1812.0</ele></trkpt>
      <trkpt lat="49.145257" lon="19.999461"><ele>1811.0</ele></trkpt>
      <trkpt lat="49.145238" lon="19.999468"><ele>1810.0</ele></trkpt>
      <trkpt lat="49.145217" lon="19.999465"><ele>1809.0</ele></trkpt>
      <trkpt lat="49.145196" lon="19.999483"><ele>1809.0</ele></trkpt>
      <trkpt lat="49.145177" lon="19.999478"><ele>1808.0</ele></trkpt>
      <trkpt lat="49.145155" lon="19.999467"><ele>1807.0</ele></trkpt>
      <trkpt lat="49.145132" lon="19.999478"><ele>1807.0</ele></trkpt>
      <trkpt lat="49.145111" lon="19.999470"><ele>1807.0</ele></trkpt>
      <trkpt lat="49.145091" lon="19.999474"><ele>1807.0</ele></trkpt>
      <trkpt lat="49.145069" lon="19.999484"><ele>1806.0</ele></trkpt>
      <trkpt lat="49.145056" lon="19.999461"><ele>1805.0</ele></trkpt>
      <trkpt lat="49.145039" lon="19.999447"><ele>1804.0</ele></trkpt>
      <trkpt lat="49.145022" lon="19.999432"><ele>1803.0</ele></trkpt>
      <trkpt lat="49.145005" lon="19.999421"><ele>1803.0</ele></trkpt>
      <trkpt lat="49.144985" lon="19.999419"><ele>1803.0</ele></trkpt>
      <trkpt lat="49.144967" lon="19.999408"><ele>1802.0</ele></trkpt>
      <trkpt lat="49.144950" lon="19.999414"><ele>1802.0</ele></trkpt>
      <trkpt lat="49.144928" lon="19.999420"><ele>1801.0</ele></trkpt>
      <trkpt lat="49.144915" lon="19.999440"><ele>1801.0</ele></trkpt>
      <trkpt lat="49.144903" lon="19.999461"><ele>1801.0</ele></trkpt>
      <trkpt lat="49.144884" lon="19.999464"><ele>1801.0</ele></trkpt>
      <trkpt lat="49.144858" lon="19.999469"><ele>1800.0</ele></trkpt>
      <trkpt lat="49.144837" lon="19.999465"><ele>1800.0</ele></trkpt>
      <trkpt lat="49.144817" lon="19.999462"><ele>1799.0</ele></trkpt>
      <trkpt lat="49.144798" lon="19.999473"><ele>1799.0</ele></trkpt>
      <trkpt lat="49.144778" lon="19.999487"><ele>1799.0</ele></trkpt>
      <trkpt lat="49.144758" lon="19.999495"><ele>1798.0</ele></trkpt>
      <trkpt lat="49.144738" lon="19.999486"><ele>1797.0</ele></trkpt>
      <trkpt lat="49.144719" lon="19.999476"><ele>1797.0</ele></trkpt>
      <trkpt lat="49.144701" lon="19.999468"><ele>1797.0</ele></trkpt>
      <trkpt lat="49.144683" lon="19.999458"><ele>1796.0</ele></trkpt>
      <trkpt lat="49.144667" lon="19.999482"><ele>1796.0</ele></trkpt>
      <trkpt lat="49.144642" lon="19.999503"><ele>1795.0</ele></trkpt>
      <trkpt lat="49.144620" lon="19.999503"><ele>1795.0</ele></trkpt>
      <trkpt lat="49.144601" lon="19.999501"><ele>1794.0</ele></trkpt>
      <trkpt lat="49.144584" lon="19.999512"><ele>1794.0</ele></trkpt>
      <trkpt lat="49.144565" lon="19.999533"><ele>1794.0</ele></trkpt>
      <trkpt lat="49.144542" lon="19.999541"><ele>1793.0</ele></trkpt>
      <trkpt lat="49.144521" lon="19.999544"><ele>1793.0</ele></trkpt>
      <trkpt lat="49.144503" lon="19.999552"><ele>1793.0</ele></trkpt>
      <trkpt lat="49.144482" lon="19.999563"><ele>1792.0</ele></trkpt>
      <trkpt lat="49.144462" lon="19.999559"><ele>1791.0</ele></trkpt>
      <trkpt lat="49.144441" lon="19.999562"><ele>1790.0</ele></trkpt>
      <trkpt lat="49.144422" lon="19.999565"><ele>1790.0</ele></trkpt>
      <trkpt lat="49.144402" lon="19.999567"><ele>1789.0</ele></trkpt>
      <trkpt lat="49.144380" lon="19.999564"><ele>1788.0</ele></trkpt>
      <trkpt lat="49.144361" lon="19.999565"><ele>1788.0</ele></trkpt>
      <trkpt lat="49.144341" lon="19.999576"><ele>1787.0</ele></trkpt>
      <trkpt lat="49.144318" lon="19.999583"><ele>1787.0</ele></trkpt>
      <trkpt lat="49.144300" lon="19.999588"><ele>1786.0</ele></trkpt>
      <trkpt lat="49.144281" lon="19.999598"><ele>1786.0</ele></trkpt>
      <trkpt lat="49.144262" lon="19.999606"><ele>1785.0</ele></trkpt>
      <trkpt lat="49.144243" lon="19.999611"><ele>1785.0</ele></trkpt>
      <trkpt lat="49.144224" lon="19.999612"><ele>1784.0</ele></trkpt>
      <trkpt lat="49.144202" lon="19.999603"><ele>1783.0</ele></trkpt>
      <trkpt lat="49.144182" lon="19.999603"><ele>1783.0</ele></trkpt>
      <trkpt lat="49.144155" lon="19.999609"><ele>1783.0</ele></trkpt>
      <trkpt lat="49.144136" lon="19.999619"><ele>1783.0</ele></trkpt>
      <trkpt lat="49.144115" lon="19.999641"><ele>1783.0</ele></trkpt>
      <trkpt lat="49.144100" lon="19.999667"><ele>1782.0</ele></trkpt>
      <trkpt lat="49.144080" lon="19.999672"><ele>1782.0</ele></trkpt>
      <trkpt lat="49.144059" lon="19.999662"><ele>1782.0</ele></trkpt>
      <trkpt lat="49.144035" lon="19.999677"><ele>1781.0</ele></trkpt>
      <trkpt lat="49.144017" lon="19.999687"><ele>1780.0</ele></trkpt>
      <trkpt lat="49.143997" lon="19.999690"><ele>1780.0</ele></trkpt>
      <trkpt lat="49.143981" lon="19.999705"><ele>1780.0</ele></trkpt>
      <trkpt lat="49.143958" lon="19.999702"><ele>1779.0</ele></trkpt>
      <trkpt lat="49.143940" lon="19.999705"><ele>1779.0</ele></trkpt>
      <trkpt lat="49.143922" lon="19.999713"><ele>1779.0</ele></trkpt>
      <trkpt lat="49.143913" lon="19.999737"><ele>1777.0</ele></trkpt>
      <trkpt lat="49.143896" lon="19.999754"><ele>1776.0</ele></trkpt>
      <trkpt lat="49.143879" lon="19.999776"><ele>1776.0</ele></trkpt>
      <trkpt lat="49.143860" lon="19.999789"><ele>1776.0</ele></trkpt>
      <trkpt lat="49.143840" lon="19.999784"><ele>1775.0</ele></trkpt>
      <trkpt lat="49.143820" lon="19.999778"><ele>1775.0</ele></trkpt>
      <trkpt lat="49.143803" lon="19.999761"><ele>1774.0</ele></trkpt>
      <trkpt lat="49.143782" lon="19.999751"><ele>1774.0</ele></trkpt>
      <trkpt lat="49.143761" lon="19.999742"><ele>1773.0</ele></trkpt>
      <trkpt lat="49.143753" lon="19.999769"><ele>1773.0</ele></trkpt>
      <trkpt lat="49.143733" lon="19.999786"><ele>1773.0</ele></trkpt>
      <trkpt lat="49.143711" lon="19.999800"><ele>1772.0</ele></trkpt>
      <trkpt lat="49.143691" lon="19.999791"><ele>1771.0</ele></trkpt>
      <trkpt lat="49.143673" lon="19.999799"><ele>1771.0</ele></trkpt>
      <trkpt lat="49.143656" lon="19.999813"><ele>1770.0</ele></trkpt>
      <trkpt lat="49.143637" lon="19.999825"><ele>1770.0</ele></trkpt>
      <trkpt lat="49.143617" lon="19.999837"><ele>1769.0</ele></trkpt>
      <trkpt lat="49.143597" lon="19.999845"><ele>1769.0</ele></trkpt>
      <trkpt lat="49.143575" lon="19.999851"><ele>1768.0</ele></trkpt>
      <trkpt lat="49.143557" lon="19.999876"><ele>1768.0</ele></trkpt>
      <trkpt lat="49.143538" lon="19.999896"><ele>1767.0</ele></trkpt>
      <trkpt lat="49.143513" lon="19.999907"><ele>1767.0</ele></trkpt>
      <trkpt lat="49.143495" lon="19.999916"><ele>1766.0</ele></trkpt>
      <trkpt lat="49.143472" lon="19.999910"><ele>1766.0</ele></trkpt>
      <trkpt lat="49.143456" lon="19.999895"><ele>1765.0</ele></trkpt>
      <trkpt lat="49.143440" lon="19.999871"><ele>1765.0</ele></trkpt>
      <trkpt lat="49.143421" lon="19.999858"><ele>1765.0</ele></trkpt>
      <trkpt lat="49.143397" lon="19.999862"><ele>1764.0</ele></trkpt>
      <trkpt lat="49.143376" lon="19.999871"><ele>1764.0</ele></trkpt>
      <trkpt lat="49.143359" lon="19.999882"><ele>1764.0</ele></trkpt>
      <trkpt lat="49.143339" lon="19.999882"><ele>1763.0</ele></trkpt>
      <trkpt lat="49.143318" lon="19.999882"><ele>1762.0</ele></trkpt>
      <trkpt lat="49.143299" lon="19.999891"><ele>1762.0</ele></trkpt>
      <trkpt lat="49.143278" lon="19.999905"><ele>1762.0</ele></trkpt>
      <trkpt lat="49.143260" lon="19.999913"><ele>1762.0</ele></trkpt>
      <trkpt lat="49.143235" lon="19.999930"><ele>1761.0</ele></trkpt>
      <trkpt lat="49.143216" lon="19.999950"><ele>1760.0</ele></trkpt>
      <trkpt lat="49.143198" lon="19.999953"><ele>1760.0</ele></trkpt>
      <trkpt lat="49.143178" lon="19.999933"><ele>1759.0</ele></trkpt>
      <trkpt lat="49.143160" lon="19.999918"><ele>1759.0</ele></trkpt>
      <trkpt lat="49.143139" lon="19.999905"><ele>1758.0</ele></trkpt>
      <trkpt lat="49.143115" lon="19.999895"><ele>1758.0</ele></trkpt>
      <trkpt lat="49.143097" lon="19.999895"><ele>1757.0</ele></trkpt>
      <trkpt lat="49.143073" lon="19.999900"><ele>1756.0</ele></trkpt>
      <trkpt lat="49.143054" lon="19.999914"><ele>1756.0</ele></trkpt>
      <trkpt lat="49.143039" lon="19.999941"><ele>1756.0</ele></trkpt>
      <trkpt lat="49.143018" lon="19.999963"><ele>1754.0</ele></trkpt>
      <trkpt lat="49.143000" lon="19.999945"><ele>1754.0</ele></trkpt>
      <trkpt lat="49.142980" lon="19.999925"><ele>1753.0</ele></trkpt>
      <trkpt lat="49.142967" lon="19.999954"><ele>1753.0</ele></trkpt>
      <trkpt lat="49.142954" lon="19.999982"><ele>1753.0</ele></trkpt>
      <trkpt lat="49.142935" lon="19.999986"><ele>1751.0</ele></trkpt>
      <trkpt lat="49.142919" lon="19.999998"><ele>1751.0</ele></trkpt>
      <trkpt lat="49.142899" lon="20.000014"><ele>1751.0</ele></trkpt>
      <trkpt lat="49.142875" lon="20.000024"><ele>1750.0</ele></trkpt>
      <trkpt lat="49.142851" lon="20.000022"><ele>1749.0</ele></trkpt>
      <trkpt lat="49.142830" lon="20.000020"><ele>1748.0</ele></trkpt>
      <trkpt lat="49.142811" lon="20.000015"><ele>1748.0</ele></trkpt>
      <trkpt lat="49.142791" lon="20.000006"><ele>1748.0</ele></trkpt>
      <trkpt lat="49.142769" lon="20.000001"><ele>1747.0</ele></trkpt>
      <trkpt lat="49.142747" lon="20.000003"><ele>1746.0</ele></trkpt>
      <trkpt lat="49.142727" lon="20.000018"><ele>1745.0</ele></trkpt>
      <trkpt lat="49.142703" lon="20.000024"><ele>1745.0</ele></trkpt>
      <trkpt lat="49.142683" lon="20.000042"><ele>1744.0</ele></trkpt>
      <trkpt lat="49.142666" lon="20.000054"><ele>1744.0</ele></trkpt>
      <trkpt lat="49.142646" lon="20.000071"><ele>1743.0</ele></trkpt>
      <trkpt lat="49.142626" lon="20.000078"><ele>1743.0</ele></trkpt>
      <trkpt lat="49.142606" lon="20.000096"><ele>1742.0</ele></trkpt>
      <trkpt lat="49.142599" lon="20.000130"><ele>1742.0</ele></trkpt>
      <trkpt lat="49.142592" lon="20.000165"><ele>1741.0</ele></trkpt>
      <trkpt lat="49.142581" lon="20.000194"><ele>1741.0</ele></trkpt>
      <trkpt lat="49.142572" lon="20.000224"><ele>1740.0</ele></trkpt>
      <trkpt lat="49.142561" lon="20.000256"><ele>1740.0</ele></trkpt>
      <trkpt lat="49.142549" lon="20.000278"><ele>1740.0</ele></trkpt>
      <trkpt lat="49.142530" lon="20.000286"><ele>1740.0</ele></trkpt>
      <trkpt lat="49.142509" lon="20.000284"><ele>1740.0</ele></trkpt>
      <trkpt lat="49.142488" lon="20.000282"><ele>1739.0</ele></trkpt>
      <trkpt lat="49.142466" lon="20.000283"><ele>1739.0</ele></trkpt>
      <trkpt lat="49.142448" lon="20.000304"><ele>1739.0</ele></trkpt>
      <trkpt lat="49.142435" lon="20.000328"><ele>1738.0</ele></trkpt>
      <trkpt lat="49.142418" lon="20.000346"><ele>1737.0</ele></trkpt>
      <trkpt lat="49.142397" lon="20.000339"><ele>1737.0</ele></trkpt>
      <trkpt lat="49.142381" lon="20.000354"><ele>1736.0</ele></trkpt>
      <trkpt lat="49.142358" lon="20.000360"><ele>1736.0</ele></trkpt>
      <trkpt lat="49.142340" lon="20.000353"><ele>1735.0</ele></trkpt>
      <trkpt lat="49.142317" lon="20.000352"><ele>1735.0</ele></trkpt>
      <trkpt lat="49.142292" lon="20.000350"><ele>1734.0</ele></trkpt>
      <trkpt lat="49.142268" lon="20.000360"><ele>1734.0</ele></trkpt>
      <trkpt lat="49.142251" lon="20.000369"><ele>1734.0</ele></trkpt>
      <trkpt lat="49.142234" lon="20.000391"><ele>1733.0</ele></trkpt>
      <trkpt lat="49.142207" lon="20.000414"><ele>1733.0</ele></trkpt>
      <trkpt lat="49.142189" lon="20.000421"><ele>1731.0</ele></trkpt>
      <trkpt lat="49.142182" lon="20.000450"><ele>1731.0</ele></trkpt>
      <trkpt lat="49.142163" lon="20.000447"><ele>1730.0</ele></trkpt>
      <trkpt lat="49.142142" lon="20.000452"><ele>1730.0</ele></trkpt>
      <trkpt lat="49.142123" lon="20.000464"><ele>1729.0</ele></trkpt>
      <trkpt lat="49.142104" lon="20.000475"><ele>1729.0</ele></trkpt>
      <trkpt lat="49.142089" lon="20.000492"><ele>1729.0</ele></trkpt>
      <trkpt lat="49.142068" lon="20.000513"><ele>1729.0</ele></trkpt>
      <trkpt lat="49.142046" lon="20.000520"><ele>1727.0</ele></trkpt>
      <trkpt lat="49.142025" lon="20.000535"><ele>1727.0</ele></trkpt>
      <trkpt lat="49.142002" lon="20.000545"><ele>1727.0</ele></trkpt>
      <trkpt lat="49.141985" lon="20.000564"><ele>1726.0</ele></trkpt>
      <trkpt lat="49.141968" lon="20.000593"><ele>1726.0</ele></trkpt>
      <trkpt lat="49.141948" lon="20.000608"><ele>1726.0</ele></trkpt>
      <trkpt lat="49.141926" lon="20.000627"><ele>1725.0</ele></trkpt>
      <trkpt lat="49.141902" lon="20.000629"><ele>1725.0</ele></trkpt>
      <trkpt lat="49.141876" lon="20.000641"><ele>1725.0</ele></trkpt>
      <trkpt lat="49.141856" lon="20.000663"><ele>1724.0</ele></trkpt>
      <trkpt lat="49.141835" lon="20.000683"><ele>1723.0</ele></trkpt>
      <trkpt lat="49.141817" lon="20.000710"><ele>1723.0</ele></trkpt>
      <trkpt lat="49.141798" lon="20.000729"><ele>1722.0</ele></trkpt>
      <trkpt lat="49.141775" lon="20.000740"><ele>1722.0</ele></trkpt>
      <trkpt lat="49.141757" lon="20.000748"><ele>1722.0</ele></trkpt>
      <trkpt lat="49.141736" lon="20.000761"><ele>1721.0</ele></trkpt>
      <trkpt lat="49.141714" lon="20.000776"><ele>1720.0</ele></trkpt>
      <trkpt lat="49.141697" lon="20.000794"><ele>1719.0</ele></trkpt>
      <trkpt lat="49.141677" lon="20.000803"><ele>1719.0</ele></trkpt>
      <trkpt lat="49.141657" lon="20.000814"><ele>1719.0</ele></trkpt>
      <trkpt lat="49.141639" lon="20.000821"><ele>1718.0</ele></trkpt>
      <trkpt lat="49.141617" lon="20.000840"><ele>1718.0</ele></trkpt>
      <trkpt lat="49.141594" lon="20.000838"><ele>1717.0</ele></trkpt>
      <trkpt lat="49.141574" lon="20.000847"><ele>1717.0</ele></trkpt>
      <trkpt lat="49.141561" lon="20.000867"><ele>1716.0</ele></trkpt>
      <trkpt lat="49.141543" lon="20.000888"><ele>1716.0</ele></trkpt>
      <trkpt lat="49.141526" lon="20.000897"><ele>1715.0</ele></trkpt>
      <trkpt lat="49.141514" lon="20.000922"><ele>1715.0</ele></trkpt>
      <trkpt lat="49.141510" lon="20.000892"><ele>1714.0</ele></trkpt>
      <trkpt lat="49.141501" lon="20.000856"><ele>1714.0</ele></trkpt>
      <trkpt lat="49.141483" lon="20.000852"><ele>1714.0</ele></trkpt>
      <trkpt lat="49.141464" lon="20.000873"><ele>1713.0</ele></trkpt>
      <trkpt lat="49.141446" lon="20.000896"><ele>1713.0</ele></trkpt>
      <trkpt lat="49.141427" lon="20.000927"><ele>1712.0</ele></trkpt>
      <trkpt lat="49.141417" lon="20.000950"><ele>1712.0</ele></trkpt>
      <trkpt lat="49.141402" lon="20.000966"><ele>1712.0</ele></trkpt>
      <trkpt lat="49.141379" lon="20.000975"><ele>1711.0</ele></trkpt>
      <trkpt lat="49.141358" lon="20.000977"><ele>1711.0</ele></trkpt>
      <trkpt lat="49.141333" lon="20.000984"><ele>1710.0</ele></trkpt>
      <trkpt lat="49.141309" lon="20.000999"><ele>1709.0</ele></trkpt>
      <trkpt lat="49.141291" lon="20.001015"><ele>1709.0</ele></trkpt>
      <trkpt lat="49.141274" lon="20.001046"><ele>1708.0</ele></trkpt>
      <trkpt lat="49.141256" lon="20.001061"><ele>1708.0</ele></trkpt>
      <trkpt lat="49.141233" lon="20.001062"><ele>1707.0</ele></trkpt>
      <trkpt lat="49.141216" lon="20.001049"><ele>1707.0</ele></trkpt>
      <trkpt lat="49.141196" lon="20.001046"><ele>1705.0</ele></trkpt>
      <trkpt lat="49.141174" lon="20.001048"><ele>1704.0</ele></trkpt>
      <trkpt lat="49.141150" lon="20.001035"><ele>1704.0</ele></trkpt>
      <trkpt lat="49.141128" lon="20.001032"><ele>1703.0</ele></trkpt>
      <trkpt lat="49.141111" lon="20.001021"><ele>1703.0</ele></trkpt>
      <trkpt lat="49.141089" lon="20.001013"><ele>1703.0</ele></trkpt>
      <trkpt lat="49.141071" lon="20.001013"><ele>1701.0</ele></trkpt>
      <trkpt lat="49.141047" lon="20.001022"><ele>1700.0</ele></trkpt>
      <trkpt lat="49.141030" lon="20.001038"><ele>1700.0</ele></trkpt>
      <trkpt lat="49.141012" lon="20.001060"><ele>1699.0</ele></trkpt>
      <trkpt lat="49.140995" lon="20.001079"><ele>1698.0</ele></trkpt>
      <trkpt lat="49.140975" lon="20.001073"><ele>1698.0</ele></trkpt>
      <trkpt lat="49.140954" lon="20.001075"><ele>1698.0</ele></trkpt>
      <trkpt lat="49.140942" lon="20.001050"><ele>1697.0</ele></trkpt>
      <trkpt lat="49.140925" lon="20.001038"><ele>1696.0</ele></trkpt>
      <trkpt lat="49.140903" lon="20.001031"><ele>1696.0</ele></trkpt>
      <trkpt lat="49.140886" lon="20.001036"><ele>1695.0</ele></trkpt>
      <trkpt lat="49.140865" lon="20.001021"><ele>1695.0</ele></trkpt>
      <trkpt lat="49.140842" lon="20.001007"><ele>1694.0</ele></trkpt>
      <trkpt lat="49.140821" lon="20.001012"><ele>1693.0</ele></trkpt>
      <trkpt lat="49.140814" lon="20.000979"><ele>1692.0</ele></trkpt>
      <trkpt lat="49.140796" lon="20.000971"><ele>1691.0</ele></trkpt>
      <trkpt lat="49.140773" lon="20.000976"><ele>1691.0</ele></trkpt>
      <trkpt lat="49.140749" lon="20.000968"><ele>1689.0</ele></trkpt>
      <trkpt lat="49.140723" lon="20.000977"><ele>1689.0</ele></trkpt>
      <trkpt lat="49.140708" lon="20.001009"><ele>1689.0</ele></trkpt>
      <trkpt lat="49.140687" lon="20.001032"><ele>1689.0</ele></trkpt>
      <trkpt lat="49.140672" lon="20.001056"><ele>1688.0</ele></trkpt>
      <trkpt lat="49.140649" lon="20.001073"><ele>1687.0</ele></trkpt>
      <trkpt lat="49.140622" lon="20.001073"><ele>1687.0</ele></trkpt>
      <trkpt lat="49.140602" lon="20.001062"><ele>1686.0</ele></trkpt>
      <trkpt lat="49.140586" lon="20.001077"><ele>1686.0</ele></trkpt>
      <trkpt lat="49.140568" lon="20.001097"><ele>1685.0</ele></trkpt>
      <trkpt lat="49.140550" lon="20.001108"><ele>1684.0</ele></trkpt>
      <trkpt lat="49.140528" lon="20.001111"><ele>1684.0</ele></trkpt>
      <trkpt lat="49.140506" lon="20.001108"><ele>1684.0</ele></trkpt>
      <trkpt lat="49.140482" lon="20.001103"><ele>1683.0</ele></trkpt>
      <trkpt lat="49.140460" lon="20.001117"><ele>1682.0</ele></trkpt>
      <trkpt lat="49.140438" lon="20.001133"><ele>1682.0</ele></trkpt>
      <trkpt lat="49.140420" lon="20.001132"><ele>1680.0</ele></trkpt>
      <trkpt lat="49.140397" lon="20.001132"><ele>1680.0</ele></trkpt>
      <trkpt lat="49.140372" lon="20.001128"><ele>1680.0</ele></trkpt>
      <trkpt lat="49.140353" lon="20.001122"><ele>1680.0</ele></trkpt>
      <trkpt lat="49.140334" lon="20.001117"><ele>1679.0</ele></trkpt>
      <trkpt lat="49.140313" lon="20.001107"><ele>1679.0</ele></trkpt>
      <trkpt lat="49.140291" lon="20.001104"><ele>1678.0</ele></trkpt>
      <trkpt lat="49.140271" lon="20.001093"><ele>1677.0</ele></trkpt>
      <trkpt lat="49.140252" lon="20.001087"><ele>1677.0</ele></trkpt>
      <trkpt lat="49.140230" lon="20.001071"><ele>1676.0</ele></trkpt>
      <trkpt lat="49.140210" lon="20.001070"><ele>1676.0</ele></trkpt>
      <trkpt lat="49.140185" lon="20.001059"><ele>1676.0</ele></trkpt>
      <trkpt lat="49.140158" lon="20.001045"><ele>1675.0</ele></trkpt>
      <trkpt lat="49.140137" lon="20.001045"><ele>1675.0</ele></trkpt>
      <trkpt lat="49.140114" lon="20.001033"><ele>1675.0</ele></trkpt>
      <trkpt lat="49.140095" lon="20.001024"><ele>1674.0</ele></trkpt>
      <trkpt lat="49.140075" lon="20.001007"><ele>1673.0</ele></trkpt>
      <trkpt lat="49.140056" lon="20.000991"><ele>1673.0</ele></trkpt>
      <trkpt lat="49.140032" lon="20.000994"><ele>1673.0</ele></trkpt>
      <trkpt lat="49.140016" lon="20.001024"><ele>1673.0</ele></trkpt>
      <trkpt lat="49.139995" lon="20.001043"><ele>1673.0</ele></trkpt>
      <trkpt lat="49.139969" lon="20.001049"><ele>1673.0</ele></trkpt>
      <trkpt lat="49.139945" lon="20.001052"><ele>1673.0</ele></trkpt>
      <trkpt lat="49.139922" lon="20.001066"><ele>1672.0</ele></trkpt>
      <trkpt lat="49.139901" lon="20.001054"><ele>1671.0</ele></trkpt>
      <trkpt lat="49.139883" lon="20.001058"><ele>1671.0</ele></trkpt>
      <trkpt lat="49.139863" lon="20.001058"><ele>1671.0</ele></trkpt>
      <trkpt lat="49.139846" lon="20.001075"><ele>1670.0</ele></trkpt>
      <trkpt lat="49.139829" lon="20.001092"><ele>1670.0</ele></trkpt>
      <trkpt lat="49.139806" lon="20.001094"><ele>1670.0</ele></trkpt>
      <trkpt lat="49.139789" lon="20.001103"><ele>1670.0</ele></trkpt>
      <trkpt lat="49.139763" lon="20.001116"><ele>1670.0</ele></trkpt>
      <trkpt lat="49.139741" lon="20.001139"><ele>1669.0</ele></trkpt>
      <trkpt lat="49.139724" lon="20.001157"><ele>1669.0</ele></trkpt>
      <trkpt lat="49.139708" lon="20.001171"><ele>1669.0</ele></trkpt>
      <trkpt lat="49.139691" lon="20.001180"><ele>1668.0</ele></trkpt>
      <trkpt lat="49.139667" lon="20.001191"><ele>1668.0</ele></trkpt>
      <trkpt lat="49.139649" lon="20.001201"><ele>1668.0</ele></trkpt>
      <trkpt lat="49.139630" lon="20.001223"><ele>1667.0</ele></trkpt>
      <trkpt lat="49.139610" lon="20.001237"><ele>1667.0</ele></trkpt>
      <trkpt lat="49.139588" lon="20.001231"><ele>1667.0</ele></trkpt>
      <trkpt lat="49.139570" lon="20.001239"><ele>1666.0</ele></trkpt>
      <trkpt lat="49.139553" lon="20.001255"><ele>1665.0</ele></trkpt>
      <trkpt lat="49.139532" lon="20.001262"><ele>1665.0</ele></trkpt>
      <trkpt lat="49.139513" lon="20.001266"><ele>1665.0</ele></trkpt>
      <trkpt lat="49.139491" lon="20.001259"><ele>1664.0</ele></trkpt>
      <trkpt lat="49.139470" lon="20.001257"><ele>1663.0</ele></trkpt>
      <trkpt lat="49.139447" lon="20.001261"><ele>1662.0</ele></trkpt>
      <trkpt lat="49.139424" lon="20.001285"><ele>1661.0</ele></trkpt>
      <trkpt lat="49.139403" lon="20.001297"><ele>1661.0</ele></trkpt>
      <trkpt lat="49.139384" lon="20.001307"><ele>1661.0</ele></trkpt>
      <trkpt lat="49.139368" lon="20.001325"><ele>1660.0</ele></trkpt>
      <trkpt lat="49.139347" lon="20.001333"><ele>1659.0</ele></trkpt>
      <trkpt lat="49.139330" lon="20.001354"><ele>1659.0</ele></trkpt>
      <trkpt lat="49.139309" lon="20.001366"><ele>1658.0</ele></trkpt>
      <trkpt lat="49.139292" lon="20.001383"><ele>1658.0</ele></trkpt>
      <trkpt lat="49.139277" lon="20.001399"><ele>1658.0</ele></trkpt>
      <trkpt lat="49.139255" lon="20.001417"><ele>1657.0</ele></trkpt>
      <trkpt lat="49.139244" lon="20.001445"><ele>1657.0</ele></trkpt>
      <trkpt lat="49.139229" lon="20.001467"><ele>1657.0</ele></trkpt>
      <trkpt lat="49.139212" lon="20.001492"><ele>1657.0</ele></trkpt>
      <trkpt lat="49.139200" lon="20.001518"><ele>1657.0</ele></trkpt>
      <trkpt lat="49.139182" lon="20.001544"><ele>1656.0</ele></trkpt>
      <trkpt lat="49.139164" lon="20.001569"><ele>1656.0</ele></trkpt>
      <trkpt lat="49.139146" lon="20.001588"><ele>1656.0</ele></trkpt>
      <trkpt lat="49.139129" lon="20.001596"><ele>1656.0</ele></trkpt>
      <trkpt lat="49.139113" lon="20.001611"><ele>1655.0</ele></trkpt>
      <trkpt lat="49.139094" lon="20.001638"><ele>1654.0</ele></trkpt>
      <trkpt lat="49.139071" lon="20.001655"><ele>1653.0</ele></trkpt>
      <trkpt lat="49.139055" lon="20.001681"><ele>1653.0</ele></trkpt>
      <trkpt lat="49.139043" lon="20.001702"><ele>1653.0</ele></trkpt>
      <trkpt lat="49.139027" lon="20.001723"><ele>1653.0</ele></trkpt>
      <trkpt lat="49.139008" lon="20.001738"><ele>1653.0</ele></trkpt>
      <trkpt lat="49.138989" lon="20.001745"><ele>1653.0</ele></trkpt>
      <trkpt lat="49.138971" lon="20.001752"><ele>1652.0</ele></trkpt>
      <trkpt lat="49.138958" lon="20.001773"><ele>1651.0</ele></trkpt>
      <trkpt lat="49.138941" lon="20.001787"><ele>1651.0</ele></trkpt>
      <trkpt lat="49.138915" lon="20.001780"><ele>1650.0</ele></trkpt>
      <trkpt lat="49.138892" lon="20.001775"><ele>1650.0</ele></trkpt>
      <trkpt lat="49.138871" lon="20.001778"><ele>1648.0</ele></trkpt>
      <trkpt lat="49.138851" lon="20.001782"><ele>1647.0</ele></trkpt>
      <trkpt lat="49.138833" lon="20.001795"><ele>1647.0</ele></trkpt>
      <trkpt lat="49.138813" lon="20.001801"><ele>1647.0</ele></trkpt>
      <trkpt lat="49.138795" lon="20.001807"><ele>1646.0</ele></trkpt>
      <trkpt lat="49.138777" lon="20.001819"><ele>1645.0</ele></trkpt>
      <trkpt lat="49.138762" lon="20.001834"><ele>1645.0</ele></trkpt>
      <trkpt lat="49.138750" lon="20.001857"><ele>1644.0</ele></trkpt>
      <trkpt lat="49.138731" lon="20.001885"><ele>1643.0</ele></trkpt>
      <trkpt lat="49.138710" lon="20.001902"><ele>1643.0</ele></trkpt>
      <trkpt lat="49.138695" lon="20.001930"><ele>1642.0</ele></trkpt>
      <trkpt lat="49.138678" lon="20.001956"><ele>1642.0</ele></trkpt>
      <trkpt lat="49.138658" lon="20.001983"><ele>1642.0</ele></trkpt>
      <trkpt lat="49.138645" lon="20.002008"><ele>1641.0</ele></trkpt>
      <trkpt lat="49.138636" lon="20.002032"><ele>1641.0</ele></trkpt>
      <trkpt lat="49.138619" lon="20.002048"><ele>1640.0</ele></trkpt>
      <trkpt lat="49.138600" lon="20.002064"><ele>1639.0</ele></trkpt>
      <trkpt lat="49.138578" lon="20.002088"><ele>1639.0</ele></trkpt>
      <trkpt lat="49.138559" lon="20.002097"><ele>1638.0</ele></trkpt>
      <trkpt lat="49.138543" lon="20.002116"><ele>1638.0</ele></trkpt>
      <trkpt lat="49.138519" lon="20.002129"><ele>1638.0</ele></trkpt>
      <trkpt lat="49.138503" lon="20.002143"><ele>1637.0</ele></trkpt>
      <trkpt lat="49.138490" lon="20.002165"><ele>1636.0</ele></trkpt>
      <trkpt lat="49.138478" lon="20.002187"><ele>1636.0</ele></trkpt>
      <trkpt lat="49.138463" lon="20.002202"><ele>1636.0</ele></trkpt>
      <trkpt lat="49.138447" lon="20.002223"><ele>1635.0</ele></trkpt>
      <trkpt lat="49.138441" lon="20.002257"><ele>1634.0</ele></trkpt>
      <trkpt lat="49.138435" lon="20.002285"><ele>1633.0</ele></trkpt>
      <trkpt lat="49.138424" lon="20.002324"><ele>1632.0</ele></trkpt>
      <trkpt lat="49.138408" lon="20.002358"><ele>1632.0</ele></trkpt>
      <trkpt lat="49.138397" lon="20.002395"><ele>1631.0</ele></trkpt>
      <trkpt lat="49.138396" lon="20.002423"><ele>1631.0</ele></trkpt>
      <trkpt lat="49.138396" lon="20.002454"><ele>1631.0</ele></trkpt>
      <trkpt lat="49.138397" lon="20.002486"><ele>1630.0</ele></trkpt>
      <trkpt lat="49.138393" lon="20.002519"><ele>1630.0</ele></trkpt>
      <trkpt lat="49.138389" lon="20.002551"><ele>1629.0</ele></trkpt>
      <trkpt lat="49.138378" lon="20.002573"><ele>1629.0</ele></trkpt>
      <trkpt lat="49.138376" lon="20.002616"><ele>1629.0</ele></trkpt>
      <trkpt lat="49.138376" lon="20.002652"><ele>1629.0</ele></trkpt>
      <trkpt lat="49.138376" lon="20.002683"><ele>1628.0</ele></trkpt>
      <trkpt lat="49.138366" lon="20.002706"><ele>1628.0</ele></trkpt>
      <trkpt lat="49.138361" lon="20.002739"><ele>1628.0</ele></trkpt>
      <trkpt lat="49.138350" lon="20.002767"><ele>1627.0</ele></trkpt>
      <trkpt lat="49.138340" lon="20.002795"><ele>1627.0</ele></trkpt>
      <trkpt lat="49.138336" lon="20.002831"><ele>1627.0</ele></trkpt>
      <trkpt lat="49.138330" lon="20.002862"><ele>1627.0</ele></trkpt>
      <trkpt lat="49.138330" lon="20.002891"><ele>1627.0</ele></trkpt>
      <trkpt lat="49.138323" lon="20.002926"><ele>1627.0</ele></trkpt>
      <trkpt lat="49.138324" lon="20.002954"><ele>1626.0</ele></trkpt>
      <trkpt lat="49.138322" lon="20.002985"><ele>1625.0</ele></trkpt>
      <trkpt lat="49.138320" lon="20.003017"><ele>1624.0</ele></trkpt>
      <trkpt lat="49.138319" lon="20.003051"><ele>1624.0</ele></trkpt>
      <trkpt lat="49.138333" lon="20.003084"><ele>1624.0</ele></trkpt>
      <trkpt lat="49.138333" lon="20.003116"><ele>1624.0</ele></trkpt>
      <trkpt lat="49.138331" lon="20.003159"><ele>1623.0</ele></trkpt>
      <trkpt lat="49.138334" lon="20.003196"><ele>1623.0</ele></trkpt>
      <trkpt lat="49.138332" lon="20.003229"><ele>1622.0</ele></trkpt>
      <trkpt lat="49.138328" lon="20.003260"><ele>1622.0</ele></trkpt>
      <trkpt lat="49.138326" lon="20.003289"><ele>1622.0</ele></trkpt>
      <trkpt lat="49.138332" lon="20.003330"><ele>1621.0</ele></trkpt>
      <trkpt lat="49.138319" lon="20.003358"><ele>1621.0</ele></trkpt>
      <trkpt lat="49.138308" lon="20.003393"><ele>1620.0</ele></trkpt>
      <trkpt lat="49.138296" lon="20.003420"><ele>1619.0</ele></trkpt>
      <trkpt lat="49.138294" lon="20.003449"><ele>1619.0</ele></trkpt>
      <trkpt lat="49.138290" lon="20.003483"><ele>1619.0</ele></trkpt>
      <trkpt lat="49.138294" lon="20.003517"><ele>1619.0</ele></trkpt>
      <trkpt lat="49.138292" lon="20.003548"><ele>1619.0</ele></trkpt>
      <trkpt lat="49.138283" lon="20.003581"><ele>1619.0</ele></trkpt>
      <trkpt lat="49.138282" lon="20.003620"><ele>1618.0</ele></trkpt>
      <trkpt lat="49.138281" lon="20.003651"><ele>1618.0</ele></trkpt>
      <trkpt lat="49.138272" lon="20.003677"><ele>1617.0</ele></trkpt>
      <trkpt lat="49.138259" lon="20.003708"><ele>1617.0</ele></trkpt>
      <trkpt lat="49.138249" lon="20.003734"><ele>1617.0</ele></trkpt>
      <trkpt lat="49.138237" lon="20.003770"><ele>1616.0</ele></trkpt>
      <trkpt lat="49.138228" lon="20.003803"><ele>1616.0</ele></trkpt>
      <trkpt lat="49.138219" lon="20.003826"><ele>1615.0</ele></trkpt>
      <trkpt lat="49.138207" lon="20.003860"><ele>1615.0</ele></trkpt>
      <trkpt lat="49.138199" lon="20.003895"><ele>1614.0</ele></trkpt>
      <trkpt lat="49.138194" lon="20.003922"><ele>1614.0</ele></trkpt>
      <trkpt lat="49.138200" lon="20.003954"><ele>1614.0</ele></trkpt>
      <trkpt lat="49.138202" lon="20.003984"><ele>1614.0</ele></trkpt>
      <trkpt lat="49.138195" lon="20.004017"><ele>1613.0</ele></trkpt>
      <trkpt lat="49.138193" lon="20.004048"><ele>1612.0</ele></trkpt>
      <trkpt lat="49.138178" lon="20.004082"><ele>1612.0</ele></trkpt>
      <trkpt lat="49.138166" lon="20.004108"><ele>1611.0</ele></trkpt>
      <trkpt lat="49.138154" lon="20.004138"><ele>1610.0</ele></trkpt>
      <trkpt lat="49.138155" lon="20.004167"><ele>1610.0</ele></trkpt>
      <trkpt lat="49.138153" lon="20.004198"><ele>1610.0</ele></trkpt>
      <trkpt lat="49.138154" lon="20.004232"><ele>1609.0</ele></trkpt>
      <trkpt lat="49.138155" lon="20.004260"><ele>1609.0</ele></trkpt>
      <trkpt lat="49.138145" lon="20.004290"><ele>1608.0</ele></trkpt>
      <trkpt lat="49.138138" lon="20.004323"><ele>1608.0</ele></trkpt>
      <trkpt lat="49.138139" lon="20.004359"><ele>1608.0</ele></trkpt>
      <trkpt lat="49.138134" lon="20.004386"><ele>1607.0</ele></trkpt>
      <trkpt lat="49.138127" lon="20.004425"><ele>1607.0</ele></trkpt>
      <trkpt lat="49.138131" lon="20.004467"><ele>1607.0</ele></trkpt>
      <trkpt lat="49.138132" lon="20.004496"><ele>1607.0</ele></trkpt>
      <trkpt lat="49.138132" lon="20.004526"><ele>1606.0</ele></trkpt>
      <trkpt lat="49.138133" lon="20.004559"><ele>1606.0</ele></trkpt>
      <trkpt lat="49.138138" lon="20.004588"><ele>1606.0</ele></trkpt>
      <trkpt lat="49.138149" lon="20.004616"><ele>1605.0</ele></trkpt>
      <trkpt lat="49.138142" lon="20.004650"><ele>1605.0</ele></trkpt>
      <trkpt lat="49.138141" lon="20.004693"><ele>1604.0</ele></trkpt>
      <trkpt lat="49.138140" lon="20.004723"><ele>1604.0</ele></trkpt>
      <trkpt lat="49.138143" lon="20.004754"><ele>1604.0</ele></trkpt>
      <trkpt lat="49.138154" lon="20.004781"><ele>1604.0</ele></trkpt>
      <trkpt lat="49.138167" lon="20.004815"><ele>1604.0</ele></trkpt>
      <trkpt lat="49.138173" lon="20.004843"><ele>1603.0</ele></trkpt>
      <trkpt lat="49.138171" lon="20.004874"><ele>1603.0</ele></trkpt>
      <trkpt lat="49.138173" lon="20.004909"><ele>1603.0</ele></trkpt>
      <trkpt lat="49.138175" lon="20.004943"><ele>1602.0</ele></trkpt>
      <trkpt lat="49.138178" lon="20.004974"><ele>1602.0</ele></trkpt>
      <trkpt lat="49.138183" lon="20.005011"><ele>1602.0</ele></trkpt>
      <trkpt lat="49.138185" lon="20.005038"><ele>1601.0</ele></trkpt>
      <trkpt lat="49.138184" lon="20.005073"><ele>1601.0</ele></trkpt>
      <trkpt lat="49.138181" lon="20.005111"><ele>1600.0</ele></trkpt>
      <trkpt lat="49.138181" lon="20.005148"><ele>1599.0</ele></trkpt>
      <trkpt lat="49.138170" lon="20.005183"><ele>1599.0</ele></trkpt>
      <trkpt lat="49.138175" lon="20.005220"><ele>1599.0</ele></trkpt>
      <trkpt lat="49.138186" lon="20.005248"><ele>1598.0</ele></trkpt>
      <trkpt lat="49.138192" lon="20.005275"><ele>1598.0</ele></trkpt>
      <trkpt lat="49.138197" lon="20.005304"><ele>1598.0</ele></trkpt>
      <trkpt lat="49.138199" lon="20.005338"><ele>1597.0</ele></trkpt>
      <trkpt lat="49.138205" lon="20.005366"><ele>1597.0</ele></trkpt>
      <trkpt lat="49.138209" lon="20.005402"><ele>1597.0</ele></trkpt>
      <trkpt lat="49.138206" lon="20.005432"><ele>1596.0</ele></trkpt>
      <trkpt lat="49.138194" lon="20.005461"><ele>1595.0</ele></trkpt>
      <trkpt lat="49.138194" lon="20.005488"><ele>1595.0</ele></trkpt>
      <trkpt lat="49.138220" lon="20.005483"><ele>1594.0</ele></trkpt>
      <trkpt lat="49.138233" lon="20.005462"><ele>1594.0</ele></trkpt>
      <trkpt lat="49.138209" lon="20.005478"><ele>1594.0</ele></trkpt>
      <trkpt lat="49.138202" lon="20.005511"><ele>1593.0</ele></trkpt>
      <trkpt lat="49.138198" lon="20.005541"><ele>1593.0</ele></trkpt>
      <trkpt lat="49.138186" lon="20.005569"><ele>1593.0</ele></trkpt>
      <trkpt lat="49.138169" lon="20.005591"><ele>1593.0</ele></trkpt>
      <trkpt lat="49.138159" lon="20.005626"><ele>1593.0</ele></trkpt>
      <trkpt lat="49.138150" lon="20.005653"><ele>1591.0</ele></trkpt>
      <trkpt lat="49.138137" lon="20.005687"><ele>1591.0</ele></trkpt>
      <trkpt lat="49.138123" lon="20.005712"><ele>1590.0</ele></trkpt>
      <trkpt lat="49.138114" lon="20.005744"><ele>1590.0</ele></trkpt>
      <trkpt lat="49.138103" lon="20.005784"><ele>1590.0</ele></trkpt>
      <trkpt lat="49.138090" lon="20.005817"><ele>1589.0</ele></trkpt>
      <trkpt lat="49.138082" lon="20.005848"><ele>1589.0</ele></trkpt>
      <trkpt lat="49.138067" lon="20.005883"><ele>1589.0</ele></trkpt>
      <trkpt lat="49.138048" lon="20.005899"><ele>1589.0</ele></trkpt>
      <trkpt lat="49.138035" lon="20.005924"><ele>1588.0</ele></trkpt>
      <trkpt lat="49.138016" lon="20.005955"><ele>1588.0</ele></trkpt>
      <trkpt lat="49.138001" lon="20.005989"><ele>1587.0</ele></trkpt>
      <trkpt lat="49.137988" lon="20.006017"><ele>1587.0</ele></trkpt>
      <trkpt lat="49.137972" lon="20.006036"><ele>1587.0</ele></trkpt>
      <trkpt lat="49.137962" lon="20.006060"><ele>1587.0</ele></trkpt>
      <trkpt lat="49.137955" lon="20.006090"><ele>1587.0</ele></trkpt>
      <trkpt lat="49.137939" lon="20.006101"><ele>1587.0</ele></trkpt>
      <trkpt lat="49.137924" lon="20.006126"><ele>1586.0</ele></trkpt>
      <trkpt lat="49.137917" lon="20.006162"><ele>1586.0</ele></trkpt>
      <trkpt lat="49.137903" lon="20.006195"><ele>1586.0</ele></trkpt>
      <trkpt lat="49.137885" lon="20.006223"><ele>1586.0</ele></trkpt>
      <trkpt lat="49.137873" lon="20.006245"><ele>1586.0</ele></trkpt>
      <trkpt lat="49.137861" lon="20.006281"><ele>1585.0</ele></trkpt>
      <trkpt lat="49.137850" lon="20.006308"><ele>1585.0</ele></trkpt>
      <trkpt lat="49.137835" lon="20.006327"><ele>1585.0</ele></trkpt>
      <trkpt lat="49.137813" lon="20.006349"><ele>1585.0</ele></trkpt>
      <trkpt lat="49.137797" lon="20.006371"><ele>1585.0</ele></trkpt>
      <trkpt lat="49.137785" lon="20.006399"><ele>1585.0</ele></trkpt>
      <trkpt lat="49.137772" lon="20.006423"><ele>1584.0</ele></trkpt>
      <trkpt lat="49.137760" lon="20.006452"><ele>1583.0</ele></trkpt>
      <trkpt lat="49.137748" lon="20.006477"><ele>1583.0</ele></trkpt>
      <trkpt lat="49.137736" lon="20.006514"><ele>1583.0</ele></trkpt>
      <trkpt lat="49.137733" lon="20.006543"><ele>1583.0</ele></trkpt>
      <trkpt lat="49.137727" lon="20.006570"><ele>1583.0</ele></trkpt>
      <trkpt lat="49.137721" lon="20.006609"><ele>1582.0</ele></trkpt>
      <trkpt lat="49.137710" lon="20.006631"><ele>1582.0</ele></trkpt>
      <trkpt lat="49.137696" lon="20.006648"><ele>1582.0</ele></trkpt>
      <trkpt lat="49.137681" lon="20.006671"><ele>1582.0</ele></trkpt>
      <trkpt lat="49.137665" lon="20.006689"><ele>1581.0</ele></trkpt>
      <trkpt lat="49.137648" lon="20.006710"><ele>1581.0</ele></trkpt>
      <trkpt lat="49.137635" lon="20.006735"><ele>1581.0</ele></trkpt>
      <trkpt lat="49.137618" lon="20.006757"><ele>1581.0</ele></trkpt>
      <trkpt lat="49.137604" lon="20.006776"><ele>1581.0</ele></trkpt>
      <trkpt lat="49.137588" lon="20.006804"><ele>1580.0</ele></trkpt>
      <trkpt lat="49.137577" lon="20.006833"><ele>1580.0</ele></trkpt>
      <trkpt lat="49.137567" lon="20.006862"><ele>1580.0</ele></trkpt>
      <trkpt lat="49.137556" lon="20.006888"><ele>1580.0</ele></trkpt>
      <trkpt lat="49.137546" lon="20.006917"><ele>1579.0</ele></trkpt>
      <trkpt lat="49.137526" lon="20.006947"><ele>1579.0</ele></trkpt>
      <trkpt lat="49.137508" lon="20.006976"><ele>1579.0</ele></trkpt>
      <trkpt lat="49.137491" lon="20.006996"><ele>1579.0</ele></trkpt>
      <trkpt lat="49.137475" lon="20.007023"><ele>1579.0</ele></trkpt>
      <trkpt lat="49.137449" lon="20.007042"><ele>1578.0</ele></trkpt>
      <trkpt lat="49.137433" lon="20.007054"><ele>1578.0</ele></trkpt>
      <trkpt lat="49.137419" lon="20.007078"><ele>1578.0</ele></trkpt>
      <trkpt lat="49.137404" lon="20.007098"><ele>1578.0</ele></trkpt>
      <trkpt lat="49.137388" lon="20.007115"><ele>1578.0</ele></trkpt>
      <trkpt lat="49.137371" lon="20.007144"><ele>1578.0</ele></trkpt>
      <trkpt lat="49.137351" lon="20.007165"><ele>1578.0</ele></trkpt>
      <trkpt lat="49.137330" lon="20.007185"><ele>1577.0</ele></trkpt>
      <trkpt lat="49.137314" lon="20.007204"><ele>1577.0</ele></trkpt>
      <trkpt lat="49.137298" lon="20.007228"><ele>1577.0</ele></trkpt>
      <trkpt lat="49.137289" lon="20.007252"><ele>1576.0</ele></trkpt>
      <trkpt lat="49.137266" lon="20.007273"><ele>1576.0</ele></trkpt>
      <trkpt lat="49.137235" lon="20.007295"><ele>1576.0</ele></trkpt>
      <trkpt lat="49.137216" lon="20.007320"><ele>1576.0</ele></trkpt>
      <trkpt lat="49.137202" lon="20.007338"><ele>1575.0</ele></trkpt>
      <trkpt lat="49.137182" lon="20.007372"><ele>1575.0</ele></trkpt>
      <trkpt lat="49.137165" lon="20.007398"><ele>1575.0</ele></trkpt>
      <trkpt lat="49.137146" lon="20.007421"><ele>1575.0</ele></trkpt>
      <trkpt lat="49.137129" lon="20.007445"><ele>1575.0</ele></trkpt>
      <trkpt lat="49.137114" lon="20.007461"><ele>1575.0</ele></trkpt>
      <trkpt lat="49.137096" lon="20.007478"><ele>1574.0</ele></trkpt>
      <trkpt lat="49.137081" lon="20.007498"><ele>1574.0</ele></trkpt>
      <trkpt lat="49.137071" lon="20.007522"><ele>1574.0</ele></trkpt>
      <trkpt lat="49.137052" lon="20.007546"><ele>1574.0</ele></trkpt>
      <trkpt lat="49.137035" lon="20.007567"><ele>1573.0</ele></trkpt>
      <trkpt lat="49.137021" lon="20.007596"><ele>1573.0</ele></trkpt>
      <trkpt lat="49.137004" lon="20.007612"><ele>1573.0</ele></trkpt>
      <trkpt lat="49.136986" lon="20.007633"><ele>1573.0</ele></trkpt>
      <trkpt lat="49.136968" lon="20.007660"><ele>1573.0</ele></trkpt>
      <trkpt lat="49.136951" lon="20.007677"><ele>1573.0</ele></trkpt>
      <trkpt lat="49.136936" lon="20.007697"><ele>1573.0</ele></trkpt>
      <trkpt lat="49.136921" lon="20.007720"><ele>1573.0</ele></trkpt>
      <trkpt lat="49.136904" lon="20.007750"><ele>1572.0</ele></trkpt>
      <trkpt lat="49.136880" lon="20.007768"><ele>1572.0</ele></trkpt>
      <trkpt lat="49.136862" lon="20.007785"><ele>1572.0</ele></trkpt>
      <trkpt lat="49.136851" lon="20.007806"><ele>1572.0</ele></trkpt>
      <trkpt lat="49.136834" lon="20.007832"><ele>1572.0</ele></trkpt>
      <trkpt lat="49.136816" lon="20.007853"><ele>1571.0</ele></trkpt>
      <trkpt lat="49.136801" lon="20.007877"><ele>1571.0</ele></trkpt>
      <trkpt lat="49.136786" lon="20.007896"><ele>1570.0</ele></trkpt>
      <trkpt lat="49.136765" lon="20.007919"><ele>1570.0</ele></trkpt>
      <trkpt lat="49.136749" lon="20.007942"><ele>1570.0</ele></trkpt>
      <trkpt lat="49.136725" lon="20.007954"><ele>1570.0</ele></trkpt>
      <trkpt lat="49.136706" lon="20.007959"><ele>1570.0</ele></trkpt>
      <trkpt lat="49.136672" lon="20.007966"><ele>1570.0</ele></trkpt>
      <trkpt lat="49.136653" lon="20.007972"><ele>1569.0</ele></trkpt>
      <trkpt lat="49.136637" lon="20.007990"><ele>1569.0</ele></trkpt>
      <trkpt lat="49.136616" lon="20.007998"><ele>1569.0</ele></trkpt>
      <trkpt lat="49.136593" lon="20.008010"><ele>1568.0</ele></trkpt>
      <trkpt lat="49.136569" lon="20.008038"><ele>1568.0</ele></trkpt>
      <trkpt lat="49.136549" lon="20.008056"><ele>1568.0</ele></trkpt>
      <trkpt lat="49.136532" lon="20.008080"><ele>1568.0</ele></trkpt>
      <trkpt lat="49.136510" lon="20.008089"><ele>1568.0</ele></trkpt>
      <trkpt lat="49.136496" lon="20.008105"><ele>1567.0</ele></trkpt>
      <trkpt lat="49.136475" lon="20.008122"><ele>1567.0</ele></trkpt>
      <trkpt lat="49.136455" lon="20.008147"><ele>1566.0</ele></trkpt>
      <trkpt lat="49.136437" lon="20.008162"><ele>1566.0</ele></trkpt>
      <trkpt lat="49.136413" lon="20.008170"><ele>1565.0</ele></trkpt>
      <trkpt lat="49.136392" lon="20.008175"><ele>1565.0</ele></trkpt>
      <trkpt lat="49.136373" lon="20.008176"><ele>1565.0</ele></trkpt>
      <trkpt lat="49.136350" lon="20.008186"><ele>1564.0</ele></trkpt>
      <trkpt lat="49.136332" lon="20.008198"><ele>1563.0</ele></trkpt>
      <trkpt lat="49.136309" lon="20.008209"><ele>1563.0</ele></trkpt>
      <trkpt lat="49.136286" lon="20.008227"><ele>1563.0</ele></trkpt>
      <trkpt lat="49.136267" lon="20.008227"><ele>1562.0</ele></trkpt>
      <trkpt lat="49.136246" lon="20.008229"><ele>1561.0</ele></trkpt>
      <trkpt lat="49.136228" lon="20.008236"><ele>1561.0</ele></trkpt>
      <trkpt lat="49.136225" lon="20.008264"><ele>1560.0</ele></trkpt>
      <trkpt lat="49.136208" lon="20.008276"><ele>1560.0</ele></trkpt>
      <trkpt lat="49.136189" lon="20.008293"><ele>1559.0</ele></trkpt>
      <trkpt lat="49.136179" lon="20.008316"><ele>1558.0</ele></trkpt>
      <trkpt lat="49.136174" lon="20.008344"><ele>1558.0</ele></trkpt>
      <trkpt lat="49.136152" lon="20.008348"><ele>1558.0</ele></trkpt>
      <trkpt lat="49.136143" lon="20.008376"><ele>1557.0</ele></trkpt>
      <trkpt lat="49.136147" lon="20.008407"><ele>1556.0</ele></trkpt>
      <trkpt lat="49.136129" lon="20.008408"><ele>1555.0</ele></trkpt>
      <trkpt lat="49.136111" lon="20.008418"><ele>1555.0</ele></trkpt>
      <trkpt lat="49.136099" lon="20.008441"><ele>1555.0</ele></trkpt>
      <trkpt lat="49.136078" lon="20.008449"><ele>1554.0</ele></trkpt>
      <trkpt lat="49.136054" lon="20.008465"><ele>1553.0</ele></trkpt>
      <trkpt lat="49.136036" lon="20.008483"><ele>1552.0</ele></trkpt>
      <trkpt lat="49.136014" lon="20.008505"><ele>1550.0</ele></trkpt>
      <trkpt lat="49.136009" lon="20.008533"><ele>1550.0</ele></trkpt>
      <trkpt lat="49.135990" lon="20.008554"><ele>1550.0</ele></trkpt>
      <trkpt lat="49.135970" lon="20.008569"><ele>1549.0</ele></trkpt>
      <trkpt lat="49.135949" lon="20.008590"><ele>1548.0</ele></trkpt>
      <trkpt lat="49.135931" lon="20.008605"><ele>1547.0</ele></trkpt>
      <trkpt lat="49.135918" lon="20.008626"><ele>1547.0</ele></trkpt>
      <trkpt lat="49.135905" lon="20.008653"><ele>1546.0</ele></trkpt>
      <trkpt lat="49.135887" lon="20.008672"><ele>1546.0</ele></trkpt>
      <trkpt lat="49.135878" lon="20.008698"><ele>1546.0</ele></trkpt>
      <trkpt lat="49.135862" lon="20.008717"><ele>1545.0</ele></trkpt>
      <trkpt lat="49.135844" lon="20.008724"><ele>1545.0</ele></trkpt>
      <trkpt lat="49.135830" lon="20.008747"><ele>1544.0</ele></trkpt>
      <trkpt lat="49.135826" lon="20.008775"><ele>1544.0</ele></trkpt>
      <trkpt lat="49.135824" lon="20.008813"><ele>1542.0</ele></trkpt>
      <trkpt lat="49.135820" lon="20.008845"><ele>1542.0</ele></trkpt>
      <trkpt lat="49.135830" lon="20.008869"><ele>1541.0</ele></trkpt>
      <trkpt lat="49.135840" lon="20.008900"><ele>1541.0</ele></trkpt>
      <trkpt lat="49.135857" lon="20.008932"><ele>1541.0</ele></trkpt>
      <trkpt lat="49.135867" lon="20.008966"><ele>1541.0</ele></trkpt>
      <trkpt lat="49.135891" lon="20.008982"><ele>1540.0</ele></trkpt>
      <trkpt lat="49.135919" lon="20.008989"><ele>1540.0</ele></trkpt>
      <trkpt lat="49.135940" lon="20.009004"><ele>1540.0</ele></trkpt>
      <trkpt lat="49.135961" lon="20.009009"><ele>1540.0</ele></trkpt>
      <trkpt lat="49.135982" lon="20.009014"><ele>1540.0</ele></trkpt>
      <trkpt lat="49.136001" lon="20.009021"><ele>1540.0</ele></trkpt>
      <trkpt lat="49.136022" lon="20.009026"><ele>1540.0</ele></trkpt>
      <trkpt lat="49.136038" lon="20.009039"><ele>1540.0</ele></trkpt>
      <trkpt lat="49.136053" lon="20.009057"><ele>1540.0</ele></trkpt>
      <trkpt lat="49.136072" lon="20.009074"><ele>1539.0</ele></trkpt>
      <trkpt lat="49.136084" lon="20.009100"><ele>1539.0</ele></trkpt>
      <trkpt lat="49.136101" lon="20.009115"><ele>1539.0</ele></trkpt>
      <trkpt lat="49.136119" lon="20.009125"><ele>1539.0</ele></trkpt>
      <trkpt lat="49.136140" lon="20.009137"><ele>1538.0</ele></trkpt>
      <trkpt lat="49.136151" lon="20.009163"><ele>1537.0</ele></trkpt>
      <trkpt lat="49.136153" lon="20.009194"><ele>1537.0</ele></trkpt>
      <trkpt lat="49.136141" lon="20.009224"><ele>1537.0</ele></trkpt>
      <trkpt lat="49.136123" lon="20.009249"><ele>1536.0</ele></trkpt>
      <trkpt lat="49.136118" lon="20.009277"><ele>1536.0</ele></trkpt>
      <trkpt lat="49.136117" lon="20.009312"><ele>1535.0</ele></trkpt>
      <trkpt lat="49.136132" lon="20.009338"><ele>1534.0</ele></trkpt>
      <trkpt lat="49.136151" lon="20.009361"><ele>1534.0</ele></trkpt>
      <trkpt lat="49.136170" lon="20.009377"><ele>1533.0</ele></trkpt>
      <trkpt lat="49.136190" lon="20.009381"><ele>1533.0</ele></trkpt>
      <trkpt lat="49.136213" lon="20.009381"><ele>1533.0</ele></trkpt>
      <trkpt lat="49.136233" lon="20.009367"><ele>1533.0</ele></trkpt>
      <trkpt lat="49.136260" lon="20.009359"><ele>1533.0</ele></trkpt>
      <trkpt lat="49.136285" lon="20.009379"><ele>1532.0</ele></trkpt>
      <trkpt lat="49.136304" lon="20.009385"><ele>1532.0</ele></trkpt>
      <trkpt lat="49.136327" lon="20.009401"><ele>1532.0</ele></trkpt>
      <trkpt lat="49.136346" lon="20.009411"><ele>1531.0</ele></trkpt>
      <trkpt lat="49.136368" lon="20.009416"><ele>1531.0</ele></trkpt>
      <trkpt lat="49.136390" lon="20.009433"><ele>1530.0</ele></trkpt>
      <trkpt lat="49.136404" lon="20.009459"><ele>1529.0</ele></trkpt>
      <trkpt lat="49.136416" lon="20.009485"><ele>1528.0</ele></trkpt>
      <trkpt lat="49.136424" lon="20.009521"><ele>1528.0</ele></trkpt>
      <trkpt lat="49.136426" lon="20.009553"><ele>1528.0</ele></trkpt>
      <trkpt lat="49.136434" lon="20.009584"><ele>1527.0</ele></trkpt>
      <trkpt lat="49.136453" lon="20.009595"><ele>1527.0</ele></trkpt>
      <trkpt lat="49.136472" lon="20.009595"><ele>1527.0</ele></trkpt>
      <trkpt lat="49.136496" lon="20.009606"><ele>1527.0</ele></trkpt>
      <trkpt lat="49.136511" lon="20.009628"><ele>1527.0</ele></trkpt>
      <trkpt lat="49.136521" lon="20.009657"><ele>1527.0</ele></trkpt>
      <trkpt lat="49.136511" lon="20.009687"><ele>1526.0</ele></trkpt>
      <trkpt lat="49.136494" lon="20.009704"><ele>1526.0</ele></trkpt>
      <trkpt lat="49.136473" lon="20.009722"><ele>1526.0</ele></trkpt>
      <trkpt lat="49.136455" lon="20.009744"><ele>1525.0</ele></trkpt>
      <trkpt lat="49.136436" lon="20.009775"><ele>1525.0</ele></trkpt>
      <trkpt lat="49.136422" lon="20.009796"><ele>1524.0</ele></trkpt>
      <trkpt lat="49.136407" lon="20.009815"><ele>1524.0</ele></trkpt>
      <trkpt lat="49.136394" lon="20.009837"><ele>1523.0</ele></trkpt>
      <trkpt lat="49.136378" lon="20.009855"><ele>1523.0</ele></trkpt>
      <trkpt lat="49.136360" lon="20.009870"><ele>1523.0</ele></trkpt>
      <trkpt lat="49.136343" lon="20.009893"><ele>1521.0</ele></trkpt>
      <trkpt lat="49.136327" lon="20.009907"><ele>1521.0</ele></trkpt>
      <trkpt lat="49.136304" lon="20.009930"><ele>1521.0</ele></trkpt>
      <trkpt lat="49.136288" lon="20.009950"><ele>1520.0</ele></trkpt>
      <trkpt lat="49.136270" lon="20.009974"><ele>1520.0</ele></trkpt>
      <trkpt lat="49.136252" lon="20.009996"><ele>1519.0</ele></trkpt>
      <trkpt lat="49.136234" lon="20.010006"><ele>1518.0</ele></trkpt>
      <trkpt lat="49.136215" lon="20.010008"><ele>1517.0</ele></trkpt>
      <trkpt lat="49.136197" lon="20.010014"><ele>1517.0</ele></trkpt>
      <trkpt lat="49.136176" lon="20.010020"><ele>1517.0</ele></trkpt>
      <trkpt lat="49.136155" lon="20.010031"><ele>1517.0</ele></trkpt>
      <trkpt lat="49.136136" lon="20.010042"><ele>1516.0</ele></trkpt>
      <trkpt lat="49.136117" lon="20.010055"><ele>1516.0</ele></trkpt>
      <trkpt lat="49.136095" lon="20.010062"><ele>1516.0</ele></trkpt>
      <trkpt lat="49.136077" lon="20.010072"><ele>1515.0</ele></trkpt>
      <trkpt lat="49.136066" lon="20.010104"><ele>1514.0</ele></trkpt>
      <trkpt lat="49.136054" lon="20.010136"><ele>1513.0</ele></trkpt>
      <trkpt lat="49.136039" lon="20.010154"><ele>1513.0</ele></trkpt>
      <trkpt lat="49.136024" lon="20.010173"><ele>1513.0</ele></trkpt>
      <trkpt lat="49.136005" lon="20.010184"><ele>1513.0</ele></trkpt>
      <trkpt lat="49.135985" lon="20.010191"><ele>1513.0</ele></trkpt>
      <trkpt lat="49.135969" lon="20.010208"><ele>1512.0</ele></trkpt>
      <trkpt lat="49.135945" lon="20.010227"><ele>1511.0</ele></trkpt>
      <trkpt lat="49.135926" lon="20.010235"><ele>1511.0</ele></trkpt>
      <trkpt lat="49.135909" lon="20.010245"><ele>1510.0</ele></trkpt>
      <trkpt lat="49.135891" lon="20.010261"><ele>1510.0</ele></trkpt>
      <trkpt lat="49.135868" lon="20.010262"><ele>1510.0</ele></trkpt>
      <trkpt lat="49.135849" lon="20.010260"><ele>1510.0</ele></trkpt>
      <trkpt lat="49.135822" lon="20.010265"><ele>1509.0</ele></trkpt>
      <trkpt lat="49.135801" lon="20.010262"><ele>1509.0</ele></trkpt>
      <trkpt lat="49.135783" lon="20.010258"><ele>1508.0</ele></trkpt>
      <trkpt lat="49.135762" lon="20.010261"><ele>1507.0</ele></trkpt>
      <trkpt lat="49.135745" lon="20.010251"><ele>1506.0</ele></trkpt>
      <trkpt lat="49.135725" lon="20.010257"><ele>1506.0</ele></trkpt>
      <trkpt lat="49.135708" lon="20.010266"><ele>1505.0</ele></trkpt>
      <trkpt lat="49.135688" lon="20.010286"><ele>1505.0</ele></trkpt>
      <trkpt lat="49.135670" lon="20.010297"><ele>1505.0</ele></trkpt>
      <trkpt lat="49.135650" lon="20.010315"><ele>1504.0</ele></trkpt>
      <trkpt lat="49.135629" lon="20.010328"><ele>1504.0</ele></trkpt>
      <trkpt lat="49.135619" lon="20.010354"><ele>1503.0</ele></trkpt>
      <trkpt lat="49.135602" lon="20.010368"><ele>1502.0</ele></trkpt>
      <trkpt lat="49.135585" lon="20.010379"><ele>1502.0</ele></trkpt>
      <trkpt lat="49.135575" lon="20.010407"><ele>1502.0</ele></trkpt>
      <trkpt lat="49.135559" lon="20.010430"><ele>1501.0</ele></trkpt>
      <trkpt lat="49.135550" lon="20.010457"><ele>1501.0</ele></trkpt>
      <trkpt lat="49.135546" lon="20.010487"><ele>1501.0</ele></trkpt>
      <trkpt lat="49.135525" lon="20.010501"><ele>1501.0</ele></trkpt>
      <trkpt lat="49.135504" lon="20.010514"><ele>1500.0</ele></trkpt>
      <trkpt lat="49.135489" lon="20.010533"><ele>1499.0</ele></trkpt>
      <trkpt lat="49.135466" lon="20.010547"><ele>1498.0</ele></trkpt>
      <trkpt lat="49.135447" lon="20.010562"><ele>1497.0</ele></trkpt>
      <trkpt lat="49.135428" lon="20.010577"><ele>1497.0</ele></trkpt>
      <trkpt lat="49.135400" lon="20.010598"><ele>1496.0</ele></trkpt>
      <trkpt lat="49.135376" lon="20.010615"><ele>1496.0</ele></trkpt>
      <trkpt lat="49.135360" lon="20.010635"><ele>1494.0</ele></trkpt>
      <trkpt lat="49.135340" lon="20.010649"><ele>1494.0</ele></trkpt>
      <trkpt lat="49.135321" lon="20.010653"><ele>1494.0</ele></trkpt>
      <trkpt lat="49.135300" lon="20.010645"><ele>1493.0</ele></trkpt>
      <trkpt lat="49.135276" lon="20.010620"><ele>1493.0</ele></trkpt>
      <trkpt lat="49.135259" lon="20.010593"><ele>1493.0</ele></trkpt>
      <trkpt lat="49.135240" lon="20.010566"><ele>1493.0</ele></trkpt>
      <trkpt lat="49.135222" lon="20.010557"><ele>1493.0</ele></trkpt>
      <trkpt lat="49.135203" lon="20.010544"><ele>1493.0</ele></trkpt>
      <trkpt lat="49.135187" lon="20.010531"><ele>1493.0</ele></trkpt>
      <trkpt lat="49.135169" lon="20.010529"><ele>1492.0</ele></trkpt>
      <trkpt lat="49.135150" lon="20.010543"><ele>1492.0</ele></trkpt>
      <trkpt lat="49.135131" lon="20.010562"><ele>1492.0</ele></trkpt>
      <trkpt lat="49.135112" lon="20.010573"><ele>1491.0</ele></trkpt>
      <trkpt lat="49.135101" lon="20.010600"><ele>1490.0</ele></trkpt>
      <trkpt lat="49.135078" lon="20.010618"><ele>1490.0</ele></trkpt>
      <trkpt lat="49.135061" lon="20.010637"><ele>1488.0</ele></trkpt>
      <trkpt lat="49.135045" lon="20.010651"><ele>1487.0</ele></trkpt>
      <trkpt lat="49.135027" lon="20.010675"><ele>1487.0</ele></trkpt>
      <trkpt lat="49.135012" lon="20.010691"><ele>1486.0</ele></trkpt>
      <trkpt lat="49.135001" lon="20.010715"><ele>1485.0</ele></trkpt>
      <trkpt lat="49.134989" lon="20.010737"><ele>1484.0</ele></trkpt>
      <trkpt lat="49.134981" lon="20.010769"><ele>1483.0</ele></trkpt>
      <trkpt lat="49.134966" lon="20.010797"><ele>1483.0</ele></trkpt>
      <trkpt lat="49.134945" lon="20.010797"><ele>1483.0</ele></trkpt>
      <trkpt lat="49.134923" lon="20.010799"><ele>1482.0</ele></trkpt>
      <trkpt lat="49.134906" lon="20.010813"><ele>1482.0</ele></trkpt>
      <trkpt lat="49.134878" lon="20.010816"><ele>1482.0</ele></trkpt>
      <trkpt lat="49.134858" lon="20.010824"><ele>1481.0</ele></trkpt>
      <trkpt lat="49.134839" lon="20.010827"><ele>1480.0</ele></trkpt>
      <trkpt lat="49.134820" lon="20.010836"><ele>1480.0</ele></trkpt>
      <trkpt lat="49.134804" lon="20.010851"><ele>1480.0</ele></trkpt>
      <trkpt lat="49.134790" lon="20.010869"><ele>1479.0</ele></trkpt>
      <trkpt lat="49.134791" lon="20.010900"><ele>1478.0</ele></trkpt>
      <trkpt lat="49.134785" lon="20.010928"><ele>1477.0</ele></trkpt>
      <trkpt lat="49.134773" lon="20.010953"><ele>1476.0</ele></trkpt>
      <trkpt lat="49.134772" lon="20.010993"><ele>1476.0</ele></trkpt>
      <trkpt lat="49.134762" lon="20.011022"><ele>1474.0</ele></trkpt>
      <trkpt lat="49.134748" lon="20.011051"><ele>1474.0</ele></trkpt>
      <trkpt lat="49.134736" lon="20.011073"><ele>1474.0</ele></trkpt>
      <trkpt lat="49.134721" lon="20.011099"><ele>1474.0</ele></trkpt>
      <trkpt lat="49.134711" lon="20.011131"><ele>1472.0</ele></trkpt>
      <trkpt lat="49.134700" lon="20.011162"><ele>1472.0</ele></trkpt>
      <trkpt lat="49.134698" lon="20.011198"><ele>1471.0</ele></trkpt>
      <trkpt lat="49.134699" lon="20.011234"><ele>1469.0</ele></trkpt>
      <trkpt lat="49.134688" lon="20.011266"><ele>1469.0</ele></trkpt>
      <trkpt lat="49.134680" lon="20.011296"><ele>1469.0</ele></trkpt>
      <trkpt lat="49.134667" lon="20.011328"><ele>1468.0</ele></trkpt>
      <trkpt lat="49.134665" lon="20.011357"><ele>1467.0</ele></trkpt>
      <trkpt lat="49.134659" lon="20.011384"><ele>1467.0</ele></trkpt>
      <trkpt lat="49.134653" lon="20.011423"><ele>1467.0</ele></trkpt>
      <trkpt lat="49.134645" lon="20.011458"><ele>1467.0</ele></trkpt>
      <trkpt lat="49.134636" lon="20.011483"><ele>1466.0</ele></trkpt>
      <trkpt lat="49.134622" lon="20.011503"><ele>1466.0</ele></trkpt>
      <trkpt lat="49.134611" lon="20.011525"><ele>1465.0</ele></trkpt>
      <trkpt lat="49.134600" lon="20.011554"><ele>1465.0</ele></trkpt>
      <trkpt lat="49.134584" lon="20.011580"><ele>1465.0</ele></trkpt>
      <trkpt lat="49.134566" lon="20.011608"><ele>1464.0</ele></trkpt>
      <trkpt lat="49.134545" lon="20.011627"><ele>1464.0</ele></trkpt>
      <trkpt lat="49.134531" lon="20.011656"><ele>1464.0</ele></trkpt>
      <trkpt lat="49.134512" lon="20.011679"><ele>1464.0</ele></trkpt>
      <trkpt lat="49.134499" lon="20.011701"><ele>1464.0</ele></trkpt>
      <trkpt lat="49.134489" lon="20.011733"><ele>1463.0</ele></trkpt>
      <trkpt lat="49.134477" lon="20.011755"><ele>1463.0</ele></trkpt>
      <trkpt lat="49.134460" lon="20.011786"><ele>1463.0</ele></trkpt>
      <trkpt lat="49.134446" lon="20.011808"><ele>1463.0</ele></trkpt>
      <trkpt lat="49.134432" lon="20.011830"><ele>1462.0</ele></trkpt>
      <trkpt lat="49.134421" lon="20.011859"><ele>1462.0</ele></trkpt>
      <trkpt lat="49.134419" lon="20.011886"><ele>1462.0</ele></trkpt>
      <trkpt lat="49.134414" lon="20.011922"><ele>1462.0</ele></trkpt>
      <trkpt lat="49.134401" lon="20.011957"><ele>1461.0</ele></trkpt>
      <trkpt lat="49.134383" lon="20.011975"><ele>1461.0</ele></trkpt>
      <trkpt lat="49.134368" lon="20.011991"><ele>1461.0</ele></trkpt>
      <trkpt lat="49.134360" lon="20.012018"><ele>1461.0</ele></trkpt>
      <trkpt lat="49.134348" lon="20.012053"><ele>1461.0</ele></trkpt>
      <trkpt lat="49.134332" lon="20.012076"><ele>1461.0</ele></trkpt>
      <trkpt lat="49.134327" lon="20.012108"><ele>1461.0</ele></trkpt>
      <trkpt lat="49.134325" lon="20.012148"><ele>1461.0</ele></trkpt>
      <trkpt lat="49.134317" lon="20.012179"><ele>1461.0</ele></trkpt>
      <trkpt lat="49.134312" lon="20.012210"><ele>1459.0</ele></trkpt>
      <trkpt lat="49.134311" lon="20.012241"><ele>1459.0</ele></trkpt>
      <trkpt lat="49.134321" lon="20.012278"><ele>1459.0</ele></trkpt>
      <trkpt lat="49.134328" lon="20.012302"><ele>1459.0</ele></trkpt>
      <trkpt lat="49.134325" lon="20.012332"><ele>1459.0</ele></trkpt>
      <trkpt lat="49.134311" lon="20.012364"><ele>1459.0</ele></trkpt>
      <trkpt lat="49.134309" lon="20.012396"><ele>1458.0</ele></trkpt>
      <trkpt lat="49.134303" lon="20.012433"><ele>1458.0</ele></trkpt>
      <trkpt lat="49.134297" lon="20.012467"><ele>1458.0</ele></trkpt>
      <trkpt lat="49.134299" lon="20.012502"><ele>1457.0</ele></trkpt>
      <trkpt lat="49.134296" lon="20.012531"><ele>1457.0</ele></trkpt>
      <trkpt lat="49.134297" lon="20.012565"><ele>1457.0</ele></trkpt>
      <trkpt lat="49.134296" lon="20.012594"><ele>1457.0</ele></trkpt>
      <trkpt lat="49.134284" lon="20.012619"><ele>1456.0</ele></trkpt>
      <trkpt lat="49.134267" lon="20.012628"><ele>1457.0</ele></trkpt>
      <trkpt lat="49.134244" lon="20.012641"><ele>1456.0</ele></trkpt>
      <trkpt lat="49.134222" lon="20.012643"><ele>1456.0</ele></trkpt>
      <trkpt lat="49.134205" lon="20.012634"><ele>1456.0</ele></trkpt>
      <trkpt lat="49.134186" lon="20.012627"><ele>1456.0</ele></trkpt>
      <trkpt lat="49.134162" lon="20.012618"><ele>1456.0</ele></trkpt>
      <trkpt lat="49.134144" lon="20.012622"><ele>1456.0</ele></trkpt>
      <trkpt lat="49.134118" lon="20.012619"><ele>1456.0</ele></trkpt>
      <trkpt lat="49.134100" lon="20.012628"><ele>1456.0</ele></trkpt>
      <trkpt lat="49.134081" lon="20.012642"><ele>1456.0</ele></trkpt>
      <trkpt lat="49.134063" lon="20.012661"><ele>1456.0</ele></trkpt>
      <trkpt lat="49.134040" lon="20.012673"><ele>1456.0</ele></trkpt>
      <trkpt lat="49.134018" lon="20.012681"><ele>1456.0</ele></trkpt>
      <trkpt lat="49.133996" lon="20.012689"><ele>1456.0</ele></trkpt>
      <trkpt lat="49.133973" lon="20.012693"><ele>1457.0</ele></trkpt>
      <trkpt lat="49.133954" lon="20.012696"><ele>1456.0</ele></trkpt>
      <trkpt lat="49.133931" lon="20.012700"><ele>1456.0</ele></trkpt>
      <trkpt lat="49.133911" lon="20.012708"><ele>1457.0</ele></trkpt>
      <trkpt lat="49.133890" lon="20.012715"><ele>1457.0</ele></trkpt>
      <trkpt lat="49.133870" lon="20.012729"><ele>1457.0</ele></trkpt>
      <trkpt lat="49.133847" lon="20.012740"><ele>1457.0</ele></trkpt>
      <trkpt lat="49.133824" lon="20.012750"><ele>1457.0</ele></trkpt>
      <trkpt lat="49.133804" lon="20.012763"><ele>1457.0</ele></trkpt>
      <trkpt lat="49.133784" lon="20.012783"><ele>1457.0</ele></trkpt>
      <trkpt lat="49.133764" lon="20.012788"><ele>1457.0</ele></trkpt>
      <trkpt lat="49.133741" lon="20.012802"><ele>1457.0</ele></trkpt>
      <trkpt lat="49.133722" lon="20.012813"><ele>1458.0</ele></trkpt>
      <trkpt lat="49.133700" lon="20.012830"><ele>1458.0</ele></trkpt>
      <trkpt lat="49.133684" lon="20.012842"><ele>1458.0</ele></trkpt>
      <trkpt lat="49.133665" lon="20.012849"><ele>1458.0</ele></trkpt>
      <trkpt lat="49.133640" lon="20.012855"><ele>1458.0</ele></trkpt>
      <trkpt lat="49.133619" lon="20.012863"><ele>1459.0</ele></trkpt>
      <trkpt lat="49.133600" lon="20.012875"><ele>1459.0</ele></trkpt>
      <trkpt lat="49.133578" lon="20.012878"><ele>1459.0</ele></trkpt>
      <trkpt lat="49.133559" lon="20.012879"><ele>1459.0</ele></trkpt>
      <trkpt lat="49.133538" lon="20.012883"><ele>1460.0</ele></trkpt>
      <trkpt lat="49.133519" lon="20.012871"><ele>1460.0</ele></trkpt>
      <trkpt lat="49.133499" lon="20.012844"><ele>1460.0</ele></trkpt>
      <trkpt lat="49.133487" lon="20.012817"><ele>1460.0</ele></trkpt>
      <trkpt lat="49.133482" lon="20.012788"><ele>1461.0</ele></trkpt>
      <trkpt lat="49.133478" lon="20.012761"><ele>1461.0</ele></trkpt>
      <trkpt lat="49.133477" lon="20.012726"><ele>1461.0</ele></trkpt>
      <trkpt lat="49.133475" lon="20.012696"><ele>1460.0</ele></trkpt>
      <trkpt lat="49.133484" lon="20.012659"><ele>1461.0</ele></trkpt>
      <trkpt lat="49.133491" lon="20.012629"><ele>1460.0</ele></trkpt>
      <trkpt lat="49.133493" lon="20.012599"><ele>1460.0</ele></trkpt>
      <trkpt lat="49.133494" lon="20.012569"><ele>1460.0</ele></trkpt>
      <trkpt lat="49.133507" lon="20.012543"><ele>1459.0</ele></trkpt>
      <trkpt lat="49.133518" lon="20.012513"><ele>1459.0</ele></trkpt>
      <trkpt lat="49.133528" lon="20.012484"><ele>1459.0</ele></trkpt>
      <trkpt lat="49.133542" lon="20.012465"><ele>1459.0</ele></trkpt>
      <trkpt lat="49.133556" lon="20.012435"><ele>1459.0</ele></trkpt>
      <trkpt lat="49.133570" lon="20.012417"><ele>1459.0</ele></trkpt>
      <trkpt lat="49.133581" lon="20.012378"><ele>1459.0</ele></trkpt>
      <trkpt lat="49.133589" lon="20.012344"><ele>1459.0</ele></trkpt>
      <trkpt lat="49.133601" lon="20.012312"><ele>1459.0</ele></trkpt>
      <trkpt lat="49.133608" lon="20.012285"><ele>1459.0</ele></trkpt>
      <trkpt lat="49.133595" lon="20.012258"><ele>1458.0</ele></trkpt>
      <trkpt lat="49.133574" lon="20.012251"><ele>1457.0</ele></trkpt>
      <trkpt lat="49.133554" lon="20.012258"><ele>1456.0</ele></trkpt>
      <trkpt lat="49.133533" lon="20.012245"><ele>1456.0</ele></trkpt>
      <trkpt lat="49.133516" lon="20.012237"><ele>1455.0</ele></trkpt>
      <trkpt lat="49.133535" lon="20.012215"><ele>1455.0</ele></trkpt>
      <trkpt lat="49.133548" lon="20.012179"><ele>1455.0</ele></trkpt>
      <trkpt lat="49.133563" lon="20.012153"><ele>1455.0</ele></trkpt>
      <trkpt lat="49.133552" lon="20.012132"><ele>1456.0</ele></trkpt>
      <trkpt lat="49.133571" lon="20.012138"><ele>1455.0</ele></trkpt>
      <trkpt lat="49.133588" lon="20.012153"><ele>1456.0</ele></trkpt>
      <trkpt lat="49.133570" lon="20.012162"><ele>1455.0</ele></trkpt>
      <trkpt lat="49.133555" lon="20.012182"><ele>1454.0</ele></trkpt>
      <trkpt lat="49.133564" lon="20.012154"><ele>1455.0</ele></trkpt>
      <trkpt lat="49.133565" lon="20.012185"><ele>1456.0</ele></trkpt>
      <trkpt lat="49.133559" lon="20.012213"><ele>1455.0</ele></trkpt>
      <trkpt lat="49.133547" lon="20.012236"><ele>1454.0</ele></trkpt>
      <trkpt lat="49.133550" lon="20.012208"><ele>1455.0</ele></trkpt>
      <trkpt lat="49.133540" lon="20.012237"><ele>1456.0</ele></trkpt>
      <trkpt lat="49.133537" lon="20.012208"><ele>1456.0</ele></trkpt>
      <trkpt lat="49.133555" lon="20.012211"><ele>1456.0</ele></trkpt>
      <trkpt lat="49.133567" lon="20.012185"><ele>1456.0</ele></trkpt>
      <trkpt lat="49.133580" lon="20.012166"><ele>1456.0</ele></trkpt>
      <trkpt lat="49.133583" lon="20.012194"><ele>1456.0</ele></trkpt>
      <trkpt lat="49.133565" lon="20.012210"><ele>1456.0</ele></trkpt>
      <trkpt lat="49.133560" lon="20.012238"><ele>1456.0</ele></trkpt>
      <trkpt lat="49.133560" lon="20.012208"><ele>1456.0</ele></trkpt>
      <trkpt lat="49.133573" lon="20.012175"><ele>1456.0</ele></trkpt>
      <trkpt lat="49.133595" lon="20.012144"><ele>1456.0</ele></trkpt>
      <trkpt lat="49.133611" lon="20.012126"><ele>1456.0</ele></trkpt>
      <trkpt lat="49.133622" lon="20.012103"><ele>1456.0</ele></trkpt>
      <trkpt lat="49.133640" lon="20.012077"><ele>1456.0</ele></trkpt>
      <trkpt lat="49.133665" lon="20.012076"><ele>1456.0</ele></trkpt>
      <trkpt lat="49.133683" lon="20.012065"><ele>1456.0</ele></trkpt>
      <trkpt lat="49.133696" lon="20.012034"><ele>1456.0</ele></trkpt>
      <trkpt lat="49.133710" lon="20.011996"><ele>1456.0</ele></trkpt>
      <trkpt lat="49.133715" lon="20.011963"><ele>1456.0</ele></trkpt>
      <trkpt lat="49.133719" lon="20.011929"><ele>1456.0</ele></trkpt>
      <trkpt lat="49.133724" lon="20.011893"><ele>1456.0</ele></trkpt>
      <trkpt lat="49.133731" lon="20.011857"><ele>1456.0</ele></trkpt>
      <trkpt lat="49.133741" lon="20.011819"><ele>1456.0</ele></trkpt>
      <trkpt lat="49.133746" lon="20.011778"><ele>1456.0</ele></trkpt>
      <trkpt lat="49.133751" lon="20.011740"><ele>1456.0</ele></trkpt>
      <trkpt lat="49.133751" lon="20.011704"><ele>1456.0</ele></trkpt>
      <trkpt lat="49.133745" lon="20.011668"><ele>1456.0</ele></trkpt>
      <trkpt lat="49.133738" lon="20.011636"><ele>1456.0</ele></trkpt>
      <trkpt lat="49.133726" lon="20.011609"><ele>1456.0</ele></trkpt>
      <trkpt lat="49.133707" lon="20.011586"><ele>1456.0</ele></trkpt>
      <trkpt lat="49.133690" lon="20.011558"><ele>1456.0</ele></trkpt>
      <trkpt lat="49.133672" lon="20.011540"><ele>1456.0</ele></trkpt>
      <trkpt lat="49.133646" lon="20.011537"><ele>1456.0</ele></trkpt>
      <trkpt lat="49.133623" lon="20.011538"><ele>1456.0</ele></trkpt>
      <trkpt lat="49.133602" lon="20.011532"><ele>1456.0</ele></trkpt>
      <trkpt lat="49.133584" lon="20.011531"><ele>1456.0</ele></trkpt>
      <trkpt lat="49.133564" lon="20.011519"><ele>1456.0</ele></trkpt>
      <trkpt lat="49.133542" lon="20.011516"><ele>1456.0</ele></trkpt>
      <trkpt lat="49.133514" lon="20.011517"><ele>1456.0</ele></trkpt>
      <trkpt lat="49.133489" lon="20.011506"><ele>1456.0</ele></trkpt>
      <trkpt lat="49.133470" lon="20.011499"><ele>1456.0</ele></trkpt>
      <trkpt lat="49.133452" lon="20.011496"><ele>1456.0</ele></trkpt>
      <trkpt lat="49.133430" lon="20.011491"><ele>1456.0</ele></trkpt>
      <trkpt lat="49.133409" lon="20.011480"><ele>1456.0</ele></trkpt>
      <trkpt lat="49.133385" lon="20.011495"><ele>1456.0</ele></trkpt>
      <trkpt lat="49.133364" lon="20.011506"><ele>1456.0</ele></trkpt>
      <trkpt lat="49.133341" lon="20.011510"><ele>1456.0</ele></trkpt>
      <trkpt lat="49.133318" lon="20.011517"><ele>1456.0</ele></trkpt>
      <trkpt lat="49.133296" lon="20.011526"><ele>1456.0</ele></trkpt>
      <trkpt lat="49.133271" lon="20.011536"><ele>1456.0</ele></trkpt>
      <trkpt lat="49.133249" lon="20.011548"><ele>1456.0</ele></trkpt>
      <trkpt lat="49.133230" lon="20.011562"><ele>1456.0</ele></trkpt>
      <trkpt lat="49.133208" lon="20.011579"><ele>1456.0</ele></trkpt>
      <trkpt lat="49.133187" lon="20.011593"><ele>1456.0</ele></trkpt>
      <trkpt lat="49.133168" lon="20.011610"><ele>1456.0</ele></trkpt>
      <trkpt lat="49.133148" lon="20.011623"><ele>1456.0</ele></trkpt>
      <trkpt lat="49.133132" lon="20.011635"><ele>1456.0</ele></trkpt>
      <trkpt lat="49.133111" lon="20.011652"><ele>1456.0</ele></trkpt>
      <trkpt lat="49.133088" lon="20.011671"><ele>1456.0</ele></trkpt>
      <trkpt lat="49.133065" lon="20.011693"><ele>1456.0</ele></trkpt>
      <trkpt lat="49.133045" lon="20.011719"><ele>1456.0</ele></trkpt>
      <trkpt lat="49.133024" lon="20.011740"><ele>1456.0</ele></trkpt>
      <trkpt lat="49.133004" lon="20.011757"><ele>1456.0</ele></trkpt>
      <trkpt lat="49.132983" lon="20.011773"><ele>1456.0</ele></trkpt>
      <trkpt lat="49.132963" lon="20.011787"><ele>1456.0</ele></trkpt>
      <trkpt lat="49.132941" lon="20.011803"><ele>1456.0</ele></trkpt>
      <trkpt lat="49.132920" lon="20.011821"><ele>1456.0</ele></trkpt>
      <trkpt lat="49.132892" lon="20.011833"><ele>1456.0</ele></trkpt>
      <trkpt lat="49.132867" lon="20.011843"><ele>1456.0</ele></trkpt>
      <trkpt lat="49.132846" lon="20.011847"><ele>1456.0</ele></trkpt>
      <trkpt lat="49.132825" lon="20.011848"><ele>1456.0</ele></trkpt>
      <trkpt lat="49.132805" lon="20.011838"><ele>1456.0</ele></trkpt>
      <trkpt lat="49.132781" lon="20.011839"><ele>1456.0</ele></trkpt>
      <trkpt lat="49.132755" lon="20.011852"><ele>1456.0</ele></trkpt>
      <trkpt lat="49.132729" lon="20.011861"><ele>1456.0</ele></trkpt>
      <trkpt lat="49.132709" lon="20.011855"><ele>1456.0</ele></trkpt>
      <trkpt lat="49.132684" lon="20.011846"><ele>1456.0</ele></trkpt>
      <trkpt lat="49.132660" lon="20.011849"><ele>1456.0</ele></trkpt>
      <trkpt lat="49.132640" lon="20.011853"><ele>1456.0</ele></trkpt>
      <trkpt lat="49.132616" lon="20.011861"><ele>1456.0</ele></trkpt>
      <trkpt lat="49.132595" lon="20.011868"><ele>1456.0</ele></trkpt>
      <trkpt lat="49.132573" lon="20.011874"><ele>1456.0</ele></trkpt>
      <trkpt lat="49.132554" lon="20.011875"><ele>1456.0</ele></trkpt>
      <trkpt lat="49.132527" lon="20.011885"><ele>1456.0</ele></trkpt>
      <trkpt lat="49.132505" lon="20.011896"><ele>1456.0</ele></trkpt>
      <trkpt lat="49.132485" lon="20.011900"><ele>1456.0</ele></trkpt>
      <trkpt lat="49.132465" lon="20.011902"><ele>1456.0</ele></trkpt>
      <trkpt lat="49.132445" lon="20.011890"><ele>1456.0</ele></trkpt>
      <trkpt lat="49.132426" lon="20.011872"><ele>1456.0</ele></trkpt>
      <trkpt lat="49.132417" lon="20.011846"><ele>1456.0</ele></trkpt>
      <trkpt lat="49.132411" lon="20.011818"><ele>1456.0</ele></trkpt>
      <trkpt lat="49.132414" lon="20.011784"><ele>1456.0</ele></trkpt>
      <trkpt lat="49.132422" lon="20.011747"><ele>1456.0</ele></trkpt>
      <trkpt lat="49.132431" lon="20.011717"><ele>1456.0</ele></trkpt>
      <trkpt lat="49.132432" lon="20.011682"><ele>1456.0</ele></trkpt>
      <trkpt lat="49.132431" lon="20.011650"><ele>1456.0</ele></trkpt>
      <trkpt lat="49.132435" lon="20.011609"><ele>1456.0</ele></trkpt>
      <trkpt lat="49.132438" lon="20.011576"><ele>1456.0</ele></trkpt>
      <trkpt lat="49.132439" lon="20.011547"><ele>1456.0</ele></trkpt>
      <trkpt lat="49.132440" lon="20.011515"><ele>1456.0</ele></trkpt>
      <trkpt lat="49.132440" lon="20.011482"><ele>1456.0</ele></trkpt>
      <trkpt lat="49.132444" lon="20.011444"><ele>1456.0</ele></trkpt>
      <trkpt lat="49.132447" lon="20.011411"><ele>1456.0</ele></trkpt>
      <trkpt lat="49.132452" lon="20.011378"><ele>1456.0</ele></trkpt>
      <trkpt lat="49.132453" lon="20.011346"><ele>1456.0</ele></trkpt>
      <trkpt lat="49.132452" lon="20.011318"><ele>1456.0</ele></trkpt>
      <trkpt lat="49.132454" lon="20.011284"><ele>1456.0</ele></trkpt>
      <trkpt lat="49.132453" lon="20.011252"><ele>1456.0</ele></trkpt>
      <trkpt lat="49.132454" lon="20.011220"><ele>1456.0</ele></trkpt>
      <trkpt lat="49.132457" lon="20.011191"><ele>1456.0</ele></trkpt>
      <trkpt lat="49.132455" lon="20.011158"><ele>1463.0</ele></trkpt>
      <trkpt lat="49.132454" lon="20.011128"><ele>1463.0</ele></trkpt>
      <trkpt lat="49.132452" lon="20.011098"><ele>1463.0</ele></trkpt>
      <trkpt lat="49.132452" lon="20.011063"><ele>1463.0</ele></trkpt>
      <trkpt lat="49.132452" lon="20.011032"><ele>1462.0</ele></trkpt>
      <trkpt lat="49.132456" lon="20.011001"><ele>1462.0</ele></trkpt>
      <trkpt lat="49.132461" lon="20.010970"><ele>1462.0</ele></trkpt>
      <trkpt lat="49.132466" lon="20.010936"><ele>1462.0</ele></trkpt>
      <trkpt lat="49.132464" lon="20.010903"><ele>1462.0</ele></trkpt>
      <trkpt lat="49.132456" lon="20.010858"><ele>1462.0</ele></trkpt>
      <trkpt lat="49.132445" lon="20.010834"><ele>1462.0</ele></trkpt>
      <trkpt lat="49.132432" lon="20.010812"><ele>1462.0</ele></trkpt>
      <trkpt lat="49.132416" lon="20.010794"><ele>1462.0</ele></trkpt>
      <trkpt lat="49.132398" lon="20.010773"><ele>1462.0</ele></trkpt>
      <trkpt lat="49.132378" lon="20.010753"><ele>1461.0</ele></trkpt>
      <trkpt lat="49.132358" lon="20.010737"><ele>1461.0</ele></trkpt>
      <trkpt lat="49.132336" lon="20.010710"><ele>1461.0</ele></trkpt>
      <trkpt lat="49.132317" lon="20.010696"><ele>1461.0</ele></trkpt>
      <trkpt lat="49.132294" lon="20.010680"><ele>1461.0</ele></trkpt>
      <trkpt lat="49.132271" lon="20.010660"><ele>1461.0</ele></trkpt>
      <trkpt lat="49.132249" lon="20.010646"><ele>1460.0</ele></trkpt>
      <trkpt lat="49.132227" lon="20.010631"><ele>1460.0</ele></trkpt>
      <trkpt lat="49.132205" lon="20.010611"><ele>1460.0</ele></trkpt>
      <trkpt lat="49.132184" lon="20.010596"><ele>1460.0</ele></trkpt>
      <trkpt lat="49.132163" lon="20.010582"><ele>1460.0</ele></trkpt>
      <trkpt lat="49.132142" lon="20.010563"><ele>1460.0</ele></trkpt>
      <trkpt lat="49.132119" lon="20.010538"><ele>1460.0</ele></trkpt>
      <trkpt lat="49.132100" lon="20.010516"><ele>1460.0</ele></trkpt>
      <trkpt lat="49.132083" lon="20.010492"><ele>1460.0</ele></trkpt>
      <trkpt lat="49.132070" lon="20.010456"><ele>1460.0</ele></trkpt>
      <trkpt lat="49.132063" lon="20.010413"><ele>1459.0</ele></trkpt>
      <trkpt lat="49.132062" lon="20.010374"><ele>1459.0</ele></trkpt>
      <trkpt lat="49.132065" lon="20.010333"><ele>1459.0</ele></trkpt>
      <trkpt lat="49.132067" lon="20.010289"><ele>1459.0</ele></trkpt>
      <trkpt lat="49.132068" lon="20.010249"><ele>1459.0</ele></trkpt>
      <trkpt lat="49.132073" lon="20.010211"><ele>1459.0</ele></trkpt>
      <trkpt lat="49.132077" lon="20.010175"><ele>1459.0</ele></trkpt>
      <trkpt lat="49.132079" lon="20.010140"><ele>1459.0</ele></trkpt>
      <trkpt lat="49.132082" lon="20.010107"><ele>1459.0</ele></trkpt>
      <trkpt lat="49.132084" lon="20.010074"><ele>1459.0</ele></trkpt>
      <trkpt lat="49.132086" lon="20.010038"><ele>1459.0</ele></trkpt>
      <trkpt lat="49.132093" lon="20.010006"><ele>1459.0</ele></trkpt>
      <trkpt lat="49.132094" lon="20.009973"><ele>1458.0</ele></trkpt>
      <trkpt lat="49.132099" lon="20.009941"><ele>1458.0</ele></trkpt>
      <trkpt lat="49.132103" lon="20.009912"><ele>1458.0</ele></trkpt>
      <trkpt lat="49.132096" lon="20.009874"><ele>1458.0</ele></trkpt>
      <trkpt lat="49.132095" lon="20.009841"><ele>1458.0</ele></trkpt>
      <trkpt lat="49.132097" lon="20.009811"><ele>1458.0</ele></trkpt>
      <trkpt lat="49.132101" lon="20.009782"><ele>1458.0</ele></trkpt>
      <trkpt lat="49.132103" lon="20.009751"><ele>1459.0</ele></trkpt>
      <trkpt lat="49.132107" lon="20.009721"><ele>1458.0</ele></trkpt>
      <trkpt lat="49.132114" lon="20.009686"><ele>1458.0</ele></trkpt>
      <trkpt lat="49.132117" lon="20.009654"><ele>1458.0</ele></trkpt>
      <trkpt lat="49.132117" lon="20.009621"><ele>1458.0</ele></trkpt>
      <trkpt lat="49.132116" lon="20.009592"><ele>1457.0</ele></trkpt>
      <trkpt lat="49.132118" lon="20.009557"><ele>1457.0</ele></trkpt>
      <trkpt lat="49.132126" lon="20.009523"><ele>1457.0</ele></trkpt>
      <trkpt lat="49.132129" lon="20.009488"><ele>1457.0</ele></trkpt>
      <trkpt lat="49.132130" lon="20.009456"><ele>1456.0</ele></trkpt>
      <trkpt lat="49.132129" lon="20.009423"><ele>1456.0</ele></trkpt>
      <trkpt lat="49.132135" lon="20.009389"><ele>1456.0</ele></trkpt>
      <trkpt lat="49.132137" lon="20.009353"><ele>1456.0</ele></trkpt>
      <trkpt lat="49.132140" lon="20.009320"><ele>1456.0</ele></trkpt>
      <trkpt lat="49.132146" lon="20.009287"><ele>1456.0</ele></trkpt>
      <trkpt lat="49.132149" lon="20.009254"><ele>1456.0</ele></trkpt>
      <trkpt lat="49.132145" lon="20.009222"><ele>1456.0</ele></trkpt>
      <trkpt lat="49.132139" lon="20.009180"><ele>1456.0</ele></trkpt>
      <trkpt lat="49.132140" lon="20.009138"><ele>1456.0</ele></trkpt>
      <trkpt lat="49.132145" lon="20.009097"><ele>1455.0</ele></trkpt>
      <trkpt lat="49.132151" lon="20.009071"><ele>1455.0</ele></trkpt>
      <trkpt lat="49.132159" lon="20.009022"><ele>1455.0</ele></trkpt>
      <trkpt lat="49.132167" lon="20.008974"><ele>1455.0</ele></trkpt>
      <trkpt lat="49.132174" lon="20.008948"><ele>1455.0</ele></trkpt>
      <trkpt lat="49.132177" lon="20.008905"><ele>1455.0</ele></trkpt>
      <trkpt lat="49.132179" lon="20.008865"><ele>1455.0</ele></trkpt>
      <trkpt lat="49.132181" lon="20.008821"><ele>1455.0</ele></trkpt>
      <trkpt lat="49.132186" lon="20.008779"><ele>1455.0</ele></trkpt>
      <trkpt lat="49.132188" lon="20.008738"><ele>1455.0</ele></trkpt>
      <trkpt lat="49.132195" lon="20.008694"><ele>1455.0</ele></trkpt>
      <trkpt lat="49.132201" lon="20.008656"><ele>1455.0</ele></trkpt>
      <trkpt lat="49.132208" lon="20.008622"><ele>1454.0</ele></trkpt>
      <trkpt lat="49.132209" lon="20.008583"><ele>1454.0</ele></trkpt>
      <trkpt lat="49.132212" lon="20.008548"><ele>1454.0</ele></trkpt>
      <trkpt lat="49.132211" lon="20.008511"><ele>1454.0</ele></trkpt>
      <trkpt lat="49.132209" lon="20.008475"><ele>1454.0</ele></trkpt>
      <trkpt lat="49.132205" lon="20.008447"><ele>1454.0</ele></trkpt>
      <trkpt lat="49.132203" lon="20.008411"><ele>1454.0</ele></trkpt>
      <trkpt lat="49.132199" lon="20.008381"><ele>1454.0</ele></trkpt>
      <trkpt lat="49.132198" lon="20.008346"><ele>1454.0</ele></trkpt>
      <trkpt lat="49.132188" lon="20.008314"><ele>1455.0</ele></trkpt>
      <trkpt lat="49.132179" lon="20.008276"><ele>1455.0</ele></trkpt>
      <trkpt lat="49.132167" lon="20.008244"><ele>1455.0</ele></trkpt>
      <trkpt lat="49.132158" lon="20.008212"><ele>1455.0</ele></trkpt>
      <trkpt lat="49.132155" lon="20.008181"><ele>1455.0</ele></trkpt>
      <trkpt lat="49.132152" lon="20.008145"><ele>1455.0</ele></trkpt>
      <trkpt lat="49.132152" lon="20.008111"><ele>1455.0</ele></trkpt>
      <trkpt lat="49.132148" lon="20.008075"><ele>1456.0</ele></trkpt>
      <trkpt lat="49.132133" lon="20.008043"><ele>1456.0</ele></trkpt>
      <trkpt lat="49.132116" lon="20.008018"><ele>1455.0</ele></trkpt>
      <trkpt lat="49.132112" lon="20.007988"><ele>1455.0</ele></trkpt>
      <trkpt lat="49.132104" lon="20.007961"><ele>1455.0</ele></trkpt>
      <trkpt lat="49.132098" lon="20.007928"><ele>1455.0</ele></trkpt>
      <trkpt lat="49.132090" lon="20.007901"><ele>1455.0</ele></trkpt>
      <trkpt lat="49.132081" lon="20.007867"><ele>1455.0</ele></trkpt>
      <trkpt lat="49.132068" lon="20.007847"><ele>1455.0</ele></trkpt>
      <trkpt lat="49.132055" lon="20.007816"><ele>1454.0</ele></trkpt>
      <trkpt lat="49.132054" lon="20.007779"><ele>1454.0</ele></trkpt>
      <trkpt lat="49.132051" lon="20.007739"><ele>1454.0</ele></trkpt>
      <trkpt lat="49.132041" lon="20.007705"><ele>1454.0</ele></trkpt>
      <trkpt lat="49.132036" lon="20.007676"><ele>1454.0</ele></trkpt>
      <trkpt lat="49.132033" lon="20.007643"><ele>1454.0</ele></trkpt>
      <trkpt lat="49.132024" lon="20.007604"><ele>1454.0</ele></trkpt>
      <trkpt lat="49.132015" lon="20.007571"><ele>1453.0</ele></trkpt>
      <trkpt lat="49.132017" lon="20.007531"><ele>1452.0</ele></trkpt>
      <trkpt lat="49.132015" lon="20.007497"><ele>1452.0</ele></trkpt>
      <trkpt lat="49.132008" lon="20.007460"><ele>1453.0</ele></trkpt>
      <trkpt lat="49.132012" lon="20.007410"><ele>1453.0</ele></trkpt>
      <trkpt lat="49.132010" lon="20.007371"><ele>1452.0</ele></trkpt>
      <trkpt lat="49.132014" lon="20.007331"><ele>1452.0</ele></trkpt>
      <trkpt lat="49.132020" lon="20.007291"><ele>1452.0</ele></trkpt>
      <trkpt lat="49.132024" lon="20.007254"><ele>1452.0</ele></trkpt>
      <trkpt lat="49.132023" lon="20.007215"><ele>1452.0</ele></trkpt>
      <trkpt lat="49.132023" lon="20.007185"><ele>1451.0</ele></trkpt>
      <trkpt lat="49.132017" lon="20.007145"><ele>1450.0</ele></trkpt>
      <trkpt lat="49.132024" lon="20.007098"><ele>1450.0</ele></trkpt>
      <trkpt lat="49.132027" lon="20.007054"><ele>1450.0</ele></trkpt>
      <trkpt lat="49.132038" lon="20.007018"><ele>1450.0</ele></trkpt>
      <trkpt lat="49.132049" lon="20.006972"><ele>1450.0</ele></trkpt>
      <trkpt lat="49.132061" lon="20.006939"><ele>1450.0</ele></trkpt>
      <trkpt lat="49.132080" lon="20.006906"><ele>1450.0</ele></trkpt>
      <trkpt lat="49.132098" lon="20.006877"><ele>1449.0</ele></trkpt>
      <trkpt lat="49.132116" lon="20.006843"><ele>1449.0</ele></trkpt>
      <trkpt lat="49.132129" lon="20.006812"><ele>1449.0</ele></trkpt>
      <trkpt lat="49.132150" lon="20.006785"><ele>1449.0</ele></trkpt>
      <trkpt lat="49.132170" lon="20.006760"><ele>1449.0</ele></trkpt>
      <trkpt lat="49.132191" lon="20.006739"><ele>1447.0</ele></trkpt>
      <trkpt lat="49.132205" lon="20.006716"><ele>1447.0</ele></trkpt>
      <trkpt lat="49.132222" lon="20.006681"><ele>1447.0</ele></trkpt>
      <trkpt lat="49.132236" lon="20.006651"><ele>1447.0</ele></trkpt>
      <trkpt lat="49.132239" lon="20.006609"><ele>1447.0</ele></trkpt>
      <trkpt lat="49.132226" lon="20.006579"><ele>1447.0</ele></trkpt>
      <trkpt lat="49.132206" lon="20.006555"><ele>1446.0</ele></trkpt>
      <trkpt lat="49.132189" lon="20.006540"><ele>1446.0</ele></trkpt>
      <trkpt lat="49.132171" lon="20.006523"><ele>1445.0</ele></trkpt>
      <trkpt lat="49.132156" lon="20.006500"><ele>1445.0</ele></trkpt>
      <trkpt lat="49.132142" lon="20.006476"><ele>1445.0</ele></trkpt>
      <trkpt lat="49.132124" lon="20.006464"><ele>1445.0</ele></trkpt>
      <trkpt lat="49.132109" lon="20.006439"><ele>1444.0</ele></trkpt>
      <trkpt lat="49.132095" lon="20.006416"><ele>1444.0</ele></trkpt>
      <trkpt lat="49.132078" lon="20.006383"><ele>1444.0</ele></trkpt>
      <trkpt lat="49.132071" lon="20.006344"><ele>1443.0</ele></trkpt>
      <trkpt lat="49.132057" lon="20.006327"><ele>1443.0</ele></trkpt>
      <trkpt lat="49.132041" lon="20.006314"><ele>1443.0</ele></trkpt>
      <trkpt lat="49.132016" lon="20.006307"><ele>1442.0</ele></trkpt>
      <trkpt lat="49.131999" lon="20.006295"><ele>1442.0</ele></trkpt>
      <trkpt lat="49.131983" lon="20.006269"><ele>1442.0</ele></trkpt>
      <trkpt lat="49.131965" lon="20.006244"><ele>1442.0</ele></trkpt>
      <trkpt lat="49.131945" lon="20.006232"><ele>1442.0</ele></trkpt>
      <trkpt lat="49.131928" lon="20.006212"><ele>1440.0</ele></trkpt>
      <trkpt lat="49.131915" lon="20.006188"><ele>1440.0</ele></trkpt>
      <trkpt lat="49.131901" lon="20.006167"><ele>1440.0</ele></trkpt>
      <trkpt lat="49.131885" lon="20.006145"><ele>1440.0</ele></trkpt>
      <trkpt lat="49.131874" lon="20.006121"><ele>1440.0</ele></trkpt>
      <trkpt lat="49.131866" lon="20.006090"><ele>1440.0</ele></trkpt>
      <trkpt lat="49.131861" lon="20.006056"><ele>1440.0</ele></trkpt>
      <trkpt lat="49.131848" lon="20.006014"><ele>1440.0</ele></trkpt>
      <trkpt lat="49.131842" lon="20.005976"><ele>1440.0</ele></trkpt>
      <trkpt lat="49.131843" lon="20.005940"><ele>1440.0</ele></trkpt>
      <trkpt lat="49.131846" lon="20.005906"><ele>1439.0</ele></trkpt>
      <trkpt lat="49.131854" lon="20.005867"><ele>1439.0</ele></trkpt>
      <trkpt lat="49.131863" lon="20.005836"><ele>1439.0</ele></trkpt>
      <trkpt lat="49.131869" lon="20.005803"><ele>1439.0</ele></trkpt>
      <trkpt lat="49.131878" lon="20.005765"><ele>1439.0</ele></trkpt>
      <trkpt lat="49.131881" lon="20.005731"><ele>1439.0</ele></trkpt>
      <trkpt lat="49.131884" lon="20.005689"><ele>1439.0</ele></trkpt>
      <trkpt lat="49.131895" lon="20.005644"><ele>1439.0</ele></trkpt>
      <trkpt lat="49.131903" lon="20.005609"><ele>1439.0</ele></trkpt>
      <trkpt lat="49.131906" lon="20.005573"><ele>1439.0</ele></trkpt>
      <trkpt lat="49.131912" lon="20.005531"><ele>1439.0</ele></trkpt>
      <trkpt lat="49.131920" lon="20.005485"><ele>1439.0</ele></trkpt>
      <trkpt lat="49.131930" lon="20.005438"><ele>1439.0</ele></trkpt>
      <trkpt lat="49.131936" lon="20.005400"><ele>1439.0</ele></trkpt>
      <trkpt lat="49.131941" lon="20.005360"><ele>1439.0</ele></trkpt>
      <trkpt lat="49.131949" lon="20.005322"><ele>1439.0</ele></trkpt>
      <trkpt lat="49.131956" lon="20.005291"><ele>1439.0</ele></trkpt>
      <trkpt lat="49.131961" lon="20.005262"><ele>1439.0</ele></trkpt>
      <trkpt lat="49.131965" lon="20.005225"><ele>1439.0</ele></trkpt>
      <trkpt lat="49.131972" lon="20.005195"><ele>1439.0</ele></trkpt>
      <trkpt lat="49.131983" lon="20.005160"><ele>1439.0</ele></trkpt>
      <trkpt lat="49.131995" lon="20.005122"><ele>1439.0</ele></trkpt>
      <trkpt lat="49.132002" lon="20.005083"><ele>1439.0</ele></trkpt>
      <trkpt lat="49.132006" lon="20.005055"><ele>1439.0</ele></trkpt>
      <trkpt lat="49.132016" lon="20.005023"><ele>1439.0</ele></trkpt>
      <trkpt lat="49.132026" lon="20.004989"><ele>1439.0</ele></trkpt>
      <trkpt lat="49.132032" lon="20.004956"><ele>1439.0</ele></trkpt>
      <trkpt lat="49.132047" lon="20.004926"><ele>1439.0</ele></trkpt>
      <trkpt lat="49.132056" lon="20.004902"><ele>1439.0</ele></trkpt>
      <trkpt lat="49.132065" lon="20.004872"><ele>1439.0</ele></trkpt>
      <trkpt lat="49.132074" lon="20.004849"><ele>1439.0</ele></trkpt>
      <trkpt lat="49.132090" lon="20.004817"><ele>1439.0</ele></trkpt>
      <trkpt lat="49.132102" lon="20.004794"><ele>1439.0</ele></trkpt>
      <trkpt lat="49.132111" lon="20.004750"><ele>1439.0</ele></trkpt>
      <trkpt lat="49.132128" lon="20.004718"><ele>1439.0</ele></trkpt>
      <trkpt lat="49.132144" lon="20.004684"><ele>1439.0</ele></trkpt>
      <trkpt lat="49.132154" lon="20.004643"><ele>1439.0</ele></trkpt>
      <trkpt lat="49.132163" lon="20.004602"><ele>1439.0</ele></trkpt>
      <trkpt lat="49.132172" lon="20.004571"><ele>1439.0</ele></trkpt>
      <trkpt lat="49.132185" lon="20.004537"><ele>1439.0</ele></trkpt>
      <trkpt lat="49.132195" lon="20.004504"><ele>1439.0</ele></trkpt>
      <trkpt lat="49.132200" lon="20.004467"><ele>1439.0</ele></trkpt>
      <trkpt lat="49.132200" lon="20.004427"><ele>1439.0</ele></trkpt>
      <trkpt lat="49.132208" lon="20.004396"><ele>1439.0</ele></trkpt>
      <trkpt lat="49.132214" lon="20.004365"><ele>1439.0</ele></trkpt>
      <trkpt lat="49.132219" lon="20.004333"><ele>1439.0</ele></trkpt>
      <trkpt lat="49.132223" lon="20.004288"><ele>1439.0</ele></trkpt>
      <trkpt lat="49.132227" lon="20.004258"><ele>1439.0</ele></trkpt>
      <trkpt lat="49.132237" lon="20.004229"><ele>1439.0</ele></trkpt>
      <trkpt lat="49.132243" lon="20.004196"><ele>1439.0</ele></trkpt>
      <trkpt lat="49.132248" lon="20.004160"><ele>1439.0</ele></trkpt>
      <trkpt lat="49.132256" lon="20.004122"><ele>1438.0</ele></trkpt>
      <trkpt lat="49.132254" lon="20.004086"><ele>1438.0</ele></trkpt>
      <trkpt lat="49.132256" lon="20.004045"><ele>1438.0</ele></trkpt>
      <trkpt lat="49.132265" lon="20.004012"><ele>1438.0</ele></trkpt>
      <trkpt lat="49.132269" lon="20.003982"><ele>1438.0</ele></trkpt>
      <trkpt lat="49.132278" lon="20.003947"><ele>1438.0</ele></trkpt>
      <trkpt lat="49.132281" lon="20.003910"><ele>1437.0</ele></trkpt>
      <trkpt lat="49.132289" lon="20.003873"><ele>1437.0</ele></trkpt>
      <trkpt lat="49.132295" lon="20.003838"><ele>1437.0</ele></trkpt>
      <trkpt lat="49.132302" lon="20.003804"><ele>1437.0</ele></trkpt>
      <trkpt lat="49.132308" lon="20.003775"><ele>1437.0</ele></trkpt>
      <trkpt lat="49.132322" lon="20.003744"><ele>1437.0</ele></trkpt>
      <trkpt lat="49.132335" lon="20.003711"><ele>1437.0</ele></trkpt>
      <trkpt lat="49.132350" lon="20.003671"><ele>1437.0</ele></trkpt>
      <trkpt lat="49.132362" lon="20.003632"><ele>1437.0</ele></trkpt>
      <trkpt lat="49.132368" lon="20.003602"><ele>1437.0</ele></trkpt>
      <trkpt lat="49.132377" lon="20.003570"><ele>1437.0</ele></trkpt>
      <trkpt lat="49.132391" lon="20.003536"><ele>1437.0</ele></trkpt>
      <trkpt lat="49.132407" lon="20.003503"><ele>1437.0</ele></trkpt>
      <trkpt lat="49.132422" lon="20.003468"><ele>1437.0</ele></trkpt>
      <trkpt lat="49.132440" lon="20.003430"><ele>1437.0</ele></trkpt>
      <trkpt lat="49.132455" lon="20.003404"><ele>1437.0</ele></trkpt>
      <trkpt lat="49.132464" lon="20.003378"><ele>1437.0</ele></trkpt>
      <trkpt lat="49.132476" lon="20.003354"><ele>1437.0</ele></trkpt>
      <trkpt lat="49.132489" lon="20.003328"><ele>1437.0</ele></trkpt>
      <trkpt lat="49.132501" lon="20.003301"><ele>1437.0</ele></trkpt>
      <trkpt lat="49.132514" lon="20.003273"><ele>1437.0</ele></trkpt>
      <trkpt lat="49.132530" lon="20.003247"><ele>1437.0</ele></trkpt>
      <trkpt lat="49.132543" lon="20.003217"><ele>1437.0</ele></trkpt>
      <trkpt lat="49.132556" lon="20.003192"><ele>1438.0</ele></trkpt>
      <trkpt lat="49.132569" lon="20.003163"><ele>1438.0</ele></trkpt>
      <trkpt lat="49.132584" lon="20.003140"><ele>1438.0</ele></trkpt>
      <trkpt lat="49.132598" lon="20.003109"><ele>1438.0</ele></trkpt>
      <trkpt lat="49.132612" lon="20.003084"><ele>1438.0</ele></trkpt>
      <trkpt lat="49.132627" lon="20.003061"><ele>1437.0</ele></trkpt>
      <trkpt lat="49.132643" lon="20.003032"><ele>1437.0</ele></trkpt>
      <trkpt lat="49.132657" lon="20.002989"><ele>1437.0</ele></trkpt>
      <trkpt lat="49.132670" lon="20.002959"><ele>1437.0</ele></trkpt>
      <trkpt lat="49.132676" lon="20.002926"><ele>1437.0</ele></trkpt>
      <trkpt lat="49.132686" lon="20.002892"><ele>1437.0</ele></trkpt>
      <trkpt lat="49.132697" lon="20.002866"><ele>1437.0</ele></trkpt>
      <trkpt lat="49.132712" lon="20.002842"><ele>1437.0</ele></trkpt>
      <trkpt lat="49.132729" lon="20.002815"><ele>1437.0</ele></trkpt>
      <trkpt lat="49.132739" lon="20.002790"><ele>1438.0</ele></trkpt>
      <trkpt lat="49.132752" lon="20.002759"><ele>1438.0</ele></trkpt>
      <trkpt lat="49.132764" lon="20.002735"><ele>1438.0</ele></trkpt>
      <trkpt lat="49.132773" lon="20.002705"><ele>1438.0</ele></trkpt>
      <trkpt lat="49.132787" lon="20.002679"><ele>1438.0</ele></trkpt>
      <trkpt lat="49.132803" lon="20.002655"><ele>1438.0</ele></trkpt>
      <trkpt lat="49.132815" lon="20.002628"><ele>1438.0</ele></trkpt>
      <trkpt lat="49.132829" lon="20.002604"><ele>1438.0</ele></trkpt>
      <trkpt lat="49.132843" lon="20.002574"><ele>1438.0</ele></trkpt>
      <trkpt lat="49.132850" lon="20.002545"><ele>1438.0</ele></trkpt>
      <trkpt lat="49.132861" lon="20.002513"><ele>1438.0</ele></trkpt>
      <trkpt lat="49.132875" lon="20.002482"><ele>1438.0</ele></trkpt>
      <trkpt lat="49.132882" lon="20.002453"><ele>1438.0</ele></trkpt>
      <trkpt lat="49.132896" lon="20.002436"><ele>1438.0</ele></trkpt>
      <trkpt lat="49.132913" lon="20.002410"><ele>1438.0</ele></trkpt>
      <trkpt lat="49.132931" lon="20.002378"><ele>1438.0</ele></trkpt>
      <trkpt lat="49.132940" lon="20.002342"><ele>1438.0</ele></trkpt>
      <trkpt lat="49.132954" lon="20.002310"><ele>1438.0</ele></trkpt>
      <trkpt lat="49.132966" lon="20.002277"><ele>1438.0</ele></trkpt>
      <trkpt lat="49.132970" lon="20.002250"><ele>1438.0</ele></trkpt>
      <trkpt lat="49.132980" lon="20.002222"><ele>1438.0</ele></trkpt>
      <trkpt lat="49.132991" lon="20.002193"><ele>1438.0</ele></trkpt>
      <trkpt lat="49.132998" lon="20.002149"><ele>1438.0</ele></trkpt>
      <trkpt lat="49.133003" lon="20.002117"><ele>1438.0</ele></trkpt>
      <trkpt lat="49.133011" lon="20.002085"><ele>1438.0</ele></trkpt>
      <trkpt lat="49.133022" lon="20.002057"><ele>1438.0</ele></trkpt>
      <trkpt lat="49.133036" lon="20.002031"><ele>1438.0</ele></trkpt>
      <trkpt lat="49.133046" lon="20.002007"><ele>1438.0</ele></trkpt>
      <trkpt lat="49.133053" lon="20.001971"><ele>1438.0</ele></trkpt>
      <trkpt lat="49.133062" lon="20.001945"><ele>1438.0</ele></trkpt>
      <trkpt lat="49.133075" lon="20.001922"><ele>1438.0</ele></trkpt>
      <trkpt lat="49.133090" lon="20.001892"><ele>1438.0</ele></trkpt>
      <trkpt lat="49.133102" lon="20.001865"><ele>1438.0</ele></trkpt>
      <trkpt lat="49.133107" lon="20.001830"><ele>1438.0</ele></trkpt>
      <trkpt lat="49.133113" lon="20.001796"><ele>1439.0</ele></trkpt>
      <trkpt lat="49.133123" lon="20.001756"><ele>1439.0</ele></trkpt>
      <trkpt lat="49.133133" lon="20.001727"><ele>1439.0</ele></trkpt>
      <trkpt lat="49.133146" lon="20.001688"><ele>1439.0</ele></trkpt>
      <trkpt lat="49.133152" lon="20.001655"><ele>1438.0</ele></trkpt>
      <trkpt lat="49.133162" lon="20.001624"><ele>1438.0</ele></trkpt>
      <trkpt lat="49.133175" lon="20.001602"><ele>1438.0</ele></trkpt>
      <trkpt lat="49.133185" lon="20.001578"><ele>1438.0</ele></trkpt>
      <trkpt lat="49.133203" lon="20.001564"><ele>1438.0</ele></trkpt>
      <trkpt lat="49.133221" lon="20.001546"><ele>1438.0</ele></trkpt>
      <trkpt lat="49.133238" lon="20.001521"><ele>1438.0</ele></trkpt>
      <trkpt lat="49.133250" lon="20.001498"><ele>1438.0</ele></trkpt>
      <trkpt lat="49.133264" lon="20.001479"><ele>1438.0</ele></trkpt>
      <trkpt lat="49.133280" lon="20.001458"><ele>1438.0</ele></trkpt>
      <trkpt lat="49.133299" lon="20.001441"><ele>1438.0</ele></trkpt>
      <trkpt lat="49.133324" lon="20.001413"><ele>1438.0</ele></trkpt>
      <trkpt lat="49.133338" lon="20.001385"><ele>1438.0</ele></trkpt>
      <trkpt lat="49.133348" lon="20.001357"><ele>1438.0</ele></trkpt>
      <trkpt lat="49.133351" lon="20.001322"><ele>1438.0</ele></trkpt>
      <trkpt lat="49.133349" lon="20.001290"><ele>1438.0</ele></trkpt>
      <trkpt lat="49.133347" lon="20.001259"><ele>1438.0</ele></trkpt>
      <trkpt lat="49.133349" lon="20.001218"><ele>1438.0</ele></trkpt>
      <trkpt lat="49.133357" lon="20.001187"><ele>1438.0</ele></trkpt>
      <trkpt lat="49.133368" lon="20.001165"><ele>1438.0</ele></trkpt>
      <trkpt lat="49.133386" lon="20.001137"><ele>1438.0</ele></trkpt>
      <trkpt lat="49.133400" lon="20.001112"><ele>1438.0</ele></trkpt>
      <trkpt lat="49.133415" lon="20.001084"><ele>1437.0</ele></trkpt>
      <trkpt lat="49.133433" lon="20.001052"><ele>1437.0</ele></trkpt>
      <trkpt lat="49.133447" lon="20.001016"><ele>1437.0</ele></trkpt>
      <trkpt lat="49.133462" lon="20.000983"><ele>1437.0</ele></trkpt>
      <trkpt lat="49.133479" lon="20.000955"><ele>1437.0</ele></trkpt>
      <trkpt lat="49.133489" lon="20.000915"><ele>1437.0</ele></trkpt>
      <trkpt lat="49.133495" lon="20.000870"><ele>1437.0</ele></trkpt>
      <trkpt lat="49.133502" lon="20.000826"><ele>1436.0</ele></trkpt>
      <trkpt lat="49.133509" lon="20.000795"><ele>1436.0</ele></trkpt>
      <trkpt lat="49.133516" lon="20.000767"><ele>1436.0</ele></trkpt>
      <trkpt lat="49.133524" lon="20.000742"><ele>1435.0</ele></trkpt>
      <trkpt lat="49.133535" lon="20.000714"><ele>1434.0</ele></trkpt>
      <trkpt lat="49.133545" lon="20.000682"><ele>1434.0</ele></trkpt>
      <trkpt lat="49.133556" lon="20.000655"><ele>1434.0</ele></trkpt>
      <trkpt lat="49.133569" lon="20.000624"><ele>1434.0</ele></trkpt>
      <trkpt lat="49.133586" lon="20.000588"><ele>1434.0</ele></trkpt>
      <trkpt lat="49.133602" lon="20.000570"><ele>1433.0</ele></trkpt>
      <trkpt lat="49.133614" lon="20.000547"><ele>1433.0</ele></trkpt>
      <trkpt lat="49.133624" lon="20.000521"><ele>1433.0</ele></trkpt>
      <trkpt lat="49.133634" lon="20.000493"><ele>1433.0</ele></trkpt>
      <trkpt lat="49.133649" lon="20.000467"><ele>1433.0</ele></trkpt>
      <trkpt lat="49.133662" lon="20.000445"><ele>1432.0</ele></trkpt>
      <trkpt lat="49.133676" lon="20.000423"><ele>1432.0</ele></trkpt>
      <trkpt lat="49.133690" lon="20.000395"><ele>1433.0</ele></trkpt>
      <trkpt lat="49.133712" lon="20.000366"><ele>1433.0</ele></trkpt>
      <trkpt lat="49.133732" lon="20.000339"><ele>1433.0</ele></trkpt>
      <trkpt lat="49.133745" lon="20.000313"><ele>1433.0</ele></trkpt>
      <trkpt lat="49.133762" lon="20.000285"><ele>1432.0</ele></trkpt>
      <trkpt lat="49.133778" lon="20.000256"><ele>1432.0</ele></trkpt>
      <trkpt lat="49.133796" lon="20.000236"><ele>1432.0</ele></trkpt>
      <trkpt lat="49.133819" lon="20.000209"><ele>1432.0</ele></trkpt>
      <trkpt lat="49.133830" lon="20.000183"><ele>1432.0</ele></trkpt>
      <trkpt lat="49.133847" lon="20.000153"><ele>1432.0</ele></trkpt>
      <trkpt lat="49.133861" lon="20.000125"><ele>1432.0</ele></trkpt>
      <trkpt lat="49.133870" lon="20.000100"><ele>1432.0</ele></trkpt>
      <trkpt lat="49.133888" lon="20.000070"><ele>1432.0</ele></trkpt>
      <trkpt lat="49.133905" lon="20.000040"><ele>1431.0</ele></trkpt>
      <trkpt lat="49.133922" lon="20.000016"><ele>1431.0</ele></trkpt>
      <trkpt lat="49.133936" lon="19.999992"><ele>1431.0</ele></trkpt>
      <trkpt lat="49.133949" lon="19.999956"><ele>1431.0</ele></trkpt>
      <trkpt lat="49.133964" lon="19.999931"><ele>1431.0</ele></trkpt>
      <trkpt lat="49.133974" lon="19.999904"><ele>1431.0</ele></trkpt>
      <trkpt lat="49.133986" lon="19.999876"><ele>1432.0</ele></trkpt>
      <trkpt lat="49.133999" lon="19.999852"><ele>1432.0</ele></trkpt>
      <trkpt lat="49.134012" lon="19.999824"><ele>1431.0</ele></trkpt>
      <trkpt lat="49.134031" lon="19.999797"><ele>1431.0</ele></trkpt>
      <trkpt lat="49.134046" lon="19.999778"><ele>1431.0</ele></trkpt>
      <trkpt lat="49.134059" lon="19.999755"><ele>1431.0</ele></trkpt>
      <trkpt lat="49.134071" lon="19.999729"><ele>1431.0</ele></trkpt>
      <trkpt lat="49.134084" lon="19.999701"><ele>1431.0</ele></trkpt>
      <trkpt lat="49.134102" lon="19.999669"><ele>1431.0</ele></trkpt>
      <trkpt lat="49.134115" lon="19.999646"><ele>1431.0</ele></trkpt>
      <trkpt lat="49.134128" lon="19.999612"><ele>1431.0</ele></trkpt>
      <trkpt lat="49.134140" lon="19.999580"><ele>1431.0</ele></trkpt>
      <trkpt lat="49.134155" lon="19.999555"><ele>1431.0</ele></trkpt>
      <trkpt lat="49.134172" lon="19.999543"><ele>1430.0</ele></trkpt>
      <trkpt lat="49.134188" lon="19.999529"><ele>1430.0</ele></trkpt>
      <trkpt lat="49.134209" lon="19.999499"><ele>1430.0</ele></trkpt>
      <trkpt lat="49.134217" lon="19.999472"><ele>1430.0</ele></trkpt>
      <trkpt lat="49.134232" lon="19.999451"><ele>1430.0</ele></trkpt>
      <trkpt lat="49.134248" lon="19.999417"><ele>1430.0</ele></trkpt>
      <trkpt lat="49.134265" lon="19.999389"><ele>1430.0</ele></trkpt>
      <trkpt lat="49.134282" lon="19.999362"><ele>1430.0</ele></trkpt>
      <trkpt lat="49.134296" lon="19.999332"><ele>1430.0</ele></trkpt>
      <trkpt lat="49.134305" lon="19.999308"><ele>1430.0</ele></trkpt>
      <trkpt lat="49.134318" lon="19.999272"><ele>1430.0</ele></trkpt>
      <trkpt lat="49.134329" lon="19.999238"><ele>1430.0</ele></trkpt>
      <trkpt lat="49.134346" lon="19.999210"><ele>1430.0</ele></trkpt>
      <trkpt lat="49.134363" lon="19.999181"><ele>1429.0</ele></trkpt>
      <trkpt lat="49.134374" lon="19.999155"><ele>1429.0</ele></trkpt>
      <trkpt lat="49.134386" lon="19.999117"><ele>1429.0</ele></trkpt>
      <trkpt lat="49.134400" lon="19.999084"><ele>1429.0</ele></trkpt>
      <trkpt lat="49.134415" lon="19.999056"><ele>1429.0</ele></trkpt>
      <trkpt lat="49.134430" lon="19.999030"><ele>1429.0</ele></trkpt>
      <trkpt lat="49.134446" lon="19.999006"><ele>1429.0</ele></trkpt>
      <trkpt lat="49.134464" lon="19.998985"><ele>1429.0</ele></trkpt>
      <trkpt lat="49.134480" lon="19.998971"><ele>1429.0</ele></trkpt>
      <trkpt lat="49.134496" lon="19.998956"><ele>1429.0</ele></trkpt>
      <trkpt lat="49.134516" lon="19.998942"><ele>1429.0</ele></trkpt>
      <trkpt lat="49.134532" lon="19.998927"><ele>1429.0</ele></trkpt>
      <trkpt lat="49.134547" lon="19.998905"><ele>1429.0</ele></trkpt>
      <trkpt lat="49.134568" lon="19.998883"><ele>1430.0</ele></trkpt>
      <trkpt lat="49.134581" lon="19.998865"><ele>1430.0</ele></trkpt>
      <trkpt lat="49.134595" lon="19.998845"><ele>1430.0</ele></trkpt>
      <trkpt lat="49.134616" lon="19.998826"><ele>1430.0</ele></trkpt>
      <trkpt lat="49.134632" lon="19.998807"><ele>1429.0</ele></trkpt>
      <trkpt lat="49.134643" lon="19.998774"><ele>1429.0</ele></trkpt>
      <trkpt lat="49.134651" lon="19.998742"><ele>1429.0</ele></trkpt>
      <trkpt lat="49.134657" lon="19.998713"><ele>1429.0</ele></trkpt>
      <trkpt lat="49.134666" lon="19.998683"><ele>1429.0</ele></trkpt>
      <trkpt lat="49.134676" lon="19.998652"><ele>1429.0</ele></trkpt>
      <trkpt lat="49.134690" lon="19.998622"><ele>1429.0</ele></trkpt>
      <trkpt lat="49.134703" lon="19.998599"><ele>1429.0</ele></trkpt>
      <trkpt lat="49.134711" lon="19.998564"><ele>1429.0</ele></trkpt>
      <trkpt lat="49.134719" lon="19.998536"><ele>1429.0</ele></trkpt>
      <trkpt lat="49.134736" lon="19.998503"><ele>1429.0</ele></trkpt>
      <trkpt lat="49.134749" lon="19.998473"><ele>1429.0</ele></trkpt>
      <trkpt lat="49.134760" lon="19.998446"><ele>1429.0</ele></trkpt>
      <trkpt lat="49.134775" lon="19.998405"><ele>1429.0</ele></trkpt>
      <trkpt lat="49.134792" lon="19.998368"><ele>1429.0</ele></trkpt>
      <trkpt lat="49.134812" lon="19.998343"><ele>1429.0</ele></trkpt>
      <trkpt lat="49.134834" lon="19.998315"><ele>1429.0</ele></trkpt>
      <trkpt lat="49.134854" lon="19.998297"><ele>1429.0</ele></trkpt>
      <trkpt lat="49.134877" lon="19.998282"><ele>1429.0</ele></trkpt>
      <trkpt lat="49.134896" lon="19.998256"><ele>1429.0</ele></trkpt>
      <trkpt lat="49.134908" lon="19.998231"><ele>1429.0</ele></trkpt>
      <trkpt lat="49.134921" lon="19.998202"><ele>1429.0</ele></trkpt>
      <trkpt lat="49.134931" lon="19.998168"><ele>1429.0</ele></trkpt>
      <trkpt lat="49.134942" lon="19.998138"><ele>1429.0</ele></trkpt>
      <trkpt lat="49.134955" lon="19.998108"><ele>1429.0</ele></trkpt>
      <trkpt lat="49.134966" lon="19.998076"><ele>1429.0</ele></trkpt>
      <trkpt lat="49.134973" lon="19.998043"><ele>1429.0</ele></trkpt>
      <trkpt lat="49.134981" lon="19.998010"><ele>1429.0</ele></trkpt>
      <trkpt lat="49.134995" lon="19.997991"><ele>1430.0</ele></trkpt>
      <trkpt lat="49.135002" lon="19.997962"><ele>1430.0</ele></trkpt>
      <trkpt lat="49.135010" lon="19.997926"><ele>1430.0</ele></trkpt>
      <trkpt lat="49.135018" lon="19.997901"><ele>1430.0</ele></trkpt>
      <trkpt lat="49.135031" lon="19.997880"><ele>1430.0</ele></trkpt>
      <trkpt lat="49.135040" lon="19.997847"><ele>1430.0</ele></trkpt>
      <trkpt lat="49.135048" lon="19.997817"><ele>1430.0</ele></trkpt>
      <trkpt lat="49.135049" lon="19.997774"><ele>1429.0</ele></trkpt>
      <trkpt lat="49.135060" lon="19.997745"><ele>1429.0</ele></trkpt>
      <trkpt lat="49.135077" lon="19.997726"><ele>1429.0</ele></trkpt>
      <trkpt lat="49.135088" lon="19.997702"><ele>1429.0</ele></trkpt>
      <trkpt lat="49.135096" lon="19.997672"><ele>1428.0</ele></trkpt>
      <trkpt lat="49.135103" lon="19.997640"><ele>1428.0</ele></trkpt>
      <trkpt lat="49.135112" lon="19.997608"><ele>1428.0</ele></trkpt>
      <trkpt lat="49.135118" lon="19.997578"><ele>1428.0</ele></trkpt>
      <trkpt lat="49.135133" lon="19.997545"><ele>1428.0</ele></trkpt>
      <trkpt lat="49.135142" lon="19.997520"><ele>1428.0</ele></trkpt>
      <trkpt lat="49.135146" lon="19.997490"><ele>1428.0</ele></trkpt>
      <trkpt lat="49.135156" lon="19.997462"><ele>1428.0</ele></trkpt>
      <trkpt lat="49.135162" lon="19.997434"><ele>1429.0</ele></trkpt>
      <trkpt lat="49.135167" lon="19.997402"><ele>1429.0</ele></trkpt>
      <trkpt lat="49.135172" lon="19.997372"><ele>1428.0</ele></trkpt>
      <trkpt lat="49.135181" lon="19.997340"><ele>1428.0</ele></trkpt>
      <trkpt lat="49.135196" lon="19.997309"><ele>1427.0</ele></trkpt>
      <trkpt lat="49.135208" lon="19.997283"><ele>1427.0</ele></trkpt>
      <trkpt lat="49.135219" lon="19.997253"><ele>1427.0</ele></trkpt>
      <trkpt lat="49.135232" lon="19.997223"><ele>1427.0</ele></trkpt>
      <trkpt lat="49.135240" lon="19.997197"><ele>1427.0</ele></trkpt>
      <trkpt lat="49.135244" lon="19.997166"><ele>1427.0</ele></trkpt>
      <trkpt lat="49.135254" lon="19.997134"><ele>1427.0</ele></trkpt>
      <trkpt lat="49.135265" lon="19.997103"><ele>1426.0</ele></trkpt>
      <trkpt lat="49.135278" lon="19.997072"><ele>1426.0</ele></trkpt>
      <trkpt lat="49.135290" lon="19.997042"><ele>1426.0</ele></trkpt>
      <trkpt lat="49.135305" lon="19.997009"><ele>1426.0</ele></trkpt>
      <trkpt lat="49.135321" lon="19.996976"><ele>1426.0</ele></trkpt>
      <trkpt lat="49.135338" lon="19.996942"><ele>1425.0</ele></trkpt>
      <trkpt lat="49.135352" lon="19.996910"><ele>1425.0</ele></trkpt>
      <trkpt lat="49.135363" lon="19.996873"><ele>1425.0</ele></trkpt>
      <trkpt lat="49.135375" lon="19.996842"><ele>1425.0</ele></trkpt>
      <trkpt lat="49.135389" lon="19.996806"><ele>1425.0</ele></trkpt>
      <trkpt lat="49.135402" lon="19.996775"><ele>1424.0</ele></trkpt>
      <trkpt lat="49.135413" lon="19.996743"><ele>1424.0</ele></trkpt>
      <trkpt lat="49.135427" lon="19.996721"><ele>1424.0</ele></trkpt>
      <trkpt lat="49.135443" lon="19.996695"><ele>1424.0</ele></trkpt>
      <trkpt lat="49.135461" lon="19.996671"><ele>1424.0</ele></trkpt>
      <trkpt lat="49.135476" lon="19.996648"><ele>1424.0</ele></trkpt>
      <trkpt lat="49.135494" lon="19.996621"><ele>1424.0</ele></trkpt>
      <trkpt lat="49.135508" lon="19.996596"><ele>1424.0</ele></trkpt>
      <trkpt lat="49.135525" lon="19.996569"><ele>1424.0</ele></trkpt>
      <trkpt lat="49.135542" lon="19.996535"><ele>1424.0</ele></trkpt>
      <trkpt lat="49.135556" lon="19.996508"><ele>1424.0</ele></trkpt>
      <trkpt lat="49.135572" lon="19.996482"><ele>1424.0</ele></trkpt>
      <trkpt lat="49.135592" lon="19.996457"><ele>1424.0</ele></trkpt>
      <trkpt lat="49.135608" lon="19.996426"><ele>1424.0</ele></trkpt>
      <trkpt lat="49.135620" lon="19.996399"><ele>1424.0</ele></trkpt>
      <trkpt lat="49.135635" lon="19.996368"><ele>1424.0</ele></trkpt>
      <trkpt lat="49.135646" lon="19.996336"><ele>1424.0</ele></trkpt>
      <trkpt lat="49.135653" lon="19.996306"><ele>1424.0</ele></trkpt>
      <trkpt lat="49.135664" lon="19.996279"><ele>1424.0</ele></trkpt>
      <trkpt lat="49.135677" lon="19.996255"><ele>1423.0</ele></trkpt>
      <trkpt lat="49.135693" lon="19.996231"><ele>1423.0</ele></trkpt>
      <trkpt lat="49.135705" lon="19.996207"><ele>1423.0</ele></trkpt>
      <trkpt lat="49.135719" lon="19.996186"><ele>1422.0</ele></trkpt>
      <trkpt lat="49.135729" lon="19.996156"><ele>1422.0</ele></trkpt>
      <trkpt lat="49.135742" lon="19.996123"><ele>1422.0</ele></trkpt>
      <trkpt lat="49.135753" lon="19.996090"><ele>1422.0</ele></trkpt>
      <trkpt lat="49.135760" lon="19.996058"><ele>1422.0</ele></trkpt>
      <trkpt lat="49.135772" lon="19.996029"><ele>1422.0</ele></trkpt>
      <trkpt lat="49.135783" lon="19.996000"><ele>1422.0</ele></trkpt>
      <trkpt lat="49.135796" lon="19.995967"><ele>1422.0</ele></trkpt>
      <trkpt lat="49.135809" lon="19.995941"><ele>1422.0</ele></trkpt>
      <trkpt lat="49.135818" lon="19.995912"><ele>1423.0</ele></trkpt>
      <trkpt lat="49.135832" lon="19.995870"><ele>1423.0</ele></trkpt>
      <trkpt lat="49.135845" lon="19.995836"><ele>1423.0</ele></trkpt>
      <trkpt lat="49.135861" lon="19.995806"><ele>1423.0</ele></trkpt>
      <trkpt lat="49.135882" lon="19.995772"><ele>1423.0</ele></trkpt>
      <trkpt lat="49.135903" lon="19.995747"><ele>1422.0</ele></trkpt>
      <trkpt lat="49.135919" lon="19.995724"><ele>1422.0</ele></trkpt>
      <trkpt lat="49.135939" lon="19.995701"><ele>1422.0</ele></trkpt>
      <trkpt lat="49.135952" lon="19.995680"><ele>1422.0</ele></trkpt>
      <trkpt lat="49.135965" lon="19.995654"><ele>1422.0</ele></trkpt>
      <trkpt lat="49.135982" lon="19.995629"><ele>1422.0</ele></trkpt>
      <trkpt lat="49.135994" lon="19.995601"><ele>1422.0</ele></trkpt>
      <trkpt lat="49.136006" lon="19.995572"><ele>1422.0</ele></trkpt>
      <trkpt lat="49.136016" lon="19.995541"><ele>1422.0</ele></trkpt>
      <trkpt lat="49.136025" lon="19.995510"><ele>1422.0</ele></trkpt>
      <trkpt lat="49.136036" lon="19.995486"><ele>1422.0</ele></trkpt>
      <trkpt lat="49.136046" lon="19.995456"><ele>1422.0</ele></trkpt>
      <trkpt lat="49.136058" lon="19.995433"><ele>1421.0</ele></trkpt>
      <trkpt lat="49.136076" lon="19.995403"><ele>1421.0</ele></trkpt>
      <trkpt lat="49.136087" lon="19.995375"><ele>1421.0</ele></trkpt>
      <trkpt lat="49.136099" lon="19.995345"><ele>1421.0</ele></trkpt>
      <trkpt lat="49.136110" lon="19.995317"><ele>1421.0</ele></trkpt>
      <trkpt lat="49.136123" lon="19.995289"><ele>1421.0</ele></trkpt>
      <trkpt lat="49.136137" lon="19.995260"><ele>1421.0</ele></trkpt>
      <trkpt lat="49.136150" lon="19.995235"><ele>1421.0</ele></trkpt>
      <trkpt lat="49.136158" lon="19.995205"><ele>1421.0</ele></trkpt>
      <trkpt lat="49.136166" lon="19.995172"><ele>1420.0</ele></trkpt>
      <trkpt lat="49.136178" lon="19.995140"><ele>1420.0</ele></trkpt>
      <trkpt lat="49.136191" lon="19.995106"><ele>1420.0</ele></trkpt>
      <trkpt lat="49.136207" lon="19.995082"><ele>1420.0</ele></trkpt>
      <trkpt lat="49.136219" lon="19.995056"><ele>1420.0</ele></trkpt>
      <trkpt lat="49.136228" lon="19.995027"><ele>1420.0</ele></trkpt>
      <trkpt lat="49.136239" lon="19.995000"><ele>1420.0</ele></trkpt>
      <trkpt lat="49.136255" lon="19.994971"><ele>1420.0</ele></trkpt>
      <trkpt lat="49.136272" lon="19.994947"><ele>1420.0</ele></trkpt>
      <trkpt lat="49.136286" lon="19.994920"><ele>1420.0</ele></trkpt>
      <trkpt lat="49.136301" lon="19.994892"><ele>1420.0</ele></trkpt>
      <trkpt lat="49.136317" lon="19.994866"><ele>1419.0</ele></trkpt>
      <trkpt lat="49.136333" lon="19.994840"><ele>1419.0</ele></trkpt>
      <trkpt lat="49.136350" lon="19.994819"><ele>1419.0</ele></trkpt>
      <trkpt lat="49.136365" lon="19.994796"><ele>1419.0</ele></trkpt>
      <trkpt lat="49.136378" lon="19.994770"><ele>1419.0</ele></trkpt>
      <trkpt lat="49.136393" lon="19.994743"><ele>1419.0</ele></trkpt>
      <trkpt lat="49.136405" lon="19.994711"><ele>1419.0</ele></trkpt>
      <trkpt lat="49.136414" lon="19.994678"><ele>1420.0</ele></trkpt>
      <trkpt lat="49.136424" lon="19.994643"><ele>1420.0</ele></trkpt>
      <trkpt lat="49.136434" lon="19.994609"><ele>1420.0</ele></trkpt>
      <trkpt lat="49.136442" lon="19.994575"><ele>1420.0</ele></trkpt>
      <trkpt lat="49.136452" lon="19.994540"><ele>1420.0</ele></trkpt>
      <trkpt lat="49.136464" lon="19.994501"><ele>1420.0</ele></trkpt>
      <trkpt lat="49.136469" lon="19.994462"><ele>1419.0</ele></trkpt>
      <trkpt lat="49.136482" lon="19.994428"><ele>1419.0</ele></trkpt>
      <trkpt lat="49.136487" lon="19.994399"><ele>1419.0</ele></trkpt>
      <trkpt lat="49.136493" lon="19.994372"><ele>1419.0</ele></trkpt>
      <trkpt lat="49.136500" lon="19.994344"><ele>1419.0</ele></trkpt>
      <trkpt lat="49.136507" lon="19.994317"><ele>1419.0</ele></trkpt>
      <trkpt lat="49.136520" lon="19.994283"><ele>1419.0</ele></trkpt>
      <trkpt lat="49.136528" lon="19.994251"><ele>1419.0</ele></trkpt>
      <trkpt lat="49.136537" lon="19.994214"><ele>1419.0</ele></trkpt>
      <trkpt lat="49.136548" lon="19.994183"><ele>1419.0</ele></trkpt>
      <trkpt lat="49.136560" lon="19.994160"><ele>1419.0</ele></trkpt>
      <trkpt lat="49.136569" lon="19.994130"><ele>1419.0</ele></trkpt>
      <trkpt lat="49.136581" lon="19.994099"><ele>1418.0</ele></trkpt>
      <trkpt lat="49.136595" lon="19.994070"><ele>1418.0</ele></trkpt>
      <trkpt lat="49.136611" lon="19.994042"><ele>1418.0</ele></trkpt>
      <trkpt lat="49.136625" lon="19.994009"><ele>1418.0</ele></trkpt>
      <trkpt lat="49.136645" lon="19.993989"><ele>1418.0</ele></trkpt>
      <trkpt lat="49.136664" lon="19.993968"><ele>1418.0</ele></trkpt>
      <trkpt lat="49.136676" lon="19.993943"><ele>1418.0</ele></trkpt>
      <trkpt lat="49.136689" lon="19.993913"><ele>1418.0</ele></trkpt>
      <trkpt lat="49.136706" lon="19.993885"><ele>1418.0</ele></trkpt>
      <trkpt lat="49.136722" lon="19.993864"><ele>1418.0</ele></trkpt>
      <trkpt lat="49.136742" lon="19.993840"><ele>1418.0</ele></trkpt>
      <trkpt lat="49.136758" lon="19.993809"><ele>1418.0</ele></trkpt>
      <trkpt lat="49.136774" lon="19.993778"><ele>1418.0</ele></trkpt>
      <trkpt lat="49.136792" lon="19.993748"><ele>1418.0</ele></trkpt>
      <trkpt lat="49.136812" lon="19.993719"><ele>1418.0</ele></trkpt>
      <trkpt lat="49.136831" lon="19.993692"><ele>1418.0</ele></trkpt>
      <trkpt lat="49.136851" lon="19.993666"><ele>1418.0</ele></trkpt>
      <trkpt lat="49.136872" lon="19.993640"><ele>1418.0</ele></trkpt>
      <trkpt lat="49.136894" lon="19.993618"><ele>1418.0</ele></trkpt>
      <trkpt lat="49.136907" lon="19.993586"><ele>1418.0</ele></trkpt>
      <trkpt lat="49.136924" lon="19.993560"><ele>1418.0</ele></trkpt>
      <trkpt lat="49.136941" lon="19.993528"><ele>1418.0</ele></trkpt>
      <trkpt lat="49.136958" lon="19.993495"><ele>1418.0</ele></trkpt>
      <trkpt lat="49.136977" lon="19.993472"><ele>1418.0</ele></trkpt>
      <trkpt lat="49.136991" lon="19.993446"><ele>1417.0</ele></trkpt>
      <trkpt lat="49.137005" lon="19.993416"><ele>1417.0</ele></trkpt>
      <trkpt lat="49.137018" lon="19.993391"><ele>1417.0</ele></trkpt>
      <trkpt lat="49.137028" lon="19.993361"><ele>1416.0</ele></trkpt>
      <trkpt lat="49.137041" lon="19.993331"><ele>1416.0</ele></trkpt>
      <trkpt lat="49.137048" lon="19.993298"><ele>1416.0</ele></trkpt>
      <trkpt lat="49.137063" lon="19.993262"><ele>1416.0</ele></trkpt>
      <trkpt lat="49.137082" lon="19.993238"><ele>1416.0</ele></trkpt>
      <trkpt lat="49.137094" lon="19.993211"><ele>1415.0</ele></trkpt>
      <trkpt lat="49.137110" lon="19.993182"><ele>1415.0</ele></trkpt>
      <trkpt lat="49.137126" lon="19.993152"><ele>1415.0</ele></trkpt>
      <trkpt lat="49.137135" lon="19.993119"><ele>1415.0</ele></trkpt>
      <trkpt lat="49.137152" lon="19.993083"><ele>1415.0</ele></trkpt>
      <trkpt lat="49.137171" lon="19.993052"><ele>1415.0</ele></trkpt>
      <trkpt lat="49.137189" lon="19.993035"><ele>1415.0</ele></trkpt>
      <trkpt lat="49.137209" lon="19.993013"><ele>1415.0</ele></trkpt>
      <trkpt lat="49.137226" lon="19.992989"><ele>1415.0</ele></trkpt>
      <trkpt lat="49.137240" lon="19.992962"><ele>1415.0</ele></trkpt>
      <trkpt lat="49.137259" lon="19.992934"><ele>1414.0</ele></trkpt>
      <trkpt lat="49.137275" lon="19.992912"><ele>1414.0</ele></trkpt>
      <trkpt lat="49.137293" lon="19.992885"><ele>1414.0</ele></trkpt>
      <trkpt lat="49.137308" lon="19.992853"><ele>1414.0</ele></trkpt>
      <trkpt lat="49.137319" lon="19.992822"><ele>1414.0</ele></trkpt>
      <trkpt lat="49.137332" lon="19.992789"><ele>1414.0</ele></trkpt>
      <trkpt lat="49.137341" lon="19.992753"><ele>1413.0</ele></trkpt>
      <trkpt lat="49.137356" lon="19.992715"><ele>1413.0</ele></trkpt>
      <trkpt lat="49.137372" lon="19.992677"><ele>1413.0</ele></trkpt>
      <trkpt lat="49.137387" lon="19.992649"><ele>1413.0</ele></trkpt>
      <trkpt lat="49.137400" lon="19.992621"><ele>1412.0</ele></trkpt>
      <trkpt lat="49.137414" lon="19.992588"><ele>1412.0</ele></trkpt>
      <trkpt lat="49.137426" lon="19.992558"><ele>1411.0</ele></trkpt>
      <trkpt lat="49.137436" lon="19.992526"><ele>1411.0</ele></trkpt>
      <trkpt lat="49.137447" lon="19.992492"><ele>1411.0</ele></trkpt>
      <trkpt lat="49.137451" lon="19.992448"><ele>1411.0</ele></trkpt>
      <trkpt lat="49.137454" lon="19.992408"><ele>1411.0</ele></trkpt>
      <trkpt lat="49.137465" lon="19.992381"><ele>1409.0</ele></trkpt>
      <trkpt lat="49.137472" lon="19.992345"><ele>1409.0</ele></trkpt>
      <trkpt lat="49.137484" lon="19.992315"><ele>1409.0</ele></trkpt>
      <trkpt lat="49.137489" lon="19.992277"><ele>1408.0</ele></trkpt>
      <trkpt lat="49.137500" lon="19.992244"><ele>1408.0</ele></trkpt>
      <trkpt lat="49.137510" lon="19.992207"><ele>1407.0</ele></trkpt>
      <trkpt lat="49.137517" lon="19.992170"><ele>1407.0</ele></trkpt>
      <trkpt lat="49.137526" lon="19.992138"><ele>1406.0</ele></trkpt>
      <trkpt lat="49.137538" lon="19.992099"><ele>1406.0</ele></trkpt>
      <trkpt lat="49.137543" lon="19.992064"><ele>1406.0</ele></trkpt>
      <trkpt lat="49.137546" lon="19.992031"><ele>1406.0</ele></trkpt>
      <trkpt lat="49.137548" lon="19.991992"><ele>1405.0</ele></trkpt>
      <trkpt lat="49.137550" lon="19.991960"><ele>1404.0</ele></trkpt>
      <trkpt lat="49.137552" lon="19.991929"><ele>1404.0</ele></trkpt>
      <trkpt lat="49.137553" lon="19.991895"><ele>1403.0</ele></trkpt>
      <trkpt lat="49.137547" lon="19.991863"><ele>1402.0</ele></trkpt>
      <trkpt lat="49.137543" lon="19.991836"><ele>1402.0</ele></trkpt>
      <trkpt lat="49.137528" lon="19.991812"><ele>1402.0</ele></trkpt>
      <trkpt lat="49.137524" lon="19.991785"><ele>1402.0</ele></trkpt>
      <trkpt lat="49.137513" lon="19.991752"><ele>1400.0</ele></trkpt>
      <trkpt lat="49.137499" lon="19.991725"><ele>1400.0</ele></trkpt>
      <trkpt lat="49.137502" lon="19.991688"><ele>1400.0</ele></trkpt>
      <trkpt lat="49.137499" lon="19.991650"><ele>1400.0</ele></trkpt>
      <trkpt lat="49.137496" lon="19.991618"><ele>1400.0</ele></trkpt>
      <trkpt lat="49.137495" lon="19.991587"><ele>1399.0</ele></trkpt>
      <trkpt lat="49.137494" lon="19.991548"><ele>1397.0</ele></trkpt>
      <trkpt lat="49.137496" lon="19.991512"><ele>1397.0</ele></trkpt>
      <trkpt lat="49.137501" lon="19.991481"><ele>1397.0</ele></trkpt>
      <trkpt lat="49.137505" lon="19.991448"><ele>1397.0</ele></trkpt>
      <trkpt lat="49.137508" lon="19.991411"><ele>1397.0</ele></trkpt>
      <trkpt lat="49.137516" lon="19.991379"><ele>1396.0</ele></trkpt>
      <trkpt lat="49.137519" lon="19.991348"><ele>1396.0</ele></trkpt>
      <trkpt lat="49.137526" lon="19.991307"><ele>1396.0</ele></trkpt>
      <trkpt lat="49.137536" lon="19.991271"><ele>1395.0</ele></trkpt>
      <trkpt lat="49.137549" lon="19.991244"><ele>1395.0</ele></trkpt>
      <trkpt lat="49.137557" lon="19.991209"><ele>1395.0</ele></trkpt>
      <trkpt lat="49.137564" lon="19.991172"><ele>1395.0</ele></trkpt>
      <trkpt lat="49.137571" lon="19.991135"><ele>1394.0</ele></trkpt>
      <trkpt lat="49.137577" lon="19.991099"><ele>1394.0</ele></trkpt>
      <trkpt lat="49.137580" lon="19.991053"><ele>1393.0</ele></trkpt>
      <trkpt lat="49.137584" lon="19.991010"><ele>1392.0</ele></trkpt>
      <trkpt lat="49.137587" lon="19.990975"><ele>1392.0</ele></trkpt>
      <trkpt lat="49.137590" lon="19.990942"><ele>1391.0</ele></trkpt>
      <trkpt lat="49.137596" lon="19.990903"><ele>1391.0</ele></trkpt>
      <trkpt lat="49.137601" lon="19.990865"><ele>1390.0</ele></trkpt>
      <trkpt lat="49.137606" lon="19.990831"><ele>1390.0</ele></trkpt>
      <trkpt lat="49.137613" lon="19.990797"><ele>1390.0</ele></trkpt>
      <trkpt lat="49.137621" lon="19.990759"><ele>1390.0</ele></trkpt>
      <trkpt lat="49.137626" lon="19.990732"><ele>1388.0</ele></trkpt>
      <trkpt lat="49.137636" lon="19.990702"><ele>1388.0</ele></trkpt>
      <trkpt lat="49.137646" lon="19.990671"><ele>1388.0</ele></trkpt>
      <trkpt lat="49.137658" lon="19.990642"><ele>1388.0</ele></trkpt>
      <trkpt lat="49.137663" lon="19.990615"><ele>1388.0</ele></trkpt>
      <trkpt lat="49.137672" lon="19.990578"><ele>1387.0</ele></trkpt>
      <trkpt lat="49.137677" lon="19.990545"><ele>1387.0</ele></trkpt>
      <trkpt lat="49.137680" lon="19.990513"><ele>1387.0</ele></trkpt>
      <trkpt lat="49.137688" lon="19.990475"><ele>1387.0</ele></trkpt>
      <trkpt lat="49.137691" lon="19.990435"><ele>1387.0</ele></trkpt>
      <trkpt lat="49.137695" lon="19.990395"><ele>1385.0</ele></trkpt>
      <trkpt lat="49.137695" lon="19.990361"><ele>1385.0</ele></trkpt>
      <trkpt lat="49.137695" lon="19.990327"><ele>1385.0</ele></trkpt>
      <trkpt lat="49.137697" lon="19.990287"><ele>1384.0</ele></trkpt>
      <trkpt lat="49.137698" lon="19.990246"><ele>1384.0</ele></trkpt>
      <trkpt lat="49.137695" lon="19.990214"><ele>1383.0</ele></trkpt>
      <trkpt lat="49.137698" lon="19.990185"><ele>1383.0</ele></trkpt>
      <trkpt lat="49.137697" lon="19.990153"><ele>1382.0</ele></trkpt>
      <trkpt lat="49.137700" lon="19.990120"><ele>1382.0</ele></trkpt>
      <trkpt lat="49.137704" lon="19.990082"><ele>1382.0</ele></trkpt>
      <trkpt lat="49.137706" lon="19.990039"><ele>1382.0</ele></trkpt>
      <trkpt lat="49.137703" lon="19.990002"><ele>1381.0</ele></trkpt>
      <trkpt lat="49.137698" lon="19.989969"><ele>1381.0</ele></trkpt>
      <trkpt lat="49.137697" lon="19.989928"><ele>1381.0</ele></trkpt>
      <trkpt lat="49.137690" lon="19.989892"><ele>1380.0</ele></trkpt>
      <trkpt lat="49.137685" lon="19.989854"><ele>1380.0</ele></trkpt>
      <trkpt lat="49.137682" lon="19.989815"><ele>1380.0</ele></trkpt>
      <trkpt lat="49.137682" lon="19.989780"><ele>1380.0</ele></trkpt>
      <trkpt lat="49.137681" lon="19.989742"><ele>1378.0</ele></trkpt>
      <trkpt lat="49.137677" lon="19.989700"><ele>1378.0</ele></trkpt>
      <trkpt lat="49.137673" lon="19.989659"><ele>1378.0</ele></trkpt>
      <trkpt lat="49.137666" lon="19.989620"><ele>1377.0</ele></trkpt>
      <trkpt lat="49.137663" lon="19.989578"><ele>1377.0</ele></trkpt>
      <trkpt lat="49.137666" lon="19.989535"><ele>1377.0</ele></trkpt>
      <trkpt lat="49.137666" lon="19.989498"><ele>1376.0</ele></trkpt>
      <trkpt lat="49.137668" lon="19.989463"><ele>1376.0</ele></trkpt>
      <trkpt lat="49.137678" lon="19.989424"><ele>1376.0</ele></trkpt>
      <trkpt lat="49.137693" lon="19.989391"><ele>1375.0</ele></trkpt>
      <trkpt lat="49.137691" lon="19.989361"><ele>1375.0</ele></trkpt>
      <trkpt lat="49.137694" lon="19.989326"><ele>1375.0</ele></trkpt>
      <trkpt lat="49.137697" lon="19.989289"><ele>1375.0</ele></trkpt>
      <trkpt lat="49.137694" lon="19.989252"><ele>1374.0</ele></trkpt>
      <trkpt lat="49.137689" lon="19.989214"><ele>1374.0</ele></trkpt>
      <trkpt lat="49.137691" lon="19.989183"><ele>1373.0</ele></trkpt>
      <trkpt lat="49.137687" lon="19.989150"><ele>1373.0</ele></trkpt>
      <trkpt lat="49.137686" lon="19.989123"><ele>1373.0</ele></trkpt>
      <trkpt lat="49.137687" lon="19.989093"><ele>1373.0</ele></trkpt>
      <trkpt lat="49.137685" lon="19.989062"><ele>1372.0</ele></trkpt>
      <trkpt lat="49.137683" lon="19.989028"><ele>1372.0</ele></trkpt>
      <trkpt lat="49.137680" lon="19.988997"><ele>1372.0</ele></trkpt>
      <trkpt lat="49.137675" lon="19.988966"><ele>1371.0</ele></trkpt>
      <trkpt lat="49.137672" lon="19.988926"><ele>1371.0</ele></trkpt>
      <trkpt lat="49.137670" lon="19.988889"><ele>1371.0</ele></trkpt>
      <trkpt lat="49.137664" lon="19.988848"><ele>1371.0</ele></trkpt>
      <trkpt lat="49.137660" lon="19.988813"><ele>1371.0</ele></trkpt>
      <trkpt lat="49.137658" lon="19.988778"><ele>1371.0</ele></trkpt>
      <trkpt lat="49.137662" lon="19.988741"><ele>1371.0</ele></trkpt>
      <trkpt lat="49.137666" lon="19.988702"><ele>1371.0</ele></trkpt>
      <trkpt lat="49.137663" lon="19.988667"><ele>1371.0</ele></trkpt>
      <trkpt lat="49.137658" lon="19.988632"><ele>1371.0</ele></trkpt>
      <trkpt lat="49.137658" lon="19.988591"><ele>1370.0</ele></trkpt>
      <trkpt lat="49.137659" lon="19.988549"><ele>1369.0</ele></trkpt>
      <trkpt lat="49.137656" lon="19.988509"><ele>1369.0</ele></trkpt>
      <trkpt lat="49.137648" lon="19.988478"><ele>1369.0</ele></trkpt>
      <trkpt lat="49.137644" lon="19.988442"><ele>1369.0</ele></trkpt>
      <trkpt lat="49.137642" lon="19.988401"><ele>1368.0</ele></trkpt>
      <trkpt lat="49.137635" lon="19.988365"><ele>1367.0</ele></trkpt>
      <trkpt lat="49.137632" lon="19.988326"><ele>1367.0</ele></trkpt>
      <trkpt lat="49.137633" lon="19.988281"><ele>1367.0</ele></trkpt>
      <trkpt lat="49.137628" lon="19.988238"><ele>1367.0</ele></trkpt>
      <trkpt lat="49.137623" lon="19.988197"><ele>1367.0</ele></trkpt>
      <trkpt lat="49.137620" lon="19.988155"><ele>1367.0</ele></trkpt>
      <trkpt lat="49.137614" lon="19.988113"><ele>1366.0</ele></trkpt>
      <trkpt lat="49.137613" lon="19.988069"><ele>1366.0</ele></trkpt>
      <trkpt lat="49.137610" lon="19.988024"><ele>1366.0</ele></trkpt>
      <trkpt lat="49.137609" lon="19.987991"><ele>1366.0</ele></trkpt>
      <trkpt lat="49.137604" lon="19.987959"><ele>1366.0</ele></trkpt>
      <trkpt lat="49.137602" lon="19.987917"><ele>1365.0</ele></trkpt>
      <trkpt lat="49.137600" lon="19.987878"><ele>1365.0</ele></trkpt>
      <trkpt lat="49.137593" lon="19.987840"><ele>1364.0</ele></trkpt>
      <trkpt lat="49.137595" lon="19.987792"><ele>1363.0</ele></trkpt>
      <trkpt lat="49.137595" lon="19.987745"><ele>1363.0</ele></trkpt>
      <trkpt lat="49.137601" lon="19.987707"><ele>1363.0</ele></trkpt>
      <trkpt lat="49.137609" lon="19.987676"><ele>1362.0</ele></trkpt>
      <trkpt lat="49.137606" lon="19.987637"><ele>1362.0</ele></trkpt>
      <trkpt lat="49.137608" lon="19.987594"><ele>1361.0</ele></trkpt>
      <trkpt lat="49.137609" lon="19.987554"><ele>1361.0</ele></trkpt>
      <trkpt lat="49.137604" lon="19.987519"><ele>1361.0</ele></trkpt>
      <trkpt lat="49.137603" lon="19.987475"><ele>1361.0</ele></trkpt>
      <trkpt lat="49.137599" lon="19.987432"><ele>1361.0</ele></trkpt>
      <trkpt lat="49.137590" lon="19.987401"><ele>1360.0</ele></trkpt>
      <trkpt lat="49.137579" lon="19.987376"><ele>1360.0</ele></trkpt>
      <trkpt lat="49.137564" lon="19.987345"><ele>1360.0</ele></trkpt>
      <trkpt lat="49.137557" lon="19.987316"><ele>1360.0</ele></trkpt>
      <trkpt lat="49.137549" lon="19.987283"><ele>1360.0</ele></trkpt>
      <trkpt lat="49.137542" lon="19.987252"><ele>1360.0</ele></trkpt>
      <trkpt lat="49.137531" lon="19.987220"><ele>1359.0</ele></trkpt>
      <trkpt lat="49.137514" lon="19.987200"><ele>1359.0</ele></trkpt>
      <trkpt lat="49.137496" lon="19.987174"><ele>1358.0</ele></trkpt>
      <trkpt lat="49.137476" lon="19.987136"><ele>1357.0</ele></trkpt>
      <trkpt lat="49.137463" lon="19.987107"><ele>1357.0</ele></trkpt>
      <trkpt lat="49.137448" lon="19.987086"><ele>1357.0</ele></trkpt>
      <trkpt lat="49.137431" lon="19.987069"><ele>1356.0</ele></trkpt>
      <trkpt lat="49.137415" lon="19.987045"><ele>1356.0</ele></trkpt>
      <trkpt lat="49.137392" lon="19.987025"><ele>1356.0</ele></trkpt>
      <trkpt lat="49.137375" lon="19.987001"><ele>1356.0</ele></trkpt>
      <trkpt lat="49.137355" lon="19.986974"><ele>1355.0</ele></trkpt>
      <trkpt lat="49.137334" lon="19.986950"><ele>1354.0</ele></trkpt>
      <trkpt lat="49.137318" lon="19.986933"><ele>1353.0</ele></trkpt>
      <trkpt lat="49.137305" lon="19.986912"><ele>1352.0</ele></trkpt>
      <trkpt lat="49.137284" lon="19.986885"><ele>1352.0</ele></trkpt>
      <trkpt lat="49.137264" lon="19.986865"><ele>1352.0</ele></trkpt>
      <trkpt lat="49.137245" lon="19.986849"><ele>1352.0</ele></trkpt>
      <trkpt lat="49.137222" lon="19.986836"><ele>1351.0</ele></trkpt>
      <trkpt lat="49.137200" lon="19.986813"><ele>1350.0</ele></trkpt>
      <trkpt lat="49.137181" lon="19.986791"><ele>1350.0</ele></trkpt>
      <trkpt lat="49.137163" lon="19.986770"><ele>1349.0</ele></trkpt>
      <trkpt lat="49.137149" lon="19.986747"><ele>1349.0</ele></trkpt>
      <trkpt lat="49.137130" lon="19.986720"><ele>1349.0</ele></trkpt>
      <trkpt lat="49.137109" lon="19.986695"><ele>1349.0</ele></trkpt>
      <trkpt lat="49.137091" lon="19.986670"><ele>1349.0</ele></trkpt>
      <trkpt lat="49.137072" lon="19.986648"><ele>1348.0</ele></trkpt>
      <trkpt lat="49.137054" lon="19.986630"><ele>1347.0</ele></trkpt>
      <trkpt lat="49.137047" lon="19.986608"><ele>1347.0</ele></trkpt>
      <trkpt lat="49.137039" lon="19.986587"><ele>1347.0</ele></trkpt>
      <trkpt lat="49.137032" lon="19.986566"><ele>1347.0</ele></trkpt>
      <trkpt lat="49.137020" lon="19.986539"><ele>1346.0</ele></trkpt>
      <trkpt lat="49.136999" lon="19.986524"><ele>1346.0</ele></trkpt>
      <trkpt lat="49.136979" lon="19.986515"><ele>1345.0</ele></trkpt>
      <trkpt lat="49.136957" lon="19.986501"><ele>1345.0</ele></trkpt>
      <trkpt lat="49.136940" lon="19.986471"><ele>1345.0</ele></trkpt>
      <trkpt lat="49.136920" lon="19.986454"><ele>1345.0</ele></trkpt>
      <trkpt lat="49.136914" lon="19.986425"><ele>1342.0</ele></trkpt>
      <trkpt lat="49.136887" lon="19.986403"><ele>1343.0</ele></trkpt>
      <trkpt lat="49.136869" lon="19.986393"><ele>1343.0</ele></trkpt>
      <trkpt lat="49.136852" lon="19.986374"><ele>1343.0</ele></trkpt>
      <trkpt lat="49.136835" lon="19.986352"><ele>1342.0</ele></trkpt>
      <trkpt lat="49.136812" lon="19.986325"><ele>1341.0</ele></trkpt>
      <trkpt lat="49.136795" lon="19.986314"><ele>1341.0</ele></trkpt>
      <trkpt lat="49.136780" lon="19.986294"><ele>1340.0</ele></trkpt>
      <trkpt lat="49.136755" lon="19.986270"><ele>1340.0</ele></trkpt>
      <trkpt lat="49.136739" lon="19.986241"><ele>1340.0</ele></trkpt>
      <trkpt lat="49.136721" lon="19.986231"><ele>1340.0</ele></trkpt>
      <trkpt lat="49.136706" lon="19.986211"><ele>1339.0</ele></trkpt>
      <trkpt lat="49.136686" lon="19.986182"><ele>1339.0</ele></trkpt>
      <trkpt lat="49.136663" lon="19.986159"><ele>1338.0</ele></trkpt>
      <trkpt lat="49.136643" lon="19.986140"><ele>1338.0</ele></trkpt>
      <trkpt lat="49.136627" lon="19.986117"><ele>1338.0</ele></trkpt>
      <trkpt lat="49.136611" lon="19.986095"><ele>1337.0</ele></trkpt>
      <trkpt lat="49.136593" lon="19.986075"><ele>1337.0</ele></trkpt>
      <trkpt lat="49.136571" lon="19.986060"><ele>1337.0</ele></trkpt>
      <trkpt lat="49.136548" lon="19.986058"><ele>1336.0</ele></trkpt>
      <trkpt lat="49.136525" lon="19.986038"><ele>1336.0</ele></trkpt>
      <trkpt lat="49.136509" lon="19.986009"><ele>1336.0</ele></trkpt>
      <trkpt lat="49.136514" lon="19.985974"><ele>1335.0</ele></trkpt>
      <trkpt lat="49.136523" lon="19.985932"><ele>1335.0</ele></trkpt>
      <trkpt lat="49.136517" lon="19.985896"><ele>1335.0</ele></trkpt>
      <trkpt lat="49.136514" lon="19.985859"><ele>1335.0</ele></trkpt>
      <trkpt lat="49.136521" lon="19.985815"><ele>1334.0</ele></trkpt>
      <trkpt lat="49.136520" lon="19.985775"><ele>1334.0</ele></trkpt>
      <trkpt lat="49.136519" lon="19.985743"><ele>1334.0</ele></trkpt>
      <trkpt lat="49.136518" lon="19.985697"><ele>1334.0</ele></trkpt>
      <trkpt lat="49.136519" lon="19.985650"><ele>1334.0</ele></trkpt>
      <trkpt lat="49.136516" lon="19.985621"><ele>1334.0</ele></trkpt>
      <trkpt lat="49.136512" lon="19.985585"><ele>1334.0</ele></trkpt>
      <trkpt lat="49.136518" lon="19.985540"><ele>1334.0</ele></trkpt>
      <trkpt lat="49.136528" lon="19.985497"><ele>1334.0</ele></trkpt>
      <trkpt lat="49.136526" lon="19.985453"><ele>1334.0</ele></trkpt>
      <trkpt lat="49.136527" lon="19.985413"><ele>1334.0</ele></trkpt>
      <trkpt lat="49.136537" lon="19.985364"><ele>1334.0</ele></trkpt>
      <trkpt lat="49.136541" lon="19.985320"><ele>1333.0</ele></trkpt>
      <trkpt lat="49.136540" lon="19.985286"><ele>1334.0</ele></trkpt>
      <trkpt lat="49.136542" lon="19.985247"><ele>1334.0</ele></trkpt>
      <trkpt lat="49.136546" lon="19.985208"><ele>1333.0</ele></trkpt>
      <trkpt lat="49.136551" lon="19.985170"><ele>1333.0</ele></trkpt>
      <trkpt lat="49.136559" lon="19.985140"><ele>1333.0</ele></trkpt>
      <trkpt lat="49.136569" lon="19.985108"><ele>1333.0</ele></trkpt>
      <trkpt lat="49.136569" lon="19.985069"><ele>1333.0</ele></trkpt>
      <trkpt lat="49.136558" lon="19.985046"><ele>1333.0</ele></trkpt>
      <trkpt lat="49.136557" lon="19.985003"><ele>1333.0</ele></trkpt>
      <trkpt lat="49.136554" lon="19.984958"><ele>1333.0</ele></trkpt>
      <trkpt lat="49.136550" lon="19.984924"><ele>1333.0</ele></trkpt>
      <trkpt lat="49.136556" lon="19.984887"><ele>1333.0</ele></trkpt>
      <trkpt lat="49.136548" lon="19.984849"><ele>1333.0</ele></trkpt>
      <trkpt lat="49.136555" lon="19.984812"><ele>1333.0</ele></trkpt>
      <trkpt lat="49.136558" lon="19.984768"><ele>1333.0</ele></trkpt>
      <trkpt lat="49.136553" lon="19.984732"><ele>1332.0</ele></trkpt>
      <trkpt lat="49.136555" lon="19.984694"><ele>1332.0</ele></trkpt>
      <trkpt lat="49.136559" lon="19.984652"><ele>1332.0</ele></trkpt>
      <trkpt lat="49.136553" lon="19.984621"><ele>1332.0</ele></trkpt>
      <trkpt lat="49.136546" lon="19.984579"><ele>1332.0</ele></trkpt>
      <trkpt lat="49.136563" lon="19.984532"><ele>1331.0</ele></trkpt>
      <trkpt lat="49.136570" lon="19.984485"><ele>1331.0</ele></trkpt>
      <trkpt lat="49.136574" lon="19.984446"><ele>1331.0</ele></trkpt>
      <trkpt lat="49.136586" lon="19.984405"><ele>1331.0</ele></trkpt>
      <trkpt lat="49.136604" lon="19.984376"><ele>1330.0</ele></trkpt>
      <trkpt lat="49.136617" lon="19.984349"><ele>1330.0</ele></trkpt>
      <trkpt lat="49.136632" lon="19.984308"><ele>1330.0</ele></trkpt>
      <trkpt lat="49.136644" lon="19.984269"><ele>1330.0</ele></trkpt>
      <trkpt lat="49.136653" lon="19.984245"><ele>1329.0</ele></trkpt>
      <trkpt lat="49.136671" lon="19.984212"><ele>1329.0</ele></trkpt>
      <trkpt lat="49.136690" lon="19.984201"><ele>1329.0</ele></trkpt>
      <trkpt lat="49.136701" lon="19.984177"><ele>1329.0</ele></trkpt>
      <trkpt lat="49.136697" lon="19.984143"><ele>1329.0</ele></trkpt>
      <trkpt lat="49.136715" lon="19.984109"><ele>1329.0</ele></trkpt>
      <trkpt lat="49.136729" lon="19.984072"><ele>1329.0</ele></trkpt>
      <trkpt lat="49.136752" lon="19.984038"><ele>1329.0</ele></trkpt>
      <trkpt lat="49.136766" lon="19.984008"><ele>1329.0</ele></trkpt>
      <trkpt lat="49.136765" lon="19.983976"><ele>1329.0</ele></trkpt>
      <trkpt lat="49.136794" lon="19.983945"><ele>1328.0</ele></trkpt>
      <trkpt lat="49.136814" lon="19.983931"><ele>1328.0</ele></trkpt>
      <trkpt lat="49.136829" lon="19.983915"><ele>1328.0</ele></trkpt>
      <trkpt lat="49.136839" lon="19.983887"><ele>1328.0</ele></trkpt>
      <trkpt lat="49.136850" lon="19.983854"><ele>1328.0</ele></trkpt>
      <trkpt lat="49.136878" lon="19.983841"><ele>1328.0</ele></trkpt>
      <trkpt lat="49.136901" lon="19.983831"><ele>1328.0</ele></trkpt>
      <trkpt lat="49.136928" lon="19.983816"><ele>1327.0</ele></trkpt>
      <trkpt lat="49.136955" lon="19.983795"><ele>1327.0</ele></trkpt>
      <trkpt lat="49.136976" lon="19.983778"><ele>1327.0</ele></trkpt>
      <trkpt lat="49.136995" lon="19.983756"><ele>1327.0</ele></trkpt>
      <trkpt lat="49.137021" lon="19.983731"><ele>1327.0</ele></trkpt>
      <trkpt lat="49.137042" lon="19.983702"><ele>1327.0</ele></trkpt>
      <trkpt lat="49.137061" lon="19.983673"><ele>1327.0</ele></trkpt>
      <trkpt lat="49.137081" lon="19.983655"><ele>1326.0</ele></trkpt>
      <trkpt lat="49.137102" lon="19.983634"><ele>1326.0</ele></trkpt>
      <trkpt lat="49.137128" lon="19.983617"><ele>1326.0</ele></trkpt>
      <trkpt lat="49.137156" lon="19.983591"><ele>1325.0</ele></trkpt>
      <trkpt lat="49.137174" lon="19.983556"><ele>1324.0</ele></trkpt>
      <trkpt lat="49.137193" lon="19.983542"><ele>1324.0</ele></trkpt>
      <trkpt lat="49.137215" lon="19.983526"><ele>1324.0</ele></trkpt>
      <trkpt lat="49.137233" lon="19.983505"><ele>1324.0</ele></trkpt>
      <trkpt lat="49.137244" lon="19.983477"><ele>1323.0</ele></trkpt>
      <trkpt lat="49.137260" lon="19.983456"><ele>1323.0</ele></trkpt>
      <trkpt lat="49.137289" lon="19.983415"><ele>1323.0</ele></trkpt>
      <trkpt lat="49.137296" lon="19.983377"><ele>1323.0</ele></trkpt>
      <trkpt lat="49.137311" lon="19.983335"><ele>1321.0</ele></trkpt>
      <trkpt lat="49.137335" lon="19.983298"><ele>1321.0</ele></trkpt>
      <trkpt lat="49.137349" lon="19.983267"><ele>1320.0</ele></trkpt>
      <trkpt lat="49.137349" lon="19.983228"><ele>1319.0</ele></trkpt>
      <trkpt lat="49.137357" lon="19.983198"><ele>1319.0</ele></trkpt>
      <trkpt lat="49.137365" lon="19.983151"><ele>1319.0</ele></trkpt>
      <trkpt lat="49.137381" lon="19.983115"><ele>1318.0</ele></trkpt>
      <trkpt lat="49.137391" lon="19.983086"><ele>1318.0</ele></trkpt>
      <trkpt lat="49.137403" lon="19.983052"><ele>1318.0</ele></trkpt>
      <trkpt lat="49.137423" lon="19.983017"><ele>1318.0</ele></trkpt>
      <trkpt lat="49.137429" lon="19.982990"><ele>1317.0</ele></trkpt>
      <trkpt lat="49.137429" lon="19.982958"><ele>1317.0</ele></trkpt>
      <trkpt lat="49.137429" lon="19.982926"><ele>1317.0</ele></trkpt>
      <trkpt lat="49.137434" lon="19.982895"><ele>1316.0</ele></trkpt>
      <trkpt lat="49.137454" lon="19.982858"><ele>1316.0</ele></trkpt>
      <trkpt lat="49.137462" lon="19.982828"><ele>1316.0</ele></trkpt>
      <trkpt lat="49.137465" lon="19.982793"><ele>1315.0</ele></trkpt>
      <trkpt lat="49.137469" lon="19.982758"><ele>1315.0</ele></trkpt>
      <trkpt lat="49.137468" lon="19.982721"><ele>1314.0</ele></trkpt>
      <trkpt lat="49.137474" lon="19.982688"><ele>1314.0</ele></trkpt>
      <trkpt lat="49.137479" lon="19.982639"><ele>1314.0</ele></trkpt>
      <trkpt lat="49.137473" lon="19.982610"><ele>1314.0</ele></trkpt>
      <trkpt lat="49.137476" lon="19.982572"><ele>1312.0</ele></trkpt>
      <trkpt lat="49.137483" lon="19.982536"><ele>1312.0</ele></trkpt>
      <trkpt lat="49.137492" lon="19.982512"><ele>1312.0</ele></trkpt>
      <trkpt lat="49.137500" lon="19.982468"><ele>1312.0</ele></trkpt>
      <trkpt lat="49.137505" lon="19.982437"><ele>1312.0</ele></trkpt>
      <trkpt lat="49.137512" lon="19.982408"><ele>1311.0</ele></trkpt>
      <trkpt lat="49.137524" lon="19.982365"><ele>1311.0</ele></trkpt>
      <trkpt lat="49.137533" lon="19.982328"><ele>1310.0</ele></trkpt>
      <trkpt lat="49.137539" lon="19.982295"><ele>1310.0</ele></trkpt>
      <trkpt lat="49.137544" lon="19.982265"><ele>1309.0</ele></trkpt>
      <trkpt lat="49.137559" lon="19.982241"><ele>1309.0</ele></trkpt>
      <trkpt lat="49.137564" lon="19.982213"><ele>1309.0</ele></trkpt>
      <trkpt lat="49.137566" lon="19.982184"><ele>1309.0</ele></trkpt>
      <trkpt lat="49.137566" lon="19.982153"><ele>1309.0</ele></trkpt>
      <trkpt lat="49.137576" lon="19.982121"><ele>1309.0</ele></trkpt>
      <trkpt lat="49.137585" lon="19.982087"><ele>1308.0</ele></trkpt>
      <trkpt lat="49.137589" lon="19.982043"><ele>1308.0</ele></trkpt>
      <trkpt lat="49.137585" lon="19.982012"><ele>1307.0</ele></trkpt>
      <trkpt lat="49.137590" lon="19.981971"><ele>1307.0</ele></trkpt>
      <trkpt lat="49.137595" lon="19.981944"><ele>1307.0</ele></trkpt>
      <trkpt lat="49.137592" lon="19.981916"><ele>1306.0</ele></trkpt>
      <trkpt lat="49.137594" lon="19.981877"><ele>1306.0</ele></trkpt>
      <trkpt lat="49.137586" lon="19.981843"><ele>1306.0</ele></trkpt>
      <trkpt lat="49.137570" lon="19.981812"><ele>1305.0</ele></trkpt>
      <trkpt lat="49.137566" lon="19.981782"><ele>1305.0</ele></trkpt>
      <trkpt lat="49.137572" lon="19.981745"><ele>1305.0</ele></trkpt>
      <trkpt lat="49.137563" lon="19.981704"><ele>1303.0</ele></trkpt>
      <trkpt lat="49.137557" lon="19.981661"><ele>1303.0</ele></trkpt>
      <trkpt lat="49.137558" lon="19.981627"><ele>1303.0</ele></trkpt>
      <trkpt lat="49.137560" lon="19.981594"><ele>1303.0</ele></trkpt>
      <trkpt lat="49.137568" lon="19.981559"><ele>1303.0</ele></trkpt>
      <trkpt lat="49.137575" lon="19.981526"><ele>1302.0</ele></trkpt>
      <trkpt lat="49.137578" lon="19.981489"><ele>1302.0</ele></trkpt>
      <trkpt lat="49.137579" lon="19.981454"><ele>1301.0</ele></trkpt>
      <trkpt lat="49.137564" lon="19.981432"><ele>1301.0</ele></trkpt>
      <trkpt lat="49.137563" lon="19.981401"><ele>1301.0</ele></trkpt>
      <trkpt lat="49.137566" lon="19.981366"><ele>1299.0</ele></trkpt>
      <trkpt lat="49.137570" lon="19.981329"><ele>1299.0</ele></trkpt>
      <trkpt lat="49.137565" lon="19.981286"><ele>1299.0</ele></trkpt>
      <trkpt lat="49.137559" lon="19.981259"><ele>1299.0</ele></trkpt>
      <trkpt lat="49.137562" lon="19.981231"><ele>1299.0</ele></trkpt>
      <trkpt lat="49.137564" lon="19.981202"><ele>1298.0</ele></trkpt>
      <trkpt lat="49.137555" lon="19.981177"><ele>1297.0</ele></trkpt>
      <trkpt lat="49.137552" lon="19.981147"><ele>1297.0</ele></trkpt>
      <trkpt lat="49.137547" lon="19.981112"><ele>1295.0</ele></trkpt>
      <trkpt lat="49.137548" lon="19.981077"><ele>1295.0</ele></trkpt>
      <trkpt lat="49.137548" lon="19.981047"><ele>1295.0</ele></trkpt>
      <trkpt lat="49.137546" lon="19.981016"><ele>1295.0</ele></trkpt>
      <trkpt lat="49.137544" lon="19.980985"><ele>1295.0</ele></trkpt>
      <trkpt lat="49.137542" lon="19.980955"><ele>1294.0</ele></trkpt>
      <trkpt lat="49.137534" lon="19.980927"><ele>1293.0</ele></trkpt>
      <trkpt lat="49.137532" lon="19.980888"><ele>1293.0</ele></trkpt>
      <trkpt lat="49.137528" lon="19.980858"><ele>1292.0</ele></trkpt>
      <trkpt lat="49.137533" lon="19.980815"><ele>1291.0</ele></trkpt>
      <trkpt lat="49.137531" lon="19.980782"><ele>1291.0</ele></trkpt>
      <trkpt lat="49.137518" lon="19.980747"><ele>1291.0</ele></trkpt>
      <trkpt lat="49.137514" lon="19.980711"><ele>1291.0</ele></trkpt>
      <trkpt lat="49.137516" lon="19.980673"><ele>1290.0</ele></trkpt>
      <trkpt lat="49.137509" lon="19.980645"><ele>1290.0</ele></trkpt>
      <trkpt lat="49.137503" lon="19.980610"><ele>1289.0</ele></trkpt>
      <trkpt lat="49.137501" lon="19.980571"><ele>1288.0</ele></trkpt>
      <trkpt lat="49.137491" lon="19.980540"><ele>1288.0</ele></trkpt>
      <trkpt lat="49.137478" lon="19.980505"><ele>1287.0</ele></trkpt>
      <trkpt lat="49.137477" lon="19.980474"><ele>1287.0</ele></trkpt>
      <trkpt lat="49.137480" lon="19.980439"><ele>1286.0</ele></trkpt>
      <trkpt lat="49.137462" lon="19.980411"><ele>1286.0</ele></trkpt>
      <trkpt lat="49.137456" lon="19.980385"><ele>1286.0</ele></trkpt>
      <trkpt lat="49.137450" lon="19.980357"><ele>1286.0</ele></trkpt>
      <trkpt lat="49.137433" lon="19.980340"><ele>1285.0</ele></trkpt>
      <trkpt lat="49.137428" lon="19.980314"><ele>1285.0</ele></trkpt>
      <trkpt lat="49.137413" lon="19.980282"><ele>1284.0</ele></trkpt>
      <trkpt lat="49.137398" lon="19.980265"><ele>1284.0</ele></trkpt>
      <trkpt lat="49.137388" lon="19.980237"><ele>1284.0</ele></trkpt>
      <trkpt lat="49.137384" lon="19.980201"><ele>1284.0</ele></trkpt>
      <trkpt lat="49.137373" lon="19.980161"><ele>1283.0</ele></trkpt>
      <trkpt lat="49.137360" lon="19.980136"><ele>1283.0</ele></trkpt>
      <trkpt lat="49.137345" lon="19.980116"><ele>1282.0</ele></trkpt>
      <trkpt lat="49.137331" lon="19.980094"><ele>1282.0</ele></trkpt>
      <trkpt lat="49.137323" lon="19.980059"><ele>1282.0</ele></trkpt>
      <trkpt lat="49.137319" lon="19.980030"><ele>1282.0</ele></trkpt>
      <trkpt lat="49.137311" lon="19.980002"><ele>1282.0</ele></trkpt>
      <trkpt lat="49.137303" lon="19.979967"><ele>1282.0</ele></trkpt>
      <trkpt lat="49.137294" lon="19.979932"><ele>1282.0</ele></trkpt>
      <trkpt lat="49.137282" lon="19.979904"><ele>1282.0</ele></trkpt>
      <trkpt lat="49.137270" lon="19.979881"><ele>1281.0</ele></trkpt>
      <trkpt lat="49.137259" lon="19.979844"><ele>1281.0</ele></trkpt>
      <trkpt lat="49.137251" lon="19.979814"><ele>1280.0</ele></trkpt>
      <trkpt lat="49.137246" lon="19.979778"><ele>1280.0</ele></trkpt>
      <trkpt lat="49.137242" lon="19.979745"><ele>1280.0</ele></trkpt>
      <trkpt lat="49.137230" lon="19.979711"><ele>1280.0</ele></trkpt>
      <trkpt lat="49.137225" lon="19.979672"><ele>1279.0</ele></trkpt>
      <trkpt lat="49.137218" lon="19.979642"><ele>1279.0</ele></trkpt>
      <trkpt lat="49.137208" lon="19.979619"><ele>1279.0</ele></trkpt>
      <trkpt lat="49.137209" lon="19.979583"><ele>1278.0</ele></trkpt>
      <trkpt lat="49.137209" lon="19.979549"><ele>1277.0</ele></trkpt>
      <trkpt lat="49.137202" lon="19.979515"><ele>1277.0</ele></trkpt>
      <trkpt lat="49.137198" lon="19.979477"><ele>1276.0</ele></trkpt>
      <trkpt lat="49.137195" lon="19.979440"><ele>1276.0</ele></trkpt>
      <trkpt lat="49.137190" lon="19.979413"><ele>1275.0</ele></trkpt>
      <trkpt lat="49.137182" lon="19.979376"><ele>1275.0</ele></trkpt>
      <trkpt lat="49.137193" lon="19.979344"><ele>1274.0</ele></trkpt>
      <trkpt lat="49.137190" lon="19.979306"><ele>1274.0</ele></trkpt>
      <trkpt lat="49.137187" lon="19.979268"><ele>1274.0</ele></trkpt>
      <trkpt lat="49.137189" lon="19.979232"><ele>1274.0</ele></trkpt>
      <trkpt lat="49.137198" lon="19.979192"><ele>1272.0</ele></trkpt>
      <trkpt lat="49.137207" lon="19.979162"><ele>1272.0</ele></trkpt>
      <trkpt lat="49.137206" lon="19.979123"><ele>1271.0</ele></trkpt>
      <trkpt lat="49.137207" lon="19.979087"><ele>1271.0</ele></trkpt>
      <trkpt lat="49.137217" lon="19.979056"><ele>1271.0</ele></trkpt>
      <trkpt lat="49.137220" lon="19.979016"><ele>1270.0</ele></trkpt>
      <trkpt lat="49.137221" lon="19.978986"><ele>1270.0</ele></trkpt>
      <trkpt lat="49.137233" lon="19.978958"><ele>1270.0</ele></trkpt>
      <trkpt lat="49.137236" lon="19.978926"><ele>1269.0</ele></trkpt>
      <trkpt lat="49.137257" lon="19.978909"><ele>1268.0</ele></trkpt>
      <trkpt lat="49.137266" lon="19.978880"><ele>1268.0</ele></trkpt>
      <trkpt lat="49.137270" lon="19.978850"><ele>1267.0</ele></trkpt>
      <trkpt lat="49.137278" lon="19.978821"><ele>1267.0</ele></trkpt>
      <trkpt lat="49.137284" lon="19.978787"><ele>1267.0</ele></trkpt>
      <trkpt lat="49.137280" lon="19.978756"><ele>1266.0</ele></trkpt>
      <trkpt lat="49.137289" lon="19.978727"><ele>1266.0</ele></trkpt>
      <trkpt lat="49.137302" lon="19.978704"><ele>1266.0</ele></trkpt>
      <trkpt lat="49.137297" lon="19.978673"><ele>1266.0</ele></trkpt>
      <trkpt lat="49.137306" lon="19.978643"><ele>1265.0</ele></trkpt>
      <trkpt lat="49.137311" lon="19.978602"><ele>1264.0</ele></trkpt>
      <trkpt lat="49.137322" lon="19.978564"><ele>1264.0</ele></trkpt>
      <trkpt lat="49.137312" lon="19.978525"><ele>1262.0</ele></trkpt>
      <trkpt lat="49.137314" lon="19.978487"><ele>1262.0</ele></trkpt>
      <trkpt lat="49.137316" lon="19.978457"><ele>1261.0</ele></trkpt>
      <trkpt lat="49.137320" lon="19.978429"><ele>1261.0</ele></trkpt>
      <trkpt lat="49.137321" lon="19.978397"><ele>1260.0</ele></trkpt>
      <trkpt lat="49.137323" lon="19.978368"><ele>1260.0</ele></trkpt>
      <trkpt lat="49.137326" lon="19.978327"><ele>1260.0</ele></trkpt>
      <trkpt lat="49.137326" lon="19.978291"><ele>1260.0</ele></trkpt>
      <trkpt lat="49.137327" lon="19.978263"><ele>1259.0</ele></trkpt>
      <trkpt lat="49.137327" lon="19.978235"><ele>1258.0</ele></trkpt>
      <trkpt lat="49.137334" lon="19.978208"><ele>1258.0</ele></trkpt>
      <trkpt lat="49.137340" lon="19.978170"><ele>1257.0</ele></trkpt>
      <trkpt lat="49.137345" lon="19.978136"><ele>1257.0</ele></trkpt>
      <trkpt lat="49.137356" lon="19.978108"><ele>1257.0</ele></trkpt>
      <trkpt lat="49.137359" lon="19.978079"><ele>1256.0</ele></trkpt>
      <trkpt lat="49.137369" lon="19.978044"><ele>1256.0</ele></trkpt>
      <trkpt lat="49.137389" lon="19.978027"><ele>1255.0</ele></trkpt>
      <trkpt lat="49.137407" lon="19.978012"><ele>1254.0</ele></trkpt>
      <trkpt lat="49.137418" lon="19.977989"><ele>1254.0</ele></trkpt>
      <trkpt lat="49.137436" lon="19.977977"><ele>1253.0</ele></trkpt>
      <trkpt lat="49.137455" lon="19.977955"><ele>1253.0</ele></trkpt>
      <trkpt lat="49.137476" lon="19.977934"><ele>1252.0</ele></trkpt>
      <trkpt lat="49.137496" lon="19.977919"><ele>1252.0</ele></trkpt>
      <trkpt lat="49.137512" lon="19.977894"><ele>1251.0</ele></trkpt>
      <trkpt lat="49.137525" lon="19.977870"><ele>1251.0</ele></trkpt>
      <trkpt lat="49.137544" lon="19.977846"><ele>1251.0</ele></trkpt>
      <trkpt lat="49.137558" lon="19.977823"><ele>1250.0</ele></trkpt>
      <trkpt lat="49.137566" lon="19.977796"><ele>1250.0</ele></trkpt>
      <trkpt lat="49.137576" lon="19.977764"><ele>1249.0</ele></trkpt>
      <trkpt lat="49.137580" lon="19.977733"><ele>1249.0</ele></trkpt>
      <trkpt lat="49.137581" lon="19.977695"><ele>1249.0</ele></trkpt>
      <trkpt lat="49.137587" lon="19.977663"><ele>1249.0</ele></trkpt>
      <trkpt lat="49.137589" lon="19.977634"><ele>1249.0</ele></trkpt>
      <trkpt lat="49.137591" lon="19.977605"><ele>1248.0</ele></trkpt>
      <trkpt lat="49.137592" lon="19.977576"><ele>1248.0</ele></trkpt>
      <trkpt lat="49.137592" lon="19.977547"><ele>1248.0</ele></trkpt>
      <trkpt lat="49.137591" lon="19.977516"><ele>1247.0</ele></trkpt>
      <trkpt lat="49.137589" lon="19.977487"><ele>1246.0</ele></trkpt>
      <trkpt lat="49.137583" lon="19.977453"><ele>1246.0</ele></trkpt>
      <trkpt lat="49.137585" lon="19.977412"><ele>1245.0</ele></trkpt>
      <trkpt lat="49.137587" lon="19.977383"><ele>1245.0</ele></trkpt>
      <trkpt lat="49.137581" lon="19.977354"><ele>1245.0</ele></trkpt>
      <trkpt lat="49.137573" lon="19.977324"><ele>1244.0</ele></trkpt>
      <trkpt lat="49.137570" lon="19.977295"><ele>1244.0</ele></trkpt>
      <trkpt lat="49.137564" lon="19.977264"><ele>1244.0</ele></trkpt>
      <trkpt lat="49.137555" lon="19.977239"><ele>1243.0</ele></trkpt>
      <trkpt lat="49.137559" lon="19.977210"><ele>1243.0</ele></trkpt>
      <trkpt lat="49.137555" lon="19.977180"><ele>1243.0</ele></trkpt>
      <trkpt lat="49.137546" lon="19.977154"><ele>1243.0</ele></trkpt>
      <trkpt lat="49.137541" lon="19.977125"><ele>1242.0</ele></trkpt>
      <trkpt lat="49.137526" lon="19.977098"><ele>1242.0</ele></trkpt>
      <trkpt lat="49.137509" lon="19.977071"><ele>1241.0</ele></trkpt>
      <trkpt lat="49.137499" lon="19.977031"><ele>1241.0</ele></trkpt>
      <trkpt lat="49.137497" lon="19.976995"><ele>1241.0</ele></trkpt>
      <trkpt lat="49.137494" lon="19.976965"><ele>1240.0</ele></trkpt>
      <trkpt lat="49.137483" lon="19.976940"><ele>1239.0</ele></trkpt>
      <trkpt lat="49.137467" lon="19.976909"><ele>1239.0</ele></trkpt>
      <trkpt lat="49.137452" lon="19.976874"><ele>1238.0</ele></trkpt>
      <trkpt lat="49.137447" lon="19.976840"><ele>1237.0</ele></trkpt>
      <trkpt lat="49.137451" lon="19.976798"><ele>1237.0</ele></trkpt>
      <trkpt lat="49.137452" lon="19.976763"><ele>1237.0</ele></trkpt>
      <trkpt lat="49.137451" lon="19.976731"><ele>1237.0</ele></trkpt>
      <trkpt lat="49.137453" lon="19.976692"><ele>1236.0</ele></trkpt>
      <trkpt lat="49.137454" lon="19.976652"><ele>1236.0</ele></trkpt>
      <trkpt lat="49.137453" lon="19.976615"><ele>1235.0</ele></trkpt>
      <trkpt lat="49.137458" lon="19.976582"><ele>1235.0</ele></trkpt>
      <trkpt lat="49.137464" lon="19.976547"><ele>1234.0</ele></trkpt>
      <trkpt lat="49.137465" lon="19.976514"><ele>1234.0</ele></trkpt>
      <trkpt lat="49.137470" lon="19.976484"><ele>1234.0</ele></trkpt>
      <trkpt lat="49.137479" lon="19.976451"><ele>1234.0</ele></trkpt>
      <trkpt lat="49.137484" lon="19.976421"><ele>1233.0</ele></trkpt>
      <trkpt lat="49.137489" lon="19.976392"><ele>1233.0</ele></trkpt>
      <trkpt lat="49.137494" lon="19.976364"><ele>1233.0</ele></trkpt>
      <trkpt lat="49.137505" lon="19.976338"><ele>1232.0</ele></trkpt>
      <trkpt lat="49.137510" lon="19.976312"><ele>1232.0</ele></trkpt>
      <trkpt lat="49.137514" lon="19.976281"><ele>1231.0</ele></trkpt>
      <trkpt lat="49.137519" lon="19.976250"><ele>1231.0</ele></trkpt>
      <trkpt lat="49.137526" lon="19.976212"><ele>1231.0</ele></trkpt>
      <trkpt lat="49.137531" lon="19.976180"><ele>1230.0</ele></trkpt>
      <trkpt lat="49.137534" lon="19.976150"><ele>1230.0</ele></trkpt>
      <trkpt lat="49.137543" lon="19.976115"><ele>1229.0</ele></trkpt>
      <trkpt lat="49.137547" lon="19.976080"><ele>1228.0</ele></trkpt>
      <trkpt lat="49.137546" lon="19.976042"><ele>1228.0</ele></trkpt>
      <trkpt lat="49.137550" lon="19.976010"><ele>1228.0</ele></trkpt>
      <trkpt lat="49.137546" lon="19.975975"><ele>1228.0</ele></trkpt>
      <trkpt lat="49.137539" lon="19.975936"><ele>1227.0</ele></trkpt>
      <trkpt lat="49.137533" lon="19.975901"><ele>1226.0</ele></trkpt>
      <trkpt lat="49.137538" lon="19.975866"><ele>1225.0</ele></trkpt>
      <trkpt lat="49.137537" lon="19.975832"><ele>1225.0</ele></trkpt>
      <trkpt lat="49.137533" lon="19.975799"><ele>1224.0</ele></trkpt>
      <trkpt lat="49.137527" lon="19.975770"><ele>1224.0</ele></trkpt>
      <trkpt lat="49.137506" lon="19.975760"><ele>1224.0</ele></trkpt>
      <trkpt lat="49.137496" lon="19.975733"><ele>1224.0</ele></trkpt>
      <trkpt lat="49.137482" lon="19.975697"><ele>1224.0</ele></trkpt>
      <trkpt lat="49.137469" lon="19.975670"><ele>1224.0</ele></trkpt>
      <trkpt lat="49.137459" lon="19.975638"><ele>1224.0</ele></trkpt>
      <trkpt lat="49.137445" lon="19.975605"><ele>1224.0</ele></trkpt>
      <trkpt lat="49.137430" lon="19.975583"><ele>1223.0</ele></trkpt>
      <trkpt lat="49.137421" lon="19.975555"><ele>1223.0</ele></trkpt>
      <trkpt lat="49.137413" lon="19.975524"><ele>1223.0</ele></trkpt>
      <trkpt lat="49.137401" lon="19.975487"><ele>1223.0</ele></trkpt>
      <trkpt lat="49.137387" lon="19.975455"><ele>1222.0</ele></trkpt>
      <trkpt lat="49.137376" lon="19.975423"><ele>1222.0</ele></trkpt>
      <trkpt lat="49.137367" lon="19.975388"><ele>1222.0</ele></trkpt>
      <trkpt lat="49.137358" lon="19.975354"><ele>1221.0</ele></trkpt>
      <trkpt lat="49.137349" lon="19.975324"><ele>1220.0</ele></trkpt>
      <trkpt lat="49.137340" lon="19.975294"><ele>1220.0</ele></trkpt>
      <trkpt lat="49.137327" lon="19.975254"><ele>1220.0</ele></trkpt>
      <trkpt lat="49.137315" lon="19.975223"><ele>1219.0</ele></trkpt>
      <trkpt lat="49.137298" lon="19.975204"><ele>1219.0</ele></trkpt>
      <trkpt lat="49.137282" lon="19.975175"><ele>1219.0</ele></trkpt>
      <trkpt lat="49.137272" lon="19.975146"><ele>1219.0</ele></trkpt>
      <trkpt lat="49.137261" lon="19.975121"><ele>1219.0</ele></trkpt>
      <trkpt lat="49.137249" lon="19.975087"><ele>1218.0</ele></trkpt>
      <trkpt lat="49.137232" lon="19.975061"><ele>1218.0</ele></trkpt>
      <trkpt lat="49.137220" lon="19.975035"><ele>1218.0</ele></trkpt>
      <trkpt lat="49.137206" lon="19.975004"><ele>1218.0</ele></trkpt>
      <trkpt lat="49.137188" lon="19.974978"><ele>1218.0</ele></trkpt>
      <trkpt lat="49.137179" lon="19.974952"><ele>1218.0</ele></trkpt>
      <trkpt lat="49.137174" lon="19.974917"><ele>1218.0</ele></trkpt>
      <trkpt lat="49.137162" lon="19.974882"><ele>1218.0</ele></trkpt>
      <trkpt lat="49.137153" lon="19.974847"><ele>1217.0</ele></trkpt>
      <trkpt lat="49.137146" lon="19.974805"><ele>1217.0</ele></trkpt>
      <trkpt lat="49.137140" lon="19.974765"><ele>1217.0</ele></trkpt>
      <trkpt lat="49.137129" lon="19.974729"><ele>1216.0</ele></trkpt>
      <trkpt lat="49.137121" lon="19.974701"><ele>1216.0</ele></trkpt>
      <trkpt lat="49.137119" lon="19.974662"><ele>1216.0</ele></trkpt>
      <trkpt lat="49.137117" lon="19.974623"><ele>1216.0</ele></trkpt>
      <trkpt lat="49.137115" lon="19.974582"><ele>1215.0</ele></trkpt>
      <trkpt lat="49.137113" lon="19.974545"><ele>1215.0</ele></trkpt>
      <trkpt lat="49.137117" lon="19.974504"><ele>1215.0</ele></trkpt>
      <trkpt lat="49.137116" lon="19.974470"><ele>1214.0</ele></trkpt>
      <trkpt lat="49.137118" lon="19.974436"><ele>1214.0</ele></trkpt>
      <trkpt lat="49.137117" lon="19.974398"><ele>1213.0</ele></trkpt>
      <trkpt lat="49.137112" lon="19.974370"><ele>1213.0</ele></trkpt>
      <trkpt lat="49.137112" lon="19.974338"><ele>1213.0</ele></trkpt>
      <trkpt lat="49.137111" lon="19.974305"><ele>1212.0</ele></trkpt>
      <trkpt lat="49.137113" lon="19.974276"><ele>1212.0</ele></trkpt>
      <trkpt lat="49.137111" lon="19.974245"><ele>1212.0</ele></trkpt>
      <trkpt lat="49.137104" lon="19.974212"><ele>1211.0</ele></trkpt>
      <trkpt lat="49.137102" lon="19.974173"><ele>1211.0</ele></trkpt>
      <trkpt lat="49.137099" lon="19.974144"><ele>1210.0</ele></trkpt>
      <trkpt lat="49.137090" lon="19.974100"><ele>1210.0</ele></trkpt>
      <trkpt lat="49.137084" lon="19.974062"><ele>1209.0</ele></trkpt>
      <trkpt lat="49.137075" lon="19.974033"><ele>1209.0</ele></trkpt>
      <trkpt lat="49.137068" lon="19.974003"><ele>1208.0</ele></trkpt>
      <trkpt lat="49.137060" lon="19.973968"><ele>1208.0</ele></trkpt>
      <trkpt lat="49.137056" lon="19.973940"><ele>1208.0</ele></trkpt>
      <trkpt lat="49.137050" lon="19.973910"><ele>1208.0</ele></trkpt>
      <trkpt lat="49.137037" lon="19.973886"><ele>1208.0</ele></trkpt>
      <trkpt lat="49.137028" lon="19.973860"><ele>1208.0</ele></trkpt>
      <trkpt lat="49.137026" lon="19.973824"><ele>1208.0</ele></trkpt>
      <trkpt lat="49.137042" lon="19.973838"><ele>1206.0</ele></trkpt>
      <trkpt lat="49.137059" lon="19.973850"><ele>1206.0</ele></trkpt>
      <trkpt lat="49.137076" lon="19.973857"><ele>1206.0</ele></trkpt>
      <trkpt lat="49.137053" lon="19.973858"><ele>1206.0</ele></trkpt>
      <trkpt lat="49.137036" lon="19.973869"><ele>1206.0</ele></trkpt>
      <trkpt lat="49.137023" lon="19.973888"><ele>1205.0</ele></trkpt>
      <trkpt lat="49.137004" lon="19.973902"><ele>1205.0</ele></trkpt>
      <trkpt lat="49.136984" lon="19.973909"><ele>1206.0</ele></trkpt>
      <trkpt lat="49.137001" lon="19.973900"><ele>1205.0</ele></trkpt>
      <trkpt lat="49.137011" lon="19.973876"><ele>1205.0</ele></trkpt>
      <trkpt lat="49.137009" lon="19.973844"><ele>1204.0</ele></trkpt>
      <trkpt lat="49.137018" lon="19.973821"><ele>1205.0</ele></trkpt>
      <trkpt lat="49.137009" lon="19.973796"><ele>1204.0</ele></trkpt>
      <trkpt lat="49.137005" lon="19.973767"><ele>1204.0</ele></trkpt>
      <trkpt lat="49.136997" lon="19.973740"><ele>1204.0</ele></trkpt>
      <trkpt lat="49.136981" lon="19.973713"><ele>1204.0</ele></trkpt>
      <trkpt lat="49.136962" lon="19.973693"><ele>1203.0</ele></trkpt>
      <trkpt lat="49.136943" lon="19.973677"><ele>1203.0</ele></trkpt>
      <trkpt lat="49.136925" lon="19.973655"><ele>1203.0</ele></trkpt>
      <trkpt lat="49.136909" lon="19.973638"><ele>1203.0</ele></trkpt>
      <trkpt lat="49.136894" lon="19.973613"><ele>1203.0</ele></trkpt>
      <trkpt lat="49.136874" lon="19.973591"><ele>1203.0</ele></trkpt>
      <trkpt lat="49.136857" lon="19.973576"><ele>1203.0</ele></trkpt>
      <trkpt lat="49.136836" lon="19.973549"><ele>1203.0</ele></trkpt>
      <trkpt lat="49.136812" lon="19.973529"><ele>1203.0</ele></trkpt>
      <trkpt lat="49.136797" lon="19.973513"><ele>1203.0</ele></trkpt>
      <trkpt lat="49.136781" lon="19.973490"><ele>1203.0</ele></trkpt>
      <trkpt lat="49.136766" lon="19.973470"><ele>1203.0</ele></trkpt>
      <trkpt lat="49.136749" lon="19.973447"><ele>1203.0</ele></trkpt>
      <trkpt lat="49.136730" lon="19.973428"><ele>1203.0</ele></trkpt>
      <trkpt lat="49.136713" lon="19.973411"><ele>1203.0</ele></trkpt>
      <trkpt lat="49.136697" lon="19.973396"><ele>1203.0</ele></trkpt>
      <trkpt lat="49.136679" lon="19.973370"><ele>1203.0</ele></trkpt>
      <trkpt lat="49.136666" lon="19.973347"><ele>1203.0</ele></trkpt>
      <trkpt lat="49.136651" lon="19.973319"><ele>1203.0</ele></trkpt>
      <trkpt lat="49.136639" lon="19.973300"><ele>1202.0</ele></trkpt>
      <trkpt lat="49.136623" lon="19.973278"><ele>1202.0</ele></trkpt>
      <trkpt lat="49.136613" lon="19.973254"><ele>1202.0</ele></trkpt>
      <trkpt lat="49.136606" lon="19.973218"><ele>1202.0</ele></trkpt>
      <trkpt lat="49.136590" lon="19.973180"><ele>1202.0</ele></trkpt>
      <trkpt lat="49.136574" lon="19.973157"><ele>1202.0</ele></trkpt>
      <trkpt lat="49.136562" lon="19.973127"><ele>1202.0</ele></trkpt>
      <trkpt lat="49.136551" lon="19.973100"><ele>1201.0</ele></trkpt>
      <trkpt lat="49.136539" lon="19.973071"><ele>1201.0</ele></trkpt>
      <trkpt lat="49.136525" lon="19.973041"><ele>1201.0</ele></trkpt>
      <trkpt lat="49.136513" lon="19.973014"><ele>1201.0</ele></trkpt>
      <trkpt lat="49.136506" lon="19.972987"><ele>1201.0</ele></trkpt>
      <trkpt lat="49.136498" lon="19.972960"><ele>1201.0</ele></trkpt>
      <trkpt lat="49.136486" lon="19.972927"><ele>1201.0</ele></trkpt>
      <trkpt lat="49.136479" lon="19.972887"><ele>1200.0</ele></trkpt>
      <trkpt lat="49.136474" lon="19.972858"><ele>1200.0</ele></trkpt>
      <trkpt lat="49.136469" lon="19.972826"><ele>1200.0</ele></trkpt>
      <trkpt lat="49.136458" lon="19.972794"><ele>1200.0</ele></trkpt>
      <trkpt lat="49.136448" lon="19.972764"><ele>1200.0</ele></trkpt>
      <trkpt lat="49.136439" lon="19.972732"><ele>1199.0</ele></trkpt>
      <trkpt lat="49.136433" lon="19.972700"><ele>1198.0</ele></trkpt>
      <trkpt lat="49.136420" lon="19.972668"><ele>1198.0</ele></trkpt>
      <trkpt lat="49.136415" lon="19.972634"><ele>1198.0</ele></trkpt>
      <trkpt lat="49.136407" lon="19.972597"><ele>1198.0</ele></trkpt>
      <trkpt lat="49.136396" lon="19.972567"><ele>1197.0</ele></trkpt>
      <trkpt lat="49.136384" lon="19.972536"><ele>1197.0</ele></trkpt>
      <trkpt lat="49.136378" lon="19.972508"><ele>1196.0</ele></trkpt>
      <trkpt lat="49.136371" lon="19.972474"><ele>1196.0</ele></trkpt>
      <trkpt lat="49.136364" lon="19.972438"><ele>1196.0</ele></trkpt>
      <trkpt lat="49.136357" lon="19.972407"><ele>1196.0</ele></trkpt>
      <trkpt lat="49.136352" lon="19.972375"><ele>1195.0</ele></trkpt>
      <trkpt lat="49.136343" lon="19.972343"><ele>1195.0</ele></trkpt>
      <trkpt lat="49.136333" lon="19.972308"><ele>1195.0</ele></trkpt>
      <trkpt lat="49.136326" lon="19.972275"><ele>1194.0</ele></trkpt>
      <trkpt lat="49.136315" lon="19.972246"><ele>1194.0</ele></trkpt>
      <trkpt lat="49.136307" lon="19.972215"><ele>1194.0</ele></trkpt>
      <trkpt lat="49.136300" lon="19.972184"><ele>1194.0</ele></trkpt>
      <trkpt lat="49.136292" lon="19.972155"><ele>1193.0</ele></trkpt>
      <trkpt lat="49.136282" lon="19.972128"><ele>1193.0</ele></trkpt>
      <trkpt lat="49.136271" lon="19.972107"><ele>1193.0</ele></trkpt>
      <trkpt lat="49.136260" lon="19.972082"><ele>1193.0</ele></trkpt>
      <trkpt lat="49.136249" lon="19.972056"><ele>1193.0</ele></trkpt>
      <trkpt lat="49.136239" lon="19.972031"><ele>1193.0</ele></trkpt>
      <trkpt lat="49.136229" lon="19.972005"><ele>1193.0</ele></trkpt>
      <trkpt lat="49.136212" lon="19.971976"><ele>1192.0</ele></trkpt>
      <trkpt lat="49.136202" lon="19.971946"><ele>1192.0</ele></trkpt>
      <trkpt lat="49.136189" lon="19.971917"><ele>1192.0</ele></trkpt>
      <trkpt lat="49.136173" lon="19.971882"><ele>1192.0</ele></trkpt>
      <trkpt lat="49.136159" lon="19.971843"><ele>1191.0</ele></trkpt>
      <trkpt lat="49.136154" lon="19.971796"><ele>1190.0</ele></trkpt>
      <trkpt lat="49.136148" lon="19.971757"><ele>1190.0</ele></trkpt>
      <trkpt lat="49.136139" lon="19.971720"><ele>1190.0</ele></trkpt>
      <trkpt lat="49.136124" lon="19.971690"><ele>1190.0</ele></trkpt>
      <trkpt lat="49.136100" lon="19.971661"><ele>1189.0</ele></trkpt>
      <trkpt lat="49.136086" lon="19.971636"><ele>1189.0</ele></trkpt>
      <trkpt lat="49.136070" lon="19.971610"><ele>1188.0</ele></trkpt>
      <trkpt lat="49.136052" lon="19.971589"><ele>1188.0</ele></trkpt>
      <trkpt lat="49.136036" lon="19.971574"><ele>1188.0</ele></trkpt>
      <trkpt lat="49.136019" lon="19.971551"><ele>1187.0</ele></trkpt>
      <trkpt lat="49.136002" lon="19.971530"><ele>1187.0</ele></trkpt>
      <trkpt lat="49.135988" lon="19.971508"><ele>1187.0</ele></trkpt>
      <trkpt lat="49.135972" lon="19.971479"><ele>1187.0</ele></trkpt>
      <trkpt lat="49.135950" lon="19.971452"><ele>1186.0</ele></trkpt>
      <trkpt lat="49.135929" lon="19.971433"><ele>1186.0</ele></trkpt>
      <trkpt lat="49.135906" lon="19.971412"><ele>1186.0</ele></trkpt>
      <trkpt lat="49.135886" lon="19.971395"><ele>1186.0</ele></trkpt>
      <trkpt lat="49.135866" lon="19.971374"><ele>1186.0</ele></trkpt>
      <trkpt lat="49.135844" lon="19.971350"><ele>1185.0</ele></trkpt>
      <trkpt lat="49.135828" lon="19.971328"><ele>1185.0</ele></trkpt>
      <trkpt lat="49.135822" lon="19.971297"><ele>1185.0</ele></trkpt>
      <trkpt lat="49.135816" lon="19.971263"><ele>1184.0</ele></trkpt>
      <trkpt lat="49.135804" lon="19.971233"><ele>1184.0</ele></trkpt>
      <trkpt lat="49.135792" lon="19.971196"><ele>1184.0</ele></trkpt>
      <trkpt lat="49.135780" lon="19.971161"><ele>1183.0</ele></trkpt>
      <trkpt lat="49.135767" lon="19.971121"><ele>1183.0</ele></trkpt>
      <trkpt lat="49.135752" lon="19.971089"><ele>1183.0</ele></trkpt>
      <trkpt lat="49.135743" lon="19.971056"><ele>1183.0</ele></trkpt>
      <trkpt lat="49.135736" lon="19.971022"><ele>1183.0</ele></trkpt>
      <trkpt lat="49.135726" lon="19.970982"><ele>1183.0</ele></trkpt>
      <trkpt lat="49.135720" lon="19.970943"><ele>1183.0</ele></trkpt>
      <trkpt lat="49.135717" lon="19.970905"><ele>1183.0</ele></trkpt>
      <trkpt lat="49.135713" lon="19.970867"><ele>1183.0</ele></trkpt>
      <trkpt lat="49.135709" lon="19.970833"><ele>1183.0</ele></trkpt>
      <trkpt lat="49.135704" lon="19.970800"><ele>1183.0</ele></trkpt>
      <trkpt lat="49.135695" lon="19.970762"><ele>1183.0</ele></trkpt>
      <trkpt lat="49.135683" lon="19.970726"><ele>1182.0</ele></trkpt>
      <trkpt lat="49.135667" lon="19.970694"><ele>1182.0</ele></trkpt>
      <trkpt lat="49.135648" lon="19.970676"><ele>1182.0</ele></trkpt>
      <trkpt lat="49.135626" lon="19.970647"><ele>1182.0</ele></trkpt>
      <trkpt lat="49.135606" lon="19.970614"><ele>1182.0</ele></trkpt>
      <trkpt lat="49.135583" lon="19.970585"><ele>1182.0</ele></trkpt>
      <trkpt lat="49.135564" lon="19.970557"><ele>1182.0</ele></trkpt>
      <trkpt lat="49.135546" lon="19.970531"><ele>1182.0</ele></trkpt>
      <trkpt lat="49.135526" lon="19.970501"><ele>1181.0</ele></trkpt>
      <trkpt lat="49.135508" lon="19.970482"><ele>1181.0</ele></trkpt>
      <trkpt lat="49.135486" lon="19.970454"><ele>1181.0</ele></trkpt>
      <trkpt lat="49.135471" lon="19.970428"><ele>1181.0</ele></trkpt>
      <trkpt lat="49.135455" lon="19.970402"><ele>1181.0</ele></trkpt>
      <trkpt lat="49.135432" lon="19.970390"><ele>1181.0</ele></trkpt>
      <trkpt lat="49.135410" lon="19.970369"><ele>1181.0</ele></trkpt>
      <trkpt lat="49.135390" lon="19.970357"><ele>1181.0</ele></trkpt>
      <trkpt lat="49.135366" lon="19.970342"><ele>1181.0</ele></trkpt>
      <trkpt lat="49.135346" lon="19.970325"><ele>1181.0</ele></trkpt>
      <trkpt lat="49.135325" lon="19.970306"><ele>1181.0</ele></trkpt>
      <trkpt lat="49.135304" lon="19.970289"><ele>1181.0</ele></trkpt>
      <trkpt lat="49.135285" lon="19.970273"><ele>1181.0</ele></trkpt>
      <trkpt lat="49.135265" lon="19.970257"><ele>1181.0</ele></trkpt>
      <trkpt lat="49.135261" lon="19.970230"><ele>1180.0</ele></trkpt>
      <trkpt lat="49.135242" lon="19.970227"><ele>1181.0</ele></trkpt>
      <trkpt lat="49.135220" lon="19.970224"><ele>1180.0</ele></trkpt>
      <trkpt lat="49.135199" lon="19.970221"><ele>1180.0</ele></trkpt>
      <trkpt lat="49.135176" lon="19.970206"><ele>1180.0</ele></trkpt>
      <trkpt lat="49.135149" lon="19.970198"><ele>1180.0</ele></trkpt>
      <trkpt lat="49.135125" lon="19.970196"><ele>1180.0</ele></trkpt>
      <trkpt lat="49.135101" lon="19.970186"><ele>1180.0</ele></trkpt>
      <trkpt lat="49.135078" lon="19.970179"><ele>1180.0</ele></trkpt>
      <trkpt lat="49.135056" lon="19.970170"><ele>1181.0</ele></trkpt>
      <trkpt lat="49.135032" lon="19.970159"><ele>1181.0</ele></trkpt>
      <trkpt lat="49.135007" lon="19.970148"><ele>1181.0</ele></trkpt>
      <trkpt lat="49.134978" lon="19.970139"><ele>1181.0</ele></trkpt>
      <trkpt lat="49.134949" lon="19.970120"><ele>1181.0</ele></trkpt>
      <trkpt lat="49.134923" lon="19.970100"><ele>1180.0</ele></trkpt>
      <trkpt lat="49.134905" lon="19.970076"><ele>1180.0</ele></trkpt>
      <trkpt lat="49.134890" lon="19.970050"><ele>1180.0</ele></trkpt>
      <trkpt lat="49.134881" lon="19.970016"><ele>1180.0</ele></trkpt>
      <trkpt lat="49.134866" lon="19.969992"><ele>1179.0</ele></trkpt>
      <trkpt lat="49.134849" lon="19.969977"><ele>1179.0</ele></trkpt>
      <trkpt lat="49.134841" lon="19.969949"><ele>1179.0</ele></trkpt>
      <trkpt lat="49.134823" lon="19.969924"><ele>1178.0</ele></trkpt>
      <trkpt lat="49.134805" lon="19.969901"><ele>1178.0</ele></trkpt>
      <trkpt lat="49.134786" lon="19.969882"><ele>1178.0</ele></trkpt>
      <trkpt lat="49.134769" lon="19.969859"><ele>1177.0</ele></trkpt>
      <trkpt lat="49.134744" lon="19.969845"><ele>1177.0</ele></trkpt>
      <trkpt lat="49.134722" lon="19.969833"><ele>1177.0</ele></trkpt>
      <trkpt lat="49.134706" lon="19.969805"><ele>1177.0</ele></trkpt>
      <trkpt lat="49.134691" lon="19.969777"><ele>1177.0</ele></trkpt>
      <trkpt lat="49.134677" lon="19.969754"><ele>1177.0</ele></trkpt>
      <trkpt lat="49.134657" lon="19.969737"><ele>1177.0</ele></trkpt>
      <trkpt lat="49.134632" lon="19.969723"><ele>1177.0</ele></trkpt>
      <trkpt lat="49.134614" lon="19.969709"><ele>1177.0</ele></trkpt>
      <trkpt lat="49.134596" lon="19.969682"><ele>1176.0</ele></trkpt>
      <trkpt lat="49.134577" lon="19.969668"><ele>1176.0</ele></trkpt>
      <trkpt lat="49.134577" lon="19.969668"><ele>1176.0</ele></trkpt>
    </trkseg>
  </trk>
</gpx>
