<?xml version="1.0" encoding="UTF-8"?>
<gpx version="1.1" creator="MultiTrail"
     xmlns="http://www.topografix.com/GPX/1/1">
  <trk>
    <name>Ovčiarsko – Peklina</name>
    <trkseg>
      <trkpt lat="49.223395" lon="18.661765"><ele>426.7</ele></trkpt>
      <trkpt lat="49.223372" lon="18.661725"><ele>426.8</ele></trkpt>
      <trkpt lat="49.223357" lon="18.661699"><ele>426.9</ele></trkpt>
      <trkpt lat="49.223347" lon="18.661656"><ele>427.0</ele></trkpt>
      <trkpt lat="49.223344" lon="18.661606"><ele>427.1</ele></trkpt>
      <trkpt lat="49.223334" lon="18.661557"><ele>427.2</ele></trkpt>
      <trkpt lat="49.223331" lon="18.661526"><ele>427.3</ele></trkpt>
      <trkpt lat="49.223334" lon="18.661482"><ele>427.4</ele></trkpt>
      <trkpt lat="49.223334" lon="18.661443"><ele>427.6</ele></trkpt>
      <trkpt lat="49.223334" lon="18.661408"><ele>427.7</ele></trkpt>
      <trkpt lat="49.223338" lon="18.661379"><ele>427.7</ele></trkpt>
      <trkpt lat="49.223347" lon="18.661352"><ele>427.8</ele></trkpt>
      <trkpt lat="49.223363" lon="18.661304"><ele>428.0</ele></trkpt>
      <trkpt lat="49.223389" lon="18.661262"><ele>428.1</ele></trkpt>
      <trkpt lat="49.223402" lon="18.661238"><ele>428.2</ele></trkpt>
      <trkpt lat="49.223411" lon="18.661213"><ele>428.3</ele></trkpt>
      <trkpt lat="49.223427" lon="18.661192"><ele>428.4</ele></trkpt>
      <trkpt lat="49.223437" lon="18.661166"><ele>428.5</ele></trkpt>
      <trkpt lat="49.223453" lon="18.661144"><ele>428.6</ele></trkpt>
      <trkpt lat="49.223466" lon="18.661122"><ele>428.6</ele></trkpt>
      <trkpt lat="49.223482" lon="18.661096"><ele>428.8</ele></trkpt>
      <trkpt lat="49.223494" lon="18.661075"><ele>428.8</ele></trkpt>
      <trkpt lat="49.223510" lon="18.661051"><ele>429.0</ele></trkpt>
      <trkpt lat="49.223523" lon="18.661022"><ele>429.1</ele></trkpt>
      <trkpt lat="49.223536" lon="18.660994"><ele>429.2</ele></trkpt>
      <trkpt lat="49.223552" lon="18.660963"><ele>429.4</ele></trkpt>
      <trkpt lat="49.223565" lon="18.660931"><ele>429.5</ele></trkpt>
      <trkpt lat="49.223571" lon="18.660878"><ele>429.8</ele></trkpt>
      <trkpt lat="49.223581" lon="18.660848"><ele>430.0</ele></trkpt>
      <trkpt lat="49.223584" lon="18.660814"><ele>430.2</ele></trkpt>
      <trkpt lat="49.223590" lon="18.660784"><ele>430.4</ele></trkpt>
      <trkpt lat="49.223590" lon="18.660754"><ele>430.6</ele></trkpt>
      <trkpt lat="49.223594" lon="18.660726"><ele>430.8</ele></trkpt>
      <trkpt lat="49.223600" lon="18.660674"><ele>431.1</ele></trkpt>
      <trkpt lat="49.223600" lon="18.660640"><ele>431.3</ele></trkpt>
      <trkpt lat="49.223603" lon="18.660608"><ele>431.5</ele></trkpt>
      <trkpt lat="49.223606" lon="18.660574"><ele>431.8</ele></trkpt>
      <trkpt lat="49.223606" lon="18.660536"><ele>432.0</ele></trkpt>
      <trkpt lat="49.223603" lon="18.660469"><ele>432.5</ele></trkpt>
      <trkpt lat="49.223600" lon="18.660426"><ele>432.8</ele></trkpt>
      <trkpt lat="49.223603" lon="18.660386"><ele>433.1</ele></trkpt>
      <trkpt lat="49.223610" lon="18.660347"><ele>433.5</ele></trkpt>
      <trkpt lat="49.223616" lon="18.660317"><ele>433.7</ele></trkpt>
      <trkpt lat="49.223626" lon="18.660262"><ele>434.2</ele></trkpt>
      <trkpt lat="49.223642" lon="18.660226"><ele>434.6</ele></trkpt>
      <trkpt lat="49.223645" lon="18.660194"><ele>434.8</ele></trkpt>
      <trkpt lat="49.223642" lon="18.660163"><ele>435.1</ele></trkpt>
      <trkpt lat="49.223648" lon="18.660133"><ele>435.4</ele></trkpt>
      <trkpt lat="49.223648" lon="18.660102"><ele>435.6</ele></trkpt>
      <trkpt lat="49.223642" lon="18.660061"><ele>436.0</ele></trkpt>
      <trkpt lat="49.223648" lon="18.660030"><ele>436.3</ele></trkpt>
      <trkpt lat="49.223654" lon="18.659998"><ele>436.6</ele></trkpt>
      <trkpt lat="49.223664" lon="18.659970"><ele>436.8</ele></trkpt>
      <trkpt lat="49.223667" lon="18.659939"><ele>437.1</ele></trkpt>
      <trkpt lat="49.223667" lon="18.659898"><ele>437.4</ele></trkpt>
      <trkpt lat="49.223670" lon="18.659851"><ele>437.8</ele></trkpt>
      <trkpt lat="49.223664" lon="18.659810"><ele>438.1</ele></trkpt>
      <trkpt lat="49.223664" lon="18.659774"><ele>438.3</ele></trkpt>
      <trkpt lat="49.223661" lon="18.659736"><ele>438.6</ele></trkpt>
      <trkpt lat="49.223654" lon="18.659701"><ele>438.9</ele></trkpt>
      <trkpt lat="49.223654" lon="18.659654"><ele>439.2</ele></trkpt>
      <trkpt lat="49.223664" lon="18.659611"><ele>439.5</ele></trkpt>
      <trkpt lat="49.223667" lon="18.659566"><ele>439.8</ele></trkpt>
      <trkpt lat="49.223670" lon="18.659517"><ele>440.2</ele></trkpt>
      <trkpt lat="49.223680" lon="18.659467"><ele>440.7</ele></trkpt>
      <trkpt lat="49.223690" lon="18.659427"><ele>441.2</ele></trkpt>
      <trkpt lat="49.223683" lon="18.659387"><ele>441.6</ele></trkpt>
      <trkpt lat="49.223674" lon="18.659354"><ele>442.0</ele></trkpt>
      <trkpt lat="49.223680" lon="18.659322"><ele>442.4</ele></trkpt>
      <trkpt lat="49.223686" lon="18.659293"><ele>442.7</ele></trkpt>
      <trkpt lat="49.223699" lon="18.659253"><ele>443.3</ele></trkpt>
      <trkpt lat="49.223715" lon="18.659203"><ele>443.9</ele></trkpt>
      <trkpt lat="49.223734" lon="18.659160"><ele>444.6</ele></trkpt>
      <trkpt lat="49.223754" lon="18.659118"><ele>445.2</ele></trkpt>
      <trkpt lat="49.223773" lon="18.659091"><ele>445.7</ele></trkpt>
      <trkpt lat="49.223789" lon="18.659058"><ele>446.2</ele></trkpt>
      <trkpt lat="49.223805" lon="18.659026"><ele>446.6</ele></trkpt>
      <trkpt lat="49.223824" lon="18.658990"><ele>447.2</ele></trkpt>
      <trkpt lat="49.223840" lon="18.658960"><ele>447.7</ele></trkpt>
      <trkpt lat="49.223862" lon="18.658931"><ele>448.1</ele></trkpt>
      <trkpt lat="49.223878" lon="18.658915"><ele>448.3</ele></trkpt>
      <trkpt lat="49.223904" lon="18.658888"><ele>448.8</ele></trkpt>
      <trkpt lat="49.223926" lon="18.658862"><ele>449.1</ele></trkpt>
      <trkpt lat="49.223949" lon="18.658838"><ele>449.5</ele></trkpt>
      <trkpt lat="49.223968" lon="18.658818"><ele>449.9</ele></trkpt>
      <trkpt lat="49.223997" lon="18.658800"><ele>450.3</ele></trkpt>
      <trkpt lat="49.224013" lon="18.658771"><ele>450.6</ele></trkpt>
      <trkpt lat="49.224042" lon="18.658752"><ele>451.1</ele></trkpt>
      <trkpt lat="49.224064" lon="18.658731"><ele>451.5</ele></trkpt>
      <trkpt lat="49.224086" lon="18.658701"><ele>451.9</ele></trkpt>
      <trkpt lat="49.224099" lon="18.658678"><ele>452.2</ele></trkpt>
      <trkpt lat="49.224112" lon="18.658651"><ele>452.5</ele></trkpt>
      <trkpt lat="49.224141" lon="18.658629"><ele>452.9</ele></trkpt>
      <trkpt lat="49.224166" lon="18.658608"><ele>453.4</ele></trkpt>
      <trkpt lat="49.224182" lon="18.658574"><ele>453.8</ele></trkpt>
      <trkpt lat="49.224192" lon="18.658547"><ele>454.0</ele></trkpt>
      <trkpt lat="49.224208" lon="18.658518"><ele>454.4</ele></trkpt>
      <trkpt lat="49.224224" lon="18.658490"><ele>454.8</ele></trkpt>
      <trkpt lat="49.224246" lon="18.658462"><ele>455.1</ele></trkpt>
      <trkpt lat="49.224259" lon="18.658435"><ele>455.5</ele></trkpt>
      <trkpt lat="49.224275" lon="18.658410"><ele>455.8</ele></trkpt>
      <trkpt lat="49.224285" lon="18.658382"><ele>456.1</ele></trkpt>
      <trkpt lat="49.224301" lon="18.658342"><ele>456.5</ele></trkpt>
      <trkpt lat="49.224310" lon="18.658317"><ele>456.7</ele></trkpt>
      <trkpt lat="49.224330" lon="18.658283"><ele>457.2</ele></trkpt>
      <trkpt lat="49.224349" lon="18.658254"><ele>457.5</ele></trkpt>
      <trkpt lat="49.224362" lon="18.658224"><ele>457.9</ele></trkpt>
      <trkpt lat="49.224365" lon="18.658194"><ele>458.2</ele></trkpt>
      <trkpt lat="49.224378" lon="18.658160"><ele>458.5</ele></trkpt>
      <trkpt lat="49.224390" lon="18.658122"><ele>458.9</ele></trkpt>
      <trkpt lat="49.224403" lon="18.658078"><ele>459.4</ele></trkpt>
      <trkpt lat="49.224419" lon="18.658034"><ele>459.9</ele></trkpt>
      <trkpt lat="49.224435" lon="18.657997"><ele>460.3</ele></trkpt>
      <trkpt lat="49.224442" lon="18.657963"><ele>460.6</ele></trkpt>
      <trkpt lat="49.224445" lon="18.657934"><ele>460.9</ele></trkpt>
      <trkpt lat="49.224448" lon="18.657899"><ele>461.2</ele></trkpt>
      <trkpt lat="49.224461" lon="18.657864"><ele>461.6</ele></trkpt>
      <trkpt lat="49.224477" lon="18.657827"><ele>462.0</ele></trkpt>
      <trkpt lat="49.224486" lon="18.657782"><ele>462.4</ele></trkpt>
      <trkpt lat="49.224499" lon="18.657738"><ele>462.8</ele></trkpt>
      <trkpt lat="49.224509" lon="18.657704"><ele>463.1</ele></trkpt>
      <trkpt lat="49.224515" lon="18.657669"><ele>463.4</ele></trkpt>
      <trkpt lat="49.224509" lon="18.657630"><ele>463.7</ele></trkpt>
      <trkpt lat="49.224515" lon="18.657590"><ele>464.0</ele></trkpt>
      <trkpt lat="49.224522" lon="18.657542"><ele>464.4</ele></trkpt>
      <trkpt lat="49.224525" lon="18.657496"><ele>464.8</ele></trkpt>
      <trkpt lat="49.224528" lon="18.657446"><ele>465.2</ele></trkpt>
      <trkpt lat="49.224534" lon="18.657419"><ele>465.4</ele></trkpt>
      <trkpt lat="49.224538" lon="18.657392"><ele>465.6</ele></trkpt>
      <trkpt lat="49.224547" lon="18.657347"><ele>465.9</ele></trkpt>
      <trkpt lat="49.224554" lon="18.657301"><ele>466.3</ele></trkpt>
      <trkpt lat="49.224557" lon="18.657274"><ele>466.5</ele></trkpt>
      <trkpt lat="49.224557" lon="18.657230"><ele>466.8</ele></trkpt>
      <trkpt lat="49.224560" lon="18.657192"><ele>467.1</ele></trkpt>
      <trkpt lat="49.224557" lon="18.657158"><ele>467.4</ele></trkpt>
      <trkpt lat="49.224557" lon="18.657120"><ele>467.7</ele></trkpt>
      <trkpt lat="49.224557" lon="18.657082"><ele>468.0</ele></trkpt>
      <trkpt lat="49.224557" lon="18.657042"><ele>468.3</ele></trkpt>
      <trkpt lat="49.224563" lon="18.656995"><ele>468.6</ele></trkpt>
      <trkpt lat="49.224566" lon="18.656944"><ele>469.0</ele></trkpt>
      <trkpt lat="49.224573" lon="18.656917"><ele>469.3</ele></trkpt>
      <trkpt lat="49.224579" lon="18.656866"><ele>469.7</ele></trkpt>
      <trkpt lat="49.224589" lon="18.656818"><ele>470.1</ele></trkpt>
      <trkpt lat="49.224598" lon="18.656773"><ele>470.4</ele></trkpt>
      <trkpt lat="49.224605" lon="18.656726"><ele>470.8</ele></trkpt>
      <trkpt lat="49.224614" lon="18.656685"><ele>471.1</ele></trkpt>
      <trkpt lat="49.224614" lon="18.656648"><ele>471.4</ele></trkpt>
      <trkpt lat="49.224614" lon="18.656605"><ele>471.8</ele></trkpt>
      <trkpt lat="49.224614" lon="18.656568"><ele>472.0</ele></trkpt>
      <trkpt lat="49.224614" lon="18.656538"><ele>472.3</ele></trkpt>
      <trkpt lat="49.224614" lon="18.656507"><ele>472.5</ele></trkpt>
      <trkpt lat="49.224624" lon="18.656464"><ele>472.9</ele></trkpt>
      <trkpt lat="49.224634" lon="18.656422"><ele>473.2</ele></trkpt>
      <trkpt lat="49.224637" lon="18.656395"><ele>473.5</ele></trkpt>
      <trkpt lat="49.224637" lon="18.656366"><ele>473.7</ele></trkpt>
      <trkpt lat="49.224646" lon="18.656315"><ele>474.1</ele></trkpt>
      <trkpt lat="49.224659" lon="18.656264"><ele>474.6</ele></trkpt>
      <trkpt lat="49.224675" lon="18.656219"><ele>475.0</ele></trkpt>
      <trkpt lat="49.224685" lon="18.656179"><ele>475.3</ele></trkpt>
      <trkpt lat="49.224701" lon="18.656139"><ele>475.7</ele></trkpt>
      <trkpt lat="49.224707" lon="18.656098"><ele>476.0</ele></trkpt>
      <trkpt lat="49.224720" lon="18.656051"><ele>476.4</ele></trkpt>
      <trkpt lat="49.224726" lon="18.656010"><ele>476.8</ele></trkpt>
      <trkpt lat="49.224726" lon="18.655970"><ele>477.1</ele></trkpt>
      <trkpt lat="49.224733" lon="18.655939"><ele>477.4</ele></trkpt>
      <trkpt lat="49.224733" lon="18.655901"><ele>477.7</ele></trkpt>
      <trkpt lat="49.224726" lon="18.655862"><ele>478.0</ele></trkpt>
      <trkpt lat="49.224723" lon="18.655821"><ele>478.4</ele></trkpt>
      <trkpt lat="49.224720" lon="18.655779"><ele>478.7</ele></trkpt>
      <trkpt lat="49.224717" lon="18.655731"><ele>479.1</ele></trkpt>
      <trkpt lat="49.224720" lon="18.655690"><ele>479.4</ele></trkpt>
      <trkpt lat="49.224717" lon="18.655643"><ele>479.8</ele></trkpt>
      <trkpt lat="49.224723" lon="18.655595"><ele>480.2</ele></trkpt>
      <trkpt lat="49.224733" lon="18.655544"><ele>480.7</ele></trkpt>
      <trkpt lat="49.224736" lon="18.655491"><ele>481.1</ele></trkpt>
      <trkpt lat="49.224742" lon="18.655445"><ele>481.5</ele></trkpt>
      <trkpt lat="49.224752" lon="18.655421"><ele>481.7</ele></trkpt>
      <trkpt lat="49.224755" lon="18.655392"><ele>481.9</ele></trkpt>
      <trkpt lat="49.224758" lon="18.655363"><ele>482.2</ele></trkpt>
      <trkpt lat="49.224762" lon="18.655317"><ele>482.5</ele></trkpt>
      <trkpt lat="49.224768" lon="18.655272"><ele>482.9</ele></trkpt>
      <trkpt lat="49.224774" lon="18.655226"><ele>483.2</ele></trkpt>
      <trkpt lat="49.224784" lon="18.655179"><ele>483.6</ele></trkpt>
      <trkpt lat="49.224794" lon="18.655130"><ele>484.0</ele></trkpt>
      <trkpt lat="49.224797" lon="18.655085"><ele>484.4</ele></trkpt>
      <trkpt lat="49.224800" lon="18.655040"><ele>484.7</ele></trkpt>
      <trkpt lat="49.224800" lon="18.655010"><ele>484.9</ele></trkpt>
      <trkpt lat="49.224797" lon="18.654963"><ele>485.3</ele></trkpt>
      <trkpt lat="49.224794" lon="18.654917"><ele>485.6</ele></trkpt>
      <trkpt lat="49.224797" lon="18.654877"><ele>485.9</ele></trkpt>
      <trkpt lat="49.224797" lon="18.654840"><ele>486.1</ele></trkpt>
      <trkpt lat="49.224800" lon="18.654806"><ele>486.4</ele></trkpt>
      <trkpt lat="49.224797" lon="18.654762"><ele>486.7</ele></trkpt>
      <trkpt lat="49.224800" lon="18.654725"><ele>486.9</ele></trkpt>
      <trkpt lat="49.224797" lon="18.654698"><ele>487.1</ele></trkpt>
      <trkpt lat="49.224797" lon="18.654650"><ele>487.5</ele></trkpt>
      <trkpt lat="49.224800" lon="18.654606"><ele>487.8</ele></trkpt>
      <trkpt lat="49.224803" lon="18.654579"><ele>488.0</ele></trkpt>
      <trkpt lat="49.224806" lon="18.654552"><ele>488.2</ele></trkpt>
      <trkpt lat="49.224813" lon="18.654499"><ele>488.6</ele></trkpt>
      <trkpt lat="49.224819" lon="18.654450"><ele>489.0</ele></trkpt>
      <trkpt lat="49.224822" lon="18.654392"><ele>489.4</ele></trkpt>
      <trkpt lat="49.224822" lon="18.654347"><ele>489.7</ele></trkpt>
      <trkpt lat="49.224819" lon="18.654320"><ele>490.0</ele></trkpt>
      <trkpt lat="49.224819" lon="18.654285"><ele>490.2</ele></trkpt>
      <trkpt lat="49.224816" lon="18.654253"><ele>490.5</ele></trkpt>
      <trkpt lat="49.224819" lon="18.654214"><ele>490.8</ele></trkpt>
      <trkpt lat="49.224826" lon="18.654174"><ele>491.1</ele></trkpt>
      <trkpt lat="49.224832" lon="18.654130"><ele>491.5</ele></trkpt>
      <trkpt lat="49.224838" lon="18.654083"><ele>491.9</ele></trkpt>
      <trkpt lat="49.224851" lon="18.654037"><ele>492.3</ele></trkpt>
      <trkpt lat="49.224854" lon="18.653994"><ele>492.7</ele></trkpt>
      <trkpt lat="49.224861" lon="18.653952"><ele>493.0</ele></trkpt>
      <trkpt lat="49.224861" lon="18.653912"><ele>493.4</ele></trkpt>
      <trkpt lat="49.224861" lon="18.653874"><ele>493.7</ele></trkpt>
      <trkpt lat="49.224858" lon="18.653835"><ele>494.1</ele></trkpt>
      <trkpt lat="49.224854" lon="18.653802"><ele>494.4</ele></trkpt>
      <trkpt lat="49.224854" lon="18.653766"><ele>494.8</ele></trkpt>
      <trkpt lat="49.224851" lon="18.653730"><ele>495.1</ele></trkpt>
      <trkpt lat="49.224845" lon="18.653686"><ele>495.6</ele></trkpt>
      <trkpt lat="49.224851" lon="18.653640"><ele>496.1</ele></trkpt>
      <trkpt lat="49.224854" lon="18.653598"><ele>496.5</ele></trkpt>
      <trkpt lat="49.224861" lon="18.653554"><ele>497.0</ele></trkpt>
      <trkpt lat="49.224861" lon="18.653504"><ele>497.5</ele></trkpt>
      <trkpt lat="49.224861" lon="18.653475"><ele>497.8</ele></trkpt>
      <trkpt lat="49.224864" lon="18.653427"><ele>498.3</ele></trkpt>
      <trkpt lat="49.224864" lon="18.653378"><ele>498.8</ele></trkpt>
      <trkpt lat="49.224858" lon="18.653330"><ele>499.4</ele></trkpt>
      <trkpt lat="49.224854" lon="18.653290"><ele>499.8</ele></trkpt>
      <trkpt lat="49.224845" lon="18.653253"><ele>500.3</ele></trkpt>
      <trkpt lat="49.224842" lon="18.653219"><ele>500.7</ele></trkpt>
      <trkpt lat="49.224842" lon="18.653186"><ele>501.1</ele></trkpt>
      <trkpt lat="49.224845" lon="18.653150"><ele>501.6</ele></trkpt>
      <trkpt lat="49.224851" lon="18.653104"><ele>502.1</ele></trkpt>
      <trkpt lat="49.224858" lon="18.653059"><ele>502.7</ele></trkpt>
      <trkpt lat="49.224864" lon="18.653021"><ele>503.2</ele></trkpt>
      <trkpt lat="49.224874" lon="18.652982"><ele>503.7</ele></trkpt>
      <trkpt lat="49.224864" lon="18.652941"><ele>504.3</ele></trkpt>
      <trkpt lat="49.224861" lon="18.652902"><ele>504.7</ele></trkpt>
      <trkpt lat="49.224854" lon="18.652870"><ele>505.1</ele></trkpt>
      <trkpt lat="49.224845" lon="18.652832"><ele>505.6</ele></trkpt>
      <trkpt lat="49.224845" lon="18.652786"><ele>506.2</ele></trkpt>
      <trkpt lat="49.224842" lon="18.652744"><ele>506.7</ele></trkpt>
      <trkpt lat="49.224842" lon="18.652699"><ele>507.2</ele></trkpt>
      <trkpt lat="49.224842" lon="18.652650"><ele>507.8</ele></trkpt>
      <trkpt lat="49.224851" lon="18.652603"><ele>508.3</ele></trkpt>
      <trkpt lat="49.224854" lon="18.652563"><ele>508.8</ele></trkpt>
      <trkpt lat="49.224854" lon="18.652526"><ele>509.2</ele></trkpt>
      <trkpt lat="49.224851" lon="18.652493"><ele>509.6</ele></trkpt>
      <trkpt lat="49.224851" lon="18.652448"><ele>510.1</ele></trkpt>
      <trkpt lat="49.224845" lon="18.652402"><ele>510.6</ele></trkpt>
      <trkpt lat="49.224851" lon="18.652352"><ele>511.1</ele></trkpt>
      <trkpt lat="49.224851" lon="18.652296"><ele>511.7</ele></trkpt>
      <trkpt lat="49.224854" lon="18.652243"><ele>512.2</ele></trkpt>
      <trkpt lat="49.224854" lon="18.652189"><ele>512.7</ele></trkpt>
      <trkpt lat="49.224854" lon="18.652146"><ele>513.1</ele></trkpt>
      <trkpt lat="49.224851" lon="18.652096"><ele>513.6</ele></trkpt>
      <trkpt lat="49.224842" lon="18.652050"><ele>514.0</ele></trkpt>
      <trkpt lat="49.224842" lon="18.652016"><ele>514.3</ele></trkpt>
      <trkpt lat="49.224842" lon="18.651979"><ele>514.5</ele></trkpt>
      <trkpt lat="49.224842" lon="18.651938"><ele>514.8</ele></trkpt>
      <trkpt lat="49.224838" lon="18.651888"><ele>515.2</ele></trkpt>
      <trkpt lat="49.224838" lon="18.651835"><ele>515.5</ele></trkpt>
      <trkpt lat="49.224842" lon="18.651792"><ele>515.7</ele></trkpt>
      <trkpt lat="49.224838" lon="18.651749"><ele>516.0</ele></trkpt>
      <trkpt lat="49.224832" lon="18.651710"><ele>516.1</ele></trkpt>
      <trkpt lat="49.224826" lon="18.651677"><ele>516.3</ele></trkpt>
      <trkpt lat="49.224822" lon="18.651640"><ele>516.4</ele></trkpt>
      <trkpt lat="49.224816" lon="18.651597"><ele>516.6</ele></trkpt>
      <trkpt lat="49.224813" lon="18.651552"><ele>516.7</ele></trkpt>
      <trkpt lat="49.224813" lon="18.651509"><ele>516.9</ele></trkpt>
      <trkpt lat="49.224819" lon="18.651466"><ele>516.9</ele></trkpt>
      <trkpt lat="49.224813" lon="18.651416"><ele>517.0</ele></trkpt>
      <trkpt lat="49.224803" lon="18.651371"><ele>517.0</ele></trkpt>
      <trkpt lat="49.224813" lon="18.651326"><ele>517.0</ele></trkpt>
      <trkpt lat="49.224816" lon="18.651286"><ele>516.9</ele></trkpt>
      <trkpt lat="49.224822" lon="18.651237"><ele>516.7</ele></trkpt>
      <trkpt lat="49.224838" lon="18.651186"><ele>516.5</ele></trkpt>
      <trkpt lat="49.224858" lon="18.651134"><ele>516.1</ele></trkpt>
      <trkpt lat="49.224877" lon="18.651106"><ele>515.9</ele></trkpt>
      <trkpt lat="49.224880" lon="18.651067"><ele>515.6</ele></trkpt>
      <trkpt lat="49.224886" lon="18.651035"><ele>515.4</ele></trkpt>
      <trkpt lat="49.224899" lon="18.651002"><ele>515.1</ele></trkpt>
      <trkpt lat="49.224918" lon="18.650968"><ele>514.8</ele></trkpt>
      <trkpt lat="49.224925" lon="18.650938"><ele>514.5</ele></trkpt>
      <trkpt lat="49.224931" lon="18.650894"><ele>514.2</ele></trkpt>
      <trkpt lat="49.224925" lon="18.650856"><ele>514.0</ele></trkpt>
      <trkpt lat="49.224922" lon="18.650816"><ele>513.3</ele></trkpt>
      <trkpt lat="49.224922" lon="18.650782"><ele>513.0</ele></trkpt>
      <trkpt lat="49.224906" lon="18.650749"><ele>512.7</ele></trkpt>
      <trkpt lat="49.224886" lon="18.650710"><ele>512.4</ele></trkpt>
      <trkpt lat="49.224861" lon="18.650725"><ele>512.1</ele></trkpt>
      <trkpt lat="49.224845" lon="18.650741"><ele>512.0</ele></trkpt>
      <trkpt lat="49.224826" lon="18.650744"><ele>511.9</ele></trkpt>
      <trkpt lat="49.224806" lon="18.650749"><ele>511.8</ele></trkpt>
      <trkpt lat="49.224781" lon="18.650773"><ele>511.7</ele></trkpt>
      <trkpt lat="49.224755" lon="18.650784"><ele>511.6</ele></trkpt>
      <trkpt lat="49.224723" lon="18.650803"><ele>511.6</ele></trkpt>
      <trkpt lat="49.224685" lon="18.650824"><ele>511.5</ele></trkpt>
      <trkpt lat="49.224656" lon="18.650835"><ele>511.5</ele></trkpt>
      <trkpt lat="49.224618" lon="18.650835"><ele>511.5</ele></trkpt>
      <trkpt lat="49.224589" lon="18.650838"><ele>511.4</ele></trkpt>
      <trkpt lat="49.224557" lon="18.650859"><ele>511.3</ele></trkpt>
      <trkpt lat="49.224534" lon="18.650867"><ele>511.1</ele></trkpt>
      <trkpt lat="49.224506" lon="18.650882"><ele>510.9</ele></trkpt>
      <trkpt lat="49.224480" lon="18.650893"><ele>510.7</ele></trkpt>
      <trkpt lat="49.224458" lon="18.650898"><ele>510.5</ele></trkpt>
      <trkpt lat="49.224435" lon="18.650904"><ele>510.3</ele></trkpt>
      <trkpt lat="49.224416" lon="18.650907"><ele>510.1</ele></trkpt>
      <trkpt lat="49.224397" lon="18.650914"><ele>509.9</ele></trkpt>
      <trkpt lat="49.224378" lon="18.650867"><ele>509.5</ele></trkpt>
      <trkpt lat="49.224365" lon="18.650840"><ele>509.3</ele></trkpt>
      <trkpt lat="49.224349" lon="18.650790"><ele>508.9</ele></trkpt>
      <trkpt lat="49.224330" lon="18.650749"><ele>508.5</ele></trkpt>
      <trkpt lat="49.224317" lon="18.650726"><ele>508.3</ele></trkpt>
      <trkpt lat="49.224298" lon="18.650696"><ele>508.1</ele></trkpt>
      <trkpt lat="49.224282" lon="18.650683"><ele>508.0</ele></trkpt>
      <trkpt lat="49.224259" lon="18.650669"><ele>507.8</ele></trkpt>
      <trkpt lat="49.224227" lon="18.650666"><ele>507.6</ele></trkpt>
      <trkpt lat="49.224208" lon="18.650667"><ele>507.5</ele></trkpt>
      <trkpt lat="49.224166" lon="18.650661"><ele>507.3</ele></trkpt>
      <trkpt lat="49.224141" lon="18.650654"><ele>507.3</ele></trkpt>
      <trkpt lat="49.224112" lon="18.650642"><ele>507.3</ele></trkpt>
      <trkpt lat="49.224083" lon="18.650630"><ele>507.3</ele></trkpt>
      <trkpt lat="49.224061" lon="18.650616"><ele>507.3</ele></trkpt>
      <trkpt lat="49.224032" lon="18.650605"><ele>507.3</ele></trkpt>
      <trkpt lat="49.224010" lon="18.650595"><ele>507.4</ele></trkpt>
      <trkpt lat="49.223990" lon="18.650571"><ele>507.4</ele></trkpt>
      <trkpt lat="49.223978" lon="18.650549"><ele>507.4</ele></trkpt>
      <trkpt lat="49.223962" lon="18.650528"><ele>507.4</ele></trkpt>
      <trkpt lat="49.223942" lon="18.650517"><ele>507.4</ele></trkpt>
      <trkpt lat="49.223914" lon="18.650501"><ele>507.4</ele></trkpt>
      <trkpt lat="49.223872" lon="18.650470"><ele>507.2</ele></trkpt>
      <trkpt lat="49.223850" lon="18.650445"><ele>507.1</ele></trkpt>
      <trkpt lat="49.223840" lon="18.650418"><ele>507.0</ele></trkpt>
      <trkpt lat="49.223821" lon="18.650387"><ele>506.8</ele></trkpt>
      <trkpt lat="49.223789" lon="18.650352"><ele>506.5</ele></trkpt>
      <trkpt lat="49.223770" lon="18.650326"><ele>506.3</ele></trkpt>
      <trkpt lat="49.223750" lon="18.650291"><ele>506.0</ele></trkpt>
      <trkpt lat="49.223728" lon="18.650259"><ele>505.7</ele></trkpt>
      <trkpt lat="49.223709" lon="18.650232"><ele>505.4</ele></trkpt>
      <trkpt lat="49.223690" lon="18.650211"><ele>505.1</ele></trkpt>
      <trkpt lat="49.223670" lon="18.650187"><ele>504.8</ele></trkpt>
      <trkpt lat="49.223642" lon="18.650149"><ele>504.3</ele></trkpt>
      <trkpt lat="49.223616" lon="18.650107"><ele>503.7</ele></trkpt>
      <trkpt lat="49.223590" lon="18.650064"><ele>503.2</ele></trkpt>
      <trkpt lat="49.223565" lon="18.650050"><ele>502.8</ele></trkpt>
      <trkpt lat="49.223530" lon="18.650029"><ele>502.2</ele></trkpt>
      <trkpt lat="49.223494" lon="18.650003"><ele>501.6</ele></trkpt>
      <trkpt lat="49.223446" lon="18.649965"><ele>500.8</ele></trkpt>
      <trkpt lat="49.223395" lon="18.649931"><ele>500.0</ele></trkpt>
      <trkpt lat="49.223328" lon="18.649902"><ele>499.1</ele></trkpt>
      <trkpt lat="49.223270" lon="18.649882"><ele>498.4</ele></trkpt>
      <trkpt lat="49.223216" lon="18.649859"><ele>497.9</ele></trkpt>
      <trkpt lat="49.223149" lon="18.649819"><ele>497.1</ele></trkpt>
      <trkpt lat="49.223104" lon="18.649784"><ele>496.6</ele></trkpt>
      <trkpt lat="49.223072" lon="18.649755"><ele>496.2</ele></trkpt>
      <trkpt lat="49.223037" lon="18.649726"><ele>495.8</ele></trkpt>
      <trkpt lat="49.222998" lon="18.649694"><ele>495.4</ele></trkpt>
      <trkpt lat="49.222970" lon="18.649675"><ele>495.1</ele></trkpt>
      <trkpt lat="49.222947" lon="18.649672"><ele>494.9</ele></trkpt>
      <trkpt lat="49.222918" lon="18.649666"><ele>494.6</ele></trkpt>
      <trkpt lat="49.222899" lon="18.649646"><ele>494.4</ele></trkpt>
      <trkpt lat="49.222858" lon="18.649616"><ele>494.0</ele></trkpt>
      <trkpt lat="49.222838" lon="18.649581"><ele>493.7</ele></trkpt>
      <trkpt lat="49.222826" lon="18.649542"><ele>493.5</ele></trkpt>
      <trkpt lat="49.222813" lon="18.649507"><ele>493.3</ele></trkpt>
      <trkpt lat="49.222800" lon="18.649459"><ele>493.0</ele></trkpt>
      <trkpt lat="49.222787" lon="18.649437"><ele>492.9</ele></trkpt>
      <trkpt lat="49.222771" lon="18.649410"><ele>492.8</ele></trkpt>
      <trkpt lat="49.222755" lon="18.649386"><ele>492.6</ele></trkpt>
      <trkpt lat="49.222730" lon="18.649336"><ele>492.4</ele></trkpt>
      <trkpt lat="49.222714" lon="18.649307"><ele>492.3</ele></trkpt>
      <trkpt lat="49.222698" lon="18.649278"><ele>492.1</ele></trkpt>
      <trkpt lat="49.222682" lon="18.649243"><ele>492.0</ele></trkpt>
      <trkpt lat="49.222656" lon="18.649208"><ele>491.9</ele></trkpt>
      <trkpt lat="49.222637" lon="18.649178"><ele>491.8</ele></trkpt>
      <trkpt lat="49.222621" lon="18.649147"><ele>491.7</ele></trkpt>
      <trkpt lat="49.222618" lon="18.649117"><ele>491.6</ele></trkpt>
      <trkpt lat="49.222611" lon="18.649082"><ele>491.6</ele></trkpt>
      <trkpt lat="49.222602" lon="18.649048"><ele>491.6</ele></trkpt>
      <trkpt lat="49.222579" lon="18.648995"><ele>491.6</ele></trkpt>
      <trkpt lat="49.222557" lon="18.648973"><ele>491.7</ele></trkpt>
      <trkpt lat="49.222534" lon="18.648952"><ele>491.8</ele></trkpt>
      <trkpt lat="49.222515" lon="18.648939"><ele>491.9</ele></trkpt>
      <trkpt lat="49.222474" lon="18.648933"><ele>492.1</ele></trkpt>
      <trkpt lat="49.222454" lon="18.648931"><ele>492.2</ele></trkpt>
      <trkpt lat="49.222435" lon="18.648926"><ele>492.2</ele></trkpt>
      <trkpt lat="49.222410" lon="18.648923"><ele>492.4</ele></trkpt>
      <trkpt lat="49.222378" lon="18.648914"><ele>492.5</ele></trkpt>
      <trkpt lat="49.222342" lon="18.648909"><ele>492.5</ele></trkpt>
      <trkpt lat="49.222317" lon="18.648902"><ele>492.5</ele></trkpt>
      <trkpt lat="49.222282" lon="18.648890"><ele>492.6</ele></trkpt>
      <trkpt lat="49.222259" lon="18.648878"><ele>492.6</ele></trkpt>
      <trkpt lat="49.222234" lon="18.648869"><ele>492.6</ele></trkpt>
      <trkpt lat="49.222205" lon="18.648858"><ele>492.5</ele></trkpt>
      <trkpt lat="49.222179" lon="18.648851"><ele>492.5</ele></trkpt>
      <trkpt lat="49.222157" lon="18.648846"><ele>492.5</ele></trkpt>
      <trkpt lat="49.222138" lon="18.648838"><ele>492.5</ele></trkpt>
      <trkpt lat="49.222115" lon="18.648822"><ele>492.5</ele></trkpt>
      <trkpt lat="49.222093" lon="18.648810"><ele>492.5</ele></trkpt>
      <trkpt lat="49.222074" lon="18.648784"><ele>492.4</ele></trkpt>
      <trkpt lat="49.222058" lon="18.648754"><ele>492.3</ele></trkpt>
      <trkpt lat="49.222038" lon="18.648728"><ele>492.2</ele></trkpt>
      <trkpt lat="49.222019" lon="18.648699"><ele>492.1</ele></trkpt>
      <trkpt lat="49.221994" lon="18.648669"><ele>492.0</ele></trkpt>
      <trkpt lat="49.221974" lon="18.648650"><ele>491.8</ele></trkpt>
      <trkpt lat="49.221955" lon="18.648629"><ele>491.7</ele></trkpt>
      <trkpt lat="49.221933" lon="18.648602"><ele>491.6</ele></trkpt>
      <trkpt lat="49.221907" lon="18.648542"><ele>491.4</ele></trkpt>
      <trkpt lat="49.221885" lon="18.648491"><ele>491.2</ele></trkpt>
      <trkpt lat="49.221862" lon="18.648454"><ele>491.0</ele></trkpt>
      <trkpt lat="49.221837" lon="18.648424"><ele>490.8</ele></trkpt>
      <trkpt lat="49.221808" lon="18.648394"><ele>490.5</ele></trkpt>
      <trkpt lat="49.221786" lon="18.648371"><ele>490.3</ele></trkpt>
      <trkpt lat="49.221766" lon="18.648344"><ele>490.0</ele></trkpt>
      <trkpt lat="49.221747" lon="18.648320"><ele>489.8</ele></trkpt>
      <trkpt lat="49.221734" lon="18.648293"><ele>489.6</ele></trkpt>
      <trkpt lat="49.221715" lon="18.648266"><ele>489.3</ele></trkpt>
      <trkpt lat="49.221699" lon="18.648235"><ele>489.1</ele></trkpt>
      <trkpt lat="49.221680" lon="18.648208"><ele>488.8</ele></trkpt>
      <trkpt lat="49.221664" lon="18.648186"><ele>488.6</ele></trkpt>
      <trkpt lat="49.221642" lon="18.648147"><ele>488.3</ele></trkpt>
      <trkpt lat="49.221626" lon="18.648118"><ele>488.0</ele></trkpt>
      <trkpt lat="49.221590" lon="18.648088"><ele>487.6</ele></trkpt>
      <trkpt lat="49.221558" lon="18.648067"><ele>487.4</ele></trkpt>
      <trkpt lat="49.221526" lon="18.648038"><ele>487.1</ele></trkpt>
      <trkpt lat="49.221501" lon="18.648005"><ele>486.8</ele></trkpt>
      <trkpt lat="49.221475" lon="18.647974"><ele>486.6</ele></trkpt>
      <trkpt lat="49.221440" lon="18.647926"><ele>486.4</ele></trkpt>
      <trkpt lat="49.221405" lon="18.647896"><ele>486.3</ele></trkpt>
      <trkpt lat="49.221379" lon="18.647856"><ele>486.3</ele></trkpt>
      <trkpt lat="49.221350" lon="18.647821"><ele>486.2</ele></trkpt>
      <trkpt lat="49.221331" lon="18.647790"><ele>486.2</ele></trkpt>
      <trkpt lat="49.221312" lon="18.647760"><ele>486.2</ele></trkpt>
      <trkpt lat="49.221286" lon="18.647725"><ele>486.3</ele></trkpt>
      <trkpt lat="49.221261" lon="18.647715"><ele>486.3</ele></trkpt>
      <trkpt lat="49.221245" lon="18.647734"><ele>486.3</ele></trkpt>
      <trkpt lat="49.221206" lon="18.647770"><ele>486.4</ele></trkpt>
      <trkpt lat="49.221181" lon="18.647805"><ele>486.4</ele></trkpt>
      <trkpt lat="49.221158" lon="18.647838"><ele>486.4</ele></trkpt>
      <trkpt lat="49.221126" lon="18.647888"><ele>486.3</ele></trkpt>
      <trkpt lat="49.221091" lon="18.647926"><ele>486.2</ele></trkpt>
      <trkpt lat="49.221062" lon="18.647965"><ele>486.1</ele></trkpt>
      <trkpt lat="49.221021" lon="18.648018"><ele>485.8</ele></trkpt>
      <trkpt lat="49.220973" lon="18.648067"><ele>485.5</ele></trkpt>
      <trkpt lat="49.220928" lon="18.648099"><ele>485.1</ele></trkpt>
      <trkpt lat="49.220902" lon="18.648134"><ele>484.9</ele></trkpt>
      <trkpt lat="49.220864" lon="18.648176"><ele>484.6</ele></trkpt>
      <trkpt lat="49.220845" lon="18.648197"><ele>484.4</ele></trkpt>
      <trkpt lat="49.220822" lon="18.648226"><ele>484.2</ele></trkpt>
      <trkpt lat="49.220806" lon="18.648264"><ele>484.0</ele></trkpt>
      <trkpt lat="49.220781" lon="18.648285"><ele>483.8</ele></trkpt>
      <trkpt lat="49.220746" lon="18.648307"><ele>483.6</ele></trkpt>
      <trkpt lat="49.220714" lon="18.648304"><ele>483.4</ele></trkpt>
      <trkpt lat="49.220685" lon="18.648298"><ele>483.2</ele></trkpt>
      <trkpt lat="49.220656" lon="18.648291"><ele>483.1</ele></trkpt>
      <trkpt lat="49.220630" lon="18.648298"><ele>482.9</ele></trkpt>
      <trkpt lat="49.220608" lon="18.648294"><ele>482.8</ele></trkpt>
      <trkpt lat="49.220582" lon="18.648285"><ele>482.7</ele></trkpt>
      <trkpt lat="49.220550" lon="18.648272"><ele>482.5</ele></trkpt>
      <trkpt lat="49.220515" lon="18.648253"><ele>482.2</ele></trkpt>
      <trkpt lat="49.220490" lon="18.648238"><ele>482.1</ele></trkpt>
      <trkpt lat="49.220470" lon="18.648226"><ele>481.9</ele></trkpt>
      <trkpt lat="49.220448" lon="18.648211"><ele>481.8</ele></trkpt>
      <trkpt lat="49.220426" lon="18.648194"><ele>481.6</ele></trkpt>
      <trkpt lat="49.220403" lon="18.648171"><ele>481.4</ele></trkpt>
      <trkpt lat="49.220384" lon="18.648152"><ele>481.2</ele></trkpt>
      <trkpt lat="49.220365" lon="18.648134"><ele>481.0</ele></trkpt>
      <trkpt lat="49.220352" lon="18.648112"><ele>480.9</ele></trkpt>
      <trkpt lat="49.220333" lon="18.648085"><ele>480.7</ele></trkpt>
      <trkpt lat="49.220310" lon="18.648059"><ele>480.4</ele></trkpt>
      <trkpt lat="49.220291" lon="18.648037"><ele>480.2</ele></trkpt>
      <trkpt lat="49.220269" lon="18.648010"><ele>480.0</ele></trkpt>
      <trkpt lat="49.220253" lon="18.647989"><ele>479.8</ele></trkpt>
      <trkpt lat="49.220234" lon="18.647965"><ele>479.6</ele></trkpt>
      <trkpt lat="49.220214" lon="18.647939"><ele>479.4</ele></trkpt>
      <trkpt lat="49.220198" lon="18.647909"><ele>479.2</ele></trkpt>
      <trkpt lat="49.220186" lon="18.647886"><ele>479.1</ele></trkpt>
      <trkpt lat="49.220166" lon="18.647861"><ele>478.9</ele></trkpt>
      <trkpt lat="49.220154" lon="18.647838"><ele>478.8</ele></trkpt>
      <trkpt lat="49.220138" lon="18.647814"><ele>478.6</ele></trkpt>
      <trkpt lat="49.220125" lon="18.647789"><ele>478.5</ele></trkpt>
      <trkpt lat="49.220109" lon="18.647758"><ele>478.3</ele></trkpt>
      <trkpt lat="49.220096" lon="18.647731"><ele>478.2</ele></trkpt>
      <trkpt lat="49.220080" lon="18.647696"><ele>478.1</ele></trkpt>
      <trkpt lat="49.220058" lon="18.647645"><ele>477.9</ele></trkpt>
      <trkpt lat="49.220042" lon="18.647619"><ele>477.8</ele></trkpt>
      <trkpt lat="49.220019" lon="18.647592"><ele>477.7</ele></trkpt>
      <trkpt lat="49.220006" lon="18.647566"><ele>477.6</ele></trkpt>
      <trkpt lat="49.219978" lon="18.647539"><ele>477.5</ele></trkpt>
      <trkpt lat="49.219962" lon="18.647514"><ele>477.4</ele></trkpt>
      <trkpt lat="49.219952" lon="18.647486"><ele>477.3</ele></trkpt>
      <trkpt lat="49.219936" lon="18.647458"><ele>477.2</ele></trkpt>
      <trkpt lat="49.219917" lon="18.647421"><ele>477.1</ele></trkpt>
      <trkpt lat="49.219898" lon="18.647379"><ele>476.9</ele></trkpt>
      <trkpt lat="49.219875" lon="18.647341"><ele>476.8</ele></trkpt>
      <trkpt lat="49.219856" lon="18.647310"><ele>476.7</ele></trkpt>
      <trkpt lat="49.219834" lon="18.647274"><ele>476.6</ele></trkpt>
      <trkpt lat="49.219814" lon="18.647235"><ele>476.4</ele></trkpt>
      <trkpt lat="49.219798" lon="18.647192"><ele>476.3</ele></trkpt>
      <trkpt lat="49.219782" lon="18.647155"><ele>476.2</ele></trkpt>
      <trkpt lat="49.219770" lon="18.647130"><ele>476.2</ele></trkpt>
      <trkpt lat="49.219747" lon="18.647082"><ele>476.1</ele></trkpt>
      <trkpt lat="49.219734" lon="18.647040"><ele>476.0</ele></trkpt>
      <trkpt lat="49.219718" lon="18.646997"><ele>475.9</ele></trkpt>
      <trkpt lat="49.219709" lon="18.646955"><ele>475.8</ele></trkpt>
      <trkpt lat="49.219699" lon="18.646922"><ele>475.7</ele></trkpt>
      <trkpt lat="49.219683" lon="18.646875"><ele>475.6</ele></trkpt>
      <trkpt lat="49.219674" lon="18.646842"><ele>475.6</ele></trkpt>
      <trkpt lat="49.219661" lon="18.646805"><ele>475.5</ele></trkpt>
      <trkpt lat="49.219658" lon="18.646774"><ele>475.4</ele></trkpt>
      <trkpt lat="49.219648" lon="18.646731"><ele>475.3</ele></trkpt>
      <trkpt lat="49.219642" lon="18.646690"><ele>475.3</ele></trkpt>
      <trkpt lat="49.219635" lon="18.646654"><ele>475.2</ele></trkpt>
      <trkpt lat="49.219622" lon="18.646624"><ele>475.2</ele></trkpt>
      <trkpt lat="49.219613" lon="18.646598"><ele>475.2</ele></trkpt>
      <trkpt lat="49.219610" lon="18.646566"><ele>475.1</ele></trkpt>
      <trkpt lat="49.219603" lon="18.646539"><ele>475.1</ele></trkpt>
      <trkpt lat="49.219590" lon="18.646501"><ele>475.1</ele></trkpt>
      <trkpt lat="49.219571" lon="18.646451"><ele>475.1</ele></trkpt>
      <trkpt lat="49.219571" lon="18.646411"><ele>475.1</ele></trkpt>
      <trkpt lat="49.219565" lon="18.646376"><ele>475.1</ele></trkpt>
      <trkpt lat="49.219555" lon="18.646338"><ele>475.2</ele></trkpt>
      <trkpt lat="49.219542" lon="18.646306"><ele>475.2</ele></trkpt>
      <trkpt lat="49.219533" lon="18.646277"><ele>475.2</ele></trkpt>
      <trkpt lat="49.219520" lon="18.646245"><ele>475.2</ele></trkpt>
      <trkpt lat="49.219514" lon="18.646218"><ele>475.3</ele></trkpt>
      <trkpt lat="49.219498" lon="18.646170"><ele>475.3</ele></trkpt>
      <trkpt lat="49.219491" lon="18.646139"><ele>475.4</ele></trkpt>
      <trkpt lat="49.219485" lon="18.646102"><ele>475.4</ele></trkpt>
      <trkpt lat="49.219478" lon="18.646062"><ele>475.5</ele></trkpt>
      <trkpt lat="49.219466" lon="18.646022"><ele>475.6</ele></trkpt>
      <trkpt lat="49.219453" lon="18.645970"><ele>475.7</ele></trkpt>
      <trkpt lat="49.219434" lon="18.645909"><ele>475.8</ele></trkpt>
      <trkpt lat="49.219424" lon="18.645853"><ele>476.0</ele></trkpt>
      <trkpt lat="49.219421" lon="18.645790"><ele>476.1</ele></trkpt>
      <trkpt lat="49.219424" lon="18.645720"><ele>476.3</ele></trkpt>
      <trkpt lat="49.219430" lon="18.645653"><ele>476.6</ele></trkpt>
      <trkpt lat="49.219437" lon="18.645595"><ele>476.9</ele></trkpt>
      <trkpt lat="49.219430" lon="18.645522"><ele>477.3</ele></trkpt>
      <trkpt lat="49.219402" lon="18.645480"><ele>477.7</ele></trkpt>
      <trkpt lat="49.219395" lon="18.645438"><ele>478.1</ele></trkpt>
      <trkpt lat="49.219395" lon="18.645389"><ele>478.5</ele></trkpt>
      <trkpt lat="49.219398" lon="18.645362"><ele>478.7</ele></trkpt>
      <trkpt lat="49.219414" lon="18.645326"><ele>479.1</ele></trkpt>
      <trkpt lat="49.219392" lon="18.645267"><ele>479.6</ele></trkpt>
      <trkpt lat="49.219386" lon="18.645240"><ele>479.9</ele></trkpt>
      <trkpt lat="49.219392" lon="18.645206"><ele>480.2</ele></trkpt>
      <trkpt lat="49.219398" lon="18.645166"><ele>480.5</ele></trkpt>
      <trkpt lat="49.219376" lon="18.645098"><ele>481.1</ele></trkpt>
      <trkpt lat="49.219344" lon="18.645030"><ele>481.7</ele></trkpt>
      <trkpt lat="49.219322" lon="18.644998"><ele>482.0</ele></trkpt>
      <trkpt lat="49.219331" lon="18.644947"><ele>482.3</ele></trkpt>
      <trkpt lat="49.219357" lon="18.644894"><ele>482.7</ele></trkpt>
      <trkpt lat="49.219382" lon="18.644907"><ele>483.0</ele></trkpt>
      <trkpt lat="49.219402" lon="18.644886"><ele>483.2</ele></trkpt>
      <trkpt lat="49.219424" lon="18.644870"><ele>483.4</ele></trkpt>
      <trkpt lat="49.219450" lon="18.644840"><ele>483.8</ele></trkpt>
      <trkpt lat="49.219462" lon="18.644813"><ele>484.0</ele></trkpt>
      <trkpt lat="49.219478" lon="18.644786"><ele>484.2</ele></trkpt>
      <trkpt lat="49.219482" lon="18.644741"><ele>484.5</ele></trkpt>
      <trkpt lat="49.219475" lon="18.644701"><ele>484.8</ele></trkpt>
      <trkpt lat="49.219485" lon="18.644661"><ele>485.1</ele></trkpt>
      <trkpt lat="49.219491" lon="18.644611"><ele>485.5</ele></trkpt>
      <trkpt lat="49.219494" lon="18.644562"><ele>485.8</ele></trkpt>
      <trkpt lat="49.219504" lon="18.644534"><ele>486.0</ele></trkpt>
      <trkpt lat="49.219517" lon="18.644514"><ele>486.2</ele></trkpt>
      <trkpt lat="49.219533" lon="18.644499"><ele>486.4</ele></trkpt>
      <trkpt lat="49.219542" lon="18.644472"><ele>486.6</ele></trkpt>
      <trkpt lat="49.219552" lon="18.644445"><ele>486.8</ele></trkpt>
      <trkpt lat="49.219555" lon="18.644414"><ele>487.0</ele></trkpt>
      <trkpt lat="49.219552" lon="18.644382"><ele>487.2</ele></trkpt>
      <trkpt lat="49.219539" lon="18.644341"><ele>487.4</ele></trkpt>
      <trkpt lat="49.219542" lon="18.644301"><ele>487.5</ele></trkpt>
      <trkpt lat="49.219549" lon="18.644261"><ele>487.7</ele></trkpt>
      <trkpt lat="49.219549" lon="18.644216"><ele>487.8</ele></trkpt>
      <trkpt lat="49.219555" lon="18.644178"><ele>488.0</ele></trkpt>
      <trkpt lat="49.219558" lon="18.644142"><ele>488.1</ele></trkpt>
      <trkpt lat="49.219558" lon="18.644107"><ele>488.2</ele></trkpt>
      <trkpt lat="49.219558" lon="18.644074"><ele>488.3</ele></trkpt>
      <trkpt lat="49.219562" lon="18.644045"><ele>488.4</ele></trkpt>
      <trkpt lat="49.219578" lon="18.644016"><ele>488.5</ele></trkpt>
      <trkpt lat="49.219581" lon="18.643973"><ele>488.6</ele></trkpt>
      <trkpt lat="49.219578" lon="18.643890"><ele>488.8</ele></trkpt>
      <trkpt lat="49.219571" lon="18.643810"><ele>488.9</ele></trkpt>
      <trkpt lat="49.219581" lon="18.643736"><ele>488.9</ele></trkpt>
      <trkpt lat="49.219584" lon="18.643683"><ele>488.9</ele></trkpt>
      <trkpt lat="49.219581" lon="18.643616"><ele>488.8</ele></trkpt>
      <trkpt lat="49.219578" lon="18.643549"><ele>488.8</ele></trkpt>
      <trkpt lat="49.219578" lon="18.643496"><ele>488.8</ele></trkpt>
      <trkpt lat="49.219549" lon="18.643440"><ele>488.6</ele></trkpt>
      <trkpt lat="49.219504" lon="18.643389"><ele>488.3</ele></trkpt>
      <trkpt lat="49.219475" lon="18.643341"><ele>488.1</ele></trkpt>
      <trkpt lat="49.219453" lon="18.643288"><ele>487.8</ele></trkpt>
      <trkpt lat="49.219459" lon="18.643256"><ele>487.6</ele></trkpt>
      <trkpt lat="49.219456" lon="18.643222"><ele>487.5</ele></trkpt>
      <trkpt lat="49.219443" lon="18.643194"><ele>487.3</ele></trkpt>
      <trkpt lat="49.219434" lon="18.643160"><ele>487.1</ele></trkpt>
      <trkpt lat="49.219430" lon="18.643130"><ele>487.0</ele></trkpt>
      <trkpt lat="49.219430" lon="18.643083"><ele>486.8</ele></trkpt>
      <trkpt lat="49.219424" lon="18.643053"><ele>486.7</ele></trkpt>
      <trkpt lat="49.219414" lon="18.643022"><ele>486.5</ele></trkpt>
      <trkpt lat="49.219405" lon="18.642992"><ele>486.4</ele></trkpt>
      <trkpt lat="49.219398" lon="18.642962"><ele>486.2</ele></trkpt>
      <trkpt lat="49.219386" lon="18.642918"><ele>486.0</ele></trkpt>
      <trkpt lat="49.219344" lon="18.642869"><ele>485.7</ele></trkpt>
      <trkpt lat="49.219322" lon="18.642824"><ele>485.4</ele></trkpt>
      <trkpt lat="49.219283" lon="18.642787"><ele>485.1</ele></trkpt>
      <trkpt lat="49.219261" lon="18.642755"><ele>484.9</ele></trkpt>
      <trkpt lat="49.219235" lon="18.642696"><ele>484.6</ele></trkpt>
      <trkpt lat="49.219226" lon="18.642654"><ele>484.3</ele></trkpt>
      <trkpt lat="49.219219" lon="18.642608"><ele>484.1</ele></trkpt>
      <trkpt lat="49.219216" lon="18.642563"><ele>483.9</ele></trkpt>
      <trkpt lat="49.219184" lon="18.642514"><ele>483.6</ele></trkpt>
      <trkpt lat="49.219146" lon="18.642472"><ele>483.2</ele></trkpt>
      <trkpt lat="49.219120" lon="18.642454"><ele>483.1</ele></trkpt>
      <trkpt lat="49.219098" lon="18.642448"><ele>483.0</ele></trkpt>
      <trkpt lat="49.219053" lon="18.642413"><ele>482.8</ele></trkpt>
      <trkpt lat="49.219014" lon="18.642378"><ele>482.8</ele></trkpt>
      <trkpt lat="49.218982" lon="18.642339"><ele>482.8</ele></trkpt>
      <trkpt lat="49.218973" lon="18.642293"><ele>482.8</ele></trkpt>
      <trkpt lat="49.218966" lon="18.642243"><ele>482.8</ele></trkpt>
      <trkpt lat="49.218963" lon="18.642200"><ele>482.8</ele></trkpt>
      <trkpt lat="49.218982" lon="18.642160"><ele>482.9</ele></trkpt>
      <trkpt lat="49.218998" lon="18.642128"><ele>482.9</ele></trkpt>
      <trkpt lat="49.219002" lon="18.642090"><ele>482.9</ele></trkpt>
      <trkpt lat="49.218995" lon="18.642038"><ele>483.0</ele></trkpt>
      <trkpt lat="49.218989" lon="18.641998"><ele>483.0</ele></trkpt>
      <trkpt lat="49.218989" lon="18.641958"><ele>483.0</ele></trkpt>
      <trkpt lat="49.218986" lon="18.641922"><ele>483.1</ele></trkpt>
      <trkpt lat="49.219002" lon="18.641893"><ele>483.1</ele></trkpt>
      <trkpt lat="49.219037" lon="18.641901"><ele>483.1</ele></trkpt>
      <trkpt lat="49.219056" lon="18.641883"><ele>483.1</ele></trkpt>
      <trkpt lat="49.219085" lon="18.641864"><ele>483.1</ele></trkpt>
      <trkpt lat="49.219107" lon="18.641853"><ele>483.1</ele></trkpt>
      <trkpt lat="49.219139" lon="18.641838"><ele>483.0</ele></trkpt>
      <trkpt lat="49.219155" lon="18.641813"><ele>483.0</ele></trkpt>
      <trkpt lat="49.219162" lon="18.641782"><ele>483.0</ele></trkpt>
      <trkpt lat="49.219165" lon="18.641754"><ele>483.0</ele></trkpt>
      <trkpt lat="49.219178" lon="18.641714"><ele>483.0</ele></trkpt>
      <trkpt lat="49.219194" lon="18.641682"><ele>483.0</ele></trkpt>
      <trkpt lat="49.219194" lon="18.641653"><ele>483.0</ele></trkpt>
      <trkpt lat="49.219200" lon="18.641624"><ele>482.9</ele></trkpt>
      <trkpt lat="49.219222" lon="18.641579"><ele>482.9</ele></trkpt>
      <trkpt lat="49.219226" lon="18.641550"><ele>482.8</ele></trkpt>
      <trkpt lat="49.219222" lon="18.641510"><ele>482.8</ele></trkpt>
      <trkpt lat="49.219213" lon="18.641462"><ele>482.7</ele></trkpt>
      <trkpt lat="49.219197" lon="18.641406"><ele>482.6</ele></trkpt>
      <trkpt lat="49.219200" lon="18.641326"><ele>482.4</ele></trkpt>
      <trkpt lat="49.219194" lon="18.641283"><ele>482.2</ele></trkpt>
      <trkpt lat="49.219187" lon="18.641243"><ele>482.1</ele></trkpt>
      <trkpt lat="49.219206" lon="18.641211"><ele>481.9</ele></trkpt>
      <trkpt lat="49.219187" lon="18.641173"><ele>481.7</ele></trkpt>
      <trkpt lat="49.219162" lon="18.641125"><ele>481.4</ele></trkpt>
      <trkpt lat="49.219155" lon="18.641067"><ele>481.1</ele></trkpt>
      <trkpt lat="49.219139" lon="18.641026"><ele>480.8</ele></trkpt>
      <trkpt lat="49.219126" lon="18.640998"><ele>480.6</ele></trkpt>
      <trkpt lat="49.219107" lon="18.640984"><ele>480.4</ele></trkpt>
      <trkpt lat="49.219094" lon="18.640955"><ele>480.2</ele></trkpt>
      <trkpt lat="49.219098" lon="18.640904"><ele>480.0</ele></trkpt>
      <trkpt lat="49.219082" lon="18.640890"><ele>479.9</ele></trkpt>
      <trkpt lat="49.219066" lon="18.640850"><ele>479.7</ele></trkpt>
      <trkpt lat="49.219053" lon="18.640805"><ele>479.5</ele></trkpt>
      <trkpt lat="49.219040" lon="18.640774"><ele>479.3</ele></trkpt>
      <trkpt lat="49.219027" lon="18.640741"><ele>479.2</ele></trkpt>
      <trkpt lat="49.219014" lon="18.640701"><ele>479.1</ele></trkpt>
      <trkpt lat="49.219002" lon="18.640667"><ele>479.0</ele></trkpt>
      <trkpt lat="49.218986" lon="18.640632"><ele>478.9</ele></trkpt>
      <trkpt lat="49.218966" lon="18.640598"><ele>478.8</ele></trkpt>
      <trkpt lat="49.218954" lon="18.640568"><ele>478.8</ele></trkpt>
      <trkpt lat="49.218941" lon="18.640528"><ele>478.7</ele></trkpt>
      <trkpt lat="49.218934" lon="18.640498"><ele>478.7</ele></trkpt>
      <trkpt lat="49.218938" lon="18.640440"><ele>478.7</ele></trkpt>
      <trkpt lat="49.218944" lon="18.640406"><ele>478.7</ele></trkpt>
      <trkpt lat="49.218928" lon="18.640350"><ele>478.7</ele></trkpt>
      <trkpt lat="49.218941" lon="18.640304"><ele>478.8</ele></trkpt>
      <trkpt lat="49.218954" lon="18.640259"><ele>478.9</ele></trkpt>
      <trkpt lat="49.218947" lon="18.640205"><ele>478.9</ele></trkpt>
      <trkpt lat="49.218947" lon="18.640149"><ele>479.0</ele></trkpt>
      <trkpt lat="49.218954" lon="18.640077"><ele>479.1</ele></trkpt>
      <trkpt lat="49.218954" lon="18.640024"><ele>479.2</ele></trkpt>
      <trkpt lat="49.218960" lon="18.639984"><ele>479.2</ele></trkpt>
      <trkpt lat="49.218966" lon="18.639930"><ele>479.2</ele></trkpt>
      <trkpt lat="49.218960" lon="18.639862"><ele>479.2</ele></trkpt>
      <trkpt lat="49.218960" lon="18.639798"><ele>479.2</ele></trkpt>
      <trkpt lat="49.218976" lon="18.639758"><ele>479.2</ele></trkpt>
      <trkpt lat="49.218989" lon="18.639731"><ele>479.1</ele></trkpt>
      <trkpt lat="49.218986" lon="18.639702"><ele>479.1</ele></trkpt>
      <trkpt lat="49.218982" lon="18.639632"><ele>479.1</ele></trkpt>
      <trkpt lat="49.218976" lon="18.639579"><ele>479.0</ele></trkpt>
      <trkpt lat="49.218960" lon="18.639514"><ele>479.0</ele></trkpt>
      <trkpt lat="49.218963" lon="18.639470"><ele>479.0</ele></trkpt>
      <trkpt lat="49.218979" lon="18.639427"><ele>479.0</ele></trkpt>
      <trkpt lat="49.218973" lon="18.639400"><ele>479.0</ele></trkpt>
      <trkpt lat="49.218986" lon="18.639355"><ele>479.0</ele></trkpt>
      <trkpt lat="49.219002" lon="18.639330"><ele>479.1</ele></trkpt>
      <trkpt lat="49.219005" lon="18.639286"><ele>479.1</ele></trkpt>
      <trkpt lat="49.219018" lon="18.639262"><ele>479.1</ele></trkpt>
      <trkpt lat="49.219043" lon="18.639232"><ele>479.1</ele></trkpt>
      <trkpt lat="49.219062" lon="18.639208"><ele>479.1</ele></trkpt>
      <trkpt lat="49.219082" lon="18.639186"><ele>479.1</ele></trkpt>
      <trkpt lat="49.219098" lon="18.639158"><ele>479.1</ele></trkpt>
      <trkpt lat="49.219114" lon="18.639138"><ele>479.1</ele></trkpt>
      <trkpt lat="49.219133" lon="18.639117"><ele>479.1</ele></trkpt>
      <trkpt lat="49.219158" lon="18.639067"><ele>479.1</ele></trkpt>
      <trkpt lat="49.219174" lon="18.639037"><ele>479.1</ele></trkpt>
      <trkpt lat="49.219187" lon="18.638971"><ele>479.1</ele></trkpt>
      <trkpt lat="49.219200" lon="18.638931"><ele>479.0</ele></trkpt>
      <trkpt lat="49.219216" lon="18.638874"><ele>478.9</ele></trkpt>
      <trkpt lat="49.219232" lon="18.638830"><ele>478.8</ele></trkpt>
      <trkpt lat="49.219238" lon="18.638779"><ele>478.6</ele></trkpt>
      <trkpt lat="49.219232" lon="18.638725"><ele>478.4</ele></trkpt>
      <trkpt lat="49.219235" lon="18.638651"><ele>478.2</ele></trkpt>
      <trkpt lat="49.219219" lon="18.638597"><ele>478.1</ele></trkpt>
      <trkpt lat="49.219197" lon="18.638531"><ele>477.9</ele></trkpt>
      <trkpt lat="49.219184" lon="18.638467"><ele>477.9</ele></trkpt>
      <trkpt lat="49.219194" lon="18.638422"><ele>477.8</ele></trkpt>
      <trkpt lat="49.219197" lon="18.638373"><ele>477.8</ele></trkpt>
      <trkpt lat="49.219213" lon="18.638322"><ele>477.8</ele></trkpt>
      <trkpt lat="49.219226" lon="18.638282"><ele>477.8</ele></trkpt>
      <trkpt lat="49.219238" lon="18.638245"><ele>477.8</ele></trkpt>
      <trkpt lat="49.219245" lon="18.638198"><ele>477.8</ele></trkpt>
      <trkpt lat="49.219245" lon="18.638136"><ele>477.8</ele></trkpt>
      <trkpt lat="49.219235" lon="18.638078"><ele>477.9</ele></trkpt>
      <trkpt lat="49.219264" lon="18.638043"><ele>477.9</ele></trkpt>
      <trkpt lat="49.219274" lon="18.638018"><ele>477.9</ele></trkpt>
      <trkpt lat="49.219283" lon="18.637976"><ele>477.9</ele></trkpt>
      <trkpt lat="49.219264" lon="18.637958"><ele>477.9</ele></trkpt>
      <trkpt lat="49.219238" lon="18.637938"><ele>477.8</ele></trkpt>
      <trkpt lat="49.219219" lon="18.637910"><ele>477.8</ele></trkpt>
      <trkpt lat="49.219197" lon="18.637890"><ele>477.7</ele></trkpt>
      <trkpt lat="49.219187" lon="18.637826"><ele>477.6</ele></trkpt>
      <trkpt lat="49.219187" lon="18.637790"><ele>477.5</ele></trkpt>
      <trkpt lat="49.219194" lon="18.637758"><ele>477.4</ele></trkpt>
      <trkpt lat="49.219200" lon="18.637717"><ele>477.3</ele></trkpt>
      <trkpt lat="49.219197" lon="18.637670"><ele>477.3</ele></trkpt>
      <trkpt lat="49.219194" lon="18.637613"><ele>477.2</ele></trkpt>
      <trkpt lat="49.219194" lon="18.637554"><ele>477.1</ele></trkpt>
      <trkpt lat="49.219197" lon="18.637510"><ele>477.1</ele></trkpt>
      <trkpt lat="49.219203" lon="18.637458"><ele>477.1</ele></trkpt>
      <trkpt lat="49.219213" lon="18.637405"><ele>477.1</ele></trkpt>
      <trkpt lat="49.219216" lon="18.637334"><ele>477.1</ele></trkpt>
      <trkpt lat="49.219238" lon="18.637285"><ele>477.0</ele></trkpt>
      <trkpt lat="49.219251" lon="18.637200"><ele>477.0</ele></trkpt>
      <trkpt lat="49.219258" lon="18.637144"><ele>476.9</ele></trkpt>
      <trkpt lat="49.219277" lon="18.637080"><ele>476.9</ele></trkpt>
      <trkpt lat="49.219306" lon="18.637042"><ele>476.8</ele></trkpt>
      <trkpt lat="49.219318" lon="18.636995"><ele>476.8</ele></trkpt>
      <trkpt lat="49.219334" lon="18.636944"><ele>476.8</ele></trkpt>
      <trkpt lat="49.219344" lon="18.636904"><ele>476.8</ele></trkpt>
      <trkpt lat="49.219379" lon="18.636877"><ele>476.8</ele></trkpt>
      <trkpt lat="49.219386" lon="18.636832"><ele>476.9</ele></trkpt>
      <trkpt lat="49.219386" lon="18.636787"><ele>477.0</ele></trkpt>
      <trkpt lat="49.219398" lon="18.636749"><ele>477.0</ele></trkpt>
      <trkpt lat="49.219430" lon="18.636698"><ele>477.2</ele></trkpt>
      <trkpt lat="49.219434" lon="18.636605"><ele>477.5</ele></trkpt>
      <trkpt lat="49.219450" lon="18.636546"><ele>477.7</ele></trkpt>
      <trkpt lat="49.219453" lon="18.636510"><ele>477.8</ele></trkpt>
      <trkpt lat="49.219453" lon="18.636472"><ele>478.0</ele></trkpt>
      <trkpt lat="49.219462" lon="18.636435"><ele>478.1</ele></trkpt>
      <trkpt lat="49.219485" lon="18.636419"><ele>478.2</ele></trkpt>
      <trkpt lat="49.219504" lon="18.636410"><ele>478.2</ele></trkpt>
      <trkpt lat="49.219530" lon="18.636406"><ele>478.3</ele></trkpt>
      <trkpt lat="49.219562" lon="18.636398"><ele>478.3</ele></trkpt>
      <trkpt lat="49.219581" lon="18.636387"><ele>478.4</ele></trkpt>
      <trkpt lat="49.219613" lon="18.636376"><ele>478.3</ele></trkpt>
      <trkpt lat="49.219635" lon="18.636366"><ele>478.3</ele></trkpt>
      <trkpt lat="49.219674" lon="18.636352"><ele>478.2</ele></trkpt>
      <trkpt lat="49.219699" lon="18.636347"><ele>478.1</ele></trkpt>
      <trkpt lat="49.219715" lon="18.636333"><ele>478.0</ele></trkpt>
      <trkpt lat="49.219738" lon="18.636326"><ele>477.9</ele></trkpt>
      <trkpt lat="49.219763" lon="18.636318"><ele>477.8</ele></trkpt>
      <trkpt lat="49.219795" lon="18.636307"><ele>477.7</ele></trkpt>
      <trkpt lat="49.219818" lon="18.636298"><ele>477.6</ele></trkpt>
      <trkpt lat="49.219853" lon="18.636278"><ele>477.4</ele></trkpt>
      <trkpt lat="49.219898" lon="18.636266"><ele>477.4</ele></trkpt>
      <trkpt lat="49.219930" lon="18.636251"><ele>477.4</ele></trkpt>
      <trkpt lat="49.219968" lon="18.636243"><ele>477.5</ele></trkpt>
      <trkpt lat="49.219997" lon="18.636237"><ele>477.7</ele></trkpt>
      <trkpt lat="49.220042" lon="18.636216"><ele>478.0</ele></trkpt>
      <trkpt lat="49.220077" lon="18.636200"><ele>478.4</ele></trkpt>
      <trkpt lat="49.220093" lon="18.636179"><ele>478.6</ele></trkpt>
      <trkpt lat="49.220134" lon="18.636157"><ele>479.1</ele></trkpt>
      <trkpt lat="49.220173" lon="18.636152"><ele>479.5</ele></trkpt>
      <trkpt lat="49.220205" lon="18.636152"><ele>479.8</ele></trkpt>
      <trkpt lat="49.220234" lon="18.636144"><ele>480.1</ele></trkpt>
      <trkpt lat="49.220285" lon="18.636141"><ele>480.5</ele></trkpt>
      <trkpt lat="49.220304" lon="18.636133"><ele>480.6</ele></trkpt>
      <trkpt lat="49.220352" lon="18.636098"><ele>480.8</ele></trkpt>
      <trkpt lat="49.220355" lon="18.636069"><ele>480.9</ele></trkpt>
      <trkpt lat="49.220336" lon="18.636075"><ele>480.9</ele></trkpt>
      <trkpt lat="49.220326" lon="18.636035"><ele>481.0</ele></trkpt>
      <trkpt lat="49.220326" lon="18.636002"><ele>481.0</ele></trkpt>
      <trkpt lat="49.220330" lon="18.635974"><ele>481.1</ele></trkpt>
      <trkpt lat="49.220330" lon="18.635933"><ele>481.1</ele></trkpt>
      <trkpt lat="49.220326" lon="18.635894"><ele>481.1</ele></trkpt>
      <trkpt lat="49.220323" lon="18.635853"><ele>481.1</ele></trkpt>
      <trkpt lat="49.220314" lon="18.635824"><ele>481.1</ele></trkpt>
      <trkpt lat="49.220310" lon="18.635790"><ele>481.1</ele></trkpt>
      <trkpt lat="49.220298" lon="18.635752"><ele>481.1</ele></trkpt>
      <trkpt lat="49.220291" lon="18.635715"><ele>481.1</ele></trkpt>
      <trkpt lat="49.220285" lon="18.635680"><ele>481.1</ele></trkpt>
      <trkpt lat="49.220269" lon="18.635648"><ele>481.0</ele></trkpt>
      <trkpt lat="49.220250" lon="18.635626"><ele>481.0</ele></trkpt>
      <trkpt lat="49.220224" lon="18.635613"><ele>480.9</ele></trkpt>
      <trkpt lat="49.220179" lon="18.635598"><ele>480.6</ele></trkpt>
      <trkpt lat="49.220154" lon="18.635586"><ele>480.4</ele></trkpt>
      <trkpt lat="49.220134" lon="18.635573"><ele>480.2</ele></trkpt>
      <trkpt lat="49.220112" lon="18.635558"><ele>479.9</ele></trkpt>
      <trkpt lat="49.220090" lon="18.635546"><ele>479.7</ele></trkpt>
      <trkpt lat="49.220058" lon="18.635525"><ele>479.3</ele></trkpt>
      <trkpt lat="49.220026" lon="18.635502"><ele>478.9</ele></trkpt>
      <trkpt lat="49.219990" lon="18.635483"><ele>478.6</ele></trkpt>
      <trkpt lat="49.219968" lon="18.635464"><ele>478.4</ele></trkpt>
      <trkpt lat="49.219939" lon="18.635442"><ele>478.1</ele></trkpt>
      <trkpt lat="49.219914" lon="18.635422"><ele>478.0</ele></trkpt>
      <trkpt lat="49.219878" lon="18.635414"><ele>477.7</ele></trkpt>
      <trkpt lat="49.219859" lon="18.635403"><ele>477.6</ele></trkpt>
      <trkpt lat="49.219840" lon="18.635398"><ele>477.5</ele></trkpt>
      <trkpt lat="49.219821" lon="18.635387"><ele>477.4</ele></trkpt>
      <trkpt lat="49.219802" lon="18.635376"><ele>477.2</ele></trkpt>
      <trkpt lat="49.219779" lon="18.635363"><ele>477.1</ele></trkpt>
      <trkpt lat="49.219750" lon="18.635354"><ele>476.9</ele></trkpt>
      <trkpt lat="49.219722" lon="18.635347"><ele>476.7</ele></trkpt>
      <trkpt lat="49.219699" lon="18.635342"><ele>476.6</ele></trkpt>
      <trkpt lat="49.219674" lon="18.635333"><ele>476.4</ele></trkpt>
      <trkpt lat="49.219638" lon="18.635320"><ele>476.2</ele></trkpt>
      <trkpt lat="49.219613" lon="18.635304"><ele>476.1</ele></trkpt>
      <trkpt lat="49.219581" lon="18.635283"><ele>476.0</ele></trkpt>
      <trkpt lat="49.219552" lon="18.635264"><ele>475.9</ele></trkpt>
      <trkpt lat="49.219530" lon="18.635245"><ele>475.9</ele></trkpt>
      <trkpt lat="49.219514" lon="18.635229"><ele>475.9</ele></trkpt>
      <trkpt lat="49.219494" lon="18.635218"><ele>475.9</ele></trkpt>
      <trkpt lat="49.219472" lon="18.635205"><ele>475.9</ele></trkpt>
      <trkpt lat="49.219450" lon="18.635187"><ele>475.9</ele></trkpt>
      <trkpt lat="49.219421" lon="18.635158"><ele>475.9</ele></trkpt>
      <trkpt lat="49.219395" lon="18.635130"><ele>476.0</ele></trkpt>
      <trkpt lat="49.219373" lon="18.635098"><ele>476.1</ele></trkpt>
      <trkpt lat="49.219344" lon="18.635061"><ele>476.1</ele></trkpt>
      <trkpt lat="49.219322" lon="18.635013"><ele>476.2</ele></trkpt>
      <trkpt lat="49.219302" lon="18.634962"><ele>476.3</ele></trkpt>
      <trkpt lat="49.219296" lon="18.634926"><ele>476.3</ele></trkpt>
      <trkpt lat="49.219286" lon="18.634891"><ele>476.4</ele></trkpt>
      <trkpt lat="49.219254" lon="18.634810"><ele>476.5</ele></trkpt>
      <trkpt lat="49.219226" lon="18.634749"><ele>476.6</ele></trkpt>
      <trkpt lat="49.219200" lon="18.634683"><ele>476.7</ele></trkpt>
      <trkpt lat="49.219174" lon="18.634598"><ele>476.8</ele></trkpt>
      <trkpt lat="49.219174" lon="18.634531"><ele>476.9</ele></trkpt>
      <trkpt lat="49.219162" lon="18.634480"><ele>477.0</ele></trkpt>
      <trkpt lat="49.219162" lon="18.634405"><ele>477.2</ele></trkpt>
      <trkpt lat="49.219158" lon="18.634334"><ele>477.3</ele></trkpt>
      <trkpt lat="49.219200" lon="18.634304"><ele>477.5</ele></trkpt>
      <trkpt lat="49.219219" lon="18.634293"><ele>477.5</ele></trkpt>
      <trkpt lat="49.219251" lon="18.634280"><ele>477.6</ele></trkpt>
      <trkpt lat="49.219274" lon="18.634267"><ele>477.7</ele></trkpt>
      <trkpt lat="49.219302" lon="18.634226"><ele>477.9</ele></trkpt>
      <trkpt lat="49.219325" lon="18.634213"><ele>478.0</ele></trkpt>
      <trkpt lat="49.219344" lon="18.634205"><ele>478.1</ele></trkpt>
      <trkpt lat="49.219363" lon="18.634194"><ele>478.2</ele></trkpt>
      <trkpt lat="49.219395" lon="18.634158"><ele>478.3</ele></trkpt>
      <trkpt lat="49.219424" lon="18.634122"><ele>478.3</ele></trkpt>
      <trkpt lat="49.219459" lon="18.634096"><ele>478.2</ele></trkpt>
      <trkpt lat="49.219478" lon="18.634077"><ele>478.1</ele></trkpt>
      <trkpt lat="49.219504" lon="18.634054"><ele>477.7</ele></trkpt>
      <trkpt lat="49.219520" lon="18.634027"><ele>477.4</ele></trkpt>
      <trkpt lat="49.219530" lon="18.633995"><ele>477.0</ele></trkpt>
      <trkpt lat="49.219542" lon="18.633973"><ele>476.7</ele></trkpt>
      <trkpt lat="49.219555" lon="18.633946"><ele>476.2</ele></trkpt>
      <trkpt lat="49.219571" lon="18.633923"><ele>475.8</ele></trkpt>
      <trkpt lat="49.219594" lon="18.633904"><ele>475.2</ele></trkpt>
      <trkpt lat="49.219616" lon="18.633883"><ele>474.7</ele></trkpt>
      <trkpt lat="49.219638" lon="18.633856"><ele>474.1</ele></trkpt>
      <trkpt lat="49.219658" lon="18.633829"><ele>473.6</ele></trkpt>
      <trkpt lat="49.219670" lon="18.633803"><ele>473.2</ele></trkpt>
      <trkpt lat="49.219680" lon="18.633776"><ele>472.8</ele></trkpt>
      <trkpt lat="49.219699" lon="18.633760"><ele>472.4</ele></trkpt>
      <trkpt lat="49.219715" lon="18.633738"><ele>472.1</ele></trkpt>
      <trkpt lat="49.219728" lon="18.633710"><ele>471.8</ele></trkpt>
      <trkpt lat="49.219738" lon="18.633685"><ele>471.5</ele></trkpt>
      <trkpt lat="49.219754" lon="18.633661"><ele>471.2</ele></trkpt>
      <trkpt lat="49.219770" lon="18.633648"><ele>470.9</ele></trkpt>
      <trkpt lat="49.219795" lon="18.633618"><ele>470.5</ele></trkpt>
      <trkpt lat="49.219821" lon="18.633605"><ele>470.2</ele></trkpt>
      <trkpt lat="49.219840" lon="18.633592"><ele>469.9</ele></trkpt>
      <trkpt lat="49.219862" lon="18.633581"><ele>469.7</ele></trkpt>
      <trkpt lat="49.219891" lon="18.633578"><ele>469.3</ele></trkpt>
      <trkpt lat="49.219914" lon="18.633573"><ele>469.1</ele></trkpt>
      <trkpt lat="49.219939" lon="18.633568"><ele>468.9</ele></trkpt>
      <trkpt lat="49.219974" lon="18.633546"><ele>468.6</ele></trkpt>
      <trkpt lat="49.219990" lon="18.633528"><ele>468.5</ele></trkpt>
      <trkpt lat="49.220013" lon="18.633510"><ele>468.3</ele></trkpt>
      <trkpt lat="49.220032" lon="18.633498"><ele>468.2</ele></trkpt>
      <trkpt lat="49.220058" lon="18.633478"><ele>468.0</ele></trkpt>
      <trkpt lat="49.220077" lon="18.633472"><ele>467.9</ele></trkpt>
      <trkpt lat="49.220096" lon="18.633467"><ele>467.8</ele></trkpt>
      <trkpt lat="49.220128" lon="18.633451"><ele>467.5</ele></trkpt>
      <trkpt lat="49.220147" lon="18.633440"><ele>467.3</ele></trkpt>
      <trkpt lat="49.220173" lon="18.633410"><ele>466.9</ele></trkpt>
      <trkpt lat="49.220195" lon="18.633381"><ele>466.5</ele></trkpt>
      <trkpt lat="49.220218" lon="18.633350"><ele>466.0</ele></trkpt>
      <trkpt lat="49.220237" lon="18.633314"><ele>465.5</ele></trkpt>
      <trkpt lat="49.220259" lon="18.633267"><ele>464.8</ele></trkpt>
      <trkpt lat="49.220285" lon="18.633226"><ele>464.0</ele></trkpt>
      <trkpt lat="49.220310" lon="18.633179"><ele>463.2</ele></trkpt>
      <trkpt lat="49.220330" lon="18.633134"><ele>462.4</ele></trkpt>
      <trkpt lat="49.220339" lon="18.633072"><ele>461.4</ele></trkpt>
      <trkpt lat="49.220346" lon="18.633021"><ele>460.5</ele></trkpt>
      <trkpt lat="49.220336" lon="18.632971"><ele>459.5</ele></trkpt>
      <trkpt lat="49.220336" lon="18.632914"><ele>458.4</ele></trkpt>
      <trkpt lat="49.220349" lon="18.632866"><ele>457.4</ele></trkpt>
      <trkpt lat="49.220358" lon="18.632813"><ele>456.3</ele></trkpt>
      <trkpt lat="49.220368" lon="18.632773"><ele>455.4</ele></trkpt>
      <trkpt lat="49.220365" lon="18.632731"><ele>454.5</ele></trkpt>
      <trkpt lat="49.220368" lon="18.632678"><ele>453.5</ele></trkpt>
      <trkpt lat="49.220358" lon="18.632648"><ele>452.9</ele></trkpt>
      <trkpt lat="49.220371" lon="18.632600"><ele>452.0</ele></trkpt>
      <trkpt lat="49.220374" lon="18.632568"><ele>451.4</ele></trkpt>
      <trkpt lat="49.220387" lon="18.632518"><ele>450.6</ele></trkpt>
      <trkpt lat="49.220397" lon="18.632493"><ele>450.2</ele></trkpt>
      <trkpt lat="49.220410" lon="18.632466"><ele>449.8</ele></trkpt>
      <trkpt lat="49.220406" lon="18.632430"><ele>449.3</ele></trkpt>
      <trkpt lat="49.220410" lon="18.632389"><ele>448.9</ele></trkpt>
      <trkpt lat="49.220422" lon="18.632350"><ele>448.4</ele></trkpt>
      <trkpt lat="49.220429" lon="18.632301"><ele>447.9</ele></trkpt>
      <trkpt lat="49.220438" lon="18.632251"><ele>447.4</ele></trkpt>
      <trkpt lat="49.220454" lon="18.632216"><ele>447.0</ele></trkpt>
      <trkpt lat="49.220467" lon="18.632173"><ele>446.6</ele></trkpt>
      <trkpt lat="49.220483" lon="18.632126"><ele>446.2</ele></trkpt>
      <trkpt lat="49.220506" lon="18.632099"><ele>445.9</ele></trkpt>
      <trkpt lat="49.220534" lon="18.632069"><ele>445.5</ele></trkpt>
      <trkpt lat="49.220570" lon="18.632046"><ele>445.2</ele></trkpt>
      <trkpt lat="49.220602" lon="18.632021"><ele>444.9</ele></trkpt>
      <trkpt lat="49.220621" lon="18.631994"><ele>444.8</ele></trkpt>
      <trkpt lat="49.220634" lon="18.631968"><ele>444.7</ele></trkpt>
      <trkpt lat="49.220666" lon="18.631957"><ele>444.6</ele></trkpt>
      <trkpt lat="49.220682" lon="18.631931"><ele>444.6</ele></trkpt>
      <trkpt lat="49.220704" lon="18.631902"><ele>444.6</ele></trkpt>
      <trkpt lat="49.220736" lon="18.631848"><ele>444.6</ele></trkpt>
      <trkpt lat="49.220755" lon="18.631824"><ele>444.7</ele></trkpt>
      <trkpt lat="49.220774" lon="18.631800"><ele>444.7</ele></trkpt>
      <trkpt lat="49.220800" lon="18.631779"><ele>444.8</ele></trkpt>
      <trkpt lat="49.220816" lon="18.631755"><ele>444.9</ele></trkpt>
      <trkpt lat="49.220832" lon="18.631736"><ele>444.9</ele></trkpt>
      <trkpt lat="49.220854" lon="18.631718"><ele>445.0</ele></trkpt>
      <trkpt lat="49.220874" lon="18.631691"><ele>445.1</ele></trkpt>
      <trkpt lat="49.220893" lon="18.631656"><ele>445.2</ele></trkpt>
      <trkpt lat="49.220909" lon="18.631626"><ele>445.3</ele></trkpt>
      <trkpt lat="49.220928" lon="18.631597"><ele>445.4</ele></trkpt>
      <trkpt lat="49.220934" lon="18.631566"><ele>445.5</ele></trkpt>
      <trkpt lat="49.220950" lon="18.631542"><ele>445.5</ele></trkpt>
      <trkpt lat="49.220954" lon="18.631515"><ele>445.6</ele></trkpt>
      <trkpt lat="49.220954" lon="18.631485"><ele>445.6</ele></trkpt>
      <trkpt lat="49.220950" lon="18.631453"><ele>445.7</ele></trkpt>
      <trkpt lat="49.220947" lon="18.631426"><ele>445.7</ele></trkpt>
      <trkpt lat="49.220947" lon="18.631386"><ele>445.6</ele></trkpt>
      <trkpt lat="49.220954" lon="18.631358"><ele>445.6</ele></trkpt>
      <trkpt lat="49.220954" lon="18.631322"><ele>445.6</ele></trkpt>
      <trkpt lat="49.220950" lon="18.631282"><ele>445.5</ele></trkpt>
      <trkpt lat="49.220950" lon="18.631248"><ele>445.4</ele></trkpt>
      <trkpt lat="49.220950" lon="18.631208"><ele>445.2</ele></trkpt>
      <trkpt lat="49.220944" lon="18.631165"><ele>445.1</ele></trkpt>
      <trkpt lat="49.220947" lon="18.631128"><ele>444.9</ele></trkpt>
      <trkpt lat="49.220954" lon="18.631086"><ele>444.6</ele></trkpt>
      <trkpt lat="49.220970" lon="18.631056"><ele>444.4</ele></trkpt>
      <trkpt lat="49.220982" lon="18.631027"><ele>444.2</ele></trkpt>
      <trkpt lat="49.220986" lon="18.630989"><ele>443.9</ele></trkpt>
      <trkpt lat="49.220989" lon="18.630947"><ele>443.6</ele></trkpt>
      <trkpt lat="49.221002" lon="18.630909"><ele>443.3</ele></trkpt>
      <trkpt lat="49.221008" lon="18.630870"><ele>443.0</ele></trkpt>
      <trkpt lat="49.221014" lon="18.630826"><ele>442.6</ele></trkpt>
      <trkpt lat="49.221024" lon="18.630781"><ele>442.3</ele></trkpt>
      <trkpt lat="49.221027" lon="18.630752"><ele>442.0</ele></trkpt>
      <trkpt lat="49.221034" lon="18.630715"><ele>441.7</ele></trkpt>
      <trkpt lat="49.221027" lon="18.630669"><ele>441.3</ele></trkpt>
      <trkpt lat="49.221030" lon="18.630624"><ele>440.9</ele></trkpt>
      <trkpt lat="49.221043" lon="18.630581"><ele>440.4</ele></trkpt>
      <trkpt lat="49.221046" lon="18.630534"><ele>440.0</ele></trkpt>
      <trkpt lat="49.221046" lon="18.630483"><ele>439.5</ele></trkpt>
      <trkpt lat="49.221050" lon="18.630445"><ele>439.1</ele></trkpt>
      <trkpt lat="49.221062" lon="18.630408"><ele>438.7</ele></trkpt>
      <trkpt lat="49.221072" lon="18.630368"><ele>438.3</ele></trkpt>
      <trkpt lat="49.221088" lon="18.630325"><ele>437.7</ele></trkpt>
      <trkpt lat="49.221104" lon="18.630285"><ele>437.2</ele></trkpt>
      <trkpt lat="49.221123" lon="18.630246"><ele>436.7</ele></trkpt>
      <trkpt lat="49.221142" lon="18.630203"><ele>436.2</ele></trkpt>
      <trkpt lat="49.221162" lon="18.630157"><ele>435.5</ele></trkpt>
      <trkpt lat="49.221171" lon="18.630117"><ele>435.1</ele></trkpt>
      <trkpt lat="49.221190" lon="18.630082"><ele>434.6</ele></trkpt>
      <trkpt lat="49.221219" lon="18.630040"><ele>433.9</ele></trkpt>
      <trkpt lat="49.221242" lon="18.629990"><ele>433.3</ele></trkpt>
      <trkpt lat="49.221251" lon="18.629928"><ele>432.7</ele></trkpt>
      <trkpt lat="49.221267" lon="18.629886"><ele>432.3</ele></trkpt>
      <trkpt lat="49.221283" lon="18.629845"><ele>431.8</ele></trkpt>
      <trkpt lat="49.221299" lon="18.629814"><ele>431.5</ele></trkpt>
      <trkpt lat="49.221325" lon="18.629768"><ele>430.9</ele></trkpt>
      <trkpt lat="49.221344" lon="18.629734"><ele>430.6</ele></trkpt>
      <trkpt lat="49.221366" lon="18.629698"><ele>430.2</ele></trkpt>
      <trkpt lat="49.221386" lon="18.629666"><ele>429.8</ele></trkpt>
      <trkpt lat="49.221405" lon="18.629630"><ele>429.5</ele></trkpt>
      <trkpt lat="49.221421" lon="18.629595"><ele>429.1</ele></trkpt>
      <trkpt lat="49.221430" lon="18.629550"><ele>428.8</ele></trkpt>
      <trkpt lat="49.221443" lon="18.629506"><ele>428.4</ele></trkpt>
      <trkpt lat="49.221446" lon="18.629458"><ele>428.1</ele></trkpt>
      <trkpt lat="49.221450" lon="18.629416"><ele>427.8</ele></trkpt>
      <trkpt lat="49.221450" lon="18.629368"><ele>427.4</ele></trkpt>
      <trkpt lat="49.221450" lon="18.629317"><ele>427.1</ele></trkpt>
      <trkpt lat="49.221450" lon="18.629269"><ele>426.7</ele></trkpt>
      <trkpt lat="49.221443" lon="18.629213"><ele>426.3</ele></trkpt>
      <trkpt lat="49.221443" lon="18.629168"><ele>426.0</ele></trkpt>
      <trkpt lat="49.221440" lon="18.629122"><ele>425.6</ele></trkpt>
      <trkpt lat="49.221440" lon="18.629074"><ele>425.3</ele></trkpt>
      <trkpt lat="49.221443" lon="18.629022"><ele>424.9</ele></trkpt>
      <trkpt lat="49.221440" lon="18.628973"><ele>424.6</ele></trkpt>
      <trkpt lat="49.221440" lon="18.628925"><ele>424.2</ele></trkpt>
      <trkpt lat="49.221443" lon="18.628880"><ele>423.9</ele></trkpt>
      <trkpt lat="49.221443" lon="18.628832"><ele>423.6</ele></trkpt>
      <trkpt lat="49.221446" lon="18.628784"><ele>423.3</ele></trkpt>
      <trkpt lat="49.221456" lon="18.628741"><ele>423.0</ele></trkpt>
      <trkpt lat="49.221459" lon="18.628693"><ele>422.7</ele></trkpt>
      <trkpt lat="49.221466" lon="18.628654"><ele>422.4</ele></trkpt>
      <trkpt lat="49.221478" lon="18.628608"><ele>422.1</ele></trkpt>
      <trkpt lat="49.221485" lon="18.628565"><ele>421.9</ele></trkpt>
      <trkpt lat="49.221491" lon="18.628515"><ele>421.6</ele></trkpt>
      <trkpt lat="49.221507" lon="18.628477"><ele>421.4</ele></trkpt>
      <trkpt lat="49.221523" lon="18.628448"><ele>421.2</ele></trkpt>
      <trkpt lat="49.221536" lon="18.628419"><ele>421.0</ele></trkpt>
      <trkpt lat="49.221542" lon="18.628386"><ele>420.8</ele></trkpt>
      <trkpt lat="49.221549" lon="18.628354"><ele>420.6</ele></trkpt>
      <trkpt lat="49.221555" lon="18.628320"><ele>420.4</ele></trkpt>
      <trkpt lat="49.221555" lon="18.628275"><ele>420.2</ele></trkpt>
      <trkpt lat="49.221555" lon="18.628229"><ele>419.9</ele></trkpt>
      <trkpt lat="49.221555" lon="18.628178"><ele>419.7</ele></trkpt>
      <trkpt lat="49.221549" lon="18.628125"><ele>419.4</ele></trkpt>
      <trkpt lat="49.221549" lon="18.628070"><ele>419.1</ele></trkpt>
      <trkpt lat="49.221542" lon="18.628016"><ele>418.9</ele></trkpt>
      <trkpt lat="49.221542" lon="18.627952"><ele>418.6</ele></trkpt>
      <trkpt lat="49.221539" lon="18.627907"><ele>418.4</ele></trkpt>
      <trkpt lat="49.221539" lon="18.627861"><ele>418.2</ele></trkpt>
      <trkpt lat="49.221539" lon="18.627798"><ele>417.9</ele></trkpt>
      <trkpt lat="49.221542" lon="18.627754"><ele>417.7</ele></trkpt>
      <trkpt lat="49.221546" lon="18.627702"><ele>417.4</ele></trkpt>
      <trkpt lat="49.221555" lon="18.627654"><ele>417.2</ele></trkpt>
      <trkpt lat="49.221562" lon="18.627610"><ele>417.0</ele></trkpt>
      <trkpt lat="49.221565" lon="18.627563"><ele>416.8</ele></trkpt>
      <trkpt lat="49.221574" lon="18.627515"><ele>416.6</ele></trkpt>
      <trkpt lat="49.221581" lon="18.627464"><ele>416.4</ele></trkpt>
      <trkpt lat="49.221587" lon="18.627422"><ele>416.2</ele></trkpt>
      <trkpt lat="49.221603" lon="18.627376"><ele>416.0</ele></trkpt>
      <trkpt lat="49.221619" lon="18.627323"><ele>415.7</ele></trkpt>
      <trkpt lat="49.221629" lon="18.627286"><ele>415.5</ele></trkpt>
      <trkpt lat="49.221645" lon="18.627243"><ele>415.3</ele></trkpt>
      <trkpt lat="49.221661" lon="18.627203"><ele>415.1</ele></trkpt>
      <trkpt lat="49.221683" lon="18.627165"><ele>414.8</ele></trkpt>
      <trkpt lat="49.221699" lon="18.627141"><ele>414.6</ele></trkpt>
      <trkpt lat="49.221722" lon="18.627117"><ele>414.4</ele></trkpt>
      <trkpt lat="49.221747" lon="18.627094"><ele>414.1</ele></trkpt>
      <trkpt lat="49.221779" lon="18.627066"><ele>413.7</ele></trkpt>
      <trkpt lat="49.221795" lon="18.627046"><ele>413.4</ele></trkpt>
      <trkpt lat="49.221824" lon="18.627024"><ele>413.0</ele></trkpt>
      <trkpt lat="49.221856" lon="18.627002"><ele>412.5</ele></trkpt>
      <trkpt lat="49.221888" lon="18.626987"><ele>412.1</ele></trkpt>
      <trkpt lat="49.221933" lon="18.626979"><ele>411.4</ele></trkpt>
      <trkpt lat="49.221974" lon="18.626968"><ele>410.8</ele></trkpt>
      <trkpt lat="49.222013" lon="18.626957"><ele>410.2</ele></trkpt>
      <trkpt lat="49.222054" lon="18.626946"><ele>409.6</ele></trkpt>
      <trkpt lat="49.222086" lon="18.626923"><ele>409.1</ele></trkpt>
      <trkpt lat="49.222122" lon="18.626898"><ele>408.6</ele></trkpt>
      <trkpt lat="49.222154" lon="18.626877"><ele>408.2</ele></trkpt>
      <trkpt lat="49.222182" lon="18.626858"><ele>407.8</ele></trkpt>
      <trkpt lat="49.222211" lon="18.626838"><ele>407.4</ele></trkpt>
      <trkpt lat="49.222237" lon="18.626816"><ele>407.1</ele></trkpt>
      <trkpt lat="49.222272" lon="18.626797"><ele>406.8</ele></trkpt>
      <trkpt lat="49.222301" lon="18.626778"><ele>406.5</ele></trkpt>
      <trkpt lat="49.222336" lon="18.626758"><ele>406.1</ele></trkpt>
      <trkpt lat="49.222365" lon="18.626715"><ele>405.8</ele></trkpt>
      <trkpt lat="49.222397" lon="18.626685"><ele>405.5</ele></trkpt>
      <trkpt lat="49.222435" lon="18.626664"><ele>405.2</ele></trkpt>
      <trkpt lat="49.222474" lon="18.626654"><ele>405.2</ele></trkpt>
      <trkpt lat="49.222496" lon="18.626646"><ele>405.3</ele></trkpt>
      <trkpt lat="49.222522" lon="18.626627"><ele>405.3</ele></trkpt>
      <trkpt lat="49.222554" lon="18.626606"><ele>405.0</ele></trkpt>
      <trkpt lat="49.222582" lon="18.626586"><ele>404.8</ele></trkpt>
      <trkpt lat="49.222611" lon="18.626555"><ele>404.4</ele></trkpt>
      <trkpt lat="49.222637" lon="18.626523"><ele>404.1</ele></trkpt>
      <trkpt lat="49.222659" lon="18.626486"><ele>403.8</ele></trkpt>
      <trkpt lat="49.222678" lon="18.626446"><ele>403.5</ele></trkpt>
      <trkpt lat="49.222698" lon="18.626411"><ele>403.2</ele></trkpt>
      <trkpt lat="49.222710" lon="18.626373"><ele>402.9</ele></trkpt>
      <trkpt lat="49.222720" lon="18.626330"><ele>402.6</ele></trkpt>
      <trkpt lat="49.222730" lon="18.626285"><ele>402.3</ele></trkpt>
      <trkpt lat="49.222736" lon="18.626248"><ele>402.0</ele></trkpt>
      <trkpt lat="49.222739" lon="18.626203"><ele>401.5</ele></trkpt>
      <trkpt lat="49.222742" lon="18.626170"><ele>401.2</ele></trkpt>
      <trkpt lat="49.222749" lon="18.626134"><ele>400.8</ele></trkpt>
      <trkpt lat="49.222752" lon="18.626102"><ele>400.4</ele></trkpt>
      <trkpt lat="49.222768" lon="18.626053"><ele>399.8</ele></trkpt>
      <trkpt lat="49.222762" lon="18.626022"><ele>399.4</ele></trkpt>
      <trkpt lat="49.222755" lon="18.625982"><ele>398.9</ele></trkpt>
      <trkpt lat="49.222752" lon="18.625947"><ele>398.5</ele></trkpt>
      <trkpt lat="49.222749" lon="18.625910"><ele>398.1</ele></trkpt>
      <trkpt lat="49.222733" lon="18.625870"><ele>397.5</ele></trkpt>
      <trkpt lat="49.222730" lon="18.625827"><ele>397.0</ele></trkpt>
      <trkpt lat="49.222726" lon="18.625784"><ele>396.4</ele></trkpt>
      <trkpt lat="49.222710" lon="18.625741"><ele>395.8</ele></trkpt>
      <trkpt lat="49.222710" lon="18.625694"><ele>395.2</ele></trkpt>
      <trkpt lat="49.222710" lon="18.625653"><ele>394.7</ele></trkpt>
      <trkpt lat="49.222720" lon="18.625606"><ele>394.1</ele></trkpt>
      <trkpt lat="49.222720" lon="18.625563"><ele>393.6</ele></trkpt>
      <trkpt lat="49.222720" lon="18.625523"><ele>393.1</ele></trkpt>
      <trkpt lat="49.222726" lon="18.625467"><ele>392.3</ele></trkpt>
      <trkpt lat="49.222736" lon="18.625406"><ele>391.6</ele></trkpt>
      <trkpt lat="49.222739" lon="18.625374"><ele>391.2</ele></trkpt>
      <trkpt lat="49.222742" lon="18.625310"><ele>390.3</ele></trkpt>
      <trkpt lat="49.222749" lon="18.625259"><ele>389.7</ele></trkpt>
      <trkpt lat="49.222762" lon="18.625218"><ele>389.3</ele></trkpt>
      <trkpt lat="49.222758" lon="18.625170"><ele>388.8</ele></trkpt>
      <trkpt lat="49.222752" lon="18.625126"><ele>388.4</ele></trkpt>
      <trkpt lat="49.222739" lon="18.625080"><ele>388.0</ele></trkpt>
      <trkpt lat="49.222733" lon="18.625027"><ele>387.6</ele></trkpt>
      <trkpt lat="49.222726" lon="18.624981"><ele>387.3</ele></trkpt>
      <trkpt lat="49.222717" lon="18.624920"><ele>387.0</ele></trkpt>
      <trkpt lat="49.222710" lon="18.624858"><ele>386.8</ele></trkpt>
      <trkpt lat="49.222710" lon="18.624803"><ele>386.6</ele></trkpt>
      <trkpt lat="49.222698" lon="18.624723"><ele>386.3</ele></trkpt>
      <trkpt lat="49.222688" lon="18.624664"><ele>386.2</ele></trkpt>
      <trkpt lat="49.222675" lon="18.624605"><ele>386.0</ele></trkpt>
      <trkpt lat="49.222672" lon="18.624541"><ele>385.8</ele></trkpt>
      <trkpt lat="49.222650" lon="18.624491"><ele>385.5</ele></trkpt>
      <trkpt lat="49.222637" lon="18.624430"><ele>385.2</ele></trkpt>
      <trkpt lat="49.222621" lon="18.624386"><ele>384.8</ele></trkpt>
      <trkpt lat="49.222608" lon="18.624336"><ele>384.4</ele></trkpt>
      <trkpt lat="49.222637" lon="18.624331"><ele>384.0</ele></trkpt>
      <trkpt lat="49.222653" lon="18.624318"><ele>383.7</ele></trkpt>
      <trkpt lat="49.222611" lon="18.624326"><ele>383.0</ele></trkpt>
      <trkpt lat="49.222570" lon="18.624318"><ele>382.1</ele></trkpt>
      <trkpt lat="49.222554" lon="18.624304"><ele>381.7</ele></trkpt>
      <trkpt lat="49.222531" lon="18.624282"><ele>381.0</ele></trkpt>
      <trkpt lat="49.222518" lon="18.624256"><ele>380.5</ele></trkpt>
      <trkpt lat="49.222496" lon="18.624214"><ele>379.6</ele></trkpt>
      <trkpt lat="49.222483" lon="18.624189"><ele>379.0</ele></trkpt>
      <trkpt lat="49.222499" lon="18.624199"><ele>378.5</ele></trkpt>
      <trkpt lat="49.222519" lon="18.624212"><ele>377.9</ele></trkpt>
      <trkpt lat="49.222542" lon="18.624227"><ele>377.2</ele></trkpt>
      <trkpt lat="49.222531" lon="18.624206"><ele>378.6</ele></trkpt>
      <trkpt lat="49.222512" lon="18.624178"><ele>379.4</ele></trkpt>
      <trkpt lat="49.222528" lon="18.624202"><ele>380.0</ele></trkpt>
      <trkpt lat="49.222541" lon="18.624243"><ele>380.9</ele></trkpt>
      <trkpt lat="49.222563" lon="18.624267"><ele>381.6</ele></trkpt>
      <trkpt lat="49.222579" lon="18.624296"><ele>382.2</ele></trkpt>
      <trkpt lat="49.222598" lon="18.624312"><ele>382.7</ele></trkpt>
      <trkpt lat="49.222618" lon="18.624333"><ele>383.3</ele></trkpt>
      <trkpt lat="49.222634" lon="18.624355"><ele>383.7</ele></trkpt>
      <trkpt lat="49.222634" lon="18.624386"><ele>384.0</ele></trkpt>
      <trkpt lat="49.222640" lon="18.624430"><ele>384.5</ele></trkpt>
      <trkpt lat="49.222650" lon="18.624477"><ele>384.9</ele></trkpt>
      <trkpt lat="49.222659" lon="18.624512"><ele>385.2</ele></trkpt>
      <trkpt lat="49.222672" lon="18.624533"><ele>385.3</ele></trkpt>
      <trkpt lat="49.222688" lon="18.624570"><ele>385.6</ele></trkpt>
      <trkpt lat="49.222694" lon="18.624605"><ele>385.7</ele></trkpt>
      <trkpt lat="49.222701" lon="18.624642"><ele>385.9</ele></trkpt>
      <trkpt lat="49.222717" lon="18.624690"><ele>386.1</ele></trkpt>
      <trkpt lat="49.222726" lon="18.624723"><ele>386.2</ele></trkpt>
      <trkpt lat="49.222730" lon="18.624762"><ele>386.3</ele></trkpt>
      <trkpt lat="49.222736" lon="18.624795"><ele>386.4</ele></trkpt>
      <trkpt lat="49.222736" lon="18.624840"><ele>386.6</ele></trkpt>
      <trkpt lat="49.222736" lon="18.624874"><ele>386.7</ele></trkpt>
      <trkpt lat="49.222739" lon="18.624907"><ele>386.8</ele></trkpt>
      <trkpt lat="49.222739" lon="18.624941"><ele>387.0</ele></trkpt>
      <trkpt lat="49.222736" lon="18.624971"><ele>387.2</ele></trkpt>
      <trkpt lat="49.222733" lon="18.625003"><ele>387.3</ele></trkpt>
      <trkpt lat="49.222733" lon="18.625034"><ele>387.6</ele></trkpt>
      <trkpt lat="49.222739" lon="18.625078"><ele>387.9</ele></trkpt>
      <trkpt lat="49.222736" lon="18.625133"><ele>388.4</ele></trkpt>
      <trkpt lat="49.222730" lon="18.625160"><ele>388.6</ele></trkpt>
      <trkpt lat="49.222726" lon="18.625197"><ele>389.0</ele></trkpt>
      <trkpt lat="49.222720" lon="18.625237"><ele>389.5</ele></trkpt>
      <trkpt lat="49.222726" lon="18.625285"><ele>390.1</ele></trkpt>
      <trkpt lat="49.222733" lon="18.625331"><ele>390.7</ele></trkpt>
      <trkpt lat="49.222736" lon="18.625378"><ele>391.4</ele></trkpt>
      <trkpt lat="49.222736" lon="18.625419"><ele>391.9</ele></trkpt>
      <trkpt lat="49.222739" lon="18.625464"><ele>392.6</ele></trkpt>
      <trkpt lat="49.222739" lon="18.625504"><ele>393.1</ele></trkpt>
      <trkpt lat="49.222736" lon="18.625546"><ele>393.7</ele></trkpt>
      <trkpt lat="49.222733" lon="18.625582"><ele>394.2</ele></trkpt>
      <trkpt lat="49.222733" lon="18.625619"><ele>394.7</ele></trkpt>
      <trkpt lat="49.222739" lon="18.625656"><ele>395.3</ele></trkpt>
      <trkpt lat="49.222749" lon="18.625694"><ele>395.8</ele></trkpt>
      <trkpt lat="49.222749" lon="18.625726"><ele>396.3</ele></trkpt>
      <trkpt lat="49.222752" lon="18.625766"><ele>396.8</ele></trkpt>
      <trkpt lat="49.222755" lon="18.625814"><ele>397.5</ele></trkpt>
      <trkpt lat="49.222752" lon="18.625867"><ele>398.2</ele></trkpt>
      <trkpt lat="49.222739" lon="18.625925"><ele>399.0</ele></trkpt>
      <trkpt lat="49.222720" lon="18.625950"><ele>399.5</ele></trkpt>
      <trkpt lat="49.222698" lon="18.625960"><ele>399.9</ele></trkpt>
      <trkpt lat="49.222669" lon="18.625984"><ele>400.6</ele></trkpt>
      <trkpt lat="49.222637" lon="18.625995"><ele>401.2</ele></trkpt>
      <trkpt lat="49.222614" lon="18.626003"><ele>401.6</ele></trkpt>
      <trkpt lat="49.222589" lon="18.626003"><ele>402.2</ele></trkpt>
      <trkpt lat="49.222570" lon="18.625997"><ele>402.9</ele></trkpt>
      <trkpt lat="49.222550" lon="18.625995"><ele>403.7</ele></trkpt>
      <trkpt lat="49.222528" lon="18.625990"><ele>404.5</ele></trkpt>
      <trkpt lat="49.222509" lon="18.625984"><ele>405.3</ele></trkpt>
      <trkpt lat="49.222490" lon="18.625979"><ele>404.5</ele></trkpt>
      <trkpt lat="49.222470" lon="18.625971"><ele>404.1</ele></trkpt>
      <trkpt lat="49.222448" lon="18.625962"><ele>403.7</ele></trkpt>
      <trkpt lat="49.222422" lon="18.625955"><ele>403.2</ele></trkpt>
      <trkpt lat="49.222400" lon="18.625942"><ele>402.8</ele></trkpt>
      <trkpt lat="49.222362" lon="18.625920"><ele>402.0</ele></trkpt>
      <trkpt lat="49.222342" lon="18.625912"><ele>401.5</ele></trkpt>
      <trkpt lat="49.222301" lon="18.625882"><ele>400.6</ele></trkpt>
      <trkpt lat="49.222278" lon="18.625874"><ele>400.1</ele></trkpt>
      <trkpt lat="49.222256" lon="18.625872"><ele>399.6</ele></trkpt>
      <trkpt lat="49.222230" lon="18.625877"><ele>399.0</ele></trkpt>
      <trkpt lat="49.222205" lon="18.625880"><ele>398.5</ele></trkpt>
      <trkpt lat="49.222186" lon="18.625882"><ele>398.1</ele></trkpt>
      <trkpt lat="49.222163" lon="18.625875"><ele>397.6</ele></trkpt>
      <trkpt lat="49.222141" lon="18.625866"><ele>397.1</ele></trkpt>
      <trkpt lat="49.222115" lon="18.625864"><ele>396.5</ele></trkpt>
      <trkpt lat="49.222086" lon="18.625856"><ele>396.1</ele></trkpt>
      <trkpt lat="49.222061" lon="18.625851"><ele>395.7</ele></trkpt>
      <trkpt lat="49.222032" lon="18.625845"><ele>395.2</ele></trkpt>
      <trkpt lat="49.222003" lon="18.625840"><ele>394.7</ele></trkpt>
      <trkpt lat="49.221978" lon="18.625840"><ele>394.3</ele></trkpt>
      <trkpt lat="49.221952" lon="18.625840"><ele>393.9</ele></trkpt>
      <trkpt lat="49.221914" lon="18.625840"><ele>393.3</ele></trkpt>
      <trkpt lat="49.221875" lon="18.625851"><ele>392.8</ele></trkpt>
      <trkpt lat="49.221853" lon="18.625851"><ele>392.6</ele></trkpt>
      <trkpt lat="49.221824" lon="18.625854"><ele>392.2</ele></trkpt>
      <trkpt lat="49.221798" lon="18.625862"><ele>392.0</ele></trkpt>
      <trkpt lat="49.221773" lon="18.625858"><ele>391.7</ele></trkpt>
      <trkpt lat="49.221741" lon="18.625856"><ele>391.5</ele></trkpt>
      <trkpt lat="49.221709" lon="18.625853"><ele>391.2</ele></trkpt>
      <trkpt lat="49.221680" lon="18.625853"><ele>391.0</ele></trkpt>
      <trkpt lat="49.221654" lon="18.625861"><ele>390.8</ele></trkpt>
      <trkpt lat="49.221626" lon="18.625870"><ele>390.5</ele></trkpt>
      <trkpt lat="49.221603" lon="18.625875"><ele>390.3</ele></trkpt>
      <trkpt lat="49.221574" lon="18.625877"><ele>390.0</ele></trkpt>
      <trkpt lat="49.221542" lon="18.625870"><ele>389.6</ele></trkpt>
      <trkpt lat="49.221523" lon="18.625845"><ele>389.3</ele></trkpt>
      <trkpt lat="49.221498" lon="18.625805"><ele>388.8</ele></trkpt>
      <trkpt lat="49.221478" lon="18.625768"><ele>388.3</ele></trkpt>
      <trkpt lat="49.221459" lon="18.625742"><ele>387.9</ele></trkpt>
      <trkpt lat="49.221437" lon="18.625706"><ele>387.4</ele></trkpt>
      <trkpt lat="49.221411" lon="18.625659"><ele>386.7</ele></trkpt>
      <trkpt lat="49.221398" lon="18.625629"><ele>386.4</ele></trkpt>
      <trkpt lat="49.221382" lon="18.625597"><ele>385.9</ele></trkpt>
      <trkpt lat="49.221363" lon="18.625566"><ele>385.5</ele></trkpt>
      <trkpt lat="49.221344" lon="18.625536"><ele>385.1</ele></trkpt>
      <trkpt lat="49.221318" lon="18.625496"><ele>384.5</ele></trkpt>
      <trkpt lat="49.221299" lon="18.625467"><ele>384.1</ele></trkpt>
      <trkpt lat="49.221277" lon="18.625440"><ele>383.7</ele></trkpt>
      <trkpt lat="49.221251" lon="18.625414"><ele>383.3</ele></trkpt>
      <trkpt lat="49.221238" lon="18.625386"><ele>383.0</ele></trkpt>
      <trkpt lat="49.221213" lon="18.625355"><ele>382.5</ele></trkpt>
      <trkpt lat="49.221197" lon="18.625328"><ele>382.2</ele></trkpt>
      <trkpt lat="49.221171" lon="18.625299"><ele>381.7</ele></trkpt>
      <trkpt lat="49.221158" lon="18.625272"><ele>381.4</ele></trkpt>
      <trkpt lat="49.221142" lon="18.625248"><ele>381.0</ele></trkpt>
      <trkpt lat="49.221133" lon="18.625219"><ele>380.7</ele></trkpt>
      <trkpt lat="49.221130" lon="18.625190"><ele>380.3</ele></trkpt>
      <trkpt lat="49.221126" lon="18.625152"><ele>379.8</ele></trkpt>
      <trkpt lat="49.221130" lon="18.625120"><ele>379.4</ele></trkpt>
      <trkpt lat="49.221130" lon="18.625086"><ele>378.9</ele></trkpt>
      <trkpt lat="49.221139" lon="18.625062"><ele>378.5</ele></trkpt>
      <trkpt lat="49.221152" lon="18.625016"><ele>377.8</ele></trkpt>
      <trkpt lat="49.221152" lon="18.624963"><ele>376.9</ele></trkpt>
      <trkpt lat="49.221146" lon="18.624928"><ele>376.3</ele></trkpt>
      <trkpt lat="49.221133" lon="18.624898"><ele>375.8</ele></trkpt>
      <trkpt lat="49.221126" lon="18.624870"><ele>375.3</ele></trkpt>
      <trkpt lat="49.221126" lon="18.624832"><ele>374.7</ele></trkpt>
      <trkpt lat="49.221130" lon="18.624786"><ele>373.9</ele></trkpt>
      <trkpt lat="49.221139" lon="18.624755"><ele>373.4</ele></trkpt>
      <trkpt lat="49.221149" lon="18.624730"><ele>372.9</ele></trkpt>
      <trkpt lat="49.221184" lon="18.624696"><ele>371.8</ele></trkpt>
      <trkpt lat="49.221206" lon="18.624672"><ele>371.1</ele></trkpt>
      <trkpt lat="49.221226" lon="18.624653"><ele>370.5</ele></trkpt>
      <trkpt lat="49.221245" lon="18.624638"><ele>369.9</ele></trkpt>
      <trkpt lat="49.221261" lon="18.624624"><ele>369.5</ele></trkpt>
      <trkpt lat="49.221280" lon="18.624611"><ele>368.9</ele></trkpt>
      <trkpt lat="49.221299" lon="18.624600"><ele>368.4</ele></trkpt>
      <trkpt lat="49.221322" lon="18.624582"><ele>367.7</ele></trkpt>
      <trkpt lat="49.221344" lon="18.624570"><ele>367.1</ele></trkpt>
      <trkpt lat="49.221366" lon="18.624554"><ele>366.4</ele></trkpt>
      <trkpt lat="49.221389" lon="18.624536"><ele>365.7</ele></trkpt>
      <trkpt lat="49.221405" lon="18.624515"><ele>365.2</ele></trkpt>
      <trkpt lat="49.221418" lon="18.624494"><ele>364.7</ele></trkpt>
      <trkpt lat="49.221430" lon="18.624467"><ele>364.1</ele></trkpt>
      <trkpt lat="49.221466" lon="18.624453"><ele>363.1</ele></trkpt>
      <trkpt lat="49.221485" lon="18.624432"><ele>362.4</ele></trkpt>
      <trkpt lat="49.221469" lon="18.624386"><ele>361.3</ele></trkpt>
      <trkpt lat="49.221450" lon="18.624349"><ele>360.4</ele></trkpt>
      <trkpt lat="49.221430" lon="18.624328"><ele>359.6</ele></trkpt>
      <trkpt lat="49.221405" lon="18.624286"><ele>358.3</ele></trkpt>
      <trkpt lat="49.221386" lon="18.624238"><ele>357.1</ele></trkpt>
      <trkpt lat="49.221392" lon="18.624202"><ele>356.3</ele></trkpt>
      <trkpt lat="49.221405" lon="18.624168"><ele>355.3</ele></trkpt>
      <trkpt lat="49.221418" lon="18.624142"><ele>354.6</ele></trkpt>
      <trkpt lat="49.221427" lon="18.624117"><ele>353.9</ele></trkpt>
      <trkpt lat="49.221411" lon="18.624074"><ele>352.8</ele></trkpt>
      <trkpt lat="49.221379" lon="18.624035"><ele>351.3</ele></trkpt>
      <trkpt lat="49.221357" lon="18.624016"><ele>350.4</ele></trkpt>
      <trkpt lat="49.221341" lon="18.623998"><ele>349.8</ele></trkpt>
      <trkpt lat="49.221322" lon="18.623979"><ele>349.1</ele></trkpt>
      <trkpt lat="49.221286" lon="18.623958"><ele>347.9</ele></trkpt>
      <trkpt lat="49.221261" lon="18.623946"><ele>347.2</ele></trkpt>
      <trkpt lat="49.221242" lon="18.623936"><ele>346.6</ele></trkpt>
      <trkpt lat="49.221213" lon="18.623918"><ele>345.8</ele></trkpt>
      <trkpt lat="49.221184" lon="18.623898"><ele>345.1</ele></trkpt>
      <trkpt lat="49.221158" lon="18.623882"><ele>344.4</ele></trkpt>
      <trkpt lat="49.221130" lon="18.623870"><ele>343.8</ele></trkpt>
      <trkpt lat="49.221107" lon="18.623861"><ele>343.3</ele></trkpt>
      <trkpt lat="49.221088" lon="18.623854"><ele>342.9</ele></trkpt>
      <trkpt lat="49.221062" lon="18.623840"><ele>342.4</ele></trkpt>
      <trkpt lat="49.221014" lon="18.623818"><ele>341.5</ele></trkpt>
      <trkpt lat="49.220986" lon="18.623806"><ele>341.1</ele></trkpt>
      <trkpt lat="49.220954" lon="18.623798"><ele>340.5</ele></trkpt>
      <trkpt lat="49.220931" lon="18.623795"><ele>340.2</ele></trkpt>
      <trkpt lat="49.220906" lon="18.623782"><ele>339.8</ele></trkpt>
      <trkpt lat="49.220880" lon="18.623770"><ele>339.4</ele></trkpt>
      <trkpt lat="49.220851" lon="18.623765"><ele>339.0</ele></trkpt>
      <trkpt lat="49.220822" lon="18.623765"><ele>338.5</ele></trkpt>
      <trkpt lat="49.220790" lon="18.623760"><ele>338.1</ele></trkpt>
      <trkpt lat="49.220755" lon="18.623758"><ele>337.6</ele></trkpt>
      <trkpt lat="49.220730" lon="18.623752"><ele>337.2</ele></trkpt>
      <trkpt lat="49.220694" lon="18.623757"><ele>336.7</ele></trkpt>
      <trkpt lat="49.220669" lon="18.623766"><ele>336.3</ele></trkpt>
      <trkpt lat="49.220637" lon="18.623778"><ele>335.9</ele></trkpt>
      <trkpt lat="49.220608" lon="18.623787"><ele>335.4</ele></trkpt>
      <trkpt lat="49.220573" lon="18.623798"><ele>334.9</ele></trkpt>
      <trkpt lat="49.220550" lon="18.623806"><ele>334.6</ele></trkpt>
      <trkpt lat="49.220525" lon="18.623805"><ele>334.2</ele></trkpt>
      <trkpt lat="49.220502" lon="18.623786"><ele>333.8</ele></trkpt>
      <trkpt lat="49.220486" lon="18.623746"><ele>333.3</ele></trkpt>
      <trkpt lat="49.220467" lon="18.623702"><ele>332.7</ele></trkpt>
      <trkpt lat="49.220454" lon="18.623666"><ele>332.2</ele></trkpt>
      <trkpt lat="49.220454" lon="18.623622"><ele>331.6</ele></trkpt>
      <trkpt lat="49.220464" lon="18.623592"><ele>329.5</ele></trkpt>
      <trkpt lat="49.220483" lon="18.623558"><ele>329.0</ele></trkpt>
      <trkpt lat="49.220506" lon="18.623538"><ele>328.9</ele></trkpt>
      <trkpt lat="49.220528" lon="18.623514"><ele>328.7</ele></trkpt>
      <trkpt lat="49.220554" lon="18.623491"><ele>328.6</ele></trkpt>
      <trkpt lat="49.220573" lon="18.623469"><ele>328.4</ele></trkpt>
      <trkpt lat="49.220602" lon="18.623445"><ele>328.3</ele></trkpt>
      <trkpt lat="49.220621" lon="18.623421"><ele>328.2</ele></trkpt>
      <trkpt lat="49.220637" lon="18.623400"><ele>328.1</ele></trkpt>
      <trkpt lat="49.220666" lon="18.623384"><ele>327.9</ele></trkpt>
      <trkpt lat="49.220688" lon="18.623362"><ele>327.8</ele></trkpt>
      <trkpt lat="49.220710" lon="18.623333"><ele>327.7</ele></trkpt>
      <trkpt lat="49.220730" lon="18.623312"><ele>327.6</ele></trkpt>
      <trkpt lat="49.220746" lon="18.623290"><ele>327.6</ele></trkpt>
      <trkpt lat="49.220749" lon="18.623245"><ele>327.8</ele></trkpt>
      <trkpt lat="49.220746" lon="18.623194"><ele>328.1</ele></trkpt>
      <trkpt lat="49.220730" lon="18.623144"><ele>328.2</ele></trkpt>
      <trkpt lat="49.220714" lon="18.623106"><ele>328.3</ele></trkpt>
      <trkpt lat="49.220691" lon="18.623070"><ele>328.4</ele></trkpt>
      <trkpt lat="49.220672" lon="18.623032"><ele>328.5</ele></trkpt>
      <trkpt lat="49.220662" lon="18.623002"><ele>328.5</ele></trkpt>
      <trkpt lat="49.220637" lon="18.622981"><ele>328.6</ele></trkpt>
      <trkpt lat="49.220602" lon="18.622958"><ele>328.7</ele></trkpt>
      <trkpt lat="49.220576" lon="18.622958"><ele>328.9</ele></trkpt>
      <trkpt lat="49.220550" lon="18.622955"><ele>329.1</ele></trkpt>
      <trkpt lat="49.220528" lon="18.622954"><ele>329.3</ele></trkpt>
      <trkpt lat="49.220506" lon="18.622944"><ele>329.5</ele></trkpt>
      <trkpt lat="49.220486" lon="18.622928"><ele>329.6</ele></trkpt>
      <trkpt lat="49.220470" lon="18.622912"><ele>329.8</ele></trkpt>
      <trkpt lat="49.220454" lon="18.622888"><ele>330.0</ele></trkpt>
      <trkpt lat="49.220432" lon="18.622837"><ele>330.4</ele></trkpt>
      <trkpt lat="49.220429" lon="18.622806"><ele>330.6</ele></trkpt>
      <trkpt lat="49.220422" lon="18.622774"><ele>330.8</ele></trkpt>
      <trkpt lat="49.220410" lon="18.622734"><ele>331.1</ele></trkpt>
      <trkpt lat="49.220403" lon="18.622694"><ele>331.4</ele></trkpt>
      <trkpt lat="49.220394" lon="18.622656"><ele>331.7</ele></trkpt>
      <trkpt lat="49.220394" lon="18.622619"><ele>331.9</ele></trkpt>
      <trkpt lat="49.220397" lon="18.622584"><ele>332.2</ele></trkpt>
      <trkpt lat="49.220390" lon="18.622550"><ele>332.5</ele></trkpt>
      <trkpt lat="49.220371" lon="18.622518"><ele>332.8</ele></trkpt>
      <trkpt lat="49.220352" lon="18.622514"><ele>332.8</ele></trkpt>
      <trkpt lat="49.220330" lon="18.622510"><ele>332.9</ele></trkpt>
      <trkpt lat="49.220307" lon="18.622509"><ele>333.0</ele></trkpt>
      <trkpt lat="49.220278" lon="18.622509"><ele>333.0</ele></trkpt>
      <trkpt lat="49.220256" lon="18.622506"><ele>333.1</ele></trkpt>
      <trkpt lat="49.220230" lon="18.622499"><ele>333.2</ele></trkpt>
      <trkpt lat="49.220198" lon="18.622498"><ele>333.3</ele></trkpt>
      <trkpt lat="49.220176" lon="18.622496"><ele>333.4</ele></trkpt>
      <trkpt lat="49.220154" lon="18.622488"><ele>333.5</ele></trkpt>
      <trkpt lat="49.220128" lon="18.622482"><ele>333.7</ele></trkpt>
      <trkpt lat="49.220112" lon="18.622466"><ele>333.9</ele></trkpt>
      <trkpt lat="49.220134" lon="18.622446"><ele>334.1</ele></trkpt>
      <trkpt lat="49.220131" lon="18.622411"><ele>334.2</ele></trkpt>
      <trkpt lat="49.220112" lon="18.622410"><ele>334.4</ele></trkpt>
      <trkpt lat="49.220090" lon="18.622390"><ele>334.5</ele></trkpt>
      <trkpt lat="49.220074" lon="18.622371"><ele>334.7</ele></trkpt>
      <trkpt lat="49.220061" lon="18.622350"><ele>334.8</ele></trkpt>
      <trkpt lat="49.220048" lon="18.622330"><ele>334.9</ele></trkpt>
      <trkpt lat="49.220026" lon="18.622301"><ele>335.0</ele></trkpt>
      <trkpt lat="49.219997" lon="18.622274"><ele>335.2</ele></trkpt>
      <trkpt lat="49.219981" lon="18.622256"><ele>335.3</ele></trkpt>
      <trkpt lat="49.219968" lon="18.622230"><ele>335.4</ele></trkpt>
      <trkpt lat="49.219952" lon="18.622211"><ele>335.6</ele></trkpt>
      <trkpt lat="49.219930" lon="18.622206"><ele>335.7</ele></trkpt>
      <trkpt lat="49.219901" lon="18.622190"><ele>335.8</ele></trkpt>
      <trkpt lat="49.219882" lon="18.622178"><ele>335.9</ele></trkpt>
      <trkpt lat="49.219862" lon="18.622163"><ele>336.1</ele></trkpt>
      <trkpt lat="49.219837" lon="18.622138"><ele>336.2</ele></trkpt>
      <trkpt lat="49.219808" lon="18.622118"><ele>336.4</ele></trkpt>
      <trkpt lat="49.219789" lon="18.622102"><ele>336.5</ele></trkpt>
      <trkpt lat="49.219773" lon="18.622085"><ele>336.6</ele></trkpt>
      <trkpt lat="49.219754" lon="18.622062"><ele>336.7</ele></trkpt>
      <trkpt lat="49.219738" lon="18.622045"><ele>336.9</ele></trkpt>
      <trkpt lat="49.219718" lon="18.622027"><ele>337.0</ele></trkpt>
      <trkpt lat="49.219699" lon="18.622005"><ele>337.2</ele></trkpt>
      <trkpt lat="49.219677" lon="18.621984"><ele>337.3</ele></trkpt>
      <trkpt lat="49.219661" lon="18.621971"><ele>337.4</ele></trkpt>
      <trkpt lat="49.219642" lon="18.621952"><ele>337.6</ele></trkpt>
      <trkpt lat="49.219622" lon="18.621931"><ele>337.8</ele></trkpt>
      <trkpt lat="49.219597" lon="18.621914"><ele>338.0</ele></trkpt>
      <trkpt lat="49.219571" lon="18.621902"><ele>338.2</ele></trkpt>
      <trkpt lat="49.219542" lon="18.621902"><ele>338.4</ele></trkpt>
      <trkpt lat="49.219523" lon="18.621915"><ele>338.6</ele></trkpt>
      <trkpt lat="49.219510" lon="18.621888"><ele>339.0</ele></trkpt>
      <trkpt lat="49.219494" lon="18.621922"><ele>339.4</ele></trkpt>
      <trkpt lat="49.219472" lon="18.621949"><ele>339.8</ele></trkpt>
      <trkpt lat="49.219443" lon="18.621963"><ele>340.3</ele></trkpt>
      <trkpt lat="49.219418" lon="18.621982"><ele>340.8</ele></trkpt>
      <trkpt lat="49.219398" lon="18.622005"><ele>341.3</ele></trkpt>
      <trkpt lat="49.219376" lon="18.622010"><ele>341.7</ele></trkpt>
      <trkpt lat="49.219354" lon="18.622014"><ele>342.1</ele></trkpt>
      <trkpt lat="49.219334" lon="18.622021"><ele>342.5</ele></trkpt>
      <trkpt lat="49.219315" lon="18.622032"><ele>343.0</ele></trkpt>
      <trkpt lat="49.219293" lon="18.622050"><ele>343.5</ele></trkpt>
      <trkpt lat="49.219261" lon="18.622064"><ele>344.2</ele></trkpt>
      <trkpt lat="49.219235" lon="18.622078"><ele>344.8</ele></trkpt>
      <trkpt lat="49.219216" lon="18.622083"><ele>345.2</ele></trkpt>
      <trkpt lat="49.219197" lon="18.622091"><ele>345.7</ele></trkpt>
      <trkpt lat="49.219174" lon="18.622099"><ele>346.2</ele></trkpt>
      <trkpt lat="49.219142" lon="18.622090"><ele>347.0</ele></trkpt>
      <trkpt lat="49.219123" lon="18.622093"><ele>347.4</ele></trkpt>
      <trkpt lat="49.219104" lon="18.622094"><ele>347.9</ele></trkpt>
      <trkpt lat="49.219082" lon="18.622078"><ele>348.5</ele></trkpt>
      <trkpt lat="49.219066" lon="18.622062"><ele>348.9</ele></trkpt>
      <trkpt lat="49.219040" lon="18.622070"><ele>349.5</ele></trkpt>
      <trkpt lat="49.219021" lon="18.622077"><ele>350.0</ele></trkpt>
      <trkpt lat="49.218995" lon="18.622064"><ele>350.7</ele></trkpt>
      <trkpt lat="49.218976" lon="18.622050"><ele>351.2</ele></trkpt>
      <trkpt lat="49.218954" lon="18.622050"><ele>351.7</ele></trkpt>
      <trkpt lat="49.218934" lon="18.622051"><ele>352.2</ele></trkpt>
      <trkpt lat="49.218909" lon="18.622048"><ele>352.8</ele></trkpt>
      <trkpt lat="49.218883" lon="18.622048"><ele>353.3</ele></trkpt>
      <trkpt lat="49.218864" lon="18.622035"><ele>353.8</ele></trkpt>
      <trkpt lat="49.218848" lon="18.622021"><ele>354.2</ele></trkpt>
      <trkpt lat="49.218826" lon="18.622002"><ele>354.8</ele></trkpt>
      <trkpt lat="49.218806" lon="18.621994"><ele>355.3</ele></trkpt>
      <trkpt lat="49.218781" lon="18.621979"><ele>355.9</ele></trkpt>
      <trkpt lat="49.218758" lon="18.621974"><ele>356.4</ele></trkpt>
      <trkpt lat="49.218739" lon="18.621974"><ele>356.8</ele></trkpt>
      <trkpt lat="49.218720" lon="18.621974"><ele>357.2</ele></trkpt>
      <trkpt lat="49.218701" lon="18.621970"><ele>357.7</ele></trkpt>
      <trkpt lat="49.218678" lon="18.621965"><ele>358.2</ele></trkpt>
      <trkpt lat="49.218659" lon="18.621954"><ele>358.6</ele></trkpt>
      <trkpt lat="49.218640" lon="18.621952"><ele>359.0</ele></trkpt>
      <trkpt lat="49.218618" lon="18.621946"><ele>359.5</ele></trkpt>
      <trkpt lat="49.218592" lon="18.621939"><ele>360.1</ele></trkpt>
      <trkpt lat="49.218563" lon="18.621922"><ele>360.7</ele></trkpt>
      <trkpt lat="49.218544" lon="18.621914"><ele>361.1</ele></trkpt>
      <trkpt lat="49.218518" lon="18.621902"><ele>361.7</ele></trkpt>
      <trkpt lat="49.218490" lon="18.621896"><ele>362.3</ele></trkpt>
      <trkpt lat="49.218470" lon="18.621896"><ele>362.7</ele></trkpt>
      <trkpt lat="49.218451" lon="18.621894"><ele>363.1</ele></trkpt>
      <trkpt lat="49.218432" lon="18.621885"><ele>363.6</ele></trkpt>
      <trkpt lat="49.218410" lon="18.621878"><ele>364.0</ele></trkpt>
      <trkpt lat="49.218384" lon="18.621869"><ele>364.6</ele></trkpt>
      <trkpt lat="49.218352" lon="18.621853"><ele>365.2</ele></trkpt>
      <trkpt lat="49.218320" lon="18.621842"><ele>365.9</ele></trkpt>
      <trkpt lat="49.218301" lon="18.621840"><ele>366.2</ele></trkpt>
      <trkpt lat="49.218282" lon="18.621842"><ele>366.6</ele></trkpt>
      <trkpt lat="49.218253" lon="18.621846"><ele>367.1</ele></trkpt>
      <trkpt lat="49.218214" lon="18.621842"><ele>367.7</ele></trkpt>
      <trkpt lat="49.218186" lon="18.621854"><ele>368.2</ele></trkpt>
      <trkpt lat="49.218147" lon="18.621862"><ele>368.8</ele></trkpt>
      <trkpt lat="49.218122" lon="18.621888"><ele>369.3</ele></trkpt>
      <trkpt lat="49.218099" lon="18.621890"><ele>369.6</ele></trkpt>
      <trkpt lat="49.218080" lon="18.621890"><ele>369.9</ele></trkpt>
      <trkpt lat="49.218051" lon="18.621891"><ele>370.3</ele></trkpt>
      <trkpt lat="49.218022" lon="18.621890"><ele>370.7</ele></trkpt>
      <trkpt lat="49.217994" lon="18.621885"><ele>371.0</ele></trkpt>
      <trkpt lat="49.217971" lon="18.621888"><ele>371.3</ele></trkpt>
      <trkpt lat="49.217946" lon="18.621878"><ele>371.6</ele></trkpt>
      <trkpt lat="49.217923" lon="18.621875"><ele>371.9</ele></trkpt>
      <trkpt lat="49.217891" lon="18.621866"><ele>372.3</ele></trkpt>
      <trkpt lat="49.217853" lon="18.621851"><ele>372.7</ele></trkpt>
      <trkpt lat="49.217827" lon="18.621850"><ele>373.0</ele></trkpt>
      <trkpt lat="49.217808" lon="18.621842"><ele>373.3</ele></trkpt>
      <trkpt lat="49.217786" lon="18.621835"><ele>373.5</ele></trkpt>
      <trkpt lat="49.217766" lon="18.621829"><ele>373.8</ele></trkpt>
      <trkpt lat="49.217744" lon="18.621821"><ele>374.0</ele></trkpt>
      <trkpt lat="49.217725" lon="18.621811"><ele>374.3</ele></trkpt>
      <trkpt lat="49.217706" lon="18.621802"><ele>374.5</ele></trkpt>
      <trkpt lat="49.217677" lon="18.621790"><ele>374.9</ele></trkpt>
      <trkpt lat="49.217645" lon="18.621770"><ele>375.3</ele></trkpt>
      <trkpt lat="49.217626" lon="18.621757"><ele>375.5</ele></trkpt>
      <trkpt lat="49.217606" lon="18.621744"><ele>375.8</ele></trkpt>
      <trkpt lat="49.217587" lon="18.621731"><ele>376.1</ele></trkpt>
      <trkpt lat="49.217568" lon="18.621717"><ele>376.3</ele></trkpt>
      <trkpt lat="49.217549" lon="18.621706"><ele>376.6</ele></trkpt>
      <trkpt lat="49.217526" lon="18.621691"><ele>376.9</ele></trkpt>
      <trkpt lat="49.217510" lon="18.621675"><ele>377.2</ele></trkpt>
      <trkpt lat="49.217485" lon="18.621666"><ele>377.6</ele></trkpt>
      <trkpt lat="49.217459" lon="18.621661"><ele>377.9</ele></trkpt>
      <trkpt lat="49.217430" lon="18.621645"><ele>378.4</ele></trkpt>
      <trkpt lat="49.217395" lon="18.621634"><ele>378.9</ele></trkpt>
      <trkpt lat="49.217366" lon="18.621616"><ele>379.4</ele></trkpt>
      <trkpt lat="49.217338" lon="18.621613"><ele>379.8</ele></trkpt>
      <trkpt lat="49.217315" lon="18.621605"><ele>380.2</ele></trkpt>
      <trkpt lat="49.217296" lon="18.621595"><ele>380.6</ele></trkpt>
      <trkpt lat="49.217270" lon="18.621578"><ele>381.0</ele></trkpt>
      <trkpt lat="49.217242" lon="18.621555"><ele>381.5</ele></trkpt>
      <trkpt lat="49.217200" lon="18.621544"><ele>382.2</ele></trkpt>
      <trkpt lat="49.217178" lon="18.621528"><ele>382.7</ele></trkpt>
      <trkpt lat="49.217158" lon="18.621526"><ele>383.0</ele></trkpt>
      <trkpt lat="49.217126" lon="18.621507"><ele>383.6</ele></trkpt>
      <trkpt lat="49.217098" lon="18.621486"><ele>384.1</ele></trkpt>
      <trkpt lat="49.217072" lon="18.621474"><ele>384.6</ele></trkpt>
      <trkpt lat="49.217046" lon="18.621456"><ele>385.1</ele></trkpt>
      <trkpt lat="49.217021" lon="18.621434"><ele>385.7</ele></trkpt>
      <trkpt lat="49.216992" lon="18.621427"><ele>386.2</ele></trkpt>
      <trkpt lat="49.216970" lon="18.621418"><ele>386.6</ele></trkpt>
      <trkpt lat="49.216950" lon="18.621413"><ele>387.0</ele></trkpt>
      <trkpt lat="49.216928" lon="18.621402"><ele>387.5</ele></trkpt>
      <trkpt lat="49.216899" lon="18.621382"><ele>388.0</ele></trkpt>
      <trkpt lat="49.216877" lon="18.621363"><ele>388.5</ele></trkpt>
      <trkpt lat="49.216854" lon="18.621339"><ele>389.0</ele></trkpt>
      <trkpt lat="49.216829" lon="18.621320"><ele>389.6</ele></trkpt>
      <trkpt lat="49.216803" lon="18.621298"><ele>390.1</ele></trkpt>
      <trkpt lat="49.216784" lon="18.621283"><ele>390.5</ele></trkpt>
      <trkpt lat="49.216762" lon="18.621266"><ele>391.0</ele></trkpt>
      <trkpt lat="49.216739" lon="18.621259"><ele>391.4</ele></trkpt>
      <trkpt lat="49.216720" lon="18.621256"><ele>391.8</ele></trkpt>
      <trkpt lat="49.216701" lon="18.621250"><ele>392.1</ele></trkpt>
      <trkpt lat="49.216678" lon="18.621245"><ele>392.6</ele></trkpt>
      <trkpt lat="49.216637" lon="18.621235"><ele>393.3</ele></trkpt>
      <trkpt lat="49.216618" lon="18.621229"><ele>393.7</ele></trkpt>
      <trkpt lat="49.216592" lon="18.621227"><ele>394.2</ele></trkpt>
      <trkpt lat="49.216573" lon="18.621229"><ele>394.6</ele></trkpt>
      <trkpt lat="49.216554" lon="18.621227"><ele>394.9</ele></trkpt>
      <trkpt lat="49.216522" lon="18.621227"><ele>395.4</ele></trkpt>
      <trkpt lat="49.216502" lon="18.621229"><ele>395.7</ele></trkpt>
      <trkpt lat="49.216477" lon="18.621230"><ele>396.0</ele></trkpt>
      <trkpt lat="49.216454" lon="18.621235"><ele>396.3</ele></trkpt>
      <trkpt lat="49.216426" lon="18.621235"><ele>396.6</ele></trkpt>
      <trkpt lat="49.216397" lon="18.621238"><ele>396.9</ele></trkpt>
      <trkpt lat="49.216378" lon="18.621243"><ele>397.1</ele></trkpt>
      <trkpt lat="49.216358" lon="18.621243"><ele>397.2</ele></trkpt>
      <trkpt lat="49.216336" lon="18.621245"><ele>397.4</ele></trkpt>
      <trkpt lat="49.216307" lon="18.621254"><ele>397.6</ele></trkpt>
      <trkpt lat="49.216282" lon="18.621261"><ele>397.7</ele></trkpt>
      <trkpt lat="49.216246" lon="18.621269"><ele>397.8</ele></trkpt>
      <trkpt lat="49.216214" lon="18.621280"><ele>397.9</ele></trkpt>
      <trkpt lat="49.216179" lon="18.621290"><ele>397.9</ele></trkpt>
      <trkpt lat="49.216154" lon="18.621299"><ele>397.9</ele></trkpt>
      <trkpt lat="49.216134" lon="18.621307"><ele>397.9</ele></trkpt>
      <trkpt lat="49.216106" lon="18.621318"><ele>397.8</ele></trkpt>
      <trkpt lat="49.216083" lon="18.621323"><ele>397.8</ele></trkpt>
      <trkpt lat="49.216064" lon="18.621330"><ele>397.7</ele></trkpt>
      <trkpt lat="49.216045" lon="18.621334"><ele>397.6</ele></trkpt>
      <trkpt lat="49.216026" lon="18.621338"><ele>397.6</ele></trkpt>
      <trkpt lat="49.215990" lon="18.621349"><ele>397.4</ele></trkpt>
      <trkpt lat="49.215955" lon="18.621379"><ele>397.2</ele></trkpt>
      <trkpt lat="49.215936" lon="18.621387"><ele>397.1</ele></trkpt>
      <trkpt lat="49.215917" lon="18.621395"><ele>397.0</ele></trkpt>
      <trkpt lat="49.215891" lon="18.621403"><ele>396.9</ele></trkpt>
      <trkpt lat="49.215850" lon="18.621414"><ele>396.8</ele></trkpt>
      <trkpt lat="49.215824" lon="18.621413"><ele>396.7</ele></trkpt>
      <trkpt lat="49.215789" lon="18.621424"><ele>396.6</ele></trkpt>
      <trkpt lat="49.215770" lon="18.621427"><ele>396.5</ele></trkpt>
      <trkpt lat="49.215750" lon="18.621435"><ele>396.4</ele></trkpt>
      <trkpt lat="49.215709" lon="18.621454"><ele>396.4</ele></trkpt>
      <trkpt lat="49.215686" lon="18.621466"><ele>396.3</ele></trkpt>
      <trkpt lat="49.215664" lon="18.621467"><ele>396.3</ele></trkpt>
      <trkpt lat="49.215632" lon="18.621478"><ele>396.3</ele></trkpt>
      <trkpt lat="49.215613" lon="18.621491"><ele>396.3</ele></trkpt>
      <trkpt lat="49.215590" lon="18.621509"><ele>396.4</ele></trkpt>
      <trkpt lat="49.215562" lon="18.621525"><ele>396.5</ele></trkpt>
      <trkpt lat="49.215542" lon="18.621526"><ele>396.6</ele></trkpt>
      <trkpt lat="49.215523" lon="18.621523"><ele>396.7</ele></trkpt>
      <trkpt lat="49.215504" lon="18.621526"><ele>396.9</ele></trkpt>
      <trkpt lat="49.215469" lon="18.621518"><ele>397.4</ele></trkpt>
      <trkpt lat="49.215450" lon="18.621518"><ele>397.7</ele></trkpt>
      <trkpt lat="49.215414" lon="18.621506"><ele>398.2</ele></trkpt>
      <trkpt lat="49.215386" lon="18.621515"><ele>398.6</ele></trkpt>
      <trkpt lat="49.215363" lon="18.621509"><ele>398.9</ele></trkpt>
      <trkpt lat="49.215341" lon="18.621507"><ele>399.3</ele></trkpt>
      <trkpt lat="49.215312" lon="18.621506"><ele>399.6</ele></trkpt>
      <trkpt lat="49.215290" lon="18.621491"><ele>400.0</ele></trkpt>
      <trkpt lat="49.215280" lon="18.621518"><ele>400.2</ele></trkpt>
      <trkpt lat="49.215254" lon="18.621538"><ele>400.6</ele></trkpt>
      <trkpt lat="49.215232" lon="18.621544"><ele>400.9</ele></trkpt>
      <trkpt lat="49.215203" lon="18.621546"><ele>401.2</ele></trkpt>
      <trkpt lat="49.215184" lon="18.621552"><ele>401.4</ele></trkpt>
      <trkpt lat="49.215165" lon="18.621568"><ele>401.7</ele></trkpt>
      <trkpt lat="49.215146" lon="18.621597"><ele>401.9</ele></trkpt>
      <trkpt lat="49.215130" lon="18.621611"><ele>402.1</ele></trkpt>
      <trkpt lat="49.215104" lon="18.621634"><ele>402.3</ele></trkpt>
      <trkpt lat="49.215082" lon="18.621661"><ele>402.4</ele></trkpt>
      <trkpt lat="49.215069" lon="18.621690"><ele>402.5</ele></trkpt>
      <trkpt lat="49.215056" lon="18.621726"><ele>402.7</ele></trkpt>
      <trkpt lat="49.215053" lon="18.621760"><ele>402.7</ele></trkpt>
      <trkpt lat="49.215037" lon="18.621789"><ele>402.8</ele></trkpt>
      <trkpt lat="49.215014" lon="18.621800"><ele>402.9</ele></trkpt>
      <trkpt lat="49.214989" lon="18.621816"><ele>403.0</ele></trkpt>
      <trkpt lat="49.214966" lon="18.621830"><ele>403.1</ele></trkpt>
      <trkpt lat="49.214944" lon="18.621842"><ele>403.2</ele></trkpt>
      <trkpt lat="49.214915" lon="18.621850"><ele>403.4</ele></trkpt>
      <trkpt lat="49.214893" lon="18.621850"><ele>403.5</ele></trkpt>
      <trkpt lat="49.214867" lon="18.621862"><ele>403.6</ele></trkpt>
      <trkpt lat="49.214845" lon="18.621866"><ele>403.7</ele></trkpt>
      <trkpt lat="49.214816" lon="18.621872"><ele>403.8</ele></trkpt>
      <trkpt lat="49.214787" lon="18.621893"><ele>404.0</ele></trkpt>
      <trkpt lat="49.214758" lon="18.621914"><ele>404.3</ele></trkpt>
      <trkpt lat="49.214736" lon="18.621933"><ele>404.4</ele></trkpt>
      <trkpt lat="49.214707" lon="18.621954"><ele>404.7</ele></trkpt>
      <trkpt lat="49.214675" lon="18.621968"><ele>405.1</ele></trkpt>
      <trkpt lat="49.214640" lon="18.621982"><ele>405.5</ele></trkpt>
      <trkpt lat="49.214618" lon="18.621994"><ele>405.8</ele></trkpt>
      <trkpt lat="49.214595" lon="18.622008"><ele>406.1</ele></trkpt>
      <trkpt lat="49.214573" lon="18.622014"><ele>406.4</ele></trkpt>
      <trkpt lat="49.214541" lon="18.622003"><ele>406.9</ele></trkpt>
      <trkpt lat="49.214518" lon="18.622002"><ele>407.3</ele></trkpt>
      <trkpt lat="49.214486" lon="18.622019"><ele>407.8</ele></trkpt>
      <trkpt lat="49.214467" lon="18.622022"><ele>408.1</ele></trkpt>
      <trkpt lat="49.214445" lon="18.622021"><ele>408.5</ele></trkpt>
      <trkpt lat="49.214419" lon="18.622021"><ele>408.9</ele></trkpt>
      <trkpt lat="49.214400" lon="18.621992"><ele>409.4</ele></trkpt>
      <trkpt lat="49.214381" lon="18.621962"><ele>409.9</ele></trkpt>
      <trkpt lat="49.214362" lon="18.621933"><ele>410.4</ele></trkpt>
      <trkpt lat="49.214339" lon="18.621922"><ele>410.8</ele></trkpt>
      <trkpt lat="49.214314" lon="18.621920"><ele>411.3</ele></trkpt>
      <trkpt lat="49.214291" lon="18.621910"><ele>411.8</ele></trkpt>
      <trkpt lat="49.214262" lon="18.621902"><ele>412.4</ele></trkpt>
      <trkpt lat="49.214227" lon="18.621894"><ele>413.2</ele></trkpt>
      <trkpt lat="49.214198" lon="18.621906"><ele>413.8</ele></trkpt>
      <trkpt lat="49.214173" lon="18.621910"><ele>414.4</ele></trkpt>
      <trkpt lat="49.214154" lon="18.621904"><ele>414.8</ele></trkpt>
      <trkpt lat="49.214122" lon="18.621883"><ele>415.6</ele></trkpt>
      <trkpt lat="49.214093" lon="18.621866"><ele>416.4</ele></trkpt>
      <trkpt lat="49.214064" lon="18.621861"><ele>417.0</ele></trkpt>
      <trkpt lat="49.214048" lon="18.621834"><ele>417.6</ele></trkpt>
      <trkpt lat="49.214016" lon="18.621811"><ele>418.4</ele></trkpt>
      <trkpt lat="49.213994" lon="18.621797"><ele>419.0</ele></trkpt>
      <trkpt lat="49.213971" lon="18.621792"><ele>419.5</ele></trkpt>
      <trkpt lat="49.213942" lon="18.621773"><ele>420.2</ele></trkpt>
      <trkpt lat="49.213914" lon="18.621770"><ele>420.9</ele></trkpt>
      <trkpt lat="49.213878" lon="18.621752"><ele>421.7</ele></trkpt>
      <trkpt lat="49.213859" lon="18.621744"><ele>422.2</ele></trkpt>
      <trkpt lat="49.213840" lon="18.621744"><ele>422.6</ele></trkpt>
      <trkpt lat="49.213814" lon="18.621744"><ele>423.2</ele></trkpt>
      <trkpt lat="49.213782" lon="18.621744"><ele>423.9</ele></trkpt>
      <trkpt lat="49.213760" lon="18.621725"><ele>424.5</ele></trkpt>
      <trkpt lat="49.213738" lon="18.621726"><ele>425.0</ele></trkpt>
      <trkpt lat="49.213712" lon="18.621736"><ele>425.7</ele></trkpt>
      <trkpt lat="49.213686" lon="18.621757"><ele>426.4</ele></trkpt>
      <trkpt lat="49.213661" lon="18.621754"><ele>427.0</ele></trkpt>
      <trkpt lat="49.213638" lon="18.621755"><ele>427.6</ele></trkpt>
      <trkpt lat="49.213619" lon="18.621744"><ele>428.1</ele></trkpt>
      <trkpt lat="49.213600" lon="18.621736"><ele>428.6</ele></trkpt>
      <trkpt lat="49.213578" lon="18.621717"><ele>429.2</ele></trkpt>
      <trkpt lat="49.213555" lon="18.621707"><ele>429.8</ele></trkpt>
      <trkpt lat="49.213536" lon="18.621694"><ele>430.3</ele></trkpt>
      <trkpt lat="49.213520" lon="18.621680"><ele>430.8</ele></trkpt>
      <trkpt lat="49.213488" lon="18.621675"><ele>431.6</ele></trkpt>
      <trkpt lat="49.213459" lon="18.621658"><ele>432.3</ele></trkpt>
      <trkpt lat="49.213440" lon="18.621651"><ele>432.8</ele></trkpt>
      <trkpt lat="49.213427" lon="18.621618"><ele>433.4</ele></trkpt>
      <trkpt lat="49.213414" lon="18.621590"><ele>433.9</ele></trkpt>
      <trkpt lat="49.213402" lon="18.621562"><ele>434.4</ele></trkpt>
      <trkpt lat="49.213379" lon="18.621557"><ele>434.9</ele></trkpt>
      <trkpt lat="49.213357" lon="18.621555"><ele>435.4</ele></trkpt>
      <trkpt lat="49.213338" lon="18.621546"><ele>435.8</ele></trkpt>
      <trkpt lat="49.213315" lon="18.621518"><ele>436.4</ele></trkpt>
      <trkpt lat="49.213299" lon="18.621501"><ele>436.8</ele></trkpt>
      <trkpt lat="49.213267" lon="18.621486"><ele>437.5</ele></trkpt>
      <trkpt lat="49.213242" lon="18.621486"><ele>438.0</ele></trkpt>
      <trkpt lat="49.213222" lon="18.621483"><ele>438.4</ele></trkpt>
      <trkpt lat="49.213200" lon="18.621486"><ele>438.8</ele></trkpt>
      <trkpt lat="49.213168" lon="18.621507"><ele>439.6</ele></trkpt>
      <trkpt lat="49.213139" lon="18.621533"><ele>440.3</ele></trkpt>
      <trkpt lat="49.213110" lon="18.621541"><ele>441.0</ele></trkpt>
      <trkpt lat="49.213088" lon="18.621546"><ele>441.6</ele></trkpt>
      <trkpt lat="49.213062" lon="18.621557"><ele>442.3</ele></trkpt>
      <trkpt lat="49.213043" lon="18.621557"><ele>442.8</ele></trkpt>
      <trkpt lat="49.213018" lon="18.621573"><ele>443.5</ele></trkpt>
      <trkpt lat="49.212995" lon="18.621573"><ele>444.1</ele></trkpt>
      <trkpt lat="49.212963" lon="18.621584"><ele>445.0</ele></trkpt>
      <trkpt lat="49.212938" lon="18.621594"><ele>445.8</ele></trkpt>
      <trkpt lat="49.212909" lon="18.621598"><ele>446.6</ele></trkpt>
      <trkpt lat="49.212883" lon="18.621595"><ele>447.3</ele></trkpt>
      <trkpt lat="49.212864" lon="18.621606"><ele>447.8</ele></trkpt>
      <trkpt lat="49.212845" lon="18.621634"><ele>448.5</ele></trkpt>
      <trkpt lat="49.212826" lon="18.621635"><ele>449.0</ele></trkpt>
      <trkpt lat="49.212806" lon="18.621643"><ele>449.6</ele></trkpt>
      <trkpt lat="49.212790" lon="18.621626"><ele>450.1</ele></trkpt>
      <trkpt lat="49.212765" lon="18.621635"><ele>450.7</ele></trkpt>
      <trkpt lat="49.212746" lon="18.621642"><ele>451.2</ele></trkpt>
      <trkpt lat="49.212714" lon="18.621666"><ele>452.1</ele></trkpt>
      <trkpt lat="49.212691" lon="18.621661"><ele>452.7</ele></trkpt>
      <trkpt lat="49.212672" lon="18.621626"><ele>453.4</ele></trkpt>
      <trkpt lat="49.212650" lon="18.621608"><ele>454.0</ele></trkpt>
      <trkpt lat="49.212627" lon="18.621598"><ele>454.5</ele></trkpt>
      <trkpt lat="49.212611" lon="18.621586"><ele>454.9</ele></trkpt>
      <trkpt lat="49.212592" lon="18.621587"><ele>455.3</ele></trkpt>
      <trkpt lat="49.212570" lon="18.621573"><ele>455.9</ele></trkpt>
      <trkpt lat="49.212547" lon="18.621563"><ele>456.5</ele></trkpt>
      <trkpt lat="49.212528" lon="18.621546"><ele>457.0</ele></trkpt>
      <trkpt lat="49.212499" lon="18.621557"><ele>457.8</ele></trkpt>
      <trkpt lat="49.212467" lon="18.621576"><ele>458.7</ele></trkpt>
      <trkpt lat="49.212445" lon="18.621582"><ele>459.3</ele></trkpt>
      <trkpt lat="49.212429" lon="18.621603"><ele>459.9</ele></trkpt>
      <trkpt lat="49.212410" lon="18.621602"><ele>460.4</ele></trkpt>
      <trkpt lat="49.212387" lon="18.621611"><ele>461.1</ele></trkpt>
      <trkpt lat="49.212371" lon="18.621594"><ele>461.7</ele></trkpt>
      <trkpt lat="49.212352" lon="18.621566"><ele>462.5</ele></trkpt>
      <trkpt lat="49.212336" lon="18.621533"><ele>463.2</ele></trkpt>
      <trkpt lat="49.212330" lon="18.621506"><ele>463.8</ele></trkpt>
      <trkpt lat="49.212310" lon="18.621504"><ele>464.4</ele></trkpt>
      <trkpt lat="49.212291" lon="18.621488"><ele>465.0</ele></trkpt>
      <trkpt lat="49.212272" lon="18.621467"><ele>465.7</ele></trkpt>
      <trkpt lat="49.212253" lon="18.621458"><ele>466.3</ele></trkpt>
      <trkpt lat="49.212230" lon="18.621462"><ele>467.0</ele></trkpt>
      <trkpt lat="49.212211" lon="18.621466"><ele>467.6</ele></trkpt>
      <trkpt lat="49.212192" lon="18.621472"><ele>468.2</ele></trkpt>
      <trkpt lat="49.212163" lon="18.621445"><ele>469.3</ele></trkpt>
      <trkpt lat="49.212134" lon="18.621419"><ele>470.4</ele></trkpt>
      <trkpt lat="49.212115" lon="18.621410"><ele>471.2</ele></trkpt>
      <trkpt lat="49.212093" lon="18.621398"><ele>472.0</ele></trkpt>
      <trkpt lat="49.212070" lon="18.621382"><ele>473.0</ele></trkpt>
      <trkpt lat="49.212038" lon="18.621379"><ele>474.2</ele></trkpt>
      <trkpt lat="49.212016" lon="18.621360"><ele>475.1</ele></trkpt>
      <trkpt lat="49.211997" lon="18.621355"><ele>475.9</ele></trkpt>
      <trkpt lat="49.211974" lon="18.621347"><ele>476.8</ele></trkpt>
      <trkpt lat="49.211965" lon="18.621320"><ele>477.6</ele></trkpt>
      <trkpt lat="49.211952" lon="18.621296"><ele>478.4</ele></trkpt>
      <trkpt lat="49.211930" lon="18.621288"><ele>479.3</ele></trkpt>
      <trkpt lat="49.211898" lon="18.621304"><ele>480.7</ele></trkpt>
      <trkpt lat="49.211872" lon="18.621304"><ele>481.7</ele></trkpt>
      <trkpt lat="49.211856" lon="18.621317"><ele>482.4</ele></trkpt>
      <trkpt lat="49.211837" lon="18.621330"><ele>483.2</ele></trkpt>
      <trkpt lat="49.211814" lon="18.621339"><ele>484.2</ele></trkpt>
      <trkpt lat="49.211795" lon="18.621360"><ele>485.1</ele></trkpt>
      <trkpt lat="49.211776" lon="18.621382"><ele>486.1</ele></trkpt>
      <trkpt lat="49.211760" lon="18.621405"><ele>487.0</ele></trkpt>
      <trkpt lat="49.211731" lon="18.621426"><ele>488.3</ele></trkpt>
      <trkpt lat="49.211725" lon="18.621453"><ele>489.0</ele></trkpt>
      <trkpt lat="49.211706" lon="18.621477"><ele>490.0</ele></trkpt>
      <trkpt lat="49.211686" lon="18.621491"><ele>490.9</ele></trkpt>
      <trkpt lat="49.211674" lon="18.621512"><ele>491.7</ele></trkpt>
      <trkpt lat="49.211648" lon="18.621526"><ele>492.7</ele></trkpt>
      <trkpt lat="49.211632" lon="18.621546"><ele>493.5</ele></trkpt>
      <trkpt lat="49.211619" lon="18.621576"><ele>494.3</ele></trkpt>
      <trkpt lat="49.211600" lon="18.621592"><ele>495.0</ele></trkpt>
      <trkpt lat="49.211581" lon="18.621606"><ele>495.6</ele></trkpt>
      <trkpt lat="49.211558" lon="18.621643"><ele>496.4</ele></trkpt>
      <trkpt lat="49.211539" lon="18.621680"><ele>497.2</ele></trkpt>
      <trkpt lat="49.211517" lon="18.621677"><ele>497.3</ele></trkpt>
      <trkpt lat="49.211488" lon="18.621690"><ele>497.5</ele></trkpt>
      <trkpt lat="49.211456" lon="18.621693"><ele>497.7</ele></trkpt>
      <trkpt lat="49.211437" lon="18.621704"><ele>497.8</ele></trkpt>
      <trkpt lat="49.211427" lon="18.621680"><ele>497.9</ele></trkpt>
      <trkpt lat="49.211402" lon="18.621672"><ele>498.0</ele></trkpt>
      <trkpt lat="49.211370" lon="18.621651"><ele>498.2</ele></trkpt>
      <trkpt lat="49.211347" lon="18.621613"><ele>498.5</ele></trkpt>
      <trkpt lat="49.211334" lon="18.621571"><ele>498.7</ele></trkpt>
      <trkpt lat="49.211315" lon="18.621546"><ele>498.9</ele></trkpt>
      <trkpt lat="49.211283" lon="18.621531"><ele>499.2</ele></trkpt>
      <trkpt lat="49.211254" lon="18.621522"><ele>499.5</ele></trkpt>
      <trkpt lat="49.211232" lon="18.621493"><ele>499.8</ele></trkpt>
      <trkpt lat="49.211216" lon="18.621467"><ele>500.0</ele></trkpt>
      <trkpt lat="49.211194" lon="18.621456"><ele>500.3</ele></trkpt>
      <trkpt lat="49.211171" lon="18.621446"><ele>500.6</ele></trkpt>
      <trkpt lat="49.211142" lon="18.621435"><ele>500.9</ele></trkpt>
      <trkpt lat="49.211123" lon="18.621414"><ele>501.2</ele></trkpt>
      <trkpt lat="49.211094" lon="18.621406"><ele>501.5</ele></trkpt>
      <trkpt lat="49.211062" lon="18.621413"><ele>501.9</ele></trkpt>
      <trkpt lat="49.211040" lon="18.621414"><ele>502.1</ele></trkpt>
      <trkpt lat="49.211018" lon="18.621403"><ele>502.4</ele></trkpt>
      <trkpt lat="49.210998" lon="18.621389"><ele>502.6</ele></trkpt>
      <trkpt lat="49.210976" lon="18.621374"><ele>502.8</ele></trkpt>
      <trkpt lat="49.210957" lon="18.621328"><ele>503.1</ele></trkpt>
      <trkpt lat="49.210941" lon="18.621315"><ele>503.2</ele></trkpt>
      <trkpt lat="49.210922" lon="18.621307"><ele>503.4</ele></trkpt>
      <trkpt lat="49.210902" lon="18.621294"><ele>503.5</ele></trkpt>
      <trkpt lat="49.210874" lon="18.621266"><ele>503.7</ele></trkpt>
      <trkpt lat="49.210858" lon="18.621224"><ele>503.9</ele></trkpt>
      <trkpt lat="49.210845" lon="18.621203"><ele>504.0</ele></trkpt>
      <trkpt lat="49.210826" lon="18.621184"><ele>504.2</ele></trkpt>
      <trkpt lat="49.210800" lon="18.621165"><ele>504.4</ele></trkpt>
      <trkpt lat="49.210784" lon="18.621146"><ele>504.5</ele></trkpt>
      <trkpt lat="49.210771" lon="18.621120"><ele>504.6</ele></trkpt>
      <trkpt lat="49.210752" lon="18.621098"><ele>504.8</ele></trkpt>
      <trkpt lat="49.210717" lon="18.621054"><ele>505.1</ele></trkpt>
      <trkpt lat="49.210688" lon="18.621014"><ele>505.4</ele></trkpt>
      <trkpt lat="49.210662" lon="18.620968"><ele>505.8</ele></trkpt>
      <trkpt lat="49.210640" lon="18.620909"><ele>506.1</ele></trkpt>
      <trkpt lat="49.210656" lon="18.620877"><ele>506.4</ele></trkpt>
      <trkpt lat="49.210643" lon="18.620826"><ele>506.7</ele></trkpt>
      <trkpt lat="49.210614" lon="18.620813"><ele>507.0</ele></trkpt>
      <trkpt lat="49.210589" lon="18.620800"><ele>507.3</ele></trkpt>
      <trkpt lat="49.210566" lon="18.620790"><ele>507.6</ele></trkpt>
      <trkpt lat="49.210554" lon="18.620760"><ele>507.9</ele></trkpt>
      <trkpt lat="49.210547" lon="18.620714"><ele>508.3</ele></trkpt>
      <trkpt lat="49.210534" lon="18.620691"><ele>508.6</ele></trkpt>
      <trkpt lat="49.210515" lon="18.620642"><ele>509.2</ele></trkpt>
      <trkpt lat="49.210502" lon="18.620603"><ele>509.7</ele></trkpt>
      <trkpt lat="49.210496" lon="18.620560"><ele>510.3</ele></trkpt>
      <trkpt lat="49.210477" lon="18.620558"><ele>510.6</ele></trkpt>
      <trkpt lat="49.210461" lon="18.620510"><ele>511.3</ele></trkpt>
      <trkpt lat="49.210474" lon="18.620490"><ele>511.6</ele></trkpt>
      <trkpt lat="49.210464" lon="18.620453"><ele>512.1</ele></trkpt>
      <trkpt lat="49.210458" lon="18.620410"><ele>512.6</ele></trkpt>
      <trkpt lat="49.210429" lon="18.620389"><ele>513.2</ele></trkpt>
      <trkpt lat="49.210406" lon="18.620376"><ele>513.5</ele></trkpt>
      <trkpt lat="49.210390" lon="18.620360"><ele>513.8</ele></trkpt>
      <trkpt lat="49.210378" lon="18.620331"><ele>514.0</ele></trkpt>
      <trkpt lat="49.210362" lon="18.620304"><ele>514.2</ele></trkpt>
      <trkpt lat="49.210365" lon="18.620270"><ele>514.4</ele></trkpt>
      <trkpt lat="49.210378" lon="18.620232"><ele>514.8</ele></trkpt>
      <trkpt lat="49.210387" lon="18.620208"><ele>514.8</ele></trkpt>
      <trkpt lat="49.210403" lon="18.620184"><ele>514.7</ele></trkpt>
      <trkpt lat="49.210416" lon="18.620144"><ele>514.7</ele></trkpt>
      <trkpt lat="49.210442" lon="18.620117"><ele>514.6</ele></trkpt>
      <trkpt lat="49.210467" lon="18.620102"><ele>514.6</ele></trkpt>
      <trkpt lat="49.210483" lon="18.620086"><ele>514.7</ele></trkpt>
      <trkpt lat="49.210496" lon="18.620066"><ele>514.8</ele></trkpt>
      <trkpt lat="49.210509" lon="18.620035"><ele>514.9</ele></trkpt>
      <trkpt lat="49.210534" lon="18.620026"><ele>515.5</ele></trkpt>
      <trkpt lat="49.210554" lon="18.620018"><ele>516.0</ele></trkpt>
      <trkpt lat="49.210576" lon="18.620002"><ele>516.5</ele></trkpt>
      <trkpt lat="49.210602" lon="18.619994"><ele>517.2</ele></trkpt>
      <trkpt lat="49.210627" lon="18.619987"><ele>517.8</ele></trkpt>
      <trkpt lat="49.210656" lon="18.619979"><ele>518.5</ele></trkpt>
      <trkpt lat="49.210682" lon="18.619984"><ele>519.2</ele></trkpt>
      <trkpt lat="49.210704" lon="18.619974"><ele>519.7</ele></trkpt>
      <trkpt lat="49.210723" lon="18.619960"><ele>520.2</ele></trkpt>
      <trkpt lat="49.210746" lon="18.619930"><ele>521.0</ele></trkpt>
      <trkpt lat="49.210778" lon="18.619923"><ele>521.7</ele></trkpt>
      <trkpt lat="49.210800" lon="18.619938"><ele>522.3</ele></trkpt>
      <trkpt lat="49.210826" lon="18.619942"><ele>523.0</ele></trkpt>
      <trkpt lat="49.210854" lon="18.619934"><ele>523.7</ele></trkpt>
      <trkpt lat="49.210880" lon="18.619942"><ele>524.4</ele></trkpt>
      <trkpt lat="49.210902" lon="18.619942"><ele>525.0</ele></trkpt>
      <trkpt lat="49.210931" lon="18.619949"><ele>525.8</ele></trkpt>
      <trkpt lat="49.210950" lon="18.619944"><ele>526.3</ele></trkpt>
      <trkpt lat="49.210970" lon="18.619910"><ele>527.2</ele></trkpt>
      <trkpt lat="49.210986" lon="18.619893"><ele>527.8</ele></trkpt>
      <trkpt lat="49.211011" lon="18.619888"><ele>528.5</ele></trkpt>
      <trkpt lat="49.211030" lon="18.619875"><ele>529.1</ele></trkpt>
      <trkpt lat="49.211043" lon="18.619843"><ele>529.8</ele></trkpt>
      <trkpt lat="49.211075" lon="18.619834"><ele>530.7</ele></trkpt>
      <trkpt lat="49.211098" lon="18.619810"><ele>531.5</ele></trkpt>
      <trkpt lat="49.211117" lon="18.619798"><ele>532.0</ele></trkpt>
      <trkpt lat="49.211136" lon="18.619795"><ele>532.5</ele></trkpt>
      <trkpt lat="49.211152" lon="18.619813"><ele>533.0</ele></trkpt>
      <trkpt lat="49.211174" lon="18.619834"><ele>533.6</ele></trkpt>
      <trkpt lat="49.211200" lon="18.619858"><ele>534.4</ele></trkpt>
      <trkpt lat="49.211219" lon="18.619867"><ele>534.9</ele></trkpt>
      <trkpt lat="49.211238" lon="18.619878"><ele>535.5</ele></trkpt>
      <trkpt lat="49.211235" lon="18.619915"><ele>536.5</ele></trkpt>
      <trkpt lat="49.211219" lon="18.619942"><ele>537.6</ele></trkpt>
      <trkpt lat="49.211213" lon="18.619986"><ele>538.8</ele></trkpt>
      <trkpt lat="49.211235" lon="18.620019"><ele>540.0</ele></trkpt>
      <trkpt lat="49.211251" lon="18.620038"><ele>540.8</ele></trkpt>
      <trkpt lat="49.211270" lon="18.620038"><ele>541.5</ele></trkpt>
      <trkpt lat="49.211290" lon="18.620038"><ele>542.2</ele></trkpt>
      <trkpt lat="49.211309" lon="18.620038"><ele>542.9</ele></trkpt>
      <trkpt lat="49.211334" lon="18.620038"><ele>543.8</ele></trkpt>
      <trkpt lat="49.211354" lon="18.620042"><ele>544.5</ele></trkpt>
      <trkpt lat="49.211370" lon="18.620054"><ele>545.1</ele></trkpt>
      <trkpt lat="49.211392" lon="18.620067"><ele>545.7</ele></trkpt>
      <trkpt lat="49.211411" lon="18.620077"><ele>546.2</ele></trkpt>
      <trkpt lat="49.211440" lon="18.620078"><ele>546.8</ele></trkpt>
      <trkpt lat="49.211472" lon="18.620077"><ele>547.2</ele></trkpt>
      <trkpt lat="49.211507" lon="18.620069"><ele>547.4</ele></trkpt>
      <trkpt lat="49.211491" lon="18.620104"><ele>547.2</ele></trkpt>
      <trkpt lat="49.211475" lon="18.620125"><ele>547.0</ele></trkpt>
      <trkpt lat="49.211450" lon="18.620115"><ele>546.6</ele></trkpt>
      <trkpt lat="49.211430" lon="18.620109"><ele>546.2</ele></trkpt>
      <trkpt lat="49.211408" lon="18.620112"><ele>545.6</ele></trkpt>
      <trkpt lat="49.211382" lon="18.620112"><ele>544.8</ele></trkpt>
      <trkpt lat="49.211354" lon="18.620101"><ele>543.8</ele></trkpt>
      <trkpt lat="49.211334" lon="18.620098"><ele>543.1</ele></trkpt>
      <trkpt lat="49.211315" lon="18.620096"><ele>542.4</ele></trkpt>
      <trkpt lat="49.211290" lon="18.620093"><ele>541.5</ele></trkpt>
      <trkpt lat="49.211261" lon="18.620078"><ele>540.3</ele></trkpt>
      <trkpt lat="49.211238" lon="18.620066"><ele>539.4</ele></trkpt>
      <trkpt lat="49.211242" lon="18.620026"><ele>538.3</ele></trkpt>
      <trkpt lat="49.211248" lon="18.619998"><ele>537.5</ele></trkpt>
      <trkpt lat="49.211264" lon="18.619963"><ele>536.3</ele></trkpt>
      <trkpt lat="49.211261" lon="18.619934"><ele>535.5</ele></trkpt>
      <trkpt lat="49.211242" lon="18.619918"><ele>534.7</ele></trkpt>
      <trkpt lat="49.211213" lon="18.619885"><ele>533.8</ele></trkpt>
      <trkpt lat="49.211184" lon="18.619859"><ele>533.0</ele></trkpt>
      <trkpt lat="49.211155" lon="18.619854"><ele>532.3</ele></trkpt>
      <trkpt lat="49.211136" lon="18.619862"><ele>531.8</ele></trkpt>
      <trkpt lat="49.211120" lon="18.619877"><ele>531.3</ele></trkpt>
      <trkpt lat="49.211104" lon="18.619893"><ele>530.8</ele></trkpt>
      <trkpt lat="49.211091" lon="18.619918"><ele>530.2</ele></trkpt>
      <trkpt lat="49.211062" lon="18.619942"><ele>529.2</ele></trkpt>
      <trkpt lat="49.211043" lon="18.619958"><ele>528.6</ele></trkpt>
      <trkpt lat="49.211018" lon="18.619986"><ele>527.7</ele></trkpt>
      <trkpt lat="49.210992" lon="18.620002"><ele>526.9</ele></trkpt>
      <trkpt lat="49.210973" lon="18.620016"><ele>526.3</ele></trkpt>
      <trkpt lat="49.210950" lon="18.620024"><ele>525.6</ele></trkpt>
      <trkpt lat="49.210931" lon="18.620018"><ele>525.1</ele></trkpt>
      <trkpt lat="49.210906" lon="18.620010"><ele>524.4</ele></trkpt>
      <trkpt lat="49.210883" lon="18.620002"><ele>523.8</ele></trkpt>
      <trkpt lat="49.210854" lon="18.620005"><ele>523.0</ele></trkpt>
      <trkpt lat="49.210835" lon="18.620010"><ele>522.6</ele></trkpt>
      <trkpt lat="49.210816" lon="18.620008"><ele>522.1</ele></trkpt>
      <trkpt lat="49.210781" lon="18.620027"><ele>521.2</ele></trkpt>
      <trkpt lat="49.210762" lon="18.620037"><ele>520.7</ele></trkpt>
      <trkpt lat="49.210736" lon="18.620042"><ele>520.0</ele></trkpt>
      <trkpt lat="49.210701" lon="18.620054"><ele>519.2</ele></trkpt>
      <trkpt lat="49.210675" lon="18.620059"><ele>518.5</ele></trkpt>
      <trkpt lat="49.210656" lon="18.620056"><ele>518.1</ele></trkpt>
      <trkpt lat="49.210621" lon="18.620053"><ele>517.2</ele></trkpt>
      <trkpt lat="49.210602" lon="18.620048"><ele>516.8</ele></trkpt>
      <trkpt lat="49.210579" lon="18.620048"><ele>516.2</ele></trkpt>
      <trkpt lat="49.210560" lon="18.620053"><ele>515.8</ele></trkpt>
      <trkpt lat="49.210541" lon="18.620054"><ele>515.3</ele></trkpt>
      <trkpt lat="49.210522" lon="18.620056"><ele>514.9</ele></trkpt>
      <trkpt lat="49.210502" lon="18.620062"><ele>514.8</ele></trkpt>
      <trkpt lat="49.210480" lon="18.620094"><ele>514.7</ele></trkpt>
      <trkpt lat="49.210458" lon="18.620112"><ele>514.6</ele></trkpt>
      <trkpt lat="49.210429" lon="18.620131"><ele>514.6</ele></trkpt>
      <trkpt lat="49.210410" lon="18.620146"><ele>514.6</ele></trkpt>
      <trkpt lat="49.210387" lon="18.620154"><ele>514.6</ele></trkpt>
      <trkpt lat="49.210368" lon="18.620171"><ele>514.7</ele></trkpt>
      <trkpt lat="49.210346" lon="18.620181"><ele>514.7</ele></trkpt>
      <trkpt lat="49.210317" lon="18.620182"><ele>514.7</ele></trkpt>
      <trkpt lat="49.210294" lon="18.620184"><ele>514.8</ele></trkpt>
      <trkpt lat="49.210269" lon="18.620186"><ele>514.8</ele></trkpt>
      <trkpt lat="49.210237" lon="18.620186"><ele>514.8</ele></trkpt>
      <trkpt lat="49.210211" lon="18.620176"><ele>514.7</ele></trkpt>
      <trkpt lat="49.210195" lon="18.620158"><ele>514.7</ele></trkpt>
      <trkpt lat="49.210170" lon="18.620146"><ele>514.6</ele></trkpt>
      <trkpt lat="49.210147" lon="18.620131"><ele>514.6</ele></trkpt>
      <trkpt lat="49.210125" lon="18.620118"><ele>514.6</ele></trkpt>
      <trkpt lat="49.210106" lon="18.620106"><ele>514.6</ele></trkpt>
      <trkpt lat="49.210083" lon="18.620098"><ele>514.6</ele></trkpt>
      <trkpt lat="49.210061" lon="18.620086"><ele>514.6</ele></trkpt>
      <trkpt lat="49.210029" lon="18.620077"><ele>514.7</ele></trkpt>
      <trkpt lat="49.210000" lon="18.620082"><ele>514.7</ele></trkpt>
      <trkpt lat="49.209971" lon="18.620083"><ele>514.8</ele></trkpt>
      <trkpt lat="49.209949" lon="18.620078"><ele>514.8</ele></trkpt>
      <trkpt lat="49.209930" lon="18.620078"><ele>514.9</ele></trkpt>
      <trkpt lat="49.209914" lon="18.620064"><ele>514.9</ele></trkpt>
      <trkpt lat="49.209898" lon="18.620046"><ele>515.0</ele></trkpt>
      <trkpt lat="49.209878" lon="18.620027"><ele>515.0</ele></trkpt>
      <trkpt lat="49.209859" lon="18.620008"><ele>515.0</ele></trkpt>
      <trkpt lat="49.209843" lon="18.619987"><ele>515.0</ele></trkpt>
      <trkpt lat="49.209827" lon="18.619955"><ele>514.9</ele></trkpt>
      <trkpt lat="49.209811" lon="18.619898"><ele>514.7</ele></trkpt>
      <trkpt lat="49.209808" lon="18.619866"><ele>514.7</ele></trkpt>
      <trkpt lat="49.209805" lon="18.619830"><ele>514.5</ele></trkpt>
      <trkpt lat="49.209805" lon="18.619786"><ele>514.4</ele></trkpt>
      <trkpt lat="49.209798" lon="18.619749"><ele>514.3</ele></trkpt>
      <trkpt lat="49.209770" lon="18.619710"><ele>514.1</ele></trkpt>
      <trkpt lat="49.209747" lon="18.619698"><ele>514.0</ele></trkpt>
      <trkpt lat="49.209725" lon="18.619682"><ele>514.0</ele></trkpt>
      <trkpt lat="49.209702" lon="18.619667"><ele>513.9</ele></trkpt>
      <trkpt lat="49.209674" lon="18.619651"><ele>513.9</ele></trkpt>
      <trkpt lat="49.209651" lon="18.619630"><ele>513.8</ele></trkpt>
      <trkpt lat="49.209626" lon="18.619614"><ele>513.8</ele></trkpt>
      <trkpt lat="49.209600" lon="18.619600"><ele>513.8</ele></trkpt>
      <trkpt lat="49.209565" lon="18.619586"><ele>513.9</ele></trkpt>
      <trkpt lat="49.209542" lon="18.619579"><ele>514.0</ele></trkpt>
      <trkpt lat="49.209520" lon="18.619578"><ele>514.1</ele></trkpt>
      <trkpt lat="49.209488" lon="18.619576"><ele>514.3</ele></trkpt>
      <trkpt lat="49.209466" lon="18.619576"><ele>514.4</ele></trkpt>
      <trkpt lat="49.209434" lon="18.619578"><ele>514.7</ele></trkpt>
      <trkpt lat="49.209402" lon="18.619578"><ele>515.1</ele></trkpt>
      <trkpt lat="49.209366" lon="18.619570"><ele>515.5</ele></trkpt>
      <trkpt lat="49.209347" lon="18.619570"><ele>515.8</ele></trkpt>
      <trkpt lat="49.209322" lon="18.619576"><ele>516.1</ele></trkpt>
      <trkpt lat="49.209306" lon="18.619605"><ele>516.5</ele></trkpt>
      <trkpt lat="49.209302" lon="18.619642"><ele>516.9</ele></trkpt>
      <trkpt lat="49.209302" lon="18.619685"><ele>517.5</ele></trkpt>
      <trkpt lat="49.209293" lon="18.619725"><ele>516.9</ele></trkpt>
      <trkpt lat="49.209274" lon="18.619779"><ele>516.0</ele></trkpt>
      <trkpt lat="49.209258" lon="18.619803"><ele>515.6</ele></trkpt>
      <trkpt lat="49.209238" lon="18.619824"><ele>515.0</ele></trkpt>
      <trkpt lat="49.209222" lon="18.619843"><ele>514.6</ele></trkpt>
      <trkpt lat="49.209197" lon="18.619862"><ele>514.0</ele></trkpt>
      <trkpt lat="49.209174" lon="18.619883"><ele>513.4</ele></trkpt>
      <trkpt lat="49.209146" lon="18.619896"><ele>512.8</ele></trkpt>
      <trkpt lat="49.209110" lon="18.619910"><ele>512.0</ele></trkpt>
      <trkpt lat="49.209085" lon="18.619917"><ele>511.5</ele></trkpt>
      <trkpt lat="49.209046" lon="18.619934"><ele>510.6</ele></trkpt>
      <trkpt lat="49.209024" lon="18.619936"><ele>510.1</ele></trkpt>
      <trkpt lat="49.208995" lon="18.619934"><ele>509.5</ele></trkpt>
      <trkpt lat="49.208976" lon="18.619934"><ele>509.1</ele></trkpt>
      <trkpt lat="49.208950" lon="18.619936"><ele>508.5</ele></trkpt>
      <trkpt lat="49.208912" lon="18.619934"><ele>507.6</ele></trkpt>
      <trkpt lat="49.208890" lon="18.619934"><ele>507.1</ele></trkpt>
      <trkpt lat="49.208870" lon="18.619933"><ele>506.7</ele></trkpt>
      <trkpt lat="49.208851" lon="18.619934"><ele>506.3</ele></trkpt>
      <trkpt lat="49.208829" lon="18.619944"><ele>505.8</ele></trkpt>
      <trkpt lat="49.208806" lon="18.619955"><ele>505.2</ele></trkpt>
      <trkpt lat="49.208778" lon="18.619965"><ele>504.6</ele></trkpt>
      <trkpt lat="49.208752" lon="18.619984"><ele>504.0</ele></trkpt>
      <trkpt lat="49.208720" lon="18.620016"><ele>503.1</ele></trkpt>
      <trkpt lat="49.208656" lon="18.620123"><ele>501.4</ele></trkpt>
      <trkpt lat="49.208592" lon="18.620162"><ele>500.4</ele></trkpt>
      <trkpt lat="49.208554" lon="18.620224"><ele>499.8</ele></trkpt>
      <trkpt lat="49.208512" lon="18.620248"><ele>499.3</ele></trkpt>
      <trkpt lat="49.208470" lon="18.620296"><ele>498.8</ele></trkpt>
      <trkpt lat="49.208448" lon="18.620293"><ele>498.6</ele></trkpt>
      <trkpt lat="49.208419" lon="18.620290"><ele>498.3</ele></trkpt>
      <trkpt lat="49.208397" lon="18.620266"><ele>498.1</ele></trkpt>
      <trkpt lat="49.208374" lon="18.620266"><ele>497.9</ele></trkpt>
      <trkpt lat="49.208352" lon="18.620267"><ele>497.7</ele></trkpt>
      <trkpt lat="49.208330" lon="18.620270"><ele>497.5</ele></trkpt>
      <trkpt lat="49.208301" lon="18.620275"><ele>497.2</ele></trkpt>
      <trkpt lat="49.208278" lon="18.620291"><ele>497.0</ele></trkpt>
      <trkpt lat="49.208253" lon="18.620290"><ele>496.8</ele></trkpt>
      <trkpt lat="49.208224" lon="18.620285"><ele>496.5</ele></trkpt>
      <trkpt lat="49.208198" lon="18.620285"><ele>496.3</ele></trkpt>
      <trkpt lat="49.208176" lon="18.620290"><ele>496.1</ele></trkpt>
      <trkpt lat="49.208144" lon="18.620312"><ele>495.8</ele></trkpt>
      <trkpt lat="49.208125" lon="18.620315"><ele>495.6</ele></trkpt>
      <trkpt lat="49.208102" lon="18.620326"><ele>495.4</ele></trkpt>
      <trkpt lat="49.208080" lon="18.620350"><ele>495.2</ele></trkpt>
      <trkpt lat="49.208058" lon="18.620362"><ele>495.0</ele></trkpt>
      <trkpt lat="49.208032" lon="18.620365"><ele>494.8</ele></trkpt>
      <trkpt lat="49.208013" lon="18.620371"><ele>494.6</ele></trkpt>
      <trkpt lat="49.207987" lon="18.620371"><ele>494.5</ele></trkpt>
      <trkpt lat="49.207946" lon="18.620363"><ele>494.2</ele></trkpt>
      <trkpt lat="49.207926" lon="18.620374"><ele>494.0</ele></trkpt>
      <trkpt lat="49.207904" lon="18.620384"><ele>493.9</ele></trkpt>
      <trkpt lat="49.207885" lon="18.620400"><ele>493.7</ele></trkpt>
      <trkpt lat="49.207866" lon="18.620419"><ele>493.6</ele></trkpt>
      <trkpt lat="49.207840" lon="18.620445"><ele>493.4</ele></trkpt>
      <trkpt lat="49.207802" lon="18.620446"><ele>493.1</ele></trkpt>
      <trkpt lat="49.207782" lon="18.620466"><ele>493.0</ele></trkpt>
      <trkpt lat="49.207766" lon="18.620482"><ele>492.9</ele></trkpt>
      <trkpt lat="49.207744" lon="18.620493"><ele>492.8</ele></trkpt>
      <trkpt lat="49.207722" lon="18.620502"><ele>492.6</ele></trkpt>
      <trkpt lat="49.207696" lon="18.620515"><ele>492.5</ele></trkpt>
      <trkpt lat="49.207667" lon="18.620539"><ele>492.3</ele></trkpt>
      <trkpt lat="49.207638" lon="18.620568"><ele>492.1</ele></trkpt>
      <trkpt lat="49.207606" lon="18.620581"><ele>491.9</ele></trkpt>
      <trkpt lat="49.207587" lon="18.620586"><ele>491.8</ele></trkpt>
      <trkpt lat="49.207565" lon="18.620610"><ele>491.6</ele></trkpt>
      <trkpt lat="49.207546" lon="18.620618"><ele>491.4</ele></trkpt>
      <trkpt lat="49.207526" lon="18.620632"><ele>491.2</ele></trkpt>
      <trkpt lat="49.207507" lon="18.620648"><ele>491.0</ele></trkpt>
      <trkpt lat="49.207488" lon="18.620664"><ele>490.8</ele></trkpt>
      <trkpt lat="49.207469" lon="18.620682"><ele>490.5</ele></trkpt>
      <trkpt lat="49.207443" lon="18.620688"><ele>490.2</ele></trkpt>
      <trkpt lat="49.207421" lon="18.620688"><ele>489.9</ele></trkpt>
      <trkpt lat="49.207398" lon="18.620707"><ele>489.6</ele></trkpt>
      <trkpt lat="49.207382" lon="18.620747"><ele>489.1</ele></trkpt>
      <trkpt lat="49.207379" lon="18.620776"><ele>488.8</ele></trkpt>
      <trkpt lat="49.207366" lon="18.620802"><ele>488.5</ele></trkpt>
      <trkpt lat="49.207357" lon="18.620851"><ele>488.0</ele></trkpt>
      <trkpt lat="49.207341" lon="18.620915"><ele>487.3</ele></trkpt>
      <trkpt lat="49.207328" lon="18.621005"><ele>486.5</ele></trkpt>
      <trkpt lat="49.207322" lon="18.621096"><ele>485.7</ele></trkpt>
      <trkpt lat="49.207322" lon="18.621189"><ele>485.1</ele></trkpt>
      <trkpt lat="49.207312" lon="18.621302"><ele>484.4</ele></trkpt>
      <trkpt lat="49.207306" lon="18.621402"><ele>483.8</ele></trkpt>
      <trkpt lat="49.207312" lon="18.621483"><ele>484.2</ele></trkpt>
      <trkpt lat="49.207325" lon="18.621555"><ele>484.7</ele></trkpt>
      <trkpt lat="49.207338" lon="18.621618"><ele>485.1</ele></trkpt>
      <trkpt lat="49.207347" lon="18.621658"><ele>485.4</ele></trkpt>
      <trkpt lat="49.207347" lon="18.621710"><ele>485.7</ele></trkpt>
      <trkpt lat="49.207344" lon="18.621744"><ele>486.0</ele></trkpt>
      <trkpt lat="49.207341" lon="18.621786"><ele>486.2</ele></trkpt>
      <trkpt lat="49.207331" lon="18.621834"><ele>486.5</ele></trkpt>
      <trkpt lat="49.207325" lon="18.621874"><ele>486.8</ele></trkpt>
      <trkpt lat="49.207325" lon="18.621906"><ele>487.0</ele></trkpt>
      <trkpt lat="49.207322" lon="18.621936"><ele>487.1</ele></trkpt>
      <trkpt lat="49.207312" lon="18.621963"><ele>487.3</ele></trkpt>
      <trkpt lat="49.207302" lon="18.621992"><ele>487.4</ele></trkpt>
      <trkpt lat="49.207290" lon="18.622029"><ele>487.6</ele></trkpt>
      <trkpt lat="49.207277" lon="18.622059"><ele>487.8</ele></trkpt>
      <trkpt lat="49.207264" lon="18.622094"><ele>488.0</ele></trkpt>
      <trkpt lat="49.207251" lon="18.622133"><ele>488.2</ele></trkpt>
      <trkpt lat="49.207245" lon="18.622163"><ele>488.4</ele></trkpt>
      <trkpt lat="49.207242" lon="18.622190"><ele>488.6</ele></trkpt>
      <trkpt lat="49.207226" lon="18.622234"><ele>488.9</ele></trkpt>
      <trkpt lat="49.207219" lon="18.622261"><ele>489.1</ele></trkpt>
      <trkpt lat="49.207206" lon="18.622299"><ele>489.4</ele></trkpt>
      <trkpt lat="49.207190" lon="18.622333"><ele>489.7</ele></trkpt>
      <trkpt lat="49.207184" lon="18.622360"><ele>489.9</ele></trkpt>
      <trkpt lat="49.207181" lon="18.622414"><ele>490.3</ele></trkpt>
      <trkpt lat="49.207168" lon="18.622445"><ele>490.6</ele></trkpt>
      <trkpt lat="49.207162" lon="18.622477"><ele>490.9</ele></trkpt>
      <trkpt lat="49.207152" lon="18.622501"><ele>491.2</ele></trkpt>
      <trkpt lat="49.207149" lon="18.622536"><ele>491.5</ele></trkpt>
      <trkpt lat="49.207142" lon="18.622565"><ele>491.8</ele></trkpt>
      <trkpt lat="49.207130" lon="18.622600"><ele>492.1</ele></trkpt>
      <trkpt lat="49.207120" lon="18.622656"><ele>492.7</ele></trkpt>
      <trkpt lat="49.207110" lon="18.622686"><ele>492.9</ele></trkpt>
      <trkpt lat="49.207104" lon="18.622715"><ele>493.2</ele></trkpt>
      <trkpt lat="49.207098" lon="18.622742"><ele>493.5</ele></trkpt>
      <trkpt lat="49.207088" lon="18.622770"><ele>493.7</ele></trkpt>
      <trkpt lat="49.207082" lon="18.622802"><ele>494.0</ele></trkpt>
      <trkpt lat="49.207072" lon="18.622827"><ele>494.2</ele></trkpt>
      <trkpt lat="49.207053" lon="18.622866"><ele>494.6</ele></trkpt>
      <trkpt lat="49.207040" lon="18.622906"><ele>494.9</ele></trkpt>
      <trkpt lat="49.207008" lon="18.622955"><ele>495.4</ele></trkpt>
      <trkpt lat="49.207002" lon="18.622987"><ele>495.6</ele></trkpt>
      <trkpt lat="49.206992" lon="18.623022"><ele>495.9</ele></trkpt>
      <trkpt lat="49.206973" lon="18.623053"><ele>496.2</ele></trkpt>
      <trkpt lat="49.206963" lon="18.623077"><ele>496.4</ele></trkpt>
      <trkpt lat="49.206944" lon="18.623120"><ele>496.8</ele></trkpt>
      <trkpt lat="49.206928" lon="18.623160"><ele>497.1</ele></trkpt>
      <trkpt lat="49.206912" lon="18.623197"><ele>497.5</ele></trkpt>
      <trkpt lat="49.206893" lon="18.623234"><ele>497.9</ele></trkpt>
      <trkpt lat="49.206883" lon="18.623262"><ele>498.1</ele></trkpt>
      <trkpt lat="49.206874" lon="18.623293"><ele>498.4</ele></trkpt>
      <trkpt lat="49.206864" lon="18.623323"><ele>498.7</ele></trkpt>
      <trkpt lat="49.206851" lon="18.623358"><ele>499.0</ele></trkpt>
      <trkpt lat="49.206845" lon="18.623400"><ele>499.4</ele></trkpt>
      <trkpt lat="49.206835" lon="18.623440"><ele>499.7</ele></trkpt>
      <trkpt lat="49.206832" lon="18.623483"><ele>500.1</ele></trkpt>
      <trkpt lat="49.206826" lon="18.623518"><ele>500.4</ele></trkpt>
      <trkpt lat="49.206822" lon="18.623562"><ele>500.8</ele></trkpt>
      <trkpt lat="49.206819" lon="18.623600"><ele>501.1</ele></trkpt>
      <trkpt lat="49.206810" lon="18.623643"><ele>501.5</ele></trkpt>
      <trkpt lat="49.206803" lon="18.623682"><ele>501.8</ele></trkpt>
      <trkpt lat="49.206803" lon="18.623726"><ele>502.2</ele></trkpt>
      <trkpt lat="49.206800" lon="18.623768"><ele>502.6</ele></trkpt>
      <trkpt lat="49.206794" lon="18.623811"><ele>502.9</ele></trkpt>
      <trkpt lat="49.206800" lon="18.623856"><ele>503.3</ele></trkpt>
      <trkpt lat="49.206794" lon="18.623891"><ele>503.6</ele></trkpt>
      <trkpt lat="49.206784" lon="18.623938"><ele>504.1</ele></trkpt>
      <trkpt lat="49.206781" lon="18.623974"><ele>504.4</ele></trkpt>
      <trkpt lat="49.206774" lon="18.624024"><ele>504.8</ele></trkpt>
      <trkpt lat="49.206768" lon="18.624067"><ele>505.2</ele></trkpt>
      <trkpt lat="49.206765" lon="18.624110"><ele>505.6</ele></trkpt>
      <trkpt lat="49.206768" lon="18.624152"><ele>506.0</ele></trkpt>
      <trkpt lat="49.206768" lon="18.624189"><ele>506.3</ele></trkpt>
      <trkpt lat="49.206771" lon="18.624216"><ele>506.6</ele></trkpt>
      <trkpt lat="49.206781" lon="18.624262"><ele>507.0</ele></trkpt>
      <trkpt lat="49.206774" lon="18.624304"><ele>507.4</ele></trkpt>
      <trkpt lat="49.206771" lon="18.624346"><ele>507.8</ele></trkpt>
      <trkpt lat="49.206771" lon="18.624392"><ele>508.2</ele></trkpt>
      <trkpt lat="49.206768" lon="18.624442"><ele>508.7</ele></trkpt>
      <trkpt lat="49.206762" lon="18.624477"><ele>509.0</ele></trkpt>
      <trkpt lat="49.206762" lon="18.624522"><ele>509.4</ele></trkpt>
      <trkpt lat="49.206755" lon="18.624566"><ele>509.8</ele></trkpt>
      <trkpt lat="49.206762" lon="18.624611"><ele>510.1</ele></trkpt>
      <trkpt lat="49.206762" lon="18.624653"><ele>510.4</ele></trkpt>
      <trkpt lat="49.206771" lon="18.624702"><ele>510.8</ele></trkpt>
      <trkpt lat="49.206781" lon="18.624728"><ele>511.1</ele></trkpt>
      <trkpt lat="49.206784" lon="18.624755"><ele>511.3</ele></trkpt>
      <trkpt lat="49.206784" lon="18.624798"><ele>511.6</ele></trkpt>
      <trkpt lat="49.206790" lon="18.624827"><ele>511.8</ele></trkpt>
      <trkpt lat="49.206803" lon="18.624850"><ele>512.0</ele></trkpt>
      <trkpt lat="49.206806" lon="18.624893"><ele>512.4</ele></trkpt>
      <trkpt lat="49.206803" lon="18.624950"><ele>512.8</ele></trkpt>
      <trkpt lat="49.206800" lon="18.624984"><ele>513.0</ele></trkpt>
      <trkpt lat="49.206784" lon="18.625022"><ele>513.4</ele></trkpt>
      <trkpt lat="49.206800" lon="18.625070"><ele>513.8</ele></trkpt>
      <trkpt lat="49.206810" lon="18.625101"><ele>514.0</ele></trkpt>
      <trkpt lat="49.206813" lon="18.625131"><ele>514.2</ele></trkpt>
      <trkpt lat="49.206813" lon="18.625179"><ele>514.6</ele></trkpt>
      <trkpt lat="49.206810" lon="18.625214"><ele>514.8</ele></trkpt>
      <trkpt lat="49.206810" lon="18.625245"><ele>515.0</ele></trkpt>
      <trkpt lat="49.206803" lon="18.625280"><ele>515.3</ele></trkpt>
      <trkpt lat="49.206800" lon="18.625315"><ele>515.5</ele></trkpt>
      <trkpt lat="49.206800" lon="18.625357"><ele>515.7</ele></trkpt>
      <trkpt lat="49.206803" lon="18.625384"><ele>515.9</ele></trkpt>
      <trkpt lat="49.206800" lon="18.625429"><ele>516.1</ele></trkpt>
      <trkpt lat="49.206790" lon="18.625486"><ele>516.4</ele></trkpt>
      <trkpt lat="49.206781" lon="18.625554"><ele>516.8</ele></trkpt>
      <trkpt lat="49.206784" lon="18.625584"><ele>517.0</ele></trkpt>
      <trkpt lat="49.206784" lon="18.625614"><ele>517.1</ele></trkpt>
      <trkpt lat="49.206784" lon="18.625648"><ele>517.2</ele></trkpt>
      <trkpt lat="49.206794" lon="18.625677"><ele>517.4</ele></trkpt>
      <trkpt lat="49.206800" lon="18.625706"><ele>517.5</ele></trkpt>
      <trkpt lat="49.206803" lon="18.625757"><ele>517.7</ele></trkpt>
      <trkpt lat="49.206819" lon="18.625786"><ele>517.9</ele></trkpt>
      <trkpt lat="49.206822" lon="18.625813"><ele>518.0</ele></trkpt>
      <trkpt lat="49.206822" lon="18.625845"><ele>518.1</ele></trkpt>
      <trkpt lat="49.206819" lon="18.625875"><ele>518.2</ele></trkpt>
      <trkpt lat="49.206813" lon="18.625902"><ele>518.4</ele></trkpt>
      <trkpt lat="49.206810" lon="18.625930"><ele>518.5</ele></trkpt>
      <trkpt lat="49.206803" lon="18.625957"><ele>518.6</ele></trkpt>
      <trkpt lat="49.206794" lon="18.625994"><ele>518.7</ele></trkpt>
      <trkpt lat="49.206800" lon="18.626030"><ele>518.9</ele></trkpt>
      <trkpt lat="49.206803" lon="18.626062"><ele>519.0</ele></trkpt>
      <trkpt lat="49.206813" lon="18.626101"><ele>519.1</ele></trkpt>
      <trkpt lat="49.206829" lon="18.626134"><ele>519.3</ele></trkpt>
      <trkpt lat="49.206829" lon="18.626182"><ele>519.4</ele></trkpt>
      <trkpt lat="49.206822" lon="18.626235"><ele>519.6</ele></trkpt>
      <trkpt lat="49.206829" lon="18.626267"><ele>519.8</ele></trkpt>
      <trkpt lat="49.206832" lon="18.626302"><ele>519.9</ele></trkpt>
      <trkpt lat="49.206826" lon="18.626339"><ele>520.0</ele></trkpt>
      <trkpt lat="49.206806" lon="18.626358"><ele>520.2</ele></trkpt>
      <trkpt lat="49.206784" lon="18.626410"><ele>520.4</ele></trkpt>
      <trkpt lat="49.206755" lon="18.626474"><ele>520.7</ele></trkpt>
      <trkpt lat="49.206742" lon="18.626526"><ele>521.0</ele></trkpt>
      <trkpt lat="49.206730" lon="18.626576"><ele>521.2</ele></trkpt>
      <trkpt lat="49.206726" lon="18.626645"><ele>521.5</ele></trkpt>
      <trkpt lat="49.206733" lon="18.626686"><ele>521.7</ele></trkpt>
      <trkpt lat="49.206736" lon="18.626734"><ele>521.9</ele></trkpt>
      <trkpt lat="49.206765" lon="18.626696"><ele>522.1</ele></trkpt>
      <trkpt lat="49.206787" lon="18.626675"><ele>522.3</ele></trkpt>
      <trkpt lat="49.206819" lon="18.626672"><ele>522.5</ele></trkpt>
      <trkpt lat="49.206851" lon="18.626677"><ele>522.7</ele></trkpt>
      <trkpt lat="49.206874" lon="18.626685"><ele>522.9</ele></trkpt>
      <trkpt lat="49.206899" lon="18.626685"><ele>523.1</ele></trkpt>
      <trkpt lat="49.206928" lon="18.626685"><ele>523.3</ele></trkpt>
      <trkpt lat="49.206960" lon="18.626699"><ele>523.6</ele></trkpt>
      <trkpt lat="49.206992" lon="18.626718"><ele>523.9</ele></trkpt>
      <trkpt lat="49.207027" lon="18.626722"><ele>524.2</ele></trkpt>
      <trkpt lat="49.207059" lon="18.626726"><ele>524.5</ele></trkpt>
      <trkpt lat="49.207053" lon="18.626762"><ele>524.7</ele></trkpt>
      <trkpt lat="49.207034" lon="18.626795"><ele>525.0</ele></trkpt>
      <trkpt lat="49.207024" lon="18.626826"><ele>525.2</ele></trkpt>
      <trkpt lat="49.207021" lon="18.626859"><ele>525.4</ele></trkpt>
      <trkpt lat="49.207021" lon="18.626894"><ele>525.7</ele></trkpt>
      <trkpt lat="49.207040" lon="18.626928"><ele>526.0</ele></trkpt>
      <trkpt lat="49.207053" lon="18.626973"><ele>526.3</ele></trkpt>
      <trkpt lat="49.207062" lon="18.626997"><ele>526.5</ele></trkpt>
      <trkpt lat="49.207066" lon="18.627035"><ele>526.8</ele></trkpt>
      <trkpt lat="49.207062" lon="18.627074"><ele>527.1</ele></trkpt>
      <trkpt lat="49.207059" lon="18.627104"><ele>527.3</ele></trkpt>
      <trkpt lat="49.207053" lon="18.627131"><ele>527.6</ele></trkpt>
      <trkpt lat="49.207027" lon="18.627168"><ele>528.0</ele></trkpt>
      <trkpt lat="49.207008" lon="18.627213"><ele>528.3</ele></trkpt>
      <trkpt lat="49.206998" lon="18.627240"><ele>528.6</ele></trkpt>
      <trkpt lat="49.206989" lon="18.627264"><ele>528.8</ele></trkpt>
      <trkpt lat="49.206973" lon="18.627307"><ele>529.1</ele></trkpt>
      <trkpt lat="49.206954" lon="18.627344"><ele>529.3</ele></trkpt>
      <trkpt lat="49.206941" lon="18.627390"><ele>529.5</ele></trkpt>
      <trkpt lat="49.206928" lon="18.627414"><ele>529.5</ele></trkpt>
      <trkpt lat="49.206912" lon="18.627464"><ele>529.5</ele></trkpt>
      <trkpt lat="49.206912" lon="18.627502"><ele>529.5</ele></trkpt>
      <trkpt lat="49.206922" lon="18.627531"><ele>529.4</ele></trkpt>
      <trkpt lat="49.206934" lon="18.627570"><ele>529.3</ele></trkpt>
      <trkpt lat="49.206960" lon="18.627608"><ele>529.1</ele></trkpt>
      <trkpt lat="49.206982" lon="18.627638"><ele>528.9</ele></trkpt>
      <trkpt lat="49.206998" lon="18.627654"><ele>528.8</ele></trkpt>
      <trkpt lat="49.207027" lon="18.627685"><ele>528.6</ele></trkpt>
      <trkpt lat="49.207046" lon="18.627707"><ele>528.4</ele></trkpt>
      <trkpt lat="49.207062" lon="18.627730"><ele>528.2</ele></trkpt>
      <trkpt lat="49.207078" lon="18.627750"><ele>528.1</ele></trkpt>
      <trkpt lat="49.207091" lon="18.627784"><ele>527.9</ele></trkpt>
      <trkpt lat="49.207104" lon="18.627806"><ele>527.8</ele></trkpt>
      <trkpt lat="49.207114" lon="18.627830"><ele>527.6</ele></trkpt>
      <trkpt lat="49.207123" lon="18.627874"><ele>527.4</ele></trkpt>
      <trkpt lat="49.207133" lon="18.627898"><ele>527.3</ele></trkpt>
      <trkpt lat="49.207158" lon="18.627931"><ele>527.1</ele></trkpt>
      <trkpt lat="49.207178" lon="18.627952"><ele>526.9</ele></trkpt>
      <trkpt lat="49.207190" lon="18.627976"><ele>526.8</ele></trkpt>
      <trkpt lat="49.207206" lon="18.628000"><ele>526.6</ele></trkpt>
      <trkpt lat="49.207229" lon="18.628021"><ele>526.4</ele></trkpt>
      <trkpt lat="49.207245" lon="18.628056"><ele>526.3</ele></trkpt>
      <trkpt lat="49.207264" lon="18.628078"><ele>526.1</ele></trkpt>
      <trkpt lat="49.207280" lon="18.628109"><ele>525.9</ele></trkpt>
      <trkpt lat="49.207299" lon="18.628149"><ele>525.7</ele></trkpt>
      <trkpt lat="49.207302" lon="18.628189"><ele>525.6</ele></trkpt>
      <trkpt lat="49.207318" lon="18.628218"><ele>525.4</ele></trkpt>
      <trkpt lat="49.207338" lon="18.628248"><ele>525.2</ele></trkpt>
      <trkpt lat="49.207350" lon="18.628283"><ele>525.0</ele></trkpt>
      <trkpt lat="49.207360" lon="18.628309"><ele>524.9</ele></trkpt>
      <trkpt lat="49.207366" lon="18.628344"><ele>524.7</ele></trkpt>
      <trkpt lat="49.207376" lon="18.628379"><ele>524.5</ele></trkpt>
      <trkpt lat="49.207382" lon="18.628414"><ele>524.4</ele></trkpt>
      <trkpt lat="49.207389" lon="18.628446"><ele>524.2</ele></trkpt>
      <trkpt lat="49.207405" lon="18.628478"><ele>524.0</ele></trkpt>
      <trkpt lat="49.207421" lon="18.628514"><ele>523.8</ele></trkpt>
      <trkpt lat="49.207437" lon="18.628546"><ele>523.7</ele></trkpt>
      <trkpt lat="49.207446" lon="18.628586"><ele>523.5</ele></trkpt>
      <trkpt lat="49.207462" lon="18.628616"><ele>523.3</ele></trkpt>
      <trkpt lat="49.207482" lon="18.628645"><ele>523.1</ele></trkpt>
      <trkpt lat="49.207498" lon="18.628677"><ele>522.9</ele></trkpt>
      <trkpt lat="49.207510" lon="18.628706"><ele>522.7</ele></trkpt>
      <trkpt lat="49.207536" lon="18.628736"><ele>522.5</ele></trkpt>
      <trkpt lat="49.207549" lon="18.628766"><ele>522.3</ele></trkpt>
      <trkpt lat="49.207565" lon="18.628797"><ele>522.1</ele></trkpt>
      <trkpt lat="49.207587" lon="18.628826"><ele>521.8</ele></trkpt>
      <trkpt lat="49.207606" lon="18.628856"><ele>521.6</ele></trkpt>
      <trkpt lat="49.207626" lon="18.628883"><ele>521.3</ele></trkpt>
      <trkpt lat="49.207645" lon="18.628914"><ele>521.0</ele></trkpt>
      <trkpt lat="49.207664" lon="18.628942"><ele>520.7</ele></trkpt>
      <trkpt lat="49.207683" lon="18.628971"><ele>520.4</ele></trkpt>
      <trkpt lat="49.207706" lon="18.628998"><ele>520.1</ele></trkpt>
      <trkpt lat="49.207725" lon="18.629029"><ele>519.8</ele></trkpt>
      <trkpt lat="49.207754" lon="18.629058"><ele>519.3</ele></trkpt>
      <trkpt lat="49.207776" lon="18.629085"><ele>519.0</ele></trkpt>
      <trkpt lat="49.207789" lon="18.629117"><ele>518.6</ele></trkpt>
      <trkpt lat="49.207814" lon="18.629144"><ele>518.2</ele></trkpt>
      <trkpt lat="49.207837" lon="18.629178"><ele>517.7</ele></trkpt>
      <trkpt lat="49.207859" lon="18.629206"><ele>517.3</ele></trkpt>
      <trkpt lat="49.207878" lon="18.629234"><ele>517.0</ele></trkpt>
      <trkpt lat="49.207882" lon="18.629274"><ele>516.6</ele></trkpt>
      <trkpt lat="49.207885" lon="18.629312"><ele>516.3</ele></trkpt>
      <trkpt lat="49.207894" lon="18.629342"><ele>516.0</ele></trkpt>
      <trkpt lat="49.207914" lon="18.629376"><ele>515.6</ele></trkpt>
      <trkpt lat="49.207926" lon="18.629406"><ele>515.2</ele></trkpt>
      <trkpt lat="49.207946" lon="18.629435"><ele>514.9</ele></trkpt>
      <trkpt lat="49.207965" lon="18.629467"><ele>514.4</ele></trkpt>
      <trkpt lat="49.207984" lon="18.629499"><ele>514.0</ele></trkpt>
      <trkpt lat="49.208000" lon="18.629538"><ele>513.5</ele></trkpt>
      <trkpt lat="49.208006" lon="18.629579"><ele>513.1</ele></trkpt>
      <trkpt lat="49.208006" lon="18.629624"><ele>512.6</ele></trkpt>
      <trkpt lat="49.208013" lon="18.629666"><ele>512.2</ele></trkpt>
      <trkpt lat="49.208016" lon="18.629715"><ele>511.7</ele></trkpt>
      <trkpt lat="49.208019" lon="18.629749"><ele>511.3</ele></trkpt>
      <trkpt lat="49.208032" lon="18.629789"><ele>510.9</ele></trkpt>
      <trkpt lat="49.208042" lon="18.629829"><ele>510.5</ele></trkpt>
      <trkpt lat="49.208051" lon="18.629867"><ele>510.1</ele></trkpt>
      <trkpt lat="49.208058" lon="18.629907"><ele>509.8</ele></trkpt>
      <trkpt lat="49.208064" lon="18.629949"><ele>509.4</ele></trkpt>
      <trkpt lat="49.208064" lon="18.629990"><ele>509.1</ele></trkpt>
      <trkpt lat="49.208064" lon="18.630034"><ele>508.8</ele></trkpt>
      <trkpt lat="49.208070" lon="18.630075"><ele>508.4</ele></trkpt>
      <trkpt lat="49.208074" lon="18.630123"><ele>508.1</ele></trkpt>
      <trkpt lat="49.208074" lon="18.630155"><ele>507.8</ele></trkpt>
      <trkpt lat="49.208074" lon="18.630197"><ele>507.5</ele></trkpt>
      <trkpt lat="49.208077" lon="18.630234"><ele>507.2</ele></trkpt>
      <trkpt lat="49.208083" lon="18.630272"><ele>506.9</ele></trkpt>
      <trkpt lat="49.208086" lon="18.630306"><ele>506.6</ele></trkpt>
      <trkpt lat="49.208096" lon="18.630339"><ele>506.4</ele></trkpt>
      <trkpt lat="49.208106" lon="18.630370"><ele>506.1</ele></trkpt>
      <trkpt lat="49.208115" lon="18.630402"><ele>505.8</ele></trkpt>
      <trkpt lat="49.208118" lon="18.630435"><ele>505.6</ele></trkpt>
      <trkpt lat="49.208125" lon="18.630480"><ele>505.2</ele></trkpt>
      <trkpt lat="49.208125" lon="18.630510"><ele>505.0</ele></trkpt>
      <trkpt lat="49.208122" lon="18.630549"><ele>504.7</ele></trkpt>
      <trkpt lat="49.208118" lon="18.630590"><ele>504.3</ele></trkpt>
      <trkpt lat="49.208125" lon="18.630624"><ele>504.0</ele></trkpt>
      <trkpt lat="49.208134" lon="18.630650"><ele>503.7</ele></trkpt>
      <trkpt lat="49.208150" lon="18.630680"><ele>503.4</ele></trkpt>
      <trkpt lat="49.208163" lon="18.630718"><ele>502.9</ele></trkpt>
      <trkpt lat="49.208176" lon="18.630747"><ele>502.6</ele></trkpt>
      <trkpt lat="49.208198" lon="18.630797"><ele>502.0</ele></trkpt>
      <trkpt lat="49.208211" lon="18.630829"><ele>501.6</ele></trkpt>
      <trkpt lat="49.208221" lon="18.630858"><ele>501.2</ele></trkpt>
      <trkpt lat="49.208240" lon="18.630891"><ele>500.7</ele></trkpt>
      <trkpt lat="49.208259" lon="18.630909"><ele>500.4</ele></trkpt>
      <trkpt lat="49.208278" lon="18.630928"><ele>500.0</ele></trkpt>
      <trkpt lat="49.208298" lon="18.630949"><ele>499.6</ele></trkpt>
      <trkpt lat="49.208317" lon="18.630974"><ele>499.2</ele></trkpt>
      <trkpt lat="49.208333" lon="18.630990"><ele>498.8</ele></trkpt>
      <trkpt lat="49.208349" lon="18.631010"><ele>498.5</ele></trkpt>
      <trkpt lat="49.208358" lon="18.631034"><ele>498.2</ele></trkpt>
      <trkpt lat="49.208381" lon="18.631061"><ele>497.7</ele></trkpt>
      <trkpt lat="49.208397" lon="18.631086"><ele>497.4</ele></trkpt>
      <trkpt lat="49.208413" lon="18.631110"><ele>497.1</ele></trkpt>
      <trkpt lat="49.208422" lon="18.631138"><ele>496.8</ele></trkpt>
      <trkpt lat="49.208448" lon="18.631176"><ele>496.2</ele></trkpt>
      <trkpt lat="49.208461" lon="18.631214"><ele>495.8</ele></trkpt>
      <trkpt lat="49.208477" lon="18.631243"><ele>495.4</ele></trkpt>
      <trkpt lat="49.208490" lon="18.631278"><ele>495.0</ele></trkpt>
      <trkpt lat="49.208499" lon="18.631317"><ele>494.6</ele></trkpt>
      <trkpt lat="49.208515" lon="18.631352"><ele>494.1</ele></trkpt>
      <trkpt lat="49.208528" lon="18.631390"><ele>493.7</ele></trkpt>
      <trkpt lat="49.208531" lon="18.631421"><ele>493.3</ele></trkpt>
      <trkpt lat="49.208541" lon="18.631466"><ele>492.8</ele></trkpt>
      <trkpt lat="49.208547" lon="18.631504"><ele>492.4</ele></trkpt>
      <trkpt lat="49.208550" lon="18.631544"><ele>491.9</ele></trkpt>
      <trkpt lat="49.208550" lon="18.631584"><ele>491.5</ele></trkpt>
      <trkpt lat="49.208550" lon="18.631626"><ele>491.0</ele></trkpt>
      <trkpt lat="49.208547" lon="18.631664"><ele>490.6</ele></trkpt>
      <trkpt lat="49.208538" lon="18.631696"><ele>490.3</ele></trkpt>
      <trkpt lat="49.208538" lon="18.631728"><ele>490.0</ele></trkpt>
      <trkpt lat="49.208534" lon="18.631755"><ele>489.7</ele></trkpt>
      <trkpt lat="49.208538" lon="18.631786"><ele>489.4</ele></trkpt>
      <trkpt lat="49.208541" lon="18.631818"><ele>489.1</ele></trkpt>
      <trkpt lat="49.208541" lon="18.631872"><ele>488.6</ele></trkpt>
      <trkpt lat="49.208550" lon="18.631901"><ele>488.3</ele></trkpt>
      <trkpt lat="49.208560" lon="18.631928"><ele>488.0</ele></trkpt>
      <trkpt lat="49.208573" lon="18.631950"><ele>487.7</ele></trkpt>
      <trkpt lat="49.208582" lon="18.631978"><ele>487.3</ele></trkpt>
      <trkpt lat="49.208595" lon="18.632006"><ele>486.9</ele></trkpt>
      <trkpt lat="49.208611" lon="18.632034"><ele>486.5</ele></trkpt>
      <trkpt lat="49.208627" lon="18.632069"><ele>485.9</ele></trkpt>
      <trkpt lat="49.208640" lon="18.632101"><ele>485.5</ele></trkpt>
      <trkpt lat="49.208653" lon="18.632141"><ele>484.9</ele></trkpt>
      <trkpt lat="49.208662" lon="18.632173"><ele>484.4</ele></trkpt>
      <trkpt lat="49.208675" lon="18.632200"><ele>483.9</ele></trkpt>
      <trkpt lat="49.208688" lon="18.632226"><ele>483.4</ele></trkpt>
      <trkpt lat="49.208694" lon="18.632258"><ele>483.0</ele></trkpt>
      <trkpt lat="49.208698" lon="18.632286"><ele>482.5</ele></trkpt>
      <trkpt lat="49.208714" lon="18.632338"><ele>481.7</ele></trkpt>
      <trkpt lat="49.208733" lon="18.632366"><ele>481.1</ele></trkpt>
      <trkpt lat="49.208749" lon="18.632403"><ele>480.4</ele></trkpt>
      <trkpt lat="49.208762" lon="18.632438"><ele>479.8</ele></trkpt>
      <trkpt lat="49.208778" lon="18.632469"><ele>479.2</ele></trkpt>
      <trkpt lat="49.208794" lon="18.632498"><ele>478.6</ele></trkpt>
      <trkpt lat="49.208810" lon="18.632526"><ele>478.0</ele></trkpt>
      <trkpt lat="49.208826" lon="18.632554"><ele>477.4</ele></trkpt>
      <trkpt lat="49.208838" lon="18.632578"><ele>477.0</ele></trkpt>
      <trkpt lat="49.208867" lon="18.632614"><ele>476.0</ele></trkpt>
      <trkpt lat="49.208893" lon="18.632648"><ele>475.2</ele></trkpt>
      <trkpt lat="49.208909" lon="18.632664"><ele>474.7</ele></trkpt>
      <trkpt lat="49.208925" lon="18.632677"><ele>474.3</ele></trkpt>
      <trkpt lat="49.208944" lon="18.632686"><ele>473.8</ele></trkpt>
      <trkpt lat="49.208960" lon="18.632704"><ele>473.3</ele></trkpt>
      <trkpt lat="49.208989" lon="18.632722"><ele>472.6</ele></trkpt>
      <trkpt lat="49.209014" lon="18.632741"><ele>472.0</ele></trkpt>
      <trkpt lat="49.209030" lon="18.632758"><ele>471.6</ele></trkpt>
      <trkpt lat="49.209053" lon="18.632792"><ele>470.9</ele></trkpt>
      <trkpt lat="49.209075" lon="18.632824"><ele>470.3</ele></trkpt>
      <trkpt lat="49.209088" lon="18.632845"><ele>470.0</ele></trkpt>
      <trkpt lat="49.209104" lon="18.632866"><ele>469.5</ele></trkpt>
      <trkpt lat="49.209130" lon="18.632902"><ele>468.8</ele></trkpt>
      <trkpt lat="49.209152" lon="18.632933"><ele>468.3</ele></trkpt>
      <trkpt lat="49.209171" lon="18.632954"><ele>467.8</ele></trkpt>
      <trkpt lat="49.209187" lon="18.632971"><ele>467.4</ele></trkpt>
      <trkpt lat="49.209206" lon="18.632987"><ele>467.0</ele></trkpt>
      <trkpt lat="49.209222" lon="18.633005"><ele>466.6</ele></trkpt>
      <trkpt lat="49.209238" lon="18.633022"><ele>466.2</ele></trkpt>
      <trkpt lat="49.209254" lon="18.633037"><ele>465.8</ele></trkpt>
      <trkpt lat="49.209270" lon="18.633051"><ele>465.5</ele></trkpt>
      <trkpt lat="49.209293" lon="18.633061"><ele>465.0</ele></trkpt>
      <trkpt lat="49.209312" lon="18.633074"><ele>464.6</ele></trkpt>
      <trkpt lat="49.209331" lon="18.633091"><ele>464.2</ele></trkpt>
      <trkpt lat="49.209350" lon="18.633102"><ele>463.8</ele></trkpt>
      <trkpt lat="49.209373" lon="18.633114"><ele>463.4</ele></trkpt>
      <trkpt lat="49.209414" lon="18.633125"><ele>462.6</ele></trkpt>
      <trkpt lat="49.209450" lon="18.633139"><ele>461.9</ele></trkpt>
      <trkpt lat="49.209475" lon="18.633146"><ele>461.4</ele></trkpt>
      <trkpt lat="49.209507" lon="18.633163"><ele>460.7</ele></trkpt>
      <trkpt lat="49.209542" lon="18.633173"><ele>460.0</ele></trkpt>
      <trkpt lat="49.209571" lon="18.633178"><ele>459.4</ele></trkpt>
      <trkpt lat="49.209606" lon="18.633178"><ele>458.7</ele></trkpt>
      <trkpt lat="49.209632" lon="18.633181"><ele>458.2</ele></trkpt>
      <trkpt lat="49.209654" lon="18.633192"><ele>457.8</ele></trkpt>
      <trkpt lat="49.209674" lon="18.633200"><ele>457.4</ele></trkpt>
      <trkpt lat="49.209699" lon="18.633214"><ele>456.9</ele></trkpt>
      <trkpt lat="49.209725" lon="18.633232"><ele>456.4</ele></trkpt>
      <trkpt lat="49.209750" lon="18.633243"><ele>455.9</ele></trkpt>
      <trkpt lat="49.209773" lon="18.633254"><ele>455.5</ele></trkpt>
      <trkpt lat="49.209792" lon="18.633264"><ele>455.1</ele></trkpt>
      <trkpt lat="49.209814" lon="18.633282"><ele>454.6</ele></trkpt>
      <trkpt lat="49.209834" lon="18.633298"><ele>454.2</ele></trkpt>
      <trkpt lat="49.209853" lon="18.633317"><ele>453.8</ele></trkpt>
      <trkpt lat="49.209872" lon="18.633341"><ele>453.3</ele></trkpt>
      <trkpt lat="49.209901" lon="18.633371"><ele>452.7</ele></trkpt>
      <trkpt lat="49.209926" lon="18.633397"><ele>452.1</ele></trkpt>
      <trkpt lat="49.209946" lon="18.633421"><ele>451.7</ele></trkpt>
      <trkpt lat="49.209968" lon="18.633446"><ele>451.2</ele></trkpt>
      <trkpt lat="49.209990" lon="18.633477"><ele>450.6</ele></trkpt>
      <trkpt lat="49.210010" lon="18.633501"><ele>450.2</ele></trkpt>
      <trkpt lat="49.210029" lon="18.633528"><ele>449.8</ele></trkpt>
      <trkpt lat="49.210048" lon="18.633552"><ele>449.4</ele></trkpt>
      <trkpt lat="49.210061" lon="18.633582"><ele>449.0</ele></trkpt>
      <trkpt lat="49.210080" lon="18.633610"><ele>448.5</ele></trkpt>
      <trkpt lat="49.210090" lon="18.633642"><ele>448.1</ele></trkpt>
      <trkpt lat="49.210106" lon="18.633670"><ele>447.7</ele></trkpt>
      <trkpt lat="49.210125" lon="18.633699"><ele>447.3</ele></trkpt>
      <trkpt lat="49.210144" lon="18.633726"><ele>446.9</ele></trkpt>
      <trkpt lat="49.210163" lon="18.633755"><ele>446.4</ele></trkpt>
      <trkpt lat="49.210186" lon="18.633784"><ele>445.9</ele></trkpt>
      <trkpt lat="49.210198" lon="18.633808"><ele>445.6</ele></trkpt>
      <trkpt lat="49.210227" lon="18.633846"><ele>445.0</ele></trkpt>
      <trkpt lat="49.210246" lon="18.633867"><ele>444.7</ele></trkpt>
      <trkpt lat="49.210266" lon="18.633888"><ele>444.3</ele></trkpt>
      <trkpt lat="49.210285" lon="18.633910"><ele>444.0</ele></trkpt>
      <trkpt lat="49.210304" lon="18.633936"><ele>443.6</ele></trkpt>
      <trkpt lat="49.210323" lon="18.633960"><ele>443.2</ele></trkpt>
      <trkpt lat="49.210346" lon="18.633987"><ele>442.8</ele></trkpt>
      <trkpt lat="49.210368" lon="18.634010"><ele>442.4</ele></trkpt>
      <trkpt lat="49.210390" lon="18.634027"><ele>442.0</ele></trkpt>
      <trkpt lat="49.210416" lon="18.634042"><ele>441.6</ele></trkpt>
      <trkpt lat="49.210438" lon="18.634053"><ele>441.2</ele></trkpt>
      <trkpt lat="49.210464" lon="18.634062"><ele>440.8</ele></trkpt>
      <trkpt lat="49.210496" lon="18.634072"><ele>440.3</ele></trkpt>
      <trkpt lat="49.210525" lon="18.634083"><ele>439.8</ele></trkpt>
      <trkpt lat="49.210554" lon="18.634096"><ele>439.3</ele></trkpt>
      <trkpt lat="49.210582" lon="18.634112"><ele>438.8</ele></trkpt>
      <trkpt lat="49.210614" lon="18.634125"><ele>438.3</ele></trkpt>
      <trkpt lat="49.210643" lon="18.634134"><ele>437.8</ele></trkpt>
      <trkpt lat="49.210678" lon="18.634147"><ele>437.3</ele></trkpt>
      <trkpt lat="49.210714" lon="18.634165"><ele>436.6</ele></trkpt>
      <trkpt lat="49.210746" lon="18.634194"><ele>436.0</ele></trkpt>
      <trkpt lat="49.210784" lon="18.634213"><ele>435.3</ele></trkpt>
      <trkpt lat="49.210842" lon="18.634253"><ele>434.2</ele></trkpt>
      <trkpt lat="49.210886" lon="18.634280"><ele>433.4</ele></trkpt>
      <trkpt lat="49.210931" lon="18.634301"><ele>432.6</ele></trkpt>
      <trkpt lat="49.210950" lon="18.634317"><ele>432.3</ele></trkpt>
      <trkpt lat="49.210976" lon="18.634334"><ele>431.8</ele></trkpt>
      <trkpt lat="49.211014" lon="18.634354"><ele>431.2</ele></trkpt>
      <trkpt lat="49.211056" lon="18.634366"><ele>430.6</ele></trkpt>
      <trkpt lat="49.211075" lon="18.634392"><ele>430.2</ele></trkpt>
      <trkpt lat="49.211091" lon="18.634419"><ele>429.8</ele></trkpt>
      <trkpt lat="49.211120" lon="18.634437"><ele>429.3</ele></trkpt>
      <trkpt lat="49.211142" lon="18.634453"><ele>429.0</ele></trkpt>
      <trkpt lat="49.211171" lon="18.634464"><ele>428.6</ele></trkpt>
      <trkpt lat="49.211200" lon="18.634469"><ele>428.2</ele></trkpt>
      <trkpt lat="49.211235" lon="18.634482"><ele>427.8</ele></trkpt>
      <trkpt lat="49.211264" lon="18.634502"><ele>427.4</ele></trkpt>
      <trkpt lat="49.211283" lon="18.634514"><ele>427.2</ele></trkpt>
      <trkpt lat="49.211331" lon="18.634523"><ele>426.6</ele></trkpt>
      <trkpt lat="49.211350" lon="18.634515"><ele>426.4</ele></trkpt>
      <trkpt lat="49.211370" lon="18.634502"><ele>426.1</ele></trkpt>
      <trkpt lat="49.211402" lon="18.634470"><ele>425.6</ele></trkpt>
      <trkpt lat="49.211418" lon="18.634446"><ele>425.2</ele></trkpt>
      <trkpt lat="49.211421" lon="18.634406"><ele>424.8</ele></trkpt>
      <trkpt lat="49.211421" lon="18.634355"><ele>424.3</ele></trkpt>
      <trkpt lat="49.211421" lon="18.634304"><ele>423.9</ele></trkpt>
      <trkpt lat="49.211430" lon="18.634264"><ele>423.5</ele></trkpt>
      <trkpt lat="49.211437" lon="18.634226"><ele>423.2</ele></trkpt>
      <trkpt lat="49.211440" lon="18.634195"><ele>422.9</ele></trkpt>
      <trkpt lat="49.211456" lon="18.634178"><ele>422.7</ele></trkpt>
      <trkpt lat="49.211482" lon="18.634182"><ele>422.5</ele></trkpt>
      <trkpt lat="49.211510" lon="18.634194"><ele>422.2</ele></trkpt>
      <trkpt lat="49.211546" lon="18.634205"><ele>421.9</ele></trkpt>
      <trkpt lat="49.211568" lon="18.634224"><ele>421.7</ele></trkpt>
      <trkpt lat="49.211587" lon="18.634253"><ele>421.4</ele></trkpt>
      <trkpt lat="49.211600" lon="18.634280"><ele>421.2</ele></trkpt>
      <trkpt lat="49.211616" lon="18.634310"><ele>420.9</ele></trkpt>
      <trkpt lat="49.211635" lon="18.634331"><ele>420.6</ele></trkpt>
      <trkpt lat="49.211648" lon="18.634354"><ele>420.4</ele></trkpt>
      <trkpt lat="49.211667" lon="18.634373"><ele>420.1</ele></trkpt>
      <trkpt lat="49.211680" lon="18.634395"><ele>419.8</ele></trkpt>
      <trkpt lat="49.211696" lon="18.634416"><ele>419.5</ele></trkpt>
      <trkpt lat="49.211728" lon="18.634451"><ele>419.0</ele></trkpt>
      <trkpt lat="49.211747" lon="18.634472"><ele>418.6</ele></trkpt>
      <trkpt lat="49.211770" lon="18.634499"><ele>418.2</ele></trkpt>
      <trkpt lat="49.211805" lon="18.634534"><ele>417.5</ele></trkpt>
      <trkpt lat="49.211827" lon="18.634555"><ele>417.1</ele></trkpt>
      <trkpt lat="49.211846" lon="18.634582"><ele>416.6</ele></trkpt>
      <trkpt lat="49.211869" lon="18.634605"><ele>416.2</ele></trkpt>
      <trkpt lat="49.211885" lon="18.634630"><ele>415.8</ele></trkpt>
      <trkpt lat="49.211914" lon="18.634648"><ele>415.3</ele></trkpt>
      <trkpt lat="49.211939" lon="18.634674"><ele>414.8</ele></trkpt>
      <trkpt lat="49.211968" lon="18.634707"><ele>414.3</ele></trkpt>
      <trkpt lat="49.211994" lon="18.634739"><ele>413.9</ele></trkpt>
      <trkpt lat="49.212016" lon="18.634778"><ele>413.5</ele></trkpt>
      <trkpt lat="49.212032" lon="18.634806"><ele>413.3</ele></trkpt>
      <trkpt lat="49.212051" lon="18.634853"><ele>413.0</ele></trkpt>
      <trkpt lat="49.212074" lon="18.634898"><ele>412.7</ele></trkpt>
      <trkpt lat="49.212093" lon="18.634922"><ele>412.5</ele></trkpt>
      <trkpt lat="49.212112" lon="18.634939"><ele>412.3</ele></trkpt>
      <trkpt lat="49.212131" lon="18.634963"><ele>412.0</ele></trkpt>
      <trkpt lat="49.212154" lon="18.634990"><ele>411.6</ele></trkpt>
      <trkpt lat="49.212173" lon="18.635019"><ele>411.2</ele></trkpt>
      <trkpt lat="49.212186" lon="18.635046"><ele>410.9</ele></trkpt>
      <trkpt lat="49.212202" lon="18.635075"><ele>410.4</ele></trkpt>
      <trkpt lat="49.212211" lon="18.635104"><ele>410.1</ele></trkpt>
      <trkpt lat="49.212221" lon="18.635134"><ele>409.7</ele></trkpt>
      <trkpt lat="49.212227" lon="18.635165"><ele>409.4</ele></trkpt>
      <trkpt lat="49.212234" lon="18.635198"><ele>409.0</ele></trkpt>
      <trkpt lat="49.212243" lon="18.635235"><ele>408.6</ele></trkpt>
      <trkpt lat="49.212253" lon="18.635269"><ele>408.3</ele></trkpt>
      <trkpt lat="49.212266" lon="18.635299"><ele>408.1</ele></trkpt>
      <trkpt lat="49.212272" lon="18.635334"><ele>407.9</ele></trkpt>
      <trkpt lat="49.212275" lon="18.635368"><ele>407.9</ele></trkpt>
      <trkpt lat="49.212275" lon="18.635400"><ele>407.8</ele></trkpt>
      <trkpt lat="49.212275" lon="18.635434"><ele>407.7</ele></trkpt>
      <trkpt lat="49.212275" lon="18.635466"><ele>407.7</ele></trkpt>
      <trkpt lat="49.212288" lon="18.635507"><ele>407.7</ele></trkpt>
      <trkpt lat="49.212294" lon="18.635542"><ele>407.7</ele></trkpt>
      <trkpt lat="49.212304" lon="18.635576"><ele>407.6</ele></trkpt>
      <trkpt lat="49.212310" lon="18.635614"><ele>407.5</ele></trkpt>
      <trkpt lat="49.212320" lon="18.635651"><ele>407.3</ele></trkpt>
      <trkpt lat="49.212330" lon="18.635682"><ele>407.1</ele></trkpt>
      <trkpt lat="49.212336" lon="18.635717"><ele>406.9</ele></trkpt>
      <trkpt lat="49.212346" lon="18.635752"><ele>406.6</ele></trkpt>
      <trkpt lat="49.212349" lon="18.635790"><ele>406.2</ele></trkpt>
      <trkpt lat="49.212352" lon="18.635830"><ele>405.8</ele></trkpt>
      <trkpt lat="49.212355" lon="18.635859"><ele>405.6</ele></trkpt>
      <trkpt lat="49.212362" lon="18.635915"><ele>404.9</ele></trkpt>
      <trkpt lat="49.212368" lon="18.635949"><ele>404.6</ele></trkpt>
      <trkpt lat="49.212374" lon="18.635986"><ele>404.1</ele></trkpt>
      <trkpt lat="49.212400" lon="18.636062"><ele>403.2</ele></trkpt>
      <trkpt lat="49.212394" lon="18.636152"><ele>402.1</ele></trkpt>
      <trkpt lat="49.212384" lon="18.636242"><ele>401.0</ele></trkpt>
      <trkpt lat="49.212394" lon="18.636312"><ele>400.1</ele></trkpt>
      <trkpt lat="49.212410" lon="18.636382"><ele>399.2</ele></trkpt>
      <trkpt lat="49.212410" lon="18.636445"><ele>398.4</ele></trkpt>
      <trkpt lat="49.212406" lon="18.636506"><ele>397.6</ele></trkpt>
      <trkpt lat="49.212403" lon="18.636578"><ele>396.7</ele></trkpt>
      <trkpt lat="49.212390" lon="18.636635"><ele>396.0</ele></trkpt>
      <trkpt lat="49.212381" lon="18.636699"><ele>395.3</ele></trkpt>
      <trkpt lat="49.212365" lon="18.636754"><ele>394.7</ele></trkpt>
      <trkpt lat="49.212352" lon="18.636800"><ele>394.1</ele></trkpt>
      <trkpt lat="49.212352" lon="18.636843"><ele>393.7</ele></trkpt>
      <trkpt lat="49.212333" lon="18.636882"><ele>393.1</ele></trkpt>
      <trkpt lat="49.212320" lon="18.636904"><ele>392.8</ele></trkpt>
      <trkpt lat="49.212294" lon="18.636944"><ele>392.1</ele></trkpt>
      <trkpt lat="49.212272" lon="18.636998"><ele>391.2</ele></trkpt>
      <trkpt lat="49.212243" lon="18.637054"><ele>390.3</ele></trkpt>
      <trkpt lat="49.212221" lon="18.637107"><ele>389.4</ele></trkpt>
      <trkpt lat="49.212208" lon="18.637160"><ele>388.6</ele></trkpt>
      <trkpt lat="49.212195" lon="18.637200"><ele>388.0</ele></trkpt>
      <trkpt lat="49.212182" lon="18.637234"><ele>387.4</ele></trkpt>
      <trkpt lat="49.212173" lon="18.637262"><ele>387.0</ele></trkpt>
      <trkpt lat="49.212154" lon="18.637291"><ele>386.4</ele></trkpt>
      <trkpt lat="49.212128" lon="18.637304"><ele>385.7</ele></trkpt>
      <trkpt lat="49.212102" lon="18.637310"><ele>385.2</ele></trkpt>
      <trkpt lat="49.212083" lon="18.637331"><ele>384.8</ele></trkpt>
      <trkpt lat="49.212058" lon="18.637339"><ele>384.2</ele></trkpt>
      <trkpt lat="49.212038" lon="18.637350"><ele>383.7</ele></trkpt>
      <trkpt lat="49.212010" lon="18.637341"><ele>383.1</ele></trkpt>
      <trkpt lat="49.211987" lon="18.637349"><ele>382.6</ele></trkpt>
      <trkpt lat="49.211965" lon="18.637382"><ele>381.9</ele></trkpt>
      <trkpt lat="49.211949" lon="18.637414"><ele>381.2</ele></trkpt>
      <trkpt lat="49.211933" lon="18.637443"><ele>380.7</ele></trkpt>
      <trkpt lat="49.211914" lon="18.637478"><ele>380.0</ele></trkpt>
      <trkpt lat="49.211894" lon="18.637517"><ele>379.2</ele></trkpt>
      <trkpt lat="49.211872" lon="18.637594"><ele>377.8</ele></trkpt>
      <trkpt lat="49.211866" lon="18.637640"><ele>377.1</ele></trkpt>
      <trkpt lat="49.211856" lon="18.637691"><ele>376.3</ele></trkpt>
      <trkpt lat="49.211850" lon="18.637726"><ele>375.7</ele></trkpt>
      <trkpt lat="49.211840" lon="18.637766"><ele>375.1</ele></trkpt>
      <trkpt lat="49.211837" lon="18.637797"><ele>374.6</ele></trkpt>
      <trkpt lat="49.211840" lon="18.637830"><ele>374.1</ele></trkpt>
      <trkpt lat="49.211850" lon="18.637870"><ele>373.5</ele></trkpt>
      <trkpt lat="49.211866" lon="18.637910"><ele>372.9</ele></trkpt>
      <trkpt lat="49.211869" lon="18.637950"><ele>372.8</ele></trkpt>
      <trkpt lat="49.211878" lon="18.637984"><ele>372.7</ele></trkpt>
      <trkpt lat="49.211891" lon="18.638019"><ele>372.5</ele></trkpt>
      <trkpt lat="49.211894" lon="18.638059"><ele>372.4</ele></trkpt>
      <trkpt lat="49.211891" lon="18.638101"><ele>372.2</ele></trkpt>
      <trkpt lat="49.211891" lon="18.638139"><ele>372.0</ele></trkpt>
      <trkpt lat="49.211885" lon="18.638178"><ele>371.7</ele></trkpt>
      <trkpt lat="49.211869" lon="18.638208"><ele>371.4</ele></trkpt>
      <trkpt lat="49.211856" lon="18.638238"><ele>371.2</ele></trkpt>
      <trkpt lat="49.211840" lon="18.638267"><ele>370.8</ele></trkpt>
      <trkpt lat="49.211827" lon="18.638298"><ele>370.5</ele></trkpt>
      <trkpt lat="49.211811" lon="18.638331"><ele>370.1</ele></trkpt>
      <trkpt lat="49.211795" lon="18.638362"><ele>369.7</ele></trkpt>
      <trkpt lat="49.211779" lon="18.638389"><ele>369.3</ele></trkpt>
      <trkpt lat="49.211766" lon="18.638422"><ele>368.8</ele></trkpt>
      <trkpt lat="49.211747" lon="18.638448"><ele>368.4</ele></trkpt>
      <trkpt lat="49.211728" lon="18.638470"><ele>367.9</ele></trkpt>
      <trkpt lat="49.211709" lon="18.638485"><ele>367.5</ele></trkpt>
      <trkpt lat="49.211686" lon="18.638496"><ele>367.1</ele></trkpt>
      <trkpt lat="49.211658" lon="18.638506"><ele>366.5</ele></trkpt>
      <trkpt lat="49.211626" lon="18.638515"><ele>366.0</ele></trkpt>
      <trkpt lat="49.211590" lon="18.638520"><ele>365.4</ele></trkpt>
      <trkpt lat="49.211558" lon="18.638522"><ele>365.0</ele></trkpt>
      <trkpt lat="49.211526" lon="18.638526"><ele>364.5</ele></trkpt>
      <trkpt lat="49.211498" lon="18.638538"><ele>364.1</ele></trkpt>
      <trkpt lat="49.211475" lon="18.638566"><ele>363.7</ele></trkpt>
      <trkpt lat="49.211456" lon="18.638600"><ele>363.6</ele></trkpt>
      <trkpt lat="49.211446" lon="18.638637"><ele>363.6</ele></trkpt>
      <trkpt lat="49.211440" lon="18.638683"><ele>363.6</ele></trkpt>
      <trkpt lat="49.211446" lon="18.638730"><ele>363.6</ele></trkpt>
      <trkpt lat="49.211450" lon="18.638770"><ele>362.9</ele></trkpt>
      <trkpt lat="49.211469" lon="18.638810"><ele>361.2</ele></trkpt>
      <trkpt lat="49.211491" lon="18.638819"><ele>360.0</ele></trkpt>
      <trkpt lat="49.211514" lon="18.638829"><ele>359.5</ele></trkpt>
      <trkpt lat="49.211539" lon="18.638838"><ele>359.4</ele></trkpt>
      <trkpt lat="49.211562" lon="18.638861"><ele>359.3</ele></trkpt>
      <trkpt lat="49.211581" lon="18.638875"><ele>359.3</ele></trkpt>
      <trkpt lat="49.211610" lon="18.638904"><ele>359.2</ele></trkpt>
      <trkpt lat="49.211629" lon="18.638918"><ele>359.1</ele></trkpt>
      <trkpt lat="49.211654" lon="18.638944"><ele>359.0</ele></trkpt>
      <trkpt lat="49.211670" lon="18.638960"><ele>358.9</ele></trkpt>
      <trkpt lat="49.211696" lon="18.638990"><ele>358.8</ele></trkpt>
      <trkpt lat="49.211718" lon="18.639008"><ele>358.8</ele></trkpt>
      <trkpt lat="49.211738" lon="18.639018"><ele>358.7</ele></trkpt>
      <trkpt lat="49.211760" lon="18.639027"><ele>358.7</ele></trkpt>
      <trkpt lat="49.211789" lon="18.639038"><ele>358.6</ele></trkpt>
      <trkpt lat="49.211811" lon="18.639050"><ele>358.5</ele></trkpt>
      <trkpt lat="49.211834" lon="18.639056"><ele>358.5</ele></trkpt>
      <trkpt lat="49.211856" lon="18.639061"><ele>358.4</ele></trkpt>
      <trkpt lat="49.211875" lon="18.639064"><ele>358.4</ele></trkpt>
      <trkpt lat="49.211898" lon="18.639062"><ele>358.3</ele></trkpt>
      <trkpt lat="49.211936" lon="18.639056"><ele>358.3</ele></trkpt>
      <trkpt lat="49.211965" lon="18.639059"><ele>358.2</ele></trkpt>
      <trkpt lat="49.211997" lon="18.639061"><ele>358.2</ele></trkpt>
      <trkpt lat="49.212026" lon="18.639048"><ele>358.1</ele></trkpt>
      <trkpt lat="49.212051" lon="18.639034"><ele>358.1</ele></trkpt>
      <trkpt lat="49.212086" lon="18.639030"><ele>358.0</ele></trkpt>
      <trkpt lat="49.212115" lon="18.639046"><ele>358.0</ele></trkpt>
      <trkpt lat="49.212144" lon="18.639072"><ele>358.1</ele></trkpt>
      <trkpt lat="49.212163" lon="18.639112"><ele>358.2</ele></trkpt>
      <trkpt lat="49.212186" lon="18.639150"><ele>358.3</ele></trkpt>
      <trkpt lat="49.212205" lon="18.639190"><ele>358.4</ele></trkpt>
      <trkpt lat="49.212214" lon="18.639232"><ele>358.6</ele></trkpt>
      <trkpt lat="49.212227" lon="18.639275"><ele>358.8</ele></trkpt>
      <trkpt lat="49.212234" lon="18.639317"><ele>359.0</ele></trkpt>
      <trkpt lat="49.212243" lon="18.639352"><ele>359.2</ele></trkpt>
      <trkpt lat="49.212250" lon="18.639387"><ele>359.4</ele></trkpt>
      <trkpt lat="49.212262" lon="18.639424"><ele>359.7</ele></trkpt>
      <trkpt lat="49.212269" lon="18.639451"><ele>359.9</ele></trkpt>
      <trkpt lat="49.212282" lon="18.639483"><ele>360.1</ele></trkpt>
      <trkpt lat="49.212294" lon="18.639528"><ele>360.5</ele></trkpt>
      <trkpt lat="49.212307" lon="18.639576"><ele>360.8</ele></trkpt>
      <trkpt lat="49.212320" lon="18.639619"><ele>361.2</ele></trkpt>
      <trkpt lat="49.212333" lon="18.639667"><ele>361.5</ele></trkpt>
      <trkpt lat="49.212342" lon="18.639694"><ele>361.7</ele></trkpt>
      <trkpt lat="49.212349" lon="18.639722"><ele>361.9</ele></trkpt>
      <trkpt lat="49.212365" lon="18.639763"><ele>362.2</ele></trkpt>
      <trkpt lat="49.212384" lon="18.639813"><ele>362.5</ele></trkpt>
      <trkpt lat="49.212400" lon="18.639858"><ele>362.8</ele></trkpt>
      <trkpt lat="49.212410" lon="18.639906"><ele>363.0</ele></trkpt>
      <trkpt lat="49.212419" lon="18.639934"><ele>363.1</ele></trkpt>
      <trkpt lat="49.212426" lon="18.639979"><ele>363.3</ele></trkpt>
      <trkpt lat="49.212426" lon="18.640024"><ele>363.5</ele></trkpt>
      <trkpt lat="49.212429" lon="18.640062"><ele>363.7</ele></trkpt>
      <trkpt lat="49.212445" lon="18.640110"><ele>363.9</ele></trkpt>
      <trkpt lat="49.212448" lon="18.640141"><ele>364.0</ele></trkpt>
      <trkpt lat="49.212454" lon="18.640170"><ele>364.1</ele></trkpt>
      <trkpt lat="49.212474" lon="18.640214"><ele>364.3</ele></trkpt>
      <trkpt lat="49.212486" lon="18.640235"><ele>364.4</ele></trkpt>
      <trkpt lat="49.212499" lon="18.640259"><ele>364.6</ele></trkpt>
      <trkpt lat="49.212515" lon="18.640302"><ele>364.8</ele></trkpt>
      <trkpt lat="49.212544" lon="18.640342"><ele>365.0</ele></trkpt>
      <trkpt lat="49.212554" lon="18.640378"><ele>365.2</ele></trkpt>
      <trkpt lat="49.212560" lon="18.640422"><ele>365.4</ele></trkpt>
      <trkpt lat="49.212570" lon="18.640472"><ele>365.6</ele></trkpt>
      <trkpt lat="49.212573" lon="18.640520"><ele>365.8</ele></trkpt>
      <trkpt lat="49.212582" lon="18.640560"><ele>366.0</ele></trkpt>
      <trkpt lat="49.212592" lon="18.640598"><ele>366.1</ele></trkpt>
      <trkpt lat="49.212608" lon="18.640637"><ele>366.3</ele></trkpt>
      <trkpt lat="49.212621" lon="18.640658"><ele>366.5</ele></trkpt>
      <trkpt lat="49.212630" lon="18.640699"><ele>366.7</ele></trkpt>
      <trkpt lat="49.212634" lon="18.640741"><ele>366.9</ele></trkpt>
      <trkpt lat="49.212646" lon="18.640790"><ele>367.2</ele></trkpt>
      <trkpt lat="49.212659" lon="18.640840"><ele>367.5</ele></trkpt>
      <trkpt lat="49.212662" lon="18.640870"><ele>367.7</ele></trkpt>
      <trkpt lat="49.212666" lon="18.640904"><ele>367.9</ele></trkpt>
      <trkpt lat="49.212678" lon="18.640950"><ele>368.2</ele></trkpt>
      <trkpt lat="49.212688" lon="18.641000"><ele>368.5</ele></trkpt>
      <trkpt lat="49.212701" lon="18.641043"><ele>368.8</ele></trkpt>
      <trkpt lat="49.212707" lon="18.641094"><ele>369.1</ele></trkpt>
      <trkpt lat="49.212720" lon="18.641134"><ele>369.3</ele></trkpt>
      <trkpt lat="49.212726" lon="18.641174"><ele>369.6</ele></trkpt>
      <trkpt lat="49.212733" lon="18.641202"><ele>369.8</ele></trkpt>
      <trkpt lat="49.212733" lon="18.641251"><ele>370.0</ele></trkpt>
      <trkpt lat="49.212733" lon="18.641296"><ele>370.3</ele></trkpt>
      <trkpt lat="49.212739" lon="18.641346"><ele>370.6</ele></trkpt>
      <trkpt lat="49.212742" lon="18.641392"><ele>370.8</ele></trkpt>
      <trkpt lat="49.212742" lon="18.641422"><ele>371.0</ele></trkpt>
      <trkpt lat="49.212746" lon="18.641451"><ele>371.1</ele></trkpt>
      <trkpt lat="49.212746" lon="18.641482"><ele>371.3</ele></trkpt>
      <trkpt lat="49.212752" lon="18.641522"><ele>371.5</ele></trkpt>
      <trkpt lat="49.212752" lon="18.641563"><ele>371.7</ele></trkpt>
      <trkpt lat="49.212752" lon="18.641611"><ele>371.9</ele></trkpt>
      <trkpt lat="49.212758" lon="18.641638"><ele>372.0</ele></trkpt>
      <trkpt lat="49.212765" lon="18.641690"><ele>372.3</ele></trkpt>
      <trkpt lat="49.212765" lon="18.641718"><ele>372.4</ele></trkpt>
      <trkpt lat="49.212768" lon="18.641778"><ele>372.7</ele></trkpt>
      <trkpt lat="49.212768" lon="18.641811"><ele>372.8</ele></trkpt>
      <trkpt lat="49.212771" lon="18.641842"><ele>373.0</ele></trkpt>
      <trkpt lat="49.212778" lon="18.641899"><ele>373.2</ele></trkpt>
      <trkpt lat="49.212768" lon="18.641939"><ele>373.4</ele></trkpt>
      <trkpt lat="49.212765" lon="18.641971"><ele>373.5</ele></trkpt>
      <trkpt lat="49.212762" lon="18.642002"><ele>373.7</ele></trkpt>
      <trkpt lat="49.212762" lon="18.642037"><ele>373.8</ele></trkpt>
      <trkpt lat="49.212762" lon="18.642066"><ele>373.9</ele></trkpt>
      <trkpt lat="49.212765" lon="18.642115"><ele>374.2</ele></trkpt>
      <trkpt lat="49.212768" lon="18.642170"><ele>374.4</ele></trkpt>
      <trkpt lat="49.212771" lon="18.642226"><ele>374.7</ele></trkpt>
      <trkpt lat="49.212778" lon="18.642264"><ele>374.9</ele></trkpt>
      <trkpt lat="49.212784" lon="18.642310"><ele>375.1</ele></trkpt>
      <trkpt lat="49.212781" lon="18.642363"><ele>375.3</ele></trkpt>
      <trkpt lat="49.212781" lon="18.642413"><ele>375.5</ele></trkpt>
      <trkpt lat="49.212797" lon="18.642462"><ele>375.7</ele></trkpt>
      <trkpt lat="49.212803" lon="18.642517"><ele>375.9</ele></trkpt>
      <trkpt lat="49.212806" lon="18.642571"><ele>376.1</ele></trkpt>
      <trkpt lat="49.212803" lon="18.642621"><ele>376.2</ele></trkpt>
      <trkpt lat="49.212806" lon="18.642664"><ele>376.4</ele></trkpt>
      <trkpt lat="49.212813" lon="18.642707"><ele>376.5</ele></trkpt>
      <trkpt lat="49.212822" lon="18.642752"><ele>376.7</ele></trkpt>
      <trkpt lat="49.212838" lon="18.642797"><ele>376.8</ele></trkpt>
      <trkpt lat="49.212848" lon="18.642850"><ele>377.0</ele></trkpt>
      <trkpt lat="49.212858" lon="18.642875"><ele>377.1</ele></trkpt>
      <trkpt lat="49.212867" lon="18.642901"><ele>377.2</ele></trkpt>
      <trkpt lat="49.212880" lon="18.642925"><ele>377.3</ele></trkpt>
      <trkpt lat="49.212886" lon="18.642955"><ele>377.4</ele></trkpt>
      <trkpt lat="49.212896" lon="18.642982"><ele>377.5</ele></trkpt>
      <trkpt lat="49.212899" lon="18.643010"><ele>377.6</ele></trkpt>
      <trkpt lat="49.212899" lon="18.643038"><ele>377.7</ele></trkpt>
      <trkpt lat="49.212899" lon="18.643069"><ele>377.8</ele></trkpt>
      <trkpt lat="49.212909" lon="18.643114"><ele>378.0</ele></trkpt>
      <trkpt lat="49.212925" lon="18.643150"><ele>378.2</ele></trkpt>
      <trkpt lat="49.212941" lon="18.643179"><ele>378.3</ele></trkpt>
      <trkpt lat="49.212947" lon="18.643219"><ele>378.5</ele></trkpt>
      <trkpt lat="49.212963" lon="18.643261"><ele>378.7</ele></trkpt>
      <trkpt lat="49.212979" lon="18.643306"><ele>379.0</ele></trkpt>
      <trkpt lat="49.212989" lon="18.643333"><ele>379.2</ele></trkpt>
      <trkpt lat="49.213002" lon="18.643360"><ele>379.4</ele></trkpt>
      <trkpt lat="49.213011" lon="18.643387"><ele>379.6</ele></trkpt>
      <trkpt lat="49.213021" lon="18.643411"><ele>379.7</ele></trkpt>
      <trkpt lat="49.213037" lon="18.643438"><ele>380.0</ele></trkpt>
      <trkpt lat="49.213046" lon="18.643466"><ele>380.2</ele></trkpt>
      <trkpt lat="49.213059" lon="18.643490"><ele>380.3</ele></trkpt>
      <trkpt lat="49.213069" lon="18.643515"><ele>380.5</ele></trkpt>
      <trkpt lat="49.213082" lon="18.643538"><ele>380.7</ele></trkpt>
      <trkpt lat="49.213094" lon="18.643581"><ele>381.0</ele></trkpt>
      <trkpt lat="49.213107" lon="18.643626"><ele>381.3</ele></trkpt>
      <trkpt lat="49.213123" lon="18.643666"><ele>381.6</ele></trkpt>
      <trkpt lat="49.213126" lon="18.643714"><ele>381.9</ele></trkpt>
      <trkpt lat="49.213126" lon="18.643757"><ele>382.1</ele></trkpt>
      <trkpt lat="49.213136" lon="18.643800"><ele>382.3</ele></trkpt>
      <trkpt lat="49.213146" lon="18.643850"><ele>382.6</ele></trkpt>
      <trkpt lat="49.213162" lon="18.643893"><ele>382.9</ele></trkpt>
      <trkpt lat="49.213168" lon="18.643934"><ele>383.1</ele></trkpt>
      <trkpt lat="49.213178" lon="18.643978"><ele>383.3</ele></trkpt>
      <trkpt lat="49.213184" lon="18.644026"><ele>383.6</ele></trkpt>
      <trkpt lat="49.213187" lon="18.644080"><ele>383.9</ele></trkpt>
      <trkpt lat="49.213190" lon="18.644107"><ele>384.0</ele></trkpt>
      <trkpt lat="49.213197" lon="18.644136"><ele>384.3</ele></trkpt>
      <trkpt lat="49.213203" lon="18.644163"><ele>384.5</ele></trkpt>
      <trkpt lat="49.213216" lon="18.644216"><ele>384.9</ele></trkpt>
      <trkpt lat="49.213226" lon="18.644266"><ele>385.4</ele></trkpt>
      <trkpt lat="49.213235" lon="18.644315"><ele>385.9</ele></trkpt>
      <trkpt lat="49.213248" lon="18.644365"><ele>386.5</ele></trkpt>
      <trkpt lat="49.213264" lon="18.644408"><ele>387.0</ele></trkpt>
      <trkpt lat="49.213280" lon="18.644448"><ele>387.5</ele></trkpt>
      <trkpt lat="49.213290" lon="18.644490"><ele>388.1</ele></trkpt>
      <trkpt lat="49.213302" lon="18.644528"><ele>388.5</ele></trkpt>
      <trkpt lat="49.213306" lon="18.644578"><ele>389.1</ele></trkpt>
      <trkpt lat="49.213315" lon="18.644619"><ele>389.6</ele></trkpt>
      <trkpt lat="49.213322" lon="18.644656"><ele>390.1</ele></trkpt>
      <trkpt lat="49.213334" lon="18.644690"><ele>390.5</ele></trkpt>
      <trkpt lat="49.213341" lon="18.644726"><ele>390.9</ele></trkpt>
      <trkpt lat="49.213354" lon="18.644755"><ele>391.3</ele></trkpt>
      <trkpt lat="49.213360" lon="18.644786"><ele>391.6</ele></trkpt>
      <trkpt lat="49.213376" lon="18.644818"><ele>392.1</ele></trkpt>
      <trkpt lat="49.213389" lon="18.644846"><ele>392.4</ele></trkpt>
      <trkpt lat="49.213408" lon="18.644872"><ele>392.9</ele></trkpt>
      <trkpt lat="49.213427" lon="18.644901"><ele>393.3</ele></trkpt>
      <trkpt lat="49.213440" lon="18.644928"><ele>393.6</ele></trkpt>
      <trkpt lat="49.213443" lon="18.644968"><ele>394.0</ele></trkpt>
      <trkpt lat="49.213456" lon="18.645008"><ele>394.4</ele></trkpt>
      <trkpt lat="49.213472" lon="18.645043"><ele>394.8</ele></trkpt>
      <trkpt lat="49.213488" lon="18.645078"><ele>395.2</ele></trkpt>
      <trkpt lat="49.213507" lon="18.645101"><ele>395.6</ele></trkpt>
      <trkpt lat="49.213526" lon="18.645125"><ele>396.0</ele></trkpt>
      <trkpt lat="49.213555" lon="18.645136"><ele>396.4</ele></trkpt>
      <trkpt lat="49.213574" lon="18.645136"><ele>396.7</ele></trkpt>
      <trkpt lat="49.213594" lon="18.645115"><ele>397.0</ele></trkpt>
      <trkpt lat="49.213619" lon="18.645096"><ele>397.4</ele></trkpt>
      <trkpt lat="49.213638" lon="18.645090"><ele>397.7</ele></trkpt>
      <trkpt lat="49.213654" lon="18.645074"><ele>398.0</ele></trkpt>
      <trkpt lat="49.213654" lon="18.645026"><ele>398.5</ele></trkpt>
      <trkpt lat="49.213654" lon="18.644984"><ele>399.0</ele></trkpt>
      <trkpt lat="49.213651" lon="18.644949"><ele>399.3</ele></trkpt>
      <trkpt lat="49.213658" lon="18.644920"><ele>399.6</ele></trkpt>
      <trkpt lat="49.213664" lon="18.644875"><ele>400.1</ele></trkpt>
      <trkpt lat="49.213677" lon="18.644837"><ele>400.5</ele></trkpt>
      <trkpt lat="49.213683" lon="18.644800"><ele>400.9</ele></trkpt>
      <trkpt lat="49.213693" lon="18.644766"><ele>401.3</ele></trkpt>
      <trkpt lat="49.213686" lon="18.644723"><ele>401.7</ele></trkpt>
      <trkpt lat="49.213696" lon="18.644677"><ele>402.2</ele></trkpt>
      <trkpt lat="49.213712" lon="18.644640"><ele>402.6</ele></trkpt>
      <trkpt lat="49.213731" lon="18.644608"><ele>403.1</ele></trkpt>
      <trkpt lat="49.213744" lon="18.644571"><ele>403.5</ele></trkpt>
      <trkpt lat="49.213763" lon="18.644541"><ele>404.0</ele></trkpt>
      <trkpt lat="49.213782" lon="18.644512"><ele>404.5</ele></trkpt>
      <trkpt lat="49.213802" lon="18.644483"><ele>405.0</ele></trkpt>
      <trkpt lat="49.213821" lon="18.644450"><ele>405.5</ele></trkpt>
      <trkpt lat="49.213840" lon="18.644429"><ele>405.9</ele></trkpt>
      <trkpt lat="49.213875" lon="18.644414"><ele>406.5</ele></trkpt>
      <trkpt lat="49.213898" lon="18.644395"><ele>407.0</ele></trkpt>
      <trkpt lat="49.213923" lon="18.644370"><ele>407.5</ele></trkpt>
      <trkpt lat="49.213942" lon="18.644336"><ele>407.9</ele></trkpt>
      <trkpt lat="49.213955" lon="18.644310"><ele>408.2</ele></trkpt>
      <trkpt lat="49.213965" lon="18.644280"><ele>408.5</ele></trkpt>
      <trkpt lat="49.213990" lon="18.644264"><ele>408.9</ele></trkpt>
      <trkpt lat="49.214019" lon="18.644261"><ele>409.3</ele></trkpt>
      <trkpt lat="49.214038" lon="18.644264"><ele>409.5</ele></trkpt>
      <trkpt lat="49.214061" lon="18.644280"><ele>409.8</ele></trkpt>
      <trkpt lat="49.214074" lon="18.644301"><ele>410.0</ele></trkpt>
      <trkpt lat="49.214099" lon="18.644318"><ele>410.2</ele></trkpt>
      <trkpt lat="49.214131" lon="18.644342"><ele>410.5</ele></trkpt>
      <trkpt lat="49.214147" lon="18.644355"><ele>410.6</ele></trkpt>
      <trkpt lat="49.214176" lon="18.644382"><ele>410.9</ele></trkpt>
      <trkpt lat="49.214202" lon="18.644411"><ele>411.1</ele></trkpt>
      <trkpt lat="49.214214" lon="18.644434"><ele>411.2</ele></trkpt>
      <trkpt lat="49.214234" lon="18.644474"><ele>411.3</ele></trkpt>
      <trkpt lat="49.214250" lon="18.644491"><ele>411.4</ele></trkpt>
      <trkpt lat="49.214275" lon="18.644528"><ele>411.6</ele></trkpt>
      <trkpt lat="49.214294" lon="18.644547"><ele>411.8</ele></trkpt>
      <trkpt lat="49.214314" lon="18.644571"><ele>411.9</ele></trkpt>
      <trkpt lat="49.214326" lon="18.644592"><ele>412.0</ele></trkpt>
      <trkpt lat="49.214346" lon="18.644634"><ele>412.2</ele></trkpt>
      <trkpt lat="49.214362" lon="18.644686"><ele>412.4</ele></trkpt>
      <trkpt lat="49.214371" lon="18.644712"><ele>412.6</ele></trkpt>
      <trkpt lat="49.214394" lon="18.644757"><ele>412.8</ele></trkpt>
      <trkpt lat="49.214406" lon="18.644779"><ele>412.9</ele></trkpt>
      <trkpt lat="49.214419" lon="18.644811"><ele>413.1</ele></trkpt>
      <trkpt lat="49.214448" lon="18.644837"><ele>413.3</ele></trkpt>
      <trkpt lat="49.214470" lon="18.644856"><ele>413.5</ele></trkpt>
      <trkpt lat="49.214490" lon="18.644866"><ele>413.7</ele></trkpt>
      <trkpt lat="49.214506" lon="18.644878"><ele>413.8</ele></trkpt>
      <trkpt lat="49.214531" lon="18.644910"><ele>414.1</ele></trkpt>
      <trkpt lat="49.214547" lon="18.644928"><ele>414.2</ele></trkpt>
      <trkpt lat="49.214573" lon="18.644958"><ele>414.5</ele></trkpt>
      <trkpt lat="49.214589" lon="18.644976"><ele>414.6</ele></trkpt>
      <trkpt lat="49.214605" lon="18.644990"><ele>414.8</ele></trkpt>
      <trkpt lat="49.214624" lon="18.645006"><ele>415.0</ele></trkpt>
      <trkpt lat="49.214640" lon="18.645021"><ele>415.1</ele></trkpt>
      <trkpt lat="49.214656" lon="18.645035"><ele>415.3</ele></trkpt>
      <trkpt lat="49.214675" lon="18.645043"><ele>415.4</ele></trkpt>
      <trkpt lat="49.214694" lon="18.645051"><ele>415.6</ele></trkpt>
      <trkpt lat="49.214723" lon="18.645069"><ele>415.9</ele></trkpt>
      <trkpt lat="49.214749" lon="18.645086"><ele>416.1</ele></trkpt>
      <trkpt lat="49.214774" lon="18.645104"><ele>416.3</ele></trkpt>
      <trkpt lat="49.214806" lon="18.645114"><ele>416.6</ele></trkpt>
      <trkpt lat="49.214832" lon="18.645126"><ele>416.9</ele></trkpt>
      <trkpt lat="49.214854" lon="18.645136"><ele>417.1</ele></trkpt>
      <trkpt lat="49.214883" lon="18.645139"><ele>417.3</ele></trkpt>
      <trkpt lat="49.214906" lon="18.645149"><ele>417.5</ele></trkpt>
      <trkpt lat="49.214928" lon="18.645160"><ele>417.7</ele></trkpt>
      <trkpt lat="49.214950" lon="18.645163"><ele>417.9</ele></trkpt>
      <trkpt lat="49.214973" lon="18.645168"><ele>418.1</ele></trkpt>
      <trkpt lat="49.215002" lon="18.645176"><ele>418.4</ele></trkpt>
      <trkpt lat="49.215024" lon="18.645186"><ele>418.7</ele></trkpt>
      <trkpt lat="49.215050" lon="18.645190"><ele>419.0</ele></trkpt>
      <trkpt lat="49.215072" lon="18.645195"><ele>419.2</ele></trkpt>
      <trkpt lat="49.215094" lon="18.645203"><ele>419.5</ele></trkpt>
      <trkpt lat="49.215120" lon="18.645210"><ele>419.8</ele></trkpt>
      <trkpt lat="49.215149" lon="18.645216"><ele>420.2</ele></trkpt>
      <trkpt lat="49.215174" lon="18.645227"><ele>420.5</ele></trkpt>
      <trkpt lat="49.215194" lon="18.645234"><ele>420.8</ele></trkpt>
      <trkpt lat="49.215216" lon="18.645245"><ele>421.1</ele></trkpt>
      <trkpt lat="49.215235" lon="18.645253"><ele>421.4</ele></trkpt>
      <trkpt lat="49.215264" lon="18.645258"><ele>421.8</ele></trkpt>
      <trkpt lat="49.215283" lon="18.645267"><ele>422.1</ele></trkpt>
      <trkpt lat="49.215309" lon="18.645275"><ele>422.4</ele></trkpt>
      <trkpt lat="49.215331" lon="18.645290"><ele>422.8</ele></trkpt>
      <trkpt lat="49.215363" lon="18.645299"><ele>423.2</ele></trkpt>
      <trkpt lat="49.215398" lon="18.645315"><ele>423.7</ele></trkpt>
      <trkpt lat="49.215430" lon="18.645331"><ele>424.2</ele></trkpt>
      <trkpt lat="49.215453" lon="18.645352"><ele>424.5</ele></trkpt>
      <trkpt lat="49.215472" lon="18.645374"><ele>424.8</ele></trkpt>
      <trkpt lat="49.215498" lon="18.645405"><ele>425.2</ele></trkpt>
      <trkpt lat="49.215520" lon="18.645426"><ele>425.6</ele></trkpt>
      <trkpt lat="49.215539" lon="18.645453"><ele>425.9</ele></trkpt>
      <trkpt lat="49.215562" lon="18.645486"><ele>426.3</ele></trkpt>
      <trkpt lat="49.215584" lon="18.645520"><ele>426.7</ele></trkpt>
      <trkpt lat="49.215600" lon="18.645534"><ele>426.9</ele></trkpt>
      <trkpt lat="49.215629" lon="18.645570"><ele>427.4</ele></trkpt>
      <trkpt lat="49.215648" lon="18.645600"><ele>427.7</ele></trkpt>
      <trkpt lat="49.215670" lon="18.645637"><ele>428.2</ele></trkpt>
      <trkpt lat="49.215699" lon="18.645677"><ele>428.7</ele></trkpt>
      <trkpt lat="49.215731" lon="18.645715"><ele>429.2</ele></trkpt>
      <trkpt lat="49.215747" lon="18.645734"><ele>429.4</ele></trkpt>
      <trkpt lat="49.215763" lon="18.645768"><ele>429.8</ele></trkpt>
      <trkpt lat="49.215789" lon="18.645762"><ele>430.3</ele></trkpt>
      <trkpt lat="49.215818" lon="18.645744"><ele>430.9</ele></trkpt>
      <trkpt lat="49.215840" lon="18.645718"><ele>431.4</ele></trkpt>
      <trkpt lat="49.215850" lon="18.645691"><ele>431.8</ele></trkpt>
      <trkpt lat="49.215859" lon="18.645650"><ele>432.3</ele></trkpt>
      <trkpt lat="49.215866" lon="18.645603"><ele>432.9</ele></trkpt>
      <trkpt lat="49.215869" lon="18.645560"><ele>433.4</ele></trkpt>
      <trkpt lat="49.215875" lon="18.645514"><ele>433.9</ele></trkpt>
      <trkpt lat="49.215869" lon="18.645486"><ele>434.2</ele></trkpt>
      <trkpt lat="49.215869" lon="18.645437"><ele>434.7</ele></trkpt>
      <trkpt lat="49.215869" lon="18.645386"><ele>435.1</ele></trkpt>
      <trkpt lat="49.215866" lon="18.645357"><ele>435.4</ele></trkpt>
      <trkpt lat="49.215859" lon="18.645312"><ele>435.8</ele></trkpt>
      <trkpt lat="49.215856" lon="18.645275"><ele>436.1</ele></trkpt>
      <trkpt lat="49.215850" lon="18.645234"><ele>436.5</ele></trkpt>
      <trkpt lat="49.215850" lon="18.645194"><ele>436.8</ele></trkpt>
      <trkpt lat="49.215843" lon="18.645160"><ele>437.1</ele></trkpt>
      <trkpt lat="49.215837" lon="18.645118"><ele>437.5</ele></trkpt>
      <trkpt lat="49.215830" lon="18.645080"><ele>437.8</ele></trkpt>
      <trkpt lat="49.215827" lon="18.645045"><ele>438.1</ele></trkpt>
      <trkpt lat="49.215824" lon="18.645005"><ele>438.5</ele></trkpt>
      <trkpt lat="49.215818" lon="18.644965"><ele>438.8</ele></trkpt>
      <trkpt lat="49.215818" lon="18.644925"><ele>439.1</ele></trkpt>
      <trkpt lat="49.215811" lon="18.644880"><ele>439.4</ele></trkpt>
      <trkpt lat="49.215811" lon="18.644837"><ele>439.7</ele></trkpt>
      <trkpt lat="49.215805" lon="18.644792"><ele>440.0</ele></trkpt>
      <trkpt lat="49.215789" lon="18.644742"><ele>440.3</ele></trkpt>
      <trkpt lat="49.215779" lon="18.644693"><ele>440.6</ele></trkpt>
      <trkpt lat="49.215766" lon="18.644642"><ele>440.8</ele></trkpt>
      <trkpt lat="49.215763" lon="18.644614"><ele>441.0</ele></trkpt>
      <trkpt lat="49.215750" lon="18.644587"><ele>441.1</ele></trkpt>
      <trkpt lat="49.215741" lon="18.644558"><ele>441.3</ele></trkpt>
      <trkpt lat="49.215725" lon="18.644525"><ele>441.4</ele></trkpt>
      <trkpt lat="49.215709" lon="18.644483"><ele>441.6</ele></trkpt>
      <trkpt lat="49.215686" lon="18.644454"><ele>441.8</ele></trkpt>
      <trkpt lat="49.215677" lon="18.644430"><ele>441.9</ele></trkpt>
      <trkpt lat="49.215664" lon="18.644395"><ele>442.1</ele></trkpt>
      <trkpt lat="49.215645" lon="18.644363"><ele>442.3</ele></trkpt>
      <trkpt lat="49.215632" lon="18.644330"><ele>442.5</ele></trkpt>
      <trkpt lat="49.215619" lon="18.644302"><ele>442.6</ele></trkpt>
      <trkpt lat="49.215610" lon="18.644270"><ele>442.8</ele></trkpt>
      <trkpt lat="49.215603" lon="18.644240"><ele>442.9</ele></trkpt>
      <trkpt lat="49.215590" lon="18.644211"><ele>443.1</ele></trkpt>
      <trkpt lat="49.215581" lon="18.644184"><ele>443.3</ele></trkpt>
      <trkpt lat="49.215571" lon="18.644157"><ele>443.5</ele></trkpt>
      <trkpt lat="49.215562" lon="18.644128"><ele>443.7</ele></trkpt>
      <trkpt lat="49.215552" lon="18.644101"><ele>443.9</ele></trkpt>
      <trkpt lat="49.215546" lon="18.644074"><ele>444.1</ele></trkpt>
      <trkpt lat="49.215530" lon="18.644022"><ele>444.5</ele></trkpt>
      <trkpt lat="49.215526" lon="18.643995"><ele>444.7</ele></trkpt>
      <trkpt lat="49.215514" lon="18.643947"><ele>445.1</ele></trkpt>
      <trkpt lat="49.215498" lon="18.643909"><ele>445.5</ele></trkpt>
      <trkpt lat="49.215485" lon="18.643874"><ele>445.9</ele></trkpt>
      <trkpt lat="49.215472" lon="18.643835"><ele>446.3</ele></trkpt>
      <trkpt lat="49.215462" lon="18.643798"><ele>446.7</ele></trkpt>
      <trkpt lat="49.215450" lon="18.643755"><ele>447.2</ele></trkpt>
      <trkpt lat="49.215434" lon="18.643715"><ele>447.8</ele></trkpt>
      <trkpt lat="49.215430" lon="18.643670"><ele>448.3</ele></trkpt>
      <trkpt lat="49.215421" lon="18.643630"><ele>448.8</ele></trkpt>
      <trkpt lat="49.215411" lon="18.643590"><ele>449.2</ele></trkpt>
      <trkpt lat="49.215405" lon="18.643555"><ele>449.6</ele></trkpt>
      <trkpt lat="49.215398" lon="18.643520"><ele>450.1</ele></trkpt>
      <trkpt lat="49.215386" lon="18.643478"><ele>450.6</ele></trkpt>
      <trkpt lat="49.215373" lon="18.643435"><ele>451.1</ele></trkpt>
      <trkpt lat="49.215366" lon="18.643400"><ele>451.5</ele></trkpt>
      <trkpt lat="49.215354" lon="18.643363"><ele>451.9</ele></trkpt>
      <trkpt lat="49.215344" lon="18.643326"><ele>452.2</ele></trkpt>
      <trkpt lat="49.215334" lon="18.643302"><ele>452.5</ele></trkpt>
      <trkpt lat="49.215325" lon="18.643261"><ele>452.9</ele></trkpt>
      <trkpt lat="49.215312" lon="18.643224"><ele>453.2</ele></trkpt>
      <trkpt lat="49.215302" lon="18.643187"><ele>453.5</ele></trkpt>
      <trkpt lat="49.215293" lon="18.643147"><ele>453.8</ele></trkpt>
      <trkpt lat="49.215283" lon="18.643098"><ele>454.2</ele></trkpt>
      <trkpt lat="49.215274" lon="18.643069"><ele>454.5</ele></trkpt>
      <trkpt lat="49.215270" lon="18.643042"><ele>454.7</ele></trkpt>
      <trkpt lat="49.215264" lon="18.643013"><ele>454.9</ele></trkpt>
      <trkpt lat="49.215248" lon="18.642960"><ele>455.3</ele></trkpt>
      <trkpt lat="49.215235" lon="18.642906"><ele>455.8</ele></trkpt>
      <trkpt lat="49.215232" lon="18.642877"><ele>456.0</ele></trkpt>
      <trkpt lat="49.215222" lon="18.642835"><ele>456.3</ele></trkpt>
      <trkpt lat="49.215210" lon="18.642795"><ele>456.6</ele></trkpt>
      <trkpt lat="49.215200" lon="18.642746"><ele>457.0</ele></trkpt>
      <trkpt lat="49.215190" lon="18.642704"><ele>457.3</ele></trkpt>
      <trkpt lat="49.215174" lon="18.642661"><ele>457.6</ele></trkpt>
      <trkpt lat="49.215165" lon="18.642608"><ele>458.0</ele></trkpt>
      <trkpt lat="49.215155" lon="18.642584"><ele>458.2</ele></trkpt>
      <trkpt lat="49.215149" lon="18.642536"><ele>458.5</ele></trkpt>
      <trkpt lat="49.215146" lon="18.642509"><ele>458.7</ele></trkpt>
      <trkpt lat="49.215146" lon="18.642466"><ele>459.1</ele></trkpt>
      <trkpt lat="49.215136" lon="18.642438"><ele>459.3</ele></trkpt>
      <trkpt lat="49.215146" lon="18.642387"><ele>459.8</ele></trkpt>
      <trkpt lat="49.215155" lon="18.642347"><ele>460.2</ele></trkpt>
      <trkpt lat="49.215168" lon="18.642325"><ele>460.5</ele></trkpt>
      <trkpt lat="49.215184" lon="18.642307"><ele>460.8</ele></trkpt>
      <trkpt lat="49.215200" lon="18.642288"><ele>461.1</ele></trkpt>
      <trkpt lat="49.215222" lon="18.642259"><ele>461.7</ele></trkpt>
      <trkpt lat="49.215248" lon="18.642235"><ele>462.3</ele></trkpt>
      <trkpt lat="49.215267" lon="18.642211"><ele>462.8</ele></trkpt>
      <trkpt lat="49.215290" lon="18.642194"><ele>463.3</ele></trkpt>
      <trkpt lat="49.215315" lon="18.642178"><ele>463.9</ele></trkpt>
      <trkpt lat="49.215344" lon="18.642170"><ele>464.5</ele></trkpt>
      <trkpt lat="49.215370" lon="18.642165"><ele>465.0</ele></trkpt>
      <trkpt lat="49.215398" lon="18.642158"><ele>465.6</ele></trkpt>
      <trkpt lat="49.215427" lon="18.642160"><ele>466.1</ele></trkpt>
      <trkpt lat="49.215459" lon="18.642165"><ele>466.7</ele></trkpt>
      <trkpt lat="49.215485" lon="18.642166"><ele>467.2</ele></trkpt>
      <trkpt lat="49.215520" lon="18.642176"><ele>467.9</ele></trkpt>
      <trkpt lat="49.215542" lon="18.642178"><ele>468.3</ele></trkpt>
      <trkpt lat="49.215578" lon="18.642179"><ele>469.0</ele></trkpt>
      <trkpt lat="49.215597" lon="18.642181"><ele>469.3</ele></trkpt>
      <trkpt lat="49.215632" lon="18.642186"><ele>470.0</ele></trkpt>
      <trkpt lat="49.215651" lon="18.642187"><ele>470.3</ele></trkpt>
      <trkpt lat="49.215677" lon="18.642187"><ele>470.8</ele></trkpt>
      <trkpt lat="49.215709" lon="18.642189"><ele>471.4</ele></trkpt>
      <trkpt lat="49.215728" lon="18.642189"><ele>471.8</ele></trkpt>
      <trkpt lat="49.215747" lon="18.642194"><ele>472.1</ele></trkpt>
      <trkpt lat="49.215766" lon="18.642197"><ele>472.5</ele></trkpt>
      <trkpt lat="49.215789" lon="18.642198"><ele>472.9</ele></trkpt>
      <trkpt lat="49.215824" lon="18.642200"><ele>473.6</ele></trkpt>
      <trkpt lat="49.215843" lon="18.642205"><ele>473.9</ele></trkpt>
      <trkpt lat="49.215875" lon="18.642206"><ele>474.6</ele></trkpt>
      <trkpt lat="49.215901" lon="18.642216"><ele>475.1</ele></trkpt>
      <trkpt lat="49.215930" lon="18.642219"><ele>475.6</ele></trkpt>
      <trkpt lat="49.215958" lon="18.642221"><ele>476.1</ele></trkpt>
      <trkpt lat="49.215978" lon="18.642216"><ele>476.5</ele></trkpt>
      <trkpt lat="49.215997" lon="18.642216"><ele>476.9</ele></trkpt>
      <trkpt lat="49.216016" lon="18.642216"><ele>477.2</ele></trkpt>
      <trkpt lat="49.216035" lon="18.642218"><ele>477.6</ele></trkpt>
      <trkpt lat="49.216058" lon="18.642218"><ele>478.1</ele></trkpt>
      <trkpt lat="49.216077" lon="18.642219"><ele>478.4</ele></trkpt>
      <trkpt lat="49.216096" lon="18.642229"><ele>478.8</ele></trkpt>
      <trkpt lat="49.216122" lon="18.642254"><ele>479.4</ele></trkpt>
      <trkpt lat="49.216134" lon="18.642280"><ele>479.8</ele></trkpt>
      <trkpt lat="49.216157" lon="18.642314"><ele>480.5</ele></trkpt>
      <trkpt lat="49.216176" lon="18.642346"><ele>481.0</ele></trkpt>
      <trkpt lat="49.216195" lon="18.642378"><ele>481.6</ele></trkpt>
      <trkpt lat="49.216214" lon="18.642406"><ele>482.1</ele></trkpt>
      <trkpt lat="49.216237" lon="18.642438"><ele>482.6</ele></trkpt>
      <trkpt lat="49.216259" lon="18.642467"><ele>483.1</ele></trkpt>
      <trkpt lat="49.216275" lon="18.642493"><ele>483.6</ele></trkpt>
      <trkpt lat="49.216294" lon="18.642502"><ele>483.9</ele></trkpt>
      <trkpt lat="49.216320" lon="18.642514"><ele>484.4</ele></trkpt>
      <trkpt lat="49.216339" lon="18.642518"><ele>484.7</ele></trkpt>
      <trkpt lat="49.216355" lon="18.642533"><ele>485.1</ele></trkpt>
      <trkpt lat="49.216378" lon="18.642547"><ele>485.5</ele></trkpt>
      <trkpt lat="49.216403" lon="18.642562"><ele>486.0</ele></trkpt>
      <trkpt lat="49.216422" lon="18.642586"><ele>486.4</ele></trkpt>
      <trkpt lat="49.216445" lon="18.642598"><ele>486.9</ele></trkpt>
      <trkpt lat="49.216477" lon="18.642614"><ele>487.4</ele></trkpt>
      <trkpt lat="49.216499" lon="18.642632"><ele>487.9</ele></trkpt>
      <trkpt lat="49.216515" lon="18.642645"><ele>488.2</ele></trkpt>
      <trkpt lat="49.216531" lon="18.642662"><ele>488.5</ele></trkpt>
      <trkpt lat="49.216563" lon="18.642688"><ele>489.1</ele></trkpt>
      <trkpt lat="49.216582" lon="18.642704"><ele>489.5</ele></trkpt>
      <trkpt lat="49.216598" lon="18.642717"><ele>489.8</ele></trkpt>
      <trkpt lat="49.216624" lon="18.642738"><ele>490.3</ele></trkpt>
      <trkpt lat="49.216650" lon="18.642763"><ele>490.9</ele></trkpt>
      <trkpt lat="49.216662" lon="18.642784"><ele>491.2</ele></trkpt>
      <trkpt lat="49.216691" lon="18.642810"><ele>491.8</ele></trkpt>
      <trkpt lat="49.216710" lon="18.642840"><ele>492.2</ele></trkpt>
      <trkpt lat="49.216733" lon="18.642870"><ele>492.7</ele></trkpt>
      <trkpt lat="49.216752" lon="18.642904"><ele>493.2</ele></trkpt>
      <trkpt lat="49.216771" lon="18.642942"><ele>493.7</ele></trkpt>
      <trkpt lat="49.216794" lon="18.642970"><ele>494.1</ele></trkpt>
      <trkpt lat="49.216816" lon="18.643000"><ele>494.6</ele></trkpt>
      <trkpt lat="49.216832" lon="18.643013"><ele>494.8</ele></trkpt>
      <trkpt lat="49.216848" lon="18.643038"><ele>495.2</ele></trkpt>
      <trkpt lat="49.216861" lon="18.643059"><ele>495.4</ele></trkpt>
      <trkpt lat="49.216880" lon="18.643074"><ele>495.7</ele></trkpt>
      <trkpt lat="49.216899" lon="18.643090"><ele>496.0</ele></trkpt>
      <trkpt lat="49.216918" lon="18.643101"><ele>496.3</ele></trkpt>
      <trkpt lat="49.216947" lon="18.643112"><ele>496.7</ele></trkpt>
      <trkpt lat="49.216973" lon="18.643110"><ele>497.1</ele></trkpt>
      <trkpt lat="49.216992" lon="18.643114"><ele>497.3</ele></trkpt>
      <trkpt lat="49.217011" lon="18.643118"><ele>497.6</ele></trkpt>
      <trkpt lat="49.217030" lon="18.643128"><ele>497.9</ele></trkpt>
      <trkpt lat="49.217050" lon="18.643128"><ele>498.1</ele></trkpt>
      <trkpt lat="49.217072" lon="18.643141"><ele>498.5</ele></trkpt>
      <trkpt lat="49.217098" lon="18.643147"><ele>498.9</ele></trkpt>
      <trkpt lat="49.217126" lon="18.643162"><ele>499.3</ele></trkpt>
      <trkpt lat="49.217146" lon="18.643168"><ele>499.6</ele></trkpt>
      <trkpt lat="49.217174" lon="18.643174"><ele>500.1</ele></trkpt>
      <trkpt lat="49.217197" lon="18.643190"><ele>500.5</ele></trkpt>
      <trkpt lat="49.217219" lon="18.643206"><ele>500.9</ele></trkpt>
      <trkpt lat="49.217242" lon="18.643221"><ele>501.4</ele></trkpt>
      <trkpt lat="49.217267" lon="18.643240"><ele>501.8</ele></trkpt>
      <trkpt lat="49.217293" lon="18.643262"><ele>502.3</ele></trkpt>
      <trkpt lat="49.217315" lon="18.643283"><ele>502.8</ele></trkpt>
      <trkpt lat="49.217338" lon="18.643301"><ele>503.2</ele></trkpt>
      <trkpt lat="49.217354" lon="18.643317"><ele>503.5</ele></trkpt>
      <trkpt lat="49.217373" lon="18.643326"><ele>503.8</ele></trkpt>
      <trkpt lat="49.217392" lon="18.643350"><ele>504.2</ele></trkpt>
      <trkpt lat="49.217414" lon="18.643378"><ele>504.6</ele></trkpt>
      <trkpt lat="49.217440" lon="18.643406"><ele>505.0</ele></trkpt>
      <trkpt lat="49.217466" lon="18.643432"><ele>505.4</ele></trkpt>
      <trkpt lat="49.217478" lon="18.643456"><ele>505.6</ele></trkpt>
      <trkpt lat="49.217494" lon="18.643472"><ele>505.8</ele></trkpt>
      <trkpt lat="49.217517" lon="18.643498"><ele>506.1</ele></trkpt>
      <trkpt lat="49.217536" lon="18.643526"><ele>506.3</ele></trkpt>
      <trkpt lat="49.217555" lon="18.643565"><ele>506.5</ele></trkpt>
      <trkpt lat="49.217571" lon="18.643608"><ele>506.7</ele></trkpt>
      <trkpt lat="49.217587" lon="18.643667"><ele>506.9</ele></trkpt>
      <trkpt lat="49.217594" lon="18.643698"><ele>506.9</ele></trkpt>
      <trkpt lat="49.217613" lon="18.643728"><ele>507.0</ele></trkpt>
      <trkpt lat="49.217635" lon="18.643765"><ele>507.1</ele></trkpt>
      <trkpt lat="49.217651" lon="18.643798"><ele>507.1</ele></trkpt>
      <trkpt lat="49.217674" lon="18.643835"><ele>507.1</ele></trkpt>
      <trkpt lat="49.217693" lon="18.643877"><ele>507.1</ele></trkpt>
      <trkpt lat="49.217712" lon="18.643915"><ele>507.1</ele></trkpt>
      <trkpt lat="49.217728" lon="18.643955"><ele>507.1</ele></trkpt>
      <trkpt lat="49.217747" lon="18.643997"><ele>507.1</ele></trkpt>
      <trkpt lat="49.217763" lon="18.644038"><ele>507.1</ele></trkpt>
      <trkpt lat="49.217782" lon="18.644077"><ele>507.1</ele></trkpt>
      <trkpt lat="49.217795" lon="18.644114"><ele>507.1</ele></trkpt>
      <trkpt lat="49.217811" lon="18.644150"><ele>507.1</ele></trkpt>
      <trkpt lat="49.217824" lon="18.644187"><ele>507.1</ele></trkpt>
      <trkpt lat="49.217837" lon="18.644227"><ele>507.1</ele></trkpt>
      <trkpt lat="49.217853" lon="18.644269"><ele>507.1</ele></trkpt>
      <trkpt lat="49.217866" lon="18.644309"><ele>507.1</ele></trkpt>
      <trkpt lat="49.217882" lon="18.644344"><ele>507.0</ele></trkpt>
      <trkpt lat="49.217891" lon="18.644382"><ele>507.0</ele></trkpt>
      <trkpt lat="49.217904" lon="18.644421"><ele>506.9</ele></trkpt>
      <trkpt lat="49.217917" lon="18.644459"><ele>506.8</ele></trkpt>
      <trkpt lat="49.217933" lon="18.644494"><ele>506.8</ele></trkpt>
      <trkpt lat="49.217946" lon="18.644530"><ele>506.7</ele></trkpt>
      <trkpt lat="49.217955" lon="18.644568"><ele>506.6</ele></trkpt>
      <trkpt lat="49.217965" lon="18.644594"><ele>506.5</ele></trkpt>
      <trkpt lat="49.217981" lon="18.644610"><ele>506.4</ele></trkpt>
      <trkpt lat="49.218000" lon="18.644632"><ele>506.4</ele></trkpt>
      <trkpt lat="49.218013" lon="18.644656"><ele>506.3</ele></trkpt>
      <trkpt lat="49.218022" lon="18.644680"><ele>506.2</ele></trkpt>
      <trkpt lat="49.218026" lon="18.644714"><ele>506.2</ele></trkpt>
      <trkpt lat="49.218042" lon="18.644739"><ele>506.1</ele></trkpt>
      <trkpt lat="49.218051" lon="18.644778"><ele>506.0</ele></trkpt>
      <trkpt lat="49.218061" lon="18.644810"><ele>506.0</ele></trkpt>
      <trkpt lat="49.218064" lon="18.644845"><ele>505.9</ele></trkpt>
      <trkpt lat="49.218064" lon="18.644885"><ele>505.8</ele></trkpt>
      <trkpt lat="49.218074" lon="18.644925"><ele>505.7</ele></trkpt>
      <trkpt lat="49.218086" lon="18.644965"><ele>505.6</ele></trkpt>
      <trkpt lat="49.218093" lon="18.645005"><ele>505.5</ele></trkpt>
      <trkpt lat="49.218106" lon="18.645043"><ele>505.5</ele></trkpt>
      <trkpt lat="49.218122" lon="18.645088"><ele>505.4</ele></trkpt>
      <trkpt lat="49.218131" lon="18.645136"><ele>505.3</ele></trkpt>
      <trkpt lat="49.218141" lon="18.645182"><ele>505.2</ele></trkpt>
      <trkpt lat="49.218144" lon="18.645227"><ele>505.1</ele></trkpt>
      <trkpt lat="49.218144" lon="18.645277"><ele>504.9</ele></trkpt>
      <trkpt lat="49.218141" lon="18.645323"><ele>504.7</ele></trkpt>
      <trkpt lat="49.218131" lon="18.645366"><ele>504.3</ele></trkpt>
      <trkpt lat="49.218125" lon="18.645403"><ele>504.0</ele></trkpt>
      <trkpt lat="49.218109" lon="18.645437"><ele>503.6</ele></trkpt>
      <trkpt lat="49.218093" lon="18.645467"><ele>503.2</ele></trkpt>
      <trkpt lat="49.218080" lon="18.645506"><ele>502.8</ele></trkpt>
      <trkpt lat="49.218067" lon="18.645546"><ele>502.4</ele></trkpt>
      <trkpt lat="49.218064" lon="18.645595"><ele>501.9</ele></trkpt>
      <trkpt lat="49.218064" lon="18.645642"><ele>501.5</ele></trkpt>
      <trkpt lat="49.218064" lon="18.645690"><ele>501.2</ele></trkpt>
      <trkpt lat="49.218070" lon="18.645733"><ele>500.9</ele></trkpt>
      <trkpt lat="49.218080" lon="18.645779"><ele>500.6</ele></trkpt>
      <trkpt lat="49.218086" lon="18.645821"><ele>500.4</ele></trkpt>
      <trkpt lat="49.218099" lon="18.645861"><ele>500.3</ele></trkpt>
      <trkpt lat="49.218109" lon="18.645894"><ele>500.2</ele></trkpt>
      <trkpt lat="49.218115" lon="18.645933"><ele>500.0</ele></trkpt>
      <trkpt lat="49.218125" lon="18.645973"><ele>499.9</ele></trkpt>
      <trkpt lat="49.218134" lon="18.646010"><ele>499.9</ele></trkpt>
      <trkpt lat="49.218147" lon="18.646048"><ele>499.8</ele></trkpt>
      <trkpt lat="49.218160" lon="18.646086"><ele>499.7</ele></trkpt>
      <trkpt lat="49.218170" lon="18.646122"><ele>499.6</ele></trkpt>
      <trkpt lat="49.218179" lon="18.646158"><ele>499.6</ele></trkpt>
      <trkpt lat="49.218189" lon="18.646197"><ele>499.5</ele></trkpt>
      <trkpt lat="49.218198" lon="18.646237"><ele>499.4</ele></trkpt>
      <trkpt lat="49.218205" lon="18.646278"><ele>499.4</ele></trkpt>
      <trkpt lat="49.218214" lon="18.646318"><ele>499.3</ele></trkpt>
      <trkpt lat="49.218224" lon="18.646358"><ele>499.2</ele></trkpt>
      <trkpt lat="49.218230" lon="18.646398"><ele>499.2</ele></trkpt>
      <trkpt lat="49.218240" lon="18.646437"><ele>499.1</ele></trkpt>
      <trkpt lat="49.218250" lon="18.646478"><ele>499.1</ele></trkpt>
      <trkpt lat="49.218262" lon="18.646517"><ele>499.0</ele></trkpt>
      <trkpt lat="49.218269" lon="18.646555"><ele>499.0</ele></trkpt>
      <trkpt lat="49.218278" lon="18.646594"><ele>498.9</ele></trkpt>
      <trkpt lat="49.218288" lon="18.646634"><ele>498.9</ele></trkpt>
      <trkpt lat="49.218301" lon="18.646674"><ele>498.8</ele></trkpt>
      <trkpt lat="49.218310" lon="18.646714"><ele>498.8</ele></trkpt>
      <trkpt lat="49.218320" lon="18.646752"><ele>498.7</ele></trkpt>
      <trkpt lat="49.218326" lon="18.646792"><ele>498.7</ele></trkpt>
      <trkpt lat="49.218339" lon="18.646832"><ele>498.6</ele></trkpt>
      <trkpt lat="49.218349" lon="18.646872"><ele>498.6</ele></trkpt>
      <trkpt lat="49.218362" lon="18.646912"><ele>498.5</ele></trkpt>
      <trkpt lat="49.218368" lon="18.646955"><ele>498.5</ele></trkpt>
      <trkpt lat="49.218384" lon="18.646997"><ele>498.4</ele></trkpt>
      <trkpt lat="49.218397" lon="18.647037"><ele>498.4</ele></trkpt>
      <trkpt lat="49.218406" lon="18.647077"><ele>498.4</ele></trkpt>
      <trkpt lat="49.218413" lon="18.647114"><ele>498.3</ele></trkpt>
      <trkpt lat="49.218422" lon="18.647152"><ele>498.3</ele></trkpt>
      <trkpt lat="49.218432" lon="18.647194"><ele>498.3</ele></trkpt>
      <trkpt lat="49.218442" lon="18.647234"><ele>498.2</ele></trkpt>
      <trkpt lat="49.218445" lon="18.647274"><ele>498.2</ele></trkpt>
      <trkpt lat="49.218458" lon="18.647310"><ele>498.2</ele></trkpt>
      <trkpt lat="49.218464" lon="18.647347"><ele>498.1</ele></trkpt>
      <trkpt lat="49.218477" lon="18.647382"><ele>498.1</ele></trkpt>
      <trkpt lat="49.218483" lon="18.647421"><ele>498.1</ele></trkpt>
      <trkpt lat="49.218496" lon="18.647458"><ele>498.0</ele></trkpt>
      <trkpt lat="49.218506" lon="18.647491"><ele>498.0</ele></trkpt>
      <trkpt lat="49.218518" lon="18.647526"><ele>498.0</ele></trkpt>
      <trkpt lat="49.218531" lon="18.647560"><ele>497.9</ele></trkpt>
      <trkpt lat="49.218547" lon="18.647598"><ele>497.9</ele></trkpt>
      <trkpt lat="49.218560" lon="18.647637"><ele>497.8</ele></trkpt>
      <trkpt lat="49.218570" lon="18.647670"><ele>497.8</ele></trkpt>
      <trkpt lat="49.218586" lon="18.647709"><ele>497.8</ele></trkpt>
      <trkpt lat="49.218592" lon="18.647736"><ele>497.8</ele></trkpt>
      <trkpt lat="49.218608" lon="18.647778"><ele>497.8</ele></trkpt>
      <trkpt lat="49.218618" lon="18.647814"><ele>497.8</ele></trkpt>
      <trkpt lat="49.218627" lon="18.647845"><ele>497.8</ele></trkpt>
      <trkpt lat="49.218640" lon="18.647870"><ele>497.8</ele></trkpt>
      <trkpt lat="49.218650" lon="18.647909"><ele>497.9</ele></trkpt>
      <trkpt lat="49.218662" lon="18.647941"><ele>497.9</ele></trkpt>
      <trkpt lat="49.218669" lon="18.647976"><ele>498.0</ele></trkpt>
      <trkpt lat="49.218682" lon="18.648010"><ele>498.1</ele></trkpt>
      <trkpt lat="49.218688" lon="18.648037"><ele>498.1</ele></trkpt>
      <trkpt lat="49.218704" lon="18.648082"><ele>498.2</ele></trkpt>
      <trkpt lat="49.218717" lon="18.648115"><ele>498.3</ele></trkpt>
      <trkpt lat="49.218723" lon="18.648147"><ele>498.4</ele></trkpt>
      <trkpt lat="49.218736" lon="18.648173"><ele>498.4</ele></trkpt>
      <trkpt lat="49.218746" lon="18.648208"><ele>498.5</ele></trkpt>
      <trkpt lat="49.218762" lon="18.648238"><ele>498.6</ele></trkpt>
      <trkpt lat="49.218774" lon="18.648267"><ele>498.7</ele></trkpt>
      <trkpt lat="49.218784" lon="18.648301"><ele>498.8</ele></trkpt>
      <trkpt lat="49.218787" lon="18.648334"><ele>498.9</ele></trkpt>
      <trkpt lat="49.218800" lon="18.648366"><ele>499.0</ele></trkpt>
      <trkpt lat="49.218806" lon="18.648395"><ele>499.1</ele></trkpt>
      <trkpt lat="49.218819" lon="18.648426"><ele>499.2</ele></trkpt>
      <trkpt lat="49.218829" lon="18.648451"><ele>499.3</ele></trkpt>
      <trkpt lat="49.218842" lon="18.648490"><ele>499.5</ele></trkpt>
      <trkpt lat="49.218848" lon="18.648518"><ele>499.6</ele></trkpt>
      <trkpt lat="49.218861" lon="18.648550"><ele>499.7</ele></trkpt>
      <trkpt lat="49.218867" lon="18.648579"><ele>499.8</ele></trkpt>
      <trkpt lat="49.218883" lon="18.648621"><ele>500.0</ele></trkpt>
      <trkpt lat="49.218896" lon="18.648653"><ele>500.1</ele></trkpt>
      <trkpt lat="49.218902" lon="18.648683"><ele>500.2</ele></trkpt>
      <trkpt lat="49.218915" lon="18.648733"><ele>500.4</ele></trkpt>
      <trkpt lat="49.218925" lon="18.648768"><ele>500.5</ele></trkpt>
      <trkpt lat="49.218934" lon="18.648794"><ele>500.7</ele></trkpt>
      <trkpt lat="49.218944" lon="18.648824"><ele>500.8</ele></trkpt>
      <trkpt lat="49.218954" lon="18.648858"><ele>500.9</ele></trkpt>
      <trkpt lat="49.218960" lon="18.648888"><ele>501.0</ele></trkpt>
      <trkpt lat="49.218976" lon="18.648926"><ele>501.2</ele></trkpt>
      <trkpt lat="49.218986" lon="18.648954"><ele>501.3</ele></trkpt>
      <trkpt lat="49.219002" lon="18.648982"><ele>501.4</ele></trkpt>
      <trkpt lat="49.219014" lon="18.649013"><ele>501.5</ele></trkpt>
      <trkpt lat="49.219024" lon="18.649037"><ele>501.6</ele></trkpt>
      <trkpt lat="49.219040" lon="18.649061"><ele>501.7</ele></trkpt>
      <trkpt lat="49.219062" lon="18.649082"><ele>501.8</ele></trkpt>
      <trkpt lat="49.219082" lon="18.649102"><ele>501.9</ele></trkpt>
      <trkpt lat="49.219104" lon="18.649130"><ele>502.0</ele></trkpt>
      <trkpt lat="49.219126" lon="18.649149"><ele>502.1</ele></trkpt>
      <trkpt lat="49.219158" lon="18.649176"><ele>502.3</ele></trkpt>
      <trkpt lat="49.219181" lon="18.649195"><ele>502.3</ele></trkpt>
      <trkpt lat="49.219200" lon="18.649214"><ele>502.4</ele></trkpt>
      <trkpt lat="49.219222" lon="18.649234"><ele>502.5</ele></trkpt>
      <trkpt lat="49.219242" lon="18.649251"><ele>502.5</ele></trkpt>
      <trkpt lat="49.219264" lon="18.649296"><ele>502.6</ele></trkpt>
      <trkpt lat="49.219277" lon="18.649317"><ele>502.6</ele></trkpt>
      <trkpt lat="49.219293" lon="18.649336"><ele>502.7</ele></trkpt>
      <trkpt lat="49.219318" lon="18.649358"><ele>502.8</ele></trkpt>
      <trkpt lat="49.219338" lon="18.649376"><ele>502.9</ele></trkpt>
      <trkpt lat="49.219354" lon="18.649395"><ele>502.9</ele></trkpt>
      <trkpt lat="49.219373" lon="18.649419"><ele>503.0</ele></trkpt>
      <trkpt lat="49.219386" lon="18.649445"><ele>503.1</ele></trkpt>
      <trkpt lat="49.219402" lon="18.649467"><ele>503.2</ele></trkpt>
      <trkpt lat="49.219421" lon="18.649493"><ele>503.3</ele></trkpt>
      <trkpt lat="49.219437" lon="18.649517"><ele>503.4</ele></trkpt>
      <trkpt lat="49.219453" lon="18.649536"><ele>503.4</ele></trkpt>
      <trkpt lat="49.219475" lon="18.649562"><ele>503.6</ele></trkpt>
      <trkpt lat="49.219491" lon="18.649584"><ele>503.6</ele></trkpt>
      <trkpt lat="49.219510" lon="18.649602"><ele>503.7</ele></trkpt>
      <trkpt lat="49.219523" lon="18.649624"><ele>503.8</ele></trkpt>
      <trkpt lat="49.219542" lon="18.649646"><ele>503.9</ele></trkpt>
      <trkpt lat="49.219562" lon="18.649666"><ele>504.1</ele></trkpt>
      <trkpt lat="49.219581" lon="18.649691"><ele>504.2</ele></trkpt>
      <trkpt lat="49.219597" lon="18.649714"><ele>504.3</ele></trkpt>
      <trkpt lat="49.219613" lon="18.649734"><ele>504.4</ele></trkpt>
      <trkpt lat="49.219635" lon="18.649762"><ele>504.5</ele></trkpt>
      <trkpt lat="49.219654" lon="18.649786"><ele>504.7</ele></trkpt>
      <trkpt lat="49.219674" lon="18.649811"><ele>504.8</ele></trkpt>
      <trkpt lat="49.219693" lon="18.649834"><ele>504.9</ele></trkpt>
      <trkpt lat="49.219715" lon="18.649877"><ele>505.1</ele></trkpt>
      <trkpt lat="49.219728" lon="18.649901"><ele>505.2</ele></trkpt>
      <trkpt lat="49.219757" lon="18.649944"><ele>505.5</ele></trkpt>
      <trkpt lat="49.219779" lon="18.649963"><ele>505.6</ele></trkpt>
      <trkpt lat="49.219795" lon="18.649984"><ele>505.7</ele></trkpt>
      <trkpt lat="49.219814" lon="18.650008"><ele>505.8</ele></trkpt>
      <trkpt lat="49.219830" lon="18.650029"><ele>506.0</ele></trkpt>
      <trkpt lat="49.219846" lon="18.650050"><ele>506.1</ele></trkpt>
      <trkpt lat="49.219859" lon="18.650070"><ele>506.2</ele></trkpt>
      <trkpt lat="49.219882" lon="18.650090"><ele>506.3</ele></trkpt>
      <trkpt lat="49.219898" lon="18.650115"><ele>506.4</ele></trkpt>
      <trkpt lat="49.219917" lon="18.650139"><ele>506.5</ele></trkpt>
      <trkpt lat="49.219939" lon="18.650160"><ele>506.7</ele></trkpt>
      <trkpt lat="49.219962" lon="18.650181"><ele>506.8</ele></trkpt>
      <trkpt lat="49.219978" lon="18.650202"><ele>506.9</ele></trkpt>
      <trkpt lat="49.220000" lon="18.650221"><ele>507.1</ele></trkpt>
      <trkpt lat="49.220026" lon="18.650242"><ele>507.2</ele></trkpt>
      <trkpt lat="49.220054" lon="18.650278"><ele>507.4</ele></trkpt>
      <trkpt lat="49.220074" lon="18.650299"><ele>507.6</ele></trkpt>
      <trkpt lat="49.220093" lon="18.650318"><ele>507.7</ele></trkpt>
      <trkpt lat="49.220112" lon="18.650331"><ele>507.8</ele></trkpt>
      <trkpt lat="49.220134" lon="18.650350"><ele>508.0</ele></trkpt>
      <trkpt lat="49.220150" lon="18.650366"><ele>508.1</ele></trkpt>
      <trkpt lat="49.220173" lon="18.650382"><ele>508.2</ele></trkpt>
      <trkpt lat="49.220195" lon="18.650406"><ele>508.4</ele></trkpt>
      <trkpt lat="49.220214" lon="18.650422"><ele>508.6</ele></trkpt>
      <trkpt lat="49.220230" lon="18.650438"><ele>508.7</ele></trkpt>
      <trkpt lat="49.220250" lon="18.650456"><ele>508.8</ele></trkpt>
      <trkpt lat="49.220269" lon="18.650470"><ele>509.0</ele></trkpt>
      <trkpt lat="49.220288" lon="18.650488"><ele>509.1</ele></trkpt>
      <trkpt lat="49.220310" lon="18.650507"><ele>509.3</ele></trkpt>
      <trkpt lat="49.220333" lon="18.650525"><ele>509.5</ele></trkpt>
      <trkpt lat="49.220355" lon="18.650538"><ele>509.6</ele></trkpt>
      <trkpt lat="49.220378" lon="18.650550"><ele>509.8</ele></trkpt>
      <trkpt lat="49.220394" lon="18.650566"><ele>509.9</ele></trkpt>
      <trkpt lat="49.220413" lon="18.650584"><ele>510.1</ele></trkpt>
      <trkpt lat="49.220435" lon="18.650597"><ele>510.3</ele></trkpt>
      <trkpt lat="49.220458" lon="18.650611"><ele>510.4</ele></trkpt>
      <trkpt lat="49.220483" lon="18.650627"><ele>510.7</ele></trkpt>
      <trkpt lat="49.220512" lon="18.650656"><ele>510.9</ele></trkpt>
      <trkpt lat="49.220554" lon="18.650680"><ele>511.3</ele></trkpt>
      <trkpt lat="49.220576" lon="18.650691"><ele>511.5</ele></trkpt>
      <trkpt lat="49.220595" lon="18.650706"><ele>511.6</ele></trkpt>
      <trkpt lat="49.220611" lon="18.650720"><ele>511.8</ele></trkpt>
      <trkpt lat="49.220627" lon="18.650736"><ele>511.9</ele></trkpt>
      <trkpt lat="49.220643" lon="18.650749"><ele>512.1</ele></trkpt>
      <trkpt lat="49.220672" lon="18.650760"><ele>512.3</ele></trkpt>
      <trkpt lat="49.220694" lon="18.650774"><ele>512.4</ele></trkpt>
      <trkpt lat="49.220714" lon="18.650787"><ele>512.6</ele></trkpt>
      <trkpt lat="49.220730" lon="18.650803"><ele>512.7</ele></trkpt>
      <trkpt lat="49.220768" lon="18.650818"><ele>513.0</ele></trkpt>
      <trkpt lat="49.220800" lon="18.650829"><ele>513.2</ele></trkpt>
      <trkpt lat="49.220832" lon="18.650829"><ele>513.4</ele></trkpt>
      <trkpt lat="49.220864" lon="18.650827"><ele>513.6</ele></trkpt>
      <trkpt lat="49.220883" lon="18.650824"><ele>513.7</ele></trkpt>
      <trkpt lat="49.220915" lon="18.650808"><ele>513.9</ele></trkpt>
      <trkpt lat="49.220960" lon="18.650798"><ele>514.2</ele></trkpt>
      <trkpt lat="49.220982" lon="18.650787"><ele>514.3</ele></trkpt>
      <trkpt lat="49.221005" lon="18.650776"><ele>514.4</ele></trkpt>
      <trkpt lat="49.221024" lon="18.650757"><ele>514.5</ele></trkpt>
      <trkpt lat="49.221040" lon="18.650744"><ele>514.6</ele></trkpt>
      <trkpt lat="49.221059" lon="18.650730"><ele>514.6</ele></trkpt>
      <trkpt lat="49.221088" lon="18.650707"><ele>514.8</ele></trkpt>
      <trkpt lat="49.221114" lon="18.650667"><ele>514.9</ele></trkpt>
      <trkpt lat="49.221126" lon="18.650630"><ele>515.1</ele></trkpt>
      <trkpt lat="49.221149" lon="18.650605"><ele>515.2</ele></trkpt>
      <trkpt lat="49.221171" lon="18.650595"><ele>515.4</ele></trkpt>
      <trkpt lat="49.221203" lon="18.650565"><ele>515.7</ele></trkpt>
      <trkpt lat="49.221206" lon="18.650506"><ele>516.0</ele></trkpt>
      <trkpt lat="49.221213" lon="18.650461"><ele>516.2</ele></trkpt>
      <trkpt lat="49.221242" lon="18.650419"><ele>516.6</ele></trkpt>
      <trkpt lat="49.221261" lon="18.650390"><ele>516.9</ele></trkpt>
      <trkpt lat="49.221283" lon="18.650373"><ele>517.1</ele></trkpt>
      <trkpt lat="49.221309" lon="18.650331"><ele>517.5</ele></trkpt>
      <trkpt lat="49.221322" lon="18.650309"><ele>517.7</ele></trkpt>
      <trkpt lat="49.221331" lon="18.650282"><ele>517.9</ele></trkpt>
      <trkpt lat="49.221344" lon="18.650259"><ele>518.2</ele></trkpt>
      <trkpt lat="49.221360" lon="18.650234"><ele>518.4</ele></trkpt>
      <trkpt lat="49.221386" lon="18.650187"><ele>518.8</ele></trkpt>
      <trkpt lat="49.221402" lon="18.650170"><ele>519.0</ele></trkpt>
      <trkpt lat="49.221421" lon="18.650152"><ele>519.2</ele></trkpt>
      <trkpt lat="49.221440" lon="18.650128"><ele>519.4</ele></trkpt>
      <trkpt lat="49.221459" lon="18.650112"><ele>519.6</ele></trkpt>
      <trkpt lat="49.221482" lon="18.650101"><ele>519.7</ele></trkpt>
      <trkpt lat="49.221501" lon="18.650101"><ele>519.8</ele></trkpt>
      <trkpt lat="49.221526" lon="18.650120"><ele>520.0</ele></trkpt>
      <trkpt lat="49.221546" lon="18.650122"><ele>520.0</ele></trkpt>
      <trkpt lat="49.221581" lon="18.650141"><ele>520.2</ele></trkpt>
      <trkpt lat="49.221603" lon="18.650150"><ele>520.2</ele></trkpt>
      <trkpt lat="49.221635" lon="18.650173"><ele>520.3</ele></trkpt>
      <trkpt lat="49.221658" lon="18.650189"><ele>520.4</ele></trkpt>
      <trkpt lat="49.221683" lon="18.650198"><ele>520.5</ele></trkpt>
      <trkpt lat="49.221702" lon="18.650198"><ele>520.5</ele></trkpt>
      <trkpt lat="49.221722" lon="18.650208"><ele>520.6</ele></trkpt>
      <trkpt lat="49.221744" lon="18.650222"><ele>520.7</ele></trkpt>
      <trkpt lat="49.221760" lon="18.650248"><ele>520.8</ele></trkpt>
      <trkpt lat="49.221779" lon="18.650278"><ele>520.8</ele></trkpt>
      <trkpt lat="49.221795" lon="18.650291"><ele>520.9</ele></trkpt>
      <trkpt lat="49.221824" lon="18.650326"><ele>521.0</ele></trkpt>
      <trkpt lat="49.221856" lon="18.650338"><ele>521.1</ele></trkpt>
      <trkpt lat="49.221878" lon="18.650357"><ele>521.2</ele></trkpt>
      <trkpt lat="49.221904" lon="18.650371"><ele>521.3</ele></trkpt>
      <trkpt lat="49.221920" lon="18.650387"><ele>521.3</ele></trkpt>
      <trkpt lat="49.221952" lon="18.650432"><ele>521.4</ele></trkpt>
      <trkpt lat="49.221971" lon="18.650448"><ele>521.4</ele></trkpt>
      <trkpt lat="49.221994" lon="18.650469"><ele>521.4</ele></trkpt>
      <trkpt lat="49.222013" lon="18.650485"><ele>521.4</ele></trkpt>
      <trkpt lat="49.222038" lon="18.650506"><ele>521.3</ele></trkpt>
      <trkpt lat="49.222064" lon="18.650528"><ele>521.2</ele></trkpt>
      <trkpt lat="49.222083" lon="18.650547"><ele>521.0</ele></trkpt>
      <trkpt lat="49.222102" lon="18.650570"><ele>520.9</ele></trkpt>
      <trkpt lat="49.222118" lon="18.650590"><ele>520.8</ele></trkpt>
      <trkpt lat="49.222131" lon="18.650614"><ele>520.6</ele></trkpt>
      <trkpt lat="49.222150" lon="18.650642"><ele>520.4</ele></trkpt>
      <trkpt lat="49.222163" lon="18.650669"><ele>520.2</ele></trkpt>
      <trkpt lat="49.222182" lon="18.650698"><ele>520.0</ele></trkpt>
      <trkpt lat="49.222237" lon="18.650741"><ele>519.4</ele></trkpt>
      <trkpt lat="49.222285" lon="18.650776"><ele>519.1</ele></trkpt>
      <trkpt lat="49.222333" lon="18.650806"><ele>518.8</ele></trkpt>
      <trkpt lat="49.222397" lon="18.650848"><ele>518.6</ele></trkpt>
      <trkpt lat="49.222461" lon="18.650885"><ele>518.8</ele></trkpt>
      <trkpt lat="49.222518" lon="18.650922"><ele>519.1</ele></trkpt>
      <trkpt lat="49.222576" lon="18.650973"><ele>519.8</ele></trkpt>
      <trkpt lat="49.222602" lon="18.651022"><ele>520.3</ele></trkpt>
      <trkpt lat="49.222630" lon="18.651096"><ele>521.0</ele></trkpt>
      <trkpt lat="49.222634" lon="18.651133"><ele>521.4</ele></trkpt>
      <trkpt lat="49.222634" lon="18.651176"><ele>521.7</ele></trkpt>
      <trkpt lat="49.222637" lon="18.651230"><ele>522.0</ele></trkpt>
      <trkpt lat="49.222650" lon="18.651277"><ele>522.3</ele></trkpt>
      <trkpt lat="49.222662" lon="18.651302"><ele>522.5</ele></trkpt>
      <trkpt lat="49.222691" lon="18.651344"><ele>522.7</ele></trkpt>
      <trkpt lat="49.222707" lon="18.651363"><ele>522.7</ele></trkpt>
      <trkpt lat="49.222726" lon="18.651376"><ele>522.8</ele></trkpt>
      <trkpt lat="49.222742" lon="18.651389"><ele>522.8</ele></trkpt>
      <trkpt lat="49.222762" lon="18.651395"><ele>522.8</ele></trkpt>
      <trkpt lat="49.222781" lon="18.651410"><ele>522.8</ele></trkpt>
      <trkpt lat="49.222800" lon="18.651413"><ele>522.8</ele></trkpt>
      <trkpt lat="49.222826" lon="18.651416"><ele>522.8</ele></trkpt>
      <trkpt lat="49.222851" lon="18.651424"><ele>522.8</ele></trkpt>
      <trkpt lat="49.222874" lon="18.651430"><ele>522.7</ele></trkpt>
      <trkpt lat="49.222909" lon="18.651435"><ele>522.6</ele></trkpt>
      <trkpt lat="49.222934" lon="18.651429"><ele>522.6</ele></trkpt>
      <trkpt lat="49.222957" lon="18.651430"><ele>522.5</ele></trkpt>
      <trkpt lat="49.222986" lon="18.651426"><ele>522.4</ele></trkpt>
      <trkpt lat="49.223011" lon="18.651435"><ele>522.3</ele></trkpt>
      <trkpt lat="49.223037" lon="18.651440"><ele>522.2</ele></trkpt>
      <trkpt lat="49.223066" lon="18.651443"><ele>522.1</ele></trkpt>
      <trkpt lat="49.223088" lon="18.651440"><ele>522.1</ele></trkpt>
      <trkpt lat="49.223110" lon="18.651442"><ele>522.0</ele></trkpt>
      <trkpt lat="49.223139" lon="18.651445"><ele>521.9</ele></trkpt>
      <trkpt lat="49.223171" lon="18.651453"><ele>521.8</ele></trkpt>
      <trkpt lat="49.223197" lon="18.651462"><ele>521.7</ele></trkpt>
      <trkpt lat="49.223222" lon="18.651469"><ele>521.7</ele></trkpt>
      <trkpt lat="49.223258" lon="18.651472"><ele>521.5</ele></trkpt>
      <trkpt lat="49.223290" lon="18.651482"><ele>521.4</ele></trkpt>
      <trkpt lat="49.223322" lon="18.651490"><ele>521.3</ele></trkpt>
      <trkpt lat="49.223357" lon="18.651498"><ele>521.2</ele></trkpt>
      <trkpt lat="49.223382" lon="18.651493"><ele>521.1</ele></trkpt>
      <trkpt lat="49.223402" lon="18.651498"><ele>521.0</ele></trkpt>
      <trkpt lat="49.223430" lon="18.651499"><ele>520.8</ele></trkpt>
      <trkpt lat="49.223466" lon="18.651499"><ele>520.6</ele></trkpt>
      <trkpt lat="49.223485" lon="18.651498"><ele>520.5</ele></trkpt>
      <trkpt lat="49.223507" lon="18.651502"><ele>520.4</ele></trkpt>
      <trkpt lat="49.223536" lon="18.651510"><ele>520.2</ele></trkpt>
      <trkpt lat="49.223555" lon="18.651515"><ele>520.0</ele></trkpt>
      <trkpt lat="49.223587" lon="18.651523"><ele>519.8</ele></trkpt>
      <trkpt lat="49.223606" lon="18.651523"><ele>519.7</ele></trkpt>
      <trkpt lat="49.223629" lon="18.651518"><ele>519.6</ele></trkpt>
      <trkpt lat="49.223651" lon="18.651515"><ele>519.4</ele></trkpt>
      <trkpt lat="49.223680" lon="18.651509"><ele>519.3</ele></trkpt>
      <trkpt lat="49.223706" lon="18.651504"><ele>519.1</ele></trkpt>
      <trkpt lat="49.223728" lon="18.651504"><ele>519.0</ele></trkpt>
      <trkpt lat="49.223760" lon="18.651499"><ele>518.8</ele></trkpt>
      <trkpt lat="49.223786" lon="18.651493"><ele>518.7</ele></trkpt>
      <trkpt lat="49.223811" lon="18.651490"><ele>518.5</ele></trkpt>
      <trkpt lat="49.223843" lon="18.651490"><ele>518.4</ele></trkpt>
      <trkpt lat="49.223872" lon="18.651488"><ele>518.2</ele></trkpt>
      <trkpt lat="49.223904" lon="18.651488"><ele>518.0</ele></trkpt>
      <trkpt lat="49.223939" lon="18.651490"><ele>517.9</ele></trkpt>
      <trkpt lat="49.223968" lon="18.651491"><ele>517.8</ele></trkpt>
      <trkpt lat="49.224000" lon="18.651491"><ele>517.6</ele></trkpt>
      <trkpt lat="49.224032" lon="18.651493"><ele>517.5</ele></trkpt>
      <trkpt lat="49.224067" lon="18.651493"><ele>517.4</ele></trkpt>
      <trkpt lat="49.224093" lon="18.651494"><ele>517.3</ele></trkpt>
      <trkpt lat="49.224128" lon="18.651491"><ele>517.1</ele></trkpt>
      <trkpt lat="49.224160" lon="18.651490"><ele>517.0</ele></trkpt>
      <trkpt lat="49.224186" lon="18.651490"><ele>517.0</ele></trkpt>
      <trkpt lat="49.224211" lon="18.651491"><ele>516.9</ele></trkpt>
      <trkpt lat="49.224240" lon="18.651491"><ele>516.8</ele></trkpt>
      <trkpt lat="49.224266" lon="18.651494"><ele>516.8</ele></trkpt>
      <trkpt lat="49.224288" lon="18.651491"><ele>516.7</ele></trkpt>
      <trkpt lat="49.224310" lon="18.651490"><ele>516.7</ele></trkpt>
      <trkpt lat="49.224339" lon="18.651491"><ele>516.7</ele></trkpt>
      <trkpt lat="49.224365" lon="18.651490"><ele>516.7</ele></trkpt>
      <trkpt lat="49.224387" lon="18.651490"><ele>516.6</ele></trkpt>
      <trkpt lat="49.224416" lon="18.651493"><ele>516.6</ele></trkpt>
      <trkpt lat="49.224442" lon="18.651499"><ele>516.6</ele></trkpt>
      <trkpt lat="49.224461" lon="18.651502"><ele>516.6</ele></trkpt>
      <trkpt lat="49.224486" lon="18.651501"><ele>516.6</ele></trkpt>
      <trkpt lat="49.224518" lon="18.651518"><ele>516.6</ele></trkpt>
      <trkpt lat="49.224547" lon="18.651528"><ele>516.6</ele></trkpt>
      <trkpt lat="49.224576" lon="18.651547"><ele>516.6</ele></trkpt>
      <trkpt lat="49.224605" lon="18.651560"><ele>516.7</ele></trkpt>
      <trkpt lat="49.224640" lon="18.651570"><ele>516.7</ele></trkpt>
      <trkpt lat="49.224672" lon="18.651579"><ele>516.8</ele></trkpt>
      <trkpt lat="49.224701" lon="18.651594"><ele>516.8</ele></trkpt>
      <trkpt lat="49.224726" lon="18.651618"><ele>516.9</ele></trkpt>
      <trkpt lat="49.224752" lon="18.651646"><ele>516.9</ele></trkpt>
      <trkpt lat="49.224778" lon="18.651672"><ele>516.7</ele></trkpt>
      <trkpt lat="49.224797" lon="18.651709"><ele>516.5</ele></trkpt>
      <trkpt lat="49.224813" lon="18.651742"><ele>516.2</ele></trkpt>
      <trkpt lat="49.224826" lon="18.651779"><ele>516.0</ele></trkpt>
      <trkpt lat="49.224838" lon="18.651819"><ele>515.7</ele></trkpt>
      <trkpt lat="49.224842" lon="18.651866"><ele>515.3</ele></trkpt>
      <trkpt lat="49.224842" lon="18.651907"><ele>515.1</ele></trkpt>
      <trkpt lat="49.224842" lon="18.651952"><ele>514.7</ele></trkpt>
      <trkpt lat="49.224842" lon="18.651997"><ele>514.4</ele></trkpt>
      <trkpt lat="49.224842" lon="18.652034"><ele>514.1</ele></trkpt>
      <trkpt lat="49.224845" lon="18.652085"><ele>513.7</ele></trkpt>
      <trkpt lat="49.224845" lon="18.652125"><ele>513.3</ele></trkpt>
      <trkpt lat="49.224845" lon="18.652160"><ele>513.0</ele></trkpt>
      <trkpt lat="49.224851" lon="18.652189"><ele>512.7</ele></trkpt>
      <trkpt lat="49.224854" lon="18.652229"><ele>512.4</ele></trkpt>
      <trkpt lat="49.224854" lon="18.652267"><ele>512.0</ele></trkpt>
      <trkpt lat="49.224854" lon="18.652306"><ele>511.6</ele></trkpt>
      <trkpt lat="49.224854" lon="18.652349"><ele>511.1</ele></trkpt>
      <trkpt lat="49.224854" lon="18.652379"><ele>510.8</ele></trkpt>
      <trkpt lat="49.224858" lon="18.652416"><ele>510.4</ele></trkpt>
      <trkpt lat="49.224858" lon="18.652458"><ele>509.9</ele></trkpt>
      <trkpt lat="49.224861" lon="18.652507"><ele>509.4</ele></trkpt>
      <trkpt lat="49.224864" lon="18.652541"><ele>509.0</ele></trkpt>
      <trkpt lat="49.224864" lon="18.652582"><ele>508.6</ele></trkpt>
      <trkpt lat="49.224864" lon="18.652624"><ele>508.1</ele></trkpt>
      <trkpt lat="49.224864" lon="18.652672"><ele>507.5</ele></trkpt>
      <trkpt lat="49.224861" lon="18.652704"><ele>507.1</ele></trkpt>
      <trkpt lat="49.224858" lon="18.652754"><ele>506.6</ele></trkpt>
      <trkpt lat="49.224854" lon="18.652789"><ele>506.1</ele></trkpt>
      <trkpt lat="49.224854" lon="18.652835"><ele>505.6</ele></trkpt>
      <trkpt lat="49.224854" lon="18.652870"><ele>505.2</ele></trkpt>
      <trkpt lat="49.224851" lon="18.652909"><ele>504.7</ele></trkpt>
      <trkpt lat="49.224845" lon="18.652960"><ele>504.0</ele></trkpt>
      <trkpt lat="49.224851" lon="18.653000"><ele>503.5</ele></trkpt>
      <trkpt lat="49.224851" lon="18.653043"><ele>503.0</ele></trkpt>
      <trkpt lat="49.224854" lon="18.653083"><ele>502.5</ele></trkpt>
      <trkpt lat="49.224854" lon="18.653123"><ele>502.0</ele></trkpt>
      <trkpt lat="49.224854" lon="18.653160"><ele>501.5</ele></trkpt>
      <trkpt lat="49.224854" lon="18.653200"><ele>501.0</ele></trkpt>
      <trkpt lat="49.224854" lon="18.653242"><ele>500.5</ele></trkpt>
      <trkpt lat="49.224854" lon="18.653285"><ele>500.0</ele></trkpt>
      <trkpt lat="49.224861" lon="18.653326"><ele>499.5</ele></trkpt>
      <trkpt lat="49.224864" lon="18.653371"><ele>499.0</ele></trkpt>
      <trkpt lat="49.224864" lon="18.653416"><ele>498.5</ele></trkpt>
      <trkpt lat="49.224864" lon="18.653446"><ele>498.2</ele></trkpt>
      <trkpt lat="49.224861" lon="18.653498"><ele>497.7</ele></trkpt>
      <trkpt lat="49.224861" lon="18.653539"><ele>497.2</ele></trkpt>
      <trkpt lat="49.224858" lon="18.653587"><ele>496.7</ele></trkpt>
      <trkpt lat="49.224858" lon="18.653629"><ele>496.3</ele></trkpt>
      <trkpt lat="49.224858" lon="18.653667"><ele>495.9</ele></trkpt>
      <trkpt lat="49.224858" lon="18.653696"><ele>495.6</ele></trkpt>
      <trkpt lat="49.224854" lon="18.653746"><ele>495.1</ele></trkpt>
      <trkpt lat="49.224854" lon="18.653776"><ele>494.8</ele></trkpt>
      <trkpt lat="49.224851" lon="18.653827"><ele>494.3</ele></trkpt>
      <trkpt lat="49.224851" lon="18.653870"><ele>493.9</ele></trkpt>
      <trkpt lat="49.224851" lon="18.653912"><ele>493.5</ele></trkpt>
      <trkpt lat="49.224845" lon="18.653955"><ele>493.1</ele></trkpt>
      <trkpt lat="49.224851" lon="18.653987"><ele>492.8</ele></trkpt>
      <trkpt lat="49.224845" lon="18.654027"><ele>492.4</ele></trkpt>
      <trkpt lat="49.224842" lon="18.654072"><ele>492.1</ele></trkpt>
      <trkpt lat="49.224842" lon="18.654122"><ele>491.7</ele></trkpt>
      <trkpt lat="49.224838" lon="18.654155"><ele>491.4</ele></trkpt>
      <trkpt lat="49.224838" lon="18.654208"><ele>491.0</ele></trkpt>
      <trkpt lat="49.224835" lon="18.654248"><ele>490.6</ele></trkpt>
      <trkpt lat="49.224835" lon="18.654290"><ele>490.3</ele></trkpt>
      <trkpt lat="49.224832" lon="18.654331"><ele>490.0</ele></trkpt>
      <trkpt lat="49.224832" lon="18.654368"><ele>489.7</ele></trkpt>
      <trkpt lat="49.224826" lon="18.654421"><ele>489.3</ele></trkpt>
      <trkpt lat="49.224826" lon="18.654464"><ele>489.0</ele></trkpt>
      <trkpt lat="49.224822" lon="18.654509"><ele>488.6</ele></trkpt>
      <trkpt lat="49.224819" lon="18.654542"><ele>488.4</ele></trkpt>
      <trkpt lat="49.224816" lon="18.654597"><ele>488.0</ele></trkpt>
      <trkpt lat="49.224813" lon="18.654646"><ele>487.6</ele></trkpt>
      <trkpt lat="49.224813" lon="18.654682"><ele>487.3</ele></trkpt>
      <trkpt lat="49.224806" lon="18.654731"><ele>487.0</ele></trkpt>
      <trkpt lat="49.224800" lon="18.654776"><ele>486.7</ele></trkpt>
      <trkpt lat="49.224800" lon="18.654818"><ele>486.4</ele></trkpt>
      <trkpt lat="49.224797" lon="18.654861"><ele>486.1</ele></trkpt>
      <trkpt lat="49.224797" lon="18.654907"><ele>485.7</ele></trkpt>
      <trkpt lat="49.224797" lon="18.654954"><ele>485.4</ele></trkpt>
      <trkpt lat="49.224794" lon="18.654998"><ele>485.1</ele></trkpt>
      <trkpt lat="49.224784" lon="18.655040"><ele>484.8</ele></trkpt>
      <trkpt lat="49.224784" lon="18.655083"><ele>484.4</ele></trkpt>
      <trkpt lat="49.224781" lon="18.655125"><ele>484.1</ele></trkpt>
      <trkpt lat="49.224774" lon="18.655166"><ele>483.8</ele></trkpt>
      <trkpt lat="49.224774" lon="18.655205"><ele>483.5</ele></trkpt>
      <trkpt lat="49.224774" lon="18.655246"><ele>483.2</ele></trkpt>
      <trkpt lat="49.224774" lon="18.655293"><ele>482.8</ele></trkpt>
      <trkpt lat="49.224768" lon="18.655336"><ele>482.5</ele></trkpt>
      <trkpt lat="49.224762" lon="18.655382"><ele>482.1</ele></trkpt>
      <trkpt lat="49.224758" lon="18.655427"><ele>481.7</ele></trkpt>
      <trkpt lat="49.224758" lon="18.655472"><ele>481.4</ele></trkpt>
      <trkpt lat="49.224758" lon="18.655515"><ele>481.0</ele></trkpt>
      <trkpt lat="49.224755" lon="18.655558"><ele>480.7</ele></trkpt>
      <trkpt lat="49.224752" lon="18.655598"><ele>480.3</ele></trkpt>
      <trkpt lat="49.224746" lon="18.655640"><ele>480.0</ele></trkpt>
      <trkpt lat="49.224742" lon="18.655680"><ele>479.7</ele></trkpt>
      <trkpt lat="49.224739" lon="18.655723"><ele>479.3</ele></trkpt>
      <trkpt lat="49.224736" lon="18.655768"><ele>478.9</ele></trkpt>
      <trkpt lat="49.224733" lon="18.655808"><ele>478.6</ele></trkpt>
      <trkpt lat="49.224726" lon="18.655854"><ele>478.2</ele></trkpt>
      <trkpt lat="49.224723" lon="18.655899"><ele>477.8</ele></trkpt>
      <trkpt lat="49.224720" lon="18.655946"><ele>477.4</ele></trkpt>
      <trkpt lat="49.224714" lon="18.655989"><ele>477.1</ele></trkpt>
      <trkpt lat="49.224714" lon="18.656022"><ele>476.8</ele></trkpt>
      <trkpt lat="49.224707" lon="18.656077"><ele>476.3</ele></trkpt>
      <trkpt lat="49.224701" lon="18.656122"><ele>476.0</ele></trkpt>
      <trkpt lat="49.224698" lon="18.656165"><ele>475.6</ele></trkpt>
      <trkpt lat="49.224694" lon="18.656210"><ele>475.3</ele></trkpt>
      <trkpt lat="49.224694" lon="18.656254"><ele>474.9</ele></trkpt>
      <trkpt lat="49.224688" lon="18.656296"><ele>474.6</ele></trkpt>
      <trkpt lat="49.224685" lon="18.656341"><ele>474.2</ele></trkpt>
      <trkpt lat="49.224682" lon="18.656382"><ele>473.9</ele></trkpt>
      <trkpt lat="49.224678" lon="18.656424"><ele>473.5</ele></trkpt>
      <trkpt lat="49.224675" lon="18.656467"><ele>473.2</ele></trkpt>
      <trkpt lat="49.224666" lon="18.656512"><ele>472.8</ele></trkpt>
      <trkpt lat="49.224662" lon="18.656554"><ele>472.5</ele></trkpt>
      <trkpt lat="49.224656" lon="18.656589"><ele>472.2</ele></trkpt>
      <trkpt lat="49.224653" lon="18.656645"><ele>471.7</ele></trkpt>
      <trkpt lat="49.224643" lon="18.656688"><ele>471.4</ele></trkpt>
      <trkpt lat="49.224637" lon="18.656731"><ele>471.0</ele></trkpt>
      <trkpt lat="49.224634" lon="18.656768"><ele>470.7</ele></trkpt>
      <trkpt lat="49.224627" lon="18.656810"><ele>470.4</ele></trkpt>
      <trkpt lat="49.224621" lon="18.656850"><ele>470.1</ele></trkpt>
      <trkpt lat="49.224618" lon="18.656891"><ele>469.7</ele></trkpt>
      <trkpt lat="49.224608" lon="18.656933"><ele>469.4</ele></trkpt>
      <trkpt lat="49.224605" lon="18.656974"><ele>469.1</ele></trkpt>
      <trkpt lat="49.224602" lon="18.657014"><ele>468.8</ele></trkpt>
      <trkpt lat="49.224595" lon="18.657058"><ele>468.4</ele></trkpt>
      <trkpt lat="49.224589" lon="18.657098"><ele>468.1</ele></trkpt>
      <trkpt lat="49.224586" lon="18.657141"><ele>467.8</ele></trkpt>
      <trkpt lat="49.224579" lon="18.657181"><ele>467.5</ele></trkpt>
      <trkpt lat="49.224576" lon="18.657224"><ele>467.1</ele></trkpt>
      <trkpt lat="49.224573" lon="18.657267"><ele>466.8</ele></trkpt>
      <trkpt lat="49.224566" lon="18.657310"><ele>466.5</ele></trkpt>
      <trkpt lat="49.224560" lon="18.657354"><ele>466.1</ele></trkpt>
      <trkpt lat="49.224557" lon="18.657389"><ele>465.8</ele></trkpt>
      <trkpt lat="49.224554" lon="18.657432"><ele>465.5</ele></trkpt>
      <trkpt lat="49.224547" lon="18.657472"><ele>465.2</ele></trkpt>
      <trkpt lat="49.224544" lon="18.657517"><ele>464.9</ele></trkpt>
      <trkpt lat="49.224538" lon="18.657558"><ele>464.5</ele></trkpt>
      <trkpt lat="49.224528" lon="18.657605"><ele>464.1</ele></trkpt>
      <trkpt lat="49.224522" lon="18.657646"><ele>463.8</ele></trkpt>
      <trkpt lat="49.224518" lon="18.657688"><ele>463.5</ele></trkpt>
      <trkpt lat="49.224509" lon="18.657734"><ele>463.1</ele></trkpt>
      <trkpt lat="49.224502" lon="18.657776"><ele>462.7</ele></trkpt>
      <trkpt lat="49.224496" lon="18.657818"><ele>462.3</ele></trkpt>
      <trkpt lat="49.224486" lon="18.657862"><ele>461.9</ele></trkpt>
      <trkpt lat="49.224480" lon="18.657902"><ele>461.6</ele></trkpt>
      <trkpt lat="49.224474" lon="18.657944"><ele>461.2</ele></trkpt>
      <trkpt lat="49.224464" lon="18.657987"><ele>460.7</ele></trkpt>
      <trkpt lat="49.224458" lon="18.658029"><ele>460.3</ele></trkpt>
      <trkpt lat="49.224448" lon="18.658075"><ele>459.9</ele></trkpt>
      <trkpt lat="49.224442" lon="18.658120"><ele>459.4</ele></trkpt>
      <trkpt lat="49.224429" lon="18.658160"><ele>459.0</ele></trkpt>
      <trkpt lat="49.224416" lon="18.658200"><ele>458.6</ele></trkpt>
      <trkpt lat="49.224403" lon="18.658237"><ele>458.2</ele></trkpt>
      <trkpt lat="49.224384" lon="18.658272"><ele>457.8</ele></trkpt>
      <trkpt lat="49.224368" lon="18.658306"><ele>457.4</ele></trkpt>
      <trkpt lat="49.224355" lon="18.658344"><ele>457.0</ele></trkpt>
      <trkpt lat="49.224339" lon="18.658384"><ele>456.6</ele></trkpt>
      <trkpt lat="49.224323" lon="18.658419"><ele>456.2</ele></trkpt>
      <trkpt lat="49.224307" lon="18.658451"><ele>455.8</ele></trkpt>
      <trkpt lat="49.224288" lon="18.658485"><ele>455.4</ele></trkpt>
      <trkpt lat="49.224269" lon="18.658515"><ele>455.0</ele></trkpt>
      <trkpt lat="49.224256" lon="18.658552"><ele>454.6</ele></trkpt>
      <trkpt lat="49.224237" lon="18.658584"><ele>454.2</ele></trkpt>
      <trkpt lat="49.224218" lon="18.658621"><ele>453.8</ele></trkpt>
      <trkpt lat="49.224198" lon="18.658653"><ele>453.4</ele></trkpt>
      <trkpt lat="49.224176" lon="18.658686"><ele>452.9</ele></trkpt>
      <trkpt lat="49.224150" lon="18.658714"><ele>452.4</ele></trkpt>
      <trkpt lat="49.224125" lon="18.658741"><ele>452.0</ele></trkpt>
      <trkpt lat="49.224106" lon="18.658768"><ele>451.6</ele></trkpt>
      <trkpt lat="49.224080" lon="18.658792"><ele>451.2</ele></trkpt>
      <trkpt lat="49.224051" lon="18.658819"><ele>450.7</ele></trkpt>
      <trkpt lat="49.224029" lon="18.658846"><ele>450.3</ele></trkpt>
      <trkpt lat="49.224003" lon="18.658872"><ele>449.8</ele></trkpt>
      <trkpt lat="49.223981" lon="18.658898"><ele>449.5</ele></trkpt>
      <trkpt lat="49.223958" lon="18.658920"><ele>449.1</ele></trkpt>
      <trkpt lat="49.223930" lon="18.658946"><ele>448.6</ele></trkpt>
      <trkpt lat="49.223910" lon="18.658966"><ele>448.3</ele></trkpt>
      <trkpt lat="49.223888" lon="18.658987"><ele>447.9</ele></trkpt>
      <trkpt lat="49.223866" lon="18.659005"><ele>447.6</ele></trkpt>
      <trkpt lat="49.223846" lon="18.659026"><ele>447.1</ele></trkpt>
      <trkpt lat="49.223827" lon="18.659048"><ele>446.7</ele></trkpt>
      <trkpt lat="49.223811" lon="18.659074"><ele>446.2</ele></trkpt>
      <trkpt lat="49.223792" lon="18.659099"><ele>445.8</ele></trkpt>
      <trkpt lat="49.223773" lon="18.659136"><ele>445.2</ele></trkpt>
      <trkpt lat="49.223744" lon="18.659187"><ele>444.3</ele></trkpt>
      <trkpt lat="49.223731" lon="18.659222"><ele>443.8</ele></trkpt>
      <trkpt lat="49.223722" lon="18.659256"><ele>443.4</ele></trkpt>
      <trkpt lat="49.223712" lon="18.659286"><ele>443.0</ele></trkpt>
      <trkpt lat="49.223706" lon="18.659315"><ele>442.6</ele></trkpt>
      <trkpt lat="49.223699" lon="18.659347"><ele>442.2</ele></trkpt>
      <trkpt lat="49.223690" lon="18.659382"><ele>441.8</ele></trkpt>
      <trkpt lat="49.223680" lon="18.659418"><ele>441.3</ele></trkpt>
      <trkpt lat="49.223674" lon="18.659454"><ele>440.9</ele></trkpt>
      <trkpt lat="49.223667" lon="18.659501"><ele>440.4</ele></trkpt>
      <trkpt lat="49.223664" lon="18.659533"><ele>440.1</ele></trkpt>
      <trkpt lat="49.223664" lon="18.659573"><ele>439.8</ele></trkpt>
      <trkpt lat="49.223661" lon="18.659614"><ele>439.5</ele></trkpt>
      <trkpt lat="49.223654" lon="18.659662"><ele>439.1</ele></trkpt>
      <trkpt lat="49.223651" lon="18.659706"><ele>438.8</ele></trkpt>
      <trkpt lat="49.223651" lon="18.659755"><ele>438.5</ele></trkpt>
      <trkpt lat="49.223651" lon="18.659800"><ele>438.2</ele></trkpt>
      <trkpt lat="49.223651" lon="18.659845"><ele>437.8</ele></trkpt>
      <trkpt lat="49.223648" lon="18.659890"><ele>437.5</ele></trkpt>
      <trkpt lat="49.223648" lon="18.659931"><ele>437.2</ele></trkpt>
      <trkpt lat="49.223651" lon="18.659978"><ele>436.8</ele></trkpt>
      <trkpt lat="49.223651" lon="18.660022"><ele>436.4</ele></trkpt>
      <trkpt lat="49.223648" lon="18.660074"><ele>436.0</ele></trkpt>
      <trkpt lat="49.223648" lon="18.660114"><ele>435.6</ele></trkpt>
      <trkpt lat="49.223648" lon="18.660158"><ele>435.2</ele></trkpt>
      <trkpt lat="49.223648" lon="18.660203"><ele>434.8</ele></trkpt>
      <trkpt lat="49.223645" lon="18.660250"><ele>434.4</ele></trkpt>
      <trkpt lat="49.223645" lon="18.660293"><ele>434.0</ele></trkpt>
      <trkpt lat="49.223642" lon="18.660338"><ele>433.7</ele></trkpt>
      <trkpt lat="49.223629" lon="18.660379"><ele>433.3</ele></trkpt>
      <trkpt lat="49.223616" lon="18.660421"><ele>432.9</ele></trkpt>
      <trkpt lat="49.223613" lon="18.660458"><ele>432.6</ele></trkpt>
      <trkpt lat="49.223610" lon="18.660494"><ele>432.4</ele></trkpt>
      <trkpt lat="49.223603" lon="18.660531"><ele>432.1</ele></trkpt>
      <trkpt lat="49.223600" lon="18.660570"><ele>431.8</ele></trkpt>
      <trkpt lat="49.223594" lon="18.660605"><ele>431.6</ele></trkpt>
      <trkpt lat="49.223590" lon="18.660640"><ele>431.3</ele></trkpt>
      <trkpt lat="49.223590" lon="18.660686"><ele>431.0</ele></trkpt>
      <trkpt lat="49.223587" lon="18.660730"><ele>430.8</ele></trkpt>
      <trkpt lat="49.223574" lon="18.660787"><ele>430.4</ele></trkpt>
      <trkpt lat="49.223571" lon="18.660837"><ele>430.1</ele></trkpt>
      <trkpt lat="49.223565" lon="18.660878"><ele>429.8</ele></trkpt>
      <trkpt lat="49.223549" lon="18.660917"><ele>429.5</ele></trkpt>
      <trkpt lat="49.223533" lon="18.660955"><ele>429.4</ele></trkpt>
      <trkpt lat="49.223514" lon="18.660986"><ele>429.2</ele></trkpt>
      <trkpt lat="49.223501" lon="18.661011"><ele>429.1</ele></trkpt>
      <trkpt lat="49.223482" lon="18.661037"><ele>428.9</ele></trkpt>
      <trkpt lat="49.223462" lon="18.661032"><ele>428.8</ele></trkpt>
      <trkpt lat="49.223437" lon="18.661056"><ele>428.7</ele></trkpt>
      <trkpt lat="49.223424" lon="18.661080"><ele>428.6</ele></trkpt>
      <trkpt lat="49.223411" lon="18.661112"><ele>428.5</ele></trkpt>
      <trkpt lat="49.223402" lon="18.661136"><ele>428.4</ele></trkpt>
      <trkpt lat="49.223392" lon="18.661173"><ele>428.3</ele></trkpt>
      <trkpt lat="49.223389" lon="18.661205"><ele>428.2</ele></trkpt>
      <trkpt lat="49.223392" lon="18.661240"><ele>428.1</ele></trkpt>
      <trkpt lat="49.223389" lon="18.661272"><ele>428.0</ele></trkpt>
      <trkpt lat="49.223386" lon="18.661314"><ele>427.9</ele></trkpt>
      <trkpt lat="49.223386" lon="18.661350"><ele>427.8</ele></trkpt>
      <trkpt lat="49.223392" lon="18.661397"><ele>427.6</ele></trkpt>
      <trkpt lat="49.223408" lon="18.661434"><ele>427.5</ele></trkpt>
      <trkpt lat="49.223424" lon="18.661474"><ele>427.3</ele></trkpt>
      <trkpt lat="49.223434" lon="18.661517"><ele>427.2</ele></trkpt>
      <trkpt lat="49.223453" lon="18.661563"><ele>427.0</ele></trkpt>
      <trkpt lat="49.223469" lon="18.661608"><ele>426.9</ele></trkpt>
      <trkpt lat="49.223485" lon="18.661651"><ele>426.8</ele></trkpt>
      <trkpt lat="49.223494" lon="18.661702"><ele>426.6</ele></trkpt>
      <trkpt lat="49.223514" lon="18.661752"><ele>426.4</ele></trkpt>
      <trkpt lat="49.223526" lon="18.661787"><ele>426.3</ele></trkpt>
      <trkpt lat="49.223546" lon="18.661829"><ele>426.1</ele></trkpt>
      <trkpt lat="49.223562" lon="18.661861"><ele>426.0</ele></trkpt>
      <trkpt lat="49.223568" lon="18.661894"><ele>425.9</ele></trkpt>
      <trkpt lat="49.223568" lon="18.661894"><ele>425.9</ele></trkpt>
    </trkseg>
  </trk>
</gpx>
