<?xml version="1.0" encoding="UTF-8"?>
<gpx version="1.1" creator="MultiTrail"
     xmlns="http://www.topografix.com/GPX/1/1">
  <trk>
    <name>Rysy</name>
    <trkseg>
      <trkpt lat="49.119894" lon="20.064754"><ele>1333.0</ele></trkpt>
      <trkpt lat="49.119891" lon="20.064729"><ele>1333.0</ele></trkpt>
      <trkpt lat="49.119880" lon="20.064705"><ele>1333.0</ele></trkpt>
      <trkpt lat="49.119866" lon="20.064681"><ele>1333.0</ele></trkpt>
      <trkpt lat="49.119856" lon="20.064653"><ele>1333.0</ele></trkpt>
      <trkpt lat="49.119855" lon="20.064625"><ele>1333.0</ele></trkpt>
      <trkpt lat="49.119843" lon="20.064601"><ele>1333.0</ele></trkpt>
      <trkpt lat="49.119833" lon="20.064575"><ele>1333.0</ele></trkpt>
      <trkpt lat="49.119826" lon="20.064540"><ele>1333.0</ele></trkpt>
      <trkpt lat="49.119819" lon="20.064505"><ele>1333.0</ele></trkpt>
      <trkpt lat="49.119815" lon="20.064466"><ele>1333.0</ele></trkpt>
      <trkpt lat="49.119809" lon="20.064425"><ele>1333.0</ele></trkpt>
      <trkpt lat="49.119804" lon="20.064383"><ele>1333.0</ele></trkpt>
      <trkpt lat="49.119799" lon="20.064341"><ele>1333.0</ele></trkpt>
      <trkpt lat="49.119796" lon="20.064307"><ele>1333.0</ele></trkpt>
      <trkpt lat="49.119795" lon="20.064275"><ele>1333.0</ele></trkpt>
      <trkpt lat="49.119819" lon="20.064255"><ele>1333.0</ele></trkpt>
      <trkpt lat="49.119826" lon="20.064222"><ele>1333.0</ele></trkpt>
      <trkpt lat="49.119819" lon="20.064171"><ele>1333.0</ele></trkpt>
      <trkpt lat="49.119813" lon="20.064122"><ele>1333.0</ele></trkpt>
      <trkpt lat="49.119803" lon="20.064074"><ele>1333.0</ele></trkpt>
      <trkpt lat="49.119793" lon="20.064028"><ele>1333.0</ele></trkpt>
      <trkpt lat="49.119776" lon="20.063984"><ele>1333.0</ele></trkpt>
      <trkpt lat="49.119768" lon="20.063958"><ele>1333.0</ele></trkpt>
      <trkpt lat="49.119759" lon="20.063914"><ele>1333.0</ele></trkpt>
      <trkpt lat="49.119748" lon="20.063872"><ele>1333.0</ele></trkpt>
      <trkpt lat="49.119737" lon="20.063833"><ele>1333.0</ele></trkpt>
      <trkpt lat="49.119725" lon="20.063790"><ele>1333.0</ele></trkpt>
      <trkpt lat="49.119715" lon="20.063749"><ele>1333.0</ele></trkpt>
      <trkpt lat="49.119707" lon="20.063707"><ele>1333.0</ele></trkpt>
      <trkpt lat="49.119721" lon="20.063684"><ele>1333.0</ele></trkpt>
      <trkpt lat="49.119742" lon="20.063697"><ele>1333.0</ele></trkpt>
      <trkpt lat="49.119763" lon="20.063702"><ele>1333.0</ele></trkpt>
      <trkpt lat="49.119785" lon="20.063701"><ele>1333.0</ele></trkpt>
      <trkpt lat="49.119801" lon="20.063688"><ele>1333.0</ele></trkpt>
      <trkpt lat="49.119822" lon="20.063672"><ele>1333.0</ele></trkpt>
      <trkpt lat="49.119843" lon="20.063677"><ele>1333.0</ele></trkpt>
      <trkpt lat="49.119857" lon="20.063706"><ele>1338.0</ele></trkpt>
      <trkpt lat="49.119869" lon="20.063729"><ele>1338.0</ele></trkpt>
      <trkpt lat="49.119892" lon="20.063738"><ele>1338.0</ele></trkpt>
      <trkpt lat="49.119917" lon="20.063738"><ele>1338.0</ele></trkpt>
      <trkpt lat="49.119947" lon="20.063735"><ele>1339.0</ele></trkpt>
      <trkpt lat="49.119975" lon="20.063747"><ele>1340.0</ele></trkpt>
      <trkpt lat="49.119999" lon="20.063771"><ele>1340.0</ele></trkpt>
      <trkpt lat="49.120017" lon="20.063792"><ele>1342.0</ele></trkpt>
      <trkpt lat="49.120033" lon="20.063818"><ele>1342.0</ele></trkpt>
      <trkpt lat="49.120049" lon="20.063846"><ele>1342.0</ele></trkpt>
      <trkpt lat="49.120061" lon="20.063876"><ele>1342.0</ele></trkpt>
      <trkpt lat="49.120084" lon="20.063876"><ele>1343.0</ele></trkpt>
      <trkpt lat="49.120111" lon="20.063851"><ele>1344.0</ele></trkpt>
      <trkpt lat="49.120132" lon="20.063826"><ele>1344.0</ele></trkpt>
      <trkpt lat="49.120154" lon="20.063801"><ele>1344.0</ele></trkpt>
      <trkpt lat="49.120174" lon="20.063771"><ele>1343.0</ele></trkpt>
      <trkpt lat="49.120195" lon="20.063731"><ele>1343.0</ele></trkpt>
      <trkpt lat="49.120206" lon="20.063687"><ele>1345.0</ele></trkpt>
      <trkpt lat="49.120215" lon="20.063644"><ele>1345.0</ele></trkpt>
      <trkpt lat="49.120211" lon="20.063607"><ele>1345.0</ele></trkpt>
      <trkpt lat="49.120215" lon="20.063579"><ele>1345.0</ele></trkpt>
      <trkpt lat="49.120219" lon="20.063551"><ele>1345.0</ele></trkpt>
      <trkpt lat="49.120223" lon="20.063523"><ele>1345.0</ele></trkpt>
      <trkpt lat="49.120238" lon="20.063492"><ele>1345.0</ele></trkpt>
      <trkpt lat="49.120255" lon="20.063464"><ele>1345.0</ele></trkpt>
      <trkpt lat="49.120281" lon="20.063458"><ele>1345.0</ele></trkpt>
      <trkpt lat="49.120306" lon="20.063463"><ele>1345.0</ele></trkpt>
      <trkpt lat="49.120335" lon="20.063479"><ele>1345.0</ele></trkpt>
      <trkpt lat="49.120366" lon="20.063477"><ele>1345.0</ele></trkpt>
      <trkpt lat="49.120391" lon="20.063476"><ele>1345.0</ele></trkpt>
      <trkpt lat="49.120419" lon="20.063486"><ele>1345.0</ele></trkpt>
      <trkpt lat="49.120443" lon="20.063502"><ele>1345.0</ele></trkpt>
      <trkpt lat="49.120467" lon="20.063526"><ele>1345.0</ele></trkpt>
      <trkpt lat="49.120491" lon="20.063542"><ele>1345.0</ele></trkpt>
      <trkpt lat="49.120516" lon="20.063552"><ele>1345.0</ele></trkpt>
      <trkpt lat="49.120539" lon="20.063571"><ele>1345.0</ele></trkpt>
      <trkpt lat="49.120557" lon="20.063583"><ele>1345.0</ele></trkpt>
      <trkpt lat="49.120581" lon="20.063571"><ele>1345.0</ele></trkpt>
      <trkpt lat="49.120601" lon="20.063549"><ele>1345.0</ele></trkpt>
      <trkpt lat="49.120618" lon="20.063523"><ele>1346.0</ele></trkpt>
      <trkpt lat="49.120639" lon="20.063495"><ele>1347.0</ele></trkpt>
      <trkpt lat="49.120661" lon="20.063478"><ele>1347.0</ele></trkpt>
      <trkpt lat="49.120681" lon="20.063457"><ele>1347.0</ele></trkpt>
      <trkpt lat="49.120694" lon="20.063432"><ele>1347.0</ele></trkpt>
      <trkpt lat="49.120702" lon="20.063402"><ele>1347.0</ele></trkpt>
      <trkpt lat="49.120709" lon="20.063372"><ele>1347.0</ele></trkpt>
      <trkpt lat="49.120724" lon="20.063349"><ele>1347.0</ele></trkpt>
      <trkpt lat="49.120743" lon="20.063327"><ele>1348.0</ele></trkpt>
      <trkpt lat="49.120757" lon="20.063308"><ele>1348.0</ele></trkpt>
      <trkpt lat="49.120773" lon="20.063282"><ele>1348.0</ele></trkpt>
      <trkpt lat="49.120791" lon="20.063264"><ele>1348.0</ele></trkpt>
      <trkpt lat="49.120810" lon="20.063244"><ele>1349.0</ele></trkpt>
      <trkpt lat="49.120831" lon="20.063226"><ele>1349.0</ele></trkpt>
      <trkpt lat="49.120850" lon="20.063207"><ele>1349.0</ele></trkpt>
      <trkpt lat="49.120877" lon="20.063205"><ele>1349.0</ele></trkpt>
      <trkpt lat="49.120902" lon="20.063203"><ele>1349.0</ele></trkpt>
      <trkpt lat="49.120928" lon="20.063203"><ele>1349.0</ele></trkpt>
      <trkpt lat="49.120955" lon="20.063199"><ele>1349.0</ele></trkpt>
      <trkpt lat="49.120983" lon="20.063203"><ele>1349.0</ele></trkpt>
      <trkpt lat="49.121010" lon="20.063217"><ele>1349.0</ele></trkpt>
      <trkpt lat="49.121037" lon="20.063223"><ele>1349.0</ele></trkpt>
      <trkpt lat="49.121063" lon="20.063226"><ele>1349.0</ele></trkpt>
      <trkpt lat="49.121091" lon="20.063235"><ele>1349.0</ele></trkpt>
      <trkpt lat="49.121119" lon="20.063245"><ele>1349.0</ele></trkpt>
      <trkpt lat="49.121144" lon="20.063254"><ele>1349.0</ele></trkpt>
      <trkpt lat="49.121182" lon="20.063273"><ele>1349.0</ele></trkpt>
      <trkpt lat="49.121209" lon="20.063285"><ele>1349.0</ele></trkpt>
      <trkpt lat="49.121239" lon="20.063294"><ele>1349.0</ele></trkpt>
      <trkpt lat="49.121266" lon="20.063303"><ele>1349.0</ele></trkpt>
      <trkpt lat="49.121296" lon="20.063313"><ele>1349.0</ele></trkpt>
      <trkpt lat="49.121328" lon="20.063325"><ele>1349.0</ele></trkpt>
      <trkpt lat="49.121354" lon="20.063331"><ele>1349.0</ele></trkpt>
      <trkpt lat="49.121374" lon="20.063346"><ele>1349.0</ele></trkpt>
      <trkpt lat="49.121396" lon="20.063354"><ele>1350.0</ele></trkpt>
      <trkpt lat="49.121430" lon="20.063346"><ele>1351.0</ele></trkpt>
      <trkpt lat="49.121452" lon="20.063339"><ele>1350.0</ele></trkpt>
      <trkpt lat="49.121477" lon="20.063334"><ele>1350.0</ele></trkpt>
      <trkpt lat="49.121504" lon="20.063330"><ele>1349.0</ele></trkpt>
      <trkpt lat="49.121529" lon="20.063335"><ele>1350.0</ele></trkpt>
      <trkpt lat="49.121552" lon="20.063345"><ele>1350.0</ele></trkpt>
      <trkpt lat="49.121574" lon="20.063359"><ele>1350.0</ele></trkpt>
      <trkpt lat="49.121597" lon="20.063372"><ele>1350.0</ele></trkpt>
      <trkpt lat="49.121618" lon="20.063387"><ele>1350.0</ele></trkpt>
      <trkpt lat="49.121638" lon="20.063405"><ele>1350.0</ele></trkpt>
      <trkpt lat="49.121658" lon="20.063418"><ele>1350.0</ele></trkpt>
      <trkpt lat="49.121680" lon="20.063428"><ele>1350.0</ele></trkpt>
      <trkpt lat="49.121702" lon="20.063440"><ele>1350.0</ele></trkpt>
      <trkpt lat="49.121723" lon="20.063453"><ele>1350.0</ele></trkpt>
      <trkpt lat="49.121742" lon="20.063466"><ele>1350.0</ele></trkpt>
      <trkpt lat="49.121762" lon="20.063478"><ele>1350.0</ele></trkpt>
      <trkpt lat="49.121782" lon="20.063492"><ele>1350.0</ele></trkpt>
      <trkpt lat="49.121807" lon="20.063508"><ele>1351.0</ele></trkpt>
      <trkpt lat="49.121829" lon="20.063517"><ele>1350.0</ele></trkpt>
      <trkpt lat="49.121852" lon="20.063539"><ele>1350.0</ele></trkpt>
      <trkpt lat="49.121877" lon="20.063550"><ele>1350.0</ele></trkpt>
      <trkpt lat="49.121900" lon="20.063562"><ele>1350.0</ele></trkpt>
      <trkpt lat="49.121923" lon="20.063577"><ele>1350.0</ele></trkpt>
      <trkpt lat="49.121947" lon="20.063590"><ele>1351.0</ele></trkpt>
      <trkpt lat="49.121970" lon="20.063610"><ele>1351.0</ele></trkpt>
      <trkpt lat="49.121993" lon="20.063618"><ele>1351.0</ele></trkpt>
      <trkpt lat="49.122012" lon="20.063636"><ele>1351.0</ele></trkpt>
      <trkpt lat="49.122032" lon="20.063654"><ele>1351.0</ele></trkpt>
      <trkpt lat="49.122059" lon="20.063663"><ele>1351.0</ele></trkpt>
      <trkpt lat="49.122086" lon="20.063675"><ele>1351.0</ele></trkpt>
      <trkpt lat="49.122111" lon="20.063681"><ele>1351.0</ele></trkpt>
      <trkpt lat="49.122137" lon="20.063697"><ele>1352.0</ele></trkpt>
      <trkpt lat="49.122156" lon="20.063701"><ele>1352.0</ele></trkpt>
      <trkpt lat="49.122183" lon="20.063717"><ele>1351.0</ele></trkpt>
      <trkpt lat="49.122211" lon="20.063734"><ele>1352.0</ele></trkpt>
      <trkpt lat="49.122241" lon="20.063751"><ele>1352.0</ele></trkpt>
      <trkpt lat="49.122275" lon="20.063763"><ele>1352.0</ele></trkpt>
      <trkpt lat="49.122301" lon="20.063774"><ele>1352.0</ele></trkpt>
      <trkpt lat="49.122329" lon="20.063785"><ele>1353.0</ele></trkpt>
      <trkpt lat="49.122352" lon="20.063798"><ele>1353.0</ele></trkpt>
      <trkpt lat="49.122375" lon="20.063812"><ele>1353.0</ele></trkpt>
      <trkpt lat="49.122403" lon="20.063821"><ele>1353.0</ele></trkpt>
      <trkpt lat="49.122430" lon="20.063835"><ele>1353.0</ele></trkpt>
      <trkpt lat="49.122456" lon="20.063851"><ele>1353.0</ele></trkpt>
      <trkpt lat="49.122484" lon="20.063865"><ele>1353.0</ele></trkpt>
      <trkpt lat="49.122512" lon="20.063870"><ele>1353.0</ele></trkpt>
      <trkpt lat="49.122539" lon="20.063878"><ele>1353.0</ele></trkpt>
      <trkpt lat="49.122567" lon="20.063890"><ele>1353.0</ele></trkpt>
      <trkpt lat="49.122591" lon="20.063903"><ele>1353.0</ele></trkpt>
      <trkpt lat="49.122615" lon="20.063917"><ele>1354.0</ele></trkpt>
      <trkpt lat="49.122635" lon="20.063924"><ele>1354.0</ele></trkpt>
      <trkpt lat="49.122659" lon="20.063937"><ele>1354.0</ele></trkpt>
      <trkpt lat="49.122688" lon="20.063951"><ele>1354.0</ele></trkpt>
      <trkpt lat="49.122715" lon="20.063966"><ele>1354.0</ele></trkpt>
      <trkpt lat="49.122739" lon="20.063981"><ele>1354.0</ele></trkpt>
      <trkpt lat="49.122759" lon="20.063987"><ele>1354.0</ele></trkpt>
      <trkpt lat="49.122779" lon="20.063997"><ele>1354.0</ele></trkpt>
      <trkpt lat="49.122797" lon="20.064008"><ele>1355.0</ele></trkpt>
      <trkpt lat="49.122817" lon="20.064020"><ele>1355.0</ele></trkpt>
      <trkpt lat="49.122837" lon="20.064024"><ele>1354.0</ele></trkpt>
      <trkpt lat="49.122862" lon="20.064031"><ele>1354.0</ele></trkpt>
      <trkpt lat="49.122891" lon="20.064039"><ele>1354.0</ele></trkpt>
      <trkpt lat="49.122917" lon="20.064040"><ele>1354.0</ele></trkpt>
      <trkpt lat="49.122941" lon="20.064042"><ele>1354.0</ele></trkpt>
      <trkpt lat="49.122963" lon="20.064047"><ele>1354.0</ele></trkpt>
      <trkpt lat="49.122985" lon="20.064056"><ele>1354.0</ele></trkpt>
      <trkpt lat="49.123010" lon="20.064059"><ele>1355.0</ele></trkpt>
      <trkpt lat="49.123038" lon="20.064055"><ele>1355.0</ele></trkpt>
      <trkpt lat="49.123061" lon="20.064047"><ele>1355.0</ele></trkpt>
      <trkpt lat="49.123087" lon="20.064033"><ele>1355.0</ele></trkpt>
      <trkpt lat="49.123111" lon="20.064026"><ele>1356.0</ele></trkpt>
      <trkpt lat="49.123137" lon="20.064020"><ele>1356.0</ele></trkpt>
      <trkpt lat="49.123164" lon="20.064017"><ele>1356.0</ele></trkpt>
      <trkpt lat="49.123194" lon="20.064003"><ele>1356.0</ele></trkpt>
      <trkpt lat="49.123222" lon="20.063991"><ele>1356.0</ele></trkpt>
      <trkpt lat="49.123247" lon="20.063981"><ele>1356.0</ele></trkpt>
      <trkpt lat="49.123266" lon="20.063990"><ele>1356.0</ele></trkpt>
      <trkpt lat="49.123260" lon="20.064026"><ele>1356.0</ele></trkpt>
      <trkpt lat="49.123256" lon="20.064069"><ele>1356.0</ele></trkpt>
      <trkpt lat="49.123250" lon="20.064109"><ele>1356.0</ele></trkpt>
      <trkpt lat="49.123245" lon="20.064144"><ele>1356.0</ele></trkpt>
      <trkpt lat="49.123234" lon="20.064181"><ele>1356.0</ele></trkpt>
      <trkpt lat="49.123218" lon="20.064213"><ele>1356.0</ele></trkpt>
      <trkpt lat="49.123202" lon="20.064243"><ele>1356.0</ele></trkpt>
      <trkpt lat="49.123188" lon="20.064268"><ele>1356.0</ele></trkpt>
      <trkpt lat="49.123186" lon="20.064300"><ele>1356.0</ele></trkpt>
      <trkpt lat="49.123186" lon="20.064333"><ele>1356.0</ele></trkpt>
      <trkpt lat="49.123191" lon="20.064365"><ele>1356.0</ele></trkpt>
      <trkpt lat="49.123196" lon="20.064392"><ele>1356.0</ele></trkpt>
      <trkpt lat="49.123213" lon="20.064410"><ele>1356.0</ele></trkpt>
      <trkpt lat="49.123237" lon="20.064431"><ele>1356.0</ele></trkpt>
      <trkpt lat="49.123256" lon="20.064450"><ele>1356.0</ele></trkpt>
      <trkpt lat="49.123276" lon="20.064471"><ele>1356.0</ele></trkpt>
      <trkpt lat="49.123297" lon="20.064496"><ele>1356.0</ele></trkpt>
      <trkpt lat="49.123317" lon="20.064520"><ele>1356.0</ele></trkpt>
      <trkpt lat="49.123334" lon="20.064545"><ele>1356.0</ele></trkpt>
      <trkpt lat="49.123353" lon="20.064566"><ele>1356.0</ele></trkpt>
      <trkpt lat="49.123373" lon="20.064589"><ele>1356.0</ele></trkpt>
      <trkpt lat="49.123395" lon="20.064609"><ele>1356.0</ele></trkpt>
      <trkpt lat="49.123417" lon="20.064625"><ele>1356.0</ele></trkpt>
      <trkpt lat="49.123432" lon="20.064653"><ele>1356.0</ele></trkpt>
      <trkpt lat="49.123446" lon="20.064677"><ele>1356.0</ele></trkpt>
      <trkpt lat="49.123465" lon="20.064700"><ele>1356.0</ele></trkpt>
      <trkpt lat="49.123479" lon="20.064725"><ele>1356.0</ele></trkpt>
      <trkpt lat="49.123499" lon="20.064754"><ele>1356.0</ele></trkpt>
      <trkpt lat="49.123520" lon="20.064778"><ele>1356.0</ele></trkpt>
      <trkpt lat="49.123540" lon="20.064803"><ele>1356.0</ele></trkpt>
      <trkpt lat="49.123560" lon="20.064822"><ele>1356.0</ele></trkpt>
      <trkpt lat="49.123574" lon="20.064843"><ele>1356.0</ele></trkpt>
      <trkpt lat="49.123591" lon="20.064863"><ele>1356.0</ele></trkpt>
      <trkpt lat="49.123612" lon="20.064891"><ele>1356.0</ele></trkpt>
      <trkpt lat="49.123632" lon="20.064910"><ele>1356.0</ele></trkpt>
      <trkpt lat="49.123652" lon="20.064932"><ele>1356.0</ele></trkpt>
      <trkpt lat="49.123675" lon="20.064954"><ele>1356.0</ele></trkpt>
      <trkpt lat="49.123698" lon="20.064973"><ele>1356.0</ele></trkpt>
      <trkpt lat="49.123719" lon="20.064985"><ele>1356.0</ele></trkpt>
      <trkpt lat="49.123737" lon="20.065003"><ele>1356.0</ele></trkpt>
      <trkpt lat="49.123755" lon="20.065025"><ele>1356.0</ele></trkpt>
      <trkpt lat="49.123777" lon="20.065046"><ele>1356.0</ele></trkpt>
      <trkpt lat="49.123797" lon="20.065062"><ele>1356.0</ele></trkpt>
      <trkpt lat="49.123819" lon="20.065080"><ele>1356.0</ele></trkpt>
      <trkpt lat="49.123838" lon="20.065106"><ele>1357.0</ele></trkpt>
      <trkpt lat="49.123860" lon="20.065134"><ele>1357.0</ele></trkpt>
      <trkpt lat="49.123880" lon="20.065155"><ele>1357.0</ele></trkpt>
      <trkpt lat="49.123896" lon="20.065175"><ele>1357.0</ele></trkpt>
      <trkpt lat="49.123913" lon="20.065196"><ele>1357.0</ele></trkpt>
      <trkpt lat="49.123931" lon="20.065216"><ele>1357.0</ele></trkpt>
      <trkpt lat="49.123950" lon="20.065241"><ele>1357.0</ele></trkpt>
      <trkpt lat="49.123973" lon="20.065269"><ele>1357.0</ele></trkpt>
      <trkpt lat="49.123994" lon="20.065300"><ele>1357.0</ele></trkpt>
      <trkpt lat="49.124013" lon="20.065334"><ele>1357.0</ele></trkpt>
      <trkpt lat="49.124034" lon="20.065360"><ele>1357.0</ele></trkpt>
      <trkpt lat="49.124053" lon="20.065384"><ele>1357.0</ele></trkpt>
      <trkpt lat="49.124073" lon="20.065403"><ele>1357.0</ele></trkpt>
      <trkpt lat="49.124093" lon="20.065422"><ele>1357.0</ele></trkpt>
      <trkpt lat="49.124116" lon="20.065432"><ele>1357.0</ele></trkpt>
      <trkpt lat="49.124145" lon="20.065429"><ele>1357.0</ele></trkpt>
      <trkpt lat="49.124172" lon="20.065419"><ele>1356.0</ele></trkpt>
      <trkpt lat="49.124194" lon="20.065401"><ele>1356.0</ele></trkpt>
      <trkpt lat="49.124216" lon="20.065380"><ele>1356.0</ele></trkpt>
      <trkpt lat="49.124240" lon="20.065368"><ele>1356.0</ele></trkpt>
      <trkpt lat="49.124267" lon="20.065360"><ele>1356.0</ele></trkpt>
      <trkpt lat="49.124283" lon="20.065344"><ele>1356.0</ele></trkpt>
      <trkpt lat="49.124305" lon="20.065339"><ele>1356.0</ele></trkpt>
      <trkpt lat="49.124324" lon="20.065331"><ele>1357.0</ele></trkpt>
      <trkpt lat="49.124349" lon="20.065312"><ele>1357.0</ele></trkpt>
      <trkpt lat="49.124367" lon="20.065296"><ele>1357.0</ele></trkpt>
      <trkpt lat="49.124389" lon="20.065283"><ele>1357.0</ele></trkpt>
      <trkpt lat="49.124412" lon="20.065280"><ele>1357.0</ele></trkpt>
      <trkpt lat="49.124436" lon="20.065277"><ele>1357.0</ele></trkpt>
      <trkpt lat="49.124459" lon="20.065261"><ele>1358.0</ele></trkpt>
      <trkpt lat="49.124486" lon="20.065252"><ele>1358.0</ele></trkpt>
      <trkpt lat="49.124506" lon="20.065237"><ele>1358.0</ele></trkpt>
      <trkpt lat="49.124524" lon="20.065222"><ele>1358.0</ele></trkpt>
      <trkpt lat="49.124550" lon="20.065217"><ele>1358.0</ele></trkpt>
      <trkpt lat="49.124572" lon="20.065209"><ele>1358.0</ele></trkpt>
      <trkpt lat="49.124597" lon="20.065191"><ele>1358.0</ele></trkpt>
      <trkpt lat="49.124622" lon="20.065188"><ele>1358.0</ele></trkpt>
      <trkpt lat="49.124643" lon="20.065197"><ele>1358.0</ele></trkpt>
      <trkpt lat="49.124662" lon="20.065222"><ele>1358.0</ele></trkpt>
      <trkpt lat="49.124679" lon="20.065254"><ele>1358.0</ele></trkpt>
      <trkpt lat="49.124690" lon="20.065281"><ele>1359.0</ele></trkpt>
      <trkpt lat="49.124700" lon="20.065305"><ele>1359.0</ele></trkpt>
      <trkpt lat="49.124707" lon="20.065331"><ele>1360.0</ele></trkpt>
      <trkpt lat="49.124719" lon="20.065354"><ele>1360.0</ele></trkpt>
      <trkpt lat="49.124733" lon="20.065377"><ele>1361.0</ele></trkpt>
      <trkpt lat="49.124741" lon="20.065405"><ele>1361.0</ele></trkpt>
      <trkpt lat="49.124745" lon="20.065435"><ele>1361.0</ele></trkpt>
      <trkpt lat="49.124749" lon="20.065463"><ele>1361.0</ele></trkpt>
      <trkpt lat="49.124761" lon="20.065484"><ele>1362.0</ele></trkpt>
      <trkpt lat="49.124772" lon="20.065508"><ele>1362.0</ele></trkpt>
      <trkpt lat="49.124786" lon="20.065526"><ele>1362.0</ele></trkpt>
      <trkpt lat="49.124806" lon="20.065543"><ele>1362.0</ele></trkpt>
      <trkpt lat="49.124828" lon="20.065557"><ele>1362.0</ele></trkpt>
      <trkpt lat="49.124845" lon="20.065571"><ele>1363.0</ele></trkpt>
      <trkpt lat="49.124864" lon="20.065590"><ele>1363.0</ele></trkpt>
      <trkpt lat="49.124890" lon="20.065599"><ele>1364.0</ele></trkpt>
      <trkpt lat="49.124911" lon="20.065603"><ele>1364.0</ele></trkpt>
      <trkpt lat="49.124929" lon="20.065594"><ele>1364.0</ele></trkpt>
      <trkpt lat="49.124951" lon="20.065602"><ele>1365.0</ele></trkpt>
      <trkpt lat="49.124971" lon="20.065606"><ele>1365.0</ele></trkpt>
      <trkpt lat="49.124992" lon="20.065619"><ele>1366.0</ele></trkpt>
      <trkpt lat="49.125016" lon="20.065630"><ele>1366.0</ele></trkpt>
      <trkpt lat="49.125034" lon="20.065627"><ele>1367.0</ele></trkpt>
      <trkpt lat="49.125056" lon="20.065630"><ele>1367.0</ele></trkpt>
      <trkpt lat="49.125080" lon="20.065623"><ele>1368.0</ele></trkpt>
      <trkpt lat="49.125101" lon="20.065619"><ele>1368.0</ele></trkpt>
      <trkpt lat="49.125118" lon="20.065609"><ele>1369.0</ele></trkpt>
      <trkpt lat="49.125140" lon="20.065596"><ele>1369.0</ele></trkpt>
      <trkpt lat="49.125160" lon="20.065583"><ele>1369.0</ele></trkpt>
      <trkpt lat="49.125182" lon="20.065585"><ele>1370.0</ele></trkpt>
      <trkpt lat="49.125205" lon="20.065589"><ele>1370.0</ele></trkpt>
      <trkpt lat="49.125227" lon="20.065600"><ele>1370.0</ele></trkpt>
      <trkpt lat="49.125253" lon="20.065607"><ele>1370.0</ele></trkpt>
      <trkpt lat="49.125281" lon="20.065604"><ele>1371.0</ele></trkpt>
      <trkpt lat="49.125311" lon="20.065607"><ele>1371.0</ele></trkpt>
      <trkpt lat="49.125329" lon="20.065613"><ele>1372.0</ele></trkpt>
      <trkpt lat="49.125348" lon="20.065615"><ele>1373.0</ele></trkpt>
      <trkpt lat="49.125368" lon="20.065630"><ele>1373.0</ele></trkpt>
      <trkpt lat="49.125387" lon="20.065642"><ele>1373.0</ele></trkpt>
      <trkpt lat="49.125409" lon="20.065647"><ele>1373.0</ele></trkpt>
      <trkpt lat="49.125435" lon="20.065658"><ele>1373.0</ele></trkpt>
      <trkpt lat="49.125458" lon="20.065670"><ele>1373.0</ele></trkpt>
      <trkpt lat="49.125475" lon="20.065685"><ele>1373.0</ele></trkpt>
      <trkpt lat="49.125495" lon="20.065687"><ele>1374.0</ele></trkpt>
      <trkpt lat="49.125516" lon="20.065687"><ele>1374.0</ele></trkpt>
      <trkpt lat="49.125535" lon="20.065695"><ele>1374.0</ele></trkpt>
      <trkpt lat="49.125554" lon="20.065701"><ele>1375.0</ele></trkpt>
      <trkpt lat="49.125575" lon="20.065709"><ele>1375.0</ele></trkpt>
      <trkpt lat="49.125598" lon="20.065705"><ele>1375.0</ele></trkpt>
      <trkpt lat="49.125617" lon="20.065714"><ele>1375.0</ele></trkpt>
      <trkpt lat="49.125641" lon="20.065719"><ele>1376.0</ele></trkpt>
      <trkpt lat="49.125664" lon="20.065714"><ele>1376.0</ele></trkpt>
      <trkpt lat="49.125687" lon="20.065721"><ele>1376.0</ele></trkpt>
      <trkpt lat="49.125709" lon="20.065724"><ele>1376.0</ele></trkpt>
      <trkpt lat="49.125728" lon="20.065724"><ele>1376.0</ele></trkpt>
      <trkpt lat="49.125747" lon="20.065725"><ele>1377.0</ele></trkpt>
      <trkpt lat="49.125764" lon="20.065732"><ele>1378.0</ele></trkpt>
      <trkpt lat="49.125784" lon="20.065736"><ele>1378.0</ele></trkpt>
      <trkpt lat="49.125802" lon="20.065740"><ele>1378.0</ele></trkpt>
      <trkpt lat="49.125826" lon="20.065746"><ele>1378.0</ele></trkpt>
      <trkpt lat="49.125846" lon="20.065745"><ele>1379.0</ele></trkpt>
      <trkpt lat="49.125864" lon="20.065757"><ele>1379.0</ele></trkpt>
      <trkpt lat="49.125886" lon="20.065768"><ele>1379.0</ele></trkpt>
      <trkpt lat="49.125908" lon="20.065779"><ele>1380.0</ele></trkpt>
      <trkpt lat="49.125932" lon="20.065791"><ele>1380.0</ele></trkpt>
      <trkpt lat="49.125956" lon="20.065800"><ele>1380.0</ele></trkpt>
      <trkpt lat="49.125975" lon="20.065804"><ele>1381.0</ele></trkpt>
      <trkpt lat="49.125999" lon="20.065809"><ele>1381.0</ele></trkpt>
      <trkpt lat="49.126019" lon="20.065806"><ele>1382.0</ele></trkpt>
      <trkpt lat="49.126043" lon="20.065811"><ele>1382.0</ele></trkpt>
      <trkpt lat="49.126062" lon="20.065813"><ele>1382.0</ele></trkpt>
      <trkpt lat="49.126083" lon="20.065819"><ele>1382.0</ele></trkpt>
      <trkpt lat="49.126101" lon="20.065811"><ele>1383.0</ele></trkpt>
      <trkpt lat="49.126124" lon="20.065808"><ele>1383.0</ele></trkpt>
      <trkpt lat="49.126144" lon="20.065809"><ele>1383.0</ele></trkpt>
      <trkpt lat="49.126167" lon="20.065797"><ele>1383.0</ele></trkpt>
      <trkpt lat="49.126187" lon="20.065796"><ele>1383.0</ele></trkpt>
      <trkpt lat="49.126214" lon="20.065791"><ele>1385.0</ele></trkpt>
      <trkpt lat="49.126236" lon="20.065794"><ele>1385.0</ele></trkpt>
      <trkpt lat="49.126258" lon="20.065799"><ele>1385.0</ele></trkpt>
      <trkpt lat="49.126278" lon="20.065792"><ele>1385.0</ele></trkpt>
      <trkpt lat="49.126299" lon="20.065790"><ele>1386.0</ele></trkpt>
      <trkpt lat="49.126324" lon="20.065790"><ele>1387.0</ele></trkpt>
      <trkpt lat="49.126344" lon="20.065789"><ele>1387.0</ele></trkpt>
      <trkpt lat="49.126365" lon="20.065789"><ele>1387.0</ele></trkpt>
      <trkpt lat="49.126385" lon="20.065789"><ele>1387.0</ele></trkpt>
      <trkpt lat="49.126404" lon="20.065787"><ele>1387.0</ele></trkpt>
      <trkpt lat="49.126425" lon="20.065787"><ele>1387.0</ele></trkpt>
      <trkpt lat="49.126444" lon="20.065794"><ele>1388.0</ele></trkpt>
      <trkpt lat="49.126469" lon="20.065787"><ele>1388.0</ele></trkpt>
      <trkpt lat="49.126495" lon="20.065785"><ele>1388.0</ele></trkpt>
      <trkpt lat="49.126512" lon="20.065776"><ele>1388.0</ele></trkpt>
      <trkpt lat="49.126536" lon="20.065773"><ele>1389.0</ele></trkpt>
      <trkpt lat="49.126555" lon="20.065765"><ele>1389.0</ele></trkpt>
      <trkpt lat="49.126576" lon="20.065756"><ele>1389.0</ele></trkpt>
      <trkpt lat="49.126600" lon="20.065754"><ele>1389.0</ele></trkpt>
      <trkpt lat="49.126615" lon="20.065734"><ele>1389.0</ele></trkpt>
      <trkpt lat="49.126639" lon="20.065727"><ele>1389.0</ele></trkpt>
      <trkpt lat="49.126658" lon="20.065717"><ele>1389.0</ele></trkpt>
      <trkpt lat="49.126677" lon="20.065713"><ele>1389.0</ele></trkpt>
      <trkpt lat="49.126699" lon="20.065707"><ele>1389.0</ele></trkpt>
      <trkpt lat="49.126718" lon="20.065704"><ele>1390.0</ele></trkpt>
      <trkpt lat="49.126740" lon="20.065706"><ele>1391.0</ele></trkpt>
      <trkpt lat="49.126761" lon="20.065709"><ele>1391.0</ele></trkpt>
      <trkpt lat="49.126781" lon="20.065706"><ele>1391.0</ele></trkpt>
      <trkpt lat="49.126800" lon="20.065701"><ele>1391.0</ele></trkpt>
      <trkpt lat="49.126822" lon="20.065696"><ele>1391.0</ele></trkpt>
      <trkpt lat="49.126847" lon="20.065698"><ele>1392.0</ele></trkpt>
      <trkpt lat="49.126868" lon="20.065697"><ele>1392.0</ele></trkpt>
      <trkpt lat="49.126886" lon="20.065686"><ele>1392.0</ele></trkpt>
      <trkpt lat="49.126904" lon="20.065679"><ele>1392.0</ele></trkpt>
      <trkpt lat="49.126925" lon="20.065676"><ele>1393.0</ele></trkpt>
      <trkpt lat="49.126947" lon="20.065667"><ele>1394.0</ele></trkpt>
      <trkpt lat="49.126967" lon="20.065662"><ele>1394.0</ele></trkpt>
      <trkpt lat="49.126994" lon="20.065657"><ele>1395.0</ele></trkpt>
      <trkpt lat="49.127015" lon="20.065653"><ele>1395.0</ele></trkpt>
      <trkpt lat="49.127034" lon="20.065644"><ele>1395.0</ele></trkpt>
      <trkpt lat="49.127053" lon="20.065638"><ele>1395.0</ele></trkpt>
      <trkpt lat="49.127074" lon="20.065638"><ele>1395.0</ele></trkpt>
      <trkpt lat="49.127098" lon="20.065644"><ele>1396.0</ele></trkpt>
      <trkpt lat="49.127118" lon="20.065641"><ele>1396.0</ele></trkpt>
      <trkpt lat="49.127137" lon="20.065635"><ele>1396.0</ele></trkpt>
      <trkpt lat="49.127158" lon="20.065630"><ele>1396.0</ele></trkpt>
      <trkpt lat="49.127184" lon="20.065626"><ele>1396.0</ele></trkpt>
      <trkpt lat="49.127206" lon="20.065618"><ele>1396.0</ele></trkpt>
      <trkpt lat="49.127230" lon="20.065614"><ele>1396.0</ele></trkpt>
      <trkpt lat="49.127255" lon="20.065619"><ele>1397.0</ele></trkpt>
      <trkpt lat="49.127277" lon="20.065620"><ele>1397.0</ele></trkpt>
      <trkpt lat="49.127296" lon="20.065615"><ele>1398.0</ele></trkpt>
      <trkpt lat="49.127318" lon="20.065611"><ele>1399.0</ele></trkpt>
      <trkpt lat="49.127340" lon="20.065609"><ele>1399.0</ele></trkpt>
      <trkpt lat="49.127359" lon="20.065601"><ele>1399.0</ele></trkpt>
      <trkpt lat="49.127376" lon="20.065588"><ele>1399.0</ele></trkpt>
      <trkpt lat="49.127395" lon="20.065583"><ele>1399.0</ele></trkpt>
      <trkpt lat="49.127420" lon="20.065575"><ele>1399.0</ele></trkpt>
      <trkpt lat="49.127439" lon="20.065568"><ele>1399.0</ele></trkpt>
      <trkpt lat="49.127464" lon="20.065553"><ele>1400.0</ele></trkpt>
      <trkpt lat="49.127486" lon="20.065542"><ele>1401.0</ele></trkpt>
      <trkpt lat="49.127506" lon="20.065534"><ele>1401.0</ele></trkpt>
      <trkpt lat="49.127526" lon="20.065534"><ele>1401.0</ele></trkpt>
      <trkpt lat="49.127545" lon="20.065544"><ele>1401.0</ele></trkpt>
      <trkpt lat="49.127564" lon="20.065546"><ele>1401.0</ele></trkpt>
      <trkpt lat="49.127584" lon="20.065534"><ele>1402.0</ele></trkpt>
      <trkpt lat="49.127603" lon="20.065518"><ele>1402.0</ele></trkpt>
      <trkpt lat="49.127624" lon="20.065506"><ele>1402.0</ele></trkpt>
      <trkpt lat="49.127645" lon="20.065495"><ele>1402.0</ele></trkpt>
      <trkpt lat="49.127665" lon="20.065489"><ele>1402.0</ele></trkpt>
      <trkpt lat="49.127685" lon="20.065493"><ele>1403.0</ele></trkpt>
      <trkpt lat="49.127704" lon="20.065486"><ele>1403.0</ele></trkpt>
      <trkpt lat="49.127725" lon="20.065474"><ele>1403.0</ele></trkpt>
      <trkpt lat="49.127749" lon="20.065465"><ele>1404.0</ele></trkpt>
      <trkpt lat="49.127768" lon="20.065456"><ele>1404.0</ele></trkpt>
      <trkpt lat="49.127789" lon="20.065453"><ele>1404.0</ele></trkpt>
      <trkpt lat="49.127810" lon="20.065456"><ele>1404.0</ele></trkpt>
      <trkpt lat="49.127831" lon="20.065447"><ele>1404.0</ele></trkpt>
      <trkpt lat="49.127850" lon="20.065435"><ele>1404.0</ele></trkpt>
      <trkpt lat="49.127871" lon="20.065426"><ele>1404.0</ele></trkpt>
      <trkpt lat="49.127892" lon="20.065417"><ele>1404.0</ele></trkpt>
      <trkpt lat="49.127911" lon="20.065418"><ele>1405.0</ele></trkpt>
      <trkpt lat="49.127934" lon="20.065412"><ele>1405.0</ele></trkpt>
      <trkpt lat="49.127956" lon="20.065413"><ele>1406.0</ele></trkpt>
      <trkpt lat="49.127981" lon="20.065413"><ele>1407.0</ele></trkpt>
      <trkpt lat="49.128005" lon="20.065399"><ele>1408.0</ele></trkpt>
      <trkpt lat="49.128031" lon="20.065395"><ele>1408.0</ele></trkpt>
      <trkpt lat="49.128049" lon="20.065391"><ele>1408.0</ele></trkpt>
      <trkpt lat="49.128068" lon="20.065382"><ele>1408.0</ele></trkpt>
      <trkpt lat="49.128088" lon="20.065371"><ele>1408.0</ele></trkpt>
      <trkpt lat="49.128114" lon="20.065363"><ele>1409.0</ele></trkpt>
      <trkpt lat="49.128132" lon="20.065357"><ele>1409.0</ele></trkpt>
      <trkpt lat="49.128149" lon="20.065343"><ele>1409.0</ele></trkpt>
      <trkpt lat="49.128167" lon="20.065340"><ele>1410.0</ele></trkpt>
      <trkpt lat="49.128184" lon="20.065328"><ele>1410.0</ele></trkpt>
      <trkpt lat="49.128208" lon="20.065323"><ele>1410.0</ele></trkpt>
      <trkpt lat="49.128233" lon="20.065311"><ele>1411.0</ele></trkpt>
      <trkpt lat="49.128250" lon="20.065300"><ele>1411.0</ele></trkpt>
      <trkpt lat="49.128269" lon="20.065299"><ele>1411.0</ele></trkpt>
      <trkpt lat="49.128293" lon="20.065291"><ele>1412.0</ele></trkpt>
      <trkpt lat="49.128314" lon="20.065288"><ele>1412.0</ele></trkpt>
      <trkpt lat="49.128334" lon="20.065286"><ele>1413.0</ele></trkpt>
      <trkpt lat="49.128355" lon="20.065280"><ele>1413.0</ele></trkpt>
      <trkpt lat="49.128376" lon="20.065278"><ele>1413.0</ele></trkpt>
      <trkpt lat="49.128395" lon="20.065267"><ele>1413.0</ele></trkpt>
      <trkpt lat="49.128419" lon="20.065258"><ele>1414.0</ele></trkpt>
      <trkpt lat="49.128437" lon="20.065258"><ele>1414.0</ele></trkpt>
      <trkpt lat="49.128461" lon="20.065247"><ele>1414.0</ele></trkpt>
      <trkpt lat="49.128479" lon="20.065243"><ele>1414.0</ele></trkpt>
      <trkpt lat="49.128504" lon="20.065232"><ele>1415.0</ele></trkpt>
      <trkpt lat="49.128527" lon="20.065230"><ele>1415.0</ele></trkpt>
      <trkpt lat="49.128549" lon="20.065229"><ele>1416.0</ele></trkpt>
      <trkpt lat="49.128571" lon="20.065228"><ele>1416.0</ele></trkpt>
      <trkpt lat="49.128591" lon="20.065221"><ele>1417.0</ele></trkpt>
      <trkpt lat="49.128615" lon="20.065218"><ele>1417.0</ele></trkpt>
      <trkpt lat="49.128639" lon="20.065212"><ele>1417.0</ele></trkpt>
      <trkpt lat="49.128658" lon="20.065217"><ele>1417.0</ele></trkpt>
      <trkpt lat="49.128679" lon="20.065213"><ele>1419.0</ele></trkpt>
      <trkpt lat="49.128701" lon="20.065213"><ele>1419.0</ele></trkpt>
      <trkpt lat="49.128720" lon="20.065217"><ele>1419.0</ele></trkpt>
      <trkpt lat="49.128739" lon="20.065210"><ele>1419.0</ele></trkpt>
      <trkpt lat="49.128763" lon="20.065201"><ele>1420.0</ele></trkpt>
      <trkpt lat="49.128781" lon="20.065196"><ele>1420.0</ele></trkpt>
      <trkpt lat="49.128800" lon="20.065196"><ele>1420.0</ele></trkpt>
      <trkpt lat="49.128820" lon="20.065195"><ele>1420.0</ele></trkpt>
      <trkpt lat="49.128843" lon="20.065186"><ele>1420.0</ele></trkpt>
      <trkpt lat="49.128865" lon="20.065185"><ele>1420.0</ele></trkpt>
      <trkpt lat="49.128890" lon="20.065177"><ele>1420.0</ele></trkpt>
      <trkpt lat="49.128914" lon="20.065174"><ele>1421.0</ele></trkpt>
      <trkpt lat="49.128937" lon="20.065175"><ele>1421.0</ele></trkpt>
      <trkpt lat="49.128956" lon="20.065163"><ele>1421.0</ele></trkpt>
      <trkpt lat="49.128978" lon="20.065147"><ele>1422.0</ele></trkpt>
      <trkpt lat="49.129001" lon="20.065139"><ele>1422.0</ele></trkpt>
      <trkpt lat="49.129023" lon="20.065117"><ele>1422.0</ele></trkpt>
      <trkpt lat="49.129049" lon="20.065108"><ele>1423.0</ele></trkpt>
      <trkpt lat="49.129068" lon="20.065107"><ele>1423.0</ele></trkpt>
      <trkpt lat="49.129093" lon="20.065108"><ele>1423.0</ele></trkpt>
      <trkpt lat="49.129116" lon="20.065105"><ele>1424.0</ele></trkpt>
      <trkpt lat="49.129141" lon="20.065102"><ele>1425.0</ele></trkpt>
      <trkpt lat="49.129166" lon="20.065100"><ele>1425.0</ele></trkpt>
      <trkpt lat="49.129181" lon="20.065117"><ele>1425.0</ele></trkpt>
      <trkpt lat="49.129194" lon="20.065138"><ele>1426.0</ele></trkpt>
      <trkpt lat="49.129210" lon="20.065150"><ele>1426.0</ele></trkpt>
      <trkpt lat="49.129200" lon="20.065124"><ele>1426.0</ele></trkpt>
      <trkpt lat="49.129181" lon="20.065122"><ele>1427.0</ele></trkpt>
      <trkpt lat="49.129194" lon="20.065103"><ele>1426.0</ele></trkpt>
      <trkpt lat="49.129219" lon="20.065098"><ele>1426.0</ele></trkpt>
      <trkpt lat="49.129244" lon="20.065097"><ele>1426.0</ele></trkpt>
      <trkpt lat="49.129265" lon="20.065096"><ele>1427.0</ele></trkpt>
      <trkpt lat="49.129289" lon="20.065102"><ele>1427.0</ele></trkpt>
      <trkpt lat="49.129310" lon="20.065109"><ele>1427.0</ele></trkpt>
      <trkpt lat="49.129332" lon="20.065114"><ele>1427.0</ele></trkpt>
      <trkpt lat="49.129350" lon="20.065105"><ele>1428.0</ele></trkpt>
      <trkpt lat="49.129369" lon="20.065107"><ele>1428.0</ele></trkpt>
      <trkpt lat="49.129390" lon="20.065102"><ele>1429.0</ele></trkpt>
      <trkpt lat="49.129414" lon="20.065098"><ele>1429.0</ele></trkpt>
      <trkpt lat="49.129435" lon="20.065087"><ele>1430.0</ele></trkpt>
      <trkpt lat="49.129455" lon="20.065085"><ele>1430.0</ele></trkpt>
      <trkpt lat="49.129477" lon="20.065087"><ele>1431.0</ele></trkpt>
      <trkpt lat="49.129495" lon="20.065080"><ele>1431.0</ele></trkpt>
      <trkpt lat="49.129509" lon="20.065060"><ele>1432.0</ele></trkpt>
      <trkpt lat="49.129528" lon="20.065067"><ele>1432.0</ele></trkpt>
      <trkpt lat="49.129545" lon="20.065056"><ele>1432.0</ele></trkpt>
      <trkpt lat="49.129566" lon="20.065051"><ele>1432.0</ele></trkpt>
      <trkpt lat="49.129590" lon="20.065045"><ele>1432.0</ele></trkpt>
      <trkpt lat="49.129619" lon="20.065043"><ele>1432.0</ele></trkpt>
      <trkpt lat="49.129638" lon="20.065039"><ele>1433.0</ele></trkpt>
      <trkpt lat="49.129662" lon="20.065034"><ele>1434.0</ele></trkpt>
      <trkpt lat="49.129690" lon="20.065028"><ele>1434.0</ele></trkpt>
      <trkpt lat="49.129709" lon="20.065024"><ele>1434.0</ele></trkpt>
      <trkpt lat="49.129731" lon="20.065019"><ele>1435.0</ele></trkpt>
      <trkpt lat="49.129752" lon="20.065016"><ele>1435.0</ele></trkpt>
      <trkpt lat="49.129778" lon="20.065020"><ele>1435.0</ele></trkpt>
      <trkpt lat="49.129798" lon="20.065021"><ele>1435.0</ele></trkpt>
      <trkpt lat="49.129824" lon="20.065016"><ele>1436.0</ele></trkpt>
      <trkpt lat="49.129842" lon="20.065004"><ele>1436.0</ele></trkpt>
      <trkpt lat="49.129867" lon="20.064991"><ele>1436.0</ele></trkpt>
      <trkpt lat="49.129890" lon="20.064973"><ele>1436.0</ele></trkpt>
      <trkpt lat="49.129910" lon="20.064967"><ele>1437.0</ele></trkpt>
      <trkpt lat="49.129930" lon="20.064962"><ele>1437.0</ele></trkpt>
      <trkpt lat="49.129951" lon="20.064957"><ele>1437.0</ele></trkpt>
      <trkpt lat="49.129971" lon="20.064945"><ele>1438.0</ele></trkpt>
      <trkpt lat="49.129994" lon="20.064944"><ele>1438.0</ele></trkpt>
      <trkpt lat="49.130013" lon="20.064940"><ele>1438.0</ele></trkpt>
      <trkpt lat="49.130035" lon="20.064932"><ele>1439.0</ele></trkpt>
      <trkpt lat="49.130060" lon="20.064924"><ele>1440.0</ele></trkpt>
      <trkpt lat="49.130081" lon="20.064918"><ele>1440.0</ele></trkpt>
      <trkpt lat="49.130106" lon="20.064900"><ele>1440.0</ele></trkpt>
      <trkpt lat="49.130122" lon="20.064885"><ele>1440.0</ele></trkpt>
      <trkpt lat="49.130139" lon="20.064869"><ele>1441.0</ele></trkpt>
      <trkpt lat="49.130160" lon="20.064866"><ele>1441.0</ele></trkpt>
      <trkpt lat="49.130179" lon="20.064859"><ele>1442.0</ele></trkpt>
      <trkpt lat="49.130200" lon="20.064850"><ele>1442.0</ele></trkpt>
      <trkpt lat="49.130218" lon="20.064842"><ele>1442.0</ele></trkpt>
      <trkpt lat="49.130238" lon="20.064839"><ele>1443.0</ele></trkpt>
      <trkpt lat="49.130259" lon="20.064835"><ele>1443.0</ele></trkpt>
      <trkpt lat="49.130276" lon="20.064824"><ele>1443.0</ele></trkpt>
      <trkpt lat="49.130300" lon="20.064815"><ele>1444.0</ele></trkpt>
      <trkpt lat="49.130322" lon="20.064807"><ele>1444.0</ele></trkpt>
      <trkpt lat="49.130341" lon="20.064798"><ele>1445.0</ele></trkpt>
      <trkpt lat="49.130365" lon="20.064801"><ele>1445.0</ele></trkpt>
      <trkpt lat="49.130383" lon="20.064797"><ele>1446.0</ele></trkpt>
      <trkpt lat="49.130402" lon="20.064786"><ele>1446.0</ele></trkpt>
      <trkpt lat="49.130426" lon="20.064783"><ele>1446.0</ele></trkpt>
      <trkpt lat="49.130451" lon="20.064774"><ele>1446.0</ele></trkpt>
      <trkpt lat="49.130474" lon="20.064767"><ele>1446.0</ele></trkpt>
      <trkpt lat="49.130502" lon="20.064757"><ele>1447.0</ele></trkpt>
      <trkpt lat="49.130519" lon="20.064749"><ele>1447.0</ele></trkpt>
      <trkpt lat="49.130541" lon="20.064743"><ele>1447.0</ele></trkpt>
      <trkpt lat="49.130560" lon="20.064736"><ele>1447.0</ele></trkpt>
      <trkpt lat="49.130579" lon="20.064733"><ele>1447.0</ele></trkpt>
      <trkpt lat="49.130604" lon="20.064725"><ele>1448.0</ele></trkpt>
      <trkpt lat="49.130626" lon="20.064722"><ele>1448.0</ele></trkpt>
      <trkpt lat="49.130647" lon="20.064715"><ele>1448.0</ele></trkpt>
      <trkpt lat="49.130668" lon="20.064707"><ele>1448.0</ele></trkpt>
      <trkpt lat="49.130696" lon="20.064698"><ele>1449.0</ele></trkpt>
      <trkpt lat="49.130715" lon="20.064695"><ele>1449.0</ele></trkpt>
      <trkpt lat="49.130736" lon="20.064695"><ele>1449.0</ele></trkpt>
      <trkpt lat="49.130756" lon="20.064682"><ele>1449.0</ele></trkpt>
      <trkpt lat="49.130774" lon="20.064665"><ele>1450.0</ele></trkpt>
      <trkpt lat="49.130798" lon="20.064660"><ele>1450.0</ele></trkpt>
      <trkpt lat="49.130818" lon="20.064660"><ele>1450.0</ele></trkpt>
      <trkpt lat="49.130836" lon="20.064646"><ele>1451.0</ele></trkpt>
      <trkpt lat="49.130860" lon="20.064637"><ele>1451.0</ele></trkpt>
      <trkpt lat="49.130887" lon="20.064638"><ele>1451.0</ele></trkpt>
      <trkpt lat="49.130910" lon="20.064621"><ele>1451.0</ele></trkpt>
      <trkpt lat="49.130932" lon="20.064608"><ele>1451.0</ele></trkpt>
      <trkpt lat="49.130958" lon="20.064592"><ele>1452.0</ele></trkpt>
      <trkpt lat="49.130980" lon="20.064583"><ele>1452.0</ele></trkpt>
      <trkpt lat="49.130998" lon="20.064575"><ele>1452.0</ele></trkpt>
      <trkpt lat="49.131017" lon="20.064571"><ele>1453.0</ele></trkpt>
      <trkpt lat="49.131038" lon="20.064557"><ele>1453.0</ele></trkpt>
      <trkpt lat="49.131053" lon="20.064539"><ele>1453.0</ele></trkpt>
      <trkpt lat="49.131071" lon="20.064523"><ele>1453.0</ele></trkpt>
      <trkpt lat="49.131090" lon="20.064519"><ele>1453.0</ele></trkpt>
      <trkpt lat="49.131107" lon="20.064499"><ele>1453.0</ele></trkpt>
      <trkpt lat="49.131133" lon="20.064481"><ele>1455.0</ele></trkpt>
      <trkpt lat="49.131155" lon="20.064457"><ele>1455.0</ele></trkpt>
      <trkpt lat="49.131177" lon="20.064442"><ele>1455.0</ele></trkpt>
      <trkpt lat="49.131201" lon="20.064422"><ele>1456.0</ele></trkpt>
      <trkpt lat="49.131222" lon="20.064397"><ele>1456.0</ele></trkpt>
      <trkpt lat="49.131246" lon="20.064382"><ele>1456.0</ele></trkpt>
      <trkpt lat="49.131261" lon="20.064365"><ele>1455.0</ele></trkpt>
      <trkpt lat="49.131281" lon="20.064356"><ele>1456.0</ele></trkpt>
      <trkpt lat="49.131300" lon="20.064349"><ele>1456.0</ele></trkpt>
      <trkpt lat="49.131322" lon="20.064348"><ele>1456.0</ele></trkpt>
      <trkpt lat="49.131348" lon="20.064339"><ele>1457.0</ele></trkpt>
      <trkpt lat="49.131371" lon="20.064338"><ele>1457.0</ele></trkpt>
      <trkpt lat="49.131397" lon="20.064337"><ele>1457.0</ele></trkpt>
      <trkpt lat="49.131421" lon="20.064324"><ele>1457.0</ele></trkpt>
      <trkpt lat="49.131441" lon="20.064319"><ele>1457.0</ele></trkpt>
      <trkpt lat="49.131463" lon="20.064310"><ele>1458.0</ele></trkpt>
      <trkpt lat="49.131489" lon="20.064301"><ele>1458.0</ele></trkpt>
      <trkpt lat="49.131509" lon="20.064298"><ele>1458.0</ele></trkpt>
      <trkpt lat="49.131530" lon="20.064293"><ele>1459.0</ele></trkpt>
      <trkpt lat="49.131558" lon="20.064283"><ele>1459.0</ele></trkpt>
      <trkpt lat="49.131578" lon="20.064273"><ele>1459.0</ele></trkpt>
      <trkpt lat="49.131599" lon="20.064270"><ele>1459.0</ele></trkpt>
      <trkpt lat="49.131619" lon="20.064270"><ele>1459.0</ele></trkpt>
      <trkpt lat="49.131639" lon="20.064268"><ele>1459.0</ele></trkpt>
      <trkpt lat="49.131665" lon="20.064261"><ele>1460.0</ele></trkpt>
      <trkpt lat="49.131685" lon="20.064258"><ele>1460.0</ele></trkpt>
      <trkpt lat="49.131703" lon="20.064261"><ele>1460.0</ele></trkpt>
      <trkpt lat="49.131728" lon="20.064252"><ele>1460.0</ele></trkpt>
      <trkpt lat="49.131755" lon="20.064240"><ele>1461.0</ele></trkpt>
      <trkpt lat="49.131774" lon="20.064238"><ele>1461.0</ele></trkpt>
      <trkpt lat="49.131794" lon="20.064234"><ele>1461.0</ele></trkpt>
      <trkpt lat="49.131812" lon="20.064234"><ele>1461.0</ele></trkpt>
      <trkpt lat="49.131835" lon="20.064224"><ele>1461.0</ele></trkpt>
      <trkpt lat="49.131863" lon="20.064217"><ele>1462.0</ele></trkpt>
      <trkpt lat="49.131881" lon="20.064211"><ele>1462.0</ele></trkpt>
      <trkpt lat="49.131907" lon="20.064208"><ele>1462.0</ele></trkpt>
      <trkpt lat="49.131933" lon="20.064209"><ele>1462.0</ele></trkpt>
      <trkpt lat="49.131961" lon="20.064210"><ele>1463.0</ele></trkpt>
      <trkpt lat="49.131979" lon="20.064209"><ele>1463.0</ele></trkpt>
      <trkpt lat="49.131998" lon="20.064211"><ele>1463.0</ele></trkpt>
      <trkpt lat="49.132019" lon="20.064215"><ele>1463.0</ele></trkpt>
      <trkpt lat="49.132040" lon="20.064213"><ele>1464.0</ele></trkpt>
      <trkpt lat="49.132058" lon="20.064212"><ele>1464.0</ele></trkpt>
      <trkpt lat="49.132081" lon="20.064204"><ele>1464.0</ele></trkpt>
      <trkpt lat="49.132099" lon="20.064205"><ele>1464.0</ele></trkpt>
      <trkpt lat="49.132118" lon="20.064200"><ele>1465.0</ele></trkpt>
      <trkpt lat="49.132143" lon="20.064199"><ele>1465.0</ele></trkpt>
      <trkpt lat="49.132166" lon="20.064198"><ele>1466.0</ele></trkpt>
      <trkpt lat="49.132186" lon="20.064188"><ele>1466.0</ele></trkpt>
      <trkpt lat="49.132204" lon="20.064180"><ele>1466.0</ele></trkpt>
      <trkpt lat="49.132226" lon="20.064178"><ele>1467.0</ele></trkpt>
      <trkpt lat="49.132251" lon="20.064161"><ele>1467.0</ele></trkpt>
      <trkpt lat="49.132273" lon="20.064149"><ele>1467.0</ele></trkpt>
      <trkpt lat="49.132290" lon="20.064138"><ele>1467.0</ele></trkpt>
      <trkpt lat="49.132309" lon="20.064131"><ele>1467.0</ele></trkpt>
      <trkpt lat="49.132336" lon="20.064117"><ele>1467.0</ele></trkpt>
      <trkpt lat="49.132360" lon="20.064105"><ele>1467.0</ele></trkpt>
      <trkpt lat="49.132379" lon="20.064097"><ele>1467.0</ele></trkpt>
      <trkpt lat="49.132398" lon="20.064097"><ele>1468.0</ele></trkpt>
      <trkpt lat="49.132423" lon="20.064093"><ele>1468.0</ele></trkpt>
      <trkpt lat="49.132450" lon="20.064082"><ele>1468.0</ele></trkpt>
      <trkpt lat="49.132468" lon="20.064075"><ele>1469.0</ele></trkpt>
      <trkpt lat="49.132486" lon="20.064069"><ele>1469.0</ele></trkpt>
      <trkpt lat="49.132507" lon="20.064066"><ele>1469.0</ele></trkpt>
      <trkpt lat="49.132525" lon="20.064056"><ele>1469.0</ele></trkpt>
      <trkpt lat="49.132542" lon="20.064046"><ele>1469.0</ele></trkpt>
      <trkpt lat="49.132569" lon="20.064049"><ele>1469.0</ele></trkpt>
      <trkpt lat="49.132589" lon="20.064060"><ele>1469.0</ele></trkpt>
      <trkpt lat="49.132608" lon="20.064055"><ele>1469.0</ele></trkpt>
      <trkpt lat="49.132634" lon="20.064044"><ele>1469.0</ele></trkpt>
      <trkpt lat="49.132653" lon="20.064033"><ele>1469.0</ele></trkpt>
      <trkpt lat="49.132687" lon="20.064029"><ele>1471.0</ele></trkpt>
      <trkpt lat="49.132711" lon="20.064017"><ele>1471.0</ele></trkpt>
      <trkpt lat="49.132729" lon="20.064001"><ele>1471.0</ele></trkpt>
      <trkpt lat="49.132751" lon="20.063994"><ele>1472.0</ele></trkpt>
      <trkpt lat="49.132777" lon="20.063997"><ele>1472.0</ele></trkpt>
      <trkpt lat="49.132798" lon="20.063988"><ele>1472.0</ele></trkpt>
      <trkpt lat="49.132819" lon="20.063976"><ele>1472.0</ele></trkpt>
      <trkpt lat="49.132846" lon="20.063970"><ele>1473.0</ele></trkpt>
      <trkpt lat="49.132867" lon="20.063960"><ele>1473.0</ele></trkpt>
      <trkpt lat="49.132887" lon="20.063950"><ele>1473.0</ele></trkpt>
      <trkpt lat="49.132908" lon="20.063949"><ele>1473.0</ele></trkpt>
      <trkpt lat="49.132932" lon="20.063940"><ele>1474.0</ele></trkpt>
      <trkpt lat="49.132957" lon="20.063941"><ele>1474.0</ele></trkpt>
      <trkpt lat="49.132987" lon="20.063939"><ele>1475.0</ele></trkpt>
      <trkpt lat="49.133015" lon="20.063937"><ele>1475.0</ele></trkpt>
      <trkpt lat="49.133042" lon="20.063932"><ele>1475.0</ele></trkpt>
      <trkpt lat="49.133063" lon="20.063923"><ele>1476.0</ele></trkpt>
      <trkpt lat="49.133084" lon="20.063923"><ele>1476.0</ele></trkpt>
      <trkpt lat="49.133104" lon="20.063925"><ele>1476.0</ele></trkpt>
      <trkpt lat="49.133122" lon="20.063927"><ele>1476.0</ele></trkpt>
      <trkpt lat="49.133144" lon="20.063929"><ele>1477.0</ele></trkpt>
      <trkpt lat="49.133163" lon="20.063926"><ele>1477.0</ele></trkpt>
      <trkpt lat="49.133184" lon="20.063928"><ele>1477.0</ele></trkpt>
      <trkpt lat="49.133210" lon="20.063925"><ele>1477.0</ele></trkpt>
      <trkpt lat="49.133237" lon="20.063925"><ele>1478.0</ele></trkpt>
      <trkpt lat="49.133256" lon="20.063930"><ele>1478.0</ele></trkpt>
      <trkpt lat="49.133277" lon="20.063929"><ele>1478.0</ele></trkpt>
      <trkpt lat="49.133299" lon="20.063923"><ele>1478.0</ele></trkpt>
      <trkpt lat="49.133325" lon="20.063919"><ele>1479.0</ele></trkpt>
      <trkpt lat="49.133343" lon="20.063913"><ele>1479.0</ele></trkpt>
      <trkpt lat="49.133371" lon="20.063908"><ele>1479.0</ele></trkpt>
      <trkpt lat="49.133398" lon="20.063904"><ele>1479.0</ele></trkpt>
      <trkpt lat="49.133419" lon="20.063900"><ele>1479.0</ele></trkpt>
      <trkpt lat="49.133442" lon="20.063896"><ele>1479.0</ele></trkpt>
      <trkpt lat="49.133464" lon="20.063890"><ele>1479.0</ele></trkpt>
      <trkpt lat="49.133485" lon="20.063890"><ele>1479.0</ele></trkpt>
      <trkpt lat="49.133508" lon="20.063877"><ele>1479.0</ele></trkpt>
      <trkpt lat="49.133529" lon="20.063872"><ele>1480.0</ele></trkpt>
      <trkpt lat="49.133548" lon="20.063874"><ele>1480.0</ele></trkpt>
      <trkpt lat="49.133558" lon="20.063898"><ele>1481.0</ele></trkpt>
      <trkpt lat="49.133551" lon="20.063927"><ele>1482.0</ele></trkpt>
      <trkpt lat="49.133566" lon="20.063945"><ele>1481.0</ele></trkpt>
      <trkpt lat="49.133568" lon="20.063908"><ele>1481.0</ele></trkpt>
      <trkpt lat="49.133589" lon="20.063893"><ele>1481.0</ele></trkpt>
      <trkpt lat="49.133614" lon="20.063892"><ele>1480.0</ele></trkpt>
      <trkpt lat="49.133638" lon="20.063883"><ele>1480.0</ele></trkpt>
      <trkpt lat="49.133658" lon="20.063881"><ele>1480.0</ele></trkpt>
      <trkpt lat="49.133679" lon="20.063880"><ele>1481.0</ele></trkpt>
      <trkpt lat="49.133703" lon="20.063891"><ele>1481.0</ele></trkpt>
      <trkpt lat="49.133722" lon="20.063909"><ele>1482.0</ele></trkpt>
      <trkpt lat="49.133741" lon="20.063924"><ele>1482.0</ele></trkpt>
      <trkpt lat="49.133759" lon="20.063936"><ele>1483.0</ele></trkpt>
      <trkpt lat="49.133778" lon="20.063952"><ele>1483.0</ele></trkpt>
      <trkpt lat="49.133795" lon="20.063962"><ele>1483.0</ele></trkpt>
      <trkpt lat="49.133815" lon="20.063973"><ele>1483.0</ele></trkpt>
      <trkpt lat="49.133834" lon="20.063999"><ele>1483.0</ele></trkpt>
      <trkpt lat="49.133857" lon="20.064009"><ele>1483.0</ele></trkpt>
      <trkpt lat="49.133878" lon="20.064019"><ele>1483.0</ele></trkpt>
      <trkpt lat="49.133899" lon="20.064030"><ele>1484.0</ele></trkpt>
      <trkpt lat="49.133922" lon="20.064051"><ele>1484.0</ele></trkpt>
      <trkpt lat="49.133942" lon="20.064067"><ele>1484.0</ele></trkpt>
      <trkpt lat="49.133958" lon="20.064081"><ele>1484.0</ele></trkpt>
      <trkpt lat="49.133983" lon="20.064080"><ele>1484.0</ele></trkpt>
      <trkpt lat="49.134007" lon="20.064081"><ele>1484.0</ele></trkpt>
      <trkpt lat="49.134030" lon="20.064080"><ele>1484.0</ele></trkpt>
      <trkpt lat="49.134054" lon="20.064079"><ele>1484.0</ele></trkpt>
      <trkpt lat="49.134079" lon="20.064080"><ele>1484.0</ele></trkpt>
      <trkpt lat="49.134099" lon="20.064076"><ele>1484.0</ele></trkpt>
      <trkpt lat="49.134118" lon="20.064075"><ele>1484.0</ele></trkpt>
      <trkpt lat="49.134137" lon="20.064078"><ele>1484.0</ele></trkpt>
      <trkpt lat="49.134155" lon="20.064087"><ele>1485.0</ele></trkpt>
      <trkpt lat="49.134178" lon="20.064093"><ele>1485.0</ele></trkpt>
      <trkpt lat="49.134202" lon="20.064098"><ele>1485.0</ele></trkpt>
      <trkpt lat="49.134228" lon="20.064093"><ele>1485.0</ele></trkpt>
      <trkpt lat="49.134247" lon="20.064083"><ele>1486.0</ele></trkpt>
      <trkpt lat="49.134270" lon="20.064081"><ele>1486.0</ele></trkpt>
      <trkpt lat="49.134289" lon="20.064085"><ele>1486.0</ele></trkpt>
      <trkpt lat="49.134314" lon="20.064093"><ele>1486.0</ele></trkpt>
      <trkpt lat="49.134335" lon="20.064100"><ele>1486.0</ele></trkpt>
      <trkpt lat="49.134350" lon="20.064128"><ele>1486.0</ele></trkpt>
      <trkpt lat="49.134375" lon="20.064137"><ele>1486.0</ele></trkpt>
      <trkpt lat="49.134396" lon="20.064147"><ele>1486.0</ele></trkpt>
      <trkpt lat="49.134412" lon="20.064165"><ele>1486.0</ele></trkpt>
      <trkpt lat="49.134431" lon="20.064189"><ele>1487.0</ele></trkpt>
      <trkpt lat="49.134451" lon="20.064213"><ele>1487.0</ele></trkpt>
      <trkpt lat="49.134472" lon="20.064224"><ele>1487.0</ele></trkpt>
      <trkpt lat="49.134491" lon="20.064232"><ele>1487.0</ele></trkpt>
      <trkpt lat="49.134514" lon="20.064243"><ele>1487.0</ele></trkpt>
      <trkpt lat="49.134536" lon="20.064251"><ele>1487.0</ele></trkpt>
      <trkpt lat="49.134558" lon="20.064268"><ele>1487.0</ele></trkpt>
      <trkpt lat="49.134578" lon="20.064295"><ele>1487.0</ele></trkpt>
      <trkpt lat="49.134591" lon="20.064314"><ele>1487.0</ele></trkpt>
      <trkpt lat="49.134612" lon="20.064335"><ele>1487.0</ele></trkpt>
      <trkpt lat="49.134623" lon="20.064356"><ele>1487.0</ele></trkpt>
      <trkpt lat="49.134647" lon="20.064375"><ele>1487.0</ele></trkpt>
      <trkpt lat="49.134670" lon="20.064391"><ele>1487.0</ele></trkpt>
      <trkpt lat="49.134686" lon="20.064408"><ele>1487.0</ele></trkpt>
      <trkpt lat="49.134706" lon="20.064428"><ele>1487.0</ele></trkpt>
      <trkpt lat="49.134723" lon="20.064443"><ele>1487.0</ele></trkpt>
      <trkpt lat="49.134742" lon="20.064456"><ele>1487.0</ele></trkpt>
      <trkpt lat="49.134759" lon="20.064473"><ele>1487.0</ele></trkpt>
      <trkpt lat="49.134784" lon="20.064486"><ele>1487.0</ele></trkpt>
      <trkpt lat="49.134807" lon="20.064500"><ele>1487.0</ele></trkpt>
      <trkpt lat="49.134826" lon="20.064514"><ele>1487.0</ele></trkpt>
      <trkpt lat="49.134851" lon="20.064526"><ele>1487.0</ele></trkpt>
      <trkpt lat="49.134875" lon="20.064548"><ele>1487.0</ele></trkpt>
      <trkpt lat="49.134893" lon="20.064562"><ele>1487.0</ele></trkpt>
      <trkpt lat="49.134915" lon="20.064589"><ele>1487.0</ele></trkpt>
      <trkpt lat="49.134929" lon="20.064626"><ele>1487.0</ele></trkpt>
      <trkpt lat="49.134949" lon="20.064651"><ele>1487.0</ele></trkpt>
      <trkpt lat="49.134970" lon="20.064674"><ele>1486.0</ele></trkpt>
      <trkpt lat="49.134989" lon="20.064704"><ele>1486.0</ele></trkpt>
      <trkpt lat="49.135006" lon="20.064725"><ele>1486.0</ele></trkpt>
      <trkpt lat="49.135028" lon="20.064751"><ele>1486.0</ele></trkpt>
      <trkpt lat="49.135046" lon="20.064781"><ele>1486.0</ele></trkpt>
      <trkpt lat="49.135055" lon="20.064812"><ele>1486.0</ele></trkpt>
      <trkpt lat="49.135056" lon="20.064840"><ele>1487.0</ele></trkpt>
      <trkpt lat="49.135072" lon="20.064868"><ele>1487.0</ele></trkpt>
      <trkpt lat="49.135089" lon="20.064888"><ele>1487.0</ele></trkpt>
      <trkpt lat="49.135102" lon="20.064926"><ele>1487.0</ele></trkpt>
      <trkpt lat="49.135109" lon="20.064955"><ele>1486.0</ele></trkpt>
      <trkpt lat="49.135123" lon="20.064992"><ele>1485.0</ele></trkpt>
      <trkpt lat="49.135141" lon="20.065021"><ele>1485.0</ele></trkpt>
      <trkpt lat="49.135153" lon="20.065055"><ele>1485.0</ele></trkpt>
      <trkpt lat="49.135154" lon="20.065092"><ele>1486.0</ele></trkpt>
      <trkpt lat="49.135143" lon="20.065118"><ele>1486.0</ele></trkpt>
      <trkpt lat="49.135162" lon="20.065129"><ele>1486.0</ele></trkpt>
      <trkpt lat="49.135187" lon="20.065132"><ele>1486.0</ele></trkpt>
      <trkpt lat="49.135207" lon="20.065140"><ele>1486.0</ele></trkpt>
      <trkpt lat="49.135215" lon="20.065180"><ele>1486.0</ele></trkpt>
      <trkpt lat="49.135229" lon="20.065198"><ele>1486.0</ele></trkpt>
      <trkpt lat="49.135255" lon="20.065213"><ele>1486.0</ele></trkpt>
      <trkpt lat="49.135274" lon="20.065230"><ele>1486.0</ele></trkpt>
      <trkpt lat="49.135290" lon="20.065253"><ele>1486.0</ele></trkpt>
      <trkpt lat="49.135302" lon="20.065283"><ele>1486.0</ele></trkpt>
      <trkpt lat="49.135311" lon="20.065317"><ele>1486.0</ele></trkpt>
      <trkpt lat="49.135324" lon="20.065347"><ele>1486.0</ele></trkpt>
      <trkpt lat="49.135338" lon="20.065378"><ele>1486.0</ele></trkpt>
      <trkpt lat="49.135349" lon="20.065408"><ele>1486.0</ele></trkpt>
      <trkpt lat="49.135357" lon="20.065438"><ele>1486.0</ele></trkpt>
      <trkpt lat="49.135376" lon="20.065469"><ele>1486.0</ele></trkpt>
      <trkpt lat="49.135389" lon="20.065493"><ele>1486.0</ele></trkpt>
      <trkpt lat="49.135402" lon="20.065512"><ele>1486.0</ele></trkpt>
      <trkpt lat="49.135413" lon="20.065537"><ele>1486.0</ele></trkpt>
      <trkpt lat="49.135426" lon="20.065572"><ele>1487.0</ele></trkpt>
      <trkpt lat="49.135445" lon="20.065601"><ele>1487.0</ele></trkpt>
      <trkpt lat="49.135456" lon="20.065626"><ele>1487.0</ele></trkpt>
      <trkpt lat="49.135472" lon="20.065651"><ele>1487.0</ele></trkpt>
      <trkpt lat="49.135495" lon="20.065690"><ele>1487.0</ele></trkpt>
      <trkpt lat="49.135507" lon="20.065718"><ele>1487.0</ele></trkpt>
      <trkpt lat="49.135521" lon="20.065744"><ele>1487.0</ele></trkpt>
      <trkpt lat="49.135532" lon="20.065770"><ele>1487.0</ele></trkpt>
      <trkpt lat="49.135537" lon="20.065799"><ele>1487.0</ele></trkpt>
      <trkpt lat="49.135552" lon="20.065828"><ele>1487.0</ele></trkpt>
      <trkpt lat="49.135567" lon="20.065856"><ele>1487.0</ele></trkpt>
      <trkpt lat="49.135579" lon="20.065895"><ele>1487.0</ele></trkpt>
      <trkpt lat="49.135598" lon="20.065924"><ele>1488.0</ele></trkpt>
      <trkpt lat="49.135610" lon="20.065949"><ele>1488.0</ele></trkpt>
      <trkpt lat="49.135623" lon="20.065981"><ele>1488.0</ele></trkpt>
      <trkpt lat="49.135630" lon="20.066011"><ele>1488.0</ele></trkpt>
      <trkpt lat="49.135639" lon="20.066041"><ele>1488.0</ele></trkpt>
      <trkpt lat="49.135657" lon="20.066061"><ele>1488.0</ele></trkpt>
      <trkpt lat="49.135668" lon="20.066093"><ele>1488.0</ele></trkpt>
      <trkpt lat="49.135683" lon="20.066124"><ele>1488.0</ele></trkpt>
      <trkpt lat="49.135699" lon="20.066156"><ele>1488.0</ele></trkpt>
      <trkpt lat="49.135718" lon="20.066180"><ele>1488.0</ele></trkpt>
      <trkpt lat="49.135728" lon="20.066206"><ele>1488.0</ele></trkpt>
      <trkpt lat="49.135741" lon="20.066238"><ele>1489.0</ele></trkpt>
      <trkpt lat="49.135749" lon="20.066272"><ele>1489.0</ele></trkpt>
      <trkpt lat="49.135759" lon="20.066300"><ele>1489.0</ele></trkpt>
      <trkpt lat="49.135764" lon="20.066329"><ele>1489.0</ele></trkpt>
      <trkpt lat="49.135770" lon="20.066363"><ele>1489.0</ele></trkpt>
      <trkpt lat="49.135805" lon="20.066393"><ele>1489.0</ele></trkpt>
      <trkpt lat="49.135824" lon="20.066408"><ele>1489.0</ele></trkpt>
      <trkpt lat="49.135835" lon="20.066438"><ele>1489.0</ele></trkpt>
      <trkpt lat="49.135847" lon="20.066467"><ele>1490.0</ele></trkpt>
      <trkpt lat="49.135857" lon="20.066493"><ele>1490.0</ele></trkpt>
      <trkpt lat="49.135871" lon="20.066518"><ele>1490.0</ele></trkpt>
      <trkpt lat="49.135888" lon="20.066539"><ele>1490.0</ele></trkpt>
      <trkpt lat="49.135902" lon="20.066569"><ele>1490.0</ele></trkpt>
      <trkpt lat="49.135918" lon="20.066597"><ele>1490.0</ele></trkpt>
      <trkpt lat="49.135927" lon="20.066628"><ele>1490.0</ele></trkpt>
      <trkpt lat="49.135944" lon="20.066644"><ele>1490.0</ele></trkpt>
      <trkpt lat="49.135970" lon="20.066662"><ele>1490.0</ele></trkpt>
      <trkpt lat="49.135989" lon="20.066669"><ele>1490.0</ele></trkpt>
      <trkpt lat="49.136008" lon="20.066681"><ele>1490.0</ele></trkpt>
      <trkpt lat="49.136027" lon="20.066695"><ele>1490.0</ele></trkpt>
      <trkpt lat="49.136046" lon="20.066720"><ele>1490.0</ele></trkpt>
      <trkpt lat="49.136061" lon="20.066736"><ele>1490.0</ele></trkpt>
      <trkpt lat="49.136086" lon="20.066749"><ele>1490.0</ele></trkpt>
      <trkpt lat="49.136112" lon="20.066761"><ele>1490.0</ele></trkpt>
      <trkpt lat="49.136134" lon="20.066778"><ele>1490.0</ele></trkpt>
      <trkpt lat="49.136147" lon="20.066798"><ele>1491.0</ele></trkpt>
      <trkpt lat="49.136163" lon="20.066819"><ele>1491.0</ele></trkpt>
      <trkpt lat="49.136179" lon="20.066833"><ele>1491.0</ele></trkpt>
      <trkpt lat="49.136199" lon="20.066847"><ele>1492.0</ele></trkpt>
      <trkpt lat="49.136220" lon="20.066853"><ele>1492.0</ele></trkpt>
      <trkpt lat="49.136240" lon="20.066865"><ele>1492.0</ele></trkpt>
      <trkpt lat="49.136258" lon="20.066875"><ele>1492.0</ele></trkpt>
      <trkpt lat="49.136281" lon="20.066904"><ele>1492.0</ele></trkpt>
      <trkpt lat="49.136302" lon="20.066942"><ele>1493.0</ele></trkpt>
      <trkpt lat="49.136310" lon="20.066974"><ele>1493.0</ele></trkpt>
      <trkpt lat="49.136322" lon="20.067001"><ele>1494.0</ele></trkpt>
      <trkpt lat="49.136342" lon="20.067025"><ele>1494.0</ele></trkpt>
      <trkpt lat="49.136366" lon="20.067029"><ele>1494.0</ele></trkpt>
      <trkpt lat="49.136386" lon="20.067039"><ele>1494.0</ele></trkpt>
      <trkpt lat="49.136412" lon="20.067049"><ele>1494.0</ele></trkpt>
      <trkpt lat="49.136431" lon="20.067051"><ele>1494.0</ele></trkpt>
      <trkpt lat="49.136455" lon="20.067064"><ele>1495.0</ele></trkpt>
      <trkpt lat="49.136479" lon="20.067082"><ele>1495.0</ele></trkpt>
      <trkpt lat="49.136497" lon="20.067096"><ele>1495.0</ele></trkpt>
      <trkpt lat="49.136515" lon="20.067094"><ele>1495.0</ele></trkpt>
      <trkpt lat="49.136540" lon="20.067093"><ele>1496.0</ele></trkpt>
      <trkpt lat="49.136561" lon="20.067110"><ele>1496.0</ele></trkpt>
      <trkpt lat="49.136581" lon="20.067126"><ele>1496.0</ele></trkpt>
      <trkpt lat="49.136607" lon="20.067148"><ele>1496.0</ele></trkpt>
      <trkpt lat="49.136631" lon="20.067157"><ele>1496.0</ele></trkpt>
      <trkpt lat="49.136654" lon="20.067173"><ele>1497.0</ele></trkpt>
      <trkpt lat="49.136674" lon="20.067190"><ele>1497.0</ele></trkpt>
      <trkpt lat="49.136695" lon="20.067202"><ele>1497.0</ele></trkpt>
      <trkpt lat="49.136712" lon="20.067217"><ele>1497.0</ele></trkpt>
      <trkpt lat="49.136727" lon="20.067236"><ele>1497.0</ele></trkpt>
      <trkpt lat="49.136747" lon="20.067248"><ele>1497.0</ele></trkpt>
      <trkpt lat="49.136772" lon="20.067258"><ele>1497.0</ele></trkpt>
      <trkpt lat="49.136800" lon="20.067267"><ele>1497.0</ele></trkpt>
      <trkpt lat="49.136822" lon="20.067281"><ele>1497.0</ele></trkpt>
      <trkpt lat="49.136848" lon="20.067286"><ele>1498.0</ele></trkpt>
      <trkpt lat="49.136871" lon="20.067292"><ele>1498.0</ele></trkpt>
      <trkpt lat="49.136899" lon="20.067299"><ele>1499.0</ele></trkpt>
      <trkpt lat="49.136927" lon="20.067300"><ele>1499.0</ele></trkpt>
      <trkpt lat="49.136944" lon="20.067308"><ele>1498.0</ele></trkpt>
      <trkpt lat="49.136967" lon="20.067313"><ele>1499.0</ele></trkpt>
      <trkpt lat="49.136987" lon="20.067311"><ele>1499.0</ele></trkpt>
      <trkpt lat="49.137015" lon="20.067314"><ele>1499.0</ele></trkpt>
      <trkpt lat="49.137038" lon="20.067316"><ele>1499.0</ele></trkpt>
      <trkpt lat="49.137058" lon="20.067316"><ele>1499.0</ele></trkpt>
      <trkpt lat="49.137076" lon="20.067310"><ele>1499.0</ele></trkpt>
      <trkpt lat="49.137093" lon="20.067303"><ele>1499.0</ele></trkpt>
      <trkpt lat="49.137128" lon="20.067292"><ele>1499.0</ele></trkpt>
      <trkpt lat="49.137154" lon="20.067297"><ele>1500.0</ele></trkpt>
      <trkpt lat="49.137173" lon="20.067300"><ele>1499.0</ele></trkpt>
      <trkpt lat="49.137197" lon="20.067296"><ele>1500.0</ele></trkpt>
      <trkpt lat="49.137221" lon="20.067292"><ele>1500.0</ele></trkpt>
      <trkpt lat="49.137245" lon="20.067288"><ele>1500.0</ele></trkpt>
      <trkpt lat="49.137270" lon="20.067287"><ele>1500.0</ele></trkpt>
      <trkpt lat="49.137291" lon="20.067272"><ele>1500.0</ele></trkpt>
      <trkpt lat="49.137320" lon="20.067258"><ele>1500.0</ele></trkpt>
      <trkpt lat="49.137354" lon="20.067267"><ele>1500.0</ele></trkpt>
      <trkpt lat="49.137374" lon="20.067267"><ele>1500.0</ele></trkpt>
      <trkpt lat="49.137396" lon="20.067266"><ele>1500.0</ele></trkpt>
      <trkpt lat="49.137421" lon="20.067263"><ele>1500.0</ele></trkpt>
      <trkpt lat="49.137440" lon="20.067250"><ele>1500.0</ele></trkpt>
      <trkpt lat="49.137458" lon="20.067238"><ele>1500.0</ele></trkpt>
      <trkpt lat="49.137481" lon="20.067234"><ele>1501.0</ele></trkpt>
      <trkpt lat="49.137503" lon="20.067216"><ele>1501.0</ele></trkpt>
      <trkpt lat="49.137527" lon="20.067204"><ele>1501.0</ele></trkpt>
      <trkpt lat="49.137545" lon="20.067198"><ele>1501.0</ele></trkpt>
      <trkpt lat="49.137572" lon="20.067186"><ele>1501.0</ele></trkpt>
      <trkpt lat="49.137598" lon="20.067165"><ele>1501.0</ele></trkpt>
      <trkpt lat="49.137622" lon="20.067155"><ele>1501.0</ele></trkpt>
      <trkpt lat="49.137645" lon="20.067144"><ele>1501.0</ele></trkpt>
      <trkpt lat="49.137685" lon="20.067130"><ele>1501.0</ele></trkpt>
      <trkpt lat="49.137705" lon="20.067126"><ele>1501.0</ele></trkpt>
      <trkpt lat="49.137725" lon="20.067119"><ele>1501.0</ele></trkpt>
      <trkpt lat="49.137754" lon="20.067114"><ele>1501.0</ele></trkpt>
      <trkpt lat="49.137782" lon="20.067115"><ele>1501.0</ele></trkpt>
      <trkpt lat="49.137804" lon="20.067118"><ele>1501.0</ele></trkpt>
      <trkpt lat="49.137831" lon="20.067122"><ele>1502.0</ele></trkpt>
      <trkpt lat="49.137855" lon="20.067115"><ele>1502.0</ele></trkpt>
      <trkpt lat="49.137874" lon="20.067115"><ele>1502.0</ele></trkpt>
      <trkpt lat="49.137897" lon="20.067110"><ele>1503.0</ele></trkpt>
      <trkpt lat="49.137915" lon="20.067113"><ele>1503.0</ele></trkpt>
      <trkpt lat="49.137933" lon="20.067121"><ele>1503.0</ele></trkpt>
      <trkpt lat="49.137953" lon="20.067118"><ele>1503.0</ele></trkpt>
      <trkpt lat="49.137976" lon="20.067118"><ele>1503.0</ele></trkpt>
      <trkpt lat="49.138002" lon="20.067122"><ele>1503.0</ele></trkpt>
      <trkpt lat="49.138024" lon="20.067121"><ele>1503.0</ele></trkpt>
      <trkpt lat="49.138048" lon="20.067119"><ele>1504.0</ele></trkpt>
      <trkpt lat="49.138071" lon="20.067121"><ele>1504.0</ele></trkpt>
      <trkpt lat="49.138089" lon="20.067116"><ele>1504.0</ele></trkpt>
      <trkpt lat="49.138107" lon="20.067116"><ele>1504.0</ele></trkpt>
      <trkpt lat="49.138130" lon="20.067122"><ele>1504.0</ele></trkpt>
      <trkpt lat="49.138148" lon="20.067128"><ele>1505.0</ele></trkpt>
      <trkpt lat="49.138170" lon="20.067141"><ele>1505.0</ele></trkpt>
      <trkpt lat="49.138194" lon="20.067151"><ele>1505.0</ele></trkpt>
      <trkpt lat="49.138212" lon="20.067175"><ele>1505.0</ele></trkpt>
      <trkpt lat="49.138232" lon="20.067198"><ele>1505.0</ele></trkpt>
      <trkpt lat="49.138247" lon="20.067215"><ele>1505.0</ele></trkpt>
      <trkpt lat="49.138266" lon="20.067234"><ele>1505.0</ele></trkpt>
      <trkpt lat="49.138289" lon="20.067251"><ele>1506.0</ele></trkpt>
      <trkpt lat="49.138306" lon="20.067272"><ele>1506.0</ele></trkpt>
      <trkpt lat="49.138321" lon="20.067290"><ele>1506.0</ele></trkpt>
      <trkpt lat="49.138340" lon="20.067317"><ele>1506.0</ele></trkpt>
      <trkpt lat="49.138363" lon="20.067327"><ele>1506.0</ele></trkpt>
      <trkpt lat="49.138384" lon="20.067331"><ele>1507.0</ele></trkpt>
      <trkpt lat="49.138402" lon="20.067346"><ele>1507.0</ele></trkpt>
      <trkpt lat="49.138425" lon="20.067343"><ele>1507.0</ele></trkpt>
      <trkpt lat="49.138444" lon="20.067347"><ele>1508.0</ele></trkpt>
      <trkpt lat="49.138460" lon="20.067360"><ele>1508.0</ele></trkpt>
      <trkpt lat="49.138480" lon="20.067374"><ele>1508.0</ele></trkpt>
      <trkpt lat="49.138501" lon="20.067378"><ele>1509.0</ele></trkpt>
      <trkpt lat="49.138525" lon="20.067388"><ele>1509.0</ele></trkpt>
      <trkpt lat="49.138550" lon="20.067388"><ele>1509.0</ele></trkpt>
      <trkpt lat="49.138575" lon="20.067393"><ele>1510.0</ele></trkpt>
      <trkpt lat="49.138600" lon="20.067390"><ele>1510.0</ele></trkpt>
      <trkpt lat="49.138624" lon="20.067391"><ele>1510.0</ele></trkpt>
      <trkpt lat="49.138644" lon="20.067392"><ele>1510.0</ele></trkpt>
      <trkpt lat="49.138665" lon="20.067402"><ele>1510.0</ele></trkpt>
      <trkpt lat="49.138684" lon="20.067385"><ele>1510.0</ele></trkpt>
      <trkpt lat="49.138702" lon="20.067384"><ele>1511.0</ele></trkpt>
      <trkpt lat="49.138721" lon="20.067395"><ele>1511.0</ele></trkpt>
      <trkpt lat="49.138738" lon="20.067381"><ele>1512.0</ele></trkpt>
      <trkpt lat="49.138759" lon="20.067382"><ele>1512.0</ele></trkpt>
      <trkpt lat="49.138780" lon="20.067374"><ele>1512.0</ele></trkpt>
      <trkpt lat="49.138799" lon="20.067381"><ele>1513.0</ele></trkpt>
      <trkpt lat="49.138818" lon="20.067388"><ele>1513.0</ele></trkpt>
      <trkpt lat="49.138843" lon="20.067380"><ele>1513.0</ele></trkpt>
      <trkpt lat="49.138866" lon="20.067392"><ele>1513.0</ele></trkpt>
      <trkpt lat="49.138891" lon="20.067398"><ele>1514.0</ele></trkpt>
      <trkpt lat="49.138922" lon="20.067395"><ele>1514.0</ele></trkpt>
      <trkpt lat="49.138955" lon="20.067400"><ele>1515.0</ele></trkpt>
      <trkpt lat="49.138978" lon="20.067404"><ele>1516.0</ele></trkpt>
      <trkpt lat="49.139000" lon="20.067409"><ele>1516.0</ele></trkpt>
      <trkpt lat="49.139022" lon="20.067412"><ele>1517.0</ele></trkpt>
      <trkpt lat="49.139044" lon="20.067415"><ele>1516.0</ele></trkpt>
      <trkpt lat="49.139069" lon="20.067420"><ele>1516.0</ele></trkpt>
      <trkpt lat="49.139088" lon="20.067428"><ele>1517.0</ele></trkpt>
      <trkpt lat="49.139106" lon="20.067432"><ele>1517.0</ele></trkpt>
      <trkpt lat="49.139124" lon="20.067436"><ele>1518.0</ele></trkpt>
      <trkpt lat="49.139143" lon="20.067441"><ele>1518.0</ele></trkpt>
      <trkpt lat="49.139161" lon="20.067445"><ele>1518.0</ele></trkpt>
      <trkpt lat="49.139179" lon="20.067449"><ele>1518.0</ele></trkpt>
      <trkpt lat="49.139192" lon="20.067443"><ele>1518.0</ele></trkpt>
      <trkpt lat="49.139206" lon="20.067437"><ele>1519.0</ele></trkpt>
      <trkpt lat="49.139219" lon="20.067431"><ele>1519.0</ele></trkpt>
      <trkpt lat="49.139242" lon="20.067427"><ele>1519.0</ele></trkpt>
      <trkpt lat="49.139272" lon="20.067418"><ele>1519.0</ele></trkpt>
      <trkpt lat="49.139291" lon="20.067426"><ele>1519.0</ele></trkpt>
      <trkpt lat="49.139307" lon="20.067438"><ele>1519.0</ele></trkpt>
      <trkpt lat="49.139329" lon="20.067459"><ele>1519.0</ele></trkpt>
      <trkpt lat="49.139318" lon="20.067488"><ele>1519.0</ele></trkpt>
      <trkpt lat="49.139326" lon="20.067521"><ele>1519.0</ele></trkpt>
      <trkpt lat="49.139341" lon="20.067543"><ele>1519.0</ele></trkpt>
      <trkpt lat="49.139357" lon="20.067566"><ele>1519.0</ele></trkpt>
      <trkpt lat="49.139372" lon="20.067588"><ele>1519.0</ele></trkpt>
      <trkpt lat="49.139387" lon="20.067611"><ele>1519.0</ele></trkpt>
      <trkpt lat="49.139401" lon="20.067628"><ele>1519.0</ele></trkpt>
      <trkpt lat="49.139414" lon="20.067648"><ele>1519.0</ele></trkpt>
      <trkpt lat="49.139431" lon="20.067665"><ele>1519.0</ele></trkpt>
      <trkpt lat="49.139438" lon="20.067695"><ele>1519.0</ele></trkpt>
      <trkpt lat="49.139452" lon="20.067726"><ele>1519.0</ele></trkpt>
      <trkpt lat="49.139476" lon="20.067745"><ele>1518.0</ele></trkpt>
      <trkpt lat="49.139490" lon="20.067770"><ele>1518.0</ele></trkpt>
      <trkpt lat="49.139507" lon="20.067780"><ele>1518.0</ele></trkpt>
      <trkpt lat="49.139527" lon="20.067793"><ele>1518.0</ele></trkpt>
      <trkpt lat="49.139547" lon="20.067814"><ele>1518.0</ele></trkpt>
      <trkpt lat="49.139568" lon="20.067831"><ele>1518.0</ele></trkpt>
      <trkpt lat="49.139587" lon="20.067847"><ele>1518.0</ele></trkpt>
      <trkpt lat="49.139605" lon="20.067864"><ele>1518.0</ele></trkpt>
      <trkpt lat="49.139635" lon="20.067877"><ele>1518.0</ele></trkpt>
      <trkpt lat="49.139657" lon="20.067874"><ele>1519.0</ele></trkpt>
      <trkpt lat="49.139680" lon="20.067876"><ele>1519.0</ele></trkpt>
      <trkpt lat="49.139699" lon="20.067864"><ele>1519.0</ele></trkpt>
      <trkpt lat="49.139716" lon="20.067855"><ele>1519.0</ele></trkpt>
      <trkpt lat="49.139743" lon="20.067844"><ele>1519.0</ele></trkpt>
      <trkpt lat="49.139761" lon="20.067840"><ele>1519.0</ele></trkpt>
      <trkpt lat="49.139780" lon="20.067835"><ele>1520.0</ele></trkpt>
      <trkpt lat="49.139799" lon="20.067836"><ele>1520.0</ele></trkpt>
      <trkpt lat="49.139819" lon="20.067842"><ele>1520.0</ele></trkpt>
      <trkpt lat="49.139840" lon="20.067847"><ele>1520.0</ele></trkpt>
      <trkpt lat="49.139860" lon="20.067853"><ele>1520.0</ele></trkpt>
      <trkpt lat="49.139880" lon="20.067859"><ele>1520.0</ele></trkpt>
      <trkpt lat="49.139899" lon="20.067868"><ele>1520.0</ele></trkpt>
      <trkpt lat="49.139919" lon="20.067876"><ele>1520.0</ele></trkpt>
      <trkpt lat="49.139938" lon="20.067885"><ele>1519.0</ele></trkpt>
      <trkpt lat="49.139957" lon="20.067894"><ele>1519.0</ele></trkpt>
      <trkpt lat="49.139978" lon="20.067904"><ele>1519.0</ele></trkpt>
      <trkpt lat="49.140001" lon="20.067915"><ele>1519.0</ele></trkpt>
      <trkpt lat="49.140024" lon="20.067927"><ele>1519.0</ele></trkpt>
      <trkpt lat="49.140047" lon="20.067938"><ele>1519.0</ele></trkpt>
      <trkpt lat="49.140066" lon="20.067948"><ele>1520.0</ele></trkpt>
      <trkpt lat="49.140084" lon="20.067958"><ele>1520.0</ele></trkpt>
      <trkpt lat="49.140098" lon="20.067959"><ele>1520.0</ele></trkpt>
      <trkpt lat="49.140113" lon="20.067960"><ele>1520.0</ele></trkpt>
      <trkpt lat="49.140127" lon="20.067961"><ele>1520.0</ele></trkpt>
      <trkpt lat="49.140141" lon="20.067962"><ele>1520.0</ele></trkpt>
      <trkpt lat="49.140151" lon="20.067990"><ele>1520.0</ele></trkpt>
      <trkpt lat="49.140174" lon="20.067987"><ele>1520.0</ele></trkpt>
      <trkpt lat="49.140194" lon="20.067989"><ele>1520.0</ele></trkpt>
      <trkpt lat="49.140214" lon="20.067991"><ele>1520.0</ele></trkpt>
      <trkpt lat="49.140234" lon="20.067993"><ele>1520.0</ele></trkpt>
      <trkpt lat="49.140254" lon="20.067995"><ele>1520.0</ele></trkpt>
      <trkpt lat="49.140276" lon="20.067997"><ele>1520.0</ele></trkpt>
      <trkpt lat="49.140301" lon="20.067998"><ele>1520.0</ele></trkpt>
      <trkpt lat="49.140325" lon="20.068000"><ele>1520.0</ele></trkpt>
      <trkpt lat="49.140348" lon="20.068003"><ele>1520.0</ele></trkpt>
      <trkpt lat="49.140371" lon="20.068006"><ele>1520.0</ele></trkpt>
      <trkpt lat="49.140394" lon="20.068009"><ele>1520.0</ele></trkpt>
      <trkpt lat="49.140417" lon="20.068012"><ele>1520.0</ele></trkpt>
      <trkpt lat="49.140435" lon="20.068021"><ele>1520.0</ele></trkpt>
      <trkpt lat="49.140453" lon="20.068030"><ele>1521.0</ele></trkpt>
      <trkpt lat="49.140470" lon="20.068039"><ele>1521.0</ele></trkpt>
      <trkpt lat="49.140488" lon="20.068048"><ele>1521.0</ele></trkpt>
      <trkpt lat="49.140506" lon="20.068057"><ele>1521.0</ele></trkpt>
      <trkpt lat="49.140520" lon="20.068062"><ele>1521.0</ele></trkpt>
      <trkpt lat="49.140534" lon="20.068066"><ele>1521.0</ele></trkpt>
      <trkpt lat="49.140548" lon="20.068071"><ele>1521.0</ele></trkpt>
      <trkpt lat="49.140562" lon="20.068076"><ele>1521.0</ele></trkpt>
      <trkpt lat="49.140576" lon="20.068081"><ele>1521.0</ele></trkpt>
      <trkpt lat="49.140590" lon="20.068085"><ele>1521.0</ele></trkpt>
      <trkpt lat="49.140604" lon="20.068090"><ele>1521.0</ele></trkpt>
      <trkpt lat="49.140624" lon="20.068108"><ele>1521.0</ele></trkpt>
      <trkpt lat="49.140643" lon="20.068126"><ele>1521.0</ele></trkpt>
      <trkpt lat="49.140663" lon="20.068145"><ele>1521.0</ele></trkpt>
      <trkpt lat="49.140682" lon="20.068163"><ele>1521.0</ele></trkpt>
      <trkpt lat="49.140706" lon="20.068165"><ele>1521.0</ele></trkpt>
      <trkpt lat="49.140720" lon="20.068170"><ele>1521.0</ele></trkpt>
      <trkpt lat="49.140740" lon="20.068177"><ele>1521.0</ele></trkpt>
      <trkpt lat="49.140757" lon="20.068183"><ele>1521.0</ele></trkpt>
      <trkpt lat="49.140776" lon="20.068190"><ele>1521.0</ele></trkpt>
      <trkpt lat="49.140795" lon="20.068197"><ele>1521.0</ele></trkpt>
      <trkpt lat="49.140814" lon="20.068204"><ele>1521.0</ele></trkpt>
      <trkpt lat="49.140833" lon="20.068211"><ele>1521.0</ele></trkpt>
      <trkpt lat="49.140851" lon="20.068218"><ele>1521.0</ele></trkpt>
      <trkpt lat="49.140868" lon="20.068225"><ele>1521.0</ele></trkpt>
      <trkpt lat="49.140886" lon="20.068232"><ele>1521.0</ele></trkpt>
      <trkpt lat="49.140903" lon="20.068239"><ele>1521.0</ele></trkpt>
      <trkpt lat="49.140920" lon="20.068246"><ele>1521.0</ele></trkpt>
      <trkpt lat="49.140941" lon="20.068249"><ele>1521.0</ele></trkpt>
      <trkpt lat="49.140964" lon="20.068247"><ele>1521.0</ele></trkpt>
      <trkpt lat="49.140987" lon="20.068245"><ele>1522.0</ele></trkpt>
      <trkpt lat="49.141010" lon="20.068243"><ele>1522.0</ele></trkpt>
      <trkpt lat="49.141031" lon="20.068247"><ele>1522.0</ele></trkpt>
      <trkpt lat="49.141052" lon="20.068251"><ele>1522.0</ele></trkpt>
      <trkpt lat="49.141073" lon="20.068255"><ele>1522.0</ele></trkpt>
      <trkpt lat="49.141091" lon="20.068261"><ele>1523.0</ele></trkpt>
      <trkpt lat="49.141106" lon="20.068269"><ele>1523.0</ele></trkpt>
      <trkpt lat="49.141122" lon="20.068277"><ele>1523.0</ele></trkpt>
      <trkpt lat="49.141143" lon="20.068282"><ele>1523.0</ele></trkpt>
      <trkpt lat="49.141158" lon="20.068299"><ele>1523.0</ele></trkpt>
      <trkpt lat="49.141180" lon="20.068312"><ele>1523.0</ele></trkpt>
      <trkpt lat="49.141203" lon="20.068325"><ele>1523.0</ele></trkpt>
      <trkpt lat="49.141225" lon="20.068338"><ele>1524.0</ele></trkpt>
      <trkpt lat="49.141240" lon="20.068348"><ele>1524.0</ele></trkpt>
      <trkpt lat="49.141254" lon="20.068361"><ele>1524.0</ele></trkpt>
      <trkpt lat="49.141267" lon="20.068374"><ele>1524.0</ele></trkpt>
      <trkpt lat="49.141291" lon="20.068387"><ele>1524.0</ele></trkpt>
      <trkpt lat="49.141310" lon="20.068398"><ele>1524.0</ele></trkpt>
      <trkpt lat="49.141331" lon="20.068410"><ele>1524.0</ele></trkpt>
      <trkpt lat="49.141353" lon="20.068421"><ele>1524.0</ele></trkpt>
      <trkpt lat="49.141373" lon="20.068428"><ele>1525.0</ele></trkpt>
      <trkpt lat="49.141398" lon="20.068443"><ele>1525.0</ele></trkpt>
      <trkpt lat="49.141416" lon="20.068457"><ele>1525.0</ele></trkpt>
      <trkpt lat="49.141435" lon="20.068483"><ele>1525.0</ele></trkpt>
      <trkpt lat="49.141456" lon="20.068504"><ele>1525.0</ele></trkpt>
      <trkpt lat="49.141481" lon="20.068510"><ele>1524.0</ele></trkpt>
      <trkpt lat="49.141500" lon="20.068520"><ele>1524.0</ele></trkpt>
      <trkpt lat="49.141515" lon="20.068532"><ele>1524.0</ele></trkpt>
      <trkpt lat="49.141530" lon="20.068544"><ele>1524.0</ele></trkpt>
      <trkpt lat="49.141556" lon="20.068576"><ele>1524.0</ele></trkpt>
      <trkpt lat="49.141580" lon="20.068584"><ele>1524.0</ele></trkpt>
      <trkpt lat="49.141607" lon="20.068587"><ele>1524.0</ele></trkpt>
      <trkpt lat="49.141626" lon="20.068594"><ele>1524.0</ele></trkpt>
      <trkpt lat="49.141650" lon="20.068602"><ele>1524.0</ele></trkpt>
      <trkpt lat="49.141674" lon="20.068605"><ele>1524.0</ele></trkpt>
      <trkpt lat="49.141692" lon="20.068604"><ele>1524.0</ele></trkpt>
      <trkpt lat="49.141716" lon="20.068610"><ele>1524.0</ele></trkpt>
      <trkpt lat="49.141740" lon="20.068612"><ele>1524.0</ele></trkpt>
      <trkpt lat="49.141759" lon="20.068629"><ele>1524.0</ele></trkpt>
      <trkpt lat="49.141779" lon="20.068653"><ele>1524.0</ele></trkpt>
      <trkpt lat="49.141799" lon="20.068659"><ele>1524.0</ele></trkpt>
      <trkpt lat="49.141825" lon="20.068661"><ele>1524.0</ele></trkpt>
      <trkpt lat="49.141847" lon="20.068666"><ele>1524.0</ele></trkpt>
      <trkpt lat="49.141869" lon="20.068671"><ele>1524.0</ele></trkpt>
      <trkpt lat="49.141891" lon="20.068676"><ele>1524.0</ele></trkpt>
      <trkpt lat="49.141922" lon="20.068683"><ele>1524.0</ele></trkpt>
      <trkpt lat="49.141942" lon="20.068692"><ele>1524.0</ele></trkpt>
      <trkpt lat="49.141961" lon="20.068703"><ele>1524.0</ele></trkpt>
      <trkpt lat="49.141986" lon="20.068707"><ele>1524.0</ele></trkpt>
      <trkpt lat="49.142005" lon="20.068716"><ele>1524.0</ele></trkpt>
      <trkpt lat="49.142026" lon="20.068721"><ele>1524.0</ele></trkpt>
      <trkpt lat="49.142044" lon="20.068723"><ele>1524.0</ele></trkpt>
      <trkpt lat="49.142066" lon="20.068727"><ele>1524.0</ele></trkpt>
      <trkpt lat="49.142089" lon="20.068735"><ele>1525.0</ele></trkpt>
      <trkpt lat="49.142110" lon="20.068728"><ele>1525.0</ele></trkpt>
      <trkpt lat="49.142131" lon="20.068721"><ele>1525.0</ele></trkpt>
      <trkpt lat="49.142166" lon="20.068707"><ele>1525.0</ele></trkpt>
      <trkpt lat="49.142193" lon="20.068698"><ele>1525.0</ele></trkpt>
      <trkpt lat="49.142208" lon="20.068695"><ele>1525.0</ele></trkpt>
      <trkpt lat="49.142222" lon="20.068692"><ele>1525.0</ele></trkpt>
      <trkpt lat="49.142237" lon="20.068689"><ele>1525.0</ele></trkpt>
      <trkpt lat="49.142251" lon="20.068685"><ele>1525.0</ele></trkpt>
      <trkpt lat="49.142266" lon="20.068682"><ele>1525.0</ele></trkpt>
      <trkpt lat="49.142280" lon="20.068679"><ele>1525.0</ele></trkpt>
      <trkpt lat="49.142295" lon="20.068676"><ele>1525.0</ele></trkpt>
      <trkpt lat="49.142317" lon="20.068676"><ele>1525.0</ele></trkpt>
      <trkpt lat="49.142338" lon="20.068677"><ele>1525.0</ele></trkpt>
      <trkpt lat="49.142360" lon="20.068677"><ele>1525.0</ele></trkpt>
      <trkpt lat="49.142382" lon="20.068678"><ele>1525.0</ele></trkpt>
      <trkpt lat="49.142406" lon="20.068698"><ele>1525.0</ele></trkpt>
      <trkpt lat="49.142424" lon="20.068697"><ele>1525.0</ele></trkpt>
      <trkpt lat="49.142447" lon="20.068686"><ele>1525.0</ele></trkpt>
      <trkpt lat="49.142483" lon="20.068689"><ele>1526.0</ele></trkpt>
      <trkpt lat="49.142499" lon="20.068698"><ele>1525.0</ele></trkpt>
      <trkpt lat="49.142515" lon="20.068708"><ele>1525.0</ele></trkpt>
      <trkpt lat="49.142531" lon="20.068717"><ele>1525.0</ele></trkpt>
      <trkpt lat="49.142547" lon="20.068726"><ele>1525.0</ele></trkpt>
      <trkpt lat="49.142563" lon="20.068735"><ele>1525.0</ele></trkpt>
      <trkpt lat="49.142581" lon="20.068746"><ele>1525.0</ele></trkpt>
      <trkpt lat="49.142601" lon="20.068759"><ele>1526.0</ele></trkpt>
      <trkpt lat="49.142620" lon="20.068771"><ele>1526.0</ele></trkpt>
      <trkpt lat="49.142640" lon="20.068784"><ele>1526.0</ele></trkpt>
      <trkpt lat="49.142662" lon="20.068795"><ele>1527.0</ele></trkpt>
      <trkpt lat="49.142686" lon="20.068804"><ele>1527.0</ele></trkpt>
      <trkpt lat="49.142713" lon="20.068826"><ele>1527.0</ele></trkpt>
      <trkpt lat="49.142741" lon="20.068828"><ele>1527.0</ele></trkpt>
      <trkpt lat="49.142763" lon="20.068839"><ele>1527.0</ele></trkpt>
      <trkpt lat="49.142782" lon="20.068848"><ele>1527.0</ele></trkpt>
      <trkpt lat="49.142804" lon="20.068852"><ele>1527.0</ele></trkpt>
      <trkpt lat="49.142831" lon="20.068844"><ele>1527.0</ele></trkpt>
      <trkpt lat="49.142850" lon="20.068842"><ele>1527.0</ele></trkpt>
      <trkpt lat="49.142873" lon="20.068848"><ele>1527.0</ele></trkpt>
      <trkpt lat="49.142899" lon="20.068853"><ele>1527.0</ele></trkpt>
      <trkpt lat="49.142923" lon="20.068854"><ele>1527.0</ele></trkpt>
      <trkpt lat="49.142945" lon="20.068857"><ele>1527.0</ele></trkpt>
      <trkpt lat="49.142975" lon="20.068853"><ele>1527.0</ele></trkpt>
      <trkpt lat="49.142995" lon="20.068852"><ele>1527.0</ele></trkpt>
      <trkpt lat="49.143016" lon="20.068851"><ele>1528.0</ele></trkpt>
      <trkpt lat="49.143034" lon="20.068850"><ele>1529.0</ele></trkpt>
      <trkpt lat="49.143061" lon="20.068857"><ele>1529.0</ele></trkpt>
      <trkpt lat="49.143080" lon="20.068858"><ele>1529.0</ele></trkpt>
      <trkpt lat="49.143099" lon="20.068862"><ele>1529.0</ele></trkpt>
      <trkpt lat="49.143117" lon="20.068865"><ele>1529.0</ele></trkpt>
      <trkpt lat="49.143135" lon="20.068867"><ele>1529.0</ele></trkpt>
      <trkpt lat="49.143154" lon="20.068874"><ele>1529.0</ele></trkpt>
      <trkpt lat="49.143178" lon="20.068883"><ele>1529.0</ele></trkpt>
      <trkpt lat="49.143199" lon="20.068887"><ele>1529.0</ele></trkpt>
      <trkpt lat="49.143219" lon="20.068900"><ele>1529.0</ele></trkpt>
      <trkpt lat="49.143247" lon="20.068909"><ele>1529.0</ele></trkpt>
      <trkpt lat="49.143272" lon="20.068914"><ele>1529.0</ele></trkpt>
      <trkpt lat="49.143291" lon="20.068922"><ele>1530.0</ele></trkpt>
      <trkpt lat="49.143313" lon="20.068927"><ele>1529.0</ele></trkpt>
      <trkpt lat="49.143332" lon="20.068928"><ele>1530.0</ele></trkpt>
      <trkpt lat="49.143351" lon="20.068927"><ele>1530.0</ele></trkpt>
      <trkpt lat="49.143372" lon="20.068937"><ele>1530.0</ele></trkpt>
      <trkpt lat="49.143389" lon="20.068945"><ele>1530.0</ele></trkpt>
      <trkpt lat="49.143406" lon="20.068952"><ele>1530.0</ele></trkpt>
      <trkpt lat="49.143438" lon="20.068951"><ele>1530.0</ele></trkpt>
      <trkpt lat="49.143458" lon="20.068953"><ele>1530.0</ele></trkpt>
      <trkpt lat="49.143483" lon="20.068959"><ele>1530.0</ele></trkpt>
      <trkpt lat="49.143505" lon="20.068955"><ele>1530.0</ele></trkpt>
      <trkpt lat="49.143527" lon="20.068949"><ele>1530.0</ele></trkpt>
      <trkpt lat="49.143545" lon="20.068940"><ele>1530.0</ele></trkpt>
      <trkpt lat="49.143563" lon="20.068936"><ele>1530.0</ele></trkpt>
      <trkpt lat="49.143586" lon="20.068946"><ele>1530.0</ele></trkpt>
      <trkpt lat="49.143609" lon="20.068951"><ele>1530.0</ele></trkpt>
      <trkpt lat="49.143631" lon="20.068955"><ele>1531.0</ele></trkpt>
      <trkpt lat="49.143649" lon="20.068960"><ele>1531.0</ele></trkpt>
      <trkpt lat="49.143669" lon="20.068963"><ele>1531.0</ele></trkpt>
      <trkpt lat="49.143689" lon="20.068966"><ele>1531.0</ele></trkpt>
      <trkpt lat="49.143709" lon="20.068969"><ele>1531.0</ele></trkpt>
      <trkpt lat="49.143742" lon="20.068970"><ele>1531.0</ele></trkpt>
      <trkpt lat="49.143761" lon="20.068971"><ele>1531.0</ele></trkpt>
      <trkpt lat="49.143787" lon="20.068974"><ele>1531.0</ele></trkpt>
      <trkpt lat="49.143809" lon="20.068977"><ele>1531.0</ele></trkpt>
      <trkpt lat="49.143834" lon="20.068963"><ele>1532.0</ele></trkpt>
      <trkpt lat="49.143854" lon="20.068948"><ele>1532.0</ele></trkpt>
      <trkpt lat="49.143872" lon="20.068938"><ele>1532.0</ele></trkpt>
      <trkpt lat="49.143899" lon="20.068939"><ele>1532.0</ele></trkpt>
      <trkpt lat="49.143917" lon="20.068945"><ele>1532.0</ele></trkpt>
      <trkpt lat="49.143946" lon="20.068962"><ele>1532.0</ele></trkpt>
      <trkpt lat="49.143972" lon="20.068973"><ele>1532.0</ele></trkpt>
      <trkpt lat="49.143992" lon="20.068977"><ele>1532.0</ele></trkpt>
      <trkpt lat="49.144018" lon="20.068992"><ele>1533.0</ele></trkpt>
      <trkpt lat="49.144038" lon="20.069006"><ele>1533.0</ele></trkpt>
      <trkpt lat="49.144062" lon="20.069023"><ele>1532.0</ele></trkpt>
      <trkpt lat="49.144076" lon="20.069041"><ele>1532.0</ele></trkpt>
      <trkpt lat="49.144094" lon="20.069064"><ele>1532.0</ele></trkpt>
      <trkpt lat="49.144114" lon="20.069080"><ele>1532.0</ele></trkpt>
      <trkpt lat="49.144131" lon="20.069095"><ele>1532.0</ele></trkpt>
      <trkpt lat="49.144148" lon="20.069106"><ele>1532.0</ele></trkpt>
      <trkpt lat="49.144166" lon="20.069124"><ele>1532.0</ele></trkpt>
      <trkpt lat="49.144181" lon="20.069144"><ele>1532.0</ele></trkpt>
      <trkpt lat="49.144206" lon="20.069157"><ele>1533.0</ele></trkpt>
      <trkpt lat="49.144224" lon="20.069167"><ele>1533.0</ele></trkpt>
      <trkpt lat="49.144245" lon="20.069169"><ele>1533.0</ele></trkpt>
      <trkpt lat="49.144269" lon="20.069177"><ele>1533.0</ele></trkpt>
      <trkpt lat="49.144289" lon="20.069185"><ele>1533.0</ele></trkpt>
      <trkpt lat="49.144291" lon="20.069216"><ele>1534.0</ele></trkpt>
      <trkpt lat="49.144317" lon="20.069219"><ele>1534.0</ele></trkpt>
      <trkpt lat="49.144336" lon="20.069230"><ele>1534.0</ele></trkpt>
      <trkpt lat="49.144354" lon="20.069237"><ele>1534.0</ele></trkpt>
      <trkpt lat="49.144374" lon="20.069256"><ele>1534.0</ele></trkpt>
      <trkpt lat="49.144394" lon="20.069259"><ele>1534.0</ele></trkpt>
      <trkpt lat="49.144412" lon="20.069254"><ele>1534.0</ele></trkpt>
      <trkpt lat="49.144443" lon="20.069252"><ele>1534.0</ele></trkpt>
      <trkpt lat="49.144460" lon="20.069246"><ele>1534.0</ele></trkpt>
      <trkpt lat="49.144483" lon="20.069250"><ele>1533.0</ele></trkpt>
      <trkpt lat="49.144504" lon="20.069247"><ele>1534.0</ele></trkpt>
      <trkpt lat="49.144523" lon="20.069244"><ele>1533.0</ele></trkpt>
      <trkpt lat="49.144542" lon="20.069254"><ele>1533.0</ele></trkpt>
      <trkpt lat="49.144561" lon="20.069260"><ele>1533.0</ele></trkpt>
      <trkpt lat="49.144580" lon="20.069259"><ele>1533.0</ele></trkpt>
      <trkpt lat="49.144598" lon="20.069250"><ele>1533.0</ele></trkpt>
      <trkpt lat="49.144624" lon="20.069233"><ele>1533.0</ele></trkpt>
      <trkpt lat="49.144644" lon="20.069217"><ele>1533.0</ele></trkpt>
      <trkpt lat="49.144664" lon="20.069203"><ele>1533.0</ele></trkpt>
      <trkpt lat="49.144687" lon="20.069184"><ele>1533.0</ele></trkpt>
      <trkpt lat="49.144705" lon="20.069168"><ele>1534.0</ele></trkpt>
      <trkpt lat="49.144724" lon="20.069151"><ele>1534.0</ele></trkpt>
      <trkpt lat="49.144742" lon="20.069135"><ele>1534.0</ele></trkpt>
      <trkpt lat="49.144762" lon="20.069123"><ele>1533.0</ele></trkpt>
      <trkpt lat="49.144785" lon="20.069116"><ele>1533.0</ele></trkpt>
      <trkpt lat="49.144807" lon="20.069109"><ele>1533.0</ele></trkpt>
      <trkpt lat="49.144830" lon="20.069102"><ele>1533.0</ele></trkpt>
      <trkpt lat="49.144848" lon="20.069100"><ele>1533.0</ele></trkpt>
      <trkpt lat="49.144863" lon="20.069105"><ele>1533.0</ele></trkpt>
      <trkpt lat="49.144878" lon="20.069109"><ele>1534.0</ele></trkpt>
      <trkpt lat="49.144892" lon="20.069114"><ele>1534.0</ele></trkpt>
      <trkpt lat="49.144907" lon="20.069119"><ele>1534.0</ele></trkpt>
      <trkpt lat="49.144938" lon="20.069121"><ele>1534.0</ele></trkpt>
      <trkpt lat="49.144956" lon="20.069125"><ele>1534.0</ele></trkpt>
      <trkpt lat="49.144973" lon="20.069129"><ele>1534.0</ele></trkpt>
      <trkpt lat="49.144993" lon="20.069126"><ele>1534.0</ele></trkpt>
      <trkpt lat="49.145014" lon="20.069117"><ele>1534.0</ele></trkpt>
      <trkpt lat="49.145048" lon="20.069107"><ele>1534.0</ele></trkpt>
      <trkpt lat="49.145072" lon="20.069111"><ele>1533.0</ele></trkpt>
      <trkpt lat="49.145095" lon="20.069118"><ele>1534.0</ele></trkpt>
      <trkpt lat="49.145117" lon="20.069127"><ele>1534.0</ele></trkpt>
      <trkpt lat="49.145140" lon="20.069132"><ele>1534.0</ele></trkpt>
      <trkpt lat="49.145164" lon="20.069133"><ele>1534.0</ele></trkpt>
      <trkpt lat="49.145187" lon="20.069133"><ele>1534.0</ele></trkpt>
      <trkpt lat="49.145211" lon="20.069134"><ele>1534.0</ele></trkpt>
      <trkpt lat="49.145234" lon="20.069135"><ele>1534.0</ele></trkpt>
      <trkpt lat="49.145265" lon="20.069133"><ele>1534.0</ele></trkpt>
      <trkpt lat="49.145297" lon="20.069127"><ele>1534.0</ele></trkpt>
      <trkpt lat="49.145331" lon="20.069136"><ele>1534.0</ele></trkpt>
      <trkpt lat="49.145348" lon="20.069139"><ele>1534.0</ele></trkpt>
      <trkpt lat="49.145365" lon="20.069141"><ele>1534.0</ele></trkpt>
      <trkpt lat="49.145382" lon="20.069144"><ele>1534.0</ele></trkpt>
      <trkpt lat="49.145410" lon="20.069152"><ele>1534.0</ele></trkpt>
      <trkpt lat="49.145425" lon="20.069151"><ele>1534.0</ele></trkpt>
      <trkpt lat="49.145439" lon="20.069149"><ele>1534.0</ele></trkpt>
      <trkpt lat="49.145454" lon="20.069148"><ele>1534.0</ele></trkpt>
      <trkpt lat="49.145473" lon="20.069143"><ele>1534.0</ele></trkpt>
      <trkpt lat="49.145511" lon="20.069165"><ele>1534.0</ele></trkpt>
      <trkpt lat="49.145537" lon="20.069168"><ele>1534.0</ele></trkpt>
      <trkpt lat="49.145560" lon="20.069166"><ele>1534.0</ele></trkpt>
      <trkpt lat="49.145574" lon="20.069188"><ele>1534.0</ele></trkpt>
      <trkpt lat="49.145556" lon="20.069199"><ele>1534.0</ele></trkpt>
      <trkpt lat="49.145571" lon="20.069216"><ele>1534.0</ele></trkpt>
      <trkpt lat="49.145595" lon="20.069213"><ele>1534.0</ele></trkpt>
      <trkpt lat="49.145615" lon="20.069218"><ele>1534.0</ele></trkpt>
      <trkpt lat="49.145634" lon="20.069224"><ele>1534.0</ele></trkpt>
      <trkpt lat="49.145664" lon="20.069229"><ele>1534.0</ele></trkpt>
      <trkpt lat="49.145688" lon="20.069237"><ele>1534.0</ele></trkpt>
      <trkpt lat="49.145716" lon="20.069246"><ele>1534.0</ele></trkpt>
      <trkpt lat="49.145745" lon="20.069256"><ele>1534.0</ele></trkpt>
      <trkpt lat="49.145769" lon="20.069268"><ele>1534.0</ele></trkpt>
      <trkpt lat="49.145789" lon="20.069281"><ele>1534.0</ele></trkpt>
      <trkpt lat="49.145812" lon="20.069295"><ele>1534.0</ele></trkpt>
      <trkpt lat="49.145835" lon="20.069297"><ele>1534.0</ele></trkpt>
      <trkpt lat="49.145859" lon="20.069306"><ele>1534.0</ele></trkpt>
      <trkpt lat="49.145881" lon="20.069318"><ele>1534.0</ele></trkpt>
      <trkpt lat="49.145902" lon="20.069325"><ele>1534.0</ele></trkpt>
      <trkpt lat="49.145922" lon="20.069324"><ele>1534.0</ele></trkpt>
      <trkpt lat="49.145941" lon="20.069317"><ele>1535.0</ele></trkpt>
      <trkpt lat="49.145960" lon="20.069315"><ele>1535.0</ele></trkpt>
      <trkpt lat="49.145991" lon="20.069313"><ele>1535.0</ele></trkpt>
      <trkpt lat="49.146011" lon="20.069305"><ele>1535.0</ele></trkpt>
      <trkpt lat="49.146030" lon="20.069297"><ele>1535.0</ele></trkpt>
      <trkpt lat="49.146048" lon="20.069287"><ele>1535.0</ele></trkpt>
      <trkpt lat="49.146068" lon="20.069274"><ele>1535.0</ele></trkpt>
      <trkpt lat="49.146091" lon="20.069259"><ele>1535.0</ele></trkpt>
      <trkpt lat="49.146109" lon="20.069245"><ele>1535.0</ele></trkpt>
      <trkpt lat="49.146131" lon="20.069248"><ele>1535.0</ele></trkpt>
      <trkpt lat="49.146149" lon="20.069252"><ele>1535.0</ele></trkpt>
      <trkpt lat="49.146167" lon="20.069259"><ele>1536.0</ele></trkpt>
      <trkpt lat="49.146191" lon="20.069279"><ele>1537.0</ele></trkpt>
      <trkpt lat="49.146226" lon="20.069329"><ele>1536.0</ele></trkpt>
      <trkpt lat="49.146258" lon="20.069350"><ele>1536.0</ele></trkpt>
      <trkpt lat="49.146276" lon="20.069347"><ele>1536.0</ele></trkpt>
      <trkpt lat="49.146292" lon="20.069362"><ele>1536.0</ele></trkpt>
      <trkpt lat="49.146314" lon="20.069362"><ele>1536.0</ele></trkpt>
      <trkpt lat="49.146338" lon="20.069358"><ele>1536.0</ele></trkpt>
      <trkpt lat="49.146357" lon="20.069367"><ele>1536.0</ele></trkpt>
      <trkpt lat="49.146375" lon="20.069366"><ele>1537.0</ele></trkpt>
      <trkpt lat="49.146398" lon="20.069365"><ele>1537.0</ele></trkpt>
      <trkpt lat="49.146420" lon="20.069351"><ele>1537.0</ele></trkpt>
      <trkpt lat="49.146442" lon="20.069330"><ele>1536.0</ele></trkpt>
      <trkpt lat="49.146465" lon="20.069295"><ele>1536.0</ele></trkpt>
      <trkpt lat="49.146480" lon="20.069280"><ele>1536.0</ele></trkpt>
      <trkpt lat="49.146496" lon="20.069264"><ele>1537.0</ele></trkpt>
      <trkpt lat="49.146513" lon="20.069241"><ele>1537.0</ele></trkpt>
      <trkpt lat="49.146529" lon="20.069218"><ele>1537.0</ele></trkpt>
      <trkpt lat="49.146555" lon="20.069200"><ele>1537.0</ele></trkpt>
      <trkpt lat="49.146577" lon="20.069180"><ele>1537.0</ele></trkpt>
      <trkpt lat="49.146600" lon="20.069161"><ele>1537.0</ele></trkpt>
      <trkpt lat="49.146622" lon="20.069141"><ele>1538.0</ele></trkpt>
      <trkpt lat="49.146643" lon="20.069127"><ele>1538.0</ele></trkpt>
      <trkpt lat="49.146664" lon="20.069118"><ele>1538.0</ele></trkpt>
      <trkpt lat="49.146685" lon="20.069110"><ele>1538.0</ele></trkpt>
      <trkpt lat="49.146706" lon="20.069101"><ele>1538.0</ele></trkpt>
      <trkpt lat="49.146727" lon="20.069093"><ele>1538.0</ele></trkpt>
      <trkpt lat="49.146752" lon="20.069108"><ele>1538.0</ele></trkpt>
      <trkpt lat="49.146776" lon="20.069123"><ele>1537.0</ele></trkpt>
      <trkpt lat="49.146801" lon="20.069138"><ele>1537.0</ele></trkpt>
      <trkpt lat="49.146824" lon="20.069151"><ele>1537.0</ele></trkpt>
      <trkpt lat="49.146846" lon="20.069161"><ele>1537.0</ele></trkpt>
      <trkpt lat="49.146869" lon="20.069172"><ele>1537.0</ele></trkpt>
      <trkpt lat="49.146891" lon="20.069182"><ele>1537.0</ele></trkpt>
      <trkpt lat="49.146912" lon="20.069194"><ele>1537.0</ele></trkpt>
      <trkpt lat="49.146932" lon="20.069207"><ele>1537.0</ele></trkpt>
      <trkpt lat="49.146951" lon="20.069221"><ele>1537.0</ele></trkpt>
      <trkpt lat="49.146977" lon="20.069248"><ele>1537.0</ele></trkpt>
      <trkpt lat="49.146989" lon="20.069282"><ele>1537.0</ele></trkpt>
      <trkpt lat="49.147017" lon="20.069289"><ele>1537.0</ele></trkpt>
      <trkpt lat="49.147033" lon="20.069310"><ele>1536.0</ele></trkpt>
      <trkpt lat="49.147038" lon="20.069343"><ele>1537.0</ele></trkpt>
      <trkpt lat="49.147056" lon="20.069363"><ele>1537.0</ele></trkpt>
      <trkpt lat="49.147072" lon="20.069377"><ele>1537.0</ele></trkpt>
      <trkpt lat="49.147088" lon="20.069395"><ele>1537.0</ele></trkpt>
      <trkpt lat="49.147102" lon="20.069417"><ele>1537.0</ele></trkpt>
      <trkpt lat="49.147120" lon="20.069428"><ele>1538.0</ele></trkpt>
      <trkpt lat="49.147137" lon="20.069439"><ele>1538.0</ele></trkpt>
      <trkpt lat="49.147157" lon="20.069466"><ele>1538.0</ele></trkpt>
      <trkpt lat="49.147178" lon="20.069484"><ele>1538.0</ele></trkpt>
      <trkpt lat="49.147196" lon="20.069498"><ele>1538.0</ele></trkpt>
      <trkpt lat="49.147218" lon="20.069521"><ele>1538.0</ele></trkpt>
      <trkpt lat="49.147236" lon="20.069539"><ele>1538.0</ele></trkpt>
      <trkpt lat="49.147256" lon="20.069557"><ele>1538.0</ele></trkpt>
      <trkpt lat="49.147279" lon="20.069576"><ele>1538.0</ele></trkpt>
      <trkpt lat="49.147299" lon="20.069591"><ele>1538.0</ele></trkpt>
      <trkpt lat="49.147324" lon="20.069598"><ele>1538.0</ele></trkpt>
      <trkpt lat="49.147343" lon="20.069610"><ele>1538.0</ele></trkpt>
      <trkpt lat="49.147367" lon="20.069620"><ele>1538.0</ele></trkpt>
      <trkpt lat="49.147384" lon="20.069630"><ele>1538.0</ele></trkpt>
      <trkpt lat="49.147408" lon="20.069643"><ele>1538.0</ele></trkpt>
      <trkpt lat="49.147440" lon="20.069660"><ele>1539.0</ele></trkpt>
      <trkpt lat="49.147464" lon="20.069666"><ele>1538.0</ele></trkpt>
      <trkpt lat="49.147489" lon="20.069669"><ele>1538.0</ele></trkpt>
      <trkpt lat="49.147515" lon="20.069674"><ele>1538.0</ele></trkpt>
      <trkpt lat="49.147539" lon="20.069675"><ele>1539.0</ele></trkpt>
      <trkpt lat="49.147562" lon="20.069678"><ele>1539.0</ele></trkpt>
      <trkpt lat="49.147584" lon="20.069678"><ele>1539.0</ele></trkpt>
      <trkpt lat="49.147607" lon="20.069681"><ele>1538.0</ele></trkpt>
      <trkpt lat="49.147632" lon="20.069675"><ele>1538.0</ele></trkpt>
      <trkpt lat="49.147666" lon="20.069673"><ele>1538.0</ele></trkpt>
      <trkpt lat="49.147684" lon="20.069671"><ele>1538.0</ele></trkpt>
      <trkpt lat="49.147707" lon="20.069659"><ele>1538.0</ele></trkpt>
      <trkpt lat="49.147727" lon="20.069658"><ele>1538.0</ele></trkpt>
      <trkpt lat="49.147746" lon="20.069651"><ele>1538.0</ele></trkpt>
      <trkpt lat="49.147765" lon="20.069635"><ele>1537.0</ele></trkpt>
      <trkpt lat="49.147788" lon="20.069635"><ele>1537.0</ele></trkpt>
      <trkpt lat="49.147808" lon="20.069623"><ele>1537.0</ele></trkpt>
      <trkpt lat="49.147828" lon="20.069610"><ele>1537.0</ele></trkpt>
      <trkpt lat="49.147852" lon="20.069595"><ele>1537.0</ele></trkpt>
      <trkpt lat="49.147894" lon="20.069597"><ele>1537.0</ele></trkpt>
      <trkpt lat="49.147917" lon="20.069601"><ele>1538.0</ele></trkpt>
      <trkpt lat="49.147941" lon="20.069605"><ele>1537.0</ele></trkpt>
      <trkpt lat="49.147964" lon="20.069609"><ele>1537.0</ele></trkpt>
      <trkpt lat="49.147987" lon="20.069613"><ele>1537.0</ele></trkpt>
      <trkpt lat="49.148007" lon="20.069615"><ele>1537.0</ele></trkpt>
      <trkpt lat="49.148027" lon="20.069625"><ele>1537.0</ele></trkpt>
      <trkpt lat="49.148045" lon="20.069630"><ele>1537.0</ele></trkpt>
      <trkpt lat="49.148064" lon="20.069630"><ele>1537.0</ele></trkpt>
      <trkpt lat="49.148089" lon="20.069632"><ele>1537.0</ele></trkpt>
      <trkpt lat="49.148117" lon="20.069636"><ele>1536.0</ele></trkpt>
      <trkpt lat="49.148135" lon="20.069633"><ele>1537.0</ele></trkpt>
      <trkpt lat="49.148160" lon="20.069636"><ele>1537.0</ele></trkpt>
      <trkpt lat="49.148183" lon="20.069632"><ele>1538.0</ele></trkpt>
      <trkpt lat="49.148199" lon="20.069653"><ele>1537.0</ele></trkpt>
      <trkpt lat="49.148224" lon="20.069649"><ele>1537.0</ele></trkpt>
      <trkpt lat="49.148246" lon="20.069645"><ele>1537.0</ele></trkpt>
      <trkpt lat="49.148264" lon="20.069644"><ele>1537.0</ele></trkpt>
      <trkpt lat="49.148288" lon="20.069646"><ele>1537.0</ele></trkpt>
      <trkpt lat="49.148305" lon="20.069640"><ele>1537.0</ele></trkpt>
      <trkpt lat="49.148326" lon="20.069643"><ele>1537.0</ele></trkpt>
      <trkpt lat="49.148348" lon="20.069643"><ele>1537.0</ele></trkpt>
      <trkpt lat="49.148371" lon="20.069643"><ele>1537.0</ele></trkpt>
      <trkpt lat="49.148393" lon="20.069643"><ele>1537.0</ele></trkpt>
      <trkpt lat="49.148427" lon="20.069641"><ele>1537.0</ele></trkpt>
      <trkpt lat="49.148446" lon="20.069632"><ele>1537.0</ele></trkpt>
      <trkpt lat="49.148469" lon="20.069630"><ele>1537.0</ele></trkpt>
      <trkpt lat="49.148487" lon="20.069632"><ele>1538.0</ele></trkpt>
      <trkpt lat="49.148512" lon="20.069635"><ele>1538.0</ele></trkpt>
      <trkpt lat="49.148540" lon="20.069635"><ele>1538.0</ele></trkpt>
      <trkpt lat="49.148560" lon="20.069643"><ele>1538.0</ele></trkpt>
      <trkpt lat="49.148578" lon="20.069652"><ele>1538.0</ele></trkpt>
      <trkpt lat="49.148596" lon="20.069671"><ele>1538.0</ele></trkpt>
      <trkpt lat="49.148617" lon="20.069688"><ele>1538.0</ele></trkpt>
      <trkpt lat="49.148639" lon="20.069712"><ele>1537.0</ele></trkpt>
      <trkpt lat="49.148659" lon="20.069740"><ele>1537.0</ele></trkpt>
      <trkpt lat="49.148671" lon="20.069769"><ele>1537.0</ele></trkpt>
      <trkpt lat="49.148675" lon="20.069818"><ele>1537.0</ele></trkpt>
      <trkpt lat="49.148681" lon="20.069859"><ele>1537.0</ele></trkpt>
      <trkpt lat="49.148684" lon="20.069890"><ele>1537.0</ele></trkpt>
      <trkpt lat="49.148689" lon="20.069918"><ele>1537.0</ele></trkpt>
      <trkpt lat="49.148694" lon="20.069950"><ele>1537.0</ele></trkpt>
      <trkpt lat="49.148704" lon="20.069978"><ele>1537.0</ele></trkpt>
      <trkpt lat="49.148713" lon="20.070016"><ele>1537.0</ele></trkpt>
      <trkpt lat="49.148724" lon="20.070051"><ele>1537.0</ele></trkpt>
      <trkpt lat="49.148730" lon="20.070078"><ele>1537.0</ele></trkpt>
      <trkpt lat="49.148742" lon="20.070105"><ele>1537.0</ele></trkpt>
      <trkpt lat="49.148748" lon="20.070133"><ele>1537.0</ele></trkpt>
      <trkpt lat="49.148758" lon="20.070163"><ele>1537.0</ele></trkpt>
      <trkpt lat="49.148772" lon="20.070188"><ele>1537.0</ele></trkpt>
      <trkpt lat="49.148783" lon="20.070216"><ele>1537.0</ele></trkpt>
      <trkpt lat="49.148791" lon="20.070251"><ele>1537.0</ele></trkpt>
      <trkpt lat="49.148801" lon="20.070282"><ele>1537.0</ele></trkpt>
      <trkpt lat="49.148815" lon="20.070315"><ele>1537.0</ele></trkpt>
      <trkpt lat="49.148827" lon="20.070337"><ele>1537.0</ele></trkpt>
      <trkpt lat="49.148839" lon="20.070364"><ele>1537.0</ele></trkpt>
      <trkpt lat="49.148854" lon="20.070392"><ele>1537.0</ele></trkpt>
      <trkpt lat="49.148865" lon="20.070417"><ele>1537.0</ele></trkpt>
      <trkpt lat="49.148880" lon="20.070448"><ele>1537.0</ele></trkpt>
      <trkpt lat="49.148892" lon="20.070469"><ele>1537.0</ele></trkpt>
      <trkpt lat="49.148909" lon="20.070489"><ele>1537.0</ele></trkpt>
      <trkpt lat="49.148923" lon="20.070512"><ele>1537.0</ele></trkpt>
      <trkpt lat="49.148935" lon="20.070537"><ele>1537.0</ele></trkpt>
      <trkpt lat="49.148950" lon="20.070556"><ele>1537.0</ele></trkpt>
      <trkpt lat="49.148967" lon="20.070581"><ele>1537.0</ele></trkpt>
      <trkpt lat="49.148982" lon="20.070608"><ele>1537.0</ele></trkpt>
      <trkpt lat="49.148994" lon="20.070637"><ele>1537.0</ele></trkpt>
      <trkpt lat="49.149012" lon="20.070669"><ele>1537.0</ele></trkpt>
      <trkpt lat="49.149024" lon="20.070700"><ele>1537.0</ele></trkpt>
      <trkpt lat="49.149040" lon="20.070716"><ele>1537.0</ele></trkpt>
      <trkpt lat="49.149057" lon="20.070737"><ele>1537.0</ele></trkpt>
      <trkpt lat="49.149076" lon="20.070750"><ele>1537.0</ele></trkpt>
      <trkpt lat="49.149095" lon="20.070766"><ele>1537.0</ele></trkpt>
      <trkpt lat="49.149110" lon="20.070780"><ele>1537.0</ele></trkpt>
      <trkpt lat="49.149129" lon="20.070798"><ele>1537.0</ele></trkpt>
      <trkpt lat="49.149143" lon="20.070817"><ele>1537.0</ele></trkpt>
      <trkpt lat="49.149160" lon="20.070831"><ele>1537.0</ele></trkpt>
      <trkpt lat="49.149183" lon="20.070852"><ele>1537.0</ele></trkpt>
      <trkpt lat="49.149197" lon="20.070869"><ele>1537.0</ele></trkpt>
      <trkpt lat="49.149226" lon="20.070886"><ele>1537.0</ele></trkpt>
      <trkpt lat="49.149246" lon="20.070894"><ele>1537.0</ele></trkpt>
      <trkpt lat="49.149265" lon="20.070907"><ele>1537.0</ele></trkpt>
      <trkpt lat="49.149285" lon="20.070916"><ele>1537.0</ele></trkpt>
      <trkpt lat="49.149304" lon="20.070926"><ele>1537.0</ele></trkpt>
      <trkpt lat="49.149321" lon="20.070933"><ele>1537.0</ele></trkpt>
      <trkpt lat="49.149341" lon="20.070941"><ele>1537.0</ele></trkpt>
      <trkpt lat="49.149364" lon="20.070945"><ele>1537.0</ele></trkpt>
      <trkpt lat="49.149380" lon="20.070959"><ele>1537.0</ele></trkpt>
      <trkpt lat="49.149401" lon="20.070969"><ele>1537.0</ele></trkpt>
      <trkpt lat="49.149429" lon="20.070976"><ele>1537.0</ele></trkpt>
      <trkpt lat="49.149456" lon="20.070969"><ele>1537.0</ele></trkpt>
      <trkpt lat="49.149477" lon="20.070969"><ele>1537.0</ele></trkpt>
      <trkpt lat="49.149496" lon="20.070975"><ele>1537.0</ele></trkpt>
      <trkpt lat="49.149522" lon="20.070985"><ele>1537.0</ele></trkpt>
      <trkpt lat="49.149541" lon="20.070991"><ele>1537.0</ele></trkpt>
      <trkpt lat="49.149562" lon="20.070992"><ele>1537.0</ele></trkpt>
      <trkpt lat="49.149583" lon="20.070990"><ele>1537.0</ele></trkpt>
      <trkpt lat="49.149603" lon="20.070993"><ele>1537.0</ele></trkpt>
      <trkpt lat="49.149621" lon="20.070999"><ele>1537.0</ele></trkpt>
      <trkpt lat="49.149643" lon="20.070993"><ele>1537.0</ele></trkpt>
      <trkpt lat="49.149659" lon="20.071007"><ele>1537.0</ele></trkpt>
      <trkpt lat="49.149679" lon="20.071008"><ele>1537.0</ele></trkpt>
      <trkpt lat="49.149701" lon="20.070998"><ele>1537.0</ele></trkpt>
      <trkpt lat="49.149719" lon="20.070979"><ele>1537.0</ele></trkpt>
      <trkpt lat="49.149739" lon="20.070962"><ele>1537.0</ele></trkpt>
      <trkpt lat="49.149757" lon="20.070953"><ele>1537.0</ele></trkpt>
      <trkpt lat="49.149775" lon="20.070933"><ele>1537.0</ele></trkpt>
      <trkpt lat="49.149796" lon="20.070917"><ele>1537.0</ele></trkpt>
      <trkpt lat="49.149817" lon="20.070910"><ele>1537.0</ele></trkpt>
      <trkpt lat="49.149838" lon="20.070900"><ele>1537.0</ele></trkpt>
      <trkpt lat="49.149860" lon="20.070891"><ele>1537.0</ele></trkpt>
      <trkpt lat="49.149887" lon="20.070871"><ele>1537.0</ele></trkpt>
      <trkpt lat="49.149899" lon="20.070849"><ele>1537.0</ele></trkpt>
      <trkpt lat="49.149921" lon="20.070845"><ele>1537.0</ele></trkpt>
      <trkpt lat="49.149942" lon="20.070840"><ele>1537.0</ele></trkpt>
      <trkpt lat="49.149959" lon="20.070832"><ele>1537.0</ele></trkpt>
      <trkpt lat="49.149977" lon="20.070825"><ele>1537.0</ele></trkpt>
      <trkpt lat="49.149994" lon="20.070817"><ele>1537.0</ele></trkpt>
      <trkpt lat="49.150014" lon="20.070804"><ele>1537.0</ele></trkpt>
      <trkpt lat="49.150038" lon="20.070793"><ele>1537.0</ele></trkpt>
      <trkpt lat="49.150065" lon="20.070789"><ele>1537.0</ele></trkpt>
      <trkpt lat="49.150083" lon="20.070794"><ele>1537.0</ele></trkpt>
      <trkpt lat="49.150101" lon="20.070799"><ele>1537.0</ele></trkpt>
      <trkpt lat="49.150117" lon="20.070798"><ele>1537.0</ele></trkpt>
      <trkpt lat="49.150132" lon="20.070791"><ele>1537.0</ele></trkpt>
      <trkpt lat="49.150146" lon="20.070785"><ele>1537.0</ele></trkpt>
      <trkpt lat="49.150161" lon="20.070778"><ele>1537.0</ele></trkpt>
      <trkpt lat="49.150192" lon="20.070772"><ele>1537.0</ele></trkpt>
      <trkpt lat="49.150209" lon="20.070767"><ele>1537.0</ele></trkpt>
      <trkpt lat="49.150227" lon="20.070762"><ele>1537.0</ele></trkpt>
      <trkpt lat="49.150244" lon="20.070757"><ele>1537.0</ele></trkpt>
      <trkpt lat="49.150261" lon="20.070752"><ele>1537.0</ele></trkpt>
      <trkpt lat="49.150278" lon="20.070747"><ele>1537.0</ele></trkpt>
      <trkpt lat="49.150296" lon="20.070739"><ele>1537.0</ele></trkpt>
      <trkpt lat="49.150313" lon="20.070726"><ele>1537.0</ele></trkpt>
      <trkpt lat="49.150331" lon="20.070714"><ele>1537.0</ele></trkpt>
      <trkpt lat="49.150349" lon="20.070702"><ele>1537.0</ele></trkpt>
      <trkpt lat="49.150366" lon="20.070689"><ele>1537.0</ele></trkpt>
      <trkpt lat="49.150386" lon="20.070680"><ele>1537.0</ele></trkpt>
      <trkpt lat="49.150407" lon="20.070673"><ele>1537.0</ele></trkpt>
      <trkpt lat="49.150428" lon="20.070667"><ele>1537.0</ele></trkpt>
      <trkpt lat="49.150450" lon="20.070660"><ele>1537.0</ele></trkpt>
      <trkpt lat="49.150471" lon="20.070654"><ele>1537.0</ele></trkpt>
      <trkpt lat="49.150492" lon="20.070655"><ele>1537.0</ele></trkpt>
      <trkpt lat="49.150525" lon="20.070635"><ele>1537.0</ele></trkpt>
      <trkpt lat="49.150552" lon="20.070647"><ele>1537.0</ele></trkpt>
      <trkpt lat="49.150577" lon="20.070655"><ele>1537.0</ele></trkpt>
      <trkpt lat="49.150601" lon="20.070662"><ele>1537.0</ele></trkpt>
      <trkpt lat="49.150626" lon="20.070670"><ele>1532.0</ele></trkpt>
      <trkpt lat="49.150650" lon="20.070678"><ele>1532.0</ele></trkpt>
      <trkpt lat="49.150675" lon="20.070685"><ele>1532.0</ele></trkpt>
      <trkpt lat="49.150696" lon="20.070692"><ele>1532.0</ele></trkpt>
      <trkpt lat="49.150718" lon="20.070701"><ele>1532.0</ele></trkpt>
      <trkpt lat="49.150730" lon="20.070711"><ele>1532.0</ele></trkpt>
      <trkpt lat="49.150742" lon="20.070721"><ele>1532.0</ele></trkpt>
      <trkpt lat="49.150754" lon="20.070731"><ele>1532.0</ele></trkpt>
      <trkpt lat="49.150776" lon="20.070765"><ele>1532.0</ele></trkpt>
      <trkpt lat="49.150792" lon="20.070784"><ele>1532.0</ele></trkpt>
      <trkpt lat="49.150809" lon="20.070793"><ele>1532.0</ele></trkpt>
      <trkpt lat="49.150824" lon="20.070809"><ele>1532.0</ele></trkpt>
      <trkpt lat="49.150846" lon="20.070822"><ele>1531.0</ele></trkpt>
      <trkpt lat="49.150864" lon="20.070835"><ele>1531.0</ele></trkpt>
      <trkpt lat="49.150882" lon="20.070856"><ele>1531.0</ele></trkpt>
      <trkpt lat="49.150901" lon="20.070875"><ele>1531.0</ele></trkpt>
      <trkpt lat="49.150918" lon="20.070907"><ele>1531.0</ele></trkpt>
      <trkpt lat="49.150933" lon="20.070928"><ele>1530.0</ele></trkpt>
      <trkpt lat="49.150953" lon="20.070948"><ele>1530.0</ele></trkpt>
      <trkpt lat="49.150974" lon="20.070971"><ele>1530.0</ele></trkpt>
      <trkpt lat="49.150990" lon="20.070998"><ele>1530.0</ele></trkpt>
      <trkpt lat="49.151011" lon="20.071020"><ele>1530.0</ele></trkpt>
      <trkpt lat="49.151026" lon="20.071045"><ele>1530.0</ele></trkpt>
      <trkpt lat="49.151046" lon="20.071070"><ele>1530.0</ele></trkpt>
      <trkpt lat="49.151061" lon="20.071087"><ele>1529.0</ele></trkpt>
      <trkpt lat="49.151073" lon="20.071108"><ele>1529.0</ele></trkpt>
      <trkpt lat="49.151094" lon="20.071134"><ele>1529.0</ele></trkpt>
      <trkpt lat="49.151108" lon="20.071160"><ele>1529.0</ele></trkpt>
      <trkpt lat="49.151122" lon="20.071182"><ele>1529.0</ele></trkpt>
      <trkpt lat="49.151138" lon="20.071214"><ele>1529.0</ele></trkpt>
      <trkpt lat="49.151153" lon="20.071235"><ele>1529.0</ele></trkpt>
      <trkpt lat="49.151169" lon="20.071265"><ele>1529.0</ele></trkpt>
      <trkpt lat="49.151184" lon="20.071294"><ele>1529.0</ele></trkpt>
      <trkpt lat="49.151199" lon="20.071313"><ele>1529.0</ele></trkpt>
      <trkpt lat="49.151213" lon="20.071338"><ele>1529.0</ele></trkpt>
      <trkpt lat="49.151225" lon="20.071364"><ele>1529.0</ele></trkpt>
      <trkpt lat="49.151232" lon="20.071390"><ele>1529.0</ele></trkpt>
      <trkpt lat="49.151241" lon="20.071418"><ele>1529.0</ele></trkpt>
      <trkpt lat="49.151257" lon="20.071447"><ele>1529.0</ele></trkpt>
      <trkpt lat="49.151271" lon="20.071478"><ele>1529.0</ele></trkpt>
      <trkpt lat="49.151284" lon="20.071500"><ele>1529.0</ele></trkpt>
      <trkpt lat="49.151296" lon="20.071522"><ele>1529.0</ele></trkpt>
      <trkpt lat="49.151309" lon="20.071546"><ele>1529.0</ele></trkpt>
      <trkpt lat="49.151329" lon="20.071573"><ele>1529.0</ele></trkpt>
      <trkpt lat="49.151346" lon="20.071604"><ele>1529.0</ele></trkpt>
      <trkpt lat="49.151363" lon="20.071624"><ele>1529.0</ele></trkpt>
      <trkpt lat="49.151385" lon="20.071650"><ele>1529.0</ele></trkpt>
      <trkpt lat="49.151402" lon="20.071667"><ele>1529.0</ele></trkpt>
      <trkpt lat="49.151415" lon="20.071688"><ele>1529.0</ele></trkpt>
      <trkpt lat="49.151432" lon="20.071705"><ele>1529.0</ele></trkpt>
      <trkpt lat="49.151441" lon="20.071731"><ele>1529.0</ele></trkpt>
      <trkpt lat="49.151454" lon="20.071761"><ele>1529.0</ele></trkpt>
      <trkpt lat="49.151466" lon="20.071790"><ele>1529.0</ele></trkpt>
      <trkpt lat="49.151480" lon="20.071826"><ele>1530.0</ele></trkpt>
      <trkpt lat="49.151486" lon="20.071856"><ele>1530.0</ele></trkpt>
      <trkpt lat="49.151490" lon="20.071886"><ele>1530.0</ele></trkpt>
      <trkpt lat="49.151506" lon="20.071921"><ele>1530.0</ele></trkpt>
      <trkpt lat="49.151513" lon="20.071952"><ele>1530.0</ele></trkpt>
      <trkpt lat="49.151522" lon="20.071983"><ele>1530.0</ele></trkpt>
      <trkpt lat="49.151537" lon="20.072004"><ele>1530.0</ele></trkpt>
      <trkpt lat="49.151544" lon="20.072040"><ele>1530.0</ele></trkpt>
      <trkpt lat="49.151560" lon="20.072063"><ele>1530.0</ele></trkpt>
      <trkpt lat="49.151574" lon="20.072081"><ele>1530.0</ele></trkpt>
      <trkpt lat="49.151589" lon="20.072108"><ele>1530.0</ele></trkpt>
      <trkpt lat="49.151602" lon="20.072133"><ele>1529.0</ele></trkpt>
      <trkpt lat="49.151617" lon="20.072148"><ele>1528.0</ele></trkpt>
      <trkpt lat="49.151636" lon="20.072181"><ele>1529.0</ele></trkpt>
      <trkpt lat="49.151654" lon="20.072209"><ele>1529.0</ele></trkpt>
      <trkpt lat="49.151664" lon="20.072233"><ele>1529.0</ele></trkpt>
      <trkpt lat="49.151676" lon="20.072257"><ele>1528.0</ele></trkpt>
      <trkpt lat="49.151686" lon="20.072280"><ele>1528.0</ele></trkpt>
      <trkpt lat="49.151696" lon="20.072307"><ele>1528.0</ele></trkpt>
      <trkpt lat="49.151709" lon="20.072342"><ele>1528.0</ele></trkpt>
      <trkpt lat="49.151713" lon="20.072372"><ele>1528.0</ele></trkpt>
      <trkpt lat="49.151720" lon="20.072403"><ele>1528.0</ele></trkpt>
      <trkpt lat="49.151726" lon="20.072429"><ele>1528.0</ele></trkpt>
      <trkpt lat="49.151737" lon="20.072457"><ele>1528.0</ele></trkpt>
      <trkpt lat="49.151746" lon="20.072488"><ele>1528.0</ele></trkpt>
      <trkpt lat="49.151753" lon="20.072516"><ele>1528.0</ele></trkpt>
      <trkpt lat="49.151765" lon="20.072542"><ele>1528.0</ele></trkpt>
      <trkpt lat="49.151776" lon="20.072573"><ele>1527.0</ele></trkpt>
      <trkpt lat="49.151787" lon="20.072602"><ele>1527.0</ele></trkpt>
      <trkpt lat="49.151803" lon="20.072635"><ele>1527.0</ele></trkpt>
      <trkpt lat="49.151817" lon="20.072654"><ele>1526.0</ele></trkpt>
      <trkpt lat="49.151826" lon="20.072680"><ele>1525.0</ele></trkpt>
      <trkpt lat="49.151827" lon="20.072709"><ele>1525.0</ele></trkpt>
      <trkpt lat="49.151842" lon="20.072738"><ele>1524.0</ele></trkpt>
      <trkpt lat="49.151854" lon="20.072777"><ele>1525.0</ele></trkpt>
      <trkpt lat="49.151860" lon="20.072804"><ele>1525.0</ele></trkpt>
      <trkpt lat="49.151865" lon="20.072835"><ele>1525.0</ele></trkpt>
      <trkpt lat="49.151878" lon="20.072869"><ele>1524.0</ele></trkpt>
      <trkpt lat="49.151885" lon="20.072895"><ele>1524.0</ele></trkpt>
      <trkpt lat="49.151895" lon="20.072929"><ele>1524.0</ele></trkpt>
      <trkpt lat="49.151903" lon="20.072954"><ele>1524.0</ele></trkpt>
      <trkpt lat="49.151917" lon="20.072986"><ele>1524.0</ele></trkpt>
      <trkpt lat="49.151927" lon="20.073018"><ele>1523.0</ele></trkpt>
      <trkpt lat="49.151941" lon="20.073053"><ele>1523.0</ele></trkpt>
      <trkpt lat="49.151948" lon="20.073088"><ele>1522.0</ele></trkpt>
      <trkpt lat="49.151958" lon="20.073125"><ele>1522.0</ele></trkpt>
      <trkpt lat="49.151968" lon="20.073160"><ele>1521.0</ele></trkpt>
      <trkpt lat="49.151987" lon="20.073182"><ele>1521.0</ele></trkpt>
      <trkpt lat="49.152005" lon="20.073205"><ele>1521.0</ele></trkpt>
      <trkpt lat="49.152024" lon="20.073228"><ele>1521.0</ele></trkpt>
      <trkpt lat="49.152030" lon="20.073263"><ele>1520.0</ele></trkpt>
      <trkpt lat="49.152037" lon="20.073289"><ele>1520.0</ele></trkpt>
      <trkpt lat="49.152058" lon="20.073313"><ele>1519.0</ele></trkpt>
      <trkpt lat="49.152068" lon="20.073341"><ele>1519.0</ele></trkpt>
      <trkpt lat="49.152076" lon="20.073369"><ele>1519.0</ele></trkpt>
      <trkpt lat="49.152083" lon="20.073396"><ele>1519.0</ele></trkpt>
      <trkpt lat="49.152092" lon="20.073433"><ele>1518.0</ele></trkpt>
      <trkpt lat="49.152097" lon="20.073463"><ele>1517.0</ele></trkpt>
      <trkpt lat="49.152099" lon="20.073495"><ele>1517.0</ele></trkpt>
      <trkpt lat="49.152115" lon="20.073523"><ele>1517.0</ele></trkpt>
      <trkpt lat="49.152125" lon="20.073561"><ele>1517.0</ele></trkpt>
      <trkpt lat="49.152135" lon="20.073596"><ele>1516.0</ele></trkpt>
      <trkpt lat="49.152143" lon="20.073625"><ele>1516.0</ele></trkpt>
      <trkpt lat="49.152149" lon="20.073651"><ele>1516.0</ele></trkpt>
      <trkpt lat="49.152162" lon="20.073673"><ele>1515.0</ele></trkpt>
      <trkpt lat="49.152171" lon="20.073698"><ele>1515.0</ele></trkpt>
      <trkpt lat="49.152181" lon="20.073723"><ele>1515.0</ele></trkpt>
      <trkpt lat="49.152195" lon="20.073748"><ele>1513.0</ele></trkpt>
      <trkpt lat="49.152207" lon="20.073775"><ele>1513.0</ele></trkpt>
      <trkpt lat="49.152221" lon="20.073801"><ele>1513.0</ele></trkpt>
      <trkpt lat="49.152237" lon="20.073828"><ele>1513.0</ele></trkpt>
      <trkpt lat="49.152247" lon="20.073863"><ele>1513.0</ele></trkpt>
      <trkpt lat="49.152261" lon="20.073903"><ele>1513.0</ele></trkpt>
      <trkpt lat="49.152280" lon="20.073921"><ele>1513.0</ele></trkpt>
      <trkpt lat="49.152292" lon="20.073950"><ele>1513.0</ele></trkpt>
      <trkpt lat="49.152305" lon="20.073979"><ele>1512.0</ele></trkpt>
      <trkpt lat="49.152311" lon="20.074010"><ele>1512.0</ele></trkpt>
      <trkpt lat="49.152320" lon="20.074042"><ele>1512.0</ele></trkpt>
      <trkpt lat="49.152331" lon="20.074073"><ele>1511.0</ele></trkpt>
      <trkpt lat="49.152343" lon="20.074096"><ele>1511.0</ele></trkpt>
      <trkpt lat="49.152359" lon="20.074114"><ele>1510.0</ele></trkpt>
      <trkpt lat="49.152373" lon="20.074131"><ele>1510.0</ele></trkpt>
      <trkpt lat="49.152387" lon="20.074158"><ele>1509.0</ele></trkpt>
      <trkpt lat="49.152398" lon="20.074183"><ele>1509.0</ele></trkpt>
      <trkpt lat="49.152412" lon="20.074212"><ele>1509.0</ele></trkpt>
      <trkpt lat="49.152422" lon="20.074246"><ele>1509.0</ele></trkpt>
      <trkpt lat="49.152438" lon="20.074273"><ele>1509.0</ele></trkpt>
      <trkpt lat="49.152448" lon="20.074297"><ele>1508.0</ele></trkpt>
      <trkpt lat="49.152458" lon="20.074326"><ele>1508.0</ele></trkpt>
      <trkpt lat="49.152468" lon="20.074357"><ele>1508.0</ele></trkpt>
      <trkpt lat="49.152482" lon="20.074377"><ele>1507.0</ele></trkpt>
      <trkpt lat="49.152490" lon="20.074414"><ele>1507.0</ele></trkpt>
      <trkpt lat="49.152512" lon="20.074449"><ele>1507.0</ele></trkpt>
      <trkpt lat="49.152516" lon="20.074477"><ele>1507.0</ele></trkpt>
      <trkpt lat="49.152530" lon="20.074501"><ele>1507.0</ele></trkpt>
      <trkpt lat="49.152550" lon="20.074528"><ele>1506.0</ele></trkpt>
      <trkpt lat="49.152563" lon="20.074548"><ele>1505.0</ele></trkpt>
      <trkpt lat="49.152578" lon="20.074571"><ele>1505.0</ele></trkpt>
      <trkpt lat="49.152596" lon="20.074587"><ele>1505.0</ele></trkpt>
      <trkpt lat="49.152611" lon="20.074602"><ele>1505.0</ele></trkpt>
      <trkpt lat="49.152633" lon="20.074625"><ele>1505.0</ele></trkpt>
      <trkpt lat="49.152656" lon="20.074647"><ele>1505.0</ele></trkpt>
      <trkpt lat="49.152673" lon="20.074660"><ele>1505.0</ele></trkpt>
      <trkpt lat="49.152690" lon="20.074676"><ele>1505.0</ele></trkpt>
      <trkpt lat="49.152712" lon="20.074691"><ele>1504.0</ele></trkpt>
      <trkpt lat="49.152729" lon="20.074705"><ele>1504.0</ele></trkpt>
      <trkpt lat="49.152755" lon="20.074722"><ele>1504.0</ele></trkpt>
      <trkpt lat="49.152774" lon="20.074736"><ele>1504.0</ele></trkpt>
      <trkpt lat="49.152792" lon="20.074747"><ele>1504.0</ele></trkpt>
      <trkpt lat="49.152812" lon="20.074754"><ele>1503.0</ele></trkpt>
      <trkpt lat="49.152831" lon="20.074768"><ele>1503.0</ele></trkpt>
      <trkpt lat="49.152853" lon="20.074783"><ele>1502.0</ele></trkpt>
      <trkpt lat="49.152877" lon="20.074794"><ele>1502.0</ele></trkpt>
      <trkpt lat="49.152899" lon="20.074799"><ele>1502.0</ele></trkpt>
      <trkpt lat="49.152918" lon="20.074811"><ele>1501.0</ele></trkpt>
      <trkpt lat="49.152942" lon="20.074827"><ele>1501.0</ele></trkpt>
      <trkpt lat="49.152962" lon="20.074840"><ele>1500.0</ele></trkpt>
      <trkpt lat="49.152980" lon="20.074847"><ele>1500.0</ele></trkpt>
      <trkpt lat="49.153003" lon="20.074854"><ele>1500.0</ele></trkpt>
      <trkpt lat="49.153021" lon="20.074861"><ele>1500.0</ele></trkpt>
      <trkpt lat="49.153035" lon="20.074884"><ele>1500.0</ele></trkpt>
      <trkpt lat="49.153045" lon="20.074911"><ele>1500.0</ele></trkpt>
      <trkpt lat="49.153063" lon="20.074934"><ele>1500.0</ele></trkpt>
      <trkpt lat="49.153079" lon="20.074958"><ele>1500.0</ele></trkpt>
      <trkpt lat="49.153095" lon="20.074978"><ele>1500.0</ele></trkpt>
      <trkpt lat="49.153114" lon="20.075004"><ele>1500.0</ele></trkpt>
      <trkpt lat="49.153115" lon="20.075032"><ele>1500.0</ele></trkpt>
      <trkpt lat="49.153109" lon="20.075070"><ele>1500.0</ele></trkpt>
      <trkpt lat="49.153100" lon="20.075098"><ele>1501.0</ele></trkpt>
      <trkpt lat="49.153090" lon="20.075123"><ele>1501.0</ele></trkpt>
      <trkpt lat="49.153083" lon="20.075149"><ele>1501.0</ele></trkpt>
      <trkpt lat="49.153075" lon="20.075175"><ele>1501.0</ele></trkpt>
      <trkpt lat="49.153068" lon="20.075208"><ele>1501.0</ele></trkpt>
      <trkpt lat="49.153062" lon="20.075241"><ele>1501.0</ele></trkpt>
      <trkpt lat="49.153058" lon="20.075271"><ele>1501.0</ele></trkpt>
      <trkpt lat="49.153056" lon="20.075299"><ele>1501.0</ele></trkpt>
      <trkpt lat="49.153051" lon="20.075335"><ele>1501.0</ele></trkpt>
      <trkpt lat="49.153048" lon="20.075368"><ele>1501.0</ele></trkpt>
      <trkpt lat="49.153047" lon="20.075402"><ele>1501.0</ele></trkpt>
      <trkpt lat="49.153040" lon="20.075432"><ele>1502.0</ele></trkpt>
      <trkpt lat="49.153041" lon="20.075468"><ele>1502.0</ele></trkpt>
      <trkpt lat="49.153050" lon="20.075503"><ele>1502.0</ele></trkpt>
      <trkpt lat="49.153050" lon="20.075536"><ele>1502.0</ele></trkpt>
      <trkpt lat="49.153062" lon="20.075567"><ele>1504.0</ele></trkpt>
      <trkpt lat="49.153073" lon="20.075598"><ele>1504.0</ele></trkpt>
      <trkpt lat="49.153085" lon="20.075630"><ele>1504.0</ele></trkpt>
      <trkpt lat="49.153096" lon="20.075661"><ele>1504.0</ele></trkpt>
      <trkpt lat="49.153105" lon="20.075686"><ele>1504.0</ele></trkpt>
      <trkpt lat="49.153120" lon="20.075713"><ele>1504.0</ele></trkpt>
      <trkpt lat="49.153125" lon="20.075739"><ele>1504.0</ele></trkpt>
      <trkpt lat="49.153136" lon="20.075763"><ele>1504.0</ele></trkpt>
      <trkpt lat="49.153147" lon="20.075791"><ele>1504.0</ele></trkpt>
      <trkpt lat="49.153156" lon="20.075821"><ele>1504.0</ele></trkpt>
      <trkpt lat="49.153170" lon="20.075855"><ele>1505.0</ele></trkpt>
      <trkpt lat="49.153186" lon="20.075869"><ele>1505.0</ele></trkpt>
      <trkpt lat="49.153202" lon="20.075884"><ele>1506.0</ele></trkpt>
      <trkpt lat="49.153219" lon="20.075898"><ele>1506.0</ele></trkpt>
      <trkpt lat="49.153235" lon="20.075912"><ele>1506.0</ele></trkpt>
      <trkpt lat="49.153251" lon="20.075927"><ele>1506.0</ele></trkpt>
      <trkpt lat="49.153270" lon="20.075936"><ele>1507.0</ele></trkpt>
      <trkpt lat="49.153292" lon="20.075939"><ele>1507.0</ele></trkpt>
      <trkpt lat="49.153313" lon="20.075943"><ele>1507.0</ele></trkpt>
      <trkpt lat="49.153335" lon="20.075946"><ele>1507.0</ele></trkpt>
      <trkpt lat="49.153357" lon="20.075950"><ele>1508.0</ele></trkpt>
      <trkpt lat="49.153378" lon="20.075952"><ele>1508.0</ele></trkpt>
      <trkpt lat="49.153401" lon="20.075970"><ele>1508.0</ele></trkpt>
      <trkpt lat="49.153427" lon="20.075976"><ele>1510.0</ele></trkpt>
      <trkpt lat="49.153440" lon="20.075991"><ele>1510.0</ele></trkpt>
      <trkpt lat="49.153453" lon="20.076007"><ele>1510.0</ele></trkpt>
      <trkpt lat="49.153466" lon="20.076022"><ele>1510.0</ele></trkpt>
      <trkpt lat="49.153479" lon="20.076037"><ele>1510.0</ele></trkpt>
      <trkpt lat="49.153492" lon="20.076052"><ele>1510.0</ele></trkpt>
      <trkpt lat="49.153509" lon="20.076078"><ele>1510.0</ele></trkpt>
      <trkpt lat="49.153519" lon="20.076097"><ele>1510.0</ele></trkpt>
      <trkpt lat="49.153530" lon="20.076115"><ele>1510.0</ele></trkpt>
      <trkpt lat="49.153540" lon="20.076133"><ele>1510.0</ele></trkpt>
      <trkpt lat="49.153551" lon="20.076152"><ele>1510.0</ele></trkpt>
      <trkpt lat="49.153561" lon="20.076170"><ele>1510.0</ele></trkpt>
      <trkpt lat="49.153581" lon="20.076192"><ele>1510.0</ele></trkpt>
      <trkpt lat="49.153600" lon="20.076213"><ele>1510.0</ele></trkpt>
      <trkpt lat="49.153620" lon="20.076235"><ele>1511.0</ele></trkpt>
      <trkpt lat="49.153640" lon="20.076257"><ele>1511.0</ele></trkpt>
      <trkpt lat="49.153661" lon="20.076278"><ele>1511.0</ele></trkpt>
      <trkpt lat="49.153681" lon="20.076300"><ele>1512.0</ele></trkpt>
      <trkpt lat="49.153702" lon="20.076321"><ele>1512.0</ele></trkpt>
      <trkpt lat="49.153725" lon="20.076343"><ele>1512.0</ele></trkpt>
      <trkpt lat="49.153738" lon="20.076354"><ele>1512.0</ele></trkpt>
      <trkpt lat="49.153750" lon="20.076366"><ele>1512.0</ele></trkpt>
      <trkpt lat="49.153763" lon="20.076377"><ele>1512.0</ele></trkpt>
      <trkpt lat="49.153783" lon="20.076385"><ele>1512.0</ele></trkpt>
      <trkpt lat="49.153803" lon="20.076396"><ele>1512.0</ele></trkpt>
      <trkpt lat="49.153822" lon="20.076409"><ele>1513.0</ele></trkpt>
      <trkpt lat="49.153840" lon="20.076426"><ele>1513.0</ele></trkpt>
      <trkpt lat="49.153875" lon="20.076451"><ele>1513.0</ele></trkpt>
      <trkpt lat="49.153895" lon="20.076458"><ele>1513.0</ele></trkpt>
      <trkpt lat="49.153921" lon="20.076464"><ele>1513.0</ele></trkpt>
      <trkpt lat="49.153954" lon="20.076450"><ele>1514.0</ele></trkpt>
      <trkpt lat="49.153971" lon="20.076438"><ele>1514.0</ele></trkpt>
      <trkpt lat="49.153994" lon="20.076427"><ele>1514.0</ele></trkpt>
      <trkpt lat="49.154009" lon="20.076423"><ele>1515.0</ele></trkpt>
      <trkpt lat="49.154024" lon="20.076418"><ele>1515.0</ele></trkpt>
      <trkpt lat="49.154039" lon="20.076414"><ele>1515.0</ele></trkpt>
      <trkpt lat="49.154054" lon="20.076409"><ele>1515.0</ele></trkpt>
      <trkpt lat="49.154069" lon="20.076405"><ele>1516.0</ele></trkpt>
      <trkpt lat="49.154084" lon="20.076400"><ele>1516.0</ele></trkpt>
      <trkpt lat="49.154106" lon="20.076412"><ele>1517.0</ele></trkpt>
      <trkpt lat="49.154129" lon="20.076424"><ele>1517.0</ele></trkpt>
      <trkpt lat="49.154151" lon="20.076437"><ele>1517.0</ele></trkpt>
      <trkpt lat="49.154173" lon="20.076449"><ele>1517.0</ele></trkpt>
      <trkpt lat="49.154189" lon="20.076481"><ele>1517.0</ele></trkpt>
      <trkpt lat="49.154205" lon="20.076512"><ele>1517.0</ele></trkpt>
      <trkpt lat="49.154221" lon="20.076544"><ele>1517.0</ele></trkpt>
      <trkpt lat="49.154230" lon="20.076573"><ele>1517.0</ele></trkpt>
      <trkpt lat="49.154231" lon="20.076600"><ele>1518.0</ele></trkpt>
      <trkpt lat="49.154232" lon="20.076627"><ele>1518.0</ele></trkpt>
      <trkpt lat="49.154233" lon="20.076654"><ele>1518.0</ele></trkpt>
      <trkpt lat="49.154223" lon="20.076680"><ele>1518.0</ele></trkpt>
      <trkpt lat="49.154213" lon="20.076705"><ele>1518.0</ele></trkpt>
      <trkpt lat="49.154204" lon="20.076731"><ele>1518.0</ele></trkpt>
      <trkpt lat="49.154194" lon="20.076756"><ele>1518.0</ele></trkpt>
      <trkpt lat="49.154184" lon="20.076782"><ele>1518.0</ele></trkpt>
      <trkpt lat="49.154175" lon="20.076806"><ele>1518.0</ele></trkpt>
      <trkpt lat="49.154165" lon="20.076830"><ele>1518.0</ele></trkpt>
      <trkpt lat="49.154156" lon="20.076853"><ele>1518.0</ele></trkpt>
      <trkpt lat="49.154146" lon="20.076877"><ele>1519.0</ele></trkpt>
      <trkpt lat="49.154137" lon="20.076901"><ele>1519.0</ele></trkpt>
      <trkpt lat="49.154131" lon="20.076921"><ele>1519.0</ele></trkpt>
      <trkpt lat="49.154125" lon="20.076941"><ele>1520.0</ele></trkpt>
      <trkpt lat="49.154119" lon="20.076961"><ele>1520.0</ele></trkpt>
      <trkpt lat="49.154112" lon="20.076982"><ele>1520.0</ele></trkpt>
      <trkpt lat="49.154106" lon="20.077002"><ele>1520.0</ele></trkpt>
      <trkpt lat="49.154100" lon="20.077022"><ele>1521.0</ele></trkpt>
      <trkpt lat="49.154096" lon="20.077069"><ele>1521.0</ele></trkpt>
      <trkpt lat="49.154105" lon="20.077118"><ele>1521.0</ele></trkpt>
      <trkpt lat="49.154104" lon="20.077146"><ele>1522.0</ele></trkpt>
      <trkpt lat="49.154107" lon="20.077171"><ele>1522.0</ele></trkpt>
      <trkpt lat="49.154110" lon="20.077195"><ele>1522.0</ele></trkpt>
      <trkpt lat="49.154113" lon="20.077220"><ele>1522.0</ele></trkpt>
      <trkpt lat="49.154116" lon="20.077244"><ele>1522.0</ele></trkpt>
      <trkpt lat="49.154119" lon="20.077269"><ele>1522.0</ele></trkpt>
      <trkpt lat="49.154137" lon="20.077297"><ele>1522.0</ele></trkpt>
      <trkpt lat="49.154157" lon="20.077317"><ele>1521.0</ele></trkpt>
      <trkpt lat="49.154170" lon="20.077342"><ele>1521.0</ele></trkpt>
      <trkpt lat="49.154185" lon="20.077364"><ele>1522.0</ele></trkpt>
      <trkpt lat="49.154202" lon="20.077385"><ele>1522.0</ele></trkpt>
      <trkpt lat="49.154212" lon="20.077419"><ele>1522.0</ele></trkpt>
      <trkpt lat="49.154222" lon="20.077457"><ele>1522.0</ele></trkpt>
      <trkpt lat="49.154233" lon="20.077490"><ele>1522.0</ele></trkpt>
      <trkpt lat="49.154235" lon="20.077545"><ele>1521.0</ele></trkpt>
      <trkpt lat="49.154252" lon="20.077579"><ele>1521.0</ele></trkpt>
      <trkpt lat="49.154252" lon="20.077609"><ele>1521.0</ele></trkpt>
      <trkpt lat="49.154268" lon="20.077636"><ele>1521.0</ele></trkpt>
      <trkpt lat="49.154286" lon="20.077657"><ele>1521.0</ele></trkpt>
      <trkpt lat="49.154304" lon="20.077655"><ele>1521.0</ele></trkpt>
      <trkpt lat="49.154322" lon="20.077652"><ele>1521.0</ele></trkpt>
      <trkpt lat="49.154339" lon="20.077650"><ele>1522.0</ele></trkpt>
      <trkpt lat="49.154353" lon="20.077648"><ele>1522.0</ele></trkpt>
      <trkpt lat="49.154336" lon="20.077645"><ele>1523.0</ele></trkpt>
      <trkpt lat="49.154324" lon="20.077606"><ele>1523.0</ele></trkpt>
      <trkpt lat="49.154305" lon="20.077587"><ele>1523.0</ele></trkpt>
      <trkpt lat="49.154306" lon="20.077616"><ele>1523.0</ele></trkpt>
      <trkpt lat="49.154294" lon="20.077631"><ele>1523.0</ele></trkpt>
      <trkpt lat="49.154283" lon="20.077646"><ele>1523.0</ele></trkpt>
      <trkpt lat="49.154271" lon="20.077661"><ele>1523.0</ele></trkpt>
      <trkpt lat="49.154259" lon="20.077675"><ele>1522.0</ele></trkpt>
      <trkpt lat="49.154248" lon="20.077690"><ele>1522.0</ele></trkpt>
      <trkpt lat="49.154236" lon="20.077705"><ele>1522.0</ele></trkpt>
      <trkpt lat="49.154248" lon="20.077730"><ele>1522.0</ele></trkpt>
      <trkpt lat="49.154263" lon="20.077751"><ele>1521.0</ele></trkpt>
      <trkpt lat="49.154289" lon="20.077775"><ele>1521.0</ele></trkpt>
      <trkpt lat="49.154300" lon="20.077798"><ele>1521.0</ele></trkpt>
      <trkpt lat="49.154317" lon="20.077823"><ele>1520.0</ele></trkpt>
      <trkpt lat="49.154315" lon="20.077858"><ele>1520.0</ele></trkpt>
      <trkpt lat="49.154324" lon="20.077888"><ele>1519.0</ele></trkpt>
      <trkpt lat="49.154328" lon="20.077929"><ele>1519.0</ele></trkpt>
      <trkpt lat="49.154341" lon="20.077959"><ele>1518.0</ele></trkpt>
      <trkpt lat="49.154339" lon="20.077986"><ele>1517.0</ele></trkpt>
      <trkpt lat="49.154336" lon="20.078013"><ele>1517.0</ele></trkpt>
      <trkpt lat="49.154334" lon="20.078040"><ele>1517.0</ele></trkpt>
      <trkpt lat="49.154331" lon="20.078067"><ele>1517.0</ele></trkpt>
      <trkpt lat="49.154341" lon="20.078083"><ele>1516.0</ele></trkpt>
      <trkpt lat="49.154351" lon="20.078098"><ele>1516.0</ele></trkpt>
      <trkpt lat="49.154360" lon="20.078114"><ele>1515.0</ele></trkpt>
      <trkpt lat="49.154370" lon="20.078130"><ele>1515.0</ele></trkpt>
      <trkpt lat="49.154380" lon="20.078145"><ele>1515.0</ele></trkpt>
      <trkpt lat="49.154396" lon="20.078194"><ele>1514.0</ele></trkpt>
      <trkpt lat="49.154401" lon="20.078215"><ele>1513.0</ele></trkpt>
      <trkpt lat="49.154405" lon="20.078237"><ele>1513.0</ele></trkpt>
      <trkpt lat="49.154410" lon="20.078258"><ele>1513.0</ele></trkpt>
      <trkpt lat="49.154415" lon="20.078280"><ele>1513.0</ele></trkpt>
      <trkpt lat="49.154411" lon="20.078316"><ele>1513.0</ele></trkpt>
      <trkpt lat="49.154402" lon="20.078349"><ele>1512.0</ele></trkpt>
      <trkpt lat="49.154402" lon="20.078379"><ele>1511.0</ele></trkpt>
      <trkpt lat="49.154398" lon="20.078407"><ele>1511.0</ele></trkpt>
      <trkpt lat="49.154401" lon="20.078447"><ele>1510.0</ele></trkpt>
      <trkpt lat="49.154387" lon="20.078462"><ele>1510.0</ele></trkpt>
      <trkpt lat="49.154373" lon="20.078477"><ele>1510.0</ele></trkpt>
      <trkpt lat="49.154359" lon="20.078492"><ele>1510.0</ele></trkpt>
      <trkpt lat="49.154345" lon="20.078507"><ele>1509.0</ele></trkpt>
      <trkpt lat="49.154331" lon="20.078522"><ele>1509.0</ele></trkpt>
      <trkpt lat="49.154317" lon="20.078537"><ele>1508.0</ele></trkpt>
      <trkpt lat="49.154309" lon="20.078554"><ele>1508.0</ele></trkpt>
      <trkpt lat="49.154300" lon="20.078572"><ele>1508.0</ele></trkpt>
      <trkpt lat="49.154292" lon="20.078589"><ele>1508.0</ele></trkpt>
      <trkpt lat="49.154304" lon="20.078554"><ele>1507.0</ele></trkpt>
      <trkpt lat="49.154316" lon="20.078520"><ele>1507.0</ele></trkpt>
      <trkpt lat="49.154330" lon="20.078514"><ele>1506.0</ele></trkpt>
      <trkpt lat="49.154344" lon="20.078509"><ele>1505.0</ele></trkpt>
      <trkpt lat="49.154357" lon="20.078503"><ele>1505.0</ele></trkpt>
      <trkpt lat="49.154379" lon="20.078526"><ele>1506.0</ele></trkpt>
      <trkpt lat="49.154368" lon="20.078471"><ele>1507.0</ele></trkpt>
      <trkpt lat="49.154372" lon="20.078430"><ele>1507.0</ele></trkpt>
      <trkpt lat="49.154368" lon="20.078400"><ele>1508.0</ele></trkpt>
      <trkpt lat="49.154364" lon="20.078360"><ele>1508.0</ele></trkpt>
      <trkpt lat="49.154362" lon="20.078328"><ele>1509.0</ele></trkpt>
      <trkpt lat="49.154360" lon="20.078293"><ele>1509.0</ele></trkpt>
      <trkpt lat="49.154365" lon="20.078264"><ele>1510.0</ele></trkpt>
      <trkpt lat="49.154367" lon="20.078236"><ele>1510.0</ele></trkpt>
      <trkpt lat="49.154368" lon="20.078206"><ele>1511.0</ele></trkpt>
      <trkpt lat="49.154361" lon="20.078176"><ele>1511.0</ele></trkpt>
      <trkpt lat="49.154356" lon="20.078138"><ele>1512.0</ele></trkpt>
      <trkpt lat="49.154347" lon="20.078111"><ele>1513.0</ele></trkpt>
      <trkpt lat="49.154338" lon="20.078083"><ele>1513.0</ele></trkpt>
      <trkpt lat="49.154328" lon="20.078056"><ele>1514.0</ele></trkpt>
      <trkpt lat="49.154319" lon="20.078028"><ele>1514.0</ele></trkpt>
      <trkpt lat="49.154310" lon="20.078001"><ele>1514.0</ele></trkpt>
      <trkpt lat="49.154302" lon="20.077973"><ele>1515.0</ele></trkpt>
      <trkpt lat="49.154295" lon="20.077945"><ele>1515.0</ele></trkpt>
      <trkpt lat="49.154287" lon="20.077918"><ele>1515.0</ele></trkpt>
      <trkpt lat="49.154279" lon="20.077890"><ele>1516.0</ele></trkpt>
      <trkpt lat="49.154268" lon="20.077850"><ele>1516.0</ele></trkpt>
      <trkpt lat="49.154262" lon="20.077820"><ele>1517.0</ele></trkpt>
      <trkpt lat="49.154253" lon="20.077794"><ele>1519.0</ele></trkpt>
      <trkpt lat="49.154235" lon="20.077766"><ele>1519.0</ele></trkpt>
      <trkpt lat="49.154223" lon="20.077744"><ele>1519.0</ele></trkpt>
      <trkpt lat="49.154215" lon="20.077707"><ele>1520.0</ele></trkpt>
      <trkpt lat="49.154213" lon="20.077680"><ele>1520.0</ele></trkpt>
      <trkpt lat="49.154207" lon="20.077652"><ele>1520.0</ele></trkpt>
      <trkpt lat="49.154213" lon="20.077619"><ele>1520.0</ele></trkpt>
      <trkpt lat="49.154230" lon="20.077620"><ele>1520.0</ele></trkpt>
      <trkpt lat="49.154247" lon="20.077621"><ele>1520.0</ele></trkpt>
      <trkpt lat="49.154265" lon="20.077621"><ele>1521.0</ele></trkpt>
      <trkpt lat="49.154283" lon="20.077587"><ele>1521.0</ele></trkpt>
      <trkpt lat="49.154283" lon="20.077565"><ele>1521.0</ele></trkpt>
      <trkpt lat="49.154284" lon="20.077542"><ele>1522.0</ele></trkpt>
      <trkpt lat="49.154284" lon="20.077520"><ele>1522.0</ele></trkpt>
      <trkpt lat="49.154285" lon="20.077497"><ele>1522.0</ele></trkpt>
      <trkpt lat="49.154285" lon="20.077475"><ele>1523.0</ele></trkpt>
      <trkpt lat="49.154286" lon="20.077435"><ele>1523.0</ele></trkpt>
      <trkpt lat="49.154287" lon="20.077397"><ele>1523.0</ele></trkpt>
      <trkpt lat="49.154311" lon="20.077367"><ele>1523.0</ele></trkpt>
      <trkpt lat="49.154327" lon="20.077338"><ele>1526.0</ele></trkpt>
      <trkpt lat="49.154339" lon="20.077316"><ele>1526.0</ele></trkpt>
      <trkpt lat="49.154359" lon="20.077287"><ele>1526.0</ele></trkpt>
      <trkpt lat="49.154374" lon="20.077267"><ele>1526.0</ele></trkpt>
      <trkpt lat="49.154393" lon="20.077252"><ele>1526.0</ele></trkpt>
      <trkpt lat="49.154431" lon="20.077226"><ele>1526.0</ele></trkpt>
      <trkpt lat="49.154450" lon="20.077216"><ele>1526.0</ele></trkpt>
      <trkpt lat="49.154469" lon="20.077206"><ele>1527.0</ele></trkpt>
      <trkpt lat="49.154489" lon="20.077197"><ele>1527.0</ele></trkpt>
      <trkpt lat="49.154508" lon="20.077187"><ele>1527.0</ele></trkpt>
      <trkpt lat="49.154527" lon="20.077177"><ele>1527.0</ele></trkpt>
      <trkpt lat="49.154546" lon="20.077155"><ele>1527.0</ele></trkpt>
      <trkpt lat="49.154564" lon="20.077134"><ele>1527.0</ele></trkpt>
      <trkpt lat="49.154583" lon="20.077112"><ele>1526.0</ele></trkpt>
      <trkpt lat="49.154601" lon="20.077090"><ele>1527.0</ele></trkpt>
      <trkpt lat="49.154615" lon="20.077072"><ele>1527.0</ele></trkpt>
      <trkpt lat="49.154634" lon="20.077059"><ele>1527.0</ele></trkpt>
      <trkpt lat="49.154656" lon="20.077046"><ele>1526.0</ele></trkpt>
      <trkpt lat="49.154678" lon="20.077033"><ele>1526.0</ele></trkpt>
      <trkpt lat="49.154700" lon="20.077020"><ele>1526.0</ele></trkpt>
      <trkpt lat="49.154722" lon="20.077007"><ele>1526.0</ele></trkpt>
      <trkpt lat="49.154749" lon="20.076990"><ele>1526.0</ele></trkpt>
      <trkpt lat="49.154771" lon="20.076977"><ele>1526.0</ele></trkpt>
      <trkpt lat="49.154795" lon="20.076963"><ele>1526.0</ele></trkpt>
      <trkpt lat="49.154818" lon="20.076951"><ele>1526.0</ele></trkpt>
      <trkpt lat="49.154838" lon="20.076960"><ele>1527.0</ele></trkpt>
      <trkpt lat="49.154854" lon="20.076953"><ele>1527.0</ele></trkpt>
      <trkpt lat="49.154870" lon="20.076947"><ele>1527.0</ele></trkpt>
      <trkpt lat="49.154886" lon="20.076940"><ele>1528.0</ele></trkpt>
      <trkpt lat="49.154902" lon="20.076933"><ele>1528.0</ele></trkpt>
      <trkpt lat="49.154919" lon="20.076929"><ele>1529.0</ele></trkpt>
      <trkpt lat="49.154934" lon="20.076927"><ele>1529.0</ele></trkpt>
      <trkpt lat="49.154948" lon="20.076925"><ele>1529.0</ele></trkpt>
      <trkpt lat="49.154962" lon="20.076923"><ele>1529.0</ele></trkpt>
      <trkpt lat="49.154976" lon="20.076921"><ele>1528.0</ele></trkpt>
      <trkpt lat="49.154991" lon="20.076919"><ele>1528.0</ele></trkpt>
      <trkpt lat="49.155011" lon="20.076916"><ele>1530.0</ele></trkpt>
      <trkpt lat="49.155032" lon="20.076912"><ele>1530.0</ele></trkpt>
      <trkpt lat="49.155054" lon="20.076908"><ele>1530.0</ele></trkpt>
      <trkpt lat="49.155075" lon="20.076903"><ele>1530.0</ele></trkpt>
      <trkpt lat="49.155096" lon="20.076899"><ele>1530.0</ele></trkpt>
      <trkpt lat="49.155123" lon="20.076890"><ele>1531.0</ele></trkpt>
      <trkpt lat="49.155140" lon="20.076882"><ele>1531.0</ele></trkpt>
      <trkpt lat="49.155156" lon="20.076875"><ele>1531.0</ele></trkpt>
      <trkpt lat="49.155172" lon="20.076867"><ele>1532.0</ele></trkpt>
      <trkpt lat="49.155189" lon="20.076860"><ele>1532.0</ele></trkpt>
      <trkpt lat="49.155205" lon="20.076852"><ele>1532.0</ele></trkpt>
      <trkpt lat="49.155219" lon="20.076832"><ele>1532.0</ele></trkpt>
      <trkpt lat="49.155232" lon="20.076813"><ele>1533.0</ele></trkpt>
      <trkpt lat="49.155249" lon="20.076767"><ele>1534.0</ele></trkpt>
      <trkpt lat="49.155261" lon="20.076736"><ele>1534.0</ele></trkpt>
      <trkpt lat="49.155277" lon="20.076710"><ele>1534.0</ele></trkpt>
      <trkpt lat="49.155295" lon="20.076678"><ele>1533.0</ele></trkpt>
      <trkpt lat="49.155320" lon="20.076664"><ele>1534.0</ele></trkpt>
      <trkpt lat="49.155336" lon="20.076638"><ele>1534.0</ele></trkpt>
      <trkpt lat="49.155351" lon="20.076617"><ele>1533.0</ele></trkpt>
      <trkpt lat="49.155371" lon="20.076593"><ele>1534.0</ele></trkpt>
      <trkpt lat="49.155388" lon="20.076572"><ele>1534.0</ele></trkpt>
      <trkpt lat="49.155404" lon="20.076539"><ele>1534.0</ele></trkpt>
      <trkpt lat="49.155420" lon="20.076522"><ele>1534.0</ele></trkpt>
      <trkpt lat="49.155426" lon="20.076490"><ele>1534.0</ele></trkpt>
      <trkpt lat="49.155437" lon="20.076456"><ele>1534.0</ele></trkpt>
      <trkpt lat="49.155448" lon="20.076428"><ele>1534.0</ele></trkpt>
      <trkpt lat="49.155466" lon="20.076412"><ele>1534.0</ele></trkpt>
      <trkpt lat="49.155481" lon="20.076399"><ele>1534.0</ele></trkpt>
      <trkpt lat="49.155507" lon="20.076373"><ele>1534.0</ele></trkpt>
      <trkpt lat="49.155523" lon="20.076361"><ele>1534.0</ele></trkpt>
      <trkpt lat="49.155552" lon="20.076327"><ele>1534.0</ele></trkpt>
      <trkpt lat="49.155567" lon="20.076301"><ele>1534.0</ele></trkpt>
      <trkpt lat="49.155587" lon="20.076273"><ele>1534.0</ele></trkpt>
      <trkpt lat="49.155601" lon="20.076242"><ele>1534.0</ele></trkpt>
      <trkpt lat="49.155618" lon="20.076209"><ele>1534.0</ele></trkpt>
      <trkpt lat="49.155630" lon="20.076179"><ele>1535.0</ele></trkpt>
      <trkpt lat="49.155644" lon="20.076153"><ele>1535.0</ele></trkpt>
      <trkpt lat="49.155661" lon="20.076146"><ele>1535.0</ele></trkpt>
      <trkpt lat="49.155673" lon="20.076160"><ele>1536.0</ele></trkpt>
      <trkpt lat="49.155684" lon="20.076173"><ele>1535.0</ele></trkpt>
      <trkpt lat="49.155696" lon="20.076187"><ele>1535.0</ele></trkpt>
      <trkpt lat="49.155692" lon="20.076221"><ele>1536.0</ele></trkpt>
      <trkpt lat="49.155710" lon="20.076192"><ele>1536.0</ele></trkpt>
      <trkpt lat="49.155729" lon="20.076163"><ele>1536.0</ele></trkpt>
      <trkpt lat="49.155744" lon="20.076133"><ele>1536.0</ele></trkpt>
      <trkpt lat="49.155757" lon="20.076105"><ele>1536.0</ele></trkpt>
      <trkpt lat="49.155775" lon="20.076073"><ele>1536.0</ele></trkpt>
      <trkpt lat="49.155799" lon="20.076054"><ele>1536.0</ele></trkpt>
      <trkpt lat="49.155819" lon="20.076049"><ele>1536.0</ele></trkpt>
      <trkpt lat="49.155840" lon="20.076027"><ele>1536.0</ele></trkpt>
      <trkpt lat="49.155859" lon="20.076027"><ele>1537.0</ele></trkpt>
      <trkpt lat="49.155884" lon="20.076036"><ele>1537.0</ele></trkpt>
      <trkpt lat="49.155912" lon="20.076037"><ele>1538.0</ele></trkpt>
      <trkpt lat="49.155935" lon="20.076024"><ele>1538.0</ele></trkpt>
      <trkpt lat="49.155956" lon="20.076015"><ele>1538.0</ele></trkpt>
      <trkpt lat="49.155976" lon="20.076006"><ele>1538.0</ele></trkpt>
      <trkpt lat="49.155999" lon="20.076000"><ele>1538.0</ele></trkpt>
      <trkpt lat="49.156019" lon="20.075988"><ele>1538.0</ele></trkpt>
      <trkpt lat="49.156039" lon="20.075975"><ele>1538.0</ele></trkpt>
      <trkpt lat="49.156058" lon="20.075967"><ele>1539.0</ele></trkpt>
      <trkpt lat="49.156076" lon="20.075965"><ele>1539.0</ele></trkpt>
      <trkpt lat="49.156101" lon="20.075954"><ele>1539.0</ele></trkpt>
      <trkpt lat="49.156131" lon="20.075944"><ele>1539.0</ele></trkpt>
      <trkpt lat="49.156154" lon="20.075946"><ele>1540.0</ele></trkpt>
      <trkpt lat="49.156174" lon="20.075956"><ele>1540.0</ele></trkpt>
      <trkpt lat="49.156201" lon="20.075971"><ele>1540.0</ele></trkpt>
      <trkpt lat="49.156219" lon="20.075961"><ele>1540.0</ele></trkpt>
      <trkpt lat="49.156243" lon="20.075947"><ele>1541.0</ele></trkpt>
      <trkpt lat="49.156275" lon="20.075951"><ele>1541.0</ele></trkpt>
      <trkpt lat="49.156300" lon="20.075952"><ele>1542.0</ele></trkpt>
      <trkpt lat="49.156323" lon="20.075948"><ele>1542.0</ele></trkpt>
      <trkpt lat="49.156348" lon="20.075944"><ele>1542.0</ele></trkpt>
      <trkpt lat="49.156368" lon="20.075943"><ele>1542.0</ele></trkpt>
      <trkpt lat="49.156394" lon="20.075933"><ele>1543.0</ele></trkpt>
      <trkpt lat="49.156413" lon="20.075940"><ele>1544.0</ele></trkpt>
      <trkpt lat="49.156426" lon="20.075963"><ele>1545.0</ele></trkpt>
      <trkpt lat="49.156441" lon="20.075983"><ele>1545.0</ele></trkpt>
      <trkpt lat="49.156466" lon="20.075994"><ele>1545.0</ele></trkpt>
      <trkpt lat="49.156483" lon="20.075972"><ele>1545.0</ele></trkpt>
      <trkpt lat="49.156506" lon="20.075962"><ele>1545.0</ele></trkpt>
      <trkpt lat="49.156543" lon="20.075943"><ele>1545.0</ele></trkpt>
      <trkpt lat="49.156580" lon="20.075936"><ele>1546.0</ele></trkpt>
      <trkpt lat="49.156603" lon="20.075913"><ele>1546.0</ele></trkpt>
      <trkpt lat="49.156624" lon="20.075880"><ele>1546.0</ele></trkpt>
      <trkpt lat="49.156657" lon="20.075884"><ele>1547.0</ele></trkpt>
      <trkpt lat="49.156684" lon="20.075885"><ele>1547.0</ele></trkpt>
      <trkpt lat="49.156707" lon="20.075879"><ele>1548.0</ele></trkpt>
      <trkpt lat="49.156727" lon="20.075894"><ele>1548.0</ele></trkpt>
      <trkpt lat="49.156750" lon="20.075895"><ele>1548.0</ele></trkpt>
      <trkpt lat="49.156778" lon="20.075891"><ele>1549.0</ele></trkpt>
      <trkpt lat="49.156799" lon="20.075893"><ele>1549.0</ele></trkpt>
      <trkpt lat="49.156822" lon="20.075888"><ele>1550.0</ele></trkpt>
      <trkpt lat="49.156843" lon="20.075877"><ele>1550.0</ele></trkpt>
      <trkpt lat="49.156861" lon="20.075879"><ele>1550.0</ele></trkpt>
      <trkpt lat="49.156880" lon="20.075880"><ele>1551.0</ele></trkpt>
      <trkpt lat="49.156903" lon="20.075875"><ele>1551.0</ele></trkpt>
      <trkpt lat="49.156929" lon="20.075874"><ele>1551.0</ele></trkpt>
      <trkpt lat="49.156951" lon="20.075861"><ele>1552.0</ele></trkpt>
      <trkpt lat="49.156978" lon="20.075857"><ele>1552.0</ele></trkpt>
      <trkpt lat="49.157003" lon="20.075851"><ele>1552.0</ele></trkpt>
      <trkpt lat="49.157025" lon="20.075849"><ele>1552.0</ele></trkpt>
      <trkpt lat="49.157049" lon="20.075836"><ele>1553.0</ele></trkpt>
      <trkpt lat="49.157072" lon="20.075826"><ele>1553.0</ele></trkpt>
      <trkpt lat="49.157099" lon="20.075820"><ele>1554.0</ele></trkpt>
      <trkpt lat="49.157115" lon="20.075807"><ele>1554.0</ele></trkpt>
      <trkpt lat="49.157137" lon="20.075790"><ele>1554.0</ele></trkpt>
      <trkpt lat="49.157157" lon="20.075771"><ele>1554.0</ele></trkpt>
      <trkpt lat="49.157178" lon="20.075760"><ele>1554.0</ele></trkpt>
      <trkpt lat="49.157198" lon="20.075731"><ele>1554.0</ele></trkpt>
      <trkpt lat="49.157222" lon="20.075724"><ele>1554.0</ele></trkpt>
      <trkpt lat="49.157240" lon="20.075712"><ele>1555.0</ele></trkpt>
      <trkpt lat="49.157259" lon="20.075715"><ele>1555.0</ele></trkpt>
      <trkpt lat="49.157276" lon="20.075726"><ele>1556.0</ele></trkpt>
      <trkpt lat="49.157293" lon="20.075735"><ele>1556.0</ele></trkpt>
      <trkpt lat="49.157317" lon="20.075736"><ele>1557.0</ele></trkpt>
      <trkpt lat="49.157339" lon="20.075736"><ele>1557.0</ele></trkpt>
      <trkpt lat="49.157360" lon="20.075714"><ele>1558.0</ele></trkpt>
      <trkpt lat="49.157381" lon="20.075689"><ele>1558.0</ele></trkpt>
      <trkpt lat="49.157399" lon="20.075682"><ele>1559.0</ele></trkpt>
      <trkpt lat="49.157424" lon="20.075664"><ele>1559.0</ele></trkpt>
      <trkpt lat="49.157442" lon="20.075654"><ele>1560.0</ele></trkpt>
      <trkpt lat="49.157465" lon="20.075661"><ele>1560.0</ele></trkpt>
      <trkpt lat="49.157487" lon="20.075642"><ele>1560.0</ele></trkpt>
      <trkpt lat="49.157508" lon="20.075624"><ele>1560.0</ele></trkpt>
      <trkpt lat="49.157525" lon="20.075602"><ele>1559.0</ele></trkpt>
      <trkpt lat="49.157539" lon="20.075574"><ele>1560.0</ele></trkpt>
      <trkpt lat="49.157553" lon="20.075545"><ele>1560.0</ele></trkpt>
      <trkpt lat="49.157564" lon="20.075512"><ele>1560.0</ele></trkpt>
      <trkpt lat="49.157577" lon="20.075490"><ele>1560.0</ele></trkpt>
      <trkpt lat="49.157597" lon="20.075457"><ele>1560.0</ele></trkpt>
      <trkpt lat="49.157612" lon="20.075428"><ele>1560.0</ele></trkpt>
      <trkpt lat="49.157631" lon="20.075411"><ele>1560.0</ele></trkpt>
      <trkpt lat="49.157647" lon="20.075387"><ele>1559.0</ele></trkpt>
      <trkpt lat="49.157661" lon="20.075364"><ele>1559.0</ele></trkpt>
      <trkpt lat="49.157681" lon="20.075378"><ele>1559.0</ele></trkpt>
      <trkpt lat="49.157701" lon="20.075380"><ele>1559.0</ele></trkpt>
      <trkpt lat="49.157721" lon="20.075374"><ele>1559.0</ele></trkpt>
      <trkpt lat="49.157747" lon="20.075371"><ele>1559.0</ele></trkpt>
      <trkpt lat="49.157769" lon="20.075366"><ele>1559.0</ele></trkpt>
      <trkpt lat="49.157794" lon="20.075360"><ele>1560.0</ele></trkpt>
      <trkpt lat="49.157819" lon="20.075343"><ele>1560.0</ele></trkpt>
      <trkpt lat="49.157839" lon="20.075331"><ele>1560.0</ele></trkpt>
      <trkpt lat="49.157856" lon="20.075307"><ele>1559.0</ele></trkpt>
      <trkpt lat="49.157875" lon="20.075290"><ele>1559.0</ele></trkpt>
      <trkpt lat="49.157885" lon="20.075262"><ele>1559.0</ele></trkpt>
      <trkpt lat="49.157904" lon="20.075257"><ele>1559.0</ele></trkpt>
      <trkpt lat="49.157925" lon="20.075246"><ele>1559.0</ele></trkpt>
      <trkpt lat="49.157947" lon="20.075234"><ele>1559.0</ele></trkpt>
      <trkpt lat="49.157965" lon="20.075216"><ele>1559.0</ele></trkpt>
      <trkpt lat="49.157982" lon="20.075201"><ele>1559.0</ele></trkpt>
      <trkpt lat="49.158000" lon="20.075178"><ele>1559.0</ele></trkpt>
      <trkpt lat="49.158015" lon="20.075159"><ele>1559.0</ele></trkpt>
      <trkpt lat="49.158027" lon="20.075136"><ele>1559.0</ele></trkpt>
      <trkpt lat="49.158052" lon="20.075128"><ele>1559.0</ele></trkpt>
      <trkpt lat="49.158075" lon="20.075111"><ele>1559.0</ele></trkpt>
      <trkpt lat="49.158094" lon="20.075098"><ele>1559.0</ele></trkpt>
      <trkpt lat="49.158114" lon="20.075084"><ele>1559.0</ele></trkpt>
      <trkpt lat="49.158133" lon="20.075071"><ele>1559.0</ele></trkpt>
      <trkpt lat="49.158149" lon="20.075067"><ele>1559.0</ele></trkpt>
      <trkpt lat="49.158166" lon="20.075062"><ele>1559.0</ele></trkpt>
      <trkpt lat="49.158182" lon="20.075058"><ele>1559.0</ele></trkpt>
      <trkpt lat="49.158208" lon="20.075044"><ele>1559.0</ele></trkpt>
      <trkpt lat="49.158231" lon="20.075024"><ele>1559.0</ele></trkpt>
      <trkpt lat="49.158251" lon="20.075010"><ele>1559.0</ele></trkpt>
      <trkpt lat="49.158271" lon="20.074998"><ele>1559.0</ele></trkpt>
      <trkpt lat="49.158295" lon="20.074992"><ele>1559.0</ele></trkpt>
      <trkpt lat="49.158320" lon="20.074970"><ele>1559.0</ele></trkpt>
      <trkpt lat="49.158338" lon="20.074949"><ele>1559.0</ele></trkpt>
      <trkpt lat="49.158362" lon="20.074933"><ele>1559.0</ele></trkpt>
      <trkpt lat="49.158389" lon="20.074918"><ele>1559.0</ele></trkpt>
      <trkpt lat="49.158405" lon="20.074904"><ele>1559.0</ele></trkpt>
      <trkpt lat="49.158424" lon="20.074888"><ele>1560.0</ele></trkpt>
      <trkpt lat="49.158446" lon="20.074865"><ele>1560.0</ele></trkpt>
      <trkpt lat="49.158472" lon="20.074844"><ele>1560.0</ele></trkpt>
      <trkpt lat="49.158490" lon="20.074828"><ele>1560.0</ele></trkpt>
      <trkpt lat="49.158513" lon="20.074813"><ele>1560.0</ele></trkpt>
      <trkpt lat="49.158535" lon="20.074809"><ele>1561.0</ele></trkpt>
      <trkpt lat="49.158555" lon="20.074796"><ele>1562.0</ele></trkpt>
      <trkpt lat="49.158574" lon="20.074778"><ele>1562.0</ele></trkpt>
      <trkpt lat="49.158595" lon="20.074752"><ele>1562.0</ele></trkpt>
      <trkpt lat="49.158615" lon="20.074756"><ele>1562.0</ele></trkpt>
      <trkpt lat="49.158636" lon="20.074764"><ele>1562.0</ele></trkpt>
      <trkpt lat="49.158655" lon="20.074765"><ele>1562.0</ele></trkpt>
      <trkpt lat="49.158673" lon="20.074754"><ele>1562.0</ele></trkpt>
      <trkpt lat="49.158691" lon="20.074735"><ele>1562.0</ele></trkpt>
      <trkpt lat="49.158712" lon="20.074711"><ele>1562.0</ele></trkpt>
      <trkpt lat="49.158729" lon="20.074691"><ele>1562.0</ele></trkpt>
      <trkpt lat="49.158749" lon="20.074669"><ele>1562.0</ele></trkpt>
      <trkpt lat="49.158763" lon="20.074640"><ele>1562.0</ele></trkpt>
      <trkpt lat="49.158773" lon="20.074611"><ele>1562.0</ele></trkpt>
      <trkpt lat="49.158788" lon="20.074590"><ele>1562.0</ele></trkpt>
      <trkpt lat="49.158806" lon="20.074576"><ele>1562.0</ele></trkpt>
      <trkpt lat="49.158827" lon="20.074560"><ele>1563.0</ele></trkpt>
      <trkpt lat="49.158850" lon="20.074558"><ele>1563.0</ele></trkpt>
      <trkpt lat="49.158874" lon="20.074580"><ele>1563.0</ele></trkpt>
      <trkpt lat="49.158881" lon="20.074554"><ele>1564.0</ele></trkpt>
      <trkpt lat="49.158889" lon="20.074524"><ele>1564.0</ele></trkpt>
      <trkpt lat="49.158896" lon="20.074490"><ele>1564.0</ele></trkpt>
      <trkpt lat="49.158905" lon="20.074462"><ele>1564.0</ele></trkpt>
      <trkpt lat="49.158910" lon="20.074426"><ele>1564.0</ele></trkpt>
      <trkpt lat="49.158914" lon="20.074390"><ele>1564.0</ele></trkpt>
      <trkpt lat="49.158911" lon="20.074352"><ele>1564.0</ele></trkpt>
      <trkpt lat="49.158914" lon="20.074315"><ele>1565.0</ele></trkpt>
      <trkpt lat="49.158918" lon="20.074274"><ele>1565.0</ele></trkpt>
      <trkpt lat="49.158925" lon="20.074233"><ele>1565.0</ele></trkpt>
      <trkpt lat="49.158938" lon="20.074203"><ele>1565.0</ele></trkpt>
      <trkpt lat="49.158957" lon="20.074176"><ele>1565.0</ele></trkpt>
      <trkpt lat="49.158976" lon="20.074166"><ele>1563.0</ele></trkpt>
      <trkpt lat="49.158999" lon="20.074137"><ele>1563.0</ele></trkpt>
      <trkpt lat="49.159008" lon="20.074112"><ele>1563.0</ele></trkpt>
      <trkpt lat="49.159016" lon="20.074086"><ele>1563.0</ele></trkpt>
      <trkpt lat="49.159036" lon="20.074073"><ele>1563.0</ele></trkpt>
      <trkpt lat="49.159065" lon="20.074061"><ele>1563.0</ele></trkpt>
      <trkpt lat="49.159092" lon="20.074030"><ele>1562.0</ele></trkpt>
      <trkpt lat="49.159118" lon="20.074015"><ele>1562.0</ele></trkpt>
      <trkpt lat="49.159143" lon="20.074010"><ele>1561.0</ele></trkpt>
      <trkpt lat="49.159158" lon="20.073979"><ele>1560.0</ele></trkpt>
      <trkpt lat="49.159179" lon="20.073949"><ele>1560.0</ele></trkpt>
      <trkpt lat="49.159198" lon="20.073928"><ele>1560.0</ele></trkpt>
      <trkpt lat="49.159219" lon="20.073904"><ele>1560.0</ele></trkpt>
      <trkpt lat="49.159231" lon="20.073873"><ele>1559.0</ele></trkpt>
      <trkpt lat="49.159239" lon="20.073839"><ele>1559.0</ele></trkpt>
      <trkpt lat="49.159246" lon="20.073813"><ele>1558.0</ele></trkpt>
      <trkpt lat="49.159258" lon="20.073778"><ele>1558.0</ele></trkpt>
      <trkpt lat="49.159268" lon="20.073755"><ele>1558.0</ele></trkpt>
      <trkpt lat="49.159280" lon="20.073722"><ele>1558.0</ele></trkpt>
      <trkpt lat="49.159294" lon="20.073700"><ele>1558.0</ele></trkpt>
      <trkpt lat="49.159302" lon="20.073674"><ele>1558.0</ele></trkpt>
      <trkpt lat="49.159317" lon="20.073645"><ele>1558.0</ele></trkpt>
      <trkpt lat="49.159307" lon="20.073620"><ele>1557.0</ele></trkpt>
      <trkpt lat="49.159322" lon="20.073586"><ele>1557.0</ele></trkpt>
      <trkpt lat="49.159340" lon="20.073553"><ele>1557.0</ele></trkpt>
      <trkpt lat="49.159356" lon="20.073527"><ele>1557.0</ele></trkpt>
      <trkpt lat="49.159376" lon="20.073515"><ele>1557.0</ele></trkpt>
      <trkpt lat="49.159400" lon="20.073515"><ele>1557.0</ele></trkpt>
      <trkpt lat="49.159423" lon="20.073524"><ele>1558.0</ele></trkpt>
      <trkpt lat="49.159444" lon="20.073524"><ele>1558.0</ele></trkpt>
      <trkpt lat="49.159466" lon="20.073515"><ele>1558.0</ele></trkpt>
      <trkpt lat="49.159490" lon="20.073501"><ele>1558.0</ele></trkpt>
      <trkpt lat="49.159511" lon="20.073484"><ele>1558.0</ele></trkpt>
      <trkpt lat="49.159529" lon="20.073479"><ele>1558.0</ele></trkpt>
      <trkpt lat="49.159553" lon="20.073472"><ele>1559.0</ele></trkpt>
      <trkpt lat="49.159572" lon="20.073459"><ele>1559.0</ele></trkpt>
      <trkpt lat="49.159588" lon="20.073445"><ele>1559.0</ele></trkpt>
      <trkpt lat="49.159605" lon="20.073419"><ele>1559.0</ele></trkpt>
      <trkpt lat="49.159625" lon="20.073395"><ele>1559.0</ele></trkpt>
      <trkpt lat="49.159647" lon="20.073392"><ele>1560.0</ele></trkpt>
      <trkpt lat="49.159669" lon="20.073393"><ele>1560.0</ele></trkpt>
      <trkpt lat="49.159694" lon="20.073385"><ele>1560.0</ele></trkpt>
      <trkpt lat="49.159712" lon="20.073382"><ele>1560.0</ele></trkpt>
      <trkpt lat="49.159730" lon="20.073366"><ele>1561.0</ele></trkpt>
      <trkpt lat="49.159752" lon="20.073348"><ele>1562.0</ele></trkpt>
      <trkpt lat="49.159770" lon="20.073341"><ele>1563.0</ele></trkpt>
      <trkpt lat="49.159793" lon="20.073349"><ele>1563.0</ele></trkpt>
      <trkpt lat="49.159820" lon="20.073344"><ele>1564.0</ele></trkpt>
      <trkpt lat="49.159846" lon="20.073344"><ele>1565.0</ele></trkpt>
      <trkpt lat="49.159868" lon="20.073332"><ele>1565.0</ele></trkpt>
      <trkpt lat="49.159888" lon="20.073319"><ele>1565.0</ele></trkpt>
      <trkpt lat="49.159912" lon="20.073300"><ele>1566.0</ele></trkpt>
      <trkpt lat="49.159928" lon="20.073285"><ele>1567.0</ele></trkpt>
      <trkpt lat="49.159946" lon="20.073290"><ele>1567.0</ele></trkpt>
      <trkpt lat="49.159966" lon="20.073296"><ele>1567.0</ele></trkpt>
      <trkpt lat="49.159985" lon="20.073297"><ele>1568.0</ele></trkpt>
      <trkpt lat="49.160011" lon="20.073295"><ele>1569.0</ele></trkpt>
      <trkpt lat="49.160031" lon="20.073303"><ele>1569.0</ele></trkpt>
      <trkpt lat="49.160049" lon="20.073315"><ele>1569.0</ele></trkpt>
      <trkpt lat="49.160070" lon="20.073326"><ele>1569.0</ele></trkpt>
      <trkpt lat="49.160093" lon="20.073327"><ele>1570.0</ele></trkpt>
      <trkpt lat="49.160111" lon="20.073328"><ele>1570.0</ele></trkpt>
      <trkpt lat="49.160121" lon="20.073357"><ele>1571.0</ele></trkpt>
      <trkpt lat="49.160145" lon="20.073368"><ele>1571.0</ele></trkpt>
      <trkpt lat="49.160168" lon="20.073357"><ele>1571.0</ele></trkpt>
      <trkpt lat="49.160192" lon="20.073353"><ele>1571.0</ele></trkpt>
      <trkpt lat="49.160215" lon="20.073338"><ele>1572.0</ele></trkpt>
      <trkpt lat="49.160233" lon="20.073326"><ele>1571.0</ele></trkpt>
      <trkpt lat="49.160251" lon="20.073316"><ele>1571.0</ele></trkpt>
      <trkpt lat="49.160281" lon="20.073316"><ele>1571.0</ele></trkpt>
      <trkpt lat="49.160303" lon="20.073321"><ele>1571.0</ele></trkpt>
      <trkpt lat="49.160332" lon="20.073310"><ele>1572.0</ele></trkpt>
      <trkpt lat="49.160355" lon="20.073290"><ele>1572.0</ele></trkpt>
      <trkpt lat="49.160369" lon="20.073263"><ele>1573.0</ele></trkpt>
      <trkpt lat="49.160385" lon="20.073242"><ele>1573.0</ele></trkpt>
      <trkpt lat="49.160402" lon="20.073218"><ele>1574.0</ele></trkpt>
      <trkpt lat="49.160419" lon="20.073202"><ele>1575.0</ele></trkpt>
      <trkpt lat="49.160444" lon="20.073180"><ele>1575.0</ele></trkpt>
      <trkpt lat="49.160461" lon="20.073163"><ele>1576.0</ele></trkpt>
      <trkpt lat="49.160482" lon="20.073149"><ele>1576.0</ele></trkpt>
      <trkpt lat="49.160504" lon="20.073138"><ele>1576.0</ele></trkpt>
      <trkpt lat="49.160519" lon="20.073119"><ele>1576.0</ele></trkpt>
      <trkpt lat="49.160538" lon="20.073085"><ele>1577.0</ele></trkpt>
      <trkpt lat="49.160554" lon="20.073068"><ele>1578.0</ele></trkpt>
      <trkpt lat="49.160579" lon="20.073059"><ele>1578.0</ele></trkpt>
      <trkpt lat="49.160604" lon="20.073062"><ele>1578.0</ele></trkpt>
      <trkpt lat="49.160624" lon="20.073058"><ele>1579.0</ele></trkpt>
      <trkpt lat="49.160644" lon="20.073040"><ele>1579.0</ele></trkpt>
      <trkpt lat="49.160670" lon="20.073037"><ele>1579.0</ele></trkpt>
      <trkpt lat="49.160698" lon="20.073037"><ele>1579.0</ele></trkpt>
      <trkpt lat="49.160715" lon="20.073022"><ele>1579.0</ele></trkpt>
      <trkpt lat="49.160736" lon="20.073000"><ele>1580.0</ele></trkpt>
      <trkpt lat="49.160754" lon="20.072995"><ele>1581.0</ele></trkpt>
      <trkpt lat="49.160767" lon="20.072973"><ele>1581.0</ele></trkpt>
      <trkpt lat="49.160777" lon="20.072944"><ele>1581.0</ele></trkpt>
      <trkpt lat="49.160790" lon="20.072917"><ele>1581.0</ele></trkpt>
      <trkpt lat="49.160807" lon="20.072892"><ele>1580.0</ele></trkpt>
      <trkpt lat="49.160821" lon="20.072865"><ele>1580.0</ele></trkpt>
      <trkpt lat="49.160839" lon="20.072847"><ele>1579.0</ele></trkpt>
      <trkpt lat="49.160856" lon="20.072835"><ele>1579.0</ele></trkpt>
      <trkpt lat="49.160869" lon="20.072814"><ele>1580.0</ele></trkpt>
      <trkpt lat="49.160887" lon="20.072791"><ele>1580.0</ele></trkpt>
      <trkpt lat="49.160910" lon="20.072768"><ele>1580.0</ele></trkpt>
      <trkpt lat="49.160933" lon="20.072764"><ele>1580.0</ele></trkpt>
      <trkpt lat="49.160953" lon="20.072751"><ele>1580.0</ele></trkpt>
      <trkpt lat="49.160969" lon="20.072736"><ele>1580.0</ele></trkpt>
      <trkpt lat="49.160986" lon="20.072722"><ele>1580.0</ele></trkpt>
      <trkpt lat="49.161007" lon="20.072698"><ele>1580.0</ele></trkpt>
      <trkpt lat="49.161021" lon="20.072679"><ele>1581.0</ele></trkpt>
      <trkpt lat="49.161042" lon="20.072652"><ele>1581.0</ele></trkpt>
      <trkpt lat="49.161061" lon="20.072634"><ele>1581.0</ele></trkpt>
      <trkpt lat="49.161076" lon="20.072606"><ele>1581.0</ele></trkpt>
      <trkpt lat="49.161094" lon="20.072576"><ele>1581.0</ele></trkpt>
      <trkpt lat="49.161108" lon="20.072551"><ele>1582.0</ele></trkpt>
      <trkpt lat="49.161125" lon="20.072534"><ele>1581.0</ele></trkpt>
      <trkpt lat="49.161138" lon="20.072508"><ele>1582.0</ele></trkpt>
      <trkpt lat="49.161161" lon="20.072488"><ele>1581.0</ele></trkpt>
      <trkpt lat="49.161184" lon="20.072475"><ele>1583.0</ele></trkpt>
      <trkpt lat="49.161207" lon="20.072467"><ele>1583.0</ele></trkpt>
      <trkpt lat="49.161228" lon="20.072461"><ele>1584.0</ele></trkpt>
      <trkpt lat="49.161250" lon="20.072443"><ele>1584.0</ele></trkpt>
      <trkpt lat="49.161270" lon="20.072424"><ele>1584.0</ele></trkpt>
      <trkpt lat="49.161285" lon="20.072408"><ele>1586.0</ele></trkpt>
      <trkpt lat="49.161303" lon="20.072399"><ele>1587.0</ele></trkpt>
      <trkpt lat="49.161325" lon="20.072407"><ele>1587.0</ele></trkpt>
      <trkpt lat="49.161347" lon="20.072415"><ele>1588.0</ele></trkpt>
      <trkpt lat="49.161369" lon="20.072424"><ele>1589.0</ele></trkpt>
      <trkpt lat="49.161391" lon="20.072432"><ele>1589.0</ele></trkpt>
      <trkpt lat="49.161407" lon="20.072425"><ele>1589.0</ele></trkpt>
      <trkpt lat="49.161422" lon="20.072417"><ele>1589.0</ele></trkpt>
      <trkpt lat="49.161438" lon="20.072410"><ele>1589.0</ele></trkpt>
      <trkpt lat="49.161454" lon="20.072403"><ele>1590.0</ele></trkpt>
      <trkpt lat="49.161469" lon="20.072396"><ele>1590.0</ele></trkpt>
      <trkpt lat="49.161498" lon="20.072375"><ele>1590.0</ele></trkpt>
      <trkpt lat="49.161515" lon="20.072366"><ele>1591.0</ele></trkpt>
      <trkpt lat="49.161537" lon="20.072343"><ele>1591.0</ele></trkpt>
      <trkpt lat="49.161563" lon="20.072337"><ele>1591.0</ele></trkpt>
      <trkpt lat="49.161578" lon="20.072326"><ele>1592.0</ele></trkpt>
      <trkpt lat="49.161594" lon="20.072316"><ele>1592.0</ele></trkpt>
      <trkpt lat="49.161609" lon="20.072305"><ele>1592.0</ele></trkpt>
      <trkpt lat="49.161628" lon="20.072284"><ele>1592.0</ele></trkpt>
      <trkpt lat="49.161642" lon="20.072262"><ele>1592.0</ele></trkpt>
      <trkpt lat="49.161665" lon="20.072244"><ele>1593.0</ele></trkpt>
      <trkpt lat="49.161682" lon="20.072229"><ele>1593.0</ele></trkpt>
      <trkpt lat="49.161711" lon="20.072197"><ele>1593.0</ele></trkpt>
      <trkpt lat="49.161728" lon="20.072179"><ele>1593.0</ele></trkpt>
      <trkpt lat="49.161743" lon="20.072158"><ele>1593.0</ele></trkpt>
      <trkpt lat="49.161765" lon="20.072152"><ele>1594.0</ele></trkpt>
      <trkpt lat="49.161783" lon="20.072157"><ele>1595.0</ele></trkpt>
      <trkpt lat="49.161805" lon="20.072159"><ele>1595.0</ele></trkpt>
      <trkpt lat="49.161826" lon="20.072161"><ele>1595.0</ele></trkpt>
      <trkpt lat="49.161846" lon="20.072144"><ele>1596.0</ele></trkpt>
      <trkpt lat="49.161866" lon="20.072135"><ele>1596.0</ele></trkpt>
      <trkpt lat="49.161885" lon="20.072110"><ele>1597.0</ele></trkpt>
      <trkpt lat="49.161905" lon="20.072093"><ele>1597.0</ele></trkpt>
      <trkpt lat="49.161924" lon="20.072084"><ele>1597.0</ele></trkpt>
      <trkpt lat="49.161948" lon="20.072077"><ele>1598.0</ele></trkpt>
      <trkpt lat="49.161965" lon="20.072061"><ele>1598.0</ele></trkpt>
      <trkpt lat="49.161982" lon="20.072046"><ele>1598.0</ele></trkpt>
      <trkpt lat="49.162004" lon="20.072034"><ele>1599.0</ele></trkpt>
      <trkpt lat="49.162020" lon="20.072011"><ele>1599.0</ele></trkpt>
      <trkpt lat="49.162042" lon="20.071999"><ele>1600.0</ele></trkpt>
      <trkpt lat="49.162056" lon="20.071978"><ele>1600.0</ele></trkpt>
      <trkpt lat="49.162075" lon="20.071961"><ele>1601.0</ele></trkpt>
      <trkpt lat="49.162090" lon="20.071945"><ele>1602.0</ele></trkpt>
      <trkpt lat="49.162107" lon="20.071929"><ele>1602.0</ele></trkpt>
      <trkpt lat="49.162125" lon="20.071916"><ele>1603.0</ele></trkpt>
      <trkpt lat="49.162148" lon="20.071908"><ele>1603.0</ele></trkpt>
      <trkpt lat="49.162164" lon="20.071885"><ele>1604.0</ele></trkpt>
      <trkpt lat="49.162189" lon="20.071866"><ele>1605.0</ele></trkpt>
      <trkpt lat="49.162211" lon="20.071864"><ele>1605.0</ele></trkpt>
      <trkpt lat="49.162237" lon="20.071868"><ele>1606.0</ele></trkpt>
      <trkpt lat="49.162260" lon="20.071884"><ele>1606.0</ele></trkpt>
      <trkpt lat="49.162284" lon="20.071895"><ele>1607.0</ele></trkpt>
      <trkpt lat="49.162301" lon="20.071888"><ele>1607.0</ele></trkpt>
      <trkpt lat="49.162329" lon="20.071888"><ele>1608.0</ele></trkpt>
      <trkpt lat="49.162354" lon="20.071906"><ele>1608.0</ele></trkpt>
      <trkpt lat="49.162376" lon="20.071917"><ele>1610.0</ele></trkpt>
      <trkpt lat="49.162398" lon="20.071921"><ele>1610.0</ele></trkpt>
      <trkpt lat="49.162423" lon="20.071922"><ele>1611.0</ele></trkpt>
      <trkpt lat="49.162444" lon="20.071909"><ele>1612.0</ele></trkpt>
      <trkpt lat="49.162455" lon="20.071895"><ele>1612.0</ele></trkpt>
      <trkpt lat="49.162467" lon="20.071880"><ele>1613.0</ele></trkpt>
      <trkpt lat="49.162478" lon="20.071866"><ele>1613.0</ele></trkpt>
      <trkpt lat="49.162498" lon="20.071860"><ele>1613.0</ele></trkpt>
      <trkpt lat="49.162509" lon="20.071835"><ele>1612.0</ele></trkpt>
      <trkpt lat="49.162514" lon="20.071807"><ele>1612.0</ele></trkpt>
      <trkpt lat="49.162519" lon="20.071770"><ele>1613.0</ele></trkpt>
      <trkpt lat="49.162515" lon="20.071742"><ele>1613.0</ele></trkpt>
      <trkpt lat="49.162510" lon="20.071705"><ele>1612.0</ele></trkpt>
      <trkpt lat="49.162506" lon="20.071672"><ele>1613.0</ele></trkpt>
      <trkpt lat="49.162521" lon="20.071654"><ele>1614.0</ele></trkpt>
      <trkpt lat="49.162540" lon="20.071639"><ele>1614.0</ele></trkpt>
      <trkpt lat="49.162562" lon="20.071643"><ele>1616.0</ele></trkpt>
      <trkpt lat="49.162587" lon="20.071638"><ele>1616.0</ele></trkpt>
      <trkpt lat="49.162607" lon="20.071625"><ele>1616.0</ele></trkpt>
      <trkpt lat="49.162625" lon="20.071599"><ele>1616.0</ele></trkpt>
      <trkpt lat="49.162639" lon="20.071576"><ele>1616.0</ele></trkpt>
      <trkpt lat="49.162659" lon="20.071544"><ele>1616.0</ele></trkpt>
      <trkpt lat="49.162674" lon="20.071519"><ele>1616.0</ele></trkpt>
      <trkpt lat="49.162690" lon="20.071499"><ele>1616.0</ele></trkpt>
      <trkpt lat="49.162710" lon="20.071480"><ele>1616.0</ele></trkpt>
      <trkpt lat="49.162729" lon="20.071474"><ele>1616.0</ele></trkpt>
      <trkpt lat="49.162746" lon="20.071469"><ele>1617.0</ele></trkpt>
      <trkpt lat="49.162763" lon="20.071455"><ele>1617.0</ele></trkpt>
      <trkpt lat="49.162786" lon="20.071432"><ele>1618.0</ele></trkpt>
      <trkpt lat="49.162797" lon="20.071405"><ele>1618.0</ele></trkpt>
      <trkpt lat="49.162806" lon="20.071378"><ele>1618.0</ele></trkpt>
      <trkpt lat="49.162815" lon="20.071346"><ele>1619.0</ele></trkpt>
      <trkpt lat="49.162822" lon="20.071320"><ele>1619.0</ele></trkpt>
      <trkpt lat="49.162840" lon="20.071304"><ele>1619.0</ele></trkpt>
      <trkpt lat="49.162857" lon="20.071279"><ele>1619.0</ele></trkpt>
      <trkpt lat="49.162880" lon="20.071277"><ele>1620.0</ele></trkpt>
      <trkpt lat="49.162904" lon="20.071277"><ele>1620.0</ele></trkpt>
      <trkpt lat="49.162928" lon="20.071260"><ele>1621.0</ele></trkpt>
      <trkpt lat="49.162945" lon="20.071235"><ele>1621.0</ele></trkpt>
      <trkpt lat="49.162961" lon="20.071217"><ele>1622.0</ele></trkpt>
      <trkpt lat="49.162974" lon="20.071196"><ele>1622.0</ele></trkpt>
      <trkpt lat="49.162992" lon="20.071166"><ele>1622.0</ele></trkpt>
      <trkpt lat="49.163004" lon="20.071135"><ele>1623.0</ele></trkpt>
      <trkpt lat="49.163024" lon="20.071099"><ele>1623.0</ele></trkpt>
      <trkpt lat="49.163044" lon="20.071079"><ele>1624.0</ele></trkpt>
      <trkpt lat="49.163064" lon="20.071056"><ele>1624.0</ele></trkpt>
      <trkpt lat="49.163083" lon="20.071043"><ele>1625.0</ele></trkpt>
      <trkpt lat="49.163105" lon="20.071027"><ele>1625.0</ele></trkpt>
      <trkpt lat="49.163133" lon="20.071012"><ele>1626.0</ele></trkpt>
      <trkpt lat="49.163155" lon="20.071001"><ele>1626.0</ele></trkpt>
      <trkpt lat="49.163176" lon="20.070999"><ele>1626.0</ele></trkpt>
      <trkpt lat="49.163199" lon="20.071006"><ele>1627.0</ele></trkpt>
      <trkpt lat="49.163220" lon="20.071022"><ele>1627.0</ele></trkpt>
      <trkpt lat="49.163234" lon="20.071040"><ele>1628.0</ele></trkpt>
      <trkpt lat="49.163237" lon="20.071071"><ele>1630.0</ele></trkpt>
      <trkpt lat="49.163256" lon="20.071085"><ele>1631.0</ele></trkpt>
      <trkpt lat="49.163276" lon="20.071085"><ele>1632.0</ele></trkpt>
      <trkpt lat="49.163305" lon="20.071072"><ele>1632.0</ele></trkpt>
      <trkpt lat="49.163329" lon="20.071071"><ele>1632.0</ele></trkpt>
      <trkpt lat="49.163348" lon="20.071081"><ele>1633.0</ele></trkpt>
      <trkpt lat="49.163370" lon="20.071107"><ele>1634.0</ele></trkpt>
      <trkpt lat="49.163382" lon="20.071132"><ele>1634.0</ele></trkpt>
      <trkpt lat="49.163394" lon="20.071157"><ele>1634.0</ele></trkpt>
      <trkpt lat="49.163432" lon="20.071151"><ele>1635.0</ele></trkpt>
      <trkpt lat="49.163455" lon="20.071156"><ele>1636.0</ele></trkpt>
      <trkpt lat="49.163477" lon="20.071151"><ele>1636.0</ele></trkpt>
      <trkpt lat="49.163495" lon="20.071145"><ele>1636.0</ele></trkpt>
      <trkpt lat="49.163521" lon="20.071143"><ele>1637.0</ele></trkpt>
      <trkpt lat="49.163554" lon="20.071145"><ele>1638.0</ele></trkpt>
      <trkpt lat="49.163580" lon="20.071147"><ele>1638.0</ele></trkpt>
      <trkpt lat="49.163601" lon="20.071152"><ele>1640.0</ele></trkpt>
      <trkpt lat="49.163618" lon="20.071173"><ele>1640.0</ele></trkpt>
      <trkpt lat="49.163629" lon="20.071196"><ele>1640.0</ele></trkpt>
      <trkpt lat="49.163637" lon="20.071214"><ele>1640.0</ele></trkpt>
      <trkpt lat="49.163646" lon="20.071232"><ele>1641.0</ele></trkpt>
      <trkpt lat="49.163654" lon="20.071250"><ele>1642.0</ele></trkpt>
      <trkpt lat="49.163663" lon="20.071268"><ele>1642.0</ele></trkpt>
      <trkpt lat="49.163671" lon="20.071286"><ele>1643.0</ele></trkpt>
      <trkpt lat="49.163680" lon="20.071304"><ele>1645.0</ele></trkpt>
      <trkpt lat="49.163691" lon="20.071326"><ele>1645.0</ele></trkpt>
      <trkpt lat="49.163704" lon="20.071352"><ele>1645.0</ele></trkpt>
      <trkpt lat="49.163717" lon="20.071378"><ele>1645.0</ele></trkpt>
      <trkpt lat="49.163731" lon="20.071404"><ele>1646.0</ele></trkpt>
      <trkpt lat="49.163744" lon="20.071430"><ele>1646.0</ele></trkpt>
      <trkpt lat="49.163757" lon="20.071444"><ele>1647.0</ele></trkpt>
      <trkpt lat="49.163770" lon="20.071459"><ele>1648.0</ele></trkpt>
      <trkpt lat="49.163783" lon="20.071473"><ele>1648.0</ele></trkpt>
      <trkpt lat="49.163796" lon="20.071488"><ele>1649.0</ele></trkpt>
      <trkpt lat="49.163820" lon="20.071490"><ele>1648.0</ele></trkpt>
      <trkpt lat="49.163851" lon="20.071488"><ele>1649.0</ele></trkpt>
      <trkpt lat="49.163876" lon="20.071489"><ele>1649.0</ele></trkpt>
      <trkpt lat="49.163904" lon="20.071491"><ele>1649.0</ele></trkpt>
      <trkpt lat="49.163927" lon="20.071490"><ele>1649.0</ele></trkpt>
      <trkpt lat="49.163950" lon="20.071490"><ele>1650.0</ele></trkpt>
      <trkpt lat="49.163972" lon="20.071489"><ele>1650.0</ele></trkpt>
      <trkpt lat="49.163995" lon="20.071488"><ele>1650.0</ele></trkpt>
      <trkpt lat="49.164009" lon="20.071468"><ele>1650.0</ele></trkpt>
      <trkpt lat="49.164024" lon="20.071442"><ele>1650.0</ele></trkpt>
      <trkpt lat="49.164041" lon="20.071428"><ele>1650.0</ele></trkpt>
      <trkpt lat="49.164063" lon="20.071412"><ele>1650.0</ele></trkpt>
      <trkpt lat="49.164080" lon="20.071399"><ele>1651.0</ele></trkpt>
      <trkpt lat="49.164100" lon="20.071392"><ele>1651.0</ele></trkpt>
      <trkpt lat="49.164120" lon="20.071386"><ele>1651.0</ele></trkpt>
      <trkpt lat="49.164144" lon="20.071380"><ele>1651.0</ele></trkpt>
      <trkpt lat="49.164171" lon="20.071372"><ele>1650.0</ele></trkpt>
      <trkpt lat="49.164196" lon="20.071357"><ele>1651.0</ele></trkpt>
      <trkpt lat="49.164216" lon="20.071349"><ele>1651.0</ele></trkpt>
      <trkpt lat="49.164241" lon="20.071336"><ele>1651.0</ele></trkpt>
      <trkpt lat="49.164267" lon="20.071329"><ele>1651.0</ele></trkpt>
      <trkpt lat="49.164294" lon="20.071306"><ele>1652.0</ele></trkpt>
      <trkpt lat="49.164314" lon="20.071284"><ele>1652.0</ele></trkpt>
      <trkpt lat="49.164327" lon="20.071247"><ele>1652.0</ele></trkpt>
      <trkpt lat="49.164332" lon="20.071218"><ele>1652.0</ele></trkpt>
      <trkpt lat="49.164343" lon="20.071184"><ele>1652.0</ele></trkpt>
      <trkpt lat="49.164355" lon="20.071159"><ele>1652.0</ele></trkpt>
      <trkpt lat="49.164366" lon="20.071138"><ele>1651.0</ele></trkpt>
      <trkpt lat="49.164391" lon="20.071119"><ele>1651.0</ele></trkpt>
      <trkpt lat="49.164408" lon="20.071098"><ele>1651.0</ele></trkpt>
      <trkpt lat="49.164420" lon="20.071074"><ele>1651.0</ele></trkpt>
      <trkpt lat="49.164432" lon="20.071044"><ele>1651.0</ele></trkpt>
      <trkpt lat="49.164449" lon="20.071010"><ele>1651.0</ele></trkpt>
      <trkpt lat="49.164465" lon="20.070968"><ele>1651.0</ele></trkpt>
      <trkpt lat="49.164476" lon="20.070939"><ele>1651.0</ele></trkpt>
      <trkpt lat="49.164493" lon="20.070906"><ele>1651.0</ele></trkpt>
      <trkpt lat="49.164510" lon="20.070890"><ele>1651.0</ele></trkpt>
      <trkpt lat="49.164535" lon="20.070880"><ele>1651.0</ele></trkpt>
      <trkpt lat="49.164556" lon="20.070876"><ele>1651.0</ele></trkpt>
      <trkpt lat="49.164578" lon="20.070879"><ele>1651.0</ele></trkpt>
      <trkpt lat="49.164600" lon="20.070873"><ele>1651.0</ele></trkpt>
      <trkpt lat="49.164621" lon="20.070866"><ele>1651.0</ele></trkpt>
      <trkpt lat="49.164642" lon="20.070857"><ele>1651.0</ele></trkpt>
      <trkpt lat="49.164667" lon="20.070855"><ele>1651.0</ele></trkpt>
      <trkpt lat="49.164690" lon="20.070860"><ele>1651.0</ele></trkpt>
      <trkpt lat="49.164712" lon="20.070866"><ele>1651.0</ele></trkpt>
      <trkpt lat="49.164736" lon="20.070876"><ele>1651.0</ele></trkpt>
      <trkpt lat="49.164761" lon="20.070889"><ele>1651.0</ele></trkpt>
      <trkpt lat="49.164783" lon="20.070895"><ele>1651.0</ele></trkpt>
      <trkpt lat="49.164809" lon="20.070910"><ele>1651.0</ele></trkpt>
      <trkpt lat="49.164836" lon="20.070913"><ele>1651.0</ele></trkpt>
      <trkpt lat="49.164860" lon="20.070929"><ele>1651.0</ele></trkpt>
      <trkpt lat="49.164869" lon="20.070953"><ele>1651.0</ele></trkpt>
      <trkpt lat="49.164884" lon="20.070980"><ele>1651.0</ele></trkpt>
      <trkpt lat="49.164906" lon="20.070997"><ele>1651.0</ele></trkpt>
      <trkpt lat="49.164927" lon="20.071023"><ele>1652.0</ele></trkpt>
      <trkpt lat="49.164942" lon="20.071038"><ele>1652.0</ele></trkpt>
      <trkpt lat="49.164936" lon="20.071012"><ele>1655.0</ele></trkpt>
      <trkpt lat="49.164939" lon="20.071042"><ele>1654.0</ele></trkpt>
      <trkpt lat="49.164940" lon="20.071076"><ele>1654.0</ele></trkpt>
      <trkpt lat="49.164941" lon="20.071113"><ele>1654.0</ele></trkpt>
      <trkpt lat="49.164939" lon="20.071143"><ele>1655.0</ele></trkpt>
      <trkpt lat="49.164947" lon="20.071180"><ele>1655.0</ele></trkpt>
      <trkpt lat="49.164956" lon="20.071208"><ele>1655.0</ele></trkpt>
      <trkpt lat="49.164966" lon="20.071232"><ele>1655.0</ele></trkpt>
      <trkpt lat="49.164975" lon="20.071258"><ele>1655.0</ele></trkpt>
      <trkpt lat="49.164981" lon="20.071292"><ele>1655.0</ele></trkpt>
      <trkpt lat="49.164988" lon="20.071322"><ele>1655.0</ele></trkpt>
      <trkpt lat="49.165004" lon="20.071341"><ele>1657.0</ele></trkpt>
      <trkpt lat="49.165019" lon="20.071361"><ele>1657.0</ele></trkpt>
      <trkpt lat="49.165030" lon="20.071374"><ele>1657.0</ele></trkpt>
      <trkpt lat="49.165045" lon="20.071393"><ele>1657.0</ele></trkpt>
      <trkpt lat="49.165056" lon="20.071406"><ele>1657.0</ele></trkpt>
      <trkpt lat="49.165068" lon="20.071420"><ele>1657.0</ele></trkpt>
      <trkpt lat="49.165082" lon="20.071434"><ele>1657.0</ele></trkpt>
      <trkpt lat="49.165095" lon="20.071449"><ele>1657.0</ele></trkpt>
      <trkpt lat="49.165111" lon="20.071482"><ele>1657.0</ele></trkpt>
      <trkpt lat="49.165122" lon="20.071503"><ele>1659.0</ele></trkpt>
      <trkpt lat="49.165132" lon="20.071529"><ele>1659.0</ele></trkpt>
      <trkpt lat="49.165148" lon="20.071553"><ele>1659.0</ele></trkpt>
      <trkpt lat="49.165165" lon="20.071575"><ele>1659.0</ele></trkpt>
      <trkpt lat="49.165179" lon="20.071595"><ele>1659.0</ele></trkpt>
      <trkpt lat="49.165198" lon="20.071616"><ele>1659.0</ele></trkpt>
      <trkpt lat="49.165212" lon="20.071641"><ele>1659.0</ele></trkpt>
      <trkpt lat="49.165221" lon="20.071660"><ele>1659.0</ele></trkpt>
      <trkpt lat="49.165231" lon="20.071680"><ele>1659.0</ele></trkpt>
      <trkpt lat="49.165240" lon="20.071699"><ele>1660.0</ele></trkpt>
      <trkpt lat="49.165249" lon="20.071719"><ele>1661.0</ele></trkpt>
      <trkpt lat="49.165274" lon="20.071740"><ele>1660.0</ele></trkpt>
      <trkpt lat="49.165290" lon="20.071748"><ele>1661.0</ele></trkpt>
      <trkpt lat="49.165307" lon="20.071756"><ele>1661.0</ele></trkpt>
      <trkpt lat="49.165323" lon="20.071765"><ele>1661.0</ele></trkpt>
      <trkpt lat="49.165339" lon="20.071773"><ele>1660.0</ele></trkpt>
      <trkpt lat="49.165371" lon="20.071765"><ele>1662.0</ele></trkpt>
      <trkpt lat="49.165392" lon="20.071761"><ele>1663.0</ele></trkpt>
      <trkpt lat="49.165409" lon="20.071774"><ele>1663.0</ele></trkpt>
      <trkpt lat="49.165434" lon="20.071794"><ele>1663.0</ele></trkpt>
      <trkpt lat="49.165470" lon="20.071807"><ele>1663.0</ele></trkpt>
      <trkpt lat="49.165488" lon="20.071814"><ele>1664.0</ele></trkpt>
      <trkpt lat="49.165512" lon="20.071820"><ele>1664.0</ele></trkpt>
      <trkpt lat="49.165527" lon="20.071849"><ele>1665.0</ele></trkpt>
      <trkpt lat="49.165535" lon="20.071881"><ele>1665.0</ele></trkpt>
      <trkpt lat="49.165544" lon="20.071914"><ele>1666.0</ele></trkpt>
      <trkpt lat="49.165550" lon="20.071971"><ele>1667.0</ele></trkpt>
      <trkpt lat="49.165561" lon="20.071994"><ele>1668.0</ele></trkpt>
      <trkpt lat="49.165582" lon="20.072011"><ele>1668.0</ele></trkpt>
      <trkpt lat="49.165595" lon="20.072018"><ele>1668.0</ele></trkpt>
      <trkpt lat="49.165612" lon="20.072028"><ele>1669.0</ele></trkpt>
      <trkpt lat="49.165617" lon="20.072069"><ele>1671.0</ele></trkpt>
      <trkpt lat="49.165626" lon="20.072101"><ele>1671.0</ele></trkpt>
      <trkpt lat="49.165624" lon="20.072145"><ele>1671.0</ele></trkpt>
      <trkpt lat="49.165622" lon="20.072177"><ele>1671.0</ele></trkpt>
      <trkpt lat="49.165616" lon="20.072215"><ele>1671.0</ele></trkpt>
      <trkpt lat="49.165597" lon="20.072247"><ele>1671.0</ele></trkpt>
      <trkpt lat="49.165585" lon="20.072277"><ele>1671.0</ele></trkpt>
      <trkpt lat="49.165581" lon="20.072315"><ele>1671.0</ele></trkpt>
      <trkpt lat="49.165576" lon="20.072343"><ele>1671.0</ele></trkpt>
      <trkpt lat="49.165571" lon="20.072372"><ele>1672.0</ele></trkpt>
      <trkpt lat="49.165566" lon="20.072400"><ele>1672.0</ele></trkpt>
      <trkpt lat="49.165562" lon="20.072444"><ele>1672.0</ele></trkpt>
      <trkpt lat="49.165558" lon="20.072483"><ele>1673.0</ele></trkpt>
      <trkpt lat="49.165567" lon="20.072522"><ele>1673.0</ele></trkpt>
      <trkpt lat="49.165558" lon="20.072546"><ele>1674.0</ele></trkpt>
      <trkpt lat="49.165554" lon="20.072578"><ele>1674.0</ele></trkpt>
      <trkpt lat="49.165550" lon="20.072608"><ele>1674.0</ele></trkpt>
      <trkpt lat="49.165545" lon="20.072639"><ele>1675.0</ele></trkpt>
      <trkpt lat="49.165541" lon="20.072669"><ele>1675.0</ele></trkpt>
      <trkpt lat="49.165537" lon="20.072694"><ele>1675.0</ele></trkpt>
      <trkpt lat="49.165533" lon="20.072719"><ele>1675.0</ele></trkpt>
      <trkpt lat="49.165529" lon="20.072744"><ele>1675.0</ele></trkpt>
      <trkpt lat="49.165542" lon="20.072779"><ele>1675.0</ele></trkpt>
      <trkpt lat="49.165560" lon="20.072792"><ele>1676.0</ele></trkpt>
      <trkpt lat="49.165583" lon="20.072804"><ele>1676.0</ele></trkpt>
      <trkpt lat="49.165592" lon="20.072823"><ele>1676.0</ele></trkpt>
      <trkpt lat="49.165601" lon="20.072841"><ele>1677.0</ele></trkpt>
      <trkpt lat="49.165611" lon="20.072860"><ele>1677.0</ele></trkpt>
      <trkpt lat="49.165620" lon="20.072879"><ele>1677.0</ele></trkpt>
      <trkpt lat="49.165629" lon="20.072897"><ele>1678.0</ele></trkpt>
      <trkpt lat="49.165638" lon="20.072916"><ele>1678.0</ele></trkpt>
      <trkpt lat="49.165643" lon="20.072943"><ele>1678.0</ele></trkpt>
      <trkpt lat="49.165647" lon="20.072969"><ele>1678.0</ele></trkpt>
      <trkpt lat="49.165652" lon="20.072996"><ele>1678.0</ele></trkpt>
      <trkpt lat="49.165657" lon="20.073022"><ele>1679.0</ele></trkpt>
      <trkpt lat="49.165662" lon="20.073049"><ele>1679.0</ele></trkpt>
      <trkpt lat="49.165662" lon="20.073074"><ele>1679.0</ele></trkpt>
      <trkpt lat="49.165657" lon="20.073097"><ele>1679.0</ele></trkpt>
      <trkpt lat="49.165653" lon="20.073120"><ele>1680.0</ele></trkpt>
      <trkpt lat="49.165648" lon="20.073144"><ele>1680.0</ele></trkpt>
      <trkpt lat="49.165644" lon="20.073167"><ele>1680.0</ele></trkpt>
      <trkpt lat="49.165639" lon="20.073190"><ele>1680.0</ele></trkpt>
      <trkpt lat="49.165636" lon="20.073234"><ele>1680.0</ele></trkpt>
      <trkpt lat="49.165621" lon="20.073252"><ele>1680.0</ele></trkpt>
      <trkpt lat="49.165612" lon="20.073281"><ele>1680.0</ele></trkpt>
      <trkpt lat="49.165603" lon="20.073310"><ele>1681.0</ele></trkpt>
      <trkpt lat="49.165594" lon="20.073338"><ele>1681.0</ele></trkpt>
      <trkpt lat="49.165585" lon="20.073367"><ele>1681.0</ele></trkpt>
      <trkpt lat="49.165574" lon="20.073394"><ele>1682.0</ele></trkpt>
      <trkpt lat="49.165562" lon="20.073422"><ele>1682.0</ele></trkpt>
      <trkpt lat="49.165551" lon="20.073449"><ele>1682.0</ele></trkpt>
      <trkpt lat="49.165530" lon="20.073481"><ele>1682.0</ele></trkpt>
      <trkpt lat="49.165514" lon="20.073505"><ele>1682.0</ele></trkpt>
      <trkpt lat="49.165511" lon="20.073537"><ele>1682.0</ele></trkpt>
      <trkpt lat="49.165501" lon="20.073565"><ele>1682.0</ele></trkpt>
      <trkpt lat="49.165484" lon="20.073600"><ele>1682.0</ele></trkpt>
      <trkpt lat="49.165472" lon="20.073639"><ele>1682.0</ele></trkpt>
      <trkpt lat="49.165463" lon="20.073667"><ele>1682.0</ele></trkpt>
      <trkpt lat="49.165450" lon="20.073696"><ele>1682.0</ele></trkpt>
      <trkpt lat="49.165432" lon="20.073719"><ele>1682.0</ele></trkpt>
      <trkpt lat="49.165416" lon="20.073746"><ele>1682.0</ele></trkpt>
      <trkpt lat="49.165405" lon="20.073770"><ele>1682.0</ele></trkpt>
      <trkpt lat="49.165387" lon="20.073799"><ele>1682.0</ele></trkpt>
      <trkpt lat="49.165368" lon="20.073820"><ele>1683.0</ele></trkpt>
      <trkpt lat="49.165327" lon="20.073844"><ele>1684.0</ele></trkpt>
      <trkpt lat="49.165344" lon="20.073818"><ele>1684.0</ele></trkpt>
      <trkpt lat="49.165362" lon="20.073815"><ele>1685.0</ele></trkpt>
      <trkpt lat="49.165384" lon="20.073812"><ele>1685.0</ele></trkpt>
      <trkpt lat="49.165403" lon="20.073812"><ele>1686.0</ele></trkpt>
      <trkpt lat="49.165434" lon="20.073796"><ele>1687.0</ele></trkpt>
      <trkpt lat="49.165452" lon="20.073781"><ele>1687.0</ele></trkpt>
      <trkpt lat="49.165475" lon="20.073768"><ele>1687.0</ele></trkpt>
      <trkpt lat="49.165500" lon="20.073751"><ele>1688.0</ele></trkpt>
      <trkpt lat="49.165531" lon="20.073728"><ele>1689.0</ele></trkpt>
      <trkpt lat="49.165546" lon="20.073701"><ele>1689.0</ele></trkpt>
      <trkpt lat="49.165565" lon="20.073668"><ele>1690.0</ele></trkpt>
      <trkpt lat="49.165581" lon="20.073647"><ele>1690.0</ele></trkpt>
      <trkpt lat="49.165597" lon="20.073630"><ele>1690.0</ele></trkpt>
      <trkpt lat="49.165618" lon="20.073611"><ele>1691.0</ele></trkpt>
      <trkpt lat="49.165637" lon="20.073591"><ele>1692.0</ele></trkpt>
      <trkpt lat="49.165659" lon="20.073574"><ele>1692.0</ele></trkpt>
      <trkpt lat="49.165680" lon="20.073560"><ele>1692.0</ele></trkpt>
      <trkpt lat="49.165702" lon="20.073550"><ele>1692.0</ele></trkpt>
      <trkpt lat="49.165720" lon="20.073538"><ele>1693.0</ele></trkpt>
      <trkpt lat="49.165738" lon="20.073513"><ele>1693.0</ele></trkpt>
      <trkpt lat="49.165756" lon="20.073488"><ele>1694.0</ele></trkpt>
      <trkpt lat="49.165773" lon="20.073461"><ele>1695.0</ele></trkpt>
      <trkpt lat="49.165786" lon="20.073439"><ele>1695.0</ele></trkpt>
      <trkpt lat="49.165805" lon="20.073411"><ele>1697.0</ele></trkpt>
      <trkpt lat="49.165823" lon="20.073399"><ele>1697.0</ele></trkpt>
      <trkpt lat="49.165846" lon="20.073383"><ele>1697.0</ele></trkpt>
      <trkpt lat="49.165847" lon="20.073352"><ele>1698.0</ele></trkpt>
      <trkpt lat="49.165842" lon="20.073324"><ele>1699.0</ele></trkpt>
      <trkpt lat="49.165853" lon="20.073296"><ele>1698.0</ele></trkpt>
      <trkpt lat="49.165864" lon="20.073267"><ele>1698.0</ele></trkpt>
      <trkpt lat="49.165875" lon="20.073241"><ele>1699.0</ele></trkpt>
      <trkpt lat="49.165883" lon="20.073212"><ele>1698.0</ele></trkpt>
      <trkpt lat="49.165897" lon="20.073183"><ele>1698.0</ele></trkpt>
      <trkpt lat="49.165908" lon="20.073151"><ele>1698.0</ele></trkpt>
      <trkpt lat="49.165926" lon="20.073130"><ele>1698.0</ele></trkpt>
      <trkpt lat="49.165936" lon="20.073156"><ele>1700.0</ele></trkpt>
      <trkpt lat="49.165953" lon="20.073131"><ele>1700.0</ele></trkpt>
      <trkpt lat="49.165969" lon="20.073106"><ele>1700.0</ele></trkpt>
      <trkpt lat="49.165986" lon="20.073078"><ele>1700.0</ele></trkpt>
      <trkpt lat="49.166004" lon="20.073064"><ele>1701.0</ele></trkpt>
      <trkpt lat="49.166015" lon="20.073040"><ele>1701.0</ele></trkpt>
      <trkpt lat="49.166033" lon="20.073014"><ele>1701.0</ele></trkpt>
      <trkpt lat="49.166044" lon="20.072990"><ele>1701.0</ele></trkpt>
      <trkpt lat="49.166056" lon="20.072967"><ele>1701.0</ele></trkpt>
      <trkpt lat="49.166076" lon="20.072943"><ele>1701.0</ele></trkpt>
      <trkpt lat="49.166094" lon="20.072919"><ele>1703.0</ele></trkpt>
      <trkpt lat="49.166111" lon="20.072900"><ele>1703.0</ele></trkpt>
      <trkpt lat="49.166126" lon="20.072882"><ele>1703.0</ele></trkpt>
      <trkpt lat="49.166145" lon="20.072853"><ele>1704.0</ele></trkpt>
      <trkpt lat="49.166165" lon="20.072840"><ele>1704.0</ele></trkpt>
      <trkpt lat="49.166186" lon="20.072823"><ele>1705.0</ele></trkpt>
      <trkpt lat="49.166201" lon="20.072797"><ele>1706.0</ele></trkpt>
      <trkpt lat="49.166211" lon="20.072769"><ele>1706.0</ele></trkpt>
      <trkpt lat="49.166225" lon="20.072749"><ele>1706.0</ele></trkpt>
      <trkpt lat="49.166240" lon="20.072723"><ele>1707.0</ele></trkpt>
      <trkpt lat="49.166250" lon="20.072696"><ele>1707.0</ele></trkpt>
      <trkpt lat="49.166268" lon="20.072675"><ele>1707.0</ele></trkpt>
      <trkpt lat="49.166286" lon="20.072648"><ele>1710.0</ele></trkpt>
      <trkpt lat="49.166301" lon="20.072623"><ele>1709.0</ele></trkpt>
      <trkpt lat="49.166325" lon="20.072605"><ele>1711.0</ele></trkpt>
      <trkpt lat="49.166346" lon="20.072620"><ele>1712.0</ele></trkpt>
      <trkpt lat="49.166343" lon="20.072646"><ele>1712.0</ele></trkpt>
      <trkpt lat="49.166340" lon="20.072672"><ele>1714.0</ele></trkpt>
      <trkpt lat="49.166337" lon="20.072698"><ele>1714.0</ele></trkpt>
      <trkpt lat="49.166362" lon="20.072738"><ele>1716.0</ele></trkpt>
      <trkpt lat="49.166383" lon="20.072719"><ele>1716.0</ele></trkpt>
      <trkpt lat="49.166394" lon="20.072694"><ele>1717.0</ele></trkpt>
      <trkpt lat="49.166402" lon="20.072666"><ele>1717.0</ele></trkpt>
      <trkpt lat="49.166420" lon="20.072639"><ele>1718.0</ele></trkpt>
      <trkpt lat="49.166446" lon="20.072632"><ele>1718.0</ele></trkpt>
      <trkpt lat="49.166467" lon="20.072623"><ele>1719.0</ele></trkpt>
      <trkpt lat="49.166482" lon="20.072595"><ele>1719.0</ele></trkpt>
      <trkpt lat="49.166494" lon="20.072563"><ele>1719.0</ele></trkpt>
      <trkpt lat="49.166501" lon="20.072534"><ele>1719.0</ele></trkpt>
      <trkpt lat="49.166514" lon="20.072513"><ele>1719.0</ele></trkpt>
      <trkpt lat="49.166526" lon="20.072493"><ele>1719.0</ele></trkpt>
      <trkpt lat="49.166538" lon="20.072467"><ele>1720.0</ele></trkpt>
      <trkpt lat="49.166552" lon="20.072431"><ele>1721.0</ele></trkpt>
      <trkpt lat="49.166573" lon="20.072413"><ele>1721.0</ele></trkpt>
      <trkpt lat="49.166587" lon="20.072388"><ele>1721.0</ele></trkpt>
      <trkpt lat="49.166603" lon="20.072361"><ele>1721.0</ele></trkpt>
      <trkpt lat="49.166619" lon="20.072343"><ele>1721.0</ele></trkpt>
      <trkpt lat="49.166637" lon="20.072328"><ele>1721.0</ele></trkpt>
      <trkpt lat="49.166653" lon="20.072305"><ele>1721.0</ele></trkpt>
      <trkpt lat="49.166675" lon="20.072304"><ele>1721.0</ele></trkpt>
      <trkpt lat="49.166699" lon="20.072312"><ele>1721.0</ele></trkpt>
      <trkpt lat="49.166716" lon="20.072335"><ele>1721.0</ele></trkpt>
      <trkpt lat="49.166731" lon="20.072357"><ele>1721.0</ele></trkpt>
      <trkpt lat="49.166745" lon="20.072385"><ele>1723.0</ele></trkpt>
      <trkpt lat="49.166752" lon="20.072419"><ele>1724.0</ele></trkpt>
      <trkpt lat="49.166766" lon="20.072454"><ele>1725.0</ele></trkpt>
      <trkpt lat="49.166784" lon="20.072472"><ele>1725.0</ele></trkpt>
      <trkpt lat="49.166803" lon="20.072485"><ele>1725.0</ele></trkpt>
      <trkpt lat="49.166824" lon="20.072487"><ele>1725.0</ele></trkpt>
      <trkpt lat="49.166846" lon="20.072480"><ele>1726.0</ele></trkpt>
      <trkpt lat="49.166861" lon="20.072503"><ele>1727.0</ele></trkpt>
      <trkpt lat="49.166875" lon="20.072524"><ele>1729.0</ele></trkpt>
      <trkpt lat="49.166900" lon="20.072538"><ele>1730.0</ele></trkpt>
      <trkpt lat="49.166916" lon="20.072560"><ele>1730.0</ele></trkpt>
      <trkpt lat="49.166935" lon="20.072577"><ele>1731.0</ele></trkpt>
      <trkpt lat="49.166952" lon="20.072588"><ele>1732.0</ele></trkpt>
      <trkpt lat="49.166973" lon="20.072597"><ele>1733.0</ele></trkpt>
      <trkpt lat="49.166991" lon="20.072602"><ele>1733.0</ele></trkpt>
      <trkpt lat="49.167012" lon="20.072600"><ele>1734.0</ele></trkpt>
      <trkpt lat="49.167031" lon="20.072612"><ele>1735.0</ele></trkpt>
      <trkpt lat="49.167040" lon="20.072629"><ele>1736.0</ele></trkpt>
      <trkpt lat="49.167050" lon="20.072647"><ele>1737.0</ele></trkpt>
      <trkpt lat="49.167059" lon="20.072664"><ele>1737.0</ele></trkpt>
      <trkpt lat="49.167057" lon="20.072688"><ele>1738.0</ele></trkpt>
      <trkpt lat="49.167055" lon="20.072712"><ele>1738.0</ele></trkpt>
      <trkpt lat="49.167053" lon="20.072736"><ele>1739.0</ele></trkpt>
      <trkpt lat="49.167051" lon="20.072760"><ele>1739.0</ele></trkpt>
      <trkpt lat="49.167046" lon="20.072789"><ele>1739.0</ele></trkpt>
      <trkpt lat="49.167041" lon="20.072818"><ele>1739.0</ele></trkpt>
      <trkpt lat="49.167037" lon="20.072851"><ele>1739.0</ele></trkpt>
      <trkpt lat="49.167028" lon="20.072883"><ele>1739.0</ele></trkpt>
      <trkpt lat="49.167014" lon="20.072915"><ele>1739.0</ele></trkpt>
      <trkpt lat="49.167011" lon="20.072944"><ele>1739.0</ele></trkpt>
      <trkpt lat="49.166999" lon="20.072967"><ele>1739.0</ele></trkpt>
      <trkpt lat="49.167014" lon="20.072988"><ele>1740.0</ele></trkpt>
      <trkpt lat="49.167044" lon="20.073001"><ele>1741.0</ele></trkpt>
      <trkpt lat="49.167058" lon="20.072978"><ele>1742.0</ele></trkpt>
      <trkpt lat="49.167080" lon="20.072957"><ele>1742.0</ele></trkpt>
      <trkpt lat="49.167099" lon="20.072934"><ele>1742.0</ele></trkpt>
      <trkpt lat="49.167110" lon="20.072906"><ele>1742.0</ele></trkpt>
      <trkpt lat="49.167124" lon="20.072887"><ele>1743.0</ele></trkpt>
      <trkpt lat="49.167140" lon="20.072860"><ele>1744.0</ele></trkpt>
      <trkpt lat="49.167145" lon="20.072824"><ele>1744.0</ele></trkpt>
      <trkpt lat="49.167154" lon="20.072800"><ele>1742.0</ele></trkpt>
      <trkpt lat="49.167174" lon="20.072779"><ele>1743.0</ele></trkpt>
      <trkpt lat="49.167193" lon="20.072772"><ele>1743.0</ele></trkpt>
      <trkpt lat="49.167210" lon="20.072784"><ele>1745.0</ele></trkpt>
      <trkpt lat="49.167200" lon="20.072817"><ele>1746.0</ele></trkpt>
      <trkpt lat="49.167195" lon="20.072847"><ele>1746.0</ele></trkpt>
      <trkpt lat="49.167194" lon="20.072875"><ele>1746.0</ele></trkpt>
      <trkpt lat="49.167191" lon="20.072903"><ele>1747.0</ele></trkpt>
      <trkpt lat="49.167192" lon="20.072940"><ele>1747.0</ele></trkpt>
      <trkpt lat="49.167203" lon="20.072970"><ele>1748.0</ele></trkpt>
      <trkpt lat="49.167223" lon="20.072963"><ele>1748.0</ele></trkpt>
      <trkpt lat="49.167240" lon="20.072944"><ele>1748.0</ele></trkpt>
      <trkpt lat="49.167257" lon="20.072916"><ele>1748.0</ele></trkpt>
      <trkpt lat="49.167280" lon="20.072899"><ele>1749.0</ele></trkpt>
      <trkpt lat="49.167294" lon="20.072916"><ele>1750.0</ele></trkpt>
      <trkpt lat="49.167316" lon="20.072920"><ele>1750.0</ele></trkpt>
      <trkpt lat="49.167317" lon="20.072969"><ele>1751.0</ele></trkpt>
      <trkpt lat="49.167310" lon="20.073012"><ele>1753.0</ele></trkpt>
      <trkpt lat="49.167312" lon="20.073041"><ele>1754.0</ele></trkpt>
      <trkpt lat="49.167321" lon="20.073068"><ele>1755.0</ele></trkpt>
      <trkpt lat="49.167331" lon="20.073093"><ele>1755.0</ele></trkpt>
      <trkpt lat="49.167345" lon="20.073102"><ele>1756.0</ele></trkpt>
      <trkpt lat="49.167360" lon="20.073112"><ele>1757.0</ele></trkpt>
      <trkpt lat="49.167374" lon="20.073121"><ele>1757.0</ele></trkpt>
      <trkpt lat="49.167402" lon="20.073121"><ele>1757.0</ele></trkpt>
      <trkpt lat="49.167420" lon="20.073105"><ele>1759.0</ele></trkpt>
      <trkpt lat="49.167422" lon="20.073077"><ele>1758.0</ele></trkpt>
      <trkpt lat="49.167432" lon="20.073050"><ele>1759.0</ele></trkpt>
      <trkpt lat="49.167456" lon="20.073046"><ele>1759.0</ele></trkpt>
      <trkpt lat="49.167480" lon="20.073050"><ele>1759.0</ele></trkpt>
      <trkpt lat="49.167499" lon="20.073071"><ele>1759.0</ele></trkpt>
      <trkpt lat="49.167506" lon="20.073100"><ele>1759.0</ele></trkpt>
      <trkpt lat="49.167496" lon="20.073125"><ele>1760.0</ele></trkpt>
      <trkpt lat="49.167482" lon="20.073150"><ele>1761.0</ele></trkpt>
      <trkpt lat="49.167463" lon="20.073163"><ele>1762.0</ele></trkpt>
      <trkpt lat="49.167441" lon="20.073179"><ele>1762.0</ele></trkpt>
      <trkpt lat="49.167423" lon="20.073192"><ele>1762.0</ele></trkpt>
      <trkpt lat="49.167407" lon="20.073217"><ele>1762.0</ele></trkpt>
      <trkpt lat="49.167409" lon="20.073256"><ele>1763.0</ele></trkpt>
      <trkpt lat="49.167405" lon="20.073291"><ele>1763.0</ele></trkpt>
      <trkpt lat="49.167402" lon="20.073325"><ele>1764.0</ele></trkpt>
      <trkpt lat="49.167414" lon="20.073354"><ele>1764.0</ele></trkpt>
      <trkpt lat="49.167424" lon="20.073380"><ele>1765.0</ele></trkpt>
      <trkpt lat="49.167448" lon="20.073393"><ele>1766.0</ele></trkpt>
      <trkpt lat="49.167469" lon="20.073395"><ele>1766.0</ele></trkpt>
      <trkpt lat="49.167497" lon="20.073380"><ele>1767.0</ele></trkpt>
      <trkpt lat="49.167518" lon="20.073372"><ele>1767.0</ele></trkpt>
      <trkpt lat="49.167538" lon="20.073374"><ele>1767.0</ele></trkpt>
      <trkpt lat="49.167556" lon="20.073380"><ele>1767.0</ele></trkpt>
      <trkpt lat="49.167577" lon="20.073372"><ele>1768.0</ele></trkpt>
      <trkpt lat="49.167595" lon="20.073352"><ele>1769.0</ele></trkpt>
      <trkpt lat="49.167614" lon="20.073340"><ele>1769.0</ele></trkpt>
      <trkpt lat="49.167635" lon="20.073338"><ele>1769.0</ele></trkpt>
      <trkpt lat="49.167652" lon="20.073349"><ele>1770.0</ele></trkpt>
      <trkpt lat="49.167677" lon="20.073365"><ele>1771.0</ele></trkpt>
      <trkpt lat="49.167695" lon="20.073374"><ele>1772.0</ele></trkpt>
      <trkpt lat="49.167711" lon="20.073388"><ele>1772.0</ele></trkpt>
      <trkpt lat="49.167731" lon="20.073404"><ele>1773.0</ele></trkpt>
      <trkpt lat="49.167750" lon="20.073403"><ele>1773.0</ele></trkpt>
      <trkpt lat="49.167775" lon="20.073425"><ele>1773.0</ele></trkpt>
      <trkpt lat="49.167797" lon="20.073430"><ele>1774.0</ele></trkpt>
      <trkpt lat="49.167816" lon="20.073428"><ele>1775.0</ele></trkpt>
      <trkpt lat="49.167836" lon="20.073414"><ele>1775.0</ele></trkpt>
      <trkpt lat="49.167856" lon="20.073406"><ele>1776.0</ele></trkpt>
      <trkpt lat="49.167873" lon="20.073395"><ele>1776.0</ele></trkpt>
      <trkpt lat="49.167895" lon="20.073376"><ele>1777.0</ele></trkpt>
      <trkpt lat="49.167920" lon="20.073369"><ele>1777.0</ele></trkpt>
      <trkpt lat="49.167941" lon="20.073365"><ele>1777.0</ele></trkpt>
      <trkpt lat="49.167960" lon="20.073369"><ele>1779.0</ele></trkpt>
      <trkpt lat="49.167974" lon="20.073399"><ele>1778.0</ele></trkpt>
      <trkpt lat="49.167985" lon="20.073439"><ele>1780.0</ele></trkpt>
      <trkpt lat="49.167993" lon="20.073473"><ele>1780.0</ele></trkpt>
      <trkpt lat="49.168004" lon="20.073518"><ele>1781.0</ele></trkpt>
      <trkpt lat="49.168018" lon="20.073548"><ele>1782.0</ele></trkpt>
      <trkpt lat="49.168031" lon="20.073574"><ele>1783.0</ele></trkpt>
      <trkpt lat="49.168047" lon="20.073600"><ele>1783.0</ele></trkpt>
      <trkpt lat="49.168062" lon="20.073622"><ele>1783.0</ele></trkpt>
      <trkpt lat="49.168081" lon="20.073649"><ele>1784.0</ele></trkpt>
      <trkpt lat="49.168092" lon="20.073673"><ele>1785.0</ele></trkpt>
      <trkpt lat="49.168101" lon="20.073705"><ele>1785.0</ele></trkpt>
      <trkpt lat="49.168113" lon="20.073732"><ele>1785.0</ele></trkpt>
      <trkpt lat="49.168128" lon="20.073755"><ele>1786.0</ele></trkpt>
      <trkpt lat="49.168146" lon="20.073768"><ele>1788.0</ele></trkpt>
      <trkpt lat="49.168161" lon="20.073785"><ele>1788.0</ele></trkpt>
      <trkpt lat="49.168194" lon="20.073795"><ele>1788.0</ele></trkpt>
      <trkpt lat="49.168214" lon="20.073813"><ele>1789.0</ele></trkpt>
      <trkpt lat="49.168229" lon="20.073836"><ele>1790.0</ele></trkpt>
      <trkpt lat="49.168257" lon="20.073851"><ele>1790.0</ele></trkpt>
      <trkpt lat="49.168269" lon="20.073871"><ele>1790.0</ele></trkpt>
      <trkpt lat="49.168274" lon="20.073900"><ele>1790.0</ele></trkpt>
      <trkpt lat="49.168265" lon="20.073927"><ele>1790.0</ele></trkpt>
      <trkpt lat="49.168251" lon="20.073951"><ele>1791.0</ele></trkpt>
      <trkpt lat="49.168246" lon="20.073989"><ele>1791.0</ele></trkpt>
      <trkpt lat="49.168235" lon="20.074037"><ele>1791.0</ele></trkpt>
      <trkpt lat="49.168229" lon="20.074077"><ele>1792.0</ele></trkpt>
      <trkpt lat="49.168236" lon="20.074107"><ele>1793.0</ele></trkpt>
      <trkpt lat="49.168249" lon="20.074131"><ele>1794.0</ele></trkpt>
      <trkpt lat="49.168246" lon="20.074162"><ele>1794.0</ele></trkpt>
      <trkpt lat="49.168245" lon="20.074190"><ele>1795.0</ele></trkpt>
      <trkpt lat="49.168220" lon="20.074195"><ele>1795.0</ele></trkpt>
      <trkpt lat="49.168195" lon="20.074197"><ele>1795.0</ele></trkpt>
      <trkpt lat="49.168174" lon="20.074193"><ele>1795.0</ele></trkpt>
      <trkpt lat="49.168153" lon="20.074183"><ele>1795.0</ele></trkpt>
      <trkpt lat="49.168130" lon="20.074167"><ele>1796.0</ele></trkpt>
      <trkpt lat="49.168112" lon="20.074158"><ele>1796.0</ele></trkpt>
      <trkpt lat="49.168092" lon="20.074153"><ele>1796.0</ele></trkpt>
      <trkpt lat="49.168067" lon="20.074146"><ele>1796.0</ele></trkpt>
      <trkpt lat="49.168045" lon="20.074145"><ele>1796.0</ele></trkpt>
      <trkpt lat="49.168025" lon="20.074143"><ele>1797.0</ele></trkpt>
      <trkpt lat="49.168001" lon="20.074145"><ele>1797.0</ele></trkpt>
      <trkpt lat="49.167982" lon="20.074146"><ele>1797.0</ele></trkpt>
      <trkpt lat="49.167958" lon="20.074144"><ele>1797.0</ele></trkpt>
      <trkpt lat="49.167937" lon="20.074156"><ele>1798.0</ele></trkpt>
      <trkpt lat="49.167917" lon="20.074165"><ele>1798.0</ele></trkpt>
      <trkpt lat="49.167890" lon="20.074184"><ele>1798.0</ele></trkpt>
      <trkpt lat="49.167871" lon="20.074182"><ele>1798.0</ele></trkpt>
      <trkpt lat="49.167844" lon="20.074174"><ele>1798.0</ele></trkpt>
      <trkpt lat="49.167822" lon="20.074183"><ele>1798.0</ele></trkpt>
      <trkpt lat="49.167800" lon="20.074186"><ele>1798.0</ele></trkpt>
      <trkpt lat="49.167782" lon="20.074198"><ele>1799.0</ele></trkpt>
      <trkpt lat="49.167762" lon="20.074211"><ele>1799.0</ele></trkpt>
      <trkpt lat="49.167744" lon="20.074210"><ele>1799.0</ele></trkpt>
      <trkpt lat="49.167724" lon="20.074221"><ele>1799.0</ele></trkpt>
      <trkpt lat="49.167705" lon="20.074225"><ele>1799.0</ele></trkpt>
      <trkpt lat="49.167727" lon="20.074220"><ele>1799.0</ele></trkpt>
      <trkpt lat="49.167743" lon="20.074238"><ele>1800.0</ele></trkpt>
      <trkpt lat="49.167754" lon="20.074271"><ele>1801.0</ele></trkpt>
      <trkpt lat="49.167750" lon="20.074308"><ele>1801.0</ele></trkpt>
      <trkpt lat="49.167732" lon="20.074336"><ele>1802.0</ele></trkpt>
      <trkpt lat="49.167719" lon="20.074355"><ele>1803.0</ele></trkpt>
      <trkpt lat="49.167702" lon="20.074384"><ele>1804.0</ele></trkpt>
      <trkpt lat="49.167678" lon="20.074408"><ele>1804.0</ele></trkpt>
      <trkpt lat="49.167659" lon="20.074434"><ele>1804.0</ele></trkpt>
      <trkpt lat="49.167647" lon="20.074455"><ele>1805.0</ele></trkpt>
      <trkpt lat="49.167629" lon="20.074471"><ele>1805.0</ele></trkpt>
      <trkpt lat="49.167609" lon="20.074489"><ele>1806.0</ele></trkpt>
      <trkpt lat="49.167591" lon="20.074501"><ele>1807.0</ele></trkpt>
      <trkpt lat="49.167576" lon="20.074526"><ele>1807.0</ele></trkpt>
      <trkpt lat="49.167558" lon="20.074541"><ele>1807.0</ele></trkpt>
      <trkpt lat="49.167536" lon="20.074557"><ele>1808.0</ele></trkpt>
      <trkpt lat="49.167518" lon="20.074554"><ele>1808.0</ele></trkpt>
      <trkpt lat="49.167500" lon="20.074565"><ele>1809.0</ele></trkpt>
      <trkpt lat="49.167485" lon="20.074583"><ele>1810.0</ele></trkpt>
      <trkpt lat="49.167508" lon="20.074598"><ele>1811.0</ele></trkpt>
      <trkpt lat="49.167528" lon="20.074615"><ele>1812.0</ele></trkpt>
      <trkpt lat="49.167556" lon="20.074626"><ele>1812.0</ele></trkpt>
      <trkpt lat="49.167574" lon="20.074629"><ele>1812.0</ele></trkpt>
      <trkpt lat="49.167601" lon="20.074629"><ele>1813.0</ele></trkpt>
      <trkpt lat="49.167625" lon="20.074631"><ele>1813.0</ele></trkpt>
      <trkpt lat="49.167650" lon="20.074632"><ele>1813.0</ele></trkpt>
      <trkpt lat="49.167668" lon="20.074632"><ele>1814.0</ele></trkpt>
      <trkpt lat="49.167686" lon="20.074637"><ele>1814.0</ele></trkpt>
      <trkpt lat="49.167675" lon="20.074664"><ele>1815.0</ele></trkpt>
      <trkpt lat="49.167672" lon="20.074700"><ele>1816.0</ele></trkpt>
      <trkpt lat="49.167694" lon="20.074712"><ele>1816.0</ele></trkpt>
      <trkpt lat="49.167712" lon="20.074724"><ele>1817.0</ele></trkpt>
      <trkpt lat="49.167730" lon="20.074728"><ele>1818.0</ele></trkpt>
      <trkpt lat="49.167755" lon="20.074729"><ele>1818.0</ele></trkpt>
      <trkpt lat="49.167775" lon="20.074728"><ele>1818.0</ele></trkpt>
      <trkpt lat="49.167796" lon="20.074723"><ele>1819.0</ele></trkpt>
      <trkpt lat="49.167820" lon="20.074719"><ele>1820.0</ele></trkpt>
      <trkpt lat="49.167839" lon="20.074723"><ele>1820.0</ele></trkpt>
      <trkpt lat="49.167856" lon="20.074739"><ele>1820.0</ele></trkpt>
      <trkpt lat="49.167872" lon="20.074757"><ele>1820.0</ele></trkpt>
      <trkpt lat="49.167888" lon="20.074768"><ele>1820.0</ele></trkpt>
      <trkpt lat="49.167912" lon="20.074777"><ele>1821.0</ele></trkpt>
      <trkpt lat="49.167935" lon="20.074788"><ele>1821.0</ele></trkpt>
      <trkpt lat="49.167955" lon="20.074804"><ele>1821.0</ele></trkpt>
      <trkpt lat="49.167976" lon="20.074818"><ele>1822.0</ele></trkpt>
      <trkpt lat="49.167995" lon="20.074827"><ele>1822.0</ele></trkpt>
      <trkpt lat="49.168014" lon="20.074851"><ele>1823.0</ele></trkpt>
      <trkpt lat="49.168038" lon="20.074866"><ele>1823.0</ele></trkpt>
      <trkpt lat="49.168043" lon="20.074895"><ele>1824.0</ele></trkpt>
      <trkpt lat="49.168026" lon="20.074889"><ele>1825.0</ele></trkpt>
      <trkpt lat="49.168006" lon="20.074893"><ele>1826.0</ele></trkpt>
      <trkpt lat="49.167984" lon="20.074902"><ele>1826.0</ele></trkpt>
      <trkpt lat="49.167963" lon="20.074910"><ele>1826.0</ele></trkpt>
      <trkpt lat="49.167939" lon="20.074914"><ele>1826.0</ele></trkpt>
      <trkpt lat="49.167921" lon="20.074926"><ele>1827.0</ele></trkpt>
      <trkpt lat="49.167901" lon="20.074914"><ele>1827.0</ele></trkpt>
      <trkpt lat="49.167881" lon="20.074921"><ele>1827.0</ele></trkpt>
      <trkpt lat="49.167862" lon="20.074928"><ele>1829.0</ele></trkpt>
      <trkpt lat="49.167841" lon="20.074948"><ele>1829.0</ele></trkpt>
      <trkpt lat="49.167826" lon="20.074964"><ele>1830.0</ele></trkpt>
      <trkpt lat="49.167809" lon="20.074984"><ele>1830.0</ele></trkpt>
      <trkpt lat="49.167788" lon="20.074983"><ele>1830.0</ele></trkpt>
      <trkpt lat="49.167765" lon="20.074999"><ele>1830.0</ele></trkpt>
      <trkpt lat="49.167745" lon="20.075014"><ele>1830.0</ele></trkpt>
      <trkpt lat="49.167723" lon="20.075031"><ele>1830.0</ele></trkpt>
      <trkpt lat="49.167702" lon="20.075041"><ele>1831.0</ele></trkpt>
      <trkpt lat="49.167687" lon="20.075064"><ele>1831.0</ele></trkpt>
      <trkpt lat="49.167667" lon="20.075072"><ele>1829.0</ele></trkpt>
      <trkpt lat="49.167644" lon="20.075063"><ele>1830.0</ele></trkpt>
      <trkpt lat="49.167623" lon="20.075056"><ele>1830.0</ele></trkpt>
      <trkpt lat="49.167597" lon="20.075042"><ele>1830.0</ele></trkpt>
      <trkpt lat="49.167576" lon="20.075035"><ele>1831.0</ele></trkpt>
      <trkpt lat="49.167556" lon="20.075040"><ele>1831.0</ele></trkpt>
      <trkpt lat="49.167534" lon="20.075049"><ele>1831.0</ele></trkpt>
      <trkpt lat="49.167515" lon="20.075057"><ele>1831.0</ele></trkpt>
      <trkpt lat="49.167495" lon="20.075064"><ele>1831.0</ele></trkpt>
      <trkpt lat="49.167475" lon="20.075077"><ele>1831.0</ele></trkpt>
      <trkpt lat="49.167450" lon="20.075106"><ele>1832.0</ele></trkpt>
      <trkpt lat="49.167436" lon="20.075131"><ele>1832.0</ele></trkpt>
      <trkpt lat="49.167434" lon="20.075160"><ele>1833.0</ele></trkpt>
      <trkpt lat="49.167419" lon="20.075187"><ele>1833.0</ele></trkpt>
      <trkpt lat="49.167403" lon="20.075216"><ele>1833.0</ele></trkpt>
      <trkpt lat="49.167405" lon="20.075257"><ele>1836.0</ele></trkpt>
      <trkpt lat="49.167421" lon="20.075270"><ele>1836.0</ele></trkpt>
      <trkpt lat="49.167444" lon="20.075266"><ele>1836.0</ele></trkpt>
      <trkpt lat="49.167466" lon="20.075277"><ele>1836.0</ele></trkpt>
      <trkpt lat="49.167490" lon="20.075284"><ele>1837.0</ele></trkpt>
      <trkpt lat="49.167508" lon="20.075292"><ele>1838.0</ele></trkpt>
      <trkpt lat="49.167528" lon="20.075295"><ele>1839.0</ele></trkpt>
      <trkpt lat="49.167552" lon="20.075300"><ele>1839.0</ele></trkpt>
      <trkpt lat="49.167570" lon="20.075328"><ele>1839.0</ele></trkpt>
      <trkpt lat="49.167554" lon="20.075346"><ele>1841.0</ele></trkpt>
      <trkpt lat="49.167529" lon="20.075343"><ele>1842.0</ele></trkpt>
      <trkpt lat="49.167509" lon="20.075354"><ele>1842.0</ele></trkpt>
      <trkpt lat="49.167487" lon="20.075369"><ele>1842.0</ele></trkpt>
      <trkpt lat="49.167473" lon="20.075388"><ele>1842.0</ele></trkpt>
      <trkpt lat="49.167466" lon="20.075418"><ele>1842.0</ele></trkpt>
      <trkpt lat="49.167486" lon="20.075442"><ele>1843.0</ele></trkpt>
      <trkpt lat="49.167506" lon="20.075452"><ele>1844.0</ele></trkpt>
      <trkpt lat="49.167525" lon="20.075457"><ele>1844.0</ele></trkpt>
      <trkpt lat="49.167546" lon="20.075463"><ele>1845.0</ele></trkpt>
      <trkpt lat="49.167563" lon="20.075470"><ele>1845.0</ele></trkpt>
      <trkpt lat="49.167584" lon="20.075480"><ele>1846.0</ele></trkpt>
      <trkpt lat="49.167602" lon="20.075492"><ele>1846.0</ele></trkpt>
      <trkpt lat="49.167624" lon="20.075493"><ele>1847.0</ele></trkpt>
      <trkpt lat="49.167648" lon="20.075493"><ele>1848.0</ele></trkpt>
      <trkpt lat="49.167672" lon="20.075502"><ele>1848.0</ele></trkpt>
      <trkpt lat="49.167687" lon="20.075522"><ele>1848.0</ele></trkpt>
      <trkpt lat="49.167682" lon="20.075551"><ele>1849.0</ele></trkpt>
      <trkpt lat="49.167666" lon="20.075565"><ele>1850.0</ele></trkpt>
      <trkpt lat="49.167646" lon="20.075579"><ele>1851.0</ele></trkpt>
      <trkpt lat="49.167649" lon="20.075606"><ele>1852.0</ele></trkpt>
      <trkpt lat="49.167664" lon="20.075630"><ele>1855.0</ele></trkpt>
      <trkpt lat="49.167650" lon="20.075657"><ele>1855.0</ele></trkpt>
      <trkpt lat="49.167641" lon="20.075683"><ele>1857.0</ele></trkpt>
      <trkpt lat="49.167666" lon="20.075699"><ele>1858.0</ele></trkpt>
      <trkpt lat="49.167687" lon="20.075710"><ele>1858.0</ele></trkpt>
      <trkpt lat="49.167704" lon="20.075722"><ele>1858.0</ele></trkpt>
      <trkpt lat="49.167727" lon="20.075729"><ele>1858.0</ele></trkpt>
      <trkpt lat="49.167746" lon="20.075736"><ele>1858.0</ele></trkpt>
      <trkpt lat="49.167764" lon="20.075750"><ele>1858.0</ele></trkpt>
      <trkpt lat="49.167780" lon="20.075764"><ele>1858.0</ele></trkpt>
      <trkpt lat="49.167802" lon="20.075765"><ele>1858.0</ele></trkpt>
      <trkpt lat="49.167827" lon="20.075748"><ele>1859.0</ele></trkpt>
      <trkpt lat="49.167848" lon="20.075726"><ele>1859.0</ele></trkpt>
      <trkpt lat="49.167869" lon="20.075714"><ele>1859.0</ele></trkpt>
      <trkpt lat="49.167890" lon="20.075701"><ele>1860.0</ele></trkpt>
      <trkpt lat="49.167909" lon="20.075701"><ele>1860.0</ele></trkpt>
      <trkpt lat="49.167927" lon="20.075697"><ele>1860.0</ele></trkpt>
      <trkpt lat="49.167945" lon="20.075696"><ele>1861.0</ele></trkpt>
      <trkpt lat="49.167967" lon="20.075702"><ele>1861.0</ele></trkpt>
      <trkpt lat="49.167989" lon="20.075719"><ele>1861.0</ele></trkpt>
      <trkpt lat="49.168008" lon="20.075738"><ele>1862.0</ele></trkpt>
      <trkpt lat="49.168023" lon="20.075751"><ele>1862.0</ele></trkpt>
      <trkpt lat="49.168044" lon="20.075759"><ele>1862.0</ele></trkpt>
      <trkpt lat="49.168062" lon="20.075766"><ele>1862.0</ele></trkpt>
      <trkpt lat="49.168073" lon="20.075796"><ele>1864.0</ele></trkpt>
      <trkpt lat="49.168091" lon="20.075807"><ele>1865.0</ele></trkpt>
      <trkpt lat="49.168107" lon="20.075787"><ele>1866.0</ele></trkpt>
      <trkpt lat="49.168127" lon="20.075776"><ele>1866.0</ele></trkpt>
      <trkpt lat="49.168150" lon="20.075775"><ele>1867.0</ele></trkpt>
      <trkpt lat="49.168172" lon="20.075766"><ele>1867.0</ele></trkpt>
      <trkpt lat="49.168191" lon="20.075778"><ele>1868.0</ele></trkpt>
      <trkpt lat="49.168214" lon="20.075788"><ele>1869.0</ele></trkpt>
      <trkpt lat="49.168229" lon="20.075809"><ele>1869.0</ele></trkpt>
      <trkpt lat="49.168245" lon="20.075833"><ele>1870.0</ele></trkpt>
      <trkpt lat="49.168258" lon="20.075858"><ele>1871.0</ele></trkpt>
      <trkpt lat="49.168279" lon="20.075861"><ele>1872.0</ele></trkpt>
      <trkpt lat="49.168301" lon="20.075873"><ele>1872.0</ele></trkpt>
      <trkpt lat="49.168320" lon="20.075879"><ele>1873.0</ele></trkpt>
      <trkpt lat="49.168338" lon="20.075896"><ele>1874.0</ele></trkpt>
      <trkpt lat="49.168357" lon="20.075910"><ele>1874.0</ele></trkpt>
      <trkpt lat="49.168373" lon="20.075921"><ele>1875.0</ele></trkpt>
      <trkpt lat="49.168396" lon="20.075919"><ele>1876.0</ele></trkpt>
      <trkpt lat="49.168416" lon="20.075918"><ele>1877.0</ele></trkpt>
      <trkpt lat="49.168437" lon="20.075900"><ele>1877.0</ele></trkpt>
      <trkpt lat="49.168457" lon="20.075889"><ele>1877.0</ele></trkpt>
      <trkpt lat="49.168476" lon="20.075891"><ele>1878.0</ele></trkpt>
      <trkpt lat="49.168488" lon="20.075866"><ele>1880.0</ele></trkpt>
      <trkpt lat="49.168508" lon="20.075867"><ele>1881.0</ele></trkpt>
      <trkpt lat="49.168521" lon="20.075888"><ele>1882.0</ele></trkpt>
      <trkpt lat="49.168520" lon="20.075920"><ele>1877.0</ele></trkpt>
      <trkpt lat="49.168520" lon="20.075889"><ele>1881.0</ele></trkpt>
      <trkpt lat="49.168534" lon="20.075913"><ele>1882.0</ele></trkpt>
      <trkpt lat="49.168528" lon="20.075943"><ele>1882.0</ele></trkpt>
      <trkpt lat="49.168512" lon="20.075962"><ele>1884.0</ele></trkpt>
      <trkpt lat="49.168493" lon="20.075976"><ele>1884.0</ele></trkpt>
      <trkpt lat="49.168475" lon="20.076003"><ele>1884.0</ele></trkpt>
      <trkpt lat="49.168458" lon="20.076024"><ele>1883.0</ele></trkpt>
      <trkpt lat="49.168443" lon="20.076056"><ele>1884.0</ele></trkpt>
      <trkpt lat="49.168427" lon="20.076077"><ele>1885.0</ele></trkpt>
      <trkpt lat="49.168411" lon="20.076097"><ele>1885.0</ele></trkpt>
      <trkpt lat="49.168390" lon="20.076127"><ele>1882.0</ele></trkpt>
      <trkpt lat="49.168378" lon="20.076153"><ele>1881.0</ele></trkpt>
      <trkpt lat="49.168353" lon="20.076203"><ele>1881.0</ele></trkpt>
      <trkpt lat="49.168327" lon="20.076226"><ele>1883.0</ele></trkpt>
      <trkpt lat="49.168320" lon="20.076260"><ele>1884.0</ele></trkpt>
      <trkpt lat="49.168343" lon="20.076274"><ele>1886.0</ele></trkpt>
      <trkpt lat="49.168375" lon="20.076265"><ele>1887.0</ele></trkpt>
      <trkpt lat="49.168397" lon="20.076277"><ele>1888.0</ele></trkpt>
      <trkpt lat="49.168421" lon="20.076293"><ele>1889.0</ele></trkpt>
      <trkpt lat="49.168446" lon="20.076306"><ele>1890.0</ele></trkpt>
      <trkpt lat="49.168466" lon="20.076312"><ele>1890.0</ele></trkpt>
      <trkpt lat="49.168485" lon="20.076318"><ele>1889.0</ele></trkpt>
      <trkpt lat="49.168506" lon="20.076320"><ele>1889.0</ele></trkpt>
      <trkpt lat="49.168520" lon="20.076341"><ele>1890.0</ele></trkpt>
      <trkpt lat="49.168521" lon="20.076376"><ele>1892.0</ele></trkpt>
      <trkpt lat="49.168504" lon="20.076394"><ele>1893.0</ele></trkpt>
      <trkpt lat="49.168486" lon="20.076413"><ele>1892.0</ele></trkpt>
      <trkpt lat="49.168474" lon="20.076434"><ele>1892.0</ele></trkpt>
      <trkpt lat="49.168465" lon="20.076464"><ele>1893.0</ele></trkpt>
      <trkpt lat="49.168452" lon="20.076494"><ele>1892.0</ele></trkpt>
      <trkpt lat="49.168433" lon="20.076511"><ele>1893.0</ele></trkpt>
      <trkpt lat="49.168424" lon="20.076540"><ele>1893.0</ele></trkpt>
      <trkpt lat="49.168435" lon="20.076564"><ele>1894.0</ele></trkpt>
      <trkpt lat="49.168457" lon="20.076576"><ele>1895.0</ele></trkpt>
      <trkpt lat="49.168483" lon="20.076587"><ele>1895.0</ele></trkpt>
      <trkpt lat="49.168514" lon="20.076595"><ele>1896.0</ele></trkpt>
      <trkpt lat="49.168532" lon="20.076600"><ele>1896.0</ele></trkpt>
      <trkpt lat="49.168553" lon="20.076605"><ele>1897.0</ele></trkpt>
      <trkpt lat="49.168575" lon="20.076605"><ele>1898.0</ele></trkpt>
      <trkpt lat="49.168596" lon="20.076616"><ele>1898.0</ele></trkpt>
      <trkpt lat="49.168615" lon="20.076627"><ele>1898.0</ele></trkpt>
      <trkpt lat="49.168638" lon="20.076628"><ele>1899.0</ele></trkpt>
      <trkpt lat="49.168662" lon="20.076629"><ele>1900.0</ele></trkpt>
      <trkpt lat="49.168682" lon="20.076628"><ele>1900.0</ele></trkpt>
      <trkpt lat="49.168701" lon="20.076637"><ele>1900.0</ele></trkpt>
      <trkpt lat="49.168727" lon="20.076640"><ele>1901.0</ele></trkpt>
      <trkpt lat="49.168749" lon="20.076646"><ele>1902.0</ele></trkpt>
      <trkpt lat="49.168769" lon="20.076647"><ele>1903.0</ele></trkpt>
      <trkpt lat="49.168787" lon="20.076648"><ele>1903.0</ele></trkpt>
      <trkpt lat="49.168809" lon="20.076648"><ele>1903.0</ele></trkpt>
      <trkpt lat="49.168829" lon="20.076649"><ele>1903.0</ele></trkpt>
      <trkpt lat="49.168847" lon="20.076650"><ele>1903.0</ele></trkpt>
      <trkpt lat="49.168865" lon="20.076658"><ele>1904.0</ele></trkpt>
      <trkpt lat="49.168886" lon="20.076659"><ele>1904.0</ele></trkpt>
      <trkpt lat="49.168907" lon="20.076662"><ele>1904.0</ele></trkpt>
      <trkpt lat="49.168929" lon="20.076657"><ele>1905.0</ele></trkpt>
      <trkpt lat="49.168947" lon="20.076642"><ele>1905.0</ele></trkpt>
      <trkpt lat="49.168967" lon="20.076634"><ele>1905.0</ele></trkpt>
      <trkpt lat="49.168994" lon="20.076628"><ele>1905.0</ele></trkpt>
      <trkpt lat="49.169021" lon="20.076619"><ele>1905.0</ele></trkpt>
      <trkpt lat="49.169042" lon="20.076606"><ele>1905.0</ele></trkpt>
      <trkpt lat="49.169059" lon="20.076595"><ele>1907.0</ele></trkpt>
      <trkpt lat="49.169084" lon="20.076598"><ele>1908.0</ele></trkpt>
      <trkpt lat="49.169109" lon="20.076586"><ele>1908.0</ele></trkpt>
      <trkpt lat="49.169128" lon="20.076576"><ele>1908.0</ele></trkpt>
      <trkpt lat="49.169150" lon="20.076567"><ele>1908.0</ele></trkpt>
      <trkpt lat="49.169168" lon="20.076561"><ele>1908.0</ele></trkpt>
      <trkpt lat="49.169191" lon="20.076557"><ele>1908.0</ele></trkpt>
      <trkpt lat="49.169217" lon="20.076555"><ele>1908.0</ele></trkpt>
      <trkpt lat="49.169240" lon="20.076546"><ele>1908.0</ele></trkpt>
      <trkpt lat="49.169263" lon="20.076545"><ele>1909.0</ele></trkpt>
      <trkpt lat="49.169281" lon="20.076558"><ele>1910.0</ele></trkpt>
      <trkpt lat="49.169302" lon="20.076572"><ele>1911.0</ele></trkpt>
      <trkpt lat="49.169317" lon="20.076588"><ele>1911.0</ele></trkpt>
      <trkpt lat="49.169338" lon="20.076616"><ele>1912.0</ele></trkpt>
      <trkpt lat="49.169354" lon="20.076638"><ele>1913.0</ele></trkpt>
      <trkpt lat="49.169370" lon="20.076663"><ele>1913.0</ele></trkpt>
      <trkpt lat="49.169376" lon="20.076691"><ele>1915.0</ele></trkpt>
      <trkpt lat="49.169389" lon="20.076716"><ele>1915.0</ele></trkpt>
      <trkpt lat="49.169402" lon="20.076741"><ele>1915.0</ele></trkpt>
      <trkpt lat="49.169413" lon="20.076771"><ele>1916.0</ele></trkpt>
      <trkpt lat="49.169420" lon="20.076806"><ele>1917.0</ele></trkpt>
      <trkpt lat="49.169433" lon="20.076836"><ele>1917.0</ele></trkpt>
      <trkpt lat="49.169457" lon="20.076836"><ele>1917.0</ele></trkpt>
      <trkpt lat="49.169480" lon="20.076846"><ele>1918.0</ele></trkpt>
      <trkpt lat="49.169499" lon="20.076850"><ele>1918.0</ele></trkpt>
      <trkpt lat="49.169525" lon="20.076858"><ele>1920.0</ele></trkpt>
      <trkpt lat="49.169545" lon="20.076863"><ele>1920.0</ele></trkpt>
      <trkpt lat="49.169570" lon="20.076852"><ele>1921.0</ele></trkpt>
      <trkpt lat="49.169588" lon="20.076846"><ele>1921.0</ele></trkpt>
      <trkpt lat="49.169612" lon="20.076853"><ele>1922.0</ele></trkpt>
      <trkpt lat="49.169629" lon="20.076880"><ele>1923.0</ele></trkpt>
      <trkpt lat="49.169642" lon="20.076904"><ele>1923.0</ele></trkpt>
      <trkpt lat="49.169659" lon="20.076919"><ele>1924.0</ele></trkpt>
      <trkpt lat="49.169678" lon="20.076942"><ele>1924.0</ele></trkpt>
      <trkpt lat="49.169690" lon="20.076964"><ele>1924.0</ele></trkpt>
      <trkpt lat="49.169706" lon="20.076988"><ele>1925.0</ele></trkpt>
      <trkpt lat="49.169732" lon="20.076998"><ele>1925.0</ele></trkpt>
      <trkpt lat="49.169757" lon="20.077021"><ele>1925.0</ele></trkpt>
      <trkpt lat="49.169774" lon="20.077029"><ele>1925.0</ele></trkpt>
      <trkpt lat="49.169794" lon="20.077031"><ele>1925.0</ele></trkpt>
      <trkpt lat="49.169808" lon="20.077062"><ele>1925.0</ele></trkpt>
      <trkpt lat="49.169822" lon="20.077086"><ele>1925.0</ele></trkpt>
      <trkpt lat="49.169840" lon="20.077110"><ele>1925.0</ele></trkpt>
      <trkpt lat="49.169864" lon="20.077125"><ele>1926.0</ele></trkpt>
      <trkpt lat="49.169886" lon="20.077141"><ele>1926.0</ele></trkpt>
      <trkpt lat="49.169911" lon="20.077156"><ele>1926.0</ele></trkpt>
      <trkpt lat="49.169931" lon="20.077164"><ele>1925.0</ele></trkpt>
      <trkpt lat="49.169951" lon="20.077169"><ele>1925.0</ele></trkpt>
      <trkpt lat="49.169970" lon="20.077181"><ele>1925.0</ele></trkpt>
      <trkpt lat="49.169991" lon="20.077193"><ele>1926.0</ele></trkpt>
      <trkpt lat="49.170011" lon="20.077192"><ele>1926.0</ele></trkpt>
      <trkpt lat="49.170038" lon="20.077188"><ele>1925.0</ele></trkpt>
      <trkpt lat="49.170058" lon="20.077185"><ele>1926.0</ele></trkpt>
      <trkpt lat="49.170078" lon="20.077180"><ele>1926.0</ele></trkpt>
      <trkpt lat="49.170098" lon="20.077178"><ele>1925.0</ele></trkpt>
      <trkpt lat="49.170123" lon="20.077181"><ele>1925.0</ele></trkpt>
      <trkpt lat="49.170144" lon="20.077198"><ele>1925.0</ele></trkpt>
      <trkpt lat="49.170162" lon="20.077220"><ele>1925.0</ele></trkpt>
      <trkpt lat="49.170177" lon="20.077239"><ele>1926.0</ele></trkpt>
      <trkpt lat="49.170194" lon="20.077256"><ele>1926.0</ele></trkpt>
      <trkpt lat="49.170213" lon="20.077274"><ele>1925.0</ele></trkpt>
      <trkpt lat="49.170236" lon="20.077282"><ele>1925.0</ele></trkpt>
      <trkpt lat="49.170253" lon="20.077292"><ele>1925.0</ele></trkpt>
      <trkpt lat="49.170274" lon="20.077321"><ele>1926.0</ele></trkpt>
      <trkpt lat="49.170291" lon="20.077346"><ele>1926.0</ele></trkpt>
      <trkpt lat="49.170304" lon="20.077365"><ele>1927.0</ele></trkpt>
      <trkpt lat="49.170319" lon="20.077388"><ele>1928.0</ele></trkpt>
      <trkpt lat="49.170343" lon="20.077404"><ele>1927.0</ele></trkpt>
      <trkpt lat="49.170362" lon="20.077423"><ele>1928.0</ele></trkpt>
      <trkpt lat="49.170383" lon="20.077447"><ele>1929.0</ele></trkpt>
      <trkpt lat="49.170396" lon="20.077471"><ele>1929.0</ele></trkpt>
      <trkpt lat="49.170410" lon="20.077492"><ele>1929.0</ele></trkpt>
      <trkpt lat="49.170422" lon="20.077524"><ele>1930.0</ele></trkpt>
      <trkpt lat="49.170441" lon="20.077548"><ele>1930.0</ele></trkpt>
      <trkpt lat="49.170448" lon="20.077583"><ele>1930.0</ele></trkpt>
      <trkpt lat="49.170444" lon="20.077615"><ele>1929.0</ele></trkpt>
      <trkpt lat="49.170453" lon="20.077652"><ele>1930.0</ele></trkpt>
      <trkpt lat="49.170456" lon="20.077693"><ele>1930.0</ele></trkpt>
      <trkpt lat="49.170459" lon="20.077741"><ele>1930.0</ele></trkpt>
      <trkpt lat="49.170464" lon="20.077788"><ele>1930.0</ele></trkpt>
      <trkpt lat="49.170475" lon="20.077833"><ele>1930.0</ele></trkpt>
      <trkpt lat="49.170503" lon="20.077858"><ele>1931.0</ele></trkpt>
      <trkpt lat="49.170533" lon="20.077877"><ele>1931.0</ele></trkpt>
      <trkpt lat="49.170556" lon="20.077902"><ele>1931.0</ele></trkpt>
      <trkpt lat="49.170573" lon="20.077917"><ele>1932.0</ele></trkpt>
      <trkpt lat="49.170590" lon="20.077930"><ele>1932.0</ele></trkpt>
      <trkpt lat="49.170606" lon="20.077951"><ele>1933.0</ele></trkpt>
      <trkpt lat="49.170627" lon="20.077980"><ele>1933.0</ele></trkpt>
      <trkpt lat="49.170641" lon="20.078002"><ele>1933.0</ele></trkpt>
      <trkpt lat="49.170656" lon="20.078023"><ele>1933.0</ele></trkpt>
      <trkpt lat="49.170678" lon="20.078031"><ele>1932.0</ele></trkpt>
      <trkpt lat="49.170698" lon="20.078046"><ele>1932.0</ele></trkpt>
      <trkpt lat="49.170719" lon="20.078062"><ele>1932.0</ele></trkpt>
      <trkpt lat="49.170737" lon="20.078075"><ele>1931.0</ele></trkpt>
      <trkpt lat="49.170760" lon="20.078069"><ele>1932.0</ele></trkpt>
      <trkpt lat="49.170778" lon="20.078083"><ele>1932.0</ele></trkpt>
      <trkpt lat="49.170797" lon="20.078094"><ele>1932.0</ele></trkpt>
      <trkpt lat="49.170812" lon="20.078114"><ele>1932.0</ele></trkpt>
      <trkpt lat="49.170833" lon="20.078122"><ele>1932.0</ele></trkpt>
      <trkpt lat="49.170855" lon="20.078130"><ele>1932.0</ele></trkpt>
      <trkpt lat="49.170875" lon="20.078134"><ele>1932.0</ele></trkpt>
      <trkpt lat="49.170894" lon="20.078155"><ele>1932.0</ele></trkpt>
      <trkpt lat="49.170913" lon="20.078178"><ele>1932.0</ele></trkpt>
      <trkpt lat="49.170931" lon="20.078196"><ele>1932.0</ele></trkpt>
      <trkpt lat="49.170948" lon="20.078213"><ele>1932.0</ele></trkpt>
      <trkpt lat="49.170966" lon="20.078224"><ele>1934.0</ele></trkpt>
      <trkpt lat="49.170980" lon="20.078252"><ele>1933.0</ele></trkpt>
      <trkpt lat="49.170993" lon="20.078277"><ele>1933.0</ele></trkpt>
      <trkpt lat="49.171003" lon="20.078313"><ele>1934.0</ele></trkpt>
      <trkpt lat="49.171009" lon="20.078350"><ele>1935.0</ele></trkpt>
      <trkpt lat="49.171017" lon="20.078377"><ele>1935.0</ele></trkpt>
      <trkpt lat="49.171034" lon="20.078401"><ele>1935.0</ele></trkpt>
      <trkpt lat="49.171044" lon="20.078423"><ele>1935.0</ele></trkpt>
      <trkpt lat="49.171061" lon="20.078445"><ele>1935.0</ele></trkpt>
      <trkpt lat="49.171084" lon="20.078456"><ele>1935.0</ele></trkpt>
      <trkpt lat="49.171106" lon="20.078463"><ele>1935.0</ele></trkpt>
      <trkpt lat="49.171113" lon="20.078497"><ele>1936.0</ele></trkpt>
      <trkpt lat="49.171126" lon="20.078522"><ele>1936.0</ele></trkpt>
      <trkpt lat="49.171139" lon="20.078548"><ele>1936.0</ele></trkpt>
      <trkpt lat="49.171155" lon="20.078573"><ele>1938.0</ele></trkpt>
      <trkpt lat="49.171173" lon="20.078599"><ele>1939.0</ele></trkpt>
      <trkpt lat="49.171184" lon="20.078626"><ele>1938.0</ele></trkpt>
      <trkpt lat="49.171199" lon="20.078653"><ele>1938.0</ele></trkpt>
      <trkpt lat="49.171201" lon="20.078689"><ele>1938.0</ele></trkpt>
      <trkpt lat="49.171210" lon="20.078715"><ele>1938.0</ele></trkpt>
      <trkpt lat="49.171234" lon="20.078736"><ele>1938.0</ele></trkpt>
      <trkpt lat="49.171252" lon="20.078743"><ele>1939.0</ele></trkpt>
      <trkpt lat="49.171268" lon="20.078771"><ele>1939.0</ele></trkpt>
      <trkpt lat="49.171291" lon="20.078789"><ele>1939.0</ele></trkpt>
      <trkpt lat="49.171314" lon="20.078806"><ele>1939.0</ele></trkpt>
      <trkpt lat="49.171332" lon="20.078806"><ele>1940.0</ele></trkpt>
      <trkpt lat="49.171350" lon="20.078815"><ele>1941.0</ele></trkpt>
      <trkpt lat="49.171369" lon="20.078822"><ele>1940.0</ele></trkpt>
      <trkpt lat="49.171391" lon="20.078831"><ele>1940.0</ele></trkpt>
      <trkpt lat="49.171405" lon="20.078852"><ele>1942.0</ele></trkpt>
      <trkpt lat="49.171414" lon="20.078877"><ele>1942.0</ele></trkpt>
      <trkpt lat="49.171423" lon="20.078908"><ele>1942.0</ele></trkpt>
      <trkpt lat="49.171447" lon="20.078934"><ele>1941.0</ele></trkpt>
      <trkpt lat="49.171462" lon="20.078954"><ele>1941.0</ele></trkpt>
      <trkpt lat="49.171477" lon="20.078974"><ele>1941.0</ele></trkpt>
      <trkpt lat="49.171498" lon="20.078989"><ele>1942.0</ele></trkpt>
      <trkpt lat="49.171519" lon="20.079006"><ele>1942.0</ele></trkpt>
      <trkpt lat="49.171544" lon="20.079018"><ele>1942.0</ele></trkpt>
      <trkpt lat="49.171561" lon="20.079040"><ele>1942.0</ele></trkpt>
      <trkpt lat="49.171572" lon="20.079065"><ele>1942.0</ele></trkpt>
      <trkpt lat="49.171581" lon="20.079095"><ele>1942.0</ele></trkpt>
      <trkpt lat="49.171595" lon="20.079130"><ele>1943.0</ele></trkpt>
      <trkpt lat="49.171607" lon="20.079164"><ele>1943.0</ele></trkpt>
      <trkpt lat="49.171616" lon="20.079194"><ele>1944.0</ele></trkpt>
      <trkpt lat="49.171627" lon="20.079218"><ele>1943.0</ele></trkpt>
      <trkpt lat="49.171652" lon="20.079237"><ele>1943.0</ele></trkpt>
      <trkpt lat="49.171678" lon="20.079234"><ele>1944.0</ele></trkpt>
      <trkpt lat="49.171697" lon="20.079237"><ele>1944.0</ele></trkpt>
      <trkpt lat="49.171716" lon="20.079244"><ele>1944.0</ele></trkpt>
      <trkpt lat="49.171738" lon="20.079258"><ele>1944.0</ele></trkpt>
      <trkpt lat="49.171757" lon="20.079274"><ele>1944.0</ele></trkpt>
      <trkpt lat="49.171780" lon="20.079286"><ele>1944.0</ele></trkpt>
      <trkpt lat="49.171798" lon="20.079313"><ele>1944.0</ele></trkpt>
      <trkpt lat="49.171818" lon="20.079336"><ele>1945.0</ele></trkpt>
      <trkpt lat="49.171839" lon="20.079341"><ele>1945.0</ele></trkpt>
      <trkpt lat="49.171856" lon="20.079354"><ele>1945.0</ele></trkpt>
      <trkpt lat="49.171881" lon="20.079367"><ele>1945.0</ele></trkpt>
      <trkpt lat="49.171904" lon="20.079389"><ele>1945.0</ele></trkpt>
      <trkpt lat="49.171914" lon="20.079413"><ele>1947.0</ele></trkpt>
      <trkpt lat="49.171921" lon="20.079441"><ele>1947.0</ele></trkpt>
      <trkpt lat="49.171928" lon="20.079468"><ele>1947.0</ele></trkpt>
      <trkpt lat="49.171929" lon="20.079500"><ele>1947.0</ele></trkpt>
      <trkpt lat="49.171948" lon="20.079527"><ele>1948.0</ele></trkpt>
      <trkpt lat="49.171967" lon="20.079547"><ele>1948.0</ele></trkpt>
      <trkpt lat="49.171987" lon="20.079572"><ele>1948.0</ele></trkpt>
      <trkpt lat="49.171999" lon="20.079604"><ele>1948.0</ele></trkpt>
      <trkpt lat="49.172017" lon="20.079618"><ele>1949.0</ele></trkpt>
      <trkpt lat="49.172038" lon="20.079627"><ele>1949.0</ele></trkpt>
      <trkpt lat="49.172064" lon="20.079634"><ele>1949.0</ele></trkpt>
      <trkpt lat="49.172076" lon="20.079660"><ele>1949.0</ele></trkpt>
      <trkpt lat="49.172101" lon="20.079664"><ele>1950.0</ele></trkpt>
      <trkpt lat="49.172121" lon="20.079671"><ele>1951.0</ele></trkpt>
      <trkpt lat="49.172144" lon="20.079679"><ele>1950.0</ele></trkpt>
      <trkpt lat="49.172167" lon="20.079683"><ele>1950.0</ele></trkpt>
      <trkpt lat="49.172186" lon="20.079690"><ele>1950.0</ele></trkpt>
      <trkpt lat="49.172205" lon="20.079710"><ele>1951.0</ele></trkpt>
      <trkpt lat="49.172225" lon="20.079731"><ele>1951.0</ele></trkpt>
      <trkpt lat="49.172240" lon="20.079751"><ele>1952.0</ele></trkpt>
      <trkpt lat="49.172259" lon="20.079764"><ele>1951.0</ele></trkpt>
      <trkpt lat="49.172277" lon="20.079788"><ele>1952.0</ele></trkpt>
      <trkpt lat="49.172291" lon="20.079815"><ele>1952.0</ele></trkpt>
      <trkpt lat="49.172296" lon="20.079846"><ele>1953.0</ele></trkpt>
      <trkpt lat="49.172312" lon="20.079871"><ele>1954.0</ele></trkpt>
      <trkpt lat="49.172327" lon="20.079889"><ele>1954.0</ele></trkpt>
      <trkpt lat="49.172346" lon="20.079906"><ele>1954.0</ele></trkpt>
      <trkpt lat="49.172368" lon="20.079893"><ele>1955.0</ele></trkpt>
      <trkpt lat="49.172379" lon="20.079926"><ele>1955.0</ele></trkpt>
      <trkpt lat="49.172394" lon="20.079950"><ele>1955.0</ele></trkpt>
      <trkpt lat="49.172413" lon="20.079960"><ele>1955.0</ele></trkpt>
      <trkpt lat="49.172438" lon="20.079964"><ele>1955.0</ele></trkpt>
      <trkpt lat="49.172457" lon="20.079981"><ele>1955.0</ele></trkpt>
      <trkpt lat="49.172477" lon="20.079997"><ele>1955.0</ele></trkpt>
      <trkpt lat="49.172498" lon="20.080000"><ele>1955.0</ele></trkpt>
      <trkpt lat="49.172522" lon="20.080015"><ele>1956.0</ele></trkpt>
      <trkpt lat="49.172536" lon="20.080034"><ele>1956.0</ele></trkpt>
      <trkpt lat="49.172552" lon="20.080044"><ele>1957.0</ele></trkpt>
      <trkpt lat="49.172572" lon="20.080066"><ele>1957.0</ele></trkpt>
      <trkpt lat="49.172589" lon="20.080095"><ele>1957.0</ele></trkpt>
      <trkpt lat="49.172596" lon="20.080124"><ele>1958.0</ele></trkpt>
      <trkpt lat="49.172606" lon="20.080151"><ele>1958.0</ele></trkpt>
      <trkpt lat="49.172628" lon="20.080155"><ele>1959.0</ele></trkpt>
      <trkpt lat="49.172644" lon="20.080167"><ele>1960.0</ele></trkpt>
      <trkpt lat="49.172663" lon="20.080192"><ele>1961.0</ele></trkpt>
      <trkpt lat="49.172680" lon="20.080213"><ele>1961.0</ele></trkpt>
      <trkpt lat="49.172693" lon="20.080232"><ele>1961.0</ele></trkpt>
      <trkpt lat="49.172705" lon="20.080262"><ele>1961.0</ele></trkpt>
      <trkpt lat="49.172723" lon="20.080282"><ele>1962.0</ele></trkpt>
      <trkpt lat="49.172743" lon="20.080304"><ele>1962.0</ele></trkpt>
      <trkpt lat="49.172760" lon="20.080328"><ele>1962.0</ele></trkpt>
      <trkpt lat="49.172778" lon="20.080336"><ele>1962.0</ele></trkpt>
      <trkpt lat="49.172789" lon="20.080363"><ele>1962.0</ele></trkpt>
      <trkpt lat="49.172809" lon="20.080381"><ele>1963.0</ele></trkpt>
      <trkpt lat="49.172830" lon="20.080398"><ele>1963.0</ele></trkpt>
      <trkpt lat="49.172849" lon="20.080427"><ele>1964.0</ele></trkpt>
      <trkpt lat="49.172868" lon="20.080446"><ele>1964.0</ele></trkpt>
      <trkpt lat="49.172888" lon="20.080470"><ele>1964.0</ele></trkpt>
      <trkpt lat="49.172902" lon="20.080488"><ele>1964.0</ele></trkpt>
      <trkpt lat="49.172927" lon="20.080510"><ele>1964.0</ele></trkpt>
      <trkpt lat="49.172937" lon="20.080535"><ele>1965.0</ele></trkpt>
      <trkpt lat="49.172955" lon="20.080549"><ele>1966.0</ele></trkpt>
      <trkpt lat="49.172981" lon="20.080566"><ele>1966.0</ele></trkpt>
      <trkpt lat="49.172991" lon="20.080594"><ele>1967.0</ele></trkpt>
      <trkpt lat="49.173003" lon="20.080622"><ele>1967.0</ele></trkpt>
      <trkpt lat="49.173013" lon="20.080648"><ele>1967.0</ele></trkpt>
      <trkpt lat="49.173012" lon="20.080676"><ele>1968.0</ele></trkpt>
      <trkpt lat="49.173023" lon="20.080709"><ele>1969.0</ele></trkpt>
      <trkpt lat="49.173039" lon="20.080738"><ele>1969.0</ele></trkpt>
      <trkpt lat="49.173057" lon="20.080756"><ele>1970.0</ele></trkpt>
      <trkpt lat="49.173081" lon="20.080777"><ele>1970.0</ele></trkpt>
      <trkpt lat="49.173097" lon="20.080805"><ele>1970.0</ele></trkpt>
      <trkpt lat="49.173111" lon="20.080832"><ele>1970.0</ele></trkpt>
      <trkpt lat="49.173129" lon="20.080849"><ele>1971.0</ele></trkpt>
      <trkpt lat="49.173143" lon="20.080874"><ele>1971.0</ele></trkpt>
      <trkpt lat="49.173161" lon="20.080851"><ele>1970.0</ele></trkpt>
      <trkpt lat="49.173184" lon="20.080856"><ele>1970.0</ele></trkpt>
      <trkpt lat="49.173203" lon="20.080850"><ele>1970.0</ele></trkpt>
      <trkpt lat="49.173220" lon="20.080837"><ele>1970.0</ele></trkpt>
      <trkpt lat="49.173239" lon="20.080834"><ele>1969.0</ele></trkpt>
      <trkpt lat="49.173257" lon="20.080841"><ele>1969.0</ele></trkpt>
      <trkpt lat="49.173276" lon="20.080837"><ele>1969.0</ele></trkpt>
      <trkpt lat="49.173301" lon="20.080827"><ele>1969.0</ele></trkpt>
      <trkpt lat="49.173320" lon="20.080825"><ele>1969.0</ele></trkpt>
      <trkpt lat="49.173341" lon="20.080832"><ele>1969.0</ele></trkpt>
      <trkpt lat="49.173358" lon="20.080847"><ele>1970.0</ele></trkpt>
      <trkpt lat="49.173384" lon="20.080856"><ele>1970.0</ele></trkpt>
      <trkpt lat="49.173408" lon="20.080868"><ele>1970.0</ele></trkpt>
      <trkpt lat="49.173426" lon="20.080881"><ele>1970.0</ele></trkpt>
      <trkpt lat="49.173444" lon="20.080878"><ele>1971.0</ele></trkpt>
      <trkpt lat="49.173463" lon="20.080897"><ele>1971.0</ele></trkpt>
      <trkpt lat="49.173479" lon="20.080910"><ele>1972.0</ele></trkpt>
      <trkpt lat="49.173493" lon="20.080937"><ele>1972.0</ele></trkpt>
      <trkpt lat="49.173516" lon="20.080951"><ele>1972.0</ele></trkpt>
      <trkpt lat="49.173538" lon="20.080953"><ele>1973.0</ele></trkpt>
      <trkpt lat="49.173556" lon="20.080973"><ele>1974.0</ele></trkpt>
      <trkpt lat="49.173577" lon="20.080999"><ele>1975.0</ele></trkpt>
      <trkpt lat="49.173596" lon="20.081021"><ele>1974.0</ele></trkpt>
      <trkpt lat="49.173618" lon="20.081031"><ele>1975.0</ele></trkpt>
      <trkpt lat="49.173644" lon="20.081044"><ele>1977.0</ele></trkpt>
      <trkpt lat="49.173661" lon="20.081065"><ele>1977.0</ele></trkpt>
      <trkpt lat="49.173674" lon="20.081086"><ele>1978.0</ele></trkpt>
      <trkpt lat="49.173689" lon="20.081102"><ele>1978.0</ele></trkpt>
      <trkpt lat="49.173705" lon="20.081120"><ele>1978.0</ele></trkpt>
      <trkpt lat="49.173725" lon="20.081144"><ele>1979.0</ele></trkpt>
      <trkpt lat="49.173741" lon="20.081169"><ele>1980.0</ele></trkpt>
      <trkpt lat="49.173758" lon="20.081193"><ele>1980.0</ele></trkpt>
      <trkpt lat="49.173776" lon="20.081218"><ele>1978.0</ele></trkpt>
      <trkpt lat="49.173795" lon="20.081243"><ele>1978.0</ele></trkpt>
      <trkpt lat="49.173814" lon="20.081260"><ele>1979.0</ele></trkpt>
      <trkpt lat="49.173831" lon="20.081279"><ele>1980.0</ele></trkpt>
      <trkpt lat="49.173849" lon="20.081292"><ele>1980.0</ele></trkpt>
      <trkpt lat="49.173869" lon="20.081284"><ele>1981.0</ele></trkpt>
      <trkpt lat="49.173894" lon="20.081291"><ele>1981.0</ele></trkpt>
      <trkpt lat="49.173911" lon="20.081307"><ele>1981.0</ele></trkpt>
      <trkpt lat="49.173931" lon="20.081328"><ele>1982.0</ele></trkpt>
      <trkpt lat="49.173954" lon="20.081308"><ele>1983.0</ele></trkpt>
      <trkpt lat="49.173972" lon="20.081281"><ele>1983.0</ele></trkpt>
      <trkpt lat="49.173989" lon="20.081267"><ele>1984.0</ele></trkpt>
      <trkpt lat="49.174013" lon="20.081256"><ele>1985.0</ele></trkpt>
      <trkpt lat="49.174036" lon="20.081249"><ele>1985.0</ele></trkpt>
      <trkpt lat="49.174055" lon="20.081244"><ele>1985.0</ele></trkpt>
      <trkpt lat="49.174080" lon="20.081240"><ele>1985.0</ele></trkpt>
      <trkpt lat="49.174101" lon="20.081243"><ele>1984.0</ele></trkpt>
      <trkpt lat="49.174120" lon="20.081248"><ele>1985.0</ele></trkpt>
      <trkpt lat="49.174142" lon="20.081247"><ele>1985.0</ele></trkpt>
      <trkpt lat="49.174161" lon="20.081259"><ele>1985.0</ele></trkpt>
      <trkpt lat="49.174185" lon="20.081256"><ele>1985.0</ele></trkpt>
      <trkpt lat="49.174206" lon="20.081267"><ele>1985.0</ele></trkpt>
      <trkpt lat="49.174229" lon="20.081274"><ele>1985.0</ele></trkpt>
      <trkpt lat="49.174250" lon="20.081289"><ele>1985.0</ele></trkpt>
      <trkpt lat="49.174262" lon="20.081312"><ele>1986.0</ele></trkpt>
      <trkpt lat="49.174283" lon="20.081328"><ele>1987.0</ele></trkpt>
      <trkpt lat="49.174302" lon="20.081338"><ele>1986.0</ele></trkpt>
      <trkpt lat="49.174319" lon="20.081348"><ele>1986.0</ele></trkpt>
      <trkpt lat="49.174333" lon="20.081370"><ele>1986.0</ele></trkpt>
      <trkpt lat="49.174343" lon="20.081396"><ele>1986.0</ele></trkpt>
      <trkpt lat="49.174360" lon="20.081419"><ele>1987.0</ele></trkpt>
      <trkpt lat="49.174384" lon="20.081421"><ele>1987.0</ele></trkpt>
      <trkpt lat="49.174404" lon="20.081430"><ele>1987.0</ele></trkpt>
      <trkpt lat="49.174421" lon="20.081440"><ele>1987.0</ele></trkpt>
      <trkpt lat="49.174440" lon="20.081448"><ele>1988.0</ele></trkpt>
      <trkpt lat="49.174459" lon="20.081457"><ele>1988.0</ele></trkpt>
      <trkpt lat="49.174478" lon="20.081466"><ele>1989.0</ele></trkpt>
      <trkpt lat="49.174494" lon="20.081482"><ele>1989.0</ele></trkpt>
      <trkpt lat="49.174513" lon="20.081502"><ele>1989.0</ele></trkpt>
      <trkpt lat="49.174537" lon="20.081510"><ele>1990.0</ele></trkpt>
      <trkpt lat="49.174558" lon="20.081506"><ele>1990.0</ele></trkpt>
      <trkpt lat="49.174577" lon="20.081511"><ele>1991.0</ele></trkpt>
      <trkpt lat="49.174598" lon="20.081518"><ele>1992.0</ele></trkpt>
      <trkpt lat="49.174604" lon="20.081551"><ele>1993.0</ele></trkpt>
      <trkpt lat="49.174614" lon="20.081574"><ele>1993.0</ele></trkpt>
      <trkpt lat="49.174636" lon="20.081602"><ele>1995.0</ele></trkpt>
      <trkpt lat="49.174660" lon="20.081586"><ele>1995.0</ele></trkpt>
      <trkpt lat="49.174678" lon="20.081581"><ele>1997.0</ele></trkpt>
      <trkpt lat="49.174698" lon="20.081575"><ele>1997.0</ele></trkpt>
      <trkpt lat="49.174717" lon="20.081591"><ele>1997.0</ele></trkpt>
      <trkpt lat="49.174739" lon="20.081599"><ele>1998.0</ele></trkpt>
      <trkpt lat="49.174760" lon="20.081609"><ele>1999.0</ele></trkpt>
      <trkpt lat="49.174779" lon="20.081615"><ele>1999.0</ele></trkpt>
      <trkpt lat="49.174793" lon="20.081635"><ele>1999.0</ele></trkpt>
      <trkpt lat="49.174807" lon="20.081609"><ele>2001.0</ele></trkpt>
      <trkpt lat="49.174828" lon="20.081602"><ele>2000.0</ele></trkpt>
      <trkpt lat="49.174849" lon="20.081614"><ele>2000.0</ele></trkpt>
      <trkpt lat="49.174867" lon="20.081636"><ele>2001.0</ele></trkpt>
      <trkpt lat="49.174863" lon="20.081677"><ele>2002.0</ele></trkpt>
      <trkpt lat="49.174851" lon="20.081703"><ele>2002.0</ele></trkpt>
      <trkpt lat="49.174845" lon="20.081729"><ele>2004.0</ele></trkpt>
      <trkpt lat="49.174842" lon="20.081765"><ele>2005.0</ele></trkpt>
      <trkpt lat="49.174832" lon="20.081801"><ele>2006.0</ele></trkpt>
      <trkpt lat="49.174835" lon="20.081831"><ele>2006.0</ele></trkpt>
      <trkpt lat="49.174853" lon="20.081852"><ele>2007.0</ele></trkpt>
      <trkpt lat="49.174874" lon="20.081857"><ele>2008.0</ele></trkpt>
      <trkpt lat="49.174895" lon="20.081854"><ele>2009.0</ele></trkpt>
      <trkpt lat="49.174919" lon="20.081842"><ele>2010.0</ele></trkpt>
      <trkpt lat="49.174938" lon="20.081837"><ele>2010.0</ele></trkpt>
      <trkpt lat="49.174956" lon="20.081833"><ele>2010.0</ele></trkpt>
      <trkpt lat="49.174977" lon="20.081833"><ele>2010.0</ele></trkpt>
      <trkpt lat="49.174992" lon="20.081813"><ele>2010.0</ele></trkpt>
      <trkpt lat="49.175010" lon="20.081811"><ele>2010.0</ele></trkpt>
      <trkpt lat="49.175029" lon="20.081807"><ele>2010.0</ele></trkpt>
      <trkpt lat="49.175051" lon="20.081791"><ele>2011.0</ele></trkpt>
      <trkpt lat="49.175072" lon="20.081798"><ele>2012.0</ele></trkpt>
      <trkpt lat="49.175094" lon="20.081784"><ele>2011.0</ele></trkpt>
      <trkpt lat="49.175113" lon="20.081776"><ele>2011.0</ele></trkpt>
      <trkpt lat="49.175134" lon="20.081792"><ele>2012.0</ele></trkpt>
      <trkpt lat="49.175123" lon="20.081822"><ele>2012.0</ele></trkpt>
      <trkpt lat="49.175108" lon="20.081848"><ele>2016.0</ele></trkpt>
      <trkpt lat="49.175092" lon="20.081868"><ele>2016.0</ele></trkpt>
      <trkpt lat="49.175072" lon="20.081890"><ele>2016.0</ele></trkpt>
      <trkpt lat="49.175053" lon="20.081913"><ele>2016.0</ele></trkpt>
      <trkpt lat="49.175037" lon="20.081929"><ele>2016.0</ele></trkpt>
      <trkpt lat="49.175020" lon="20.081956"><ele>2017.0</ele></trkpt>
      <trkpt lat="49.175005" lon="20.081982"><ele>2017.0</ele></trkpt>
      <trkpt lat="49.174998" lon="20.082013"><ele>2018.0</ele></trkpt>
      <trkpt lat="49.174986" lon="20.082035"><ele>2018.0</ele></trkpt>
      <trkpt lat="49.174969" lon="20.082063"><ele>2019.0</ele></trkpt>
      <trkpt lat="49.174954" lon="20.082083"><ele>2019.0</ele></trkpt>
      <trkpt lat="49.174949" lon="20.082118"><ele>2019.0</ele></trkpt>
      <trkpt lat="49.174971" lon="20.082131"><ele>2021.0</ele></trkpt>
      <trkpt lat="49.174993" lon="20.082131"><ele>2021.0</ele></trkpt>
      <trkpt lat="49.175012" lon="20.082133"><ele>2022.0</ele></trkpt>
      <trkpt lat="49.175031" lon="20.082127"><ele>2022.0</ele></trkpt>
      <trkpt lat="49.175057" lon="20.082117"><ele>2023.0</ele></trkpt>
      <trkpt lat="49.175079" lon="20.082116"><ele>2024.0</ele></trkpt>
      <trkpt lat="49.175103" lon="20.082112"><ele>2024.0</ele></trkpt>
      <trkpt lat="49.175125" lon="20.082109"><ele>2025.0</ele></trkpt>
      <trkpt lat="49.175143" lon="20.082110"><ele>2025.0</ele></trkpt>
      <trkpt lat="49.175163" lon="20.082112"><ele>2026.0</ele></trkpt>
      <trkpt lat="49.175185" lon="20.082133"><ele>2026.0</ele></trkpt>
      <trkpt lat="49.175170" lon="20.082159"><ele>2027.0</ele></trkpt>
      <trkpt lat="49.175152" lon="20.082175"><ele>2029.0</ele></trkpt>
      <trkpt lat="49.175131" lon="20.082191"><ele>2029.0</ele></trkpt>
      <trkpt lat="49.175117" lon="20.082212"><ele>2029.0</ele></trkpt>
      <trkpt lat="49.175098" lon="20.082233"><ele>2029.0</ele></trkpt>
      <trkpt lat="49.175074" lon="20.082246"><ele>2029.0</ele></trkpt>
      <trkpt lat="49.175054" lon="20.082263"><ele>2029.0</ele></trkpt>
      <trkpt lat="49.175039" lon="20.082282"><ele>2029.0</ele></trkpt>
      <trkpt lat="49.175030" lon="20.082305"><ele>2029.0</ele></trkpt>
      <trkpt lat="49.175015" lon="20.082331"><ele>2029.0</ele></trkpt>
      <trkpt lat="49.175006" lon="20.082365"><ele>2030.0</ele></trkpt>
      <trkpt lat="49.174994" lon="20.082394"><ele>2031.0</ele></trkpt>
      <trkpt lat="49.174977" lon="20.082414"><ele>2031.0</ele></trkpt>
      <trkpt lat="49.174959" lon="20.082431"><ele>2032.0</ele></trkpt>
      <trkpt lat="49.174933" lon="20.082439"><ele>2032.0</ele></trkpt>
      <trkpt lat="49.174914" lon="20.082447"><ele>2032.0</ele></trkpt>
      <trkpt lat="49.174891" lon="20.082467"><ele>2032.0</ele></trkpt>
      <trkpt lat="49.174875" lon="20.082485"><ele>2033.0</ele></trkpt>
      <trkpt lat="49.174862" lon="20.082508"><ele>2033.0</ele></trkpt>
      <trkpt lat="49.174845" lon="20.082522"><ele>2033.0</ele></trkpt>
      <trkpt lat="49.174828" lon="20.082541"><ele>2034.0</ele></trkpt>
      <trkpt lat="49.174809" lon="20.082552"><ele>2036.0</ele></trkpt>
      <trkpt lat="49.174792" lon="20.082564"><ele>2036.0</ele></trkpt>
      <trkpt lat="49.174809" lon="20.082591"><ele>2037.0</ele></trkpt>
      <trkpt lat="49.174831" lon="20.082598"><ele>2038.0</ele></trkpt>
      <trkpt lat="49.174851" lon="20.082596"><ele>2038.0</ele></trkpt>
      <trkpt lat="49.174874" lon="20.082591"><ele>2039.0</ele></trkpt>
      <trkpt lat="49.174894" lon="20.082589"><ele>2041.0</ele></trkpt>
      <trkpt lat="49.174917" lon="20.082587"><ele>2041.0</ele></trkpt>
      <trkpt lat="49.174940" lon="20.082599"><ele>2042.0</ele></trkpt>
      <trkpt lat="49.174957" lon="20.082613"><ele>2043.0</ele></trkpt>
      <trkpt lat="49.174954" lon="20.082640"><ele>2044.0</ele></trkpt>
      <trkpt lat="49.174933" lon="20.082660"><ele>2044.0</ele></trkpt>
      <trkpt lat="49.174908" lon="20.082674"><ele>2044.0</ele></trkpt>
      <trkpt lat="49.174890" lon="20.082675"><ele>2045.0</ele></trkpt>
      <trkpt lat="49.174895" lon="20.082704"><ele>2046.0</ele></trkpt>
      <trkpt lat="49.174880" lon="20.082730"><ele>2046.0</ele></trkpt>
      <trkpt lat="49.174869" lon="20.082757"><ele>2047.0</ele></trkpt>
      <trkpt lat="49.174848" lon="20.082776"><ele>2048.0</ele></trkpt>
      <trkpt lat="49.174840" lon="20.082801"><ele>2050.0</ele></trkpt>
      <trkpt lat="49.174855" lon="20.082822"><ele>2051.0</ele></trkpt>
      <trkpt lat="49.174878" lon="20.082834"><ele>2051.0</ele></trkpt>
      <trkpt lat="49.174896" lon="20.082832"><ele>2052.0</ele></trkpt>
      <trkpt lat="49.174919" lon="20.082832"><ele>2052.0</ele></trkpt>
      <trkpt lat="49.174939" lon="20.082825"><ele>2052.0</ele></trkpt>
      <trkpt lat="49.174961" lon="20.082829"><ele>2052.0</ele></trkpt>
      <trkpt lat="49.174965" lon="20.082860"><ele>2053.0</ele></trkpt>
      <trkpt lat="49.174943" lon="20.082870"><ele>2054.0</ele></trkpt>
      <trkpt lat="49.174929" lon="20.082888"><ele>2054.0</ele></trkpt>
      <trkpt lat="49.174913" lon="20.082913"><ele>2054.0</ele></trkpt>
      <trkpt lat="49.174906" lon="20.082944"><ele>2056.0</ele></trkpt>
      <trkpt lat="49.174917" lon="20.082969"><ele>2056.0</ele></trkpt>
      <trkpt lat="49.174940" lon="20.082969"><ele>2057.0</ele></trkpt>
      <trkpt lat="49.174959" lon="20.082970"><ele>2057.0</ele></trkpt>
      <trkpt lat="49.174982" lon="20.082986"><ele>2058.0</ele></trkpt>
      <trkpt lat="49.174969" lon="20.083008"><ele>2059.0</ele></trkpt>
      <trkpt lat="49.174945" lon="20.083000"><ele>2060.0</ele></trkpt>
      <trkpt lat="49.174921" lon="20.083006"><ele>2060.0</ele></trkpt>
      <trkpt lat="49.174906" lon="20.083030"><ele>2062.0</ele></trkpt>
      <trkpt lat="49.174895" lon="20.083058"><ele>2063.0</ele></trkpt>
      <trkpt lat="49.174893" lon="20.083088"><ele>2066.0</ele></trkpt>
      <trkpt lat="49.174882" lon="20.083110"><ele>2066.0</ele></trkpt>
      <trkpt lat="49.174871" lon="20.083137"><ele>2068.0</ele></trkpt>
      <trkpt lat="49.174860" lon="20.083179"><ele>2070.0</ele></trkpt>
      <trkpt lat="49.174830" lon="20.083191"><ele>2071.0</ele></trkpt>
      <trkpt lat="49.174830" lon="20.083160"><ele>2071.0</ele></trkpt>
      <trkpt lat="49.174810" lon="20.083166"><ele>2071.0</ele></trkpt>
      <trkpt lat="49.174793" lon="20.083179"><ele>2072.0</ele></trkpt>
      <trkpt lat="49.174779" lon="20.083197"><ele>2073.0</ele></trkpt>
      <trkpt lat="49.174765" lon="20.083204"><ele>2074.0</ele></trkpt>
      <trkpt lat="49.174751" lon="20.083211"><ele>2074.0</ele></trkpt>
      <trkpt lat="49.174737" lon="20.083218"><ele>2074.0</ele></trkpt>
      <trkpt lat="49.174723" lon="20.083225"><ele>2074.0</ele></trkpt>
      <trkpt lat="49.174709" lon="20.083232"><ele>2074.0</ele></trkpt>
      <trkpt lat="49.174699" lon="20.083216"><ele>2076.0</ele></trkpt>
      <trkpt lat="49.174695" lon="20.083196"><ele>2077.0</ele></trkpt>
      <trkpt lat="49.174689" lon="20.083176"><ele>2077.0</ele></trkpt>
      <trkpt lat="49.174685" lon="20.083156"><ele>2076.0</ele></trkpt>
      <trkpt lat="49.174663" lon="20.083116"><ele>2075.0</ele></trkpt>
      <trkpt lat="49.174660" lon="20.083088"><ele>2076.0</ele></trkpt>
      <trkpt lat="49.174646" lon="20.083102"><ele>2077.0</ele></trkpt>
      <trkpt lat="49.174632" lon="20.083117"><ele>2077.0</ele></trkpt>
      <trkpt lat="49.174617" lon="20.083131"><ele>2077.0</ele></trkpt>
      <trkpt lat="49.174603" lon="20.083146"><ele>2077.0</ele></trkpt>
      <trkpt lat="49.174589" lon="20.083160"><ele>2078.0</ele></trkpt>
      <trkpt lat="49.174599" lon="20.083194"><ele>2079.0</ele></trkpt>
      <trkpt lat="49.174590" lon="20.083173"><ele>2080.0</ele></trkpt>
      <trkpt lat="49.174581" lon="20.083153"><ele>2080.0</ele></trkpt>
      <trkpt lat="49.174574" lon="20.083135"><ele>2081.0</ele></trkpt>
      <trkpt lat="49.174566" lon="20.083118"><ele>2082.0</ele></trkpt>
      <trkpt lat="49.174557" lon="20.083098"><ele>2082.0</ele></trkpt>
      <trkpt lat="49.174550" lon="20.083080"><ele>2083.0</ele></trkpt>
      <trkpt lat="49.174524" lon="20.083050"><ele>2084.0</ele></trkpt>
      <trkpt lat="49.174507" lon="20.083039"><ele>2084.0</ele></trkpt>
      <trkpt lat="49.174496" lon="20.083009"><ele>2084.0</ele></trkpt>
      <trkpt lat="49.174484" lon="20.082981"><ele>2085.0</ele></trkpt>
      <trkpt lat="49.174472" lon="20.082954"><ele>2086.0</ele></trkpt>
      <trkpt lat="49.174455" lon="20.082940"><ele>2085.0</ele></trkpt>
      <trkpt lat="49.174436" lon="20.082933"><ele>2085.0</ele></trkpt>
      <trkpt lat="49.174405" lon="20.082925"><ele>2085.0</ele></trkpt>
      <trkpt lat="49.174385" lon="20.082927"><ele>2088.0</ele></trkpt>
      <trkpt lat="49.174363" lon="20.082932"><ele>2088.0</ele></trkpt>
      <trkpt lat="49.174343" lon="20.082929"><ele>2089.0</ele></trkpt>
      <trkpt lat="49.174321" lon="20.082941"><ele>2089.0</ele></trkpt>
      <trkpt lat="49.174314" lon="20.082913"><ele>2089.0</ele></trkpt>
      <trkpt lat="49.174295" lon="20.082894"><ele>2089.0</ele></trkpt>
      <trkpt lat="49.174288" lon="20.082867"><ele>2089.0</ele></trkpt>
      <trkpt lat="49.174263" lon="20.082851"><ele>2088.0</ele></trkpt>
      <trkpt lat="49.174237" lon="20.082838"><ele>2088.0</ele></trkpt>
      <trkpt lat="49.174213" lon="20.082833"><ele>2088.0</ele></trkpt>
      <trkpt lat="49.174188" lon="20.082829"><ele>2088.0</ele></trkpt>
      <trkpt lat="49.174167" lon="20.082833"><ele>2087.0</ele></trkpt>
      <trkpt lat="49.174145" lon="20.082835"><ele>2087.0</ele></trkpt>
      <trkpt lat="49.174126" lon="20.082829"><ele>2087.0</ele></trkpt>
      <trkpt lat="49.174110" lon="20.082811"><ele>2087.0</ele></trkpt>
      <trkpt lat="49.174092" lon="20.082801"><ele>2085.0</ele></trkpt>
      <trkpt lat="49.174072" lon="20.082799"><ele>2084.0</ele></trkpt>
      <trkpt lat="49.174050" lon="20.082779"><ele>2083.0</ele></trkpt>
      <trkpt lat="49.174025" lon="20.082784"><ele>2083.0</ele></trkpt>
      <trkpt lat="49.173997" lon="20.082783"><ele>2082.0</ele></trkpt>
      <trkpt lat="49.173972" lon="20.082776"><ele>2081.0</ele></trkpt>
      <trkpt lat="49.173950" lon="20.082779"><ele>2081.0</ele></trkpt>
      <trkpt lat="49.173929" lon="20.082776"><ele>2080.0</ele></trkpt>
      <trkpt lat="49.173911" lon="20.082766"><ele>2080.0</ele></trkpt>
      <trkpt lat="49.173893" lon="20.082751"><ele>2080.0</ele></trkpt>
      <trkpt lat="49.173871" lon="20.082732"><ele>2078.0</ele></trkpt>
      <trkpt lat="49.173853" lon="20.082727"><ele>2078.0</ele></trkpt>
      <trkpt lat="49.173831" lon="20.082733"><ele>2078.0</ele></trkpt>
      <trkpt lat="49.173807" lon="20.082743"><ele>2078.0</ele></trkpt>
      <trkpt lat="49.173786" lon="20.082744"><ele>2077.0</ele></trkpt>
      <trkpt lat="49.173766" lon="20.082738"><ele>2077.0</ele></trkpt>
      <trkpt lat="49.173746" lon="20.082731"><ele>2077.0</ele></trkpt>
      <trkpt lat="49.173728" lon="20.082752"><ele>2076.0</ele></trkpt>
      <trkpt lat="49.173705" lon="20.082766"><ele>2077.0</ele></trkpt>
      <trkpt lat="49.173682" lon="20.082773"><ele>2077.0</ele></trkpt>
      <trkpt lat="49.173665" lon="20.082784"><ele>2078.0</ele></trkpt>
      <trkpt lat="49.173644" lon="20.082789"><ele>2078.0</ele></trkpt>
      <trkpt lat="49.173621" lon="20.082789"><ele>2078.0</ele></trkpt>
      <trkpt lat="49.173594" lon="20.082797"><ele>2079.0</ele></trkpt>
      <trkpt lat="49.173574" lon="20.082809"><ele>2079.0</ele></trkpt>
      <trkpt lat="49.173553" lon="20.082822"><ele>2080.0</ele></trkpt>
      <trkpt lat="49.173530" lon="20.082831"><ele>2080.0</ele></trkpt>
      <trkpt lat="49.173514" lon="20.082844"><ele>2080.0</ele></trkpt>
      <trkpt lat="49.173493" lon="20.082853"><ele>2082.0</ele></trkpt>
      <trkpt lat="49.173477" lon="20.082865"><ele>2080.0</ele></trkpt>
      <trkpt lat="49.173465" lon="20.082888"><ele>2082.0</ele></trkpt>
      <trkpt lat="49.173454" lon="20.082921"><ele>2084.0</ele></trkpt>
      <trkpt lat="49.173445" lon="20.082949"><ele>2084.0</ele></trkpt>
      <trkpt lat="49.173431" lon="20.082986"><ele>2085.0</ele></trkpt>
      <trkpt lat="49.173419" lon="20.083013"><ele>2087.0</ele></trkpt>
      <trkpt lat="49.173401" lon="20.083033"><ele>2087.0</ele></trkpt>
      <trkpt lat="49.173388" lon="20.083057"><ele>2087.0</ele></trkpt>
      <trkpt lat="49.173400" lon="20.083086"><ele>2089.0</ele></trkpt>
      <trkpt lat="49.173423" lon="20.083084"><ele>2089.0</ele></trkpt>
      <trkpt lat="49.173444" lon="20.083086"><ele>2090.0</ele></trkpt>
      <trkpt lat="49.173433" lon="20.083111"><ele>2091.0</ele></trkpt>
      <trkpt lat="49.173422" lon="20.083140"><ele>2092.0</ele></trkpt>
      <trkpt lat="49.173410" lon="20.083163"><ele>2092.0</ele></trkpt>
      <trkpt lat="49.173394" lon="20.083190"><ele>2093.0</ele></trkpt>
      <trkpt lat="49.173377" lon="20.083215"><ele>2094.0</ele></trkpt>
      <trkpt lat="49.173360" lon="20.083242"><ele>2095.0</ele></trkpt>
      <trkpt lat="49.173349" lon="20.083265"><ele>2095.0</ele></trkpt>
      <trkpt lat="49.173358" lon="20.083293"><ele>2098.0</ele></trkpt>
      <trkpt lat="49.173376" lon="20.083310"><ele>2098.0</ele></trkpt>
      <trkpt lat="49.173390" lon="20.083333"><ele>2098.0</ele></trkpt>
      <trkpt lat="49.173404" lon="20.083354"><ele>2099.0</ele></trkpt>
      <trkpt lat="49.173425" lon="20.083371"><ele>2098.0</ele></trkpt>
      <trkpt lat="49.173439" lon="20.083395"><ele>2099.0</ele></trkpt>
      <trkpt lat="49.173427" lon="20.083427"><ele>2103.0</ele></trkpt>
      <trkpt lat="49.173410" lon="20.083441"><ele>2104.0</ele></trkpt>
      <trkpt lat="49.173391" lon="20.083435"><ele>2101.0</ele></trkpt>
      <trkpt lat="49.173374" lon="20.083446"><ele>2102.0</ele></trkpt>
      <trkpt lat="49.173363" lon="20.083473"><ele>2102.0</ele></trkpt>
      <trkpt lat="49.173356" lon="20.083499"><ele>2102.0</ele></trkpt>
      <trkpt lat="49.173343" lon="20.083529"><ele>2105.0</ele></trkpt>
      <trkpt lat="49.173326" lon="20.083553"><ele>2106.0</ele></trkpt>
      <trkpt lat="49.173307" lon="20.083577"><ele>2106.0</ele></trkpt>
      <trkpt lat="49.173287" lon="20.083602"><ele>2106.0</ele></trkpt>
      <trkpt lat="49.173279" lon="20.083637"><ele>2106.0</ele></trkpt>
      <trkpt lat="49.173275" lon="20.083664"><ele>2106.0</ele></trkpt>
      <trkpt lat="49.173284" lon="20.083698"><ele>2108.0</ele></trkpt>
      <trkpt lat="49.173277" lon="20.083729"><ele>2109.0</ele></trkpt>
      <trkpt lat="49.173290" lon="20.083760"><ele>2109.0</ele></trkpt>
      <trkpt lat="49.173305" lon="20.083784"><ele>2109.0</ele></trkpt>
      <trkpt lat="49.173321" lon="20.083804"><ele>2110.0</ele></trkpt>
      <trkpt lat="49.173333" lon="20.083830"><ele>2111.0</ele></trkpt>
      <trkpt lat="49.173351" lon="20.083853"><ele>2113.0</ele></trkpt>
      <trkpt lat="49.173365" lon="20.083883"><ele>2115.0</ele></trkpt>
      <trkpt lat="49.173348" lon="20.083910"><ele>2115.0</ele></trkpt>
      <trkpt lat="49.173333" lon="20.083925"><ele>2115.0</ele></trkpt>
      <trkpt lat="49.173310" lon="20.083953"><ele>2117.0</ele></trkpt>
      <trkpt lat="49.173295" lon="20.083973"><ele>2118.0</ele></trkpt>
      <trkpt lat="49.173310" lon="20.083992"><ele>2117.0</ele></trkpt>
      <trkpt lat="49.173335" lon="20.083994"><ele>2116.0</ele></trkpt>
      <trkpt lat="49.173365" lon="20.084006"><ele>2117.0</ele></trkpt>
      <trkpt lat="49.173384" lon="20.084006"><ele>2118.0</ele></trkpt>
      <trkpt lat="49.173411" lon="20.084015"><ele>2118.0</ele></trkpt>
      <trkpt lat="49.173424" lon="20.084041"><ele>2119.0</ele></trkpt>
      <trkpt lat="49.173418" lon="20.084069"><ele>2120.0</ele></trkpt>
      <trkpt lat="49.173411" lon="20.084102"><ele>2122.0</ele></trkpt>
      <trkpt lat="49.173407" lon="20.084134"><ele>2123.0</ele></trkpt>
      <trkpt lat="49.173413" lon="20.084161"><ele>2124.0</ele></trkpt>
      <trkpt lat="49.173432" lon="20.084160"><ele>2125.0</ele></trkpt>
      <trkpt lat="49.173453" lon="20.084160"><ele>2126.0</ele></trkpt>
      <trkpt lat="49.173451" lon="20.084190"><ele>2127.0</ele></trkpt>
      <trkpt lat="49.173466" lon="20.084209"><ele>2130.0</ele></trkpt>
      <trkpt lat="49.173474" lon="20.084241"><ele>2131.0</ele></trkpt>
      <trkpt lat="49.173473" lon="20.084271"><ele>2132.0</ele></trkpt>
      <trkpt lat="49.173478" lon="20.084305"><ele>2132.0</ele></trkpt>
      <trkpt lat="49.173487" lon="20.084341"><ele>2132.0</ele></trkpt>
      <trkpt lat="49.173487" lon="20.084370"><ele>2133.0</ele></trkpt>
      <trkpt lat="49.173494" lon="20.084401"><ele>2134.0</ele></trkpt>
      <trkpt lat="49.173498" lon="20.084429"><ele>2134.0</ele></trkpt>
      <trkpt lat="49.173500" lon="20.084458"><ele>2136.0</ele></trkpt>
      <trkpt lat="49.173488" lon="20.084487"><ele>2136.0</ele></trkpt>
      <trkpt lat="49.173486" lon="20.084516"><ele>2137.0</ele></trkpt>
      <trkpt lat="49.173486" lon="20.084549"><ele>2139.0</ele></trkpt>
      <trkpt lat="49.173480" lon="20.084584"><ele>2141.0</ele></trkpt>
      <trkpt lat="49.173461" lon="20.084611"><ele>2144.0</ele></trkpt>
      <trkpt lat="49.173453" lon="20.084637"><ele>2145.0</ele></trkpt>
      <trkpt lat="49.173453" lon="20.084671"><ele>2146.0</ele></trkpt>
      <trkpt lat="49.173451" lon="20.084698"><ele>2146.0</ele></trkpt>
      <trkpt lat="49.173443" lon="20.084731"><ele>2147.0</ele></trkpt>
      <trkpt lat="49.173439" lon="20.084761"><ele>2148.0</ele></trkpt>
      <trkpt lat="49.173436" lon="20.084788"><ele>2149.0</ele></trkpt>
      <trkpt lat="49.173432" lon="20.084824"><ele>2149.0</ele></trkpt>
      <trkpt lat="49.173426" lon="20.084859"><ele>2149.0</ele></trkpt>
      <trkpt lat="49.173427" lon="20.084891"><ele>2149.0</ele></trkpt>
      <trkpt lat="49.173421" lon="20.084918"><ele>2149.0</ele></trkpt>
      <trkpt lat="49.173416" lon="20.084953"><ele>2149.0</ele></trkpt>
      <trkpt lat="49.173410" lon="20.084985"><ele>2151.0</ele></trkpt>
      <trkpt lat="49.173406" lon="20.085013"><ele>2151.0</ele></trkpt>
      <trkpt lat="49.173400" lon="20.085051"><ele>2151.0</ele></trkpt>
      <trkpt lat="49.173392" lon="20.085080"><ele>2151.0</ele></trkpt>
      <trkpt lat="49.173391" lon="20.085108"><ele>2154.0</ele></trkpt>
      <trkpt lat="49.173401" lon="20.085138"><ele>2156.0</ele></trkpt>
      <trkpt lat="49.173417" lon="20.085169"><ele>2156.0</ele></trkpt>
      <trkpt lat="49.173421" lon="20.085196"><ele>2156.0</ele></trkpt>
      <trkpt lat="49.173417" lon="20.085231"><ele>2158.0</ele></trkpt>
      <trkpt lat="49.173413" lon="20.085258"><ele>2158.0</ele></trkpt>
      <trkpt lat="49.173406" lon="20.085294"><ele>2158.0</ele></trkpt>
      <trkpt lat="49.173405" lon="20.085322"><ele>2159.0</ele></trkpt>
      <trkpt lat="49.173400" lon="20.085353"><ele>2156.0</ele></trkpt>
      <trkpt lat="49.173409" lon="20.085378"><ele>2158.0</ele></trkpt>
      <trkpt lat="49.173415" lon="20.085405"><ele>2158.0</ele></trkpt>
      <trkpt lat="49.173409" lon="20.085437"><ele>2157.0</ele></trkpt>
      <trkpt lat="49.173408" lon="20.085466"><ele>2159.0</ele></trkpt>
      <trkpt lat="49.173412" lon="20.085497"><ele>2159.0</ele></trkpt>
      <trkpt lat="49.173413" lon="20.085533"><ele>2160.0</ele></trkpt>
      <trkpt lat="49.173407" lon="20.085569"><ele>2162.0</ele></trkpt>
      <trkpt lat="49.173395" lon="20.085593"><ele>2163.0</ele></trkpt>
      <trkpt lat="49.173381" lon="20.085617"><ele>2162.0</ele></trkpt>
      <trkpt lat="49.173367" lon="20.085644"><ele>2164.0</ele></trkpt>
      <trkpt lat="49.173363" lon="20.085676"><ele>2165.0</ele></trkpt>
      <trkpt lat="49.173360" lon="20.085710"><ele>2168.0</ele></trkpt>
      <trkpt lat="49.173368" lon="20.085739"><ele>2167.0</ele></trkpt>
      <trkpt lat="49.173381" lon="20.085759"><ele>2166.0</ele></trkpt>
      <trkpt lat="49.173400" lon="20.085781"><ele>2167.0</ele></trkpt>
      <trkpt lat="49.173416" lon="20.085798"><ele>2168.0</ele></trkpt>
      <trkpt lat="49.173438" lon="20.085811"><ele>2168.0</ele></trkpt>
      <trkpt lat="49.173448" lon="20.085834"><ele>2169.0</ele></trkpt>
      <trkpt lat="49.173468" lon="20.085840"><ele>2169.0</ele></trkpt>
      <trkpt lat="49.173489" lon="20.085857"><ele>2168.0</ele></trkpt>
      <trkpt lat="49.173509" lon="20.085878"><ele>2170.0</ele></trkpt>
      <trkpt lat="49.173527" lon="20.085892"><ele>2171.0</ele></trkpt>
      <trkpt lat="49.173545" lon="20.085905"><ele>2172.0</ele></trkpt>
      <trkpt lat="49.173567" lon="20.085912"><ele>2171.0</ele></trkpt>
      <trkpt lat="49.173585" lon="20.085909"><ele>2172.0</ele></trkpt>
      <trkpt lat="49.173598" lon="20.085929"><ele>2173.0</ele></trkpt>
      <trkpt lat="49.173615" lon="20.085940"><ele>2174.0</ele></trkpt>
      <trkpt lat="49.173627" lon="20.085917"><ele>2174.0</ele></trkpt>
      <trkpt lat="49.173641" lon="20.085889"><ele>2174.0</ele></trkpt>
      <trkpt lat="49.173660" lon="20.085873"><ele>2174.0</ele></trkpt>
      <trkpt lat="49.173672" lon="20.085898"><ele>2175.0</ele></trkpt>
      <trkpt lat="49.173685" lon="20.085923"><ele>2177.0</ele></trkpt>
      <trkpt lat="49.173693" lon="20.085956"><ele>2177.0</ele></trkpt>
      <trkpt lat="49.173710" lon="20.085967"><ele>2177.0</ele></trkpt>
      <trkpt lat="49.173729" lon="20.085960"><ele>2180.0</ele></trkpt>
      <trkpt lat="49.173744" lon="20.085940"><ele>2181.0</ele></trkpt>
      <trkpt lat="49.173744" lon="20.085906"><ele>2183.0</ele></trkpt>
      <trkpt lat="49.173763" lon="20.085903"><ele>2183.0</ele></trkpt>
      <trkpt lat="49.173768" lon="20.085930"><ele>2184.0</ele></trkpt>
      <trkpt lat="49.173781" lon="20.085955"><ele>2186.0</ele></trkpt>
      <trkpt lat="49.173799" lon="20.085955"><ele>2186.0</ele></trkpt>
      <trkpt lat="49.173815" lon="20.085976"><ele>2187.0</ele></trkpt>
      <trkpt lat="49.173830" lon="20.085999"><ele>2187.0</ele></trkpt>
      <trkpt lat="49.173845" lon="20.085981"><ele>2188.0</ele></trkpt>
      <trkpt lat="49.173864" lon="20.085956"><ele>2188.0</ele></trkpt>
      <trkpt lat="49.173878" lon="20.085933"><ele>2189.0</ele></trkpt>
      <trkpt lat="49.173889" lon="20.085906"><ele>2189.0</ele></trkpt>
      <trkpt lat="49.173902" lon="20.085882"><ele>2189.0</ele></trkpt>
      <trkpt lat="49.173921" lon="20.085888"><ele>2190.0</ele></trkpt>
      <trkpt lat="49.173935" lon="20.085912"><ele>2191.0</ele></trkpt>
      <trkpt lat="49.173952" lon="20.085933"><ele>2192.0</ele></trkpt>
      <trkpt lat="49.173971" lon="20.085948"><ele>2195.0</ele></trkpt>
      <trkpt lat="49.173976" lon="20.085975"><ele>2196.0</ele></trkpt>
      <trkpt lat="49.173980" lon="20.086008"><ele>2196.0</ele></trkpt>
      <trkpt lat="49.173963" lon="20.086020"><ele>2202.0</ele></trkpt>
      <trkpt lat="49.173962" lon="20.086052"><ele>2200.0</ele></trkpt>
      <trkpt lat="49.173958" lon="20.086080"><ele>2200.0</ele></trkpt>
      <trkpt lat="49.173954" lon="20.086116"><ele>2202.0</ele></trkpt>
      <trkpt lat="49.173960" lon="20.086151"><ele>2203.0</ele></trkpt>
      <trkpt lat="49.173975" lon="20.086170"><ele>2205.0</ele></trkpt>
      <trkpt lat="49.173994" lon="20.086199"><ele>2205.0</ele></trkpt>
      <trkpt lat="49.174011" lon="20.086228"><ele>2206.0</ele></trkpt>
      <trkpt lat="49.174028" lon="20.086253"><ele>2207.0</ele></trkpt>
      <trkpt lat="49.174045" lon="20.086274"><ele>2209.0</ele></trkpt>
      <trkpt lat="49.174058" lon="20.086295"><ele>2210.0</ele></trkpt>
      <trkpt lat="49.174061" lon="20.086331"><ele>2210.0</ele></trkpt>
      <trkpt lat="49.174071" lon="20.086362"><ele>2211.0</ele></trkpt>
      <trkpt lat="49.174085" lon="20.086386"><ele>2212.0</ele></trkpt>
      <trkpt lat="49.174098" lon="20.086406"><ele>2214.0</ele></trkpt>
      <trkpt lat="49.174119" lon="20.086414"><ele>2212.0</ele></trkpt>
      <trkpt lat="49.174130" lon="20.086444"><ele>2216.0</ele></trkpt>
      <trkpt lat="49.174144" lon="20.086470"><ele>2218.0</ele></trkpt>
      <trkpt lat="49.174155" lon="20.086495"><ele>2218.0</ele></trkpt>
      <trkpt lat="49.174159" lon="20.086531"><ele>2217.0</ele></trkpt>
      <trkpt lat="49.174162" lon="20.086572"><ele>2217.0</ele></trkpt>
      <trkpt lat="49.174170" lon="20.086598"><ele>2217.0</ele></trkpt>
      <trkpt lat="49.174178" lon="20.086635"><ele>2218.0</ele></trkpt>
      <trkpt lat="49.174186" lon="20.086672"><ele>2219.0</ele></trkpt>
      <trkpt lat="49.174190" lon="20.086699"><ele>2220.0</ele></trkpt>
      <trkpt lat="49.174196" lon="20.086728"><ele>2220.0</ele></trkpt>
      <trkpt lat="49.174197" lon="20.086762"><ele>2218.0</ele></trkpt>
      <trkpt lat="49.174206" lon="20.086799"><ele>2218.0</ele></trkpt>
      <trkpt lat="49.174209" lon="20.086827"><ele>2219.0</ele></trkpt>
      <trkpt lat="49.174220" lon="20.086852"><ele>2220.0</ele></trkpt>
      <trkpt lat="49.174239" lon="20.086865"><ele>2220.0</ele></trkpt>
      <trkpt lat="49.174251" lon="20.086839"><ele>2219.0</ele></trkpt>
      <trkpt lat="49.174268" lon="20.086810"><ele>2218.0</ele></trkpt>
      <trkpt lat="49.174283" lon="20.086788"><ele>2218.0</ele></trkpt>
      <trkpt lat="49.174302" lon="20.086791"><ele>2226.0</ele></trkpt>
      <trkpt lat="49.174312" lon="20.086819"><ele>2225.0</ele></trkpt>
      <trkpt lat="49.174318" lon="20.086852"><ele>2227.0</ele></trkpt>
      <trkpt lat="49.174321" lon="20.086880"><ele>2230.0</ele></trkpt>
      <trkpt lat="49.174342" lon="20.086897"><ele>2233.0</ele></trkpt>
      <trkpt lat="49.174363" lon="20.086914"><ele>2233.0</ele></trkpt>
      <trkpt lat="49.174384" lon="20.086929"><ele>2232.0</ele></trkpt>
      <trkpt lat="49.174398" lon="20.086947"><ele>2232.0</ele></trkpt>
      <trkpt lat="49.174416" lon="20.086967"><ele>2232.0</ele></trkpt>
      <trkpt lat="49.174432" lon="20.086984"><ele>2232.0</ele></trkpt>
      <trkpt lat="49.174444" lon="20.087004"><ele>2232.0</ele></trkpt>
      <trkpt lat="49.174464" lon="20.087019"><ele>2235.0</ele></trkpt>
      <trkpt lat="49.174475" lon="20.086992"><ele>2236.0</ele></trkpt>
      <trkpt lat="49.174486" lon="20.086971"><ele>2235.0</ele></trkpt>
      <trkpt lat="49.174495" lon="20.086998"><ele>2235.0</ele></trkpt>
      <trkpt lat="49.174508" lon="20.087017"><ele>2235.0</ele></trkpt>
      <trkpt lat="49.174523" lon="20.087040"><ele>2235.0</ele></trkpt>
      <trkpt lat="49.174541" lon="20.087038"><ele>2234.0</ele></trkpt>
      <trkpt lat="49.174542" lon="20.087006"><ele>2237.0</ele></trkpt>
      <trkpt lat="49.174534" lon="20.086979"><ele>2238.0</ele></trkpt>
      <trkpt lat="49.174523" lon="20.086952"><ele>2243.0</ele></trkpt>
      <trkpt lat="49.174530" lon="20.086983"><ele>2239.0</ele></trkpt>
      <trkpt lat="49.174520" lon="20.087006"><ele>2237.0</ele></trkpt>
      <trkpt lat="49.174521" lon="20.087041"><ele>2239.0</ele></trkpt>
      <trkpt lat="49.174539" lon="20.087056"><ele>2238.0</ele></trkpt>
      <trkpt lat="49.174525" lon="20.087058"><ele>2239.0</ele></trkpt>
      <trkpt lat="49.174510" lon="20.087060"><ele>2239.0</ele></trkpt>
      <trkpt lat="49.174496" lon="20.087063"><ele>2239.0</ele></trkpt>
      <trkpt lat="49.174482" lon="20.087065"><ele>2238.0</ele></trkpt>
      <trkpt lat="49.174467" lon="20.087067"><ele>2239.0</ele></trkpt>
      <trkpt lat="49.174453" lon="20.087069"><ele>2239.0</ele></trkpt>
      <trkpt lat="49.174449" lon="20.087047"><ele>2238.0</ele></trkpt>
      <trkpt lat="49.174450" lon="20.087023"><ele>2238.0</ele></trkpt>
      <trkpt lat="49.174452" lon="20.087000"><ele>2238.0</ele></trkpt>
      <trkpt lat="49.174453" lon="20.086976"><ele>2239.0</ele></trkpt>
      <trkpt lat="49.174454" lon="20.086953"><ele>2240.0</ele></trkpt>
      <trkpt lat="49.174455" lon="20.086929"><ele>2240.0</ele></trkpt>
      <trkpt lat="49.174460" lon="20.086950"><ele>2239.0</ele></trkpt>
      <trkpt lat="49.174465" lon="20.086971"><ele>2239.0</ele></trkpt>
      <trkpt lat="49.174471" lon="20.086992"><ele>2237.0</ele></trkpt>
      <trkpt lat="49.174476" lon="20.087012"><ele>2238.0</ele></trkpt>
      <trkpt lat="49.174481" lon="20.087033"><ele>2237.0</ele></trkpt>
      <trkpt lat="49.174486" lon="20.087054"><ele>2236.0</ele></trkpt>
      <trkpt lat="49.174501" lon="20.087079"><ele>2238.0</ele></trkpt>
      <trkpt lat="49.174514" lon="20.087096"><ele>2238.0</ele></trkpt>
      <trkpt lat="49.174527" lon="20.087113"><ele>2238.0</ele></trkpt>
      <trkpt lat="49.174541" lon="20.087129"><ele>2238.0</ele></trkpt>
      <trkpt lat="49.174554" lon="20.087146"><ele>2238.0</ele></trkpt>
      <trkpt lat="49.174567" lon="20.087163"><ele>2238.0</ele></trkpt>
      <trkpt lat="49.174580" lon="20.087180"><ele>2237.0</ele></trkpt>
      <trkpt lat="49.174600" lon="20.087177"><ele>2237.0</ele></trkpt>
      <trkpt lat="49.174621" lon="20.087173"><ele>2237.0</ele></trkpt>
      <trkpt lat="49.174641" lon="20.087170"><ele>2237.0</ele></trkpt>
      <trkpt lat="49.174662" lon="20.087166"><ele>2237.0</ele></trkpt>
      <trkpt lat="49.174682" lon="20.087163"><ele>2237.0</ele></trkpt>
      <trkpt lat="49.174665" lon="20.087169"><ele>2237.0</ele></trkpt>
      <trkpt lat="49.174649" lon="20.087174"><ele>2238.0</ele></trkpt>
      <trkpt lat="49.174632" lon="20.087180"><ele>2237.0</ele></trkpt>
      <trkpt lat="49.174615" lon="20.087186"><ele>2236.0</ele></trkpt>
      <trkpt lat="49.174599" lon="20.087191"><ele>2237.0</ele></trkpt>
      <trkpt lat="49.174565" lon="20.087163"><ele>2237.0</ele></trkpt>
      <trkpt lat="49.174538" lon="20.087132"><ele>2238.0</ele></trkpt>
      <trkpt lat="49.174510" lon="20.087102"><ele>2238.0</ele></trkpt>
      <trkpt lat="49.174495" lon="20.087097"><ele>2238.0</ele></trkpt>
      <trkpt lat="49.174481" lon="20.087093"><ele>2238.0</ele></trkpt>
      <trkpt lat="49.174466" lon="20.087088"><ele>2238.0</ele></trkpt>
      <trkpt lat="49.174451" lon="20.087083"><ele>2238.0</ele></trkpt>
      <trkpt lat="49.174437" lon="20.087079"><ele>2238.0</ele></trkpt>
      <trkpt lat="49.174422" lon="20.087074"><ele>2238.0</ele></trkpt>
      <trkpt lat="49.174406" lon="20.087065"><ele>2239.0</ele></trkpt>
      <trkpt lat="49.174390" lon="20.087057"><ele>2239.0</ele></trkpt>
      <trkpt lat="49.174374" lon="20.087048"><ele>2239.0</ele></trkpt>
      <trkpt lat="49.174358" lon="20.087039"><ele>2239.0</ele></trkpt>
      <trkpt lat="49.174342" lon="20.087031"><ele>2240.0</ele></trkpt>
      <trkpt lat="49.174359" lon="20.087027"><ele>2239.0</ele></trkpt>
      <trkpt lat="49.174374" lon="20.087026"><ele>2240.0</ele></trkpt>
      <trkpt lat="49.174389" lon="20.087025"><ele>2239.0</ele></trkpt>
      <trkpt lat="49.174403" lon="20.087024"><ele>2240.0</ele></trkpt>
      <trkpt lat="49.174418" lon="20.087024"><ele>2239.0</ele></trkpt>
      <trkpt lat="49.174450" lon="20.087039"><ele>2238.0</ele></trkpt>
      <trkpt lat="49.174471" lon="20.087055"><ele>2238.0</ele></trkpt>
      <trkpt lat="49.174491" lon="20.087072"><ele>2238.0</ele></trkpt>
      <trkpt lat="49.174512" lon="20.087088"><ele>2238.0</ele></trkpt>
      <trkpt lat="49.174493" lon="20.087076"><ele>2238.0</ele></trkpt>
      <trkpt lat="49.174473" lon="20.087064"><ele>2238.0</ele></trkpt>
      <trkpt lat="49.174454" lon="20.087051"><ele>2239.0</ele></trkpt>
      <trkpt lat="49.174435" lon="20.087039"><ele>2238.0</ele></trkpt>
      <trkpt lat="49.174414" lon="20.087037"><ele>2238.0</ele></trkpt>
      <trkpt lat="49.174391" lon="20.087045"><ele>2238.0</ele></trkpt>
      <trkpt lat="49.174368" lon="20.087054"><ele>2237.0</ele></trkpt>
      <trkpt lat="49.174345" lon="20.087062"><ele>2238.0</ele></trkpt>
      <trkpt lat="49.174312" lon="20.087058"><ele>2238.0</ele></trkpt>
      <trkpt lat="49.174289" lon="20.087050"><ele>2237.0</ele></trkpt>
      <trkpt lat="49.174267" lon="20.087042"><ele>2237.0</ele></trkpt>
      <trkpt lat="49.174244" lon="20.087034"><ele>2238.0</ele></trkpt>
      <trkpt lat="49.174258" lon="20.087040"><ele>2239.0</ele></trkpt>
      <trkpt lat="49.174272" lon="20.087047"><ele>2239.0</ele></trkpt>
      <trkpt lat="49.174287" lon="20.087053"><ele>2239.0</ele></trkpt>
      <trkpt lat="49.174301" lon="20.087060"><ele>2239.0</ele></trkpt>
      <trkpt lat="49.174315" lon="20.087066"><ele>2239.0</ele></trkpt>
      <trkpt lat="49.174329" lon="20.087072"><ele>2240.0</ele></trkpt>
      <trkpt lat="49.174348" lon="20.087084"><ele>2240.0</ele></trkpt>
      <trkpt lat="49.174363" lon="20.087093"><ele>2240.0</ele></trkpt>
      <trkpt lat="49.174378" lon="20.087103"><ele>2240.0</ele></trkpt>
      <trkpt lat="49.174393" lon="20.087113"><ele>2240.0</ele></trkpt>
      <trkpt lat="49.174408" lon="20.087122"><ele>2240.0</ele></trkpt>
      <trkpt lat="49.174423" lon="20.087132"><ele>2240.0</ele></trkpt>
      <trkpt lat="49.174445" lon="20.087138"><ele>2239.0</ele></trkpt>
      <trkpt lat="49.174468" lon="20.087144"><ele>2239.0</ele></trkpt>
      <trkpt lat="49.174490" lon="20.087150"><ele>2239.0</ele></trkpt>
      <trkpt lat="49.174512" lon="20.087156"><ele>2240.0</ele></trkpt>
      <trkpt lat="49.174499" lon="20.087142"><ele>2240.0</ele></trkpt>
      <trkpt lat="49.174486" lon="20.087129"><ele>2239.0</ele></trkpt>
      <trkpt lat="49.174473" lon="20.087115"><ele>2239.0</ele></trkpt>
      <trkpt lat="49.174460" lon="20.087101"><ele>2240.0</ele></trkpt>
      <trkpt lat="49.174447" lon="20.087087"><ele>2240.0</ele></trkpt>
      <trkpt lat="49.174434" lon="20.087074"><ele>2240.0</ele></trkpt>
      <trkpt lat="49.174421" lon="20.087060"><ele>2240.0</ele></trkpt>
      <trkpt lat="49.174432" lon="20.087075"><ele>2239.0</ele></trkpt>
      <trkpt lat="49.174443" lon="20.087091"><ele>2240.0</ele></trkpt>
      <trkpt lat="49.174454" lon="20.087106"><ele>2240.0</ele></trkpt>
      <trkpt lat="49.174465" lon="20.087121"><ele>2240.0</ele></trkpt>
      <trkpt lat="49.174476" lon="20.087137"><ele>2238.0</ele></trkpt>
      <trkpt lat="49.174488" lon="20.087152"><ele>2239.0</ele></trkpt>
      <trkpt lat="49.174474" lon="20.087155"><ele>2238.0</ele></trkpt>
      <trkpt lat="49.174460" lon="20.087152"><ele>2236.0</ele></trkpt>
      <trkpt lat="49.174445" lon="20.087150"><ele>2235.0</ele></trkpt>
      <trkpt lat="49.174431" lon="20.087147"><ele>2235.0</ele></trkpt>
      <trkpt lat="49.174416" lon="20.087145"><ele>2235.0</ele></trkpt>
      <trkpt lat="49.174402" lon="20.087142"><ele>2236.0</ele></trkpt>
      <trkpt lat="49.174390" lon="20.087163"><ele>2236.0</ele></trkpt>
      <trkpt lat="49.174379" lon="20.087184"><ele>2236.0</ele></trkpt>
      <trkpt lat="49.174367" lon="20.087206"><ele>2235.0</ele></trkpt>
      <trkpt lat="49.174356" lon="20.087227"><ele>2235.0</ele></trkpt>
      <trkpt lat="49.174344" lon="20.087248"><ele>2235.0</ele></trkpt>
      <trkpt lat="49.174354" lon="20.087265"><ele>2235.0</ele></trkpt>
      <trkpt lat="49.174364" lon="20.087282"><ele>2236.0</ele></trkpt>
      <trkpt lat="49.174374" lon="20.087299"><ele>2236.0</ele></trkpt>
      <trkpt lat="49.174384" lon="20.087316"><ele>2236.0</ele></trkpt>
      <trkpt lat="49.174394" lon="20.087333"><ele>2237.0</ele></trkpt>
      <trkpt lat="49.174404" lon="20.087350"><ele>2237.0</ele></trkpt>
      <trkpt lat="49.174404" lon="20.087328"><ele>2238.0</ele></trkpt>
      <trkpt lat="49.174402" lon="20.087307"><ele>2238.0</ele></trkpt>
      <trkpt lat="49.174400" lon="20.087284"><ele>2237.0</ele></trkpt>
      <trkpt lat="49.174398" lon="20.087261"><ele>2237.0</ele></trkpt>
      <trkpt lat="49.174396" lon="20.087240"><ele>2239.0</ele></trkpt>
      <trkpt lat="49.174393" lon="20.087217"><ele>2241.0</ele></trkpt>
      <trkpt lat="49.174414" lon="20.087214"><ele>2240.0</ele></trkpt>
      <trkpt lat="49.174434" lon="20.087213"><ele>2240.0</ele></trkpt>
      <trkpt lat="49.174455" lon="20.087213"><ele>2240.0</ele></trkpt>
      <trkpt lat="49.174476" lon="20.087213"><ele>2240.0</ele></trkpt>
      <trkpt lat="49.174496" lon="20.087212"><ele>2239.0</ele></trkpt>
      <trkpt lat="49.174517" lon="20.087212"><ele>2238.0</ele></trkpt>
      <trkpt lat="49.174511" lon="20.087191"><ele>2238.0</ele></trkpt>
      <trkpt lat="49.174506" lon="20.087171"><ele>2238.0</ele></trkpt>
      <trkpt lat="49.174500" lon="20.087150"><ele>2238.0</ele></trkpt>
      <trkpt lat="49.174494" lon="20.087130"><ele>2237.0</ele></trkpt>
      <trkpt lat="49.174489" lon="20.087109"><ele>2237.0</ele></trkpt>
      <trkpt lat="49.174483" lon="20.087089"><ele>2237.0</ele></trkpt>
      <trkpt lat="49.174498" lon="20.087102"><ele>2238.0</ele></trkpt>
      <trkpt lat="49.174508" lon="20.087118"><ele>2238.0</ele></trkpt>
      <trkpt lat="49.174519" lon="20.087133"><ele>2238.0</ele></trkpt>
      <trkpt lat="49.174529" lon="20.087148"><ele>2238.0</ele></trkpt>
      <trkpt lat="49.174540" lon="20.087163"><ele>2237.0</ele></trkpt>
      <trkpt lat="49.174550" lon="20.087179"><ele>2237.0</ele></trkpt>
      <trkpt lat="49.174561" lon="20.087194"><ele>2238.0</ele></trkpt>
      <trkpt lat="49.174574" lon="20.087216"><ele>2238.0</ele></trkpt>
      <trkpt lat="49.174587" lon="20.087238"><ele>2238.0</ele></trkpt>
      <trkpt lat="49.174601" lon="20.087260"><ele>2238.0</ele></trkpt>
      <trkpt lat="49.174614" lon="20.087282"><ele>2238.0</ele></trkpt>
      <trkpt lat="49.174627" lon="20.087304"><ele>2238.0</ele></trkpt>
      <trkpt lat="49.174607" lon="20.087312"><ele>2239.0</ele></trkpt>
      <trkpt lat="49.174587" lon="20.087320"><ele>2239.0</ele></trkpt>
      <trkpt lat="49.174573" lon="20.087325"><ele>2239.0</ele></trkpt>
      <trkpt lat="49.174553" lon="20.087333"><ele>2239.0</ele></trkpt>
      <trkpt lat="49.174533" lon="20.087341"><ele>2239.0</ele></trkpt>
      <trkpt lat="49.174520" lon="20.087347"><ele>2239.0</ele></trkpt>
      <trkpt lat="49.174507" lon="20.087354"><ele>2238.0</ele></trkpt>
      <trkpt lat="49.174493" lon="20.087360"><ele>2239.0</ele></trkpt>
      <trkpt lat="49.174480" lon="20.087366"><ele>2239.0</ele></trkpt>
      <trkpt lat="49.174466" lon="20.087373"><ele>2239.0</ele></trkpt>
      <trkpt lat="49.174453" lon="20.087379"><ele>2238.0</ele></trkpt>
      <trkpt lat="49.174470" lon="20.087365"><ele>2237.0</ele></trkpt>
      <trkpt lat="49.174487" lon="20.087351"><ele>2237.0</ele></trkpt>
      <trkpt lat="49.174505" lon="20.087337"><ele>2237.0</ele></trkpt>
      <trkpt lat="49.174522" lon="20.087323"><ele>2237.0</ele></trkpt>
      <trkpt lat="49.174539" lon="20.087309"><ele>2237.0</ele></trkpt>
      <trkpt lat="49.174553" lon="20.087288"><ele>2237.0</ele></trkpt>
      <trkpt lat="49.174567" lon="20.087267"><ele>2237.0</ele></trkpt>
      <trkpt lat="49.174582" lon="20.087247"><ele>2237.0</ele></trkpt>
      <trkpt lat="49.174596" lon="20.087226"><ele>2237.0</ele></trkpt>
      <trkpt lat="49.174610" lon="20.087205"><ele>2237.0</ele></trkpt>
      <trkpt lat="49.174596" lon="20.087214"><ele>2238.0</ele></trkpt>
      <trkpt lat="49.174582" lon="20.087223"><ele>2238.0</ele></trkpt>
      <trkpt lat="49.174568" lon="20.087232"><ele>2238.0</ele></trkpt>
      <trkpt lat="49.174554" lon="20.087241"><ele>2239.0</ele></trkpt>
      <trkpt lat="49.174540" lon="20.087250"><ele>2240.0</ele></trkpt>
      <trkpt lat="49.174526" lon="20.087259"><ele>2239.0</ele></trkpt>
      <trkpt lat="49.174542" lon="20.087264"><ele>2239.0</ele></trkpt>
      <trkpt lat="49.174557" lon="20.087266"><ele>2239.0</ele></trkpt>
      <trkpt lat="49.174572" lon="20.087268"><ele>2240.0</ele></trkpt>
      <trkpt lat="49.174586" lon="20.087270"><ele>2239.0</ele></trkpt>
      <trkpt lat="49.174601" lon="20.087272"><ele>2240.0</ele></trkpt>
      <trkpt lat="49.174616" lon="20.087274"><ele>2239.0</ele></trkpt>
      <trkpt lat="49.174613" lon="20.087248"><ele>2238.0</ele></trkpt>
      <trkpt lat="49.174605" lon="20.087221"><ele>2238.0</ele></trkpt>
      <trkpt lat="49.174596" lon="20.087195"><ele>2238.0</ele></trkpt>
      <trkpt lat="49.174588" lon="20.087168"><ele>2239.0</ele></trkpt>
      <trkpt lat="49.174579" lon="20.087141"><ele>2239.0</ele></trkpt>
      <trkpt lat="49.174596" lon="20.087154"><ele>2239.0</ele></trkpt>
      <trkpt lat="49.174613" lon="20.087168"><ele>2239.0</ele></trkpt>
      <trkpt lat="49.174630" lon="20.087181"><ele>2239.0</ele></trkpt>
      <trkpt lat="49.174648" lon="20.087195"><ele>2239.0</ele></trkpt>
      <trkpt lat="49.174638" lon="20.087213"><ele>2240.0</ele></trkpt>
      <trkpt lat="49.174623" lon="20.087219"><ele>2240.0</ele></trkpt>
      <trkpt lat="49.174609" lon="20.087225"><ele>2239.0</ele></trkpt>
      <trkpt lat="49.174595" lon="20.087231"><ele>2239.0</ele></trkpt>
      <trkpt lat="49.174580" lon="20.087237"><ele>2238.0</ele></trkpt>
      <trkpt lat="49.174566" lon="20.087243"><ele>2240.0</ele></trkpt>
      <trkpt lat="49.174564" lon="20.087270"><ele>2240.0</ele></trkpt>
      <trkpt lat="49.174561" lon="20.087296"><ele>2241.0</ele></trkpt>
      <trkpt lat="49.174559" lon="20.087323"><ele>2239.0</ele></trkpt>
      <trkpt lat="49.174556" lon="20.087349"><ele>2240.0</ele></trkpt>
      <trkpt lat="49.174554" lon="20.087376"><ele>2238.0</ele></trkpt>
      <trkpt lat="49.174551" lon="20.087402"><ele>2238.0</ele></trkpt>
      <trkpt lat="49.174536" lon="20.087437"><ele>2238.0</ele></trkpt>
      <trkpt lat="49.174521" lon="20.087471"><ele>2239.0</ele></trkpt>
      <trkpt lat="49.174506" lon="20.087506"><ele>2239.0</ele></trkpt>
      <trkpt lat="49.174495" lon="20.087491"><ele>2238.0</ele></trkpt>
      <trkpt lat="49.174491" lon="20.087460"><ele>2238.0</ele></trkpt>
      <trkpt lat="49.174488" lon="20.087428"><ele>2236.0</ele></trkpt>
      <trkpt lat="49.174484" lon="20.087397"><ele>2237.0</ele></trkpt>
      <trkpt lat="49.174480" lon="20.087365"><ele>2238.0</ele></trkpt>
      <trkpt lat="49.174469" lon="20.087338"><ele>2238.0</ele></trkpt>
      <trkpt lat="49.174458" lon="20.087311"><ele>2238.0</ele></trkpt>
      <trkpt lat="49.174446" lon="20.087285"><ele>2238.0</ele></trkpt>
      <trkpt lat="49.174435" lon="20.087258"><ele>2238.0</ele></trkpt>
      <trkpt lat="49.174424" lon="20.087231"><ele>2239.0</ele></trkpt>
      <trkpt lat="49.174416" lon="20.087250"><ele>2239.0</ele></trkpt>
      <trkpt lat="49.174408" lon="20.087268"><ele>2239.0</ele></trkpt>
      <trkpt lat="49.174400" lon="20.087287"><ele>2240.0</ele></trkpt>
      <trkpt lat="49.174392" lon="20.087305"><ele>2240.0</ele></trkpt>
      <trkpt lat="49.174384" lon="20.087324"><ele>2240.0</ele></trkpt>
      <trkpt lat="49.174376" lon="20.087343"><ele>2240.0</ele></trkpt>
      <trkpt lat="49.174387" lon="20.087327"><ele>2239.0</ele></trkpt>
      <trkpt lat="49.174398" lon="20.087310"><ele>2239.0</ele></trkpt>
      <trkpt lat="49.174409" lon="20.087292"><ele>2239.0</ele></trkpt>
      <trkpt lat="49.174420" lon="20.087275"><ele>2239.0</ele></trkpt>
      <trkpt lat="49.174430" lon="20.087257"><ele>2239.0</ele></trkpt>
      <trkpt lat="49.174440" lon="20.087242"><ele>2239.0</ele></trkpt>
      <trkpt lat="49.174460" lon="20.087238"><ele>2239.0</ele></trkpt>
      <trkpt lat="49.174474" lon="20.087244"><ele>2239.0</ele></trkpt>
      <trkpt lat="49.174488" lon="20.087250"><ele>2239.0</ele></trkpt>
      <trkpt lat="49.174502" lon="20.087257"><ele>2239.0</ele></trkpt>
      <trkpt lat="49.174516" lon="20.087263"><ele>2239.0</ele></trkpt>
      <trkpt lat="49.174530" lon="20.087269"><ele>2239.0</ele></trkpt>
      <trkpt lat="49.174544" lon="20.087275"><ele>2239.0</ele></trkpt>
      <trkpt lat="49.174556" lon="20.087260"><ele>2239.0</ele></trkpt>
      <trkpt lat="49.174568" lon="20.087244"><ele>2239.0</ele></trkpt>
      <trkpt lat="49.174580" lon="20.087229"><ele>2239.0</ele></trkpt>
      <trkpt lat="49.174592" lon="20.087214"><ele>2239.0</ele></trkpt>
      <trkpt lat="49.174603" lon="20.087201"><ele>2239.0</ele></trkpt>
      <trkpt lat="49.174615" lon="20.087185"><ele>2234.0</ele></trkpt>
      <trkpt lat="49.174643" lon="20.087179"><ele>2233.0</ele></trkpt>
      <trkpt lat="49.174668" lon="20.087177"><ele>2233.0</ele></trkpt>
      <trkpt lat="49.174692" lon="20.087174"><ele>2235.0</ele></trkpt>
      <trkpt lat="49.174717" lon="20.087172"><ele>2235.0</ele></trkpt>
      <trkpt lat="49.174702" lon="20.087159"><ele>2235.0</ele></trkpt>
      <trkpt lat="49.174686" lon="20.087147"><ele>2235.0</ele></trkpt>
      <trkpt lat="49.174671" lon="20.087134"><ele>2237.0</ele></trkpt>
      <trkpt lat="49.174656" lon="20.087122"><ele>2238.0</ele></trkpt>
      <trkpt lat="49.174640" lon="20.087109"><ele>2238.0</ele></trkpt>
      <trkpt lat="49.174629" lon="20.087139"><ele>2238.0</ele></trkpt>
      <trkpt lat="49.174624" lon="20.087173"><ele>2238.0</ele></trkpt>
      <trkpt lat="49.174618" lon="20.087207"><ele>2238.0</ele></trkpt>
      <trkpt lat="49.174613" lon="20.087241"><ele>2237.0</ele></trkpt>
      <trkpt lat="49.174602" lon="20.087267"><ele>2237.0</ele></trkpt>
      <trkpt lat="49.174585" lon="20.087284"><ele>2237.0</ele></trkpt>
      <trkpt lat="49.174569" lon="20.087301"><ele>2237.0</ele></trkpt>
      <trkpt lat="49.174553" lon="20.087318"><ele>2237.0</ele></trkpt>
      <trkpt lat="49.174536" lon="20.087335"><ele>2237.0</ele></trkpt>
      <trkpt lat="49.174549" lon="20.087344"><ele>2237.0</ele></trkpt>
      <trkpt lat="49.174563" lon="20.087345"><ele>2237.0</ele></trkpt>
      <trkpt lat="49.174577" lon="20.087345"><ele>2240.0</ele></trkpt>
      <trkpt lat="49.174591" lon="20.087346"><ele>2238.0</ele></trkpt>
      <trkpt lat="49.174605" lon="20.087346"><ele>2236.0</ele></trkpt>
      <trkpt lat="49.174619" lon="20.087347"><ele>2238.0</ele></trkpt>
      <trkpt lat="49.174637" lon="20.087341"><ele>2237.0</ele></trkpt>
      <trkpt lat="49.174654" lon="20.087335"><ele>2237.0</ele></trkpt>
      <trkpt lat="49.174672" lon="20.087328"><ele>2237.0</ele></trkpt>
      <trkpt lat="49.174689" lon="20.087322"><ele>2236.0</ele></trkpt>
      <trkpt lat="49.174707" lon="20.087316"><ele>2236.0</ele></trkpt>
      <trkpt lat="49.174691" lon="20.087318"><ele>2236.0</ele></trkpt>
      <trkpt lat="49.174676" lon="20.087320"><ele>2237.0</ele></trkpt>
      <trkpt lat="49.174660" lon="20.087322"><ele>2238.0</ele></trkpt>
      <trkpt lat="49.174644" lon="20.087324"><ele>2238.0</ele></trkpt>
      <trkpt lat="49.174629" lon="20.087326"><ele>2238.0</ele></trkpt>
      <trkpt lat="49.174613" lon="20.087328"><ele>2237.0</ele></trkpt>
      <trkpt lat="49.174597" lon="20.087330"><ele>2237.0</ele></trkpt>
      <trkpt lat="49.174582" lon="20.087332"><ele>2237.0</ele></trkpt>
      <trkpt lat="49.174566" lon="20.087334"><ele>2236.0</ele></trkpt>
      <trkpt lat="49.174551" lon="20.087336"><ele>2236.0</ele></trkpt>
      <trkpt lat="49.174535" lon="20.087338"><ele>2235.0</ele></trkpt>
      <trkpt lat="49.174519" lon="20.087340"><ele>2234.0</ele></trkpt>
      <trkpt lat="49.174451" lon="20.087350"><ele>2235.0</ele></trkpt>
      <trkpt lat="49.174475" lon="20.087345"><ele>2235.0</ele></trkpt>
      <trkpt lat="49.174498" lon="20.087340"><ele>2235.0</ele></trkpt>
      <trkpt lat="49.174522" lon="20.087334"><ele>2235.0</ele></trkpt>
      <trkpt lat="49.174545" lon="20.087329"><ele>2235.0</ele></trkpt>
      <trkpt lat="49.174565" lon="20.087332"><ele>2235.0</ele></trkpt>
      <trkpt lat="49.174586" lon="20.087335"><ele>2235.0</ele></trkpt>
      <trkpt lat="49.174606" lon="20.087338"><ele>2235.0</ele></trkpt>
      <trkpt lat="49.174627" lon="20.087341"><ele>2235.0</ele></trkpt>
      <trkpt lat="49.174645" lon="20.087321"><ele>2236.0</ele></trkpt>
      <trkpt lat="49.174653" lon="20.087301"><ele>2236.0</ele></trkpt>
      <trkpt lat="49.174661" lon="20.087280"><ele>2236.0</ele></trkpt>
      <trkpt lat="49.174668" lon="20.087260"><ele>2236.0</ele></trkpt>
      <trkpt lat="49.174676" lon="20.087239"><ele>2236.0</ele></trkpt>
      <trkpt lat="49.174684" lon="20.087219"><ele>2236.0</ele></trkpt>
      <trkpt lat="49.174692" lon="20.087198"><ele>2236.0</ele></trkpt>
      <trkpt lat="49.174705" lon="20.087178"><ele>2236.0</ele></trkpt>
      <trkpt lat="49.174718" lon="20.087158"><ele>2236.0</ele></trkpt>
      <trkpt lat="49.174732" lon="20.087137"><ele>2237.0</ele></trkpt>
      <trkpt lat="49.174745" lon="20.087117"><ele>2237.0</ele></trkpt>
      <trkpt lat="49.174758" lon="20.087097"><ele>2237.0</ele></trkpt>
      <trkpt lat="49.174743" lon="20.087108"><ele>2237.0</ele></trkpt>
      <trkpt lat="49.174727" lon="20.087119"><ele>2237.0</ele></trkpt>
      <trkpt lat="49.174712" lon="20.087131"><ele>2237.0</ele></trkpt>
      <trkpt lat="49.174696" lon="20.087142"><ele>2237.0</ele></trkpt>
      <trkpt lat="49.174681" lon="20.087153"><ele>2238.0</ele></trkpt>
      <trkpt lat="49.174665" lon="20.087164"><ele>2237.0</ele></trkpt>
      <trkpt lat="49.174659" lon="20.087144"><ele>2238.0</ele></trkpt>
      <trkpt lat="49.174652" lon="20.087124"><ele>2237.0</ele></trkpt>
      <trkpt lat="49.174646" lon="20.087104"><ele>2237.0</ele></trkpt>
      <trkpt lat="49.174640" lon="20.087084"><ele>2236.0</ele></trkpt>
      <trkpt lat="49.174633" lon="20.087064"><ele>2236.0</ele></trkpt>
      <trkpt lat="49.174627" lon="20.087044"><ele>2235.0</ele></trkpt>
      <trkpt lat="49.174609" lon="20.087029"><ele>2234.0</ele></trkpt>
      <trkpt lat="49.174594" lon="20.087021"><ele>2234.0</ele></trkpt>
      <trkpt lat="49.174578" lon="20.087013"><ele>2235.0</ele></trkpt>
      <trkpt lat="49.174562" lon="20.087005"><ele>2235.0</ele></trkpt>
      <trkpt lat="49.174547" lon="20.086997"><ele>2235.0</ele></trkpt>
      <trkpt lat="49.174531" lon="20.086989"><ele>2235.0</ele></trkpt>
      <trkpt lat="49.174543" lon="20.087011"><ele>2235.0</ele></trkpt>
      <trkpt lat="49.174554" lon="20.087033"><ele>2235.0</ele></trkpt>
      <trkpt lat="49.174566" lon="20.087056"><ele>2235.0</ele></trkpt>
      <trkpt lat="49.174577" lon="20.087078"><ele>2235.0</ele></trkpt>
      <trkpt lat="49.174589" lon="20.087100"><ele>2235.0</ele></trkpt>
      <trkpt lat="49.174604" lon="20.087104"><ele>2235.0</ele></trkpt>
      <trkpt lat="49.174619" lon="20.087108"><ele>2235.0</ele></trkpt>
      <trkpt lat="49.174635" lon="20.087112"><ele>2235.0</ele></trkpt>
      <trkpt lat="49.174650" lon="20.087117"><ele>2235.0</ele></trkpt>
      <trkpt lat="49.174665" lon="20.087121"><ele>2234.0</ele></trkpt>
      <trkpt lat="49.174680" lon="20.087125"><ele>2234.0</ele></trkpt>
      <trkpt lat="49.174706" lon="20.087128"><ele>2234.0</ele></trkpt>
      <trkpt lat="49.174732" lon="20.087130"><ele>2234.0</ele></trkpt>
      <trkpt lat="49.174757" lon="20.087133"><ele>2234.0</ele></trkpt>
      <trkpt lat="49.174783" lon="20.087136"><ele>2234.0</ele></trkpt>
      <trkpt lat="49.174802" lon="20.087159"><ele>2234.0</ele></trkpt>
      <trkpt lat="49.174820" lon="20.087183"><ele>2234.0</ele></trkpt>
      <trkpt lat="49.174839" lon="20.087206"><ele>2234.0</ele></trkpt>
      <trkpt lat="49.174857" lon="20.087230"><ele>2234.0</ele></trkpt>
      <trkpt lat="49.174842" lon="20.087226"><ele>2234.0</ele></trkpt>
      <trkpt lat="49.174827" lon="20.087223"><ele>2235.0</ele></trkpt>
      <trkpt lat="49.174812" lon="20.087219"><ele>2235.0</ele></trkpt>
      <trkpt lat="49.174797" lon="20.087216"><ele>2235.0</ele></trkpt>
      <trkpt lat="49.174782" lon="20.087212"><ele>2235.0</ele></trkpt>
      <trkpt lat="49.174767" lon="20.087209"><ele>2236.0</ele></trkpt>
      <trkpt lat="49.174752" lon="20.087203"><ele>2236.0</ele></trkpt>
      <trkpt lat="49.174735" lon="20.087194"><ele>2237.0</ele></trkpt>
      <trkpt lat="49.174719" lon="20.087186"><ele>2237.0</ele></trkpt>
      <trkpt lat="49.174702" lon="20.087178"><ele>2237.0</ele></trkpt>
      <trkpt lat="49.174686" lon="20.087169"><ele>2237.0</ele></trkpt>
      <trkpt lat="49.174669" lon="20.087161"><ele>2237.0</ele></trkpt>
      <trkpt lat="49.174635" lon="20.087169"><ele>2237.0</ele></trkpt>
      <trkpt lat="49.174601" lon="20.087176"><ele>2237.0</ele></trkpt>
      <trkpt lat="49.174567" lon="20.087184"><ele>2237.0</ele></trkpt>
      <trkpt lat="49.174556" lon="20.087168"><ele>2237.0</ele></trkpt>
      <trkpt lat="49.174545" lon="20.087152"><ele>2238.0</ele></trkpt>
      <trkpt lat="49.174534" lon="20.087136"><ele>2238.0</ele></trkpt>
      <trkpt lat="49.174523" lon="20.087120"><ele>2238.0</ele></trkpt>
      <trkpt lat="49.174512" lon="20.087104"><ele>2237.0</ele></trkpt>
      <trkpt lat="49.174501" lon="20.087088"><ele>2237.0</ele></trkpt>
      <trkpt lat="49.174515" lon="20.087095"><ele>2237.0</ele></trkpt>
      <trkpt lat="49.174529" lon="20.087102"><ele>2237.0</ele></trkpt>
      <trkpt lat="49.174543" lon="20.087108"><ele>2237.0</ele></trkpt>
      <trkpt lat="49.174557" lon="20.087115"><ele>2237.0</ele></trkpt>
      <trkpt lat="49.174571" lon="20.087122"><ele>2237.0</ele></trkpt>
      <trkpt lat="49.174585" lon="20.087129"><ele>2237.0</ele></trkpt>
      <trkpt lat="49.174597" lon="20.087139"><ele>2237.0</ele></trkpt>
      <trkpt lat="49.174608" lon="20.087154"><ele>2237.0</ele></trkpt>
      <trkpt lat="49.174619" lon="20.087169"><ele>2237.0</ele></trkpt>
      <trkpt lat="49.174630" lon="20.087184"><ele>2238.0</ele></trkpt>
      <trkpt lat="49.174641" lon="20.087198"><ele>2237.0</ele></trkpt>
      <trkpt lat="49.174652" lon="20.087213"><ele>2237.0</ele></trkpt>
      <trkpt lat="49.174663" lon="20.087228"><ele>2237.0</ele></trkpt>
      <trkpt lat="49.174652" lon="20.087202"><ele>2237.0</ele></trkpt>
      <trkpt lat="49.174640" lon="20.087176"><ele>2237.0</ele></trkpt>
      <trkpt lat="49.174629" lon="20.087151"><ele>2238.0</ele></trkpt>
      <trkpt lat="49.174617" lon="20.087125"><ele>2238.0</ele></trkpt>
      <trkpt lat="49.174606" lon="20.087099"><ele>2238.0</ele></trkpt>
      <trkpt lat="49.174583" lon="20.087117"><ele>2238.0</ele></trkpt>
      <trkpt lat="49.174560" lon="20.087136"><ele>2238.0</ele></trkpt>
      <trkpt lat="49.174537" lon="20.087154"><ele>2238.0</ele></trkpt>
      <trkpt lat="49.174514" lon="20.087172"><ele>2237.0</ele></trkpt>
      <trkpt lat="49.174527" lon="20.087184"><ele>2237.0</ele></trkpt>
      <trkpt lat="49.174541" lon="20.087196"><ele>2237.0</ele></trkpt>
      <trkpt lat="49.174554" lon="20.087207"><ele>2237.0</ele></trkpt>
      <trkpt lat="49.174567" lon="20.087219"><ele>2237.0</ele></trkpt>
      <trkpt lat="49.174581" lon="20.087231"><ele>2237.0</ele></trkpt>
      <trkpt lat="49.174594" lon="20.087243"><ele>2237.0</ele></trkpt>
      <trkpt lat="49.174606" lon="20.087253"><ele>2237.0</ele></trkpt>
      <trkpt lat="49.174630" lon="20.087272"><ele>2237.0</ele></trkpt>
      <trkpt lat="49.174643" lon="20.087282"><ele>2237.0</ele></trkpt>
      <trkpt lat="49.174655" lon="20.087292"><ele>2237.0</ele></trkpt>
      <trkpt lat="49.174679" lon="20.087311"><ele>2237.0</ele></trkpt>
      <trkpt lat="49.174696" lon="20.087314"><ele>2237.0</ele></trkpt>
      <trkpt lat="49.174713" lon="20.087318"><ele>2237.0</ele></trkpt>
      <trkpt lat="49.174730" lon="20.087321"><ele>2237.0</ele></trkpt>
      <trkpt lat="49.174747" lon="20.087325"><ele>2238.0</ele></trkpt>
      <trkpt lat="49.174764" lon="20.087328"><ele>2237.0</ele></trkpt>
      <trkpt lat="49.174781" lon="20.087331"><ele>2238.0</ele></trkpt>
      <trkpt lat="49.174775" lon="20.087302"><ele>2238.0</ele></trkpt>
      <trkpt lat="49.174759" lon="20.087270"><ele>2238.0</ele></trkpt>
      <trkpt lat="49.174744" lon="20.087239"><ele>2238.0</ele></trkpt>
      <trkpt lat="49.174728" lon="20.087208"><ele>2238.0</ele></trkpt>
      <trkpt lat="49.174714" lon="20.087212"><ele>2239.0</ele></trkpt>
      <trkpt lat="49.174700" lon="20.087215"><ele>2241.0</ele></trkpt>
      <trkpt lat="49.174686" lon="20.087219"><ele>2240.0</ele></trkpt>
      <trkpt lat="49.174672" lon="20.087223"><ele>2241.0</ele></trkpt>
      <trkpt lat="49.174658" lon="20.087226"><ele>2240.0</ele></trkpt>
      <trkpt lat="49.174643" lon="20.087230"><ele>2241.0</ele></trkpt>
      <trkpt lat="49.174630" lon="20.087239"><ele>2240.0</ele></trkpt>
      <trkpt lat="49.174617" lon="20.087251"><ele>2240.0</ele></trkpt>
      <trkpt lat="49.174605" lon="20.087263"><ele>2240.0</ele></trkpt>
      <trkpt lat="49.174593" lon="20.087275"><ele>2241.0</ele></trkpt>
      <trkpt lat="49.174580" lon="20.087287"><ele>2241.0</ele></trkpt>
      <trkpt lat="49.174568" lon="20.087299"><ele>2241.0</ele></trkpt>
      <trkpt lat="49.174551" lon="20.087305"><ele>2240.0</ele></trkpt>
      <trkpt lat="49.174538" lon="20.087297"><ele>2238.0</ele></trkpt>
      <trkpt lat="49.174519" lon="20.087285"><ele>2239.0</ele></trkpt>
      <trkpt lat="49.174500" lon="20.087273"><ele>2239.0</ele></trkpt>
      <trkpt lat="49.174481" lon="20.087261"><ele>2241.0</ele></trkpt>
      <trkpt lat="49.174463" lon="20.087249"><ele>2241.0</ele></trkpt>
      <trkpt lat="49.174450" lon="20.087241"><ele>2240.0</ele></trkpt>
      <trkpt lat="49.174463" lon="20.087249"><ele>2239.0</ele></trkpt>
      <trkpt lat="49.174479" lon="20.087259"><ele>2240.0</ele></trkpt>
      <trkpt lat="49.174492" lon="20.087266"><ele>2239.0</ele></trkpt>
      <trkpt lat="49.174509" lon="20.087276"><ele>2239.0</ele></trkpt>
      <trkpt lat="49.174525" lon="20.087286"><ele>2238.0</ele></trkpt>
      <trkpt lat="49.174538" lon="20.087294"><ele>2238.0</ele></trkpt>
      <trkpt lat="49.174554" lon="20.087303"><ele>2238.0</ele></trkpt>
      <trkpt lat="49.174570" lon="20.087312"><ele>2238.0</ele></trkpt>
      <trkpt lat="49.174585" lon="20.087321"><ele>2239.0</ele></trkpt>
      <trkpt lat="49.174601" lon="20.087330"><ele>2239.0</ele></trkpt>
      <trkpt lat="49.174617" lon="20.087339"><ele>2241.0</ele></trkpt>
      <trkpt lat="49.174654" lon="20.087342"><ele>2241.0</ele></trkpt>
      <trkpt lat="49.174683" lon="20.087340"><ele>2241.0</ele></trkpt>
      <trkpt lat="49.174712" lon="20.087337"><ele>2241.0</ele></trkpt>
      <trkpt lat="49.174741" lon="20.087335"><ele>2241.0</ele></trkpt>
      <trkpt lat="49.174737" lon="20.087313"><ele>2241.0</ele></trkpt>
      <trkpt lat="49.174734" lon="20.087290"><ele>2241.0</ele></trkpt>
      <trkpt lat="49.174730" lon="20.087268"><ele>2241.0</ele></trkpt>
      <trkpt lat="49.174726" lon="20.087246"><ele>2241.0</ele></trkpt>
      <trkpt lat="49.174723" lon="20.087223"><ele>2241.0</ele></trkpt>
      <trkpt lat="49.174719" lon="20.087201"><ele>2241.0</ele></trkpt>
      <trkpt lat="49.174700" lon="20.087198"><ele>2240.0</ele></trkpt>
      <trkpt lat="49.174682" lon="20.087195"><ele>2239.0</ele></trkpt>
      <trkpt lat="49.174663" lon="20.087192"><ele>2239.0</ele></trkpt>
      <trkpt lat="49.174644" lon="20.087189"><ele>2238.0</ele></trkpt>
      <trkpt lat="49.174625" lon="20.087186"><ele>2238.0</ele></trkpt>
      <trkpt lat="49.174611" lon="20.087187"><ele>2239.0</ele></trkpt>
      <trkpt lat="49.174596" lon="20.087190"><ele>2239.0</ele></trkpt>
      <trkpt lat="49.174581" lon="20.087193"><ele>2239.0</ele></trkpt>
      <trkpt lat="49.174566" lon="20.087197"><ele>2240.0</ele></trkpt>
      <trkpt lat="49.174551" lon="20.087200"><ele>2240.0</ele></trkpt>
      <trkpt lat="49.174536" lon="20.087203"><ele>2241.0</ele></trkpt>
      <trkpt lat="49.174532" lon="20.087223"><ele>2241.0</ele></trkpt>
      <trkpt lat="49.174537" lon="20.087251"><ele>2241.0</ele></trkpt>
      <trkpt lat="49.174542" lon="20.087279"><ele>2241.0</ele></trkpt>
      <trkpt lat="49.174547" lon="20.087307"><ele>2241.0</ele></trkpt>
      <trkpt lat="49.174553" lon="20.087334"><ele>2241.0</ele></trkpt>
      <trkpt lat="49.174547" lon="20.087309"><ele>2241.0</ele></trkpt>
      <trkpt lat="49.174543" lon="20.087287"><ele>2240.0</ele></trkpt>
      <trkpt lat="49.174539" lon="20.087265"><ele>2240.0</ele></trkpt>
      <trkpt lat="49.174535" lon="20.087242"><ele>2239.0</ele></trkpt>
      <trkpt lat="49.174530" lon="20.087220"><ele>2240.0</ele></trkpt>
      <trkpt lat="49.174546" lon="20.087200"><ele>2240.0</ele></trkpt>
      <trkpt lat="49.174562" lon="20.087187"><ele>2240.0</ele></trkpt>
      <trkpt lat="49.174579" lon="20.087174"><ele>2240.0</ele></trkpt>
      <trkpt lat="49.174596" lon="20.087160"><ele>2240.0</ele></trkpt>
      <trkpt lat="49.174612" lon="20.087147"><ele>2240.0</ele></trkpt>
      <trkpt lat="49.174629" lon="20.087134"><ele>2240.0</ele></trkpt>
      <trkpt lat="49.174643" lon="20.087139"><ele>2239.0</ele></trkpt>
      <trkpt lat="49.174658" lon="20.087144"><ele>2239.0</ele></trkpt>
      <trkpt lat="49.174672" lon="20.087149"><ele>2239.0</ele></trkpt>
      <trkpt lat="49.174686" lon="20.087155"><ele>2239.0</ele></trkpt>
      <trkpt lat="49.174701" lon="20.087160"><ele>2240.0</ele></trkpt>
      <trkpt lat="49.174715" lon="20.087165"><ele>2239.0</ele></trkpt>
      <trkpt lat="49.174699" lon="20.087169"><ele>2239.0</ele></trkpt>
      <trkpt lat="49.174685" lon="20.087170"><ele>2239.0</ele></trkpt>
      <trkpt lat="49.174670" lon="20.087171"><ele>2239.0</ele></trkpt>
      <trkpt lat="49.174656" lon="20.087173"><ele>2239.0</ele></trkpt>
      <trkpt lat="49.174641" lon="20.087174"><ele>2238.0</ele></trkpt>
      <trkpt lat="49.174627" lon="20.087175"><ele>2238.0</ele></trkpt>
      <trkpt lat="49.174612" lon="20.087143"><ele>2238.0</ele></trkpt>
      <trkpt lat="49.174597" lon="20.087110"><ele>2237.0</ele></trkpt>
      <trkpt lat="49.174582" lon="20.087078"><ele>2237.0</ele></trkpt>
      <trkpt lat="49.174572" lon="20.087058"><ele>2237.0</ele></trkpt>
      <trkpt lat="49.174562" lon="20.087042"><ele>2238.0</ele></trkpt>
      <trkpt lat="49.174553" lon="20.087026"><ele>2239.0</ele></trkpt>
      <trkpt lat="49.174544" lon="20.087010"><ele>2239.0</ele></trkpt>
      <trkpt lat="49.174534" lon="20.086994"><ele>2238.0</ele></trkpt>
      <trkpt lat="49.174525" lon="20.086978"><ele>2237.0</ele></trkpt>
      <trkpt lat="49.174535" lon="20.086948"><ele>2237.0</ele></trkpt>
      <trkpt lat="49.174544" lon="20.086917"><ele>2234.0</ele></trkpt>
      <trkpt lat="49.174563" lon="20.086872"><ele>2235.0</ele></trkpt>
      <trkpt lat="49.174576" lon="20.086840"><ele>2235.0</ele></trkpt>
      <trkpt lat="49.174562" lon="20.086861"><ele>2236.0</ele></trkpt>
      <trkpt lat="49.174551" lon="20.086897"><ele>2236.0</ele></trkpt>
      <trkpt lat="49.174547" lon="20.086932"><ele>2236.0</ele></trkpt>
      <trkpt lat="49.174545" lon="20.086974"><ele>2237.0</ele></trkpt>
      <trkpt lat="49.174535" lon="20.087007"><ele>2237.0</ele></trkpt>
      <trkpt lat="49.174526" lon="20.087039"><ele>2237.0</ele></trkpt>
      <trkpt lat="49.174529" lon="20.087074"><ele>2237.0</ele></trkpt>
      <trkpt lat="49.174536" lon="20.087106"><ele>2238.0</ele></trkpt>
      <trkpt lat="49.174544" lon="20.087133"><ele>2238.0</ele></trkpt>
      <trkpt lat="49.174560" lon="20.087159"><ele>2238.0</ele></trkpt>
      <trkpt lat="49.174570" lon="20.087188"><ele>2238.0</ele></trkpt>
      <trkpt lat="49.174584" lon="20.087216"><ele>2237.0</ele></trkpt>
      <trkpt lat="49.174597" lon="20.087243"><ele>2237.0</ele></trkpt>
      <trkpt lat="49.174618" lon="20.087275"><ele>2236.0</ele></trkpt>
      <trkpt lat="49.174586" lon="20.087289"><ele>2237.0</ele></trkpt>
      <trkpt lat="49.174568" lon="20.087293"><ele>2237.0</ele></trkpt>
      <trkpt lat="49.174545" lon="20.087298"><ele>2236.0</ele></trkpt>
      <trkpt lat="49.174561" lon="20.087283"><ele>2237.0</ele></trkpt>
      <trkpt lat="49.174582" lon="20.087274"><ele>2237.0</ele></trkpt>
      <trkpt lat="49.174604" lon="20.087268"><ele>2237.0</ele></trkpt>
      <trkpt lat="49.174626" lon="20.087271"><ele>2238.0</ele></trkpt>
      <trkpt lat="49.174650" lon="20.087269"><ele>2238.0</ele></trkpt>
      <trkpt lat="49.174674" lon="20.087275"><ele>2238.0</ele></trkpt>
      <trkpt lat="49.174695" lon="20.087269"><ele>2240.0</ele></trkpt>
      <trkpt lat="49.174714" lon="20.087274"><ele>2241.0</ele></trkpt>
      <trkpt lat="49.174737" lon="20.087278"><ele>2241.0</ele></trkpt>
      <trkpt lat="49.174758" lon="20.087278"><ele>2241.0</ele></trkpt>
      <trkpt lat="49.174781" lon="20.087281"><ele>2242.0</ele></trkpt>
      <trkpt lat="49.174799" lon="20.087298"><ele>2244.0</ele></trkpt>
      <trkpt lat="49.174807" lon="20.087271"><ele>2245.0</ele></trkpt>
      <trkpt lat="49.174824" lon="20.087257"><ele>2245.0</ele></trkpt>
      <trkpt lat="49.174848" lon="20.087259"><ele>2246.0</ele></trkpt>
      <trkpt lat="49.174864" lon="20.087275"><ele>2246.0</ele></trkpt>
      <trkpt lat="49.174882" lon="20.087286"><ele>2247.0</ele></trkpt>
      <trkpt lat="49.174897" lon="20.087309"><ele>2248.0</ele></trkpt>
      <trkpt lat="49.174919" lon="20.087332"><ele>2249.0</ele></trkpt>
      <trkpt lat="49.174934" lon="20.087348"><ele>2249.0</ele></trkpt>
      <trkpt lat="49.174960" lon="20.087359"><ele>2251.0</ele></trkpt>
      <trkpt lat="49.174982" lon="20.087375"><ele>2251.0</ele></trkpt>
      <trkpt lat="49.175001" lon="20.087390"><ele>2251.0</ele></trkpt>
      <trkpt lat="49.175019" lon="20.087408"><ele>2251.0</ele></trkpt>
      <trkpt lat="49.175036" lon="20.087433"><ele>2252.0</ele></trkpt>
      <trkpt lat="49.175056" lon="20.087454"><ele>2252.0</ele></trkpt>
      <trkpt lat="49.175069" lon="20.087475"><ele>2252.0</ele></trkpt>
      <trkpt lat="49.175083" lon="20.087494"><ele>2253.0</ele></trkpt>
      <trkpt lat="49.175092" lon="20.087520"><ele>2253.0</ele></trkpt>
      <trkpt lat="49.175074" lon="20.087522"><ele>2253.0</ele></trkpt>
      <trkpt lat="49.175097" lon="20.087536"><ele>2254.0</ele></trkpt>
      <trkpt lat="49.175114" lon="20.087546"><ele>2253.0</ele></trkpt>
      <trkpt lat="49.175130" lon="20.087564"><ele>2253.0</ele></trkpt>
      <trkpt lat="49.175149" lon="20.087586"><ele>2254.0</ele></trkpt>
      <trkpt lat="49.175169" lon="20.087605"><ele>2254.0</ele></trkpt>
      <trkpt lat="49.175187" lon="20.087626"><ele>2255.0</ele></trkpt>
      <trkpt lat="49.175198" lon="20.087654"><ele>2254.0</ele></trkpt>
      <trkpt lat="49.175209" lon="20.087685"><ele>2255.0</ele></trkpt>
      <trkpt lat="49.175225" lon="20.087722"><ele>2258.0</ele></trkpt>
      <trkpt lat="49.175239" lon="20.087750"><ele>2258.0</ele></trkpt>
      <trkpt lat="49.175245" lon="20.087778"><ele>2258.0</ele></trkpt>
      <trkpt lat="49.175257" lon="20.087813"><ele>2258.0</ele></trkpt>
      <trkpt lat="49.175263" lon="20.087842"><ele>2261.0</ele></trkpt>
      <trkpt lat="49.175268" lon="20.087869"><ele>2261.0</ele></trkpt>
      <trkpt lat="49.175279" lon="20.087893"><ele>2262.0</ele></trkpt>
      <trkpt lat="49.175291" lon="20.087914"><ele>2262.0</ele></trkpt>
      <trkpt lat="49.175292" lon="20.087941"><ele>2263.0</ele></trkpt>
      <trkpt lat="49.175310" lon="20.087978"><ele>2263.0</ele></trkpt>
      <trkpt lat="49.175324" lon="20.088002"><ele>2263.0</ele></trkpt>
      <trkpt lat="49.175343" lon="20.088021"><ele>2264.0</ele></trkpt>
      <trkpt lat="49.175352" lon="20.088045"><ele>2264.0</ele></trkpt>
      <trkpt lat="49.175366" lon="20.088073"><ele>2263.0</ele></trkpt>
      <trkpt lat="49.175375" lon="20.088105"><ele>2263.0</ele></trkpt>
      <trkpt lat="49.175385" lon="20.088137"><ele>2264.0</ele></trkpt>
      <trkpt lat="49.175397" lon="20.088179"><ele>2264.0</ele></trkpt>
      <trkpt lat="49.175409" lon="20.088203"><ele>2264.0</ele></trkpt>
      <trkpt lat="49.175419" lon="20.088234"><ele>2265.0</ele></trkpt>
      <trkpt lat="49.175429" lon="20.088260"><ele>2265.0</ele></trkpt>
      <trkpt lat="49.175447" lon="20.088279"><ele>2266.0</ele></trkpt>
      <trkpt lat="49.175456" lon="20.088305"><ele>2266.0</ele></trkpt>
      <trkpt lat="49.175468" lon="20.088334"><ele>2268.0</ele></trkpt>
      <trkpt lat="49.175450" lon="20.088335"><ele>2271.0</ele></trkpt>
      <trkpt lat="49.175455" lon="20.088363"><ele>2271.0</ele></trkpt>
      <trkpt lat="49.175466" lon="20.088385"><ele>2271.0</ele></trkpt>
      <trkpt lat="49.175474" lon="20.088412"><ele>2272.0</ele></trkpt>
      <trkpt lat="49.175487" lon="20.088438"><ele>2272.0</ele></trkpt>
      <trkpt lat="49.175506" lon="20.088470"><ele>2273.0</ele></trkpt>
      <trkpt lat="49.175522" lon="20.088499"><ele>2273.0</ele></trkpt>
      <trkpt lat="49.175542" lon="20.088528"><ele>2273.0</ele></trkpt>
      <trkpt lat="49.175548" lon="20.088556"><ele>2274.0</ele></trkpt>
      <trkpt lat="49.175556" lon="20.088582"><ele>2274.0</ele></trkpt>
      <trkpt lat="49.175570" lon="20.088605"><ele>2276.0</ele></trkpt>
      <trkpt lat="49.175579" lon="20.088639"><ele>2275.0</ele></trkpt>
      <trkpt lat="49.175592" lon="20.088671"><ele>2276.0</ele></trkpt>
      <trkpt lat="49.175603" lon="20.088703"><ele>2277.0</ele></trkpt>
      <trkpt lat="49.175609" lon="20.088739"><ele>2277.0</ele></trkpt>
      <trkpt lat="49.175615" lon="20.088766"><ele>2279.0</ele></trkpt>
      <trkpt lat="49.175609" lon="20.088793"><ele>2279.0</ele></trkpt>
      <trkpt lat="49.175615" lon="20.088829"><ele>2280.0</ele></trkpt>
      <trkpt lat="49.175619" lon="20.088865"><ele>2281.0</ele></trkpt>
      <trkpt lat="49.175627" lon="20.088890"><ele>2281.0</ele></trkpt>
      <trkpt lat="49.175635" lon="20.088915"><ele>2282.0</ele></trkpt>
      <trkpt lat="49.175635" lon="20.088945"><ele>2283.0</ele></trkpt>
      <trkpt lat="49.175622" lon="20.088968"><ele>2282.0</ele></trkpt>
      <trkpt lat="49.175614" lon="20.088993"><ele>2284.0</ele></trkpt>
      <trkpt lat="49.175611" lon="20.089021"><ele>2285.0</ele></trkpt>
      <trkpt lat="49.175593" lon="20.089054"><ele>2285.0</ele></trkpt>
      <trkpt lat="49.175609" lon="20.089078"><ele>2286.0</ele></trkpt>
      <trkpt lat="49.175617" lon="20.089112"><ele>2286.0</ele></trkpt>
      <trkpt lat="49.175613" lon="20.089146"><ele>2287.0</ele></trkpt>
      <trkpt lat="49.175607" lon="20.089175"><ele>2287.0</ele></trkpt>
      <trkpt lat="49.175612" lon="20.089207"><ele>2288.0</ele></trkpt>
      <trkpt lat="49.175610" lon="20.089235"><ele>2288.0</ele></trkpt>
      <trkpt lat="49.175614" lon="20.089272"><ele>2288.0</ele></trkpt>
      <trkpt lat="49.175612" lon="20.089309"><ele>2287.0</ele></trkpt>
      <trkpt lat="49.175603" lon="20.089340"><ele>2287.0</ele></trkpt>
      <trkpt lat="49.175611" lon="20.089371"><ele>2288.0</ele></trkpt>
      <trkpt lat="49.175599" lon="20.089393"><ele>2290.0</ele></trkpt>
      <trkpt lat="49.175594" lon="20.089425"><ele>2291.0</ele></trkpt>
      <trkpt lat="49.175595" lon="20.089461"><ele>2292.0</ele></trkpt>
      <trkpt lat="49.175591" lon="20.089489"><ele>2292.0</ele></trkpt>
      <trkpt lat="49.175602" lon="20.089516"><ele>2293.0</ele></trkpt>
      <trkpt lat="49.175596" lon="20.089549"><ele>2294.0</ele></trkpt>
      <trkpt lat="49.175611" lon="20.089576"><ele>2294.0</ele></trkpt>
      <trkpt lat="49.175619" lon="20.089605"><ele>2295.0</ele></trkpt>
      <trkpt lat="49.175638" lon="20.089586"><ele>2297.0</ele></trkpt>
      <trkpt lat="49.175658" lon="20.089571"><ele>2298.0</ele></trkpt>
      <trkpt lat="49.175675" lon="20.089547"><ele>2299.0</ele></trkpt>
      <trkpt lat="49.175692" lon="20.089528"><ele>2299.0</ele></trkpt>
      <trkpt lat="49.175712" lon="20.089514"><ele>2299.0</ele></trkpt>
      <trkpt lat="49.175729" lon="20.089487"><ele>2301.0</ele></trkpt>
      <trkpt lat="49.175747" lon="20.089464"><ele>2301.0</ele></trkpt>
      <trkpt lat="49.175762" lon="20.089447"><ele>2303.0</ele></trkpt>
      <trkpt lat="49.175779" lon="20.089434"><ele>2304.0</ele></trkpt>
      <trkpt lat="49.175799" lon="20.089437"><ele>2304.0</ele></trkpt>
      <trkpt lat="49.175818" lon="20.089431"><ele>2307.0</ele></trkpt>
      <trkpt lat="49.175833" lon="20.089410"><ele>2305.0</ele></trkpt>
      <trkpt lat="49.175851" lon="20.089391"><ele>2308.0</ele></trkpt>
      <trkpt lat="49.175866" lon="20.089369"><ele>2307.0</ele></trkpt>
      <trkpt lat="49.175883" lon="20.089357"><ele>2311.0</ele></trkpt>
      <trkpt lat="49.175901" lon="20.089359"><ele>2313.0</ele></trkpt>
      <trkpt lat="49.175913" lon="20.089337"><ele>2311.0</ele></trkpt>
      <trkpt lat="49.175924" lon="20.089314"><ele>2315.0</ele></trkpt>
      <trkpt lat="49.175940" lon="20.089299"><ele>2315.0</ele></trkpt>
      <trkpt lat="49.175959" lon="20.089294"><ele>2316.0</ele></trkpt>
      <trkpt lat="49.175977" lon="20.089295"><ele>2316.0</ele></trkpt>
      <trkpt lat="49.175998" lon="20.089277"><ele>2317.0</ele></trkpt>
      <trkpt lat="49.176014" lon="20.089256"><ele>2320.0</ele></trkpt>
      <trkpt lat="49.176035" lon="20.089263"><ele>2323.0</ele></trkpt>
      <trkpt lat="49.176055" lon="20.089271"><ele>2325.0</ele></trkpt>
      <trkpt lat="49.176062" lon="20.089298"><ele>2327.0</ele></trkpt>
      <trkpt lat="49.176082" lon="20.089303"><ele>2327.0</ele></trkpt>
      <trkpt lat="49.176094" lon="20.089334"><ele>2329.0</ele></trkpt>
      <trkpt lat="49.176105" lon="20.089362"><ele>2329.0</ele></trkpt>
      <trkpt lat="49.176101" lon="20.089389"><ele>2330.0</ele></trkpt>
      <trkpt lat="49.176107" lon="20.089427"><ele>2330.0</ele></trkpt>
      <trkpt lat="49.176110" lon="20.089457"><ele>2330.0</ele></trkpt>
      <trkpt lat="49.176108" lon="20.089487"><ele>2332.0</ele></trkpt>
      <trkpt lat="49.176102" lon="20.089517"><ele>2335.0</ele></trkpt>
      <trkpt lat="49.176105" lon="20.089553"><ele>2336.0</ele></trkpt>
      <trkpt lat="49.176110" lon="20.089597"><ele>2337.0</ele></trkpt>
      <trkpt lat="49.176119" lon="20.089628"><ele>2337.0</ele></trkpt>
      <trkpt lat="49.176133" lon="20.089648"><ele>2335.0</ele></trkpt>
      <trkpt lat="49.176150" lon="20.089621"><ele>2338.0</ele></trkpt>
      <trkpt lat="49.176174" lon="20.089599"><ele>2336.0</ele></trkpt>
      <trkpt lat="49.176206" lon="20.089595"><ele>2336.0</ele></trkpt>
      <trkpt lat="49.176236" lon="20.089596"><ele>2340.0</ele></trkpt>
      <trkpt lat="49.176263" lon="20.089594"><ele>2341.0</ele></trkpt>
      <trkpt lat="49.176286" lon="20.089582"><ele>2340.0</ele></trkpt>
      <trkpt lat="49.176313" lon="20.089571"><ele>2340.0</ele></trkpt>
      <trkpt lat="49.176326" lon="20.089600"><ele>2344.0</ele></trkpt>
      <trkpt lat="49.176347" lon="20.089602"><ele>2345.0</ele></trkpt>
      <trkpt lat="49.176367" lon="20.089606"><ele>2346.0</ele></trkpt>
      <trkpt lat="49.176385" lon="20.089617"><ele>2346.0</ele></trkpt>
      <trkpt lat="49.176411" lon="20.089631"><ele>2348.0</ele></trkpt>
      <trkpt lat="49.176431" lon="20.089632"><ele>2348.0</ele></trkpt>
      <trkpt lat="49.176449" lon="20.089640"><ele>2348.0</ele></trkpt>
      <trkpt lat="49.176471" lon="20.089635"><ele>2349.0</ele></trkpt>
      <trkpt lat="49.176470" lon="20.089607"><ele>2351.0</ele></trkpt>
      <trkpt lat="49.176475" lon="20.089577"><ele>2349.0</ele></trkpt>
      <trkpt lat="49.176488" lon="20.089541"><ele>2350.0</ele></trkpt>
      <trkpt lat="49.176476" lon="20.089510"><ele>2352.0</ele></trkpt>
      <trkpt lat="49.176480" lon="20.089479"><ele>2354.0</ele></trkpt>
      <trkpt lat="49.176478" lon="20.089443"><ele>2354.0</ele></trkpt>
      <trkpt lat="49.176478" lon="20.089415"><ele>2357.0</ele></trkpt>
      <trkpt lat="49.176486" lon="20.089382"><ele>2358.0</ele></trkpt>
      <trkpt lat="49.176494" lon="20.089355"><ele>2354.0</ele></trkpt>
      <trkpt lat="49.176513" lon="20.089350"><ele>2353.0</ele></trkpt>
      <trkpt lat="49.176531" lon="20.089365"><ele>2354.0</ele></trkpt>
      <trkpt lat="49.176546" lon="20.089382"><ele>2357.0</ele></trkpt>
      <trkpt lat="49.176563" lon="20.089398"><ele>2358.0</ele></trkpt>
      <trkpt lat="49.176578" lon="20.089419"><ele>2357.0</ele></trkpt>
      <trkpt lat="49.176593" lon="20.089434"><ele>2357.0</ele></trkpt>
      <trkpt lat="49.176613" lon="20.089436"><ele>2356.0</ele></trkpt>
      <trkpt lat="49.176632" lon="20.089434"><ele>2353.0</ele></trkpt>
      <trkpt lat="49.176651" lon="20.089427"><ele>2357.0</ele></trkpt>
      <trkpt lat="49.176670" lon="20.089420"><ele>2358.0</ele></trkpt>
      <trkpt lat="49.176690" lon="20.089404"><ele>2360.0</ele></trkpt>
      <trkpt lat="49.176710" lon="20.089388"><ele>2361.0</ele></trkpt>
      <trkpt lat="49.176728" lon="20.089368"><ele>2362.0</ele></trkpt>
      <trkpt lat="49.176739" lon="20.089345"><ele>2363.0</ele></trkpt>
      <trkpt lat="49.176745" lon="20.089316"><ele>2366.0</ele></trkpt>
      <trkpt lat="49.176757" lon="20.089288"><ele>2363.0</ele></trkpt>
      <trkpt lat="49.176763" lon="20.089258"><ele>2363.0</ele></trkpt>
      <trkpt lat="49.176763" lon="20.089226"><ele>2365.0</ele></trkpt>
      <trkpt lat="49.176764" lon="20.089199"><ele>2364.0</ele></trkpt>
      <trkpt lat="49.176767" lon="20.089166"><ele>2365.0</ele></trkpt>
      <trkpt lat="49.176772" lon="20.089131"><ele>2367.0</ele></trkpt>
      <trkpt lat="49.176776" lon="20.089098"><ele>2367.0</ele></trkpt>
      <trkpt lat="49.176781" lon="20.089064"><ele>2368.0</ele></trkpt>
      <trkpt lat="49.176780" lon="20.089029"><ele>2370.0</ele></trkpt>
      <trkpt lat="49.176787" lon="20.088998"><ele>2370.0</ele></trkpt>
      <trkpt lat="49.176781" lon="20.088964"><ele>2369.0</ele></trkpt>
      <trkpt lat="49.176797" lon="20.088948"><ele>2362.0</ele></trkpt>
      <trkpt lat="49.176819" lon="20.088938"><ele>2366.0</ele></trkpt>
      <trkpt lat="49.176837" lon="20.088940"><ele>2366.0</ele></trkpt>
      <trkpt lat="49.176857" lon="20.088954"><ele>2370.0</ele></trkpt>
      <trkpt lat="49.176879" lon="20.088969"><ele>2370.0</ele></trkpt>
      <trkpt lat="49.176899" lon="20.088982"><ele>2370.0</ele></trkpt>
      <trkpt lat="49.176916" lon="20.088993"><ele>2371.0</ele></trkpt>
      <trkpt lat="49.176934" lon="20.089004"><ele>2369.0</ele></trkpt>
      <trkpt lat="49.176950" lon="20.089018"><ele>2368.0</ele></trkpt>
      <trkpt lat="49.176968" lon="20.089042"><ele>2369.0</ele></trkpt>
      <trkpt lat="49.176987" lon="20.089068"><ele>2370.0</ele></trkpt>
      <trkpt lat="49.177002" lon="20.089084"><ele>2371.0</ele></trkpt>
      <trkpt lat="49.177021" lon="20.089101"><ele>2370.0</ele></trkpt>
      <trkpt lat="49.177043" lon="20.089114"><ele>2371.0</ele></trkpt>
      <trkpt lat="49.177060" lon="20.089128"><ele>2372.0</ele></trkpt>
      <trkpt lat="49.177078" lon="20.089141"><ele>2375.0</ele></trkpt>
      <trkpt lat="49.177103" lon="20.089147"><ele>2375.0</ele></trkpt>
      <trkpt lat="49.177121" lon="20.089155"><ele>2375.0</ele></trkpt>
      <trkpt lat="49.177139" lon="20.089159"><ele>2379.0</ele></trkpt>
      <trkpt lat="49.177156" lon="20.089144"><ele>2380.0</ele></trkpt>
      <trkpt lat="49.177161" lon="20.089115"><ele>2383.0</ele></trkpt>
      <trkpt lat="49.177178" lon="20.089091"><ele>2384.0</ele></trkpt>
      <trkpt lat="49.177197" lon="20.089071"><ele>2379.0</ele></trkpt>
      <trkpt lat="49.177206" lon="20.089048"><ele>2378.0</ele></trkpt>
      <trkpt lat="49.177226" lon="20.089038"><ele>2378.0</ele></trkpt>
      <trkpt lat="49.177243" lon="20.089050"><ele>2381.0</ele></trkpt>
      <trkpt lat="49.177263" lon="20.089043"><ele>2382.0</ele></trkpt>
      <trkpt lat="49.177283" lon="20.089025"><ele>2385.0</ele></trkpt>
      <trkpt lat="49.177297" lon="20.089000"><ele>2384.0</ele></trkpt>
      <trkpt lat="49.177301" lon="20.088958"><ele>2386.0</ele></trkpt>
      <trkpt lat="49.177300" lon="20.088925"><ele>2386.0</ele></trkpt>
      <trkpt lat="49.177295" lon="20.088895"><ele>2383.0</ele></trkpt>
      <trkpt lat="49.177284" lon="20.088864"><ele>2382.0</ele></trkpt>
      <trkpt lat="49.177281" lon="20.088827"><ele>2388.0</ele></trkpt>
      <trkpt lat="49.177284" lon="20.088795"><ele>2389.0</ele></trkpt>
      <trkpt lat="49.177282" lon="20.088765"><ele>2390.0</ele></trkpt>
      <trkpt lat="49.177272" lon="20.088736"><ele>2389.0</ele></trkpt>
      <trkpt lat="49.177266" lon="20.088709"><ele>2389.0</ele></trkpt>
      <trkpt lat="49.177260" lon="20.088671"><ele>2387.0</ele></trkpt>
      <trkpt lat="49.177268" lon="20.088636"><ele>2393.0</ele></trkpt>
      <trkpt lat="49.177277" lon="20.088610"><ele>2394.0</ele></trkpt>
      <trkpt lat="49.177286" lon="20.088578"><ele>2392.0</ele></trkpt>
      <trkpt lat="49.177302" lon="20.088551"><ele>2393.0</ele></trkpt>
      <trkpt lat="49.177312" lon="20.088527"><ele>2399.0</ele></trkpt>
      <trkpt lat="49.177321" lon="20.088494"><ele>2392.0</ele></trkpt>
      <trkpt lat="49.177332" lon="20.088467"><ele>2391.0</ele></trkpt>
      <trkpt lat="49.177349" lon="20.088446"><ele>2390.0</ele></trkpt>
      <trkpt lat="49.177362" lon="20.088421"><ele>2394.0</ele></trkpt>
      <trkpt lat="49.177382" lon="20.088402"><ele>2399.0</ele></trkpt>
      <trkpt lat="49.177387" lon="20.088370"><ele>2393.0</ele></trkpt>
      <trkpt lat="49.177402" lon="20.088346"><ele>2396.0</ele></trkpt>
      <trkpt lat="49.177417" lon="20.088324"><ele>2399.0</ele></trkpt>
      <trkpt lat="49.177433" lon="20.088301"><ele>2400.0</ele></trkpt>
      <trkpt lat="49.177454" lon="20.088284"><ele>2402.0</ele></trkpt>
      <trkpt lat="49.177475" lon="20.088277"><ele>2401.0</ele></trkpt>
      <trkpt lat="49.177494" lon="20.088269"><ele>2405.0</ele></trkpt>
      <trkpt lat="49.177512" lon="20.088258"><ele>2405.0</ele></trkpt>
      <trkpt lat="49.177530" lon="20.088249"><ele>2403.0</ele></trkpt>
      <trkpt lat="49.177556" lon="20.088237"><ele>2407.0</ele></trkpt>
      <trkpt lat="49.177577" lon="20.088228"><ele>2409.0</ele></trkpt>
      <trkpt lat="49.177596" lon="20.088236"><ele>2405.0</ele></trkpt>
      <trkpt lat="49.177617" lon="20.088238"><ele>2405.0</ele></trkpt>
      <trkpt lat="49.177640" lon="20.088242"><ele>2407.0</ele></trkpt>
      <trkpt lat="49.177662" lon="20.088251"><ele>2407.0</ele></trkpt>
      <trkpt lat="49.177689" lon="20.088248"><ele>2407.0</ele></trkpt>
      <trkpt lat="49.177706" lon="20.088237"><ele>2407.0</ele></trkpt>
      <trkpt lat="49.177727" lon="20.088234"><ele>2407.0</ele></trkpt>
      <trkpt lat="49.177744" lon="20.088215"><ele>2409.0</ele></trkpt>
      <trkpt lat="49.177745" lon="20.088182"><ele>2409.0</ele></trkpt>
      <trkpt lat="49.177751" lon="20.088157"><ele>2411.0</ele></trkpt>
      <trkpt lat="49.177749" lon="20.088129"><ele>2413.0</ele></trkpt>
      <trkpt lat="49.177767" lon="20.088116"><ele>2412.0</ele></trkpt>
      <trkpt lat="49.177787" lon="20.088118"><ele>2414.0</ele></trkpt>
      <trkpt lat="49.177798" lon="20.088142"><ele>2415.0</ele></trkpt>
      <trkpt lat="49.177816" lon="20.088165"><ele>2416.0</ele></trkpt>
      <trkpt lat="49.177837" lon="20.088168"><ele>2419.0</ele></trkpt>
      <trkpt lat="49.177846" lon="20.088141"><ele>2423.0</ele></trkpt>
      <trkpt lat="49.177841" lon="20.088113"><ele>2423.0</ele></trkpt>
      <trkpt lat="49.177827" lon="20.088087"><ele>2424.0</ele></trkpt>
      <trkpt lat="49.177814" lon="20.088066"><ele>2425.0</ele></trkpt>
      <trkpt lat="49.177801" lon="20.088039"><ele>2426.0</ele></trkpt>
      <trkpt lat="49.177786" lon="20.088005"><ele>2426.0</ele></trkpt>
      <trkpt lat="49.177790" lon="20.087972"><ele>2425.0</ele></trkpt>
      <trkpt lat="49.177812" lon="20.087966"><ele>2424.0</ele></trkpt>
      <trkpt lat="49.177830" lon="20.087966"><ele>2422.0</ele></trkpt>
      <trkpt lat="49.177849" lon="20.087958"><ele>2424.0</ele></trkpt>
      <trkpt lat="49.177868" lon="20.087954"><ele>2426.0</ele></trkpt>
      <trkpt lat="49.177884" lon="20.087972"><ele>2428.0</ele></trkpt>
      <trkpt lat="49.177897" lon="20.087993"><ele>2427.0</ele></trkpt>
      <trkpt lat="49.177917" lon="20.087997"><ele>2426.0</ele></trkpt>
      <trkpt lat="49.177932" lon="20.088018"><ele>2425.0</ele></trkpt>
      <trkpt lat="49.177951" lon="20.088032"><ele>2425.0</ele></trkpt>
      <trkpt lat="49.177968" lon="20.088052"><ele>2424.0</ele></trkpt>
      <trkpt lat="49.177989" lon="20.088055"><ele>2423.0</ele></trkpt>
      <trkpt lat="49.178004" lon="20.088028"><ele>2424.0</ele></trkpt>
      <trkpt lat="49.178022" lon="20.088018"><ele>2429.0</ele></trkpt>
      <trkpt lat="49.178041" lon="20.088017"><ele>2428.0</ele></trkpt>
      <trkpt lat="49.178055" lon="20.087997"><ele>2428.0</ele></trkpt>
      <trkpt lat="49.178073" lon="20.087983"><ele>2430.0</ele></trkpt>
      <trkpt lat="49.178093" lon="20.087985"><ele>2434.0</ele></trkpt>
      <trkpt lat="49.178111" lon="20.087975"><ele>2435.0</ele></trkpt>
      <trkpt lat="49.178131" lon="20.087974"><ele>2435.0</ele></trkpt>
      <trkpt lat="49.178150" lon="20.087980"><ele>2435.0</ele></trkpt>
      <trkpt lat="49.178168" lon="20.087985"><ele>2435.0</ele></trkpt>
      <trkpt lat="49.178191" lon="20.087981"><ele>2435.0</ele></trkpt>
      <trkpt lat="49.178206" lon="20.087964"><ele>2433.0</ele></trkpt>
      <trkpt lat="49.178224" lon="20.087974"><ele>2431.0</ele></trkpt>
      <trkpt lat="49.178243" lon="20.087972"><ele>2428.0</ele></trkpt>
      <trkpt lat="49.178251" lon="20.087945"><ele>2433.0</ele></trkpt>
      <trkpt lat="49.178259" lon="20.087920"><ele>2429.0</ele></trkpt>
      <trkpt lat="49.178273" lon="20.087940"><ele>2426.0</ele></trkpt>
      <trkpt lat="49.178293" lon="20.087934"><ele>2427.0</ele></trkpt>
      <trkpt lat="49.178318" lon="20.087929"><ele>2428.0</ele></trkpt>
      <trkpt lat="49.178339" lon="20.087937"><ele>2426.0</ele></trkpt>
      <trkpt lat="49.178368" lon="20.087950"><ele>2427.0</ele></trkpt>
      <trkpt lat="49.178389" lon="20.087964"><ele>2426.0</ele></trkpt>
      <trkpt lat="49.178408" lon="20.087956"><ele>2426.0</ele></trkpt>
      <trkpt lat="49.178432" lon="20.087951"><ele>2426.0</ele></trkpt>
      <trkpt lat="49.178452" lon="20.087947"><ele>2426.0</ele></trkpt>
      <trkpt lat="49.178473" lon="20.087942"><ele>2426.0</ele></trkpt>
      <trkpt lat="49.178492" lon="20.087952"><ele>2427.0</ele></trkpt>
      <trkpt lat="49.178514" lon="20.087949"><ele>2426.0</ele></trkpt>
      <trkpt lat="49.178538" lon="20.087951"><ele>2426.0</ele></trkpt>
      <trkpt lat="49.178559" lon="20.087939"><ele>2429.0</ele></trkpt>
      <trkpt lat="49.178579" lon="20.087942"><ele>2427.0</ele></trkpt>
      <trkpt lat="49.178600" lon="20.087940"><ele>2427.0</ele></trkpt>
      <trkpt lat="49.178614" lon="20.087922"><ele>2429.0</ele></trkpt>
      <trkpt lat="49.178632" lon="20.087904"><ele>2429.0</ele></trkpt>
      <trkpt lat="49.178652" lon="20.087887"><ele>2430.0</ele></trkpt>
      <trkpt lat="49.178669" lon="20.087873"><ele>2431.0</ele></trkpt>
      <trkpt lat="49.178685" lon="20.087858"><ele>2432.0</ele></trkpt>
      <trkpt lat="49.178702" lon="20.087842"><ele>2432.0</ele></trkpt>
      <trkpt lat="49.178722" lon="20.087835"><ele>2433.0</ele></trkpt>
      <trkpt lat="49.178742" lon="20.087811"><ele>2434.0</ele></trkpt>
      <trkpt lat="49.178763" lon="20.087792"><ele>2436.0</ele></trkpt>
      <trkpt lat="49.178785" lon="20.087795"><ele>2437.0</ele></trkpt>
      <trkpt lat="49.178803" lon="20.087812"><ele>2437.0</ele></trkpt>
      <trkpt lat="49.178824" lon="20.087823"><ele>2436.0</ele></trkpt>
      <trkpt lat="49.178847" lon="20.087828"><ele>2433.0</ele></trkpt>
      <trkpt lat="49.178867" lon="20.087834"><ele>2438.0</ele></trkpt>
      <trkpt lat="49.178885" lon="20.087841"><ele>2439.0</ele></trkpt>
      <trkpt lat="49.178903" lon="20.087835"><ele>2440.0</ele></trkpt>
      <trkpt lat="49.178924" lon="20.087837"><ele>2444.0</ele></trkpt>
      <trkpt lat="49.178938" lon="20.087854"><ele>2443.0</ele></trkpt>
      <trkpt lat="49.178957" lon="20.087840"><ele>2447.0</ele></trkpt>
      <trkpt lat="49.178974" lon="20.087831"><ele>2446.0</ele></trkpt>
      <trkpt lat="49.178996" lon="20.087828"><ele>2447.0</ele></trkpt>
      <trkpt lat="49.179016" lon="20.087807"><ele>2451.0</ele></trkpt>
      <trkpt lat="49.179035" lon="20.087795"><ele>2451.0</ele></trkpt>
      <trkpt lat="49.179060" lon="20.087786"><ele>2449.0</ele></trkpt>
      <trkpt lat="49.179080" lon="20.087786"><ele>2450.0</ele></trkpt>
      <trkpt lat="49.179100" lon="20.087778"><ele>2453.0</ele></trkpt>
      <trkpt lat="49.179121" lon="20.087775"><ele>2454.0</ele></trkpt>
      <trkpt lat="49.179138" lon="20.087792"><ele>2454.0</ele></trkpt>
      <trkpt lat="49.179156" lon="20.087780"><ele>2455.0</ele></trkpt>
      <trkpt lat="49.179175" lon="20.087773"><ele>2456.0</ele></trkpt>
      <trkpt lat="49.179195" lon="20.087784"><ele>2458.0</ele></trkpt>
      <trkpt lat="49.179212" lon="20.087800"><ele>2460.0</ele></trkpt>
      <trkpt lat="49.179238" lon="20.087810"><ele>2462.0</ele></trkpt>
      <trkpt lat="49.179259" lon="20.087813"><ele>2464.0</ele></trkpt>
      <trkpt lat="49.179263" lon="20.087843"><ele>2464.0</ele></trkpt>
      <trkpt lat="49.179264" lon="20.087871"><ele>2464.0</ele></trkpt>
      <trkpt lat="49.179267" lon="20.087899"><ele>2464.0</ele></trkpt>
      <trkpt lat="49.179281" lon="20.087922"><ele>2467.0</ele></trkpt>
      <trkpt lat="49.179295" lon="20.087937"><ele>2468.0</ele></trkpt>
      <trkpt lat="49.179299" lon="20.087970"><ele>2469.0</ele></trkpt>
      <trkpt lat="49.179320" lon="20.087985"><ele>2471.0</ele></trkpt>
      <trkpt lat="49.179340" lon="20.088000"><ele>2471.0</ele></trkpt>
      <trkpt lat="49.179359" lon="20.088010"><ele>2475.0</ele></trkpt>
      <trkpt lat="49.179368" lon="20.088038"><ele>2476.0</ele></trkpt>
      <trkpt lat="49.179377" lon="20.088070"><ele>2479.0</ele></trkpt>
      <trkpt lat="49.179394" lon="20.088093"><ele>2479.0</ele></trkpt>
      <trkpt lat="49.179410" lon="20.088109"><ele>2480.0</ele></trkpt>
      <trkpt lat="49.179428" lon="20.088118"><ele>2480.0</ele></trkpt>
      <trkpt lat="49.179445" lon="20.088129"><ele>2485.0</ele></trkpt>
      <trkpt lat="49.179446" lon="20.088158"><ele>2488.0</ele></trkpt>
      <trkpt lat="49.179465" lon="20.088177"><ele>2485.0</ele></trkpt>
      <trkpt lat="49.179483" lon="20.088169"><ele>2486.0</ele></trkpt>
      <trkpt lat="49.179477" lon="20.088138"><ele>2494.0</ele></trkpt>
      <trkpt lat="49.179481" lon="20.088109"><ele>2488.0</ele></trkpt>
      <trkpt lat="49.179474" lon="20.088081"><ele>2488.0</ele></trkpt>
      <trkpt lat="49.179492" lon="20.088062"><ele>2490.0</ele></trkpt>
      <trkpt lat="49.179510" lon="20.088047"><ele>2492.0</ele></trkpt>
      <trkpt lat="49.179528" lon="20.088050"><ele>2494.0</ele></trkpt>
      <trkpt lat="49.179549" lon="20.088054"><ele>2497.0</ele></trkpt>
      <trkpt lat="49.179567" lon="20.088052"><ele>2498.0</ele></trkpt>
      <trkpt lat="49.179548" lon="20.088053"><ele>2496.0</ele></trkpt>
      <trkpt lat="49.179530" lon="20.088041"><ele>2497.0</ele></trkpt>
      <trkpt lat="49.179512" lon="20.088056"><ele>2498.0</ele></trkpt>
      <trkpt lat="49.179496" lon="20.088072"><ele>2493.0</ele></trkpt>
      <trkpt lat="49.179478" lon="20.088090"><ele>2493.0</ele></trkpt>
      <trkpt lat="49.179465" lon="20.088118"><ele>2492.0</ele></trkpt>
      <trkpt lat="49.179454" lon="20.088141"><ele>2489.0</ele></trkpt>
      <trkpt lat="49.179438" lon="20.088158"><ele>2489.0</ele></trkpt>
      <trkpt lat="49.179418" lon="20.088158"><ele>2490.0</ele></trkpt>
      <trkpt lat="49.179399" lon="20.088181"><ele>2491.0</ele></trkpt>
      <trkpt lat="49.179382" lon="20.088170"><ele>2489.0</ele></trkpt>
      <trkpt lat="49.179363" lon="20.088173"><ele>2487.0</ele></trkpt>
      <trkpt lat="49.179345" lon="20.088188"><ele>2487.0</ele></trkpt>
      <trkpt lat="49.179328" lon="20.088202"><ele>2487.0</ele></trkpt>
      <trkpt lat="49.179319" lon="20.088172"><ele>2484.0</ele></trkpt>
      <trkpt lat="49.179312" lon="20.088144"><ele>2485.0</ele></trkpt>
      <trkpt lat="49.179315" lon="20.088116"><ele>2482.0</ele></trkpt>
      <trkpt lat="49.179315" lon="20.088085"><ele>2482.0</ele></trkpt>
      <trkpt lat="49.179312" lon="20.088056"><ele>2482.0</ele></trkpt>
      <trkpt lat="49.179294" lon="20.088062"><ele>2483.0</ele></trkpt>
      <trkpt lat="49.179285" lon="20.088034"><ele>2479.0</ele></trkpt>
      <trkpt lat="49.179285" lon="20.088004"><ele>2476.0</ele></trkpt>
      <trkpt lat="49.179280" lon="20.087974"><ele>2477.0</ele></trkpt>
      <trkpt lat="49.179261" lon="20.087979"><ele>2479.0</ele></trkpt>
      <trkpt lat="49.179247" lon="20.088004"><ele>2477.0</ele></trkpt>
      <trkpt lat="49.179225" lon="20.088015"><ele>2476.0</ele></trkpt>
      <trkpt lat="49.179211" lon="20.087998"><ele>2476.0</ele></trkpt>
      <trkpt lat="49.179193" lon="20.087991"><ele>2474.0</ele></trkpt>
      <trkpt lat="49.179184" lon="20.087965"><ele>2466.0</ele></trkpt>
      <trkpt lat="49.179196" lon="20.087933"><ele>2464.0</ele></trkpt>
      <trkpt lat="49.179206" lon="20.087906"><ele>2464.0</ele></trkpt>
      <trkpt lat="49.179215" lon="20.087872"><ele>2464.0</ele></trkpt>
      <trkpt lat="49.179201" lon="20.087850"><ele>2466.0</ele></trkpt>
      <trkpt lat="49.179189" lon="20.087826"><ele>2465.0</ele></trkpt>
      <trkpt lat="49.179172" lon="20.087832"><ele>2462.0</ele></trkpt>
      <trkpt lat="49.179151" lon="20.087827"><ele>2462.0</ele></trkpt>
      <trkpt lat="49.179148" lon="20.087795"><ele>2459.0</ele></trkpt>
      <trkpt lat="49.179133" lon="20.087774"><ele>2461.0</ele></trkpt>
      <trkpt lat="49.179118" lon="20.087755"><ele>2460.0</ele></trkpt>
      <trkpt lat="49.179103" lon="20.087770"><ele>2459.0</ele></trkpt>
      <trkpt lat="49.179085" lon="20.087752"><ele>2458.0</ele></trkpt>
      <trkpt lat="49.179080" lon="20.087780"><ele>2454.0</ele></trkpt>
      <trkpt lat="49.179061" lon="20.087782"><ele>2455.0</ele></trkpt>
      <trkpt lat="49.179043" lon="20.087789"><ele>2456.0</ele></trkpt>
      <trkpt lat="49.179021" lon="20.087801"><ele>2456.0</ele></trkpt>
      <trkpt lat="49.179000" lon="20.087819"><ele>2456.0</ele></trkpt>
      <trkpt lat="49.178979" lon="20.087833"><ele>2455.0</ele></trkpt>
      <trkpt lat="49.178964" lon="20.087850"><ele>2453.0</ele></trkpt>
      <trkpt lat="49.178950" lon="20.087825"><ele>2452.0</ele></trkpt>
      <trkpt lat="49.178931" lon="20.087829"><ele>2454.0</ele></trkpt>
      <trkpt lat="49.178914" lon="20.087819"><ele>2453.0</ele></trkpt>
      <trkpt lat="49.178890" lon="20.087835"><ele>2451.0</ele></trkpt>
      <trkpt lat="49.178870" lon="20.087846"><ele>2450.0</ele></trkpt>
      <trkpt lat="49.178849" lon="20.087842"><ele>2447.0</ele></trkpt>
      <trkpt lat="49.178857" lon="20.087812"><ele>2441.0</ele></trkpt>
      <trkpt lat="49.178845" lon="20.087789"><ele>2444.0</ele></trkpt>
      <trkpt lat="49.178829" lon="20.087802"><ele>2442.0</ele></trkpt>
      <trkpt lat="49.178809" lon="20.087795"><ele>2443.0</ele></trkpt>
      <trkpt lat="49.178794" lon="20.087775"><ele>2443.0</ele></trkpt>
      <trkpt lat="49.178777" lon="20.087765"><ele>2443.0</ele></trkpt>
      <trkpt lat="49.178753" lon="20.087763"><ele>2442.0</ele></trkpt>
      <trkpt lat="49.178733" lon="20.087771"><ele>2441.0</ele></trkpt>
      <trkpt lat="49.178712" lon="20.087772"><ele>2442.0</ele></trkpt>
      <trkpt lat="49.178694" lon="20.087774"><ele>2441.0</ele></trkpt>
      <trkpt lat="49.178674" lon="20.087786"><ele>2441.0</ele></trkpt>
      <trkpt lat="49.178658" lon="20.087805"><ele>2440.0</ele></trkpt>
      <trkpt lat="49.178634" lon="20.087815"><ele>2439.0</ele></trkpt>
      <trkpt lat="49.178613" lon="20.087825"><ele>2440.0</ele></trkpt>
      <trkpt lat="49.178593" lon="20.087837"><ele>2439.0</ele></trkpt>
      <trkpt lat="49.178571" lon="20.087842"><ele>2438.0</ele></trkpt>
      <trkpt lat="49.178562" lon="20.087868"><ele>2438.0</ele></trkpt>
      <trkpt lat="49.178543" lon="20.087886"><ele>2436.0</ele></trkpt>
      <trkpt lat="49.178520" lon="20.087897"><ele>2437.0</ele></trkpt>
      <trkpt lat="49.178496" lon="20.087908"><ele>2438.0</ele></trkpt>
      <trkpt lat="49.178493" lon="20.087937"><ele>2437.0</ele></trkpt>
      <trkpt lat="49.178475" lon="20.087941"><ele>2436.0</ele></trkpt>
      <trkpt lat="49.178456" lon="20.087923"><ele>2436.0</ele></trkpt>
      <trkpt lat="49.178434" lon="20.087925"><ele>2435.0</ele></trkpt>
      <trkpt lat="49.178411" lon="20.087923"><ele>2435.0</ele></trkpt>
      <trkpt lat="49.178389" lon="20.087919"><ele>2435.0</ele></trkpt>
      <trkpt lat="49.178366" lon="20.087916"><ele>2434.0</ele></trkpt>
      <trkpt lat="49.178347" lon="20.087915"><ele>2434.0</ele></trkpt>
      <trkpt lat="49.178329" lon="20.087918"><ele>2433.0</ele></trkpt>
      <trkpt lat="49.178307" lon="20.087930"><ele>2434.0</ele></trkpt>
      <trkpt lat="49.178287" lon="20.087933"><ele>2437.0</ele></trkpt>
      <trkpt lat="49.178275" lon="20.087953"><ele>2439.0</ele></trkpt>
      <trkpt lat="49.178258" lon="20.087976"><ele>2441.0</ele></trkpt>
      <trkpt lat="49.178236" lon="20.087973"><ele>2443.0</ele></trkpt>
      <trkpt lat="49.178213" lon="20.087972"><ele>2444.0</ele></trkpt>
      <trkpt lat="49.178193" lon="20.087977"><ele>2444.0</ele></trkpt>
      <trkpt lat="49.178170" lon="20.087974"><ele>2446.0</ele></trkpt>
      <trkpt lat="49.178151" lon="20.087970"><ele>2442.0</ele></trkpt>
      <trkpt lat="49.178127" lon="20.087974"><ele>2447.0</ele></trkpt>
      <trkpt lat="49.178108" lon="20.087988"><ele>2446.0</ele></trkpt>
      <trkpt lat="49.178087" lon="20.087998"><ele>2452.0</ele></trkpt>
      <trkpt lat="49.178077" lon="20.088027"><ele>2450.0</ele></trkpt>
      <trkpt lat="49.178061" lon="20.088049"><ele>2448.0</ele></trkpt>
      <trkpt lat="49.178049" lon="20.088074"><ele>2447.0</ele></trkpt>
      <trkpt lat="49.178029" lon="20.088073"><ele>2445.0</ele></trkpt>
      <trkpt lat="49.178006" lon="20.088075"><ele>2443.0</ele></trkpt>
      <trkpt lat="49.177989" lon="20.088061"><ele>2442.0</ele></trkpt>
      <trkpt lat="49.177973" lon="20.088042"><ele>2442.0</ele></trkpt>
      <trkpt lat="49.177950" lon="20.088044"><ele>2439.0</ele></trkpt>
      <trkpt lat="49.177931" lon="20.088025"><ele>2440.0</ele></trkpt>
      <trkpt lat="49.177911" lon="20.088018"><ele>2440.0</ele></trkpt>
      <trkpt lat="49.177903" lon="20.087989"><ele>2440.0</ele></trkpt>
      <trkpt lat="49.177882" lon="20.087986"><ele>2441.0</ele></trkpt>
      <trkpt lat="49.177866" lon="20.087969"><ele>2442.0</ele></trkpt>
      <trkpt lat="49.177844" lon="20.087959"><ele>2441.0</ele></trkpt>
      <trkpt lat="49.177825" lon="20.087955"><ele>2438.0</ele></trkpt>
      <trkpt lat="49.177807" lon="20.087955"><ele>2439.0</ele></trkpt>
      <trkpt lat="49.177791" lon="20.087937"><ele>2440.0</ele></trkpt>
      <trkpt lat="49.177773" lon="20.087943"><ele>2438.0</ele></trkpt>
      <trkpt lat="49.177758" lon="20.087965"><ele>2440.0</ele></trkpt>
      <trkpt lat="49.177756" lon="20.087992"><ele>2437.0</ele></trkpt>
      <trkpt lat="49.177748" lon="20.088020"><ele>2431.0</ele></trkpt>
      <trkpt lat="49.177744" lon="20.088050"><ele>2425.0</ele></trkpt>
      <trkpt lat="49.177741" lon="20.088080"><ele>2428.0</ele></trkpt>
      <trkpt lat="49.177751" lon="20.088104"><ele>2428.0</ele></trkpt>
      <trkpt lat="49.177731" lon="20.088125"><ele>2424.0</ele></trkpt>
      <trkpt lat="49.177742" lon="20.088163"><ele>2422.0</ele></trkpt>
      <trkpt lat="49.177745" lon="20.088195"><ele>2420.0</ele></trkpt>
      <trkpt lat="49.177739" lon="20.088223"><ele>2420.0</ele></trkpt>
      <trkpt lat="49.177740" lon="20.088260"><ele>2417.0</ele></trkpt>
      <trkpt lat="49.177725" lon="20.088284"><ele>2416.0</ele></trkpt>
      <trkpt lat="49.177704" lon="20.088284"><ele>2417.0</ele></trkpt>
      <trkpt lat="49.177685" lon="20.088277"><ele>2418.0</ele></trkpt>
      <trkpt lat="49.177662" lon="20.088282"><ele>2418.0</ele></trkpt>
      <trkpt lat="49.177642" lon="20.088284"><ele>2417.0</ele></trkpt>
      <trkpt lat="49.177618" lon="20.088280"><ele>2418.0</ele></trkpt>
      <trkpt lat="49.177594" lon="20.088262"><ele>2418.0</ele></trkpt>
      <trkpt lat="49.177577" lon="20.088240"><ele>2419.0</ele></trkpt>
      <trkpt lat="49.177548" lon="20.088253"><ele>2418.0</ele></trkpt>
      <trkpt lat="49.177524" lon="20.088233"><ele>2419.0</ele></trkpt>
      <trkpt lat="49.177507" lon="20.088242"><ele>2419.0</ele></trkpt>
      <trkpt lat="49.177489" lon="20.088237"><ele>2414.0</ele></trkpt>
      <trkpt lat="49.177470" lon="20.088233"><ele>2416.0</ele></trkpt>
      <trkpt lat="49.177458" lon="20.088266"><ele>2412.0</ele></trkpt>
      <trkpt lat="49.177441" lon="20.088282"><ele>2412.0</ele></trkpt>
      <trkpt lat="49.177417" lon="20.088297"><ele>2414.0</ele></trkpt>
      <trkpt lat="49.177402" lon="20.088326"><ele>2415.0</ele></trkpt>
      <trkpt lat="49.177390" lon="20.088347"><ele>2417.0</ele></trkpt>
      <trkpt lat="49.177375" lon="20.088364"><ele>2419.0</ele></trkpt>
      <trkpt lat="49.177364" lon="20.088400"><ele>2415.0</ele></trkpt>
      <trkpt lat="49.177349" lon="20.088434"><ele>2412.0</ele></trkpt>
      <trkpt lat="49.177334" lon="20.088471"><ele>2410.0</ele></trkpt>
      <trkpt lat="49.177320" lon="20.088495"><ele>2410.0</ele></trkpt>
      <trkpt lat="49.177300" lon="20.088523"><ele>2410.0</ele></trkpt>
      <trkpt lat="49.177292" lon="20.088570"><ele>2412.0</ele></trkpt>
      <trkpt lat="49.177273" lon="20.088595"><ele>2414.0</ele></trkpt>
      <trkpt lat="49.177258" lon="20.088629"><ele>2416.0</ele></trkpt>
      <trkpt lat="49.177246" lon="20.088653"><ele>2417.0</ele></trkpt>
      <trkpt lat="49.177244" lon="20.088684"><ele>2417.0</ele></trkpt>
      <trkpt lat="49.177242" lon="20.088714"><ele>2414.0</ele></trkpt>
      <trkpt lat="49.177242" lon="20.088760"><ele>2413.0</ele></trkpt>
      <trkpt lat="49.177257" lon="20.088793"><ele>2409.0</ele></trkpt>
      <trkpt lat="49.177262" lon="20.088836"><ele>2405.0</ele></trkpt>
      <trkpt lat="49.177268" lon="20.088864"><ele>2402.0</ele></trkpt>
      <trkpt lat="49.177277" lon="20.088902"><ele>2400.0</ele></trkpt>
      <trkpt lat="49.177282" lon="20.088943"><ele>2399.0</ele></trkpt>
      <trkpt lat="49.177286" lon="20.088982"><ele>2398.0</ele></trkpt>
      <trkpt lat="49.177290" lon="20.089015"><ele>2399.0</ele></trkpt>
      <trkpt lat="49.177280" lon="20.089049"><ele>2398.0</ele></trkpt>
      <trkpt lat="49.177260" lon="20.089068"><ele>2398.0</ele></trkpt>
      <trkpt lat="49.177246" lon="20.089087"><ele>2400.0</ele></trkpt>
      <trkpt lat="49.177226" lon="20.089090"><ele>2402.0</ele></trkpt>
      <trkpt lat="49.177203" lon="20.089082"><ele>2402.0</ele></trkpt>
      <trkpt lat="49.177185" lon="20.089083"><ele>2402.0</ele></trkpt>
      <trkpt lat="49.177176" lon="20.089110"><ele>2395.0</ele></trkpt>
      <trkpt lat="49.177173" lon="20.089140"><ele>2392.0</ele></trkpt>
      <trkpt lat="49.177168" lon="20.089175"><ele>2391.0</ele></trkpt>
      <trkpt lat="49.177160" lon="20.089203"><ele>2390.0</ele></trkpt>
      <trkpt lat="49.177140" lon="20.089205"><ele>2392.0</ele></trkpt>
      <trkpt lat="49.177122" lon="20.089192"><ele>2389.0</ele></trkpt>
      <trkpt lat="49.177099" lon="20.089176"><ele>2388.0</ele></trkpt>
      <trkpt lat="49.177074" lon="20.089166"><ele>2387.0</ele></trkpt>
      <trkpt lat="49.177048" lon="20.089154"><ele>2387.0</ele></trkpt>
      <trkpt lat="49.177029" lon="20.089144"><ele>2386.0</ele></trkpt>
      <trkpt lat="49.177011" lon="20.089131"><ele>2385.0</ele></trkpt>
      <trkpt lat="49.176991" lon="20.089113"><ele>2379.0</ele></trkpt>
      <trkpt lat="49.176969" lon="20.089087"><ele>2380.0</ele></trkpt>
      <trkpt lat="49.176944" lon="20.089058"><ele>2379.0</ele></trkpt>
      <trkpt lat="49.176926" lon="20.089033"><ele>2379.0</ele></trkpt>
      <trkpt lat="49.176908" lon="20.089016"><ele>2374.0</ele></trkpt>
      <trkpt lat="49.176892" lon="20.089002"><ele>2375.0</ele></trkpt>
      <trkpt lat="49.176873" lon="20.088988"><ele>2374.0</ele></trkpt>
      <trkpt lat="49.176849" lon="20.088976"><ele>2372.0</ele></trkpt>
      <trkpt lat="49.176826" lon="20.088967"><ele>2379.0</ele></trkpt>
      <trkpt lat="49.176799" lon="20.088955"><ele>2379.0</ele></trkpt>
      <trkpt lat="49.176781" lon="20.088969"><ele>2378.0</ele></trkpt>
      <trkpt lat="49.176767" lon="20.088993"><ele>2377.0</ele></trkpt>
      <trkpt lat="49.176758" lon="20.089029"><ele>2378.0</ele></trkpt>
      <trkpt lat="49.176757" lon="20.089067"><ele>2378.0</ele></trkpt>
      <trkpt lat="49.176763" lon="20.089100"><ele>2377.0</ele></trkpt>
      <trkpt lat="49.176764" lon="20.089130"><ele>2375.0</ele></trkpt>
      <trkpt lat="49.176758" lon="20.089170"><ele>2374.0</ele></trkpt>
      <trkpt lat="49.176755" lon="20.089204"><ele>2373.0</ele></trkpt>
      <trkpt lat="49.176749" lon="20.089231"><ele>2372.0</ele></trkpt>
      <trkpt lat="49.176746" lon="20.089261"><ele>2371.0</ele></trkpt>
      <trkpt lat="49.176749" lon="20.089295"><ele>2371.0</ele></trkpt>
      <trkpt lat="49.176741" lon="20.089331"><ele>2371.0</ele></trkpt>
      <trkpt lat="49.176733" lon="20.089361"><ele>2371.0</ele></trkpt>
      <trkpt lat="49.176721" lon="20.089384"><ele>2371.0</ele></trkpt>
      <trkpt lat="49.176708" lon="20.089416"><ele>2372.0</ele></trkpt>
      <trkpt lat="49.176688" lon="20.089440"><ele>2370.0</ele></trkpt>
      <trkpt lat="49.176661" lon="20.089450"><ele>2370.0</ele></trkpt>
      <trkpt lat="49.176646" lon="20.089472"><ele>2369.0</ele></trkpt>
      <trkpt lat="49.176617" lon="20.089483"><ele>2368.0</ele></trkpt>
      <trkpt lat="49.176597" lon="20.089473"><ele>2368.0</ele></trkpt>
      <trkpt lat="49.176574" lon="20.089461"><ele>2365.0</ele></trkpt>
      <trkpt lat="49.176559" lon="20.089434"><ele>2366.0</ele></trkpt>
      <trkpt lat="49.176544" lon="20.089408"><ele>2366.0</ele></trkpt>
      <trkpt lat="49.176522" lon="20.089389"><ele>2364.0</ele></trkpt>
      <trkpt lat="49.176503" lon="20.089377"><ele>2365.0</ele></trkpt>
      <trkpt lat="49.176483" lon="20.089364"><ele>2366.0</ele></trkpt>
      <trkpt lat="49.176467" lon="20.089387"><ele>2363.0</ele></trkpt>
      <trkpt lat="49.176461" lon="20.089419"><ele>2363.0</ele></trkpt>
      <trkpt lat="49.176463" lon="20.089466"><ele>2364.0</ele></trkpt>
      <trkpt lat="49.176460" lon="20.089508"><ele>2364.0</ele></trkpt>
      <trkpt lat="49.176467" lon="20.089534"><ele>2363.0</ele></trkpt>
      <trkpt lat="49.176462" lon="20.089576"><ele>2360.0</ele></trkpt>
      <trkpt lat="49.176454" lon="20.089602"><ele>2359.0</ele></trkpt>
      <trkpt lat="49.176443" lon="20.089624"><ele>2359.0</ele></trkpt>
      <trkpt lat="49.176436" lon="20.089652"><ele>2358.0</ele></trkpt>
      <trkpt lat="49.176414" lon="20.089653"><ele>2357.0</ele></trkpt>
      <trkpt lat="49.176390" lon="20.089668"><ele>2355.0</ele></trkpt>
      <trkpt lat="49.176364" lon="20.089656"><ele>2355.0</ele></trkpt>
      <trkpt lat="49.176341" lon="20.089644"><ele>2356.0</ele></trkpt>
      <trkpt lat="49.176318" lon="20.089634"><ele>2356.0</ele></trkpt>
      <trkpt lat="49.176295" lon="20.089625"><ele>2358.0</ele></trkpt>
      <trkpt lat="49.176283" lon="20.089597"><ele>2356.0</ele></trkpt>
      <trkpt lat="49.176273" lon="20.089622"><ele>2353.0</ele></trkpt>
      <trkpt lat="49.176254" lon="20.089628"><ele>2352.0</ele></trkpt>
      <trkpt lat="49.176231" lon="20.089642"><ele>2354.0</ele></trkpt>
      <trkpt lat="49.176212" lon="20.089641"><ele>2352.0</ele></trkpt>
      <trkpt lat="49.176187" lon="20.089633"><ele>2352.0</ele></trkpt>
      <trkpt lat="49.176167" lon="20.089636"><ele>2351.0</ele></trkpt>
      <trkpt lat="49.176149" lon="20.089646"><ele>2349.0</ele></trkpt>
      <trkpt lat="49.176128" lon="20.089647"><ele>2350.0</ele></trkpt>
      <trkpt lat="49.176107" lon="20.089625"><ele>2348.0</ele></trkpt>
      <trkpt lat="49.176090" lon="20.089601"><ele>2340.0</ele></trkpt>
      <trkpt lat="49.176086" lon="20.089572"><ele>2343.0</ele></trkpt>
      <trkpt lat="49.176092" lon="20.089543"><ele>2338.0</ele></trkpt>
      <trkpt lat="49.176093" lon="20.089516"><ele>2339.0</ele></trkpt>
      <trkpt lat="49.176091" lon="20.089477"><ele>2347.0</ele></trkpt>
      <trkpt lat="49.176081" lon="20.089449"><ele>2343.0</ele></trkpt>
      <trkpt lat="49.176085" lon="20.089422"><ele>2342.0</ele></trkpt>
      <trkpt lat="49.176062" lon="20.089415"><ele>2342.0</ele></trkpt>
      <trkpt lat="49.176052" lon="20.089391"><ele>2343.0</ele></trkpt>
      <trkpt lat="49.176045" lon="20.089361"><ele>2344.0</ele></trkpt>
      <trkpt lat="49.176038" lon="20.089325"><ele>2341.0</ele></trkpt>
      <trkpt lat="49.176042" lon="20.089290"><ele>2335.0</ele></trkpt>
      <trkpt lat="49.176034" lon="20.089264"><ele>2335.0</ele></trkpt>
      <trkpt lat="49.176017" lon="20.089252"><ele>2339.0</ele></trkpt>
      <trkpt lat="49.175995" lon="20.089234"><ele>2339.0</ele></trkpt>
      <trkpt lat="49.175977" lon="20.089226"><ele>2337.0</ele></trkpt>
      <trkpt lat="49.175970" lon="20.089253"><ele>2333.0</ele></trkpt>
      <trkpt lat="49.175956" lon="20.089274"><ele>2329.0</ele></trkpt>
      <trkpt lat="49.175938" lon="20.089289"><ele>2329.0</ele></trkpt>
      <trkpt lat="49.175922" lon="20.089305"><ele>2330.0</ele></trkpt>
      <trkpt lat="49.175904" lon="20.089292"><ele>2330.0</ele></trkpt>
      <trkpt lat="49.175889" lon="20.089309"><ele>2330.0</ele></trkpt>
      <trkpt lat="49.175869" lon="20.089299"><ele>2328.0</ele></trkpt>
      <trkpt lat="49.175854" lon="20.089319"><ele>2328.0</ele></trkpt>
      <trkpt lat="49.175841" lon="20.089343"><ele>2323.0</ele></trkpt>
      <trkpt lat="49.175816" lon="20.089355"><ele>2320.0</ele></trkpt>
      <trkpt lat="49.175796" lon="20.089350"><ele>2322.0</ele></trkpt>
      <trkpt lat="49.175777" lon="20.089358"><ele>2322.0</ele></trkpt>
      <trkpt lat="49.175746" lon="20.089379"><ele>2319.0</ele></trkpt>
      <trkpt lat="49.175725" lon="20.089398"><ele>2318.0</ele></trkpt>
      <trkpt lat="49.175697" lon="20.089395"><ele>2313.0</ele></trkpt>
      <trkpt lat="49.175681" lon="20.089410"><ele>2313.0</ele></trkpt>
      <trkpt lat="49.175666" lon="20.089430"><ele>2312.0</ele></trkpt>
      <trkpt lat="49.175646" lon="20.089455"><ele>2311.0</ele></trkpt>
      <trkpt lat="49.175624" lon="20.089470"><ele>2309.0</ele></trkpt>
      <trkpt lat="49.175609" lon="20.089491"><ele>2310.0</ele></trkpt>
      <trkpt lat="49.175587" lon="20.089503"><ele>2307.0</ele></trkpt>
      <trkpt lat="49.175562" lon="20.089525"><ele>2306.0</ele></trkpt>
      <trkpt lat="49.175539" lon="20.089533"><ele>2303.0</ele></trkpt>
      <trkpt lat="49.175536" lon="20.089512"><ele>2302.0</ele></trkpt>
      <trkpt lat="49.175533" lon="20.089491"><ele>2303.0</ele></trkpt>
      <trkpt lat="49.175530" lon="20.089470"><ele>2303.0</ele></trkpt>
      <trkpt lat="49.175526" lon="20.089443"><ele>2303.0</ele></trkpt>
      <trkpt lat="49.175523" lon="20.089422"><ele>2303.0</ele></trkpt>
      <trkpt lat="49.175520" lon="20.089401"><ele>2302.0</ele></trkpt>
      <trkpt lat="49.175526" lon="20.089370"><ele>2298.0</ele></trkpt>
      <trkpt lat="49.175532" lon="20.089346"><ele>2297.0</ele></trkpt>
      <trkpt lat="49.175539" lon="20.089323"><ele>2297.0</ele></trkpt>
      <trkpt lat="49.175545" lon="20.089299"><ele>2298.0</ele></trkpt>
      <trkpt lat="49.175552" lon="20.089275"><ele>2299.0</ele></trkpt>
      <trkpt lat="49.175554" lon="20.089247"><ele>2297.0</ele></trkpt>
      <trkpt lat="49.175551" lon="20.089224"><ele>2297.0</ele></trkpt>
      <trkpt lat="49.175549" lon="20.089200"><ele>2297.0</ele></trkpt>
      <trkpt lat="49.175549" lon="20.089170"><ele>2297.0</ele></trkpt>
      <trkpt lat="49.175550" lon="20.089140"><ele>2298.0</ele></trkpt>
      <trkpt lat="49.175550" lon="20.089109"><ele>2298.0</ele></trkpt>
      <trkpt lat="49.175551" lon="20.089079"><ele>2297.0</ele></trkpt>
      <trkpt lat="49.175551" lon="20.089049"><ele>2297.0</ele></trkpt>
      <trkpt lat="49.175551" lon="20.089015"><ele>2295.0</ele></trkpt>
      <trkpt lat="49.175550" lon="20.088982"><ele>2294.0</ele></trkpt>
      <trkpt lat="49.175545" lon="20.088935"><ele>2296.0</ele></trkpt>
      <trkpt lat="49.175542" lon="20.088895"><ele>2296.0</ele></trkpt>
      <trkpt lat="49.175551" lon="20.088844"><ele>2289.0</ele></trkpt>
      <trkpt lat="49.175548" lon="20.088814"><ele>2284.0</ele></trkpt>
      <trkpt lat="49.175545" lon="20.088784"><ele>2284.0</ele></trkpt>
      <trkpt lat="49.175543" lon="20.088755"><ele>2286.0</ele></trkpt>
      <trkpt lat="49.175540" lon="20.088725"><ele>2281.0</ele></trkpt>
      <trkpt lat="49.175534" lon="20.088692"><ele>2281.0</ele></trkpt>
      <trkpt lat="49.175526" lon="20.088665"><ele>2281.0</ele></trkpt>
      <trkpt lat="49.175518" lon="20.088638"><ele>2281.0</ele></trkpt>
      <trkpt lat="49.175510" lon="20.088612"><ele>2280.0</ele></trkpt>
      <trkpt lat="49.175502" lon="20.088585"><ele>2283.0</ele></trkpt>
      <trkpt lat="49.175484" lon="20.088556"><ele>2281.0</ele></trkpt>
      <trkpt lat="49.175478" lon="20.088527"><ele>2278.0</ele></trkpt>
      <trkpt lat="49.175469" lon="20.088493"><ele>2278.0</ele></trkpt>
      <trkpt lat="49.175448" lon="20.088497"><ele>2277.0</ele></trkpt>
      <trkpt lat="49.175437" lon="20.088459"><ele>2278.0</ele></trkpt>
      <trkpt lat="49.175429" lon="20.088423"><ele>2277.0</ele></trkpt>
      <trkpt lat="49.175419" lon="20.088388"><ele>2277.0</ele></trkpt>
      <trkpt lat="49.175412" lon="20.088367"><ele>2277.0</ele></trkpt>
      <trkpt lat="49.175405" lon="20.088346"><ele>2274.0</ele></trkpt>
      <trkpt lat="49.175398" lon="20.088324"><ele>2274.0</ele></trkpt>
      <trkpt lat="49.175391" lon="20.088303"><ele>2274.0</ele></trkpt>
      <trkpt lat="49.175384" lon="20.088282"><ele>2275.0</ele></trkpt>
      <trkpt lat="49.175377" lon="20.088261"><ele>2274.0</ele></trkpt>
      <trkpt lat="49.175368" lon="20.088236"><ele>2273.0</ele></trkpt>
      <trkpt lat="49.175359" lon="20.088211"><ele>2274.0</ele></trkpt>
      <trkpt lat="49.175349" lon="20.088186"><ele>2272.0</ele></trkpt>
      <trkpt lat="49.175340" lon="20.088161"><ele>2271.0</ele></trkpt>
      <trkpt lat="49.175331" lon="20.088136"><ele>2271.0</ele></trkpt>
      <trkpt lat="49.175313" lon="20.088126"><ele>2270.0</ele></trkpt>
      <trkpt lat="49.175303" lon="20.088087"><ele>2269.0</ele></trkpt>
      <trkpt lat="49.175288" lon="20.088064"><ele>2268.0</ele></trkpt>
      <trkpt lat="49.175274" lon="20.088023"><ele>2268.0</ele></trkpt>
      <trkpt lat="49.175263" lon="20.087991"><ele>2268.0</ele></trkpt>
      <trkpt lat="49.175245" lon="20.087965"><ele>2269.0</ele></trkpt>
      <trkpt lat="49.175236" lon="20.087930"><ele>2269.0</ele></trkpt>
      <trkpt lat="49.175223" lon="20.087903"><ele>2267.0</ele></trkpt>
      <trkpt lat="49.175211" lon="20.087879"><ele>2268.0</ele></trkpt>
      <trkpt lat="49.175196" lon="20.087840"><ele>2268.0</ele></trkpt>
      <trkpt lat="49.175190" lon="20.087818"><ele>2268.0</ele></trkpt>
      <trkpt lat="49.175183" lon="20.087796"><ele>2266.0</ele></trkpt>
      <trkpt lat="49.175177" lon="20.087774"><ele>2266.0</ele></trkpt>
      <trkpt lat="49.175170" lon="20.087753"><ele>2265.0</ele></trkpt>
      <trkpt lat="49.175164" lon="20.087731"><ele>2264.0</ele></trkpt>
      <trkpt lat="49.175157" lon="20.087709"><ele>2265.0</ele></trkpt>
      <trkpt lat="49.175149" lon="20.087683"><ele>2266.0</ele></trkpt>
      <trkpt lat="49.175141" lon="20.087656"><ele>2264.0</ele></trkpt>
      <trkpt lat="49.175134" lon="20.087630"><ele>2263.0</ele></trkpt>
      <trkpt lat="49.175123" lon="20.087617"><ele>2264.0</ele></trkpt>
      <trkpt lat="49.175108" lon="20.087609"><ele>2262.0</ele></trkpt>
      <trkpt lat="49.175093" lon="20.087601"><ele>2262.0</ele></trkpt>
      <trkpt lat="49.175078" lon="20.087592"><ele>2262.0</ele></trkpt>
      <trkpt lat="49.175063" lon="20.087584"><ele>2262.0</ele></trkpt>
      <trkpt lat="49.175048" lon="20.087576"><ele>2260.0</ele></trkpt>
      <trkpt lat="49.175035" lon="20.087563"><ele>2260.0</ele></trkpt>
      <trkpt lat="49.175018" lon="20.087540"><ele>2259.0</ele></trkpt>
      <trkpt lat="49.175000" lon="20.087518"><ele>2259.0</ele></trkpt>
      <trkpt lat="49.174983" lon="20.087495"><ele>2259.0</ele></trkpt>
      <trkpt lat="49.174963" lon="20.087481"><ele>2259.0</ele></trkpt>
      <trkpt lat="49.174952" lon="20.087468"><ele>2258.0</ele></trkpt>
      <trkpt lat="49.174930" lon="20.087443"><ele>2258.0</ele></trkpt>
      <trkpt lat="49.174918" lon="20.087431"><ele>2257.0</ele></trkpt>
      <trkpt lat="49.174907" lon="20.087418"><ele>2255.0</ele></trkpt>
      <trkpt lat="49.174885" lon="20.087393"><ele>2255.0</ele></trkpt>
      <trkpt lat="49.174870" lon="20.087383"><ele>2255.0</ele></trkpt>
      <trkpt lat="49.174855" lon="20.087374"><ele>2254.0</ele></trkpt>
      <trkpt lat="49.174846" lon="20.087330"><ele>2254.0</ele></trkpt>
      <trkpt lat="49.174824" lon="20.087325"><ele>2254.0</ele></trkpt>
      <trkpt lat="49.174811" lon="20.087295"><ele>2254.0</ele></trkpt>
      <trkpt lat="49.174802" lon="20.087272"><ele>2253.0</ele></trkpt>
      <trkpt lat="49.174792" lon="20.087250"><ele>2253.0</ele></trkpt>
      <trkpt lat="49.174783" lon="20.087227"><ele>2254.0</ele></trkpt>
      <trkpt lat="49.174751" lon="20.087203"><ele>2252.0</ele></trkpt>
      <trkpt lat="49.174741" lon="20.087218"><ele>2252.0</ele></trkpt>
      <trkpt lat="49.174731" lon="20.087233"><ele>2251.0</ele></trkpt>
      <trkpt lat="49.174721" lon="20.087248"><ele>2252.0</ele></trkpt>
      <trkpt lat="49.174711" lon="20.087262"><ele>2250.0</ele></trkpt>
      <trkpt lat="49.174701" lon="20.087277"><ele>2249.0</ele></trkpt>
      <trkpt lat="49.174691" lon="20.087292"><ele>2248.0</ele></trkpt>
      <trkpt lat="49.174681" lon="20.087307"><ele>2248.0</ele></trkpt>
      <trkpt lat="49.174662" lon="20.087302"><ele>2246.0</ele></trkpt>
      <trkpt lat="49.174643" lon="20.087296"><ele>2246.0</ele></trkpt>
      <trkpt lat="49.174624" lon="20.087291"><ele>2246.0</ele></trkpt>
      <trkpt lat="49.174606" lon="20.087286"><ele>2245.0</ele></trkpt>
      <trkpt lat="49.174587" lon="20.087281"><ele>2244.0</ele></trkpt>
      <trkpt lat="49.174567" lon="20.087278"><ele>2244.0</ele></trkpt>
      <trkpt lat="49.174548" lon="20.087275"><ele>2243.0</ele></trkpt>
      <trkpt lat="49.174529" lon="20.087273"><ele>2243.0</ele></trkpt>
      <trkpt lat="49.174509" lon="20.087270"><ele>2243.0</ele></trkpt>
      <trkpt lat="49.174488" lon="20.087243"><ele>2242.0</ele></trkpt>
      <trkpt lat="49.174484" lon="20.087213"><ele>2242.0</ele></trkpt>
      <trkpt lat="49.174483" lon="20.087171"><ele>2242.0</ele></trkpt>
      <trkpt lat="49.174482" lon="20.087142"><ele>2243.0</ele></trkpt>
      <trkpt lat="49.174481" lon="20.087113"><ele>2243.0</ele></trkpt>
      <trkpt lat="49.174480" lon="20.087085"><ele>2244.0</ele></trkpt>
      <trkpt lat="49.174479" lon="20.087056"><ele>2244.0</ele></trkpt>
      <trkpt lat="49.174478" lon="20.087027"><ele>2243.0</ele></trkpt>
      <trkpt lat="49.174478" lon="20.087060"><ele>2243.0</ele></trkpt>
      <trkpt lat="49.174466" lon="20.087084"><ele>2245.0</ele></trkpt>
      <trkpt lat="49.174454" lon="20.087108"><ele>2244.0</ele></trkpt>
      <trkpt lat="49.174442" lon="20.087132"><ele>2243.0</ele></trkpt>
      <trkpt lat="49.174430" lon="20.087156"><ele>2243.0</ele></trkpt>
      <trkpt lat="49.174418" lon="20.087180"><ele>2243.0</ele></trkpt>
      <trkpt lat="49.174403" lon="20.087217"><ele>2242.0</ele></trkpt>
      <trkpt lat="49.174395" lon="20.087238"><ele>2242.0</ele></trkpt>
      <trkpt lat="49.174388" lon="20.087259"><ele>2242.0</ele></trkpt>
      <trkpt lat="49.174381" lon="20.087280"><ele>2242.0</ele></trkpt>
      <trkpt lat="49.174373" lon="20.087301"><ele>2242.0</ele></trkpt>
      <trkpt lat="49.174366" lon="20.087322"><ele>2242.0</ele></trkpt>
      <trkpt lat="49.174347" lon="20.087311"><ele>2242.0</ele></trkpt>
      <trkpt lat="49.174327" lon="20.087300"><ele>2243.0</ele></trkpt>
      <trkpt lat="49.174308" lon="20.087289"><ele>2243.0</ele></trkpt>
      <trkpt lat="49.174288" lon="20.087278"><ele>2243.0</ele></trkpt>
      <trkpt lat="49.174269" lon="20.087267"><ele>2244.0</ele></trkpt>
      <trkpt lat="49.174272" lon="20.087212"><ele>2245.0</ele></trkpt>
      <trkpt lat="49.174275" lon="20.087158"><ele>2245.0</ele></trkpt>
      <trkpt lat="49.174278" lon="20.087103"><ele>2244.0</ele></trkpt>
      <trkpt lat="49.174281" lon="20.087049"><ele>2244.0</ele></trkpt>
      <trkpt lat="49.174284" lon="20.086994"><ele>2244.0</ele></trkpt>
      <trkpt lat="49.174268" lon="20.086904"><ele>2244.0</ele></trkpt>
      <trkpt lat="49.174253" lon="20.086933"><ele>2244.0</ele></trkpt>
      <trkpt lat="49.174238" lon="20.086962"><ele>2244.0</ele></trkpt>
      <trkpt lat="49.174222" lon="20.086991"><ele>2244.0</ele></trkpt>
      <trkpt lat="49.174207" lon="20.087020"><ele>2245.0</ele></trkpt>
      <trkpt lat="49.174183" lon="20.087011"><ele>2245.0</ele></trkpt>
      <trkpt lat="49.174158" lon="20.087001"><ele>2245.0</ele></trkpt>
      <trkpt lat="49.174134" lon="20.086992"><ele>2244.0</ele></trkpt>
      <trkpt lat="49.174109" lon="20.086983"><ele>2244.0</ele></trkpt>
      <trkpt lat="49.174108" lon="20.086954"><ele>2244.0</ele></trkpt>
      <trkpt lat="49.174107" lon="20.086925"><ele>2244.0</ele></trkpt>
      <trkpt lat="49.174106" lon="20.086896"><ele>2244.0</ele></trkpt>
      <trkpt lat="49.174105" lon="20.086866"><ele>2244.0</ele></trkpt>
      <trkpt lat="49.174104" lon="20.086837"><ele>2244.0</ele></trkpt>
      <trkpt lat="49.174103" lon="20.086808"><ele>2244.0</ele></trkpt>
      <trkpt lat="49.174102" lon="20.086779"><ele>2244.0</ele></trkpt>
      <trkpt lat="49.174101" lon="20.086750"><ele>2244.0</ele></trkpt>
      <trkpt lat="49.174099" lon="20.086799"><ele>2244.0</ele></trkpt>
      <trkpt lat="49.174096" lon="20.086848"><ele>2244.0</ele></trkpt>
      <trkpt lat="49.174094" lon="20.086896"><ele>2242.0</ele></trkpt>
      <trkpt lat="49.174091" lon="20.086945"><ele>2242.0</ele></trkpt>
      <trkpt lat="49.174089" lon="20.086994"><ele>2242.0</ele></trkpt>
      <trkpt lat="49.174107" lon="20.087060"><ele>2242.0</ele></trkpt>
      <trkpt lat="49.174126" lon="20.087125"><ele>2242.0</ele></trkpt>
      <trkpt lat="49.174144" lon="20.087191"><ele>2242.0</ele></trkpt>
      <trkpt lat="49.174234" lon="20.087158"><ele>2242.0</ele></trkpt>
      <trkpt lat="49.174264" lon="20.087114"><ele>2242.0</ele></trkpt>
      <trkpt lat="49.174324" lon="20.087027"><ele>2242.0</ele></trkpt>
      <trkpt lat="49.174420" lon="20.087070"><ele>2242.0</ele></trkpt>
      <trkpt lat="49.174432" lon="20.087056"><ele>2244.0</ele></trkpt>
      <trkpt lat="49.174445" lon="20.087041"><ele>2244.0</ele></trkpt>
      <trkpt lat="49.174457" lon="20.087027"><ele>2244.0</ele></trkpt>
      <trkpt lat="49.174470" lon="20.087013"><ele>2247.0</ele></trkpt>
      <trkpt lat="49.174482" lon="20.086998"><ele>2245.0</ele></trkpt>
      <trkpt lat="49.174488" lon="20.086972"><ele>2244.0</ele></trkpt>
      <trkpt lat="49.174480" lon="20.086941"><ele>2243.0</ele></trkpt>
      <trkpt lat="49.174473" lon="20.086911"><ele>2241.0</ele></trkpt>
      <trkpt lat="49.174465" lon="20.086880"><ele>2240.0</ele></trkpt>
      <trkpt lat="49.174457" lon="20.086850"><ele>2243.0</ele></trkpt>
      <trkpt lat="49.174458" lon="20.086872"><ele>2247.0</ele></trkpt>
      <trkpt lat="49.174460" lon="20.086893"><ele>2246.0</ele></trkpt>
      <trkpt lat="49.174461" lon="20.086915"><ele>2248.0</ele></trkpt>
      <trkpt lat="49.174463" lon="20.086937"><ele>2248.0</ele></trkpt>
      <trkpt lat="49.174464" lon="20.086959"><ele>2244.0</ele></trkpt>
      <trkpt lat="49.174466" lon="20.086980"><ele>2242.0</ele></trkpt>
      <trkpt lat="49.174499" lon="20.087004"><ele>2241.0</ele></trkpt>
      <trkpt lat="49.174506" lon="20.087035"><ele>2242.0</ele></trkpt>
      <trkpt lat="49.174492" lon="20.087056"><ele>2241.0</ele></trkpt>
      <trkpt lat="49.174477" lon="20.087078"><ele>2241.0</ele></trkpt>
      <trkpt lat="49.174463" lon="20.087099"><ele>2241.0</ele></trkpt>
      <trkpt lat="49.174448" lon="20.087120"><ele>2241.0</ele></trkpt>
      <trkpt lat="49.174417" lon="20.087144"><ele>2241.0</ele></trkpt>
      <trkpt lat="49.174406" lon="20.087114"><ele>2240.0</ele></trkpt>
      <trkpt lat="49.174418" lon="20.087074"><ele>2241.0</ele></trkpt>
      <trkpt lat="49.174421" lon="20.087047"><ele>2240.0</ele></trkpt>
      <trkpt lat="49.174413" lon="20.087009"><ele>2238.0</ele></trkpt>
      <trkpt lat="49.174406" lon="20.086977"><ele>2237.0</ele></trkpt>
      <trkpt lat="49.174388" lon="20.086977"><ele>2233.0</ele></trkpt>
      <trkpt lat="49.174360" lon="20.086959"><ele>2233.0</ele></trkpt>
      <trkpt lat="49.174349" lon="20.086925"><ele>2233.0</ele></trkpt>
      <trkpt lat="49.174346" lon="20.086894"><ele>2233.0</ele></trkpt>
      <trkpt lat="49.174328" lon="20.086900"><ele>2233.0</ele></trkpt>
      <trkpt lat="49.174305" lon="20.086913"><ele>2233.0</ele></trkpt>
      <trkpt lat="49.174299" lon="20.086886"><ele>2231.0</ele></trkpt>
      <trkpt lat="49.174305" lon="20.086853"><ele>2228.0</ele></trkpt>
      <trkpt lat="49.174314" lon="20.086827"><ele>2228.0</ele></trkpt>
      <trkpt lat="49.174321" lon="20.086798"><ele>2227.0</ele></trkpt>
      <trkpt lat="49.174332" lon="20.086773"><ele>2231.0</ele></trkpt>
      <trkpt lat="49.174316" lon="20.086741"><ele>2229.0</ele></trkpt>
      <trkpt lat="49.174302" lon="20.086768"><ele>2226.0</ele></trkpt>
      <trkpt lat="49.174284" lon="20.086738"><ele>2226.0</ele></trkpt>
      <trkpt lat="49.174265" lon="20.086730"><ele>2222.0</ele></trkpt>
      <trkpt lat="49.174288" lon="20.086767"><ele>2227.0</ele></trkpt>
      <trkpt lat="49.174282" lon="20.086786"><ele>2229.0</ele></trkpt>
      <trkpt lat="49.174277" lon="20.086806"><ele>2227.0</ele></trkpt>
      <trkpt lat="49.174271" lon="20.086825"><ele>2227.0</ele></trkpt>
      <trkpt lat="49.174238" lon="20.086843"><ele>2222.0</ele></trkpt>
      <trkpt lat="49.174217" lon="20.086815"><ele>2222.0</ele></trkpt>
      <trkpt lat="49.174205" lon="20.086786"><ele>2223.0</ele></trkpt>
      <trkpt lat="49.174195" lon="20.086747"><ele>2224.0</ele></trkpt>
      <trkpt lat="49.174181" lon="20.086702"><ele>2222.0</ele></trkpt>
      <trkpt lat="49.174173" lon="20.086676"><ele>2223.0</ele></trkpt>
      <trkpt lat="49.174149" lon="20.086656"><ele>2222.0</ele></trkpt>
      <trkpt lat="49.174134" lon="20.086613"><ele>2221.0</ele></trkpt>
      <trkpt lat="49.174125" lon="20.086586"><ele>2220.0</ele></trkpt>
      <trkpt lat="49.174101" lon="20.086570"><ele>2220.0</ele></trkpt>
      <trkpt lat="49.174078" lon="20.086553"><ele>2220.0</ele></trkpt>
      <trkpt lat="49.174054" lon="20.086537"><ele>2220.0</ele></trkpt>
      <trkpt lat="49.174030" lon="20.086521"><ele>2219.0</ele></trkpt>
      <trkpt lat="49.174017" lon="20.086504"><ele>2219.0</ele></trkpt>
      <trkpt lat="49.174003" lon="20.086487"><ele>2218.0</ele></trkpt>
      <trkpt lat="49.173990" lon="20.086470"><ele>2217.0</ele></trkpt>
      <trkpt lat="49.173976" lon="20.086453"><ele>2216.0</ele></trkpt>
      <trkpt lat="49.173963" lon="20.086436"><ele>2216.0</ele></trkpt>
      <trkpt lat="49.173955" lon="20.086416"><ele>2215.0</ele></trkpt>
      <trkpt lat="49.173953" lon="20.086391"><ele>2213.0</ele></trkpt>
      <trkpt lat="49.173951" lon="20.086366"><ele>2215.0</ele></trkpt>
      <trkpt lat="49.173949" lon="20.086341"><ele>2215.0</ele></trkpt>
      <trkpt lat="49.173947" lon="20.086317"><ele>2216.0</ele></trkpt>
      <trkpt lat="49.173945" lon="20.086292"><ele>2217.0</ele></trkpt>
      <trkpt lat="49.173954" lon="20.086255"><ele>2218.0</ele></trkpt>
      <trkpt lat="49.173962" lon="20.086217"><ele>2216.0</ele></trkpt>
      <trkpt lat="49.173971" lon="20.086180"><ele>2213.0</ele></trkpt>
      <trkpt lat="49.173973" lon="20.086151"><ele>2210.0</ele></trkpt>
      <trkpt lat="49.173968" lon="20.086122"><ele>2209.0</ele></trkpt>
      <trkpt lat="49.173962" lon="20.086093"><ele>2209.0</ele></trkpt>
      <trkpt lat="49.173952" lon="20.086067"><ele>2207.0</ele></trkpt>
      <trkpt lat="49.173947" lon="20.086095"><ele>2202.0</ele></trkpt>
      <trkpt lat="49.173939" lon="20.086062"><ele>2208.0</ele></trkpt>
      <trkpt lat="49.173937" lon="20.086016"><ele>2206.0</ele></trkpt>
      <trkpt lat="49.173945" lon="20.086041"><ele>2200.0</ele></trkpt>
      <trkpt lat="49.173947" lon="20.086018"><ele>2209.0</ele></trkpt>
      <trkpt lat="49.173948" lon="20.085996"><ele>2209.0</ele></trkpt>
      <trkpt lat="49.173950" lon="20.085973"><ele>2203.0</ele></trkpt>
      <trkpt lat="49.173951" lon="20.085951"><ele>2200.0</ele></trkpt>
      <trkpt lat="49.173953" lon="20.085928"><ele>2202.0</ele></trkpt>
      <trkpt lat="49.173954" lon="20.085906"><ele>2198.0</ele></trkpt>
      <trkpt lat="49.173939" lon="20.085870"><ele>2195.0</ele></trkpt>
      <trkpt lat="49.173925" lon="20.085847"><ele>2195.0</ele></trkpt>
      <trkpt lat="49.173919" lon="20.085815"><ele>2194.0</ele></trkpt>
      <trkpt lat="49.173900" lon="20.085811"><ele>2193.0</ele></trkpt>
      <trkpt lat="49.173884" lon="20.085795"><ele>2193.0</ele></trkpt>
      <trkpt lat="49.173876" lon="20.085824"><ele>2192.0</ele></trkpt>
      <trkpt lat="49.173872" lon="20.085858"><ele>2192.0</ele></trkpt>
      <trkpt lat="49.173859" lon="20.085885"><ele>2192.0</ele></trkpt>
      <trkpt lat="49.173842" lon="20.085906"><ele>2192.0</ele></trkpt>
      <trkpt lat="49.173829" lon="20.085933"><ele>2190.0</ele></trkpt>
      <trkpt lat="49.173811" lon="20.085955"><ele>2190.0</ele></trkpt>
      <trkpt lat="49.173798" lon="20.085945"><ele>2190.0</ele></trkpt>
      <trkpt lat="49.173785" lon="20.085936"><ele>2189.0</ele></trkpt>
      <trkpt lat="49.173771" lon="20.085926"><ele>2188.0</ele></trkpt>
      <trkpt lat="49.173758" lon="20.085916"><ele>2186.0</ele></trkpt>
      <trkpt lat="49.173745" lon="20.085907"><ele>2186.0</ele></trkpt>
      <trkpt lat="49.173732" lon="20.085897"><ele>2186.0</ele></trkpt>
      <trkpt lat="49.173716" lon="20.085885"><ele>2185.0</ele></trkpt>
      <trkpt lat="49.173702" lon="20.085874"><ele>2185.0</ele></trkpt>
      <trkpt lat="49.173689" lon="20.085864"><ele>2185.0</ele></trkpt>
      <trkpt lat="49.173675" lon="20.085853"><ele>2184.0</ele></trkpt>
      <trkpt lat="49.173661" lon="20.085842"><ele>2183.0</ele></trkpt>
      <trkpt lat="49.173648" lon="20.085832"><ele>2182.0</ele></trkpt>
      <trkpt lat="49.173633" lon="20.085838"><ele>2182.0</ele></trkpt>
      <trkpt lat="49.173617" lon="20.085853"><ele>2180.0</ele></trkpt>
      <trkpt lat="49.173601" lon="20.085869"><ele>2180.0</ele></trkpt>
      <trkpt lat="49.173586" lon="20.085884"><ele>2180.0</ele></trkpt>
      <trkpt lat="49.173570" lon="20.085899"><ele>2179.0</ele></trkpt>
      <trkpt lat="49.173555" lon="20.085900"><ele>2177.0</ele></trkpt>
      <trkpt lat="49.173539" lon="20.085894"><ele>2175.0</ele></trkpt>
      <trkpt lat="49.173523" lon="20.085888"><ele>2175.0</ele></trkpt>
      <trkpt lat="49.173507" lon="20.085882"><ele>2174.0</ele></trkpt>
      <trkpt lat="49.173492" lon="20.085876"><ele>2173.0</ele></trkpt>
      <trkpt lat="49.173476" lon="20.085870"><ele>2173.0</ele></trkpt>
      <trkpt lat="49.173467" lon="20.085850"><ele>2173.0</ele></trkpt>
      <trkpt lat="49.173458" lon="20.085829"><ele>2172.0</ele></trkpt>
      <trkpt lat="49.173450" lon="20.085809"><ele>2171.0</ele></trkpt>
      <trkpt lat="49.173441" lon="20.085789"><ele>2170.0</ele></trkpt>
      <trkpt lat="49.173432" lon="20.085768"><ele>2170.0</ele></trkpt>
      <trkpt lat="49.173423" lon="20.085748"><ele>2170.0</ele></trkpt>
      <trkpt lat="49.173407" lon="20.085734"><ele>2169.0</ele></trkpt>
      <trkpt lat="49.173392" lon="20.085720"><ele>2169.0</ele></trkpt>
      <trkpt lat="49.173376" lon="20.085707"><ele>2167.0</ele></trkpt>
      <trkpt lat="49.173361" lon="20.085693"><ele>2167.0</ele></trkpt>
      <trkpt lat="49.173345" lon="20.085679"><ele>2167.0</ele></trkpt>
      <trkpt lat="49.173336" lon="20.085633"><ele>2166.0</ele></trkpt>
      <trkpt lat="49.173342" lon="20.085601"><ele>2167.0</ele></trkpt>
      <trkpt lat="49.173358" lon="20.085585"><ele>2166.0</ele></trkpt>
      <trkpt lat="49.173369" lon="20.085545"><ele>2166.0</ele></trkpt>
      <trkpt lat="49.173372" lon="20.085517"><ele>2165.0</ele></trkpt>
      <trkpt lat="49.173387" lon="20.085502"><ele>2164.0</ele></trkpt>
      <trkpt lat="49.173408" lon="20.085490"><ele>2163.0</ele></trkpt>
      <trkpt lat="49.173397" lon="20.085456"><ele>2164.0</ele></trkpt>
      <trkpt lat="49.173393" lon="20.085428"><ele>2163.0</ele></trkpt>
      <trkpt lat="49.173385" lon="20.085378"><ele>2162.0</ele></trkpt>
      <trkpt lat="49.173383" lon="20.085344"><ele>2161.0</ele></trkpt>
      <trkpt lat="49.173381" lon="20.085315"><ele>2160.0</ele></trkpt>
      <trkpt lat="49.173380" lon="20.085285"><ele>2159.0</ele></trkpt>
      <trkpt lat="49.173378" lon="20.085256"><ele>2159.0</ele></trkpt>
      <trkpt lat="49.173376" lon="20.085227"><ele>2159.0</ele></trkpt>
      <trkpt lat="49.173379" lon="20.085175"><ele>2159.0</ele></trkpt>
      <trkpt lat="49.173380" lon="20.085152"><ele>2159.0</ele></trkpt>
      <trkpt lat="49.173382" lon="20.085130"><ele>2158.0</ele></trkpt>
      <trkpt lat="49.173383" lon="20.085107"><ele>2156.0</ele></trkpt>
      <trkpt lat="49.173385" lon="20.085085"><ele>2154.0</ele></trkpt>
      <trkpt lat="49.173386" lon="20.085062"><ele>2154.0</ele></trkpt>
      <trkpt lat="49.173382" lon="20.085033"><ele>2154.0</ele></trkpt>
      <trkpt lat="49.173373" lon="20.085008"><ele>2154.0</ele></trkpt>
      <trkpt lat="49.173369" lon="20.084974"><ele>2154.0</ele></trkpt>
      <trkpt lat="49.173377" lon="20.084931"><ele>2154.0</ele></trkpt>
      <trkpt lat="49.173380" lon="20.084903"><ele>2153.0</ele></trkpt>
      <trkpt lat="49.173385" lon="20.084875"><ele>2151.0</ele></trkpt>
      <trkpt lat="49.173384" lon="20.084840"><ele>2151.0</ele></trkpt>
      <trkpt lat="49.173394" lon="20.084811"><ele>2151.0</ele></trkpt>
      <trkpt lat="49.173399" lon="20.084785"><ele>2149.0</ele></trkpt>
      <trkpt lat="49.173402" lon="20.084756"><ele>2148.0</ele></trkpt>
      <trkpt lat="49.173408" lon="20.084729"><ele>2147.0</ele></trkpt>
      <trkpt lat="49.173417" lon="20.084689"><ele>2146.0</ele></trkpt>
      <trkpt lat="49.173426" lon="20.084657"><ele>2144.0</ele></trkpt>
      <trkpt lat="49.173436" lon="20.084623"><ele>2143.0</ele></trkpt>
      <trkpt lat="49.173439" lon="20.084590"><ele>2141.0</ele></trkpt>
      <trkpt lat="49.173452" lon="20.084558"><ele>2142.0</ele></trkpt>
      <trkpt lat="49.173456" lon="20.084518"><ele>2141.0</ele></trkpt>
      <trkpt lat="49.173466" lon="20.084489"><ele>2140.0</ele></trkpt>
      <trkpt lat="49.173478" lon="20.084465"><ele>2139.0</ele></trkpt>
      <trkpt lat="49.173489" lon="20.084440"><ele>2139.0</ele></trkpt>
      <trkpt lat="49.173496" lon="20.084408"><ele>2141.0</ele></trkpt>
      <trkpt lat="49.173484" lon="20.084374"><ele>2138.0</ele></trkpt>
      <trkpt lat="49.173497" lon="20.084345"><ele>2137.0</ele></trkpt>
      <trkpt lat="49.173500" lon="20.084318"><ele>2134.0</ele></trkpt>
      <trkpt lat="49.173491" lon="20.084291"><ele>2130.0</ele></trkpt>
      <trkpt lat="49.173496" lon="20.084261"><ele>2130.0</ele></trkpt>
      <trkpt lat="49.173495" lon="20.084231"><ele>2130.0</ele></trkpt>
      <trkpt lat="49.173498" lon="20.084200"><ele>2130.0</ele></trkpt>
      <trkpt lat="49.173483" lon="20.084178"><ele>2129.0</ele></trkpt>
      <trkpt lat="49.173471" lon="20.084144"><ele>2129.0</ele></trkpt>
      <trkpt lat="49.173466" lon="20.084108"><ele>2129.0</ele></trkpt>
      <trkpt lat="49.173459" lon="20.084080"><ele>2129.0</ele></trkpt>
      <trkpt lat="49.173438" lon="20.084086"><ele>2127.0</ele></trkpt>
      <trkpt lat="49.173417" lon="20.084103"><ele>2127.0</ele></trkpt>
      <trkpt lat="49.173399" lon="20.084090"><ele>2126.0</ele></trkpt>
      <trkpt lat="49.173401" lon="20.084060"><ele>2126.0</ele></trkpt>
      <trkpt lat="49.173404" lon="20.084021"><ele>2126.0</ele></trkpt>
      <trkpt lat="49.173411" lon="20.083994"><ele>2125.0</ele></trkpt>
      <trkpt lat="49.173417" lon="20.083960"><ele>2123.0</ele></trkpt>
      <trkpt lat="49.173421" lon="20.083926"><ele>2123.0</ele></trkpt>
      <trkpt lat="49.173403" lon="20.083913"><ele>2122.0</ele></trkpt>
      <trkpt lat="49.173383" lon="20.083923"><ele>2121.0</ele></trkpt>
      <trkpt lat="49.173361" lon="20.083939"><ele>2121.0</ele></trkpt>
      <trkpt lat="49.173339" lon="20.083939"><ele>2119.0</ele></trkpt>
      <trkpt lat="49.173321" lon="20.083929"><ele>2119.0</ele></trkpt>
      <trkpt lat="49.173310" lon="20.083901"><ele>2119.0</ele></trkpt>
      <trkpt lat="49.173317" lon="20.083871"><ele>2119.0</ele></trkpt>
      <trkpt lat="49.173334" lon="20.083856"><ele>2119.0</ele></trkpt>
      <trkpt lat="49.173352" lon="20.083854"><ele>2116.0</ele></trkpt>
      <trkpt lat="49.173354" lon="20.083822"><ele>2116.0</ele></trkpt>
      <trkpt lat="49.173339" lon="20.083768"><ele>2119.0</ele></trkpt>
      <trkpt lat="49.173323" lon="20.083754"><ele>2120.0</ele></trkpt>
      <trkpt lat="49.173307" lon="20.083714"><ele>2118.0</ele></trkpt>
      <trkpt lat="49.173294" lon="20.083686"><ele>2117.0</ele></trkpt>
      <trkpt lat="49.173279" lon="20.083671"><ele>2116.0</ele></trkpt>
      <trkpt lat="49.173261" lon="20.083650"><ele>2115.0</ele></trkpt>
      <trkpt lat="49.173264" lon="20.083616"><ele>2113.0</ele></trkpt>
      <trkpt lat="49.173262" lon="20.083586"><ele>2112.0</ele></trkpt>
      <trkpt lat="49.173258" lon="20.083552"><ele>2111.0</ele></trkpt>
      <trkpt lat="49.173264" lon="20.083517"><ele>2111.0</ele></trkpt>
      <trkpt lat="49.173278" lon="20.083489"><ele>2111.0</ele></trkpt>
      <trkpt lat="49.173286" lon="20.083462"><ele>2110.0</ele></trkpt>
      <trkpt lat="49.173300" lon="20.083431"><ele>2109.0</ele></trkpt>
      <trkpt lat="49.173320" lon="20.083403"><ele>2109.0</ele></trkpt>
      <trkpt lat="49.173338" lon="20.083394"><ele>2107.0</ele></trkpt>
      <trkpt lat="49.173351" lon="20.083370"><ele>2107.0</ele></trkpt>
      <trkpt lat="49.173369" lon="20.083354"><ele>2107.0</ele></trkpt>
      <trkpt lat="49.173389" lon="20.083320"><ele>2105.0</ele></trkpt>
      <trkpt lat="49.173411" lon="20.083309"><ele>2103.0</ele></trkpt>
      <trkpt lat="49.173426" lon="20.083289"><ele>2101.0</ele></trkpt>
      <trkpt lat="49.173414" lon="20.083264"><ele>2100.0</ele></trkpt>
      <trkpt lat="49.173396" lon="20.083249"><ele>2101.0</ele></trkpt>
      <trkpt lat="49.173373" lon="20.083248"><ele>2098.0</ele></trkpt>
      <trkpt lat="49.173355" lon="20.083248"><ele>2097.0</ele></trkpt>
      <trkpt lat="49.173332" lon="20.083242"><ele>2095.0</ele></trkpt>
      <trkpt lat="49.173334" lon="20.083202"><ele>2095.0</ele></trkpt>
      <trkpt lat="49.173342" lon="20.083172"><ele>2095.0</ele></trkpt>
      <trkpt lat="49.173358" lon="20.083156"><ele>2095.0</ele></trkpt>
      <trkpt lat="49.173376" lon="20.083128"><ele>2095.0</ele></trkpt>
      <trkpt lat="49.173400" lon="20.083113"><ele>2094.0</ele></trkpt>
      <trkpt lat="49.173410" lon="20.083079"><ele>2092.0</ele></trkpt>
      <trkpt lat="49.173420" lon="20.083047"><ele>2092.0</ele></trkpt>
      <trkpt lat="49.173426" lon="20.083018"><ele>2093.0</ele></trkpt>
      <trkpt lat="49.173441" lon="20.082998"><ele>2093.0</ele></trkpt>
      <trkpt lat="49.173442" lon="20.082965"><ele>2092.0</ele></trkpt>
      <trkpt lat="49.173440" lon="20.082932"><ele>2091.0</ele></trkpt>
      <trkpt lat="49.173442" lon="20.082904"><ele>2090.0</ele></trkpt>
      <trkpt lat="49.173431" lon="20.082934"><ele>2091.0</ele></trkpt>
      <trkpt lat="49.173440" lon="20.082910"><ele>2089.0</ele></trkpt>
      <trkpt lat="49.173431" lon="20.082880"><ele>2090.0</ele></trkpt>
      <trkpt lat="49.173438" lon="20.082841"><ele>2090.0</ele></trkpt>
      <trkpt lat="49.173448" lon="20.082817"><ele>2084.0</ele></trkpt>
      <trkpt lat="49.173466" lon="20.082787"><ele>2086.0</ele></trkpt>
      <trkpt lat="49.173486" lon="20.082776"><ele>2085.0</ele></trkpt>
      <trkpt lat="49.173508" lon="20.082774"><ele>2085.0</ele></trkpt>
      <trkpt lat="49.173531" lon="20.082784"><ele>2086.0</ele></trkpt>
      <trkpt lat="49.173548" lon="20.082769"><ele>2086.0</ele></trkpt>
      <trkpt lat="49.173570" lon="20.082754"><ele>2085.0</ele></trkpt>
      <trkpt lat="49.173597" lon="20.082744"><ele>2084.0</ele></trkpt>
      <trkpt lat="49.173623" lon="20.082740"><ele>2082.0</ele></trkpt>
      <trkpt lat="49.173642" lon="20.082743"><ele>2082.0</ele></trkpt>
      <trkpt lat="49.173660" lon="20.082740"><ele>2081.0</ele></trkpt>
      <trkpt lat="49.173678" lon="20.082753"><ele>2081.0</ele></trkpt>
      <trkpt lat="49.173697" lon="20.082735"><ele>2081.0</ele></trkpt>
      <trkpt lat="49.173720" lon="20.082723"><ele>2081.0</ele></trkpt>
      <trkpt lat="49.173740" lon="20.082718"><ele>2080.0</ele></trkpt>
      <trkpt lat="49.173762" lon="20.082734"><ele>2080.0</ele></trkpt>
      <trkpt lat="49.173780" lon="20.082730"><ele>2080.0</ele></trkpt>
      <trkpt lat="49.173807" lon="20.082724"><ele>2080.0</ele></trkpt>
      <trkpt lat="49.173826" lon="20.082714"><ele>2081.0</ele></trkpt>
      <trkpt lat="49.173844" lon="20.082706"><ele>2082.0</ele></trkpt>
      <trkpt lat="49.173869" lon="20.082709"><ele>2082.0</ele></trkpt>
      <trkpt lat="49.173893" lon="20.082724"><ele>2082.0</ele></trkpt>
      <trkpt lat="49.173913" lon="20.082736"><ele>2083.0</ele></trkpt>
      <trkpt lat="49.173940" lon="20.082744"><ele>2083.0</ele></trkpt>
      <trkpt lat="49.173961" lon="20.082750"><ele>2084.0</ele></trkpt>
      <trkpt lat="49.173984" lon="20.082757"><ele>2084.0</ele></trkpt>
      <trkpt lat="49.174006" lon="20.082765"><ele>2084.0</ele></trkpt>
      <trkpt lat="49.174027" lon="20.082772"><ele>2083.0</ele></trkpt>
      <trkpt lat="49.174046" lon="20.082778"><ele>2085.0</ele></trkpt>
      <trkpt lat="49.174067" lon="20.082794"><ele>2085.0</ele></trkpt>
      <trkpt lat="49.174089" lon="20.082800"><ele>2085.0</ele></trkpt>
      <trkpt lat="49.174099" lon="20.082825"><ele>2088.0</ele></trkpt>
      <trkpt lat="49.174125" lon="20.082838"><ele>2088.0</ele></trkpt>
      <trkpt lat="49.174139" lon="20.082857"><ele>2090.0</ele></trkpt>
      <trkpt lat="49.174161" lon="20.082849"><ele>2091.0</ele></trkpt>
      <trkpt lat="49.174182" lon="20.082856"><ele>2090.0</ele></trkpt>
      <trkpt lat="49.174199" lon="20.082860"><ele>2091.0</ele></trkpt>
      <trkpt lat="49.174226" lon="20.082873"><ele>2092.0</ele></trkpt>
      <trkpt lat="49.174248" lon="20.082884"><ele>2093.0</ele></trkpt>
      <trkpt lat="49.174276" lon="20.082896"><ele>2092.0</ele></trkpt>
      <trkpt lat="49.174295" lon="20.082902"><ele>2092.0</ele></trkpt>
      <trkpt lat="49.174317" lon="20.082906"><ele>2092.0</ele></trkpt>
      <trkpt lat="49.174340" lon="20.082895"><ele>2093.0</ele></trkpt>
      <trkpt lat="49.174364" lon="20.082886"><ele>2091.0</ele></trkpt>
      <trkpt lat="49.174384" lon="20.082873"><ele>2092.0</ele></trkpt>
      <trkpt lat="49.174403" lon="20.082868"><ele>2088.0</ele></trkpt>
      <trkpt lat="49.174424" lon="20.082853"><ele>2088.0</ele></trkpt>
      <trkpt lat="49.174439" lon="20.082871"><ele>2087.0</ele></trkpt>
      <trkpt lat="49.174466" lon="20.082901"><ele>2086.0</ele></trkpt>
      <trkpt lat="49.174481" lon="20.082909"><ele>2086.0</ele></trkpt>
      <trkpt lat="49.174496" lon="20.082917"><ele>2086.0</ele></trkpt>
      <trkpt lat="49.174512" lon="20.082924"><ele>2085.0</ele></trkpt>
      <trkpt lat="49.174527" lon="20.082932"><ele>2086.0</ele></trkpt>
      <trkpt lat="49.174542" lon="20.082940"><ele>2086.0</ele></trkpt>
      <trkpt lat="49.174587" lon="20.082937"><ele>2086.0</ele></trkpt>
      <trkpt lat="49.174606" lon="20.082944"><ele>2085.0</ele></trkpt>
      <trkpt lat="49.174625" lon="20.082951"><ele>2085.0</ele></trkpt>
      <trkpt lat="49.174645" lon="20.082958"><ele>2085.0</ele></trkpt>
      <trkpt lat="49.174628" lon="20.082963"><ele>2084.0</ele></trkpt>
      <trkpt lat="49.174600" lon="20.082932"><ele>2084.0</ele></trkpt>
      <trkpt lat="49.174598" lon="20.082888"><ele>2084.0</ele></trkpt>
      <trkpt lat="49.174616" lon="20.082890"><ele>2083.0</ele></trkpt>
      <trkpt lat="49.174627" lon="20.082908"><ele>2082.0</ele></trkpt>
      <trkpt lat="49.174638" lon="20.082926"><ele>2082.0</ele></trkpt>
      <trkpt lat="49.174648" lon="20.082944"><ele>2081.0</ele></trkpt>
      <trkpt lat="49.174659" lon="20.082962"><ele>2080.0</ele></trkpt>
      <trkpt lat="49.174670" lon="20.082980"><ele>2080.0</ele></trkpt>
      <trkpt lat="49.174681" lon="20.082997"><ele>2079.0</ele></trkpt>
      <trkpt lat="49.174694" lon="20.083005"><ele>2079.0</ele></trkpt>
      <trkpt lat="49.174709" lon="20.083011"><ele>2079.0</ele></trkpt>
      <trkpt lat="49.174725" lon="20.083017"><ele>2078.0</ele></trkpt>
      <trkpt lat="49.174740" lon="20.083023"><ele>2078.0</ele></trkpt>
      <trkpt lat="49.174774" lon="20.083024"><ele>2078.0</ele></trkpt>
      <trkpt lat="49.174787" lon="20.083015"><ele>2076.0</ele></trkpt>
      <trkpt lat="49.174800" lon="20.083007"><ele>2072.0</ele></trkpt>
      <trkpt lat="49.174813" lon="20.082998"><ele>2072.0</ele></trkpt>
      <trkpt lat="49.174826" lon="20.082989"><ele>2072.0</ele></trkpt>
      <trkpt lat="49.174839" lon="20.082981"><ele>2072.0</ele></trkpt>
      <trkpt lat="49.174852" lon="20.082972"><ele>2071.0</ele></trkpt>
      <trkpt lat="49.174868" lon="20.082964"><ele>2071.0</ele></trkpt>
      <trkpt lat="49.174884" lon="20.082959"><ele>2070.0</ele></trkpt>
      <trkpt lat="49.174901" lon="20.082955"><ele>2069.0</ele></trkpt>
      <trkpt lat="49.174918" lon="20.082951"><ele>2069.0</ele></trkpt>
      <trkpt lat="49.174934" lon="20.082946"><ele>2067.0</ele></trkpt>
      <trkpt lat="49.174951" lon="20.082942"><ele>2067.0</ele></trkpt>
      <trkpt lat="49.174971" lon="20.082944"><ele>2067.0</ele></trkpt>
      <trkpt lat="49.174989" lon="20.082959"><ele>2067.0</ele></trkpt>
      <trkpt lat="49.174962" lon="20.082949"><ele>2066.0</ele></trkpt>
      <trkpt lat="49.174944" lon="20.082940"><ele>2061.0</ele></trkpt>
      <trkpt lat="49.174923" lon="20.082933"><ele>2061.0</ele></trkpt>
      <trkpt lat="49.174901" lon="20.082923"><ele>2060.0</ele></trkpt>
      <trkpt lat="49.174880" lon="20.082920"><ele>2059.0</ele></trkpt>
      <trkpt lat="49.174866" lon="20.082898"><ele>2058.0</ele></trkpt>
      <trkpt lat="49.174874" lon="20.082864"><ele>2057.0</ele></trkpt>
      <trkpt lat="49.174890" lon="20.082833"><ele>2057.0</ele></trkpt>
      <trkpt lat="49.174907" lon="20.082821"><ele>2057.0</ele></trkpt>
      <trkpt lat="49.174924" lon="20.082805"><ele>2056.0</ele></trkpt>
      <trkpt lat="49.174941" lon="20.082787"><ele>2056.0</ele></trkpt>
      <trkpt lat="49.174930" lon="20.082761"><ele>2055.0</ele></trkpt>
      <trkpt lat="49.174916" lon="20.082784"><ele>2054.0</ele></trkpt>
      <trkpt lat="49.174895" lon="20.082774"><ele>2054.0</ele></trkpt>
      <trkpt lat="49.174872" lon="20.082761"><ele>2055.0</ele></trkpt>
      <trkpt lat="49.174849" lon="20.082745"><ele>2055.0</ele></trkpt>
      <trkpt lat="49.174828" lon="20.082737"><ele>2054.0</ele></trkpt>
      <trkpt lat="49.174810" lon="20.082736"><ele>2053.0</ele></trkpt>
      <trkpt lat="49.174803" lon="20.082707"><ele>2053.0</ele></trkpt>
      <trkpt lat="49.174806" lon="20.082672"><ele>2052.0</ele></trkpt>
      <trkpt lat="49.174820" lon="20.082646"><ele>2052.0</ele></trkpt>
      <trkpt lat="49.174844" lon="20.082633"><ele>2049.0</ele></trkpt>
      <trkpt lat="49.174857" lon="20.082604"><ele>2049.0</ele></trkpt>
      <trkpt lat="49.174879" lon="20.082613"><ele>2048.0</ele></trkpt>
      <trkpt lat="49.174898" lon="20.082601"><ele>2048.0</ele></trkpt>
      <trkpt lat="49.174917" lon="20.082592"><ele>2048.0</ele></trkpt>
      <trkpt lat="49.174931" lon="20.082562"><ele>2048.0</ele></trkpt>
      <trkpt lat="49.174914" lon="20.082542"><ele>2048.0</ele></trkpt>
      <trkpt lat="49.174896" lon="20.082524"><ele>2047.0</ele></trkpt>
      <trkpt lat="49.174876" lon="20.082536"><ele>2047.0</ele></trkpt>
      <trkpt lat="49.174853" lon="20.082557"><ele>2046.0</ele></trkpt>
      <trkpt lat="49.174823" lon="20.082564"><ele>2046.0</ele></trkpt>
      <trkpt lat="49.174797" lon="20.082572"><ele>2046.0</ele></trkpt>
      <trkpt lat="49.174774" lon="20.082586"><ele>2046.0</ele></trkpt>
      <trkpt lat="49.174761" lon="20.082558"><ele>2045.0</ele></trkpt>
      <trkpt lat="49.174743" lon="20.082546"><ele>2045.0</ele></trkpt>
      <trkpt lat="49.174758" lon="20.082510"><ele>2044.0</ele></trkpt>
      <trkpt lat="49.174765" lon="20.082484"><ele>2044.0</ele></trkpt>
      <trkpt lat="49.174788" lon="20.082472"><ele>2043.0</ele></trkpt>
      <trkpt lat="49.174801" lon="20.082444"><ele>2042.0</ele></trkpt>
      <trkpt lat="49.174825" lon="20.082435"><ele>2041.0</ele></trkpt>
      <trkpt lat="49.174841" lon="20.082418"><ele>2040.0</ele></trkpt>
      <trkpt lat="49.174856" lon="20.082394"><ele>2039.0</ele></trkpt>
      <trkpt lat="49.174875" lon="20.082373"><ele>2039.0</ele></trkpt>
      <trkpt lat="49.174898" lon="20.082360"><ele>2039.0</ele></trkpt>
      <trkpt lat="49.174914" lon="20.082377"><ele>2038.0</ele></trkpt>
      <trkpt lat="49.174936" lon="20.082367"><ele>2037.0</ele></trkpt>
      <trkpt lat="49.174951" lon="20.082351"><ele>2037.0</ele></trkpt>
      <trkpt lat="49.174972" lon="20.082345"><ele>2037.0</ele></trkpt>
      <trkpt lat="49.174986" lon="20.082325"><ele>2035.0</ele></trkpt>
      <trkpt lat="49.174992" lon="20.082295"><ele>2034.0</ele></trkpt>
      <trkpt lat="49.175001" lon="20.082270"><ele>2034.0</ele></trkpt>
      <trkpt lat="49.175015" lon="20.082233"><ele>2034.0</ele></trkpt>
      <trkpt lat="49.175024" lon="20.082199"><ele>2034.0</ele></trkpt>
      <trkpt lat="49.175045" lon="20.082192"><ele>2034.0</ele></trkpt>
      <trkpt lat="49.175065" lon="20.082183"><ele>2034.0</ele></trkpt>
      <trkpt lat="49.175083" lon="20.082168"><ele>2033.0</ele></trkpt>
      <trkpt lat="49.175098" lon="20.082150"><ele>2034.0</ele></trkpt>
      <trkpt lat="49.175117" lon="20.082126"><ele>2033.0</ele></trkpt>
      <trkpt lat="49.175132" lon="20.082147"><ele>2033.0</ele></trkpt>
      <trkpt lat="49.175161" lon="20.082191"><ele>2034.0</ele></trkpt>
      <trkpt lat="49.175180" lon="20.082171"><ele>2032.0</ele></trkpt>
      <trkpt lat="49.175198" lon="20.082154"><ele>2032.0</ele></trkpt>
      <trkpt lat="49.175194" lon="20.082124"><ele>2032.0</ele></trkpt>
      <trkpt lat="49.175174" lon="20.082102"><ele>2031.0</ele></trkpt>
      <trkpt lat="49.175143" lon="20.082095"><ele>2031.0</ele></trkpt>
      <trkpt lat="49.175116" lon="20.082096"><ele>2031.0</ele></trkpt>
      <trkpt lat="49.175089" lon="20.082100"><ele>2030.0</ele></trkpt>
      <trkpt lat="49.175071" lon="20.082100"><ele>2028.0</ele></trkpt>
      <trkpt lat="49.175049" lon="20.082099"><ele>2029.0</ele></trkpt>
      <trkpt lat="49.175024" lon="20.082098"><ele>2028.0</ele></trkpt>
      <trkpt lat="49.174995" lon="20.082094"><ele>2027.0</ele></trkpt>
      <trkpt lat="49.174962" lon="20.082107"><ele>2026.0</ele></trkpt>
      <trkpt lat="49.174931" lon="20.082115"><ele>2025.0</ele></trkpt>
      <trkpt lat="49.174907" lon="20.082111"><ele>2025.0</ele></trkpt>
      <trkpt lat="49.174894" lon="20.082085"><ele>2022.0</ele></trkpt>
      <trkpt lat="49.174899" lon="20.082050"><ele>2021.0</ele></trkpt>
      <trkpt lat="49.174913" lon="20.082021"><ele>2021.0</ele></trkpt>
      <trkpt lat="49.174928" lon="20.081992"><ele>2021.0</ele></trkpt>
      <trkpt lat="49.174943" lon="20.081970"><ele>2021.0</ele></trkpt>
      <trkpt lat="49.174963" lon="20.081939"><ele>2024.0</ele></trkpt>
      <trkpt lat="49.174974" lon="20.081913"><ele>2024.0</ele></trkpt>
      <trkpt lat="49.174988" lon="20.081885"><ele>2024.0</ele></trkpt>
      <trkpt lat="49.175004" lon="20.081870"><ele>2020.0</ele></trkpt>
      <trkpt lat="49.175021" lon="20.081848"><ele>2019.0</ele></trkpt>
      <trkpt lat="49.175036" lon="20.081825"><ele>2017.0</ele></trkpt>
      <trkpt lat="49.175048" lon="20.081802"><ele>2016.0</ele></trkpt>
      <trkpt lat="49.175065" lon="20.081782"><ele>2016.0</ele></trkpt>
      <trkpt lat="49.175085" lon="20.081759"><ele>2016.0</ele></trkpt>
      <trkpt lat="49.175094" lon="20.081731"><ele>2016.0</ele></trkpt>
      <trkpt lat="49.175074" lon="20.081728"><ele>2017.0</ele></trkpt>
      <trkpt lat="49.175052" lon="20.081743"><ele>2017.0</ele></trkpt>
      <trkpt lat="49.175035" lon="20.081749"><ele>2015.0</ele></trkpt>
      <trkpt lat="49.175015" lon="20.081743"><ele>2014.0</ele></trkpt>
      <trkpt lat="49.174999" lon="20.081758"><ele>2014.0</ele></trkpt>
      <trkpt lat="49.174985" lon="20.081765"><ele>2014.0</ele></trkpt>
      <trkpt lat="49.174971" lon="20.081772"><ele>2013.0</ele></trkpt>
      <trkpt lat="49.174957" lon="20.081780"><ele>2012.0</ele></trkpt>
      <trkpt lat="49.174944" lon="20.081787"><ele>2012.0</ele></trkpt>
      <trkpt lat="49.174930" lon="20.081794"><ele>2011.0</ele></trkpt>
      <trkpt lat="49.174916" lon="20.081801"><ele>2009.0</ele></trkpt>
      <trkpt lat="49.174884" lon="20.081820"><ele>2008.0</ele></trkpt>
      <trkpt lat="49.174857" lon="20.081826"><ele>2008.0</ele></trkpt>
      <trkpt lat="49.174828" lon="20.081823"><ele>2008.0</ele></trkpt>
      <trkpt lat="49.174815" lon="20.081792"><ele>2009.0</ele></trkpt>
      <trkpt lat="49.174823" lon="20.081760"><ele>2011.0</ele></trkpt>
      <trkpt lat="49.174820" lon="20.081726"><ele>2009.0</ele></trkpt>
      <trkpt lat="49.174832" lon="20.081704"><ele>2008.0</ele></trkpt>
      <trkpt lat="49.174852" lon="20.081690"><ele>2007.0</ele></trkpt>
      <trkpt lat="49.174868" lon="20.081668"><ele>2008.0</ele></trkpt>
      <trkpt lat="49.174877" lon="20.081641"><ele>2008.0</ele></trkpt>
      <trkpt lat="49.174856" lon="20.081624"><ele>2007.0</ele></trkpt>
      <trkpt lat="49.174832" lon="20.081627"><ele>2006.0</ele></trkpt>
      <trkpt lat="49.174811" lon="20.081616"><ele>2006.0</ele></trkpt>
      <trkpt lat="49.174787" lon="20.081616"><ele>2006.0</ele></trkpt>
      <trkpt lat="49.174769" lon="20.081621"><ele>2005.0</ele></trkpt>
      <trkpt lat="49.174748" lon="20.081620"><ele>2004.0</ele></trkpt>
      <trkpt lat="49.174731" lon="20.081609"><ele>2004.0</ele></trkpt>
      <trkpt lat="49.174708" lon="20.081602"><ele>2004.0</ele></trkpt>
      <trkpt lat="49.174690" lon="20.081586"><ele>2003.0</ele></trkpt>
      <trkpt lat="49.174670" lon="20.081585"><ele>2003.0</ele></trkpt>
      <trkpt lat="49.174651" lon="20.081595"><ele>2003.0</ele></trkpt>
      <trkpt lat="49.174626" lon="20.081611"><ele>2003.0</ele></trkpt>
      <trkpt lat="49.174604" lon="20.081615"><ele>2002.0</ele></trkpt>
      <trkpt lat="49.174580" lon="20.081622"><ele>2002.0</ele></trkpt>
      <trkpt lat="49.174569" lon="20.081598"><ele>2001.0</ele></trkpt>
      <trkpt lat="49.174559" lon="20.081568"><ele>2000.0</ele></trkpt>
      <trkpt lat="49.174559" lon="20.081540"><ele>2000.0</ele></trkpt>
      <trkpt lat="49.174562" lon="20.081509"><ele>1999.0</ele></trkpt>
      <trkpt lat="49.174541" lon="20.081506"><ele>1998.0</ele></trkpt>
      <trkpt lat="49.174521" lon="20.081504"><ele>1998.0</ele></trkpt>
      <trkpt lat="49.174504" lon="20.081488"><ele>1996.0</ele></trkpt>
      <trkpt lat="49.174484" lon="20.081480"><ele>1996.0</ele></trkpt>
      <trkpt lat="49.174464" lon="20.081480"><ele>1995.0</ele></trkpt>
      <trkpt lat="49.174450" lon="20.081462"><ele>1994.0</ele></trkpt>
      <trkpt lat="49.174429" lon="20.081453"><ele>1994.0</ele></trkpt>
      <trkpt lat="49.174409" lon="20.081445"><ele>1994.0</ele></trkpt>
      <trkpt lat="49.174393" lon="20.081425"><ele>1993.0</ele></trkpt>
      <trkpt lat="49.174371" lon="20.081422"><ele>1993.0</ele></trkpt>
      <trkpt lat="49.174349" lon="20.081409"><ele>1993.0</ele></trkpt>
      <trkpt lat="49.174328" lon="20.081402"><ele>1992.0</ele></trkpt>
      <trkpt lat="49.174314" lon="20.081378"><ele>1991.0</ele></trkpt>
      <trkpt lat="49.174302" lon="20.081355"><ele>1991.0</ele></trkpt>
      <trkpt lat="49.174288" lon="20.081335"><ele>1991.0</ele></trkpt>
      <trkpt lat="49.174272" lon="20.081321"><ele>1991.0</ele></trkpt>
      <trkpt lat="49.174252" lon="20.081306"><ele>1991.0</ele></trkpt>
      <trkpt lat="49.174237" lon="20.081280"><ele>1991.0</ele></trkpt>
      <trkpt lat="49.174218" lon="20.081274"><ele>1990.0</ele></trkpt>
      <trkpt lat="49.174193" lon="20.081261"><ele>1990.0</ele></trkpt>
      <trkpt lat="49.174170" lon="20.081257"><ele>1989.0</ele></trkpt>
      <trkpt lat="49.174152" lon="20.081252"><ele>1990.0</ele></trkpt>
      <trkpt lat="49.174133" lon="20.081246"><ele>1989.0</ele></trkpt>
      <trkpt lat="49.174120" lon="20.081225"><ele>1989.0</ele></trkpt>
      <trkpt lat="49.174102" lon="20.081218"><ele>1989.0</ele></trkpt>
      <trkpt lat="49.174075" lon="20.081216"><ele>1990.0</ele></trkpt>
      <trkpt lat="49.174052" lon="20.081225"><ele>1989.0</ele></trkpt>
      <trkpt lat="49.174023" lon="20.081230"><ele>1988.0</ele></trkpt>
      <trkpt lat="49.174006" lon="20.081242"><ele>1989.0</ele></trkpt>
      <trkpt lat="49.173988" lon="20.081258"><ele>1989.0</ele></trkpt>
      <trkpt lat="49.173970" lon="20.081280"><ele>1989.0</ele></trkpt>
      <trkpt lat="49.173953" lon="20.081300"><ele>1990.0</ele></trkpt>
      <trkpt lat="49.173942" lon="20.081322"><ele>1989.0</ele></trkpt>
      <trkpt lat="49.173927" lon="20.081337"><ele>1989.0</ele></trkpt>
      <trkpt lat="49.173913" lon="20.081351"><ele>1989.0</ele></trkpt>
      <trkpt lat="49.173898" lon="20.081366"><ele>1988.0</ele></trkpt>
      <trkpt lat="49.173875" lon="20.081367"><ele>1988.0</ele></trkpt>
      <trkpt lat="49.173857" lon="20.081336"><ele>1987.0</ele></trkpt>
      <trkpt lat="49.173830" lon="20.081339"><ele>1987.0</ele></trkpt>
      <trkpt lat="49.173803" lon="20.081338"><ele>1986.0</ele></trkpt>
      <trkpt lat="49.173791" lon="20.081304"><ele>1985.0</ele></trkpt>
      <trkpt lat="49.173781" lon="20.081271"><ele>1984.0</ele></trkpt>
      <trkpt lat="49.173755" lon="20.081253"><ele>1984.0</ele></trkpt>
      <trkpt lat="49.173732" lon="20.081230"><ele>1984.0</ele></trkpt>
      <trkpt lat="49.173716" lon="20.081196"><ele>1983.0</ele></trkpt>
      <trkpt lat="49.173700" lon="20.081161"><ele>1983.0</ele></trkpt>
      <trkpt lat="49.173688" lon="20.081139"><ele>1983.0</ele></trkpt>
      <trkpt lat="49.173670" lon="20.081110"><ele>1983.0</ele></trkpt>
      <trkpt lat="49.173652" lon="20.081087"><ele>1984.0</ele></trkpt>
      <trkpt lat="49.173630" lon="20.081072"><ele>1983.0</ele></trkpt>
      <trkpt lat="49.173617" lon="20.081052"><ele>1984.0</ele></trkpt>
      <trkpt lat="49.173598" lon="20.081036"><ele>1983.0</ele></trkpt>
      <trkpt lat="49.173590" lon="20.081009"><ele>1983.0</ele></trkpt>
      <trkpt lat="49.173574" lon="20.080992"><ele>1981.0</ele></trkpt>
      <trkpt lat="49.173558" lon="20.080976"><ele>1981.0</ele></trkpt>
      <trkpt lat="49.173539" lon="20.080953"><ele>1979.0</ele></trkpt>
      <trkpt lat="49.173520" lon="20.080955"><ele>1979.0</ele></trkpt>
      <trkpt lat="49.173502" lon="20.080944"><ele>1978.0</ele></trkpt>
      <trkpt lat="49.173485" lon="20.080935"><ele>1979.0</ele></trkpt>
      <trkpt lat="49.173468" lon="20.080917"><ele>1978.0</ele></trkpt>
      <trkpt lat="49.173454" lon="20.080894"><ele>1977.0</ele></trkpt>
      <trkpt lat="49.173435" lon="20.080881"><ele>1975.0</ele></trkpt>
      <trkpt lat="49.173412" lon="20.080871"><ele>1975.0</ele></trkpt>
      <trkpt lat="49.173391" lon="20.080875"><ele>1974.0</ele></trkpt>
      <trkpt lat="49.173370" lon="20.080873"><ele>1974.0</ele></trkpt>
      <trkpt lat="49.173349" lon="20.080872"><ele>1974.0</ele></trkpt>
      <trkpt lat="49.173333" lon="20.080855"><ele>1974.0</ele></trkpt>
      <trkpt lat="49.173317" lon="20.080841"><ele>1974.0</ele></trkpt>
      <trkpt lat="49.173292" lon="20.080840"><ele>1974.0</ele></trkpt>
      <trkpt lat="49.173270" lon="20.080855"><ele>1974.0</ele></trkpt>
      <trkpt lat="49.173252" lon="20.080856"><ele>1974.0</ele></trkpt>
      <trkpt lat="49.173234" lon="20.080853"><ele>1975.0</ele></trkpt>
      <trkpt lat="49.173216" lon="20.080843"><ele>1974.0</ele></trkpt>
      <trkpt lat="49.173198" lon="20.080834"><ele>1974.0</ele></trkpt>
      <trkpt lat="49.173173" lon="20.080829"><ele>1974.0</ele></trkpt>
      <trkpt lat="49.173155" lon="20.080843"><ele>1975.0</ele></trkpt>
      <trkpt lat="49.173134" lon="20.080840"><ele>1975.0</ele></trkpt>
      <trkpt lat="49.173114" lon="20.080817"><ele>1976.0</ele></trkpt>
      <trkpt lat="49.173097" lon="20.080791"><ele>1975.0</ele></trkpt>
      <trkpt lat="49.173081" lon="20.080780"><ele>1976.0</ele></trkpt>
      <trkpt lat="49.173062" lon="20.080762"><ele>1975.0</ele></trkpt>
      <trkpt lat="49.173034" lon="20.080747"><ele>1976.0</ele></trkpt>
      <trkpt lat="49.173008" lon="20.080728"><ele>1976.0</ele></trkpt>
      <trkpt lat="49.172996" lon="20.080706"><ele>1976.0</ele></trkpt>
      <trkpt lat="49.172992" lon="20.080679"><ele>1976.0</ele></trkpt>
      <trkpt lat="49.172996" lon="20.080650"><ele>1975.0</ele></trkpt>
      <trkpt lat="49.172985" lon="20.080615"><ele>1974.0</ele></trkpt>
      <trkpt lat="49.172976" lon="20.080586"><ele>1974.0</ele></trkpt>
      <trkpt lat="49.172963" lon="20.080560"><ele>1974.0</ele></trkpt>
      <trkpt lat="49.172945" lon="20.080541"><ele>1974.0</ele></trkpt>
      <trkpt lat="49.172927" lon="20.080513"><ele>1973.0</ele></trkpt>
      <trkpt lat="49.172910" lon="20.080490"><ele>1973.0</ele></trkpt>
      <trkpt lat="49.172891" lon="20.080462"><ele>1972.0</ele></trkpt>
      <trkpt lat="49.172870" lon="20.080432"><ele>1972.0</ele></trkpt>
      <trkpt lat="49.172848" lon="20.080406"><ele>1972.0</ele></trkpt>
      <trkpt lat="49.172828" lon="20.080389"><ele>1971.0</ele></trkpt>
      <trkpt lat="49.172809" lon="20.080370"><ele>1971.0</ele></trkpt>
      <trkpt lat="49.172795" lon="20.080351"><ele>1970.0</ele></trkpt>
      <trkpt lat="49.172781" lon="20.080328"><ele>1970.0</ele></trkpt>
      <trkpt lat="49.172761" lon="20.080302"><ele>1970.0</ele></trkpt>
      <trkpt lat="49.172735" lon="20.080280"><ele>1969.0</ele></trkpt>
      <trkpt lat="49.172705" lon="20.080265"><ele>1969.0</ele></trkpt>
      <trkpt lat="49.172686" lon="20.080246"><ele>1968.0</ele></trkpt>
      <trkpt lat="49.172666" lon="20.080222"><ele>1968.0</ele></trkpt>
      <trkpt lat="49.172649" lon="20.080203"><ele>1967.0</ele></trkpt>
      <trkpt lat="49.172635" lon="20.080175"><ele>1968.0</ele></trkpt>
      <trkpt lat="49.172617" lon="20.080146"><ele>1968.0</ele></trkpt>
      <trkpt lat="49.172594" lon="20.080131"><ele>1967.0</ele></trkpt>
      <trkpt lat="49.172580" lon="20.080108"><ele>1967.0</ele></trkpt>
      <trkpt lat="49.172563" lon="20.080096"><ele>1965.0</ele></trkpt>
      <trkpt lat="49.172556" lon="20.080066"><ele>1965.0</ele></trkpt>
      <trkpt lat="49.172536" lon="20.080041"><ele>1964.0</ele></trkpt>
      <trkpt lat="49.172514" lon="20.080020"><ele>1964.0</ele></trkpt>
      <trkpt lat="49.172487" lon="20.079996"><ele>1963.0</ele></trkpt>
      <trkpt lat="49.172457" lon="20.079978"><ele>1962.0</ele></trkpt>
      <trkpt lat="49.172437" lon="20.079961"><ele>1962.0</ele></trkpt>
      <trkpt lat="49.172414" lon="20.079954"><ele>1962.0</ele></trkpt>
      <trkpt lat="49.172390" lon="20.079945"><ele>1961.0</ele></trkpt>
      <trkpt lat="49.172367" lon="20.079934"><ele>1961.0</ele></trkpt>
      <trkpt lat="49.172359" lon="20.079909"><ele>1960.0</ele></trkpt>
      <trkpt lat="49.172352" lon="20.079883"><ele>1960.0</ele></trkpt>
      <trkpt lat="49.172325" lon="20.079881"><ele>1960.0</ele></trkpt>
      <trkpt lat="49.172308" lon="20.079860"><ele>1959.0</ele></trkpt>
      <trkpt lat="49.172294" lon="20.079838"><ele>1959.0</ele></trkpt>
      <trkpt lat="49.172274" lon="20.079808"><ele>1958.0</ele></trkpt>
      <trkpt lat="49.172263" lon="20.079782"><ele>1958.0</ele></trkpt>
      <trkpt lat="49.172248" lon="20.079759"><ele>1958.0</ele></trkpt>
      <trkpt lat="49.172230" lon="20.079739"><ele>1957.0</ele></trkpt>
      <trkpt lat="49.172209" lon="20.079725"><ele>1957.0</ele></trkpt>
      <trkpt lat="49.172188" lon="20.079724"><ele>1957.0</ele></trkpt>
      <trkpt lat="49.172171" lon="20.079704"><ele>1956.0</ele></trkpt>
      <trkpt lat="49.172151" lon="20.079685"><ele>1956.0</ele></trkpt>
      <trkpt lat="49.172126" lon="20.079676"><ele>1956.0</ele></trkpt>
      <trkpt lat="49.172107" lon="20.079669"><ele>1956.0</ele></trkpt>
      <trkpt lat="49.172085" lon="20.079659"><ele>1956.0</ele></trkpt>
      <trkpt lat="49.172065" lon="20.079652"><ele>1956.0</ele></trkpt>
      <trkpt lat="49.172042" lon="20.079640"><ele>1955.0</ele></trkpt>
      <trkpt lat="49.172025" lon="20.079630"><ele>1955.0</ele></trkpt>
      <trkpt lat="49.172001" lon="20.079624"><ele>1955.0</ele></trkpt>
      <trkpt lat="49.171989" lon="20.079596"><ele>1955.0</ele></trkpt>
      <trkpt lat="49.171972" lon="20.079569"><ele>1954.0</ele></trkpt>
      <trkpt lat="49.171953" lon="20.079557"><ele>1954.0</ele></trkpt>
      <trkpt lat="49.171936" lon="20.079536"><ele>1954.0</ele></trkpt>
      <trkpt lat="49.171925" lon="20.079501"><ele>1953.0</ele></trkpt>
      <trkpt lat="49.171915" lon="20.079477"><ele>1953.0</ele></trkpt>
      <trkpt lat="49.171904" lon="20.079449"><ele>1952.0</ele></trkpt>
      <trkpt lat="49.171890" lon="20.079421"><ele>1951.0</ele></trkpt>
      <trkpt lat="49.171872" lon="20.079398"><ele>1951.0</ele></trkpt>
      <trkpt lat="49.171849" lon="20.079375"><ele>1950.0</ele></trkpt>
      <trkpt lat="49.171834" lon="20.079358"><ele>1950.0</ele></trkpt>
      <trkpt lat="49.171814" lon="20.079343"><ele>1950.0</ele></trkpt>
      <trkpt lat="49.171789" lon="20.079337"><ele>1950.0</ele></trkpt>
      <trkpt lat="49.171772" lon="20.079321"><ele>1950.0</ele></trkpt>
      <trkpt lat="49.171756" lon="20.079306"><ele>1950.0</ele></trkpt>
      <trkpt lat="49.171733" lon="20.079282"><ele>1950.0</ele></trkpt>
      <trkpt lat="49.171713" lon="20.079274"><ele>1950.0</ele></trkpt>
      <trkpt lat="49.171688" lon="20.079264"><ele>1950.0</ele></trkpt>
      <trkpt lat="49.171667" lon="20.079262"><ele>1950.0</ele></trkpt>
      <trkpt lat="49.171642" lon="20.079258"><ele>1950.0</ele></trkpt>
      <trkpt lat="49.171619" lon="20.079250"><ele>1949.0</ele></trkpt>
      <trkpt lat="49.171604" lon="20.079228"><ele>1949.0</ele></trkpt>
      <trkpt lat="49.171595" lon="20.079197"><ele>1948.0</ele></trkpt>
      <trkpt lat="49.171585" lon="20.079141"><ele>1949.0</ele></trkpt>
      <trkpt lat="49.171570" lon="20.079118"><ele>1949.0</ele></trkpt>
      <trkpt lat="49.171561" lon="20.079085"><ele>1949.0</ele></trkpt>
      <trkpt lat="49.171555" lon="20.079056"><ele>1949.0</ele></trkpt>
      <trkpt lat="49.171538" lon="20.079033"><ele>1949.0</ele></trkpt>
      <trkpt lat="49.171516" lon="20.079022"><ele>1948.0</ele></trkpt>
      <trkpt lat="49.171496" lon="20.079000"><ele>1948.0</ele></trkpt>
      <trkpt lat="49.171475" lon="20.078987"><ele>1948.0</ele></trkpt>
      <trkpt lat="49.171456" lon="20.078978"><ele>1949.0</ele></trkpt>
      <trkpt lat="49.171439" lon="20.078964"><ele>1949.0</ele></trkpt>
      <trkpt lat="49.171423" lon="20.078946"><ele>1949.0</ele></trkpt>
      <trkpt lat="49.171410" lon="20.078925"><ele>1948.0</ele></trkpt>
      <trkpt lat="49.171386" lon="20.078915"><ele>1948.0</ele></trkpt>
      <trkpt lat="49.171367" lon="20.078904"><ele>1948.0</ele></trkpt>
      <trkpt lat="49.171362" lon="20.078871"><ele>1945.0</ele></trkpt>
      <trkpt lat="49.171357" lon="20.078843"><ele>1946.0</ele></trkpt>
      <trkpt lat="49.171331" lon="20.078831"><ele>1945.0</ele></trkpt>
      <trkpt lat="49.171315" lon="20.078806"><ele>1946.0</ele></trkpt>
      <trkpt lat="49.171291" lon="20.078790"><ele>1946.0</ele></trkpt>
      <trkpt lat="49.171271" lon="20.078785"><ele>1946.0</ele></trkpt>
      <trkpt lat="49.171254" lon="20.078774"><ele>1945.0</ele></trkpt>
      <trkpt lat="49.171227" lon="20.078754"><ele>1944.0</ele></trkpt>
      <trkpt lat="49.171200" lon="20.078740"><ele>1944.0</ele></trkpt>
      <trkpt lat="49.171182" lon="20.078733"><ele>1944.0</ele></trkpt>
      <trkpt lat="49.171177" lon="20.078703"><ele>1944.0</ele></trkpt>
      <trkpt lat="49.171174" lon="20.078672"><ele>1943.0</ele></trkpt>
      <trkpt lat="49.171172" lon="20.078641"><ele>1943.0</ele></trkpt>
      <trkpt lat="49.171155" lon="20.078620"><ele>1943.0</ele></trkpt>
      <trkpt lat="49.171146" lon="20.078587"><ele>1944.0</ele></trkpt>
      <trkpt lat="49.171135" lon="20.078561"><ele>1944.0</ele></trkpt>
      <trkpt lat="49.171119" lon="20.078547"><ele>1943.0</ele></trkpt>
      <trkpt lat="49.171101" lon="20.078537"><ele>1943.0</ele></trkpt>
      <trkpt lat="49.171086" lon="20.078508"><ele>1942.0</ele></trkpt>
      <trkpt lat="49.171081" lon="20.078480"><ele>1942.0</ele></trkpt>
      <trkpt lat="49.171061" lon="20.078468"><ele>1941.0</ele></trkpt>
      <trkpt lat="49.171041" lon="20.078465"><ele>1941.0</ele></trkpt>
      <trkpt lat="49.171024" lon="20.078441"><ele>1941.0</ele></trkpt>
      <trkpt lat="49.171008" lon="20.078414"><ele>1940.0</ele></trkpt>
      <trkpt lat="49.170997" lon="20.078382"><ele>1940.0</ele></trkpt>
      <trkpt lat="49.170990" lon="20.078350"><ele>1940.0</ele></trkpt>
      <trkpt lat="49.170978" lon="20.078321"><ele>1940.0</ele></trkpt>
      <trkpt lat="49.170970" lon="20.078290"><ele>1940.0</ele></trkpt>
      <trkpt lat="49.170959" lon="20.078265"><ele>1938.0</ele></trkpt>
      <trkpt lat="49.170939" lon="20.078263"><ele>1939.0</ele></trkpt>
      <trkpt lat="49.170920" lon="20.078263"><ele>1938.0</ele></trkpt>
      <trkpt lat="49.170902" lon="20.078252"><ele>1938.0</ele></trkpt>
      <trkpt lat="49.170884" lon="20.078233"><ele>1938.0</ele></trkpt>
      <trkpt lat="49.170866" lon="20.078242"><ele>1937.0</ele></trkpt>
      <trkpt lat="49.170852" lon="20.078215"><ele>1937.0</ele></trkpt>
      <trkpt lat="49.170828" lon="20.078211"><ele>1937.0</ele></trkpt>
      <trkpt lat="49.170810" lon="20.078188"><ele>1937.0</ele></trkpt>
      <trkpt lat="49.170795" lon="20.078169"><ele>1937.0</ele></trkpt>
      <trkpt lat="49.170782" lon="20.078140"><ele>1937.0</ele></trkpt>
      <trkpt lat="49.170762" lon="20.078131"><ele>1937.0</ele></trkpt>
      <trkpt lat="49.170744" lon="20.078111"><ele>1938.0</ele></trkpt>
      <trkpt lat="49.170724" lon="20.078102"><ele>1938.0</ele></trkpt>
      <trkpt lat="49.170698" lon="20.078084"><ele>1937.0</ele></trkpt>
      <trkpt lat="49.170676" lon="20.078070"><ele>1938.0</ele></trkpt>
      <trkpt lat="49.170659" lon="20.078053"><ele>1938.0</ele></trkpt>
      <trkpt lat="49.170637" lon="20.078044"><ele>1938.0</ele></trkpt>
      <trkpt lat="49.170620" lon="20.078027"><ele>1939.0</ele></trkpt>
      <trkpt lat="49.170608" lon="20.078007"><ele>1939.0</ele></trkpt>
      <trkpt lat="49.170589" lon="20.077983"><ele>1940.0</ele></trkpt>
      <trkpt lat="49.170573" lon="20.077965"><ele>1939.0</ele></trkpt>
      <trkpt lat="49.170555" lon="20.077950"><ele>1939.0</ele></trkpt>
      <trkpt lat="49.170539" lon="20.077936"><ele>1939.0</ele></trkpt>
      <trkpt lat="49.170509" lon="20.077918"><ele>1939.0</ele></trkpt>
      <trkpt lat="49.170482" lon="20.077901"><ele>1938.0</ele></trkpt>
      <trkpt lat="49.170461" lon="20.077885"><ele>1936.0</ele></trkpt>
      <trkpt lat="49.170446" lon="20.077858"><ele>1936.0</ele></trkpt>
      <trkpt lat="49.170439" lon="20.077808"><ele>1936.0</ele></trkpt>
      <trkpt lat="49.170438" lon="20.077779"><ele>1935.0</ele></trkpt>
      <trkpt lat="49.170440" lon="20.077734"><ele>1935.0</ele></trkpt>
      <trkpt lat="49.170442" lon="20.077697"><ele>1935.0</ele></trkpt>
      <trkpt lat="49.170439" lon="20.077666"><ele>1935.0</ele></trkpt>
      <trkpt lat="49.170438" lon="20.077626"><ele>1935.0</ele></trkpt>
      <trkpt lat="49.170436" lon="20.077596"><ele>1935.0</ele></trkpt>
      <trkpt lat="49.170430" lon="20.077566"><ele>1935.0</ele></trkpt>
      <trkpt lat="49.170417" lon="20.077544"><ele>1935.0</ele></trkpt>
      <trkpt lat="49.170402" lon="20.077525"><ele>1935.0</ele></trkpt>
      <trkpt lat="49.170380" lon="20.077503"><ele>1935.0</ele></trkpt>
      <trkpt lat="49.170362" lon="20.077483"><ele>1935.0</ele></trkpt>
      <trkpt lat="49.170341" lon="20.077467"><ele>1936.0</ele></trkpt>
      <trkpt lat="49.170331" lon="20.077445"><ele>1935.0</ele></trkpt>
      <trkpt lat="49.170310" lon="20.077430"><ele>1935.0</ele></trkpt>
      <trkpt lat="49.170289" lon="20.077402"><ele>1935.0</ele></trkpt>
      <trkpt lat="49.170273" lon="20.077381"><ele>1935.0</ele></trkpt>
      <trkpt lat="49.170248" lon="20.077361"><ele>1935.0</ele></trkpt>
      <trkpt lat="49.170234" lon="20.077344"><ele>1934.0</ele></trkpt>
      <trkpt lat="49.170214" lon="20.077319"><ele>1933.0</ele></trkpt>
      <trkpt lat="49.170194" lon="20.077307"><ele>1933.0</ele></trkpt>
      <trkpt lat="49.170178" lon="20.077289"><ele>1933.0</ele></trkpt>
      <trkpt lat="49.170163" lon="20.077270"><ele>1933.0</ele></trkpt>
      <trkpt lat="49.170148" lon="20.077253"><ele>1933.0</ele></trkpt>
      <trkpt lat="49.170127" lon="20.077231"><ele>1933.0</ele></trkpt>
      <trkpt lat="49.170107" lon="20.077214"><ele>1933.0</ele></trkpt>
      <trkpt lat="49.170088" lon="20.077208"><ele>1933.0</ele></trkpt>
      <trkpt lat="49.170067" lon="20.077210"><ele>1933.0</ele></trkpt>
      <trkpt lat="49.170048" lon="20.077213"><ele>1933.0</ele></trkpt>
      <trkpt lat="49.170027" lon="20.077214"><ele>1933.0</ele></trkpt>
      <trkpt lat="49.170005" lon="20.077213"><ele>1933.0</ele></trkpt>
      <trkpt lat="49.169984" lon="20.077212"><ele>1934.0</ele></trkpt>
      <trkpt lat="49.169962" lon="20.077204"><ele>1934.0</ele></trkpt>
      <trkpt lat="49.169941" lon="20.077190"><ele>1934.0</ele></trkpt>
      <trkpt lat="49.169917" lon="20.077179"><ele>1933.0</ele></trkpt>
      <trkpt lat="49.169895" lon="20.077167"><ele>1933.0</ele></trkpt>
      <trkpt lat="49.169869" lon="20.077156"><ele>1932.0</ele></trkpt>
      <trkpt lat="49.169851" lon="20.077140"><ele>1932.0</ele></trkpt>
      <trkpt lat="49.169836" lon="20.077124"><ele>1932.0</ele></trkpt>
      <trkpt lat="49.169823" lon="20.077099"><ele>1934.0</ele></trkpt>
      <trkpt lat="49.169811" lon="20.077078"><ele>1933.0</ele></trkpt>
      <trkpt lat="49.169799" lon="20.077052"><ele>1934.0</ele></trkpt>
      <trkpt lat="49.169779" lon="20.077026"><ele>1933.0</ele></trkpt>
      <trkpt lat="49.169751" lon="20.077012"><ele>1933.0</ele></trkpt>
      <trkpt lat="49.169723" lon="20.077010"><ele>1933.0</ele></trkpt>
      <trkpt lat="49.169701" lon="20.077003"><ele>1934.0</ele></trkpt>
      <trkpt lat="49.169678" lon="20.076977"><ele>1934.0</ele></trkpt>
      <trkpt lat="49.169652" lon="20.076953"><ele>1932.0</ele></trkpt>
      <trkpt lat="49.169635" lon="20.076925"><ele>1931.0</ele></trkpt>
      <trkpt lat="49.169615" lon="20.076894"><ele>1931.0</ele></trkpt>
      <trkpt lat="49.169604" lon="20.076869"><ele>1932.0</ele></trkpt>
      <trkpt lat="49.169591" lon="20.076848"><ele>1931.0</ele></trkpt>
      <trkpt lat="49.169572" lon="20.076845"><ele>1930.0</ele></trkpt>
      <trkpt lat="49.169548" lon="20.076853"><ele>1930.0</ele></trkpt>
      <trkpt lat="49.169531" lon="20.076867"><ele>1930.0</ele></trkpt>
      <trkpt lat="49.169510" lon="20.076874"><ele>1929.0</ele></trkpt>
      <trkpt lat="49.169495" lon="20.076856"><ele>1928.0</ele></trkpt>
      <trkpt lat="49.169477" lon="20.076854"><ele>1928.0</ele></trkpt>
      <trkpt lat="49.169454" lon="20.076852"><ele>1927.0</ele></trkpt>
      <trkpt lat="49.169435" lon="20.076834"><ele>1926.0</ele></trkpt>
      <trkpt lat="49.169424" lon="20.076797"><ele>1925.0</ele></trkpt>
      <trkpt lat="49.169421" lon="20.076769"><ele>1925.0</ele></trkpt>
      <trkpt lat="49.169413" lon="20.076739"><ele>1925.0</ele></trkpt>
      <trkpt lat="49.169399" lon="20.076709"><ele>1924.0</ele></trkpt>
      <trkpt lat="49.169385" lon="20.076692"><ele>1923.0</ele></trkpt>
      <trkpt lat="49.169375" lon="20.076666"><ele>1923.0</ele></trkpt>
      <trkpt lat="49.169362" lon="20.076644"><ele>1923.0</ele></trkpt>
      <trkpt lat="49.169344" lon="20.076625"><ele>1923.0</ele></trkpt>
      <trkpt lat="49.169334" lon="20.076598"><ele>1922.0</ele></trkpt>
      <trkpt lat="49.169310" lon="20.076584"><ele>1922.0</ele></trkpt>
      <trkpt lat="49.169290" lon="20.076568"><ele>1922.0</ele></trkpt>
      <trkpt lat="49.169271" lon="20.076548"><ele>1921.0</ele></trkpt>
      <trkpt lat="49.169253" lon="20.076544"><ele>1921.0</ele></trkpt>
      <trkpt lat="49.169235" lon="20.076549"><ele>1920.0</ele></trkpt>
      <trkpt lat="49.169216" lon="20.076555"><ele>1918.0</ele></trkpt>
      <trkpt lat="49.169196" lon="20.076575"><ele>1917.0</ele></trkpt>
      <trkpt lat="49.169168" lon="20.076578"><ele>1917.0</ele></trkpt>
      <trkpt lat="49.169145" lon="20.076577"><ele>1917.0</ele></trkpt>
      <trkpt lat="49.169120" lon="20.076573"><ele>1916.0</ele></trkpt>
      <trkpt lat="49.169095" lon="20.076581"><ele>1915.0</ele></trkpt>
      <trkpt lat="49.169078" lon="20.076592"><ele>1916.0</ele></trkpt>
      <trkpt lat="49.169055" lon="20.076597"><ele>1916.0</ele></trkpt>
      <trkpt lat="49.169007" lon="20.076612"><ele>1916.0</ele></trkpt>
      <trkpt lat="49.168971" lon="20.076626"><ele>1916.0</ele></trkpt>
      <trkpt lat="49.168949" lon="20.076631"><ele>1918.0</ele></trkpt>
      <trkpt lat="49.168927" lon="20.076629"><ele>1914.0</ele></trkpt>
      <trkpt lat="49.168908" lon="20.076631"><ele>1914.0</ele></trkpt>
      <trkpt lat="49.168879" lon="20.076641"><ele>1914.0</ele></trkpt>
      <trkpt lat="49.168852" lon="20.076647"><ele>1914.0</ele></trkpt>
      <trkpt lat="49.168804" lon="20.076649"><ele>1914.0</ele></trkpt>
      <trkpt lat="49.168769" lon="20.076653"><ele>1914.0</ele></trkpt>
      <trkpt lat="49.168748" lon="20.076659"><ele>1913.0</ele></trkpt>
      <trkpt lat="49.168731" lon="20.076645"><ele>1913.0</ele></trkpt>
      <trkpt lat="49.168750" lon="20.076636"><ele>1912.0</ele></trkpt>
      <trkpt lat="49.168733" lon="20.076627"><ele>1912.0</ele></trkpt>
      <trkpt lat="49.168707" lon="20.076622"><ele>1912.0</ele></trkpt>
      <trkpt lat="49.168689" lon="20.076607"><ele>1912.0</ele></trkpt>
      <trkpt lat="49.168667" lon="20.076597"><ele>1912.0</ele></trkpt>
      <trkpt lat="49.168644" lon="20.076596"><ele>1911.0</ele></trkpt>
      <trkpt lat="49.168623" lon="20.076591"><ele>1911.0</ele></trkpt>
      <trkpt lat="49.168604" lon="20.076587"><ele>1911.0</ele></trkpt>
      <trkpt lat="49.168584" lon="20.076581"><ele>1911.0</ele></trkpt>
      <trkpt lat="49.168569" lon="20.076552"><ele>1908.0</ele></trkpt>
      <trkpt lat="49.168547" lon="20.076542"><ele>1907.0</ele></trkpt>
      <trkpt lat="49.168519" lon="20.076539"><ele>1906.0</ele></trkpt>
      <trkpt lat="49.168496" lon="20.076538"><ele>1906.0</ele></trkpt>
      <trkpt lat="49.168479" lon="20.076523"><ele>1906.0</ele></trkpt>
      <trkpt lat="49.168456" lon="20.076499"><ele>1905.0</ele></trkpt>
      <trkpt lat="49.168436" lon="20.076478"><ele>1905.0</ele></trkpt>
      <trkpt lat="49.168417" lon="20.076479"><ele>1905.0</ele></trkpt>
      <trkpt lat="49.168395" lon="20.076474"><ele>1905.0</ele></trkpt>
      <trkpt lat="49.168384" lon="20.076446"><ele>1904.0</ele></trkpt>
      <trkpt lat="49.168399" lon="20.076425"><ele>1904.0</ele></trkpt>
      <trkpt lat="49.168418" lon="20.076397"><ele>1903.0</ele></trkpt>
      <trkpt lat="49.168436" lon="20.076376"><ele>1902.0</ele></trkpt>
      <trkpt lat="49.168455" lon="20.076356"><ele>1902.0</ele></trkpt>
      <trkpt lat="49.168470" lon="20.076329"><ele>1901.0</ele></trkpt>
      <trkpt lat="49.168486" lon="20.076305"><ele>1900.0</ele></trkpt>
      <trkpt lat="49.168505" lon="20.076286"><ele>1900.0</ele></trkpt>
      <trkpt lat="49.168517" lon="20.076260"><ele>1899.0</ele></trkpt>
      <trkpt lat="49.168500" lon="20.076249"><ele>1899.0</ele></trkpt>
      <trkpt lat="49.168483" lon="20.076234"><ele>1899.0</ele></trkpt>
      <trkpt lat="49.168457" lon="20.076222"><ele>1898.0</ele></trkpt>
      <trkpt lat="49.168434" lon="20.076199"><ele>1898.0</ele></trkpt>
      <trkpt lat="49.168414" lon="20.076193"><ele>1897.0</ele></trkpt>
      <trkpt lat="49.168391" lon="20.076193"><ele>1897.0</ele></trkpt>
      <trkpt lat="49.168375" lon="20.076181"><ele>1896.0</ele></trkpt>
      <trkpt lat="49.168355" lon="20.076177"><ele>1895.0</ele></trkpt>
      <trkpt lat="49.168327" lon="20.076178"><ele>1895.0</ele></trkpt>
      <trkpt lat="49.168307" lon="20.076165"><ele>1895.0</ele></trkpt>
      <trkpt lat="49.168284" lon="20.076139"><ele>1894.0</ele></trkpt>
      <trkpt lat="49.168300" lon="20.076099"><ele>1893.0</ele></trkpt>
      <trkpt lat="49.168319" lon="20.076068"><ele>1893.0</ele></trkpt>
      <trkpt lat="49.168335" lon="20.076044"><ele>1893.0</ele></trkpt>
      <trkpt lat="49.168352" lon="20.076021"><ele>1892.0</ele></trkpt>
      <trkpt lat="49.168368" lon="20.076006"><ele>1892.0</ele></trkpt>
      <trkpt lat="49.168391" lon="20.075987"><ele>1892.0</ele></trkpt>
      <trkpt lat="49.168412" lon="20.075965"><ele>1893.0</ele></trkpt>
      <trkpt lat="49.168424" lon="20.075933"><ele>1892.0</ele></trkpt>
      <trkpt lat="49.168435" lon="20.075902"><ele>1893.0</ele></trkpt>
      <trkpt lat="49.168451" lon="20.075875"><ele>1893.0</ele></trkpt>
      <trkpt lat="49.168466" lon="20.075858"><ele>1892.0</ele></trkpt>
      <trkpt lat="49.168479" lon="20.075835"><ele>1892.0</ele></trkpt>
      <trkpt lat="49.168490" lon="20.075814"><ele>1892.0</ele></trkpt>
      <trkpt lat="49.168472" lon="20.075834"><ele>1891.0</ele></trkpt>
      <trkpt lat="49.168452" lon="20.075851"><ele>1890.0</ele></trkpt>
      <trkpt lat="49.168432" lon="20.075847"><ele>1889.0</ele></trkpt>
      <trkpt lat="49.168411" lon="20.075863"><ele>1888.0</ele></trkpt>
      <trkpt lat="49.168391" lon="20.075853"><ele>1889.0</ele></trkpt>
      <trkpt lat="49.168369" lon="20.075858"><ele>1888.0</ele></trkpt>
      <trkpt lat="49.168347" lon="20.075865"><ele>1888.0</ele></trkpt>
      <trkpt lat="49.168326" lon="20.075862"><ele>1887.0</ele></trkpt>
      <trkpt lat="49.168308" lon="20.075851"><ele>1886.0</ele></trkpt>
      <trkpt lat="49.168288" lon="20.075842"><ele>1886.0</ele></trkpt>
      <trkpt lat="49.168268" lon="20.075831"><ele>1885.0</ele></trkpt>
      <trkpt lat="49.168249" lon="20.075823"><ele>1884.0</ele></trkpt>
      <trkpt lat="49.168234" lon="20.075797"><ele>1885.0</ele></trkpt>
      <trkpt lat="49.168211" lon="20.075773"><ele>1884.0</ele></trkpt>
      <trkpt lat="49.168191" lon="20.075754"><ele>1884.0</ele></trkpt>
      <trkpt lat="49.168170" lon="20.075742"><ele>1882.0</ele></trkpt>
      <trkpt lat="49.168155" lon="20.075719"><ele>1882.0</ele></trkpt>
      <trkpt lat="49.168138" lon="20.075708"><ele>1881.0</ele></trkpt>
      <trkpt lat="49.168115" lon="20.075698"><ele>1881.0</ele></trkpt>
      <trkpt lat="49.168092" lon="20.075702"><ele>1880.0</ele></trkpt>
      <trkpt lat="49.168073" lon="20.075708"><ele>1880.0</ele></trkpt>
      <trkpt lat="49.168057" lon="20.075698"><ele>1879.0</ele></trkpt>
      <trkpt lat="49.168039" lon="20.075683"><ele>1879.0</ele></trkpt>
      <trkpt lat="49.168024" lon="20.075653"><ele>1878.0</ele></trkpt>
      <trkpt lat="49.167997" lon="20.075646"><ele>1877.0</ele></trkpt>
      <trkpt lat="49.167979" lon="20.075627"><ele>1877.0</ele></trkpt>
      <trkpt lat="49.167958" lon="20.075611"><ele>1876.0</ele></trkpt>
      <trkpt lat="49.167942" lon="20.075599"><ele>1876.0</ele></trkpt>
      <trkpt lat="49.167918" lon="20.075598"><ele>1876.0</ele></trkpt>
      <trkpt lat="49.167892" lon="20.075610"><ele>1876.0</ele></trkpt>
      <trkpt lat="49.167866" lon="20.075612"><ele>1875.0</ele></trkpt>
      <trkpt lat="49.167841" lon="20.075624"><ele>1874.0</ele></trkpt>
      <trkpt lat="49.167822" lon="20.075646"><ele>1873.0</ele></trkpt>
      <trkpt lat="49.167804" lon="20.075669"><ele>1873.0</ele></trkpt>
      <trkpt lat="49.167786" lon="20.075675"><ele>1873.0</ele></trkpt>
      <trkpt lat="49.167767" lon="20.075669"><ele>1871.0</ele></trkpt>
      <trkpt lat="49.167744" lon="20.075652"><ele>1872.0</ele></trkpt>
      <trkpt lat="49.167719" lon="20.075639"><ele>1871.0</ele></trkpt>
      <trkpt lat="49.167696" lon="20.075631"><ele>1871.0</ele></trkpt>
      <trkpt lat="49.167669" lon="20.075623"><ele>1871.0</ele></trkpt>
      <trkpt lat="49.167653" lon="20.075606"><ele>1871.0</ele></trkpt>
      <trkpt lat="49.167631" lon="20.075584"><ele>1869.0</ele></trkpt>
      <trkpt lat="49.167613" lon="20.075596"><ele>1869.0</ele></trkpt>
      <trkpt lat="49.167593" lon="20.075590"><ele>1869.0</ele></trkpt>
      <trkpt lat="49.167573" lon="20.075579"><ele>1869.0</ele></trkpt>
      <trkpt lat="49.167553" lon="20.075570"><ele>1868.0</ele></trkpt>
      <trkpt lat="49.167539" lon="20.075594"><ele>1869.0</ele></trkpt>
      <trkpt lat="49.167517" lon="20.075605"><ele>1869.0</ele></trkpt>
      <trkpt lat="49.167497" lon="20.075605"><ele>1867.0</ele></trkpt>
      <trkpt lat="49.167488" lon="20.075579"><ele>1867.0</ele></trkpt>
      <trkpt lat="49.167502" lon="20.075558"><ele>1867.0</ele></trkpt>
      <trkpt lat="49.167524" lon="20.075539"><ele>1867.0</ele></trkpt>
      <trkpt lat="49.167543" lon="20.075529"><ele>1866.0</ele></trkpt>
      <trkpt lat="49.167561" lon="20.075512"><ele>1866.0</ele></trkpt>
      <trkpt lat="49.167584" lon="20.075500"><ele>1865.0</ele></trkpt>
      <trkpt lat="49.167606" lon="20.075491"><ele>1865.0</ele></trkpt>
      <trkpt lat="49.167630" lon="20.075474"><ele>1864.0</ele></trkpt>
      <trkpt lat="49.167650" lon="20.075465"><ele>1864.0</ele></trkpt>
      <trkpt lat="49.167667" lon="20.075451"><ele>1864.0</ele></trkpt>
      <trkpt lat="49.167666" lon="20.075421"><ele>1862.0</ele></trkpt>
      <trkpt lat="49.167649" lon="20.075409"><ele>1862.0</ele></trkpt>
      <trkpt lat="49.167628" lon="20.075397"><ele>1860.0</ele></trkpt>
      <trkpt lat="49.167601" lon="20.075385"><ele>1860.0</ele></trkpt>
      <trkpt lat="49.167583" lon="20.075376"><ele>1860.0</ele></trkpt>
      <trkpt lat="49.167565" lon="20.075362"><ele>1860.0</ele></trkpt>
      <trkpt lat="49.167544" lon="20.075357"><ele>1859.0</ele></trkpt>
      <trkpt lat="49.167518" lon="20.075354"><ele>1858.0</ele></trkpt>
      <trkpt lat="49.167493" lon="20.075360"><ele>1858.0</ele></trkpt>
      <trkpt lat="49.167469" lon="20.075344"><ele>1857.0</ele></trkpt>
      <trkpt lat="49.167451" lon="20.075345"><ele>1856.0</ele></trkpt>
      <trkpt lat="49.167439" lon="20.075324"><ele>1855.0</ele></trkpt>
      <trkpt lat="49.167453" lon="20.075303"><ele>1854.0</ele></trkpt>
      <trkpt lat="49.167472" lon="20.075276"><ele>1854.0</ele></trkpt>
      <trkpt lat="49.167487" lon="20.075257"><ele>1854.0</ele></trkpt>
      <trkpt lat="49.167515" lon="20.075244"><ele>1853.0</ele></trkpt>
      <trkpt lat="49.167534" lon="20.075244"><ele>1853.0</ele></trkpt>
      <trkpt lat="49.167559" lon="20.075256"><ele>1853.0</ele></trkpt>
      <trkpt lat="49.167580" lon="20.075253"><ele>1853.0</ele></trkpt>
      <trkpt lat="49.167581" lon="20.075223"><ele>1853.0</ele></trkpt>
      <trkpt lat="49.167559" lon="20.075204"><ele>1852.0</ele></trkpt>
      <trkpt lat="49.167533" lon="20.075200"><ele>1851.0</ele></trkpt>
      <trkpt lat="49.167511" lon="20.075190"><ele>1851.0</ele></trkpt>
      <trkpt lat="49.167487" lon="20.075189"><ele>1851.0</ele></trkpt>
      <trkpt lat="49.167465" lon="20.075185"><ele>1851.0</ele></trkpt>
      <trkpt lat="49.167447" lon="20.075181"><ele>1851.0</ele></trkpt>
      <trkpt lat="49.167422" lon="20.075179"><ele>1850.0</ele></trkpt>
      <trkpt lat="49.167402" lon="20.075178"><ele>1850.0</ele></trkpt>
      <trkpt lat="49.167376" lon="20.075141"><ele>1848.0</ele></trkpt>
      <trkpt lat="49.167391" lon="20.075103"><ele>1848.0</ele></trkpt>
      <trkpt lat="49.167413" lon="20.075086"><ele>1847.0</ele></trkpt>
      <trkpt lat="49.167425" lon="20.075060"><ele>1847.0</ele></trkpt>
      <trkpt lat="49.167448" lon="20.075040"><ele>1847.0</ele></trkpt>
      <trkpt lat="49.167464" lon="20.075025"><ele>1846.0</ele></trkpt>
      <trkpt lat="49.167485" lon="20.075014"><ele>1846.0</ele></trkpt>
      <trkpt lat="49.167505" lon="20.075000"><ele>1845.0</ele></trkpt>
      <trkpt lat="49.167522" lon="20.074971"><ele>1845.0</ele></trkpt>
      <trkpt lat="49.167545" lon="20.074959"><ele>1844.0</ele></trkpt>
      <trkpt lat="49.167568" lon="20.074955"><ele>1844.0</ele></trkpt>
      <trkpt lat="49.167589" lon="20.074956"><ele>1844.0</ele></trkpt>
      <trkpt lat="49.167613" lon="20.074971"><ele>1843.0</ele></trkpt>
      <trkpt lat="49.167631" lon="20.074978"><ele>1843.0</ele></trkpt>
      <trkpt lat="49.167672" lon="20.074986"><ele>1843.0</ele></trkpt>
      <trkpt lat="49.167689" lon="20.074979"><ele>1843.0</ele></trkpt>
      <trkpt lat="49.167707" lon="20.074968"><ele>1843.0</ele></trkpt>
      <trkpt lat="49.167725" lon="20.074959"><ele>1843.0</ele></trkpt>
      <trkpt lat="49.167742" lon="20.074950"><ele>1843.0</ele></trkpt>
      <trkpt lat="49.167760" lon="20.074940"><ele>1842.0</ele></trkpt>
      <trkpt lat="49.167777" lon="20.074931"><ele>1842.0</ele></trkpt>
      <trkpt lat="49.167795" lon="20.074922"><ele>1842.0</ele></trkpt>
      <trkpt lat="49.167810" lon="20.074905"><ele>1842.0</ele></trkpt>
      <trkpt lat="49.167833" lon="20.074892"><ele>1841.0</ele></trkpt>
      <trkpt lat="49.167855" lon="20.074874"><ele>1841.0</ele></trkpt>
      <trkpt lat="49.167870" lon="20.074850"><ele>1840.0</ele></trkpt>
      <trkpt lat="49.167890" lon="20.074841"><ele>1840.0</ele></trkpt>
      <trkpt lat="49.167914" lon="20.074842"><ele>1839.0</ele></trkpt>
      <trkpt lat="49.167938" lon="20.074841"><ele>1839.0</ele></trkpt>
      <trkpt lat="49.167961" lon="20.074841"><ele>1838.0</ele></trkpt>
      <trkpt lat="49.167985" lon="20.074837"><ele>1838.0</ele></trkpt>
      <trkpt lat="49.168017" lon="20.074832"><ele>1838.0</ele></trkpt>
      <trkpt lat="49.168037" lon="20.074827"><ele>1837.0</ele></trkpt>
      <trkpt lat="49.168019" lon="20.074807"><ele>1836.0</ele></trkpt>
      <trkpt lat="49.167999" lon="20.074794"><ele>1836.0</ele></trkpt>
      <trkpt lat="49.167980" lon="20.074775"><ele>1836.0</ele></trkpt>
      <trkpt lat="49.167958" lon="20.074753"><ele>1834.0</ele></trkpt>
      <trkpt lat="49.167937" lon="20.074741"><ele>1834.0</ele></trkpt>
      <trkpt lat="49.167912" lon="20.074723"><ele>1834.0</ele></trkpt>
      <trkpt lat="49.167891" lon="20.074709"><ele>1833.0</ele></trkpt>
      <trkpt lat="49.167870" lon="20.074694"><ele>1833.0</ele></trkpt>
      <trkpt lat="49.167852" lon="20.074676"><ele>1833.0</ele></trkpt>
      <trkpt lat="49.167836" lon="20.074659"><ele>1833.0</ele></trkpt>
      <trkpt lat="49.167819" lon="20.074650"><ele>1833.0</ele></trkpt>
      <trkpt lat="49.167795" lon="20.074648"><ele>1833.0</ele></trkpt>
      <trkpt lat="49.167775" lon="20.074642"><ele>1832.0</ele></trkpt>
      <trkpt lat="49.167754" lon="20.074633"><ele>1831.0</ele></trkpt>
      <trkpt lat="49.167736" lon="20.074631"><ele>1831.0</ele></trkpt>
      <trkpt lat="49.167714" lon="20.074619"><ele>1830.0</ele></trkpt>
      <trkpt lat="49.167695" lon="20.074611"><ele>1830.0</ele></trkpt>
      <trkpt lat="49.167677" lon="20.074606"><ele>1828.0</ele></trkpt>
      <trkpt lat="49.167681" lon="20.074574"><ele>1828.0</ele></trkpt>
      <trkpt lat="49.167700" lon="20.074560"><ele>1827.0</ele></trkpt>
      <trkpt lat="49.167677" lon="20.074544"><ele>1826.0</ele></trkpt>
      <trkpt lat="49.167659" lon="20.074542"><ele>1826.0</ele></trkpt>
      <trkpt lat="49.167636" lon="20.074549"><ele>1826.0</ele></trkpt>
      <trkpt lat="49.167614" lon="20.074554"><ele>1824.0</ele></trkpt>
      <trkpt lat="49.167591" lon="20.074560"><ele>1824.0</ele></trkpt>
      <trkpt lat="49.167572" lon="20.074561"><ele>1823.0</ele></trkpt>
      <trkpt lat="49.167545" lon="20.074567"><ele>1823.0</ele></trkpt>
      <trkpt lat="49.167519" lon="20.074566"><ele>1823.0</ele></trkpt>
      <trkpt lat="49.167499" lon="20.074548"><ele>1823.0</ele></trkpt>
      <trkpt lat="49.167481" lon="20.074537"><ele>1823.0</ele></trkpt>
      <trkpt lat="49.167465" lon="20.074503"><ele>1823.0</ele></trkpt>
      <trkpt lat="49.167479" lon="20.074480"><ele>1822.0</ele></trkpt>
      <trkpt lat="49.167500" lon="20.074457"><ele>1822.0</ele></trkpt>
      <trkpt lat="49.167523" lon="20.074455"><ele>1820.0</ele></trkpt>
      <trkpt lat="49.167542" lon="20.074446"><ele>1819.0</ele></trkpt>
      <trkpt lat="49.167563" lon="20.074432"><ele>1819.0</ele></trkpt>
      <trkpt lat="49.167578" lon="20.074413"><ele>1819.0</ele></trkpt>
      <trkpt lat="49.167595" lon="20.074392"><ele>1819.0</ele></trkpt>
      <trkpt lat="49.167615" lon="20.074370"><ele>1818.0</ele></trkpt>
      <trkpt lat="49.167630" lon="20.074350"><ele>1818.0</ele></trkpt>
      <trkpt lat="49.167646" lon="20.074338"><ele>1817.0</ele></trkpt>
      <trkpt lat="49.167660" lon="20.074318"><ele>1817.0</ele></trkpt>
      <trkpt lat="49.167679" lon="20.074303"><ele>1817.0</ele></trkpt>
      <trkpt lat="49.167695" lon="20.074275"><ele>1816.0</ele></trkpt>
      <trkpt lat="49.167706" lon="20.074252"><ele>1815.0</ele></trkpt>
      <trkpt lat="49.167725" lon="20.074234"><ele>1816.0</ele></trkpt>
      <trkpt lat="49.167743" lon="20.074208"><ele>1815.0</ele></trkpt>
      <trkpt lat="49.167748" lon="20.074180"><ele>1813.0</ele></trkpt>
      <trkpt lat="49.167730" lon="20.074164"><ele>1812.0</ele></trkpt>
      <trkpt lat="49.167704" lon="20.074151"><ele>1812.0</ele></trkpt>
      <trkpt lat="49.167685" lon="20.074125"><ele>1811.0</ele></trkpt>
      <trkpt lat="49.167690" lon="20.074091"><ele>1810.0</ele></trkpt>
      <trkpt lat="49.167709" lon="20.074072"><ele>1811.0</ele></trkpt>
      <trkpt lat="49.167728" lon="20.074067"><ele>1811.0</ele></trkpt>
      <trkpt lat="49.167751" lon="20.074043"><ele>1810.0</ele></trkpt>
      <trkpt lat="49.167768" lon="20.074030"><ele>1809.0</ele></trkpt>
      <trkpt lat="49.167788" lon="20.074025"><ele>1810.0</ele></trkpt>
      <trkpt lat="49.167809" lon="20.074017"><ele>1810.0</ele></trkpt>
      <trkpt lat="49.167828" lon="20.074014"><ele>1809.0</ele></trkpt>
      <trkpt lat="49.167858" lon="20.074007"><ele>1809.0</ele></trkpt>
      <trkpt lat="49.167886" lon="20.074000"><ele>1809.0</ele></trkpt>
      <trkpt lat="49.167914" lon="20.074000"><ele>1808.0</ele></trkpt>
      <trkpt lat="49.167939" lon="20.074003"><ele>1808.0</ele></trkpt>
      <trkpt lat="49.167961" lon="20.074005"><ele>1808.0</ele></trkpt>
      <trkpt lat="49.167984" lon="20.074010"><ele>1808.0</ele></trkpt>
      <trkpt lat="49.168003" lon="20.074007"><ele>1808.0</ele></trkpt>
      <trkpt lat="49.168022" lon="20.074010"><ele>1808.0</ele></trkpt>
      <trkpt lat="49.168042" lon="20.074017"><ele>1807.0</ele></trkpt>
      <trkpt lat="49.168064" lon="20.074026"><ele>1806.0</ele></trkpt>
      <trkpt lat="49.168092" lon="20.074031"><ele>1806.0</ele></trkpt>
      <trkpt lat="49.168113" lon="20.074048"><ele>1805.0</ele></trkpt>
      <trkpt lat="49.168132" lon="20.074056"><ele>1806.0</ele></trkpt>
      <trkpt lat="49.168157" lon="20.074066"><ele>1807.0</ele></trkpt>
      <trkpt lat="49.168185" lon="20.074069"><ele>1807.0</ele></trkpt>
      <trkpt lat="49.168213" lon="20.074068"><ele>1806.0</ele></trkpt>
      <trkpt lat="49.168232" lon="20.074051"><ele>1807.0</ele></trkpt>
      <trkpt lat="49.168230" lon="20.074017"><ele>1805.0</ele></trkpt>
      <trkpt lat="49.168215" lon="20.074001"><ele>1804.0</ele></trkpt>
      <trkpt lat="49.168214" lon="20.073971"><ele>1804.0</ele></trkpt>
      <trkpt lat="49.168222" lon="20.073933"><ele>1804.0</ele></trkpt>
      <trkpt lat="49.168236" lon="20.073900"><ele>1804.0</ele></trkpt>
      <trkpt lat="49.168241" lon="20.073873"><ele>1802.0</ele></trkpt>
      <trkpt lat="49.168250" lon="20.073846"><ele>1801.0</ele></trkpt>
      <trkpt lat="49.168256" lon="20.073818"><ele>1801.0</ele></trkpt>
      <trkpt lat="49.168259" lon="20.073787"><ele>1800.0</ele></trkpt>
      <trkpt lat="49.168247" lon="20.073765"><ele>1800.0</ele></trkpt>
      <trkpt lat="49.168225" lon="20.073748"><ele>1800.0</ele></trkpt>
      <trkpt lat="49.168197" lon="20.073737"><ele>1800.0</ele></trkpt>
      <trkpt lat="49.168177" lon="20.073718"><ele>1800.0</ele></trkpt>
      <trkpt lat="49.168158" lon="20.073708"><ele>1799.0</ele></trkpt>
      <trkpt lat="49.168143" lon="20.073676"><ele>1799.0</ele></trkpt>
      <trkpt lat="49.168131" lon="20.073640"><ele>1798.0</ele></trkpt>
      <trkpt lat="49.168125" lon="20.073609"><ele>1797.0</ele></trkpt>
      <trkpt lat="49.168113" lon="20.073587"><ele>1796.0</ele></trkpt>
      <trkpt lat="49.168089" lon="20.073569"><ele>1795.0</ele></trkpt>
      <trkpt lat="49.168070" lon="20.073545"><ele>1794.0</ele></trkpt>
      <trkpt lat="49.168055" lon="20.073524"><ele>1794.0</ele></trkpt>
      <trkpt lat="49.168042" lon="20.073501"><ele>1794.0</ele></trkpt>
      <trkpt lat="49.168033" lon="20.073474"><ele>1794.0</ele></trkpt>
      <trkpt lat="49.168025" lon="20.073445"><ele>1794.0</ele></trkpt>
      <trkpt lat="49.168010" lon="20.073412"><ele>1794.0</ele></trkpt>
      <trkpt lat="49.168000" lon="20.073386"><ele>1793.0</ele></trkpt>
      <trkpt lat="49.167987" lon="20.073353"><ele>1792.0</ele></trkpt>
      <trkpt lat="49.167979" lon="20.073322"><ele>1791.0</ele></trkpt>
      <trkpt lat="49.167960" lon="20.073294"><ele>1791.0</ele></trkpt>
      <trkpt lat="49.167941" lon="20.073275"><ele>1791.0</ele></trkpt>
      <trkpt lat="49.167918" lon="20.073274"><ele>1790.0</ele></trkpt>
      <trkpt lat="49.167899" lon="20.073283"><ele>1789.0</ele></trkpt>
      <trkpt lat="49.167875" lon="20.073290"><ele>1789.0</ele></trkpt>
      <trkpt lat="49.167844" lon="20.073307"><ele>1789.0</ele></trkpt>
      <trkpt lat="49.167823" lon="20.073310"><ele>1788.0</ele></trkpt>
      <trkpt lat="49.167787" lon="20.073313"><ele>1787.0</ele></trkpt>
      <trkpt lat="49.167770" lon="20.073303"><ele>1787.0</ele></trkpt>
      <trkpt lat="49.167749" lon="20.073287"><ele>1787.0</ele></trkpt>
      <trkpt lat="49.167732" lon="20.073278"><ele>1786.0</ele></trkpt>
      <trkpt lat="49.167713" lon="20.073262"><ele>1786.0</ele></trkpt>
      <trkpt lat="49.167693" lon="20.073250"><ele>1785.0</ele></trkpt>
      <trkpt lat="49.167673" lon="20.073244"><ele>1785.0</ele></trkpt>
      <trkpt lat="49.167652" lon="20.073246"><ele>1784.0</ele></trkpt>
      <trkpt lat="49.167631" lon="20.073234"><ele>1784.0</ele></trkpt>
      <trkpt lat="49.167610" lon="20.073229"><ele>1783.0</ele></trkpt>
      <trkpt lat="49.167591" lon="20.073239"><ele>1782.0</ele></trkpt>
      <trkpt lat="49.167560" lon="20.073265"><ele>1782.0</ele></trkpt>
      <trkpt lat="49.167535" lon="20.073270"><ele>1782.0</ele></trkpt>
      <trkpt lat="49.167503" lon="20.073278"><ele>1782.0</ele></trkpt>
      <trkpt lat="49.167471" lon="20.073295"><ele>1781.0</ele></trkpt>
      <trkpt lat="49.167452" lon="20.073293"><ele>1780.0</ele></trkpt>
      <trkpt lat="49.167430" lon="20.073296"><ele>1780.0</ele></trkpt>
      <trkpt lat="49.167412" lon="20.073264"><ele>1779.0</ele></trkpt>
      <trkpt lat="49.167401" lon="20.073230"><ele>1778.0</ele></trkpt>
      <trkpt lat="49.167391" lon="20.073204"><ele>1777.0</ele></trkpt>
      <trkpt lat="49.167394" lon="20.073167"><ele>1776.0</ele></trkpt>
      <trkpt lat="49.167391" lon="20.073133"><ele>1776.0</ele></trkpt>
      <trkpt lat="49.167400" lon="20.073100"><ele>1775.0</ele></trkpt>
      <trkpt lat="49.167396" lon="20.073065"><ele>1774.0</ele></trkpt>
      <trkpt lat="49.167404" lon="20.073040"><ele>1773.0</ele></trkpt>
      <trkpt lat="49.167395" lon="20.073069"><ele>1772.0</ele></trkpt>
      <trkpt lat="49.167397" lon="20.073034"><ele>1772.0</ele></trkpt>
      <trkpt lat="49.167377" lon="20.073025"><ele>1771.0</ele></trkpt>
      <trkpt lat="49.167355" lon="20.073022"><ele>1770.0</ele></trkpt>
      <trkpt lat="49.167333" lon="20.073027"><ele>1770.0</ele></trkpt>
      <trkpt lat="49.167313" lon="20.073037"><ele>1770.0</ele></trkpt>
      <trkpt lat="49.167295" lon="20.073051"><ele>1770.0</ele></trkpt>
      <trkpt lat="49.167272" lon="20.073063"><ele>1769.0</ele></trkpt>
      <trkpt lat="49.167250" lon="20.073058"><ele>1769.0</ele></trkpt>
      <trkpt lat="49.167227" lon="20.073054"><ele>1768.0</ele></trkpt>
      <trkpt lat="49.167227" lon="20.073014"><ele>1768.0</ele></trkpt>
      <trkpt lat="49.167236" lon="20.072988"><ele>1768.0</ele></trkpt>
      <trkpt lat="49.167247" lon="20.072963"><ele>1768.0</ele></trkpt>
      <trkpt lat="49.167261" lon="20.072927"><ele>1768.0</ele></trkpt>
      <trkpt lat="49.167270" lon="20.072889"><ele>1767.0</ele></trkpt>
      <trkpt lat="49.167280" lon="20.072850"><ele>1767.0</ele></trkpt>
      <trkpt lat="49.167297" lon="20.072803"><ele>1766.0</ele></trkpt>
      <trkpt lat="49.167283" lon="20.072786"><ele>1765.0</ele></trkpt>
      <trkpt lat="49.167264" lon="20.072767"><ele>1764.0</ele></trkpt>
      <trkpt lat="49.167240" lon="20.072749"><ele>1763.0</ele></trkpt>
      <trkpt lat="49.167218" lon="20.072725"><ele>1763.0</ele></trkpt>
      <trkpt lat="49.167207" lon="20.072691"><ele>1762.0</ele></trkpt>
      <trkpt lat="49.167192" lon="20.072674"><ele>1760.0</ele></trkpt>
      <trkpt lat="49.167176" lon="20.072660"><ele>1759.0</ele></trkpt>
      <trkpt lat="49.167161" lon="20.072638"><ele>1758.0</ele></trkpt>
      <trkpt lat="49.167156" lon="20.072604"><ele>1758.0</ele></trkpt>
      <trkpt lat="49.167128" lon="20.072601"><ele>1757.0</ele></trkpt>
      <trkpt lat="49.167112" lon="20.072586"><ele>1757.0</ele></trkpt>
      <trkpt lat="49.167095" lon="20.072567"><ele>1754.0</ele></trkpt>
      <trkpt lat="49.167095" lon="20.072531"><ele>1754.0</ele></trkpt>
      <trkpt lat="49.167088" lon="20.072503"><ele>1754.0</ele></trkpt>
      <trkpt lat="49.167072" lon="20.072513"><ele>1753.0</ele></trkpt>
      <trkpt lat="49.167056" lon="20.072523"><ele>1752.0</ele></trkpt>
      <trkpt lat="49.167034" lon="20.072484"><ele>1751.0</ele></trkpt>
      <trkpt lat="49.167010" lon="20.072483"><ele>1751.0</ele></trkpt>
      <trkpt lat="49.166993" lon="20.072475"><ele>1749.0</ele></trkpt>
      <trkpt lat="49.166967" lon="20.072467"><ele>1748.0</ele></trkpt>
      <trkpt lat="49.166942" lon="20.072461"><ele>1747.0</ele></trkpt>
      <trkpt lat="49.166922" lon="20.072448"><ele>1747.0</ele></trkpt>
      <trkpt lat="49.166903" lon="20.072434"><ele>1747.0</ele></trkpt>
      <trkpt lat="49.166884" lon="20.072413"><ele>1746.0</ele></trkpt>
      <trkpt lat="49.166863" lon="20.072385"><ele>1744.0</ele></trkpt>
      <trkpt lat="49.166846" lon="20.072372"><ele>1744.0</ele></trkpt>
      <trkpt lat="49.166827" lon="20.072363"><ele>1744.0</ele></trkpt>
      <trkpt lat="49.166808" lon="20.072358"><ele>1743.0</ele></trkpt>
      <trkpt lat="49.166784" lon="20.072342"><ele>1742.0</ele></trkpt>
      <trkpt lat="49.166765" lon="20.072327"><ele>1742.0</ele></trkpt>
      <trkpt lat="49.166744" lon="20.072315"><ele>1740.0</ele></trkpt>
      <trkpt lat="49.166721" lon="20.072307"><ele>1739.0</ele></trkpt>
      <trkpt lat="49.166698" lon="20.072296"><ele>1739.0</ele></trkpt>
      <trkpt lat="49.166680" lon="20.072273"><ele>1739.0</ele></trkpt>
      <trkpt lat="49.166676" lon="20.072244"><ele>1738.0</ele></trkpt>
      <trkpt lat="49.166662" lon="20.072210"><ele>1737.0</ele></trkpt>
      <trkpt lat="49.166652" lon="20.072177"><ele>1737.0</ele></trkpt>
      <trkpt lat="49.166633" lon="20.072155"><ele>1735.0</ele></trkpt>
      <trkpt lat="49.166607" lon="20.072147"><ele>1735.0</ele></trkpt>
      <trkpt lat="49.166591" lon="20.072168"><ele>1735.0</ele></trkpt>
      <trkpt lat="49.166572" lon="20.072182"><ele>1735.0</ele></trkpt>
      <trkpt lat="49.166560" lon="20.072212"><ele>1734.0</ele></trkpt>
      <trkpt lat="49.166547" lon="20.072233"><ele>1734.0</ele></trkpt>
      <trkpt lat="49.166534" lon="20.072254"><ele>1734.0</ele></trkpt>
      <trkpt lat="49.166521" lon="20.072275"><ele>1733.0</ele></trkpt>
      <trkpt lat="49.166522" lon="20.072304"><ele>1733.0</ele></trkpt>
      <trkpt lat="49.166515" lon="20.072334"><ele>1733.0</ele></trkpt>
      <trkpt lat="49.166498" lon="20.072370"><ele>1732.0</ele></trkpt>
      <trkpt lat="49.166482" lon="20.072418"><ele>1731.0</ele></trkpt>
      <trkpt lat="49.166463" lon="20.072461"><ele>1731.0</ele></trkpt>
      <trkpt lat="49.166449" lon="20.072483"><ele>1731.0</ele></trkpt>
      <trkpt lat="49.166430" lon="20.072489"><ele>1731.0</ele></trkpt>
      <trkpt lat="49.166411" lon="20.072503"><ele>1731.0</ele></trkpt>
      <trkpt lat="49.166392" lon="20.072516"><ele>1731.0</ele></trkpt>
      <trkpt lat="49.166369" lon="20.072543"><ele>1731.0</ele></trkpt>
      <trkpt lat="49.166340" lon="20.072571"><ele>1731.0</ele></trkpt>
      <trkpt lat="49.166327" lon="20.072591"><ele>1729.0</ele></trkpt>
      <trkpt lat="49.166310" lon="20.072583"><ele>1728.0</ele></trkpt>
      <trkpt lat="49.166307" lon="20.072556"><ele>1727.0</ele></trkpt>
      <trkpt lat="49.166309" lon="20.072524"><ele>1728.0</ele></trkpt>
      <trkpt lat="49.166308" lon="20.072493"><ele>1727.0</ele></trkpt>
      <trkpt lat="49.166297" lon="20.072471"><ele>1728.0</ele></trkpt>
      <trkpt lat="49.166288" lon="20.072445"><ele>1727.0</ele></trkpt>
      <trkpt lat="49.166273" lon="20.072475"><ele>1727.0</ele></trkpt>
      <trkpt lat="49.166258" lon="20.072495"><ele>1726.0</ele></trkpt>
      <trkpt lat="49.166242" lon="20.072511"><ele>1726.0</ele></trkpt>
      <trkpt lat="49.166226" lon="20.072536"><ele>1725.0</ele></trkpt>
      <trkpt lat="49.166221" lon="20.072566"><ele>1724.0</ele></trkpt>
      <trkpt lat="49.166208" lon="20.072607"><ele>1722.0</ele></trkpt>
      <trkpt lat="49.166203" lon="20.072636"><ele>1722.0</ele></trkpt>
      <trkpt lat="49.166193" lon="20.072662"><ele>1721.0</ele></trkpt>
      <trkpt lat="49.166180" lon="20.072685"><ele>1721.0</ele></trkpt>
      <trkpt lat="49.166158" lon="20.072701"><ele>1721.0</ele></trkpt>
      <trkpt lat="49.166143" lon="20.072712"><ele>1720.0</ele></trkpt>
      <trkpt lat="49.166129" lon="20.072722"><ele>1719.0</ele></trkpt>
      <trkpt lat="49.166114" lon="20.072733"><ele>1719.0</ele></trkpt>
      <trkpt lat="49.166099" lon="20.072759"><ele>1718.0</ele></trkpt>
      <trkpt lat="49.166082" lon="20.072775"><ele>1718.0</ele></trkpt>
      <trkpt lat="49.166065" lon="20.072801"><ele>1718.0</ele></trkpt>
      <trkpt lat="49.166053" lon="20.072826"><ele>1718.0</ele></trkpt>
      <trkpt lat="49.166040" lon="20.072851"><ele>1717.0</ele></trkpt>
      <trkpt lat="49.166022" lon="20.072873"><ele>1716.0</ele></trkpt>
      <trkpt lat="49.165998" lon="20.072892"><ele>1715.0</ele></trkpt>
      <trkpt lat="49.165987" lon="20.072927"><ele>1715.0</ele></trkpt>
      <trkpt lat="49.165979" lon="20.072953"><ele>1715.0</ele></trkpt>
      <trkpt lat="49.165969" lon="20.072978"><ele>1715.0</ele></trkpt>
      <trkpt lat="49.165955" lon="20.073008"><ele>1714.0</ele></trkpt>
      <trkpt lat="49.165944" lon="20.073033"><ele>1714.0</ele></trkpt>
      <trkpt lat="49.165932" lon="20.073056"><ele>1714.0</ele></trkpt>
      <trkpt lat="49.165912" lon="20.073066"><ele>1715.0</ele></trkpt>
      <trkpt lat="49.165897" lon="20.073081"><ele>1714.0</ele></trkpt>
      <trkpt lat="49.165882" lon="20.073096"><ele>1713.0</ele></trkpt>
      <trkpt lat="49.165863" lon="20.073131"><ele>1713.0</ele></trkpt>
      <trkpt lat="49.165852" lon="20.073167"><ele>1713.0</ele></trkpt>
      <trkpt lat="49.165841" lon="20.073196"><ele>1712.0</ele></trkpt>
      <trkpt lat="49.165833" lon="20.073226"><ele>1712.0</ele></trkpt>
      <trkpt lat="49.165822" lon="20.073250"><ele>1713.0</ele></trkpt>
      <trkpt lat="49.165795" lon="20.073286"><ele>1712.0</ele></trkpt>
      <trkpt lat="49.165777" lon="20.073308"><ele>1711.0</ele></trkpt>
      <trkpt lat="49.165762" lon="20.073331"><ele>1710.0</ele></trkpt>
      <trkpt lat="49.165750" lon="20.073354"><ele>1710.0</ele></trkpt>
      <trkpt lat="49.165742" lon="20.073382"><ele>1709.0</ele></trkpt>
      <trkpt lat="49.165720" lon="20.073407"><ele>1708.0</ele></trkpt>
      <trkpt lat="49.165703" lon="20.073430"><ele>1708.0</ele></trkpt>
      <trkpt lat="49.165680" lon="20.073441"><ele>1706.0</ele></trkpt>
      <trkpt lat="49.165653" lon="20.073452"><ele>1706.0</ele></trkpt>
      <trkpt lat="49.165637" lon="20.073469"><ele>1707.0</ele></trkpt>
      <trkpt lat="49.165617" lon="20.073493"><ele>1706.0</ele></trkpt>
      <trkpt lat="49.165598" lon="20.073513"><ele>1706.0</ele></trkpt>
      <trkpt lat="49.165579" lon="20.073524"><ele>1706.0</ele></trkpt>
      <trkpt lat="49.165558" lon="20.073556"><ele>1706.0</ele></trkpt>
      <trkpt lat="49.165539" lon="20.073585"><ele>1705.0</ele></trkpt>
      <trkpt lat="49.165525" lon="20.073602"><ele>1705.0</ele></trkpt>
      <trkpt lat="49.165511" lon="20.073620"><ele>1705.0</ele></trkpt>
      <trkpt lat="49.165497" lon="20.073637"><ele>1705.0</ele></trkpt>
      <trkpt lat="49.165475" lon="20.073633"><ele>1705.0</ele></trkpt>
      <trkpt lat="49.165464" lon="20.073646"><ele>1704.0</ele></trkpt>
      <trkpt lat="49.165449" lon="20.073665"><ele>1704.0</ele></trkpt>
      <trkpt lat="49.165433" lon="20.073683"><ele>1703.0</ele></trkpt>
      <trkpt lat="49.165422" lon="20.073696"><ele>1702.0</ele></trkpt>
      <trkpt lat="49.165403" lon="20.073708"><ele>1703.0</ele></trkpt>
      <trkpt lat="49.165383" lon="20.073708"><ele>1702.0</ele></trkpt>
      <trkpt lat="49.165359" lon="20.073706"><ele>1700.0</ele></trkpt>
      <trkpt lat="49.165339" lon="20.073707"><ele>1700.0</ele></trkpt>
      <trkpt lat="49.165319" lon="20.073717"><ele>1700.0</ele></trkpt>
      <trkpt lat="49.165299" lon="20.073713"><ele>1700.0</ele></trkpt>
      <trkpt lat="49.165297" lon="20.073685"><ele>1699.0</ele></trkpt>
      <trkpt lat="49.165316" lon="20.073668"><ele>1698.0</ele></trkpt>
      <trkpt lat="49.165336" lon="20.073643"><ele>1698.0</ele></trkpt>
      <trkpt lat="49.165347" lon="20.073615"><ele>1697.0</ele></trkpt>
      <trkpt lat="49.165354" lon="20.073579"><ele>1697.0</ele></trkpt>
      <trkpt lat="49.165370" lon="20.073547"><ele>1696.0</ele></trkpt>
      <trkpt lat="49.165385" lon="20.073526"><ele>1696.0</ele></trkpt>
      <trkpt lat="49.165401" lon="20.073510"><ele>1696.0</ele></trkpt>
      <trkpt lat="49.165422" lon="20.073490"><ele>1696.0</ele></trkpt>
      <trkpt lat="49.165435" lon="20.073465"><ele>1697.0</ele></trkpt>
      <trkpt lat="49.165450" lon="20.073443"><ele>1697.0</ele></trkpt>
      <trkpt lat="49.165463" lon="20.073420"><ele>1697.0</ele></trkpt>
      <trkpt lat="49.165475" lon="20.073398"><ele>1696.0</ele></trkpt>
      <trkpt lat="49.165486" lon="20.073375"><ele>1696.0</ele></trkpt>
      <trkpt lat="49.165498" lon="20.073345"><ele>1696.0</ele></trkpt>
      <trkpt lat="49.165503" lon="20.073312"><ele>1695.0</ele></trkpt>
      <trkpt lat="49.165513" lon="20.073285"><ele>1695.0</ele></trkpt>
      <trkpt lat="49.165527" lon="20.073250"><ele>1695.0</ele></trkpt>
      <trkpt lat="49.165534" lon="20.073225"><ele>1695.0</ele></trkpt>
      <trkpt lat="49.165546" lon="20.073193"><ele>1695.0</ele></trkpt>
      <trkpt lat="49.165561" lon="20.073162"><ele>1695.0</ele></trkpt>
      <trkpt lat="49.165574" lon="20.073126"><ele>1694.0</ele></trkpt>
      <trkpt lat="49.165580" lon="20.073093"><ele>1694.0</ele></trkpt>
      <trkpt lat="49.165595" lon="20.073058"><ele>1693.0</ele></trkpt>
      <trkpt lat="49.165605" lon="20.073031"><ele>1693.0</ele></trkpt>
      <trkpt lat="49.165614" lon="20.073004"><ele>1693.0</ele></trkpt>
      <trkpt lat="49.165618" lon="20.072972"><ele>1692.0</ele></trkpt>
      <trkpt lat="49.165608" lon="20.072940"><ele>1692.0</ele></trkpt>
      <trkpt lat="49.165608" lon="20.072907"><ele>1691.0</ele></trkpt>
      <trkpt lat="49.165598" lon="20.072875"><ele>1690.0</ele></trkpt>
      <trkpt lat="49.165584" lon="20.072846"><ele>1690.0</ele></trkpt>
      <trkpt lat="49.165578" lon="20.072814"><ele>1690.0</ele></trkpt>
      <trkpt lat="49.165569" lon="20.072783"><ele>1690.0</ele></trkpt>
      <trkpt lat="49.165562" lon="20.072749"><ele>1690.0</ele></trkpt>
      <trkpt lat="49.165552" lon="20.072718"><ele>1690.0</ele></trkpt>
      <trkpt lat="49.165530" lon="20.072715"><ele>1688.0</ele></trkpt>
      <trkpt lat="49.165510" lon="20.072702"><ele>1688.0</ele></trkpt>
      <trkpt lat="49.165502" lon="20.072669"><ele>1688.0</ele></trkpt>
      <trkpt lat="49.165502" lon="20.072641"><ele>1688.0</ele></trkpt>
      <trkpt lat="49.165511" lon="20.072611"><ele>1687.0</ele></trkpt>
      <trkpt lat="49.165526" lon="20.072586"><ele>1687.0</ele></trkpt>
      <trkpt lat="49.165537" lon="20.072561"><ele>1687.0</ele></trkpt>
      <trkpt lat="49.165546" lon="20.072534"><ele>1687.0</ele></trkpt>
      <trkpt lat="49.165546" lon="20.072505"><ele>1687.0</ele></trkpt>
      <trkpt lat="49.165531" lon="20.072477"><ele>1687.0</ele></trkpt>
      <trkpt lat="49.165526" lon="20.072443"><ele>1687.0</ele></trkpt>
      <trkpt lat="49.165514" lon="20.072410"><ele>1687.0</ele></trkpt>
      <trkpt lat="49.165513" lon="20.072379"><ele>1686.0</ele></trkpt>
      <trkpt lat="49.165516" lon="20.072349"><ele>1686.0</ele></trkpt>
      <trkpt lat="49.165518" lon="20.072321"><ele>1685.0</ele></trkpt>
      <trkpt lat="49.165516" lon="20.072290"><ele>1685.0</ele></trkpt>
      <trkpt lat="49.165521" lon="20.072263"><ele>1684.0</ele></trkpt>
      <trkpt lat="49.165534" lon="20.072236"><ele>1685.0</ele></trkpt>
      <trkpt lat="49.165539" lon="20.072201"><ele>1684.0</ele></trkpt>
      <trkpt lat="49.165555" lon="20.072175"><ele>1684.0</ele></trkpt>
      <trkpt lat="49.165571" lon="20.072147"><ele>1684.0</ele></trkpt>
      <trkpt lat="49.165588" lon="20.072122"><ele>1684.0</ele></trkpt>
      <trkpt lat="49.165597" lon="20.072092"><ele>1684.0</ele></trkpt>
      <trkpt lat="49.165601" lon="20.072054"><ele>1684.0</ele></trkpt>
      <trkpt lat="49.165603" lon="20.072017"><ele>1684.0</ele></trkpt>
      <trkpt lat="49.165604" lon="20.071981"><ele>1684.0</ele></trkpt>
      <trkpt lat="49.165599" lon="20.071951"><ele>1683.0</ele></trkpt>
      <trkpt lat="49.165574" lon="20.071949"><ele>1683.0</ele></trkpt>
      <trkpt lat="49.165556" lon="20.071937"><ele>1683.0</ele></trkpt>
      <trkpt lat="49.165539" lon="20.071925"><ele>1682.0</ele></trkpt>
      <trkpt lat="49.165524" lon="20.071904"><ele>1681.0</ele></trkpt>
      <trkpt lat="49.165522" lon="20.071875"><ele>1681.0</ele></trkpt>
      <trkpt lat="49.165534" lon="20.071841"><ele>1680.0</ele></trkpt>
      <trkpt lat="49.165527" lon="20.071805"><ele>1679.0</ele></trkpt>
      <trkpt lat="49.165513" lon="20.071778"><ele>1678.0</ele></trkpt>
      <trkpt lat="49.165497" lon="20.071749"><ele>1678.0</ele></trkpt>
      <trkpt lat="49.165480" lon="20.071732"><ele>1678.0</ele></trkpt>
      <trkpt lat="49.165457" lon="20.071724"><ele>1678.0</ele></trkpt>
      <trkpt lat="49.165439" lon="20.071714"><ele>1677.0</ele></trkpt>
      <trkpt lat="49.165420" lon="20.071702"><ele>1677.0</ele></trkpt>
      <trkpt lat="49.165400" lon="20.071692"><ele>1675.0</ele></trkpt>
      <trkpt lat="49.165381" lon="20.071676"><ele>1675.0</ele></trkpt>
      <trkpt lat="49.165362" lon="20.071665"><ele>1675.0</ele></trkpt>
      <trkpt lat="49.165342" lon="20.071667"><ele>1675.0</ele></trkpt>
      <trkpt lat="49.165324" lon="20.071662"><ele>1675.0</ele></trkpt>
      <trkpt lat="49.165306" lon="20.071651"><ele>1674.0</ele></trkpt>
      <trkpt lat="49.165288" lon="20.071645"><ele>1674.0</ele></trkpt>
      <trkpt lat="49.165268" lon="20.071641"><ele>1674.0</ele></trkpt>
      <trkpt lat="49.165245" lon="20.071624"><ele>1673.0</ele></trkpt>
      <trkpt lat="49.165228" lon="20.071605"><ele>1672.0</ele></trkpt>
      <trkpt lat="49.165208" lon="20.071595"><ele>1672.0</ele></trkpt>
      <trkpt lat="49.165195" lon="20.071615"><ele>1672.0</ele></trkpt>
      <trkpt lat="49.165184" lon="20.071588"><ele>1672.0</ele></trkpt>
      <trkpt lat="49.165157" lon="20.071552"><ele>1671.0</ele></trkpt>
      <trkpt lat="49.165141" lon="20.071531"><ele>1671.0</ele></trkpt>
      <trkpt lat="49.165118" lon="20.071523"><ele>1671.0</ele></trkpt>
      <trkpt lat="49.165096" lon="20.071506"><ele>1671.0</ele></trkpt>
      <trkpt lat="49.165088" lon="20.071466"><ele>1670.0</ele></trkpt>
      <trkpt lat="49.165081" lon="20.071432"><ele>1670.0</ele></trkpt>
      <trkpt lat="49.165070" lon="20.071409"><ele>1670.0</ele></trkpt>
      <trkpt lat="49.165057" lon="20.071375"><ele>1669.0</ele></trkpt>
      <trkpt lat="49.165039" lon="20.071354"><ele>1669.0</ele></trkpt>
      <trkpt lat="49.165014" lon="20.071343"><ele>1669.0</ele></trkpt>
      <trkpt lat="49.164984" lon="20.071326"><ele>1669.0</ele></trkpt>
      <trkpt lat="49.164964" lon="20.071300"><ele>1669.0</ele></trkpt>
      <trkpt lat="49.164957" lon="20.071268"><ele>1669.0</ele></trkpt>
      <trkpt lat="49.164949" lon="20.071228"><ele>1667.0</ele></trkpt>
      <trkpt lat="49.164945" lon="20.071195"><ele>1667.0</ele></trkpt>
      <trkpt lat="49.164928" lon="20.071168"><ele>1667.0</ele></trkpt>
      <trkpt lat="49.164918" lon="20.071135"><ele>1667.0</ele></trkpt>
      <trkpt lat="49.164914" lon="20.071103"><ele>1667.0</ele></trkpt>
      <trkpt lat="49.164912" lon="20.071061"><ele>1667.0</ele></trkpt>
      <trkpt lat="49.164912" lon="20.071023"><ele>1667.0</ele></trkpt>
      <trkpt lat="49.164907" lon="20.070995"><ele>1667.0</ele></trkpt>
      <trkpt lat="49.164901" lon="20.070967"><ele>1667.0</ele></trkpt>
      <trkpt lat="49.164885" lon="20.070950"><ele>1666.0</ele></trkpt>
      <trkpt lat="49.164870" lon="20.070935"><ele>1666.0</ele></trkpt>
      <trkpt lat="49.164854" lon="20.070907"><ele>1666.0</ele></trkpt>
      <trkpt lat="49.164836" lon="20.070887"><ele>1665.0</ele></trkpt>
      <trkpt lat="49.164820" lon="20.070885"><ele>1665.0</ele></trkpt>
      <trkpt lat="49.164803" lon="20.070883"><ele>1665.0</ele></trkpt>
      <trkpt lat="49.164787" lon="20.070880"><ele>1665.0</ele></trkpt>
      <trkpt lat="49.164770" lon="20.070878"><ele>1663.0</ele></trkpt>
      <trkpt lat="49.164754" lon="20.070876"><ele>1664.0</ele></trkpt>
      <trkpt lat="49.164737" lon="20.070874"><ele>1664.0</ele></trkpt>
      <trkpt lat="49.164712" lon="20.070878"><ele>1664.0</ele></trkpt>
      <trkpt lat="49.164688" lon="20.070881"><ele>1664.0</ele></trkpt>
      <trkpt lat="49.164663" lon="20.070885"><ele>1664.0</ele></trkpt>
      <trkpt lat="49.164616" lon="20.070864"><ele>1664.0</ele></trkpt>
      <trkpt lat="49.164597" lon="20.070864"><ele>1663.0</ele></trkpt>
      <trkpt lat="49.164577" lon="20.070864"><ele>1664.0</ele></trkpt>
      <trkpt lat="49.164545" lon="20.070859"><ele>1663.0</ele></trkpt>
      <trkpt lat="49.164518" lon="20.070852"><ele>1663.0</ele></trkpt>
      <trkpt lat="49.164498" lon="20.070852"><ele>1663.0</ele></trkpt>
      <trkpt lat="49.164485" lon="20.070903"><ele>1664.0</ele></trkpt>
      <trkpt lat="49.164467" lon="20.070929"><ele>1664.0</ele></trkpt>
      <trkpt lat="49.164454" lon="20.070955"><ele>1663.0</ele></trkpt>
      <trkpt lat="49.164436" lon="20.070981"><ele>1664.0</ele></trkpt>
      <trkpt lat="49.164417" lon="20.071006"><ele>1664.0</ele></trkpt>
      <trkpt lat="49.164391" lon="20.071022"><ele>1664.0</ele></trkpt>
      <trkpt lat="49.164371" lon="20.071036"><ele>1663.0</ele></trkpt>
      <trkpt lat="49.164356" lon="20.071049"><ele>1663.0</ele></trkpt>
      <trkpt lat="49.164338" lon="20.071064"><ele>1663.0</ele></trkpt>
      <trkpt lat="49.164325" lon="20.071090"><ele>1663.0</ele></trkpt>
      <trkpt lat="49.164313" lon="20.071126"><ele>1663.0</ele></trkpt>
      <trkpt lat="49.164307" lon="20.071153"><ele>1663.0</ele></trkpt>
      <trkpt lat="49.164295" lon="20.071187"><ele>1662.0</ele></trkpt>
      <trkpt lat="49.164281" lon="20.071219"><ele>1662.0</ele></trkpt>
      <trkpt lat="49.164263" lon="20.071238"><ele>1662.0</ele></trkpt>
      <trkpt lat="49.164239" lon="20.071253"><ele>1663.0</ele></trkpt>
      <trkpt lat="49.164219" lon="20.071259"><ele>1663.0</ele></trkpt>
      <trkpt lat="49.164200" lon="20.071263"><ele>1662.0</ele></trkpt>
      <trkpt lat="49.164182" lon="20.071270"><ele>1662.0</ele></trkpt>
      <trkpt lat="49.164165" lon="20.071282"><ele>1662.0</ele></trkpt>
      <trkpt lat="49.164146" lon="20.071287"><ele>1662.0</ele></trkpt>
      <trkpt lat="49.164126" lon="20.071280"><ele>1662.0</ele></trkpt>
      <trkpt lat="49.164104" lon="20.071280"><ele>1662.0</ele></trkpt>
      <trkpt lat="49.164084" lon="20.071284"><ele>1662.0</ele></trkpt>
      <trkpt lat="49.164062" lon="20.071287"><ele>1662.0</ele></trkpt>
      <trkpt lat="49.164041" lon="20.071303"><ele>1662.0</ele></trkpt>
      <trkpt lat="49.164026" lon="20.071319"><ele>1662.0</ele></trkpt>
      <trkpt lat="49.164014" lon="20.071342"><ele>1662.0</ele></trkpt>
      <trkpt lat="49.163992" lon="20.071363"><ele>1662.0</ele></trkpt>
      <trkpt lat="49.163973" lon="20.071392"><ele>1661.0</ele></trkpt>
      <trkpt lat="49.163959" lon="20.071414"><ele>1661.0</ele></trkpt>
      <trkpt lat="49.163935" lon="20.071414"><ele>1661.0</ele></trkpt>
      <trkpt lat="49.163915" lon="20.071406"><ele>1660.0</ele></trkpt>
      <trkpt lat="49.163893" lon="20.071399"><ele>1659.0</ele></trkpt>
      <trkpt lat="49.163864" lon="20.071403"><ele>1659.0</ele></trkpt>
      <trkpt lat="49.163846" lon="20.071407"><ele>1659.0</ele></trkpt>
      <trkpt lat="49.163823" lon="20.071412"><ele>1659.0</ele></trkpt>
      <trkpt lat="49.163800" lon="20.071412"><ele>1658.0</ele></trkpt>
      <trkpt lat="49.163776" lon="20.071412"><ele>1658.0</ele></trkpt>
      <trkpt lat="49.163764" lon="20.071388"><ele>1657.0</ele></trkpt>
      <trkpt lat="49.163746" lon="20.071372"><ele>1658.0</ele></trkpt>
      <trkpt lat="49.163731" lon="20.071346"><ele>1657.0</ele></trkpt>
      <trkpt lat="49.163715" lon="20.071314"><ele>1656.0</ele></trkpt>
      <trkpt lat="49.163701" lon="20.071295"><ele>1656.0</ele></trkpt>
      <trkpt lat="49.163686" lon="20.071275"><ele>1655.0</ele></trkpt>
      <trkpt lat="49.163667" lon="20.071267"><ele>1655.0</ele></trkpt>
      <trkpt lat="49.163678" lon="20.071292"><ele>1655.0</ele></trkpt>
      <trkpt lat="49.163697" lon="20.071272"><ele>1655.0</ele></trkpt>
      <trkpt lat="49.163683" lon="20.071244"><ele>1655.0</ele></trkpt>
      <trkpt lat="49.163672" lon="20.071214"><ele>1654.0</ele></trkpt>
      <trkpt lat="49.163658" lon="20.071185"><ele>1654.0</ele></trkpt>
      <trkpt lat="49.163641" lon="20.071157"><ele>1652.0</ele></trkpt>
      <trkpt lat="49.163626" lon="20.071130"><ele>1652.0</ele></trkpt>
      <trkpt lat="49.163610" lon="20.071109"><ele>1651.0</ele></trkpt>
      <trkpt lat="49.163588" lon="20.071106"><ele>1650.0</ele></trkpt>
      <trkpt lat="49.163568" lon="20.071096"><ele>1649.0</ele></trkpt>
      <trkpt lat="49.163549" lon="20.071087"><ele>1649.0</ele></trkpt>
      <trkpt lat="49.163526" lon="20.071085"><ele>1649.0</ele></trkpt>
      <trkpt lat="49.163511" lon="20.071103"><ele>1648.0</ele></trkpt>
      <trkpt lat="49.163493" lon="20.071097"><ele>1647.0</ele></trkpt>
      <trkpt lat="49.163475" lon="20.071090"><ele>1647.0</ele></trkpt>
      <trkpt lat="49.163457" lon="20.071084"><ele>1646.0</ele></trkpt>
      <trkpt lat="49.163432" lon="20.071081"><ele>1644.0</ele></trkpt>
      <trkpt lat="49.163409" lon="20.071068"><ele>1645.0</ele></trkpt>
      <trkpt lat="49.163390" lon="20.071040"><ele>1645.0</ele></trkpt>
      <trkpt lat="49.163369" lon="20.071022"><ele>1644.0</ele></trkpt>
      <trkpt lat="49.163351" lon="20.071010"><ele>1644.0</ele></trkpt>
      <trkpt lat="49.163332" lon="20.071014"><ele>1644.0</ele></trkpt>
      <trkpt lat="49.163318" lon="20.071034"><ele>1643.0</ele></trkpt>
      <trkpt lat="49.163297" lon="20.071020"><ele>1641.0</ele></trkpt>
      <trkpt lat="49.163277" lon="20.071010"><ele>1640.0</ele></trkpt>
      <trkpt lat="49.163257" lon="20.071012"><ele>1640.0</ele></trkpt>
      <trkpt lat="49.163247" lon="20.070988"><ele>1639.0</ele></trkpt>
      <trkpt lat="49.163230" lon="20.070970"><ele>1638.0</ele></trkpt>
      <trkpt lat="49.163231" lon="20.070938"><ele>1638.0</ele></trkpt>
      <trkpt lat="49.163236" lon="20.070984"><ele>1637.0</ele></trkpt>
      <trkpt lat="49.163219" lon="20.070970"><ele>1638.0</ele></trkpt>
      <trkpt lat="49.163203" lon="20.070952"><ele>1638.0</ele></trkpt>
      <trkpt lat="49.163186" lon="20.070969"><ele>1637.0</ele></trkpt>
      <trkpt lat="49.163161" lon="20.070974"><ele>1637.0</ele></trkpt>
      <trkpt lat="49.163142" lon="20.070978"><ele>1637.0</ele></trkpt>
      <trkpt lat="49.163123" lon="20.070976"><ele>1636.0</ele></trkpt>
      <trkpt lat="49.163102" lon="20.070997"><ele>1634.0</ele></trkpt>
      <trkpt lat="49.163075" lon="20.071017"><ele>1634.0</ele></trkpt>
      <trkpt lat="49.163055" lon="20.071040"><ele>1634.0</ele></trkpt>
      <trkpt lat="49.163045" lon="20.071066"><ele>1634.0</ele></trkpt>
      <trkpt lat="49.163029" lon="20.071096"><ele>1635.0</ele></trkpt>
      <trkpt lat="49.163014" lon="20.071126"><ele>1635.0</ele></trkpt>
      <trkpt lat="49.162998" lon="20.071156"><ele>1634.0</ele></trkpt>
      <trkpt lat="49.162982" lon="20.071186"><ele>1633.0</ele></trkpt>
      <trkpt lat="49.162965" lon="20.071193"><ele>1633.0</ele></trkpt>
      <trkpt lat="49.162947" lon="20.071201"><ele>1633.0</ele></trkpt>
      <trkpt lat="49.162930" lon="20.071208"><ele>1632.0</ele></trkpt>
      <trkpt lat="49.162912" lon="20.071215"><ele>1631.0</ele></trkpt>
      <trkpt lat="49.162895" lon="20.071222"><ele>1631.0</ele></trkpt>
      <trkpt lat="49.162880" lon="20.071236"><ele>1631.0</ele></trkpt>
      <trkpt lat="49.162868" lon="20.071257"><ele>1631.0</ele></trkpt>
      <trkpt lat="49.162855" lon="20.071277"><ele>1631.0</ele></trkpt>
      <trkpt lat="49.162843" lon="20.071297"><ele>1630.0</ele></trkpt>
      <trkpt lat="49.162831" lon="20.071318"><ele>1630.0</ele></trkpt>
      <trkpt lat="49.162818" lon="20.071338"><ele>1630.0</ele></trkpt>
      <trkpt lat="49.162806" lon="20.071352"><ele>1630.0</ele></trkpt>
      <trkpt lat="49.162793" lon="20.071360"><ele>1630.0</ele></trkpt>
      <trkpt lat="49.162780" lon="20.071367"><ele>1630.0</ele></trkpt>
      <trkpt lat="49.162767" lon="20.071375"><ele>1629.0</ele></trkpt>
      <trkpt lat="49.162754" lon="20.071383"><ele>1629.0</ele></trkpt>
      <trkpt lat="49.162741" lon="20.071390"><ele>1628.0</ele></trkpt>
      <trkpt lat="49.162728" lon="20.071398"><ele>1628.0</ele></trkpt>
      <trkpt lat="49.162715" lon="20.071414"><ele>1628.0</ele></trkpt>
      <trkpt lat="49.162702" lon="20.071438"><ele>1628.0</ele></trkpt>
      <trkpt lat="49.162689" lon="20.071463"><ele>1628.0</ele></trkpt>
      <trkpt lat="49.162676" lon="20.071487"><ele>1628.0</ele></trkpt>
      <trkpt lat="49.162663" lon="20.071511"><ele>1627.0</ele></trkpt>
      <trkpt lat="49.162647" lon="20.071518"><ele>1627.0</ele></trkpt>
      <trkpt lat="49.162630" lon="20.071524"><ele>1627.0</ele></trkpt>
      <trkpt lat="49.162614" lon="20.071531"><ele>1626.0</ele></trkpt>
      <trkpt lat="49.162598" lon="20.071538"><ele>1626.0</ele></trkpt>
      <trkpt lat="49.162581" lon="20.071544"><ele>1626.0</ele></trkpt>
      <trkpt lat="49.162565" lon="20.071551"><ele>1626.0</ele></trkpt>
      <trkpt lat="49.162561" lon="20.071579"><ele>1626.0</ele></trkpt>
      <trkpt lat="49.162557" lon="20.071608"><ele>1625.0</ele></trkpt>
      <trkpt lat="49.162553" lon="20.071636"><ele>1624.0</ele></trkpt>
      <trkpt lat="49.162549" lon="20.071664"><ele>1623.0</ele></trkpt>
      <trkpt lat="49.162545" lon="20.071693"><ele>1622.0</ele></trkpt>
      <trkpt lat="49.162540" lon="20.071718"><ele>1623.0</ele></trkpt>
      <trkpt lat="49.162533" lon="20.071750"><ele>1623.0</ele></trkpt>
      <trkpt lat="49.162525" lon="20.071783"><ele>1623.0</ele></trkpt>
      <trkpt lat="49.162518" lon="20.071815"><ele>1622.0</ele></trkpt>
      <trkpt lat="49.162510" lon="20.071847"><ele>1622.0</ele></trkpt>
      <trkpt lat="49.162495" lon="20.071848"><ele>1622.0</ele></trkpt>
      <trkpt lat="49.162480" lon="20.071848"><ele>1622.0</ele></trkpt>
      <trkpt lat="49.162465" lon="20.071849"><ele>1622.0</ele></trkpt>
      <trkpt lat="49.162450" lon="20.071849"><ele>1622.0</ele></trkpt>
      <trkpt lat="49.162435" lon="20.071850"><ele>1621.0</ele></trkpt>
      <trkpt lat="49.162420" lon="20.071851"><ele>1621.0</ele></trkpt>
      <trkpt lat="49.162404" lon="20.071848"><ele>1620.0</ele></trkpt>
      <trkpt lat="49.162387" lon="20.071841"><ele>1620.0</ele></trkpt>
      <trkpt lat="49.162371" lon="20.071835"><ele>1620.0</ele></trkpt>
      <trkpt lat="49.162354" lon="20.071828"><ele>1619.0</ele></trkpt>
      <trkpt lat="49.162340" lon="20.071823"><ele>1619.0</ele></trkpt>
      <trkpt lat="49.162323" lon="20.071817"><ele>1618.0</ele></trkpt>
      <trkpt lat="49.162306" lon="20.071812"><ele>1617.0</ele></trkpt>
      <trkpt lat="49.162289" lon="20.071806"><ele>1617.0</ele></trkpt>
      <trkpt lat="49.162271" lon="20.071801"><ele>1616.0</ele></trkpt>
      <trkpt lat="49.162254" lon="20.071795"><ele>1616.0</ele></trkpt>
      <trkpt lat="49.162240" lon="20.071803"><ele>1616.0</ele></trkpt>
      <trkpt lat="49.162225" lon="20.071810"><ele>1615.0</ele></trkpt>
      <trkpt lat="49.162211" lon="20.071818"><ele>1615.0</ele></trkpt>
      <trkpt lat="49.162197" lon="20.071826"><ele>1614.0</ele></trkpt>
      <trkpt lat="49.162182" lon="20.071834"><ele>1614.0</ele></trkpt>
      <trkpt lat="49.162168" lon="20.071841"><ele>1614.0</ele></trkpt>
      <trkpt lat="49.162149" lon="20.071855"><ele>1614.0</ele></trkpt>
      <trkpt lat="49.162136" lon="20.071865"><ele>1613.0</ele></trkpt>
      <trkpt lat="49.162122" lon="20.071876"><ele>1613.0</ele></trkpt>
      <trkpt lat="49.162108" lon="20.071886"><ele>1612.0</ele></trkpt>
      <trkpt lat="49.162095" lon="20.071897"><ele>1612.0</ele></trkpt>
      <trkpt lat="49.162081" lon="20.071907"><ele>1612.0</ele></trkpt>
      <trkpt lat="49.162066" lon="20.071926"><ele>1612.0</ele></trkpt>
      <trkpt lat="49.162051" lon="20.071946"><ele>1611.0</ele></trkpt>
      <trkpt lat="49.162040" lon="20.071959"><ele>1611.0</ele></trkpt>
      <trkpt lat="49.162025" lon="20.071978"><ele>1609.0</ele></trkpt>
      <trkpt lat="49.162010" lon="20.071998"><ele>1609.0</ele></trkpt>
      <trkpt lat="49.161991" lon="20.072010"><ele>1609.0</ele></trkpt>
      <trkpt lat="49.161977" lon="20.072017"><ele>1608.0</ele></trkpt>
      <trkpt lat="49.161963" lon="20.072023"><ele>1608.0</ele></trkpt>
      <trkpt lat="49.161949" lon="20.072030"><ele>1608.0</ele></trkpt>
      <trkpt lat="49.161935" lon="20.072036"><ele>1607.0</ele></trkpt>
      <trkpt lat="49.161921" lon="20.072043"><ele>1607.0</ele></trkpt>
      <trkpt lat="49.161908" lon="20.072050"><ele>1606.0</ele></trkpt>
      <trkpt lat="49.161892" lon="20.072061"><ele>1606.0</ele></trkpt>
      <trkpt lat="49.161875" lon="20.072073"><ele>1606.0</ele></trkpt>
      <trkpt lat="49.161858" lon="20.072084"><ele>1606.0</ele></trkpt>
      <trkpt lat="49.161841" lon="20.072095"><ele>1605.0</ele></trkpt>
      <trkpt lat="49.161823" lon="20.072105"><ele>1604.0</ele></trkpt>
      <trkpt lat="49.161808" lon="20.072109"><ele>1604.0</ele></trkpt>
      <trkpt lat="49.161793" lon="20.072113"><ele>1604.0</ele></trkpt>
      <trkpt lat="49.161778" lon="20.072118"><ele>1604.0</ele></trkpt>
      <trkpt lat="49.161763" lon="20.072122"><ele>1603.0</ele></trkpt>
      <trkpt lat="49.161748" lon="20.072126"><ele>1603.0</ele></trkpt>
      <trkpt lat="49.161733" lon="20.072130"><ele>1603.0</ele></trkpt>
      <trkpt lat="49.161721" lon="20.072142"><ele>1602.0</ele></trkpt>
      <trkpt lat="49.161712" lon="20.072162"><ele>1602.0</ele></trkpt>
      <trkpt lat="49.161703" lon="20.072182"><ele>1602.0</ele></trkpt>
      <trkpt lat="49.161694" lon="20.072201"><ele>1602.0</ele></trkpt>
      <trkpt lat="49.161685" lon="20.072221"><ele>1601.0</ele></trkpt>
      <trkpt lat="49.161676" lon="20.072241"><ele>1601.0</ele></trkpt>
      <trkpt lat="49.161660" lon="20.072257"><ele>1601.0</ele></trkpt>
      <trkpt lat="49.161647" lon="20.072268"><ele>1601.0</ele></trkpt>
      <trkpt lat="49.161633" lon="20.072279"><ele>1601.0</ele></trkpt>
      <trkpt lat="49.161619" lon="20.072289"><ele>1601.0</ele></trkpt>
      <trkpt lat="49.161606" lon="20.072300"><ele>1601.0</ele></trkpt>
      <trkpt lat="49.161592" lon="20.072311"><ele>1601.0</ele></trkpt>
      <trkpt lat="49.161580" lon="20.072324"><ele>1601.0</ele></trkpt>
      <trkpt lat="49.161569" lon="20.072337"><ele>1601.0</ele></trkpt>
      <trkpt lat="49.161557" lon="20.072350"><ele>1600.0</ele></trkpt>
      <trkpt lat="49.161545" lon="20.072364"><ele>1600.0</ele></trkpt>
      <trkpt lat="49.161533" lon="20.072377"><ele>1600.0</ele></trkpt>
      <trkpt lat="49.161522" lon="20.072390"><ele>1600.0</ele></trkpt>
      <trkpt lat="49.161510" lon="20.072403"><ele>1600.0</ele></trkpt>
      <trkpt lat="49.161492" lon="20.072400"><ele>1600.0</ele></trkpt>
      <trkpt lat="49.161474" lon="20.072397"><ele>1600.0</ele></trkpt>
      <trkpt lat="49.161457" lon="20.072393"><ele>1598.0</ele></trkpt>
      <trkpt lat="49.161439" lon="20.072390"><ele>1598.0</ele></trkpt>
      <trkpt lat="49.161421" lon="20.072387"><ele>1597.0</ele></trkpt>
      <trkpt lat="49.161400" lon="20.072402"><ele>1596.0</ele></trkpt>
      <trkpt lat="49.161378" lon="20.072416"><ele>1596.0</ele></trkpt>
      <trkpt lat="49.161357" lon="20.072431"><ele>1596.0</ele></trkpt>
      <trkpt lat="49.161335" lon="20.072445"><ele>1596.0</ele></trkpt>
      <trkpt lat="49.161347" lon="20.072435"><ele>1596.0</ele></trkpt>
      <trkpt lat="49.161364" lon="20.072420"><ele>1596.0</ele></trkpt>
      <trkpt lat="49.161376" lon="20.072410"><ele>1595.0</ele></trkpt>
      <trkpt lat="49.161388" lon="20.072400"><ele>1595.0</ele></trkpt>
      <trkpt lat="49.161405" lon="20.072385"><ele>1596.0</ele></trkpt>
      <trkpt lat="49.161417" lon="20.072375"><ele>1597.0</ele></trkpt>
      <trkpt lat="49.161406" lon="20.072388"><ele>1597.0</ele></trkpt>
      <trkpt lat="49.161396" lon="20.072402"><ele>1596.0</ele></trkpt>
      <trkpt lat="49.161385" lon="20.072415"><ele>1597.0</ele></trkpt>
      <trkpt lat="49.161375" lon="20.072429"><ele>1597.0</ele></trkpt>
      <trkpt lat="49.161364" lon="20.072442"><ele>1598.0</ele></trkpt>
      <trkpt lat="49.161353" lon="20.072456"><ele>1596.0</ele></trkpt>
      <trkpt lat="49.161341" lon="20.072468"><ele>1596.0</ele></trkpt>
      <trkpt lat="49.161328" lon="20.072478"><ele>1595.0</ele></trkpt>
      <trkpt lat="49.161316" lon="20.072488"><ele>1596.0</ele></trkpt>
      <trkpt lat="49.161303" lon="20.072498"><ele>1596.0</ele></trkpt>
      <trkpt lat="49.161290" lon="20.072507"><ele>1595.0</ele></trkpt>
      <trkpt lat="49.161277" lon="20.072517"><ele>1596.0</ele></trkpt>
      <trkpt lat="49.161264" lon="20.072527"><ele>1595.0</ele></trkpt>
      <trkpt lat="49.161251" lon="20.072534"><ele>1596.0</ele></trkpt>
      <trkpt lat="49.161237" lon="20.072532"><ele>1595.0</ele></trkpt>
      <trkpt lat="49.161223" lon="20.072530"><ele>1594.0</ele></trkpt>
      <trkpt lat="49.161209" lon="20.072529"><ele>1593.0</ele></trkpt>
      <trkpt lat="49.161195" lon="20.072527"><ele>1593.0</ele></trkpt>
      <trkpt lat="49.161181" lon="20.072526"><ele>1593.0</ele></trkpt>
      <trkpt lat="49.161167" lon="20.072524"><ele>1590.0</ele></trkpt>
      <trkpt lat="49.161152" lon="20.072545"><ele>1589.0</ele></trkpt>
      <trkpt lat="49.161139" lon="20.072566"><ele>1589.0</ele></trkpt>
      <trkpt lat="49.161127" lon="20.072588"><ele>1589.0</ele></trkpt>
      <trkpt lat="49.161114" lon="20.072609"><ele>1589.0</ele></trkpt>
      <trkpt lat="49.161101" lon="20.072630"><ele>1589.0</ele></trkpt>
      <trkpt lat="49.161088" lon="20.072640"><ele>1589.0</ele></trkpt>
      <trkpt lat="49.161074" lon="20.072651"><ele>1589.0</ele></trkpt>
      <trkpt lat="49.161061" lon="20.072661"><ele>1589.0</ele></trkpt>
      <trkpt lat="49.161047" lon="20.072671"><ele>1588.0</ele></trkpt>
      <trkpt lat="49.161034" lon="20.072681"><ele>1588.0</ele></trkpt>
      <trkpt lat="49.161020" lon="20.072692"><ele>1588.0</ele></trkpt>
      <trkpt lat="49.161002" lon="20.072705"><ele>1588.0</ele></trkpt>
      <trkpt lat="49.160987" lon="20.072715"><ele>1588.0</ele></trkpt>
      <trkpt lat="49.160973" lon="20.072726"><ele>1588.0</ele></trkpt>
      <trkpt lat="49.160958" lon="20.072736"><ele>1588.0</ele></trkpt>
      <trkpt lat="49.160944" lon="20.072746"><ele>1588.0</ele></trkpt>
      <trkpt lat="49.160929" lon="20.072756"><ele>1588.0</ele></trkpt>
      <trkpt lat="49.160916" lon="20.072778"><ele>1588.0</ele></trkpt>
      <trkpt lat="49.160903" lon="20.072801"><ele>1588.0</ele></trkpt>
      <trkpt lat="49.160891" lon="20.072823"><ele>1588.0</ele></trkpt>
      <trkpt lat="49.160878" lon="20.072846"><ele>1588.0</ele></trkpt>
      <trkpt lat="49.160865" lon="20.072868"><ele>1588.0</ele></trkpt>
      <trkpt lat="49.160844" lon="20.072891"><ele>1588.0</ele></trkpt>
      <trkpt lat="49.160822" lon="20.072914"><ele>1588.0</ele></trkpt>
      <trkpt lat="49.160801" lon="20.072937"><ele>1588.0</ele></trkpt>
      <trkpt lat="49.160781" lon="20.072954"><ele>1588.0</ele></trkpt>
      <trkpt lat="49.160764" lon="20.072965"><ele>1587.0</ele></trkpt>
      <trkpt lat="49.160747" lon="20.072976"><ele>1588.0</ele></trkpt>
      <trkpt lat="49.160730" lon="20.072987"><ele>1588.0</ele></trkpt>
      <trkpt lat="49.160713" lon="20.072998"><ele>1588.0</ele></trkpt>
      <trkpt lat="49.160699" lon="20.073005"><ele>1587.0</ele></trkpt>
      <trkpt lat="49.160683" lon="20.073011"><ele>1587.0</ele></trkpt>
      <trkpt lat="49.160667" lon="20.073017"><ele>1587.0</ele></trkpt>
      <trkpt lat="49.160651" lon="20.073024"><ele>1587.0</ele></trkpt>
      <trkpt lat="49.160635" lon="20.073030"><ele>1587.0</ele></trkpt>
      <trkpt lat="49.160619" lon="20.073036"><ele>1587.0</ele></trkpt>
      <trkpt lat="49.160604" lon="20.073045"><ele>1586.0</ele></trkpt>
      <trkpt lat="49.160588" lon="20.073056"><ele>1586.0</ele></trkpt>
      <trkpt lat="49.160572" lon="20.073068"><ele>1586.0</ele></trkpt>
      <trkpt lat="49.160556" lon="20.073079"><ele>1585.0</ele></trkpt>
      <trkpt lat="49.160541" lon="20.073090"><ele>1585.0</ele></trkpt>
      <trkpt lat="49.160522" lon="20.073101"><ele>1585.0</ele></trkpt>
      <trkpt lat="49.160507" lon="20.073109"><ele>1585.0</ele></trkpt>
      <trkpt lat="49.160491" lon="20.073116"><ele>1584.0</ele></trkpt>
      <trkpt lat="49.160476" lon="20.073124"><ele>1583.0</ele></trkpt>
      <trkpt lat="49.160460" lon="20.073132"><ele>1583.0</ele></trkpt>
      <trkpt lat="49.160445" lon="20.073139"><ele>1583.0</ele></trkpt>
      <trkpt lat="49.160432" lon="20.073145"><ele>1583.0</ele></trkpt>
      <trkpt lat="49.160418" lon="20.073152"><ele>1583.0</ele></trkpt>
      <trkpt lat="49.160404" lon="20.073160"><ele>1583.0</ele></trkpt>
      <trkpt lat="49.160390" lon="20.073167"><ele>1582.0</ele></trkpt>
      <trkpt lat="49.160375" lon="20.073174"><ele>1582.0</ele></trkpt>
      <trkpt lat="49.160361" lon="20.073181"><ele>1582.0</ele></trkpt>
      <trkpt lat="49.160347" lon="20.073188"><ele>1582.0</ele></trkpt>
      <trkpt lat="49.160335" lon="20.073200"><ele>1582.0</ele></trkpt>
      <trkpt lat="49.160324" lon="20.073213"><ele>1582.0</ele></trkpt>
      <trkpt lat="49.160312" lon="20.073225"><ele>1581.0</ele></trkpt>
      <trkpt lat="49.160295" lon="20.073243"><ele>1581.0</ele></trkpt>
      <trkpt lat="49.160284" lon="20.073256"><ele>1581.0</ele></trkpt>
      <trkpt lat="49.160272" lon="20.073268"><ele>1581.0</ele></trkpt>
      <trkpt lat="49.160253" lon="20.073271"><ele>1580.0</ele></trkpt>
      <trkpt lat="49.160234" lon="20.073274"><ele>1580.0</ele></trkpt>
      <trkpt lat="49.160216" lon="20.073277"><ele>1580.0</ele></trkpt>
      <trkpt lat="49.160197" lon="20.073280"><ele>1580.0</ele></trkpt>
      <trkpt lat="49.160178" lon="20.073283"><ele>1580.0</ele></trkpt>
      <trkpt lat="49.160165" lon="20.073289"><ele>1580.0</ele></trkpt>
      <trkpt lat="49.160151" lon="20.073296"><ele>1580.0</ele></trkpt>
      <trkpt lat="49.160138" lon="20.073302"><ele>1579.0</ele></trkpt>
      <trkpt lat="49.160124" lon="20.073309"><ele>1579.0</ele></trkpt>
      <trkpt lat="49.160111" lon="20.073315"><ele>1579.0</ele></trkpt>
      <trkpt lat="49.160098" lon="20.073322"><ele>1579.0</ele></trkpt>
      <trkpt lat="49.160082" lon="20.073319"><ele>1578.0</ele></trkpt>
      <trkpt lat="49.160068" lon="20.073309"><ele>1578.0</ele></trkpt>
      <trkpt lat="49.160055" lon="20.073299"><ele>1578.0</ele></trkpt>
      <trkpt lat="49.160041" lon="20.073290"><ele>1578.0</ele></trkpt>
      <trkpt lat="49.160028" lon="20.073280"><ele>1578.0</ele></trkpt>
      <trkpt lat="49.160014" lon="20.073270"><ele>1577.0</ele></trkpt>
      <trkpt lat="49.159998" lon="20.073264"><ele>1577.0</ele></trkpt>
      <trkpt lat="49.159979" lon="20.073264"><ele>1577.0</ele></trkpt>
      <trkpt lat="49.159959" lon="20.073265"><ele>1577.0</ele></trkpt>
      <trkpt lat="49.159916" lon="20.073272"><ele>1576.0</ele></trkpt>
      <trkpt lat="49.159895" lon="20.073291"><ele>1576.0</ele></trkpt>
      <trkpt lat="49.159880" lon="20.073302"><ele>1576.0</ele></trkpt>
      <trkpt lat="49.159865" lon="20.073313"><ele>1575.0</ele></trkpt>
      <trkpt lat="49.159850" lon="20.073324"><ele>1575.0</ele></trkpt>
      <trkpt lat="49.159835" lon="20.073335"><ele>1575.0</ele></trkpt>
      <trkpt lat="49.159820" lon="20.073347"><ele>1574.0</ele></trkpt>
      <trkpt lat="49.159805" lon="20.073356"><ele>1574.0</ele></trkpt>
      <trkpt lat="49.159791" lon="20.073363"><ele>1573.0</ele></trkpt>
      <trkpt lat="49.159777" lon="20.073369"><ele>1572.0</ele></trkpt>
      <trkpt lat="49.159763" lon="20.073376"><ele>1572.0</ele></trkpt>
      <trkpt lat="49.159749" lon="20.073382"><ele>1572.0</ele></trkpt>
      <trkpt lat="49.159727" lon="20.073391"><ele>1571.0</ele></trkpt>
      <trkpt lat="49.159704" lon="20.073399"><ele>1571.0</ele></trkpt>
      <trkpt lat="49.159684" lon="20.073411"><ele>1570.0</ele></trkpt>
      <trkpt lat="49.159661" lon="20.073428"><ele>1569.0</ele></trkpt>
      <trkpt lat="49.159625" lon="20.073449"><ele>1568.0</ele></trkpt>
      <trkpt lat="49.159608" lon="20.073462"><ele>1568.0</ele></trkpt>
      <trkpt lat="49.159580" lon="20.073460"><ele>1568.0</ele></trkpt>
      <trkpt lat="49.159555" lon="20.073465"><ele>1567.0</ele></trkpt>
      <trkpt lat="49.159522" lon="20.073470"><ele>1567.0</ele></trkpt>
      <trkpt lat="49.159507" lon="20.073482"><ele>1567.0</ele></trkpt>
      <trkpt lat="49.159493" lon="20.073493"><ele>1567.0</ele></trkpt>
      <trkpt lat="49.159478" lon="20.073505"><ele>1567.0</ele></trkpt>
      <trkpt lat="49.159462" lon="20.073515"><ele>1567.0</ele></trkpt>
      <trkpt lat="49.159445" lon="20.073524"><ele>1567.0</ele></trkpt>
      <trkpt lat="49.159428" lon="20.073532"><ele>1567.0</ele></trkpt>
      <trkpt lat="49.159411" lon="20.073540"><ele>1567.0</ele></trkpt>
      <trkpt lat="49.159394" lon="20.073549"><ele>1568.0</ele></trkpt>
      <trkpt lat="49.159368" lon="20.073603"><ele>1568.0</ele></trkpt>
      <trkpt lat="49.159357" lon="20.073625"><ele>1568.0</ele></trkpt>
      <trkpt lat="49.159346" lon="20.073646"><ele>1568.0</ele></trkpt>
      <trkpt lat="49.159337" lon="20.073670"><ele>1568.0</ele></trkpt>
      <trkpt lat="49.159328" lon="20.073697"><ele>1568.0</ele></trkpt>
      <trkpt lat="49.159319" lon="20.073723"><ele>1568.0</ele></trkpt>
      <trkpt lat="49.159310" lon="20.073749"><ele>1568.0</ele></trkpt>
      <trkpt lat="49.159301" lon="20.073776"><ele>1568.0</ele></trkpt>
      <trkpt lat="49.159292" lon="20.073803"><ele>1568.0</ele></trkpt>
      <trkpt lat="49.159282" lon="20.073832"><ele>1567.0</ele></trkpt>
      <trkpt lat="49.159271" lon="20.073861"><ele>1567.0</ele></trkpt>
      <trkpt lat="49.159261" lon="20.073889"><ele>1567.0</ele></trkpt>
      <trkpt lat="49.159251" lon="20.073918"><ele>1568.0</ele></trkpt>
      <trkpt lat="49.159241" lon="20.073933"><ele>1568.0</ele></trkpt>
      <trkpt lat="49.159231" lon="20.073948"><ele>1568.0</ele></trkpt>
      <trkpt lat="49.159221" lon="20.073964"><ele>1568.0</ele></trkpt>
      <trkpt lat="49.159211" lon="20.073979"><ele>1569.0</ele></trkpt>
      <trkpt lat="49.159201" lon="20.073994"><ele>1569.0</ele></trkpt>
      <trkpt lat="49.159191" lon="20.074009"><ele>1569.0</ele></trkpt>
      <trkpt lat="49.159172" lon="20.074018"><ele>1569.0</ele></trkpt>
      <trkpt lat="49.159152" lon="20.074020"><ele>1570.0</ele></trkpt>
      <trkpt lat="49.159128" lon="20.074043"><ele>1570.0</ele></trkpt>
      <trkpt lat="49.159112" lon="20.074061"><ele>1571.0</ele></trkpt>
      <trkpt lat="49.159097" lon="20.074083"><ele>1571.0</ele></trkpt>
      <trkpt lat="49.159076" lon="20.074104"><ele>1571.0</ele></trkpt>
      <trkpt lat="49.159054" lon="20.074126"><ele>1571.0</ele></trkpt>
      <trkpt lat="49.159033" lon="20.074147"><ele>1571.0</ele></trkpt>
      <trkpt lat="49.159001" lon="20.074169"><ele>1572.0</ele></trkpt>
      <trkpt lat="49.158978" lon="20.074179"><ele>1572.0</ele></trkpt>
      <trkpt lat="49.158961" lon="20.074204"><ele>1572.0</ele></trkpt>
      <trkpt lat="49.158957" lon="20.074232"><ele>1573.0</ele></trkpt>
      <trkpt lat="49.158953" lon="20.074260"><ele>1573.0</ele></trkpt>
      <trkpt lat="49.158949" lon="20.074289"><ele>1573.0</ele></trkpt>
      <trkpt lat="49.158945" lon="20.074317"><ele>1573.0</ele></trkpt>
      <trkpt lat="49.158941" lon="20.074345"><ele>1573.0</ele></trkpt>
      <trkpt lat="49.158931" lon="20.074378"><ele>1573.0</ele></trkpt>
      <trkpt lat="49.158912" lon="20.074396"><ele>1573.0</ele></trkpt>
      <trkpt lat="49.158921" lon="20.074429"><ele>1572.0</ele></trkpt>
      <trkpt lat="49.158907" lon="20.074456"><ele>1572.0</ele></trkpt>
      <trkpt lat="49.158902" lon="20.074483"><ele>1573.0</ele></trkpt>
      <trkpt lat="49.158898" lon="20.074516"><ele>1573.0</ele></trkpt>
      <trkpt lat="49.158881" lon="20.074539"><ele>1573.0</ele></trkpt>
      <trkpt lat="49.158867" lon="20.074561"><ele>1572.0</ele></trkpt>
      <trkpt lat="49.158846" lon="20.074578"><ele>1572.0</ele></trkpt>
      <trkpt lat="49.158828" lon="20.074590"><ele>1572.0</ele></trkpt>
      <trkpt lat="49.158810" lon="20.074607"><ele>1572.0</ele></trkpt>
      <trkpt lat="49.158791" lon="20.074624"><ele>1572.0</ele></trkpt>
      <trkpt lat="49.158773" lon="20.074640"><ele>1573.0</ele></trkpt>
      <trkpt lat="49.158754" lon="20.074657"><ele>1573.0</ele></trkpt>
      <trkpt lat="49.158736" lon="20.074674"><ele>1573.0</ele></trkpt>
      <trkpt lat="49.158725" lon="20.074696"><ele>1572.0</ele></trkpt>
      <trkpt lat="49.158714" lon="20.074718"><ele>1570.0</ele></trkpt>
      <trkpt lat="49.158702" lon="20.074740"><ele>1570.0</ele></trkpt>
      <trkpt lat="49.158691" lon="20.074762"><ele>1570.0</ele></trkpt>
      <trkpt lat="49.158680" lon="20.074784"><ele>1571.0</ele></trkpt>
      <trkpt lat="49.158658" lon="20.074801"><ele>1571.0</ele></trkpt>
      <trkpt lat="49.158633" lon="20.074811"><ele>1572.0</ele></trkpt>
      <trkpt lat="49.158612" lon="20.074811"><ele>1572.0</ele></trkpt>
      <trkpt lat="49.158592" lon="20.074822"><ele>1572.0</ele></trkpt>
      <trkpt lat="49.158575" lon="20.074832"><ele>1572.0</ele></trkpt>
      <trkpt lat="49.158557" lon="20.074843"><ele>1570.0</ele></trkpt>
      <trkpt lat="49.158540" lon="20.074853"><ele>1570.0</ele></trkpt>
      <trkpt lat="49.158522" lon="20.074864"><ele>1570.0</ele></trkpt>
      <trkpt lat="49.158505" lon="20.074874"><ele>1570.0</ele></trkpt>
      <trkpt lat="49.158488" lon="20.074876"><ele>1570.0</ele></trkpt>
      <trkpt lat="49.158471" lon="20.074877"><ele>1569.0</ele></trkpt>
      <trkpt lat="49.158454" lon="20.074879"><ele>1568.0</ele></trkpt>
      <trkpt lat="49.158474" lon="20.074854"><ele>1568.0</ele></trkpt>
      <trkpt lat="49.158492" lon="20.074852"><ele>1568.0</ele></trkpt>
      <trkpt lat="49.158492" lon="20.074878"><ele>1569.0</ele></trkpt>
      <trkpt lat="49.158492" lon="20.074903"><ele>1569.0</ele></trkpt>
      <trkpt lat="49.158478" lon="20.074921"><ele>1568.0</ele></trkpt>
      <trkpt lat="49.158464" lon="20.074930"><ele>1568.0</ele></trkpt>
      <trkpt lat="49.158450" lon="20.074939"><ele>1568.0</ele></trkpt>
      <trkpt lat="49.158435" lon="20.074948"><ele>1568.0</ele></trkpt>
      <trkpt lat="49.158421" lon="20.074957"><ele>1567.0</ele></trkpt>
      <trkpt lat="49.158407" lon="20.074966"><ele>1567.0</ele></trkpt>
      <trkpt lat="49.158398" lon="20.074988"><ele>1567.0</ele></trkpt>
      <trkpt lat="49.158389" lon="20.075010"><ele>1567.0</ele></trkpt>
      <trkpt lat="49.158380" lon="20.075031"><ele>1567.0</ele></trkpt>
      <trkpt lat="49.158371" lon="20.075053"><ele>1567.0</ele></trkpt>
      <trkpt lat="49.158362" lon="20.075075"><ele>1567.0</ele></trkpt>
      <trkpt lat="49.158337" lon="20.075099"><ele>1567.0</ele></trkpt>
      <trkpt lat="49.158317" lon="20.075113"><ele>1567.0</ele></trkpt>
      <trkpt lat="49.158297" lon="20.075126"><ele>1567.0</ele></trkpt>
      <trkpt lat="49.158277" lon="20.075140"><ele>1567.0</ele></trkpt>
      <trkpt lat="49.158257" lon="20.075153"><ele>1566.0</ele></trkpt>
      <trkpt lat="49.158242" lon="20.075157"><ele>1566.0</ele></trkpt>
      <trkpt lat="49.158227" lon="20.075161"><ele>1566.0</ele></trkpt>
      <trkpt lat="49.158212" lon="20.075165"><ele>1566.0</ele></trkpt>
      <trkpt lat="49.158197" lon="20.075168"><ele>1566.0</ele></trkpt>
      <trkpt lat="49.158182" lon="20.075172"><ele>1566.0</ele></trkpt>
      <trkpt lat="49.158167" lon="20.075176"><ele>1566.0</ele></trkpt>
      <trkpt lat="49.158152" lon="20.075178"><ele>1566.0</ele></trkpt>
      <trkpt lat="49.158137" lon="20.075179"><ele>1566.0</ele></trkpt>
      <trkpt lat="49.158123" lon="20.075181"><ele>1566.0</ele></trkpt>
      <trkpt lat="49.158108" lon="20.075183"><ele>1566.0</ele></trkpt>
      <trkpt lat="49.158093" lon="20.075184"><ele>1566.0</ele></trkpt>
      <trkpt lat="49.158078" lon="20.075186"><ele>1566.0</ele></trkpt>
      <trkpt lat="49.158060" lon="20.075192"><ele>1566.0</ele></trkpt>
      <trkpt lat="49.158038" lon="20.075203"><ele>1566.0</ele></trkpt>
      <trkpt lat="49.158016" lon="20.075213"><ele>1566.0</ele></trkpt>
      <trkpt lat="49.157996" lon="20.075225"><ele>1566.0</ele></trkpt>
      <trkpt lat="49.157983" lon="20.075248"><ele>1566.0</ele></trkpt>
      <trkpt lat="49.157969" lon="20.075271"><ele>1566.0</ele></trkpt>
      <trkpt lat="49.157956" lon="20.075294"><ele>1566.0</ele></trkpt>
      <trkpt lat="49.157943" lon="20.075317"><ele>1566.0</ele></trkpt>
      <trkpt lat="49.157923" lon="20.075336"><ele>1566.0</ele></trkpt>
      <trkpt lat="49.157909" lon="20.075343"><ele>1566.0</ele></trkpt>
      <trkpt lat="49.157896" lon="20.075350"><ele>1566.0</ele></trkpt>
      <trkpt lat="49.157883" lon="20.075357"><ele>1566.0</ele></trkpt>
      <trkpt lat="49.157869" lon="20.075363"><ele>1566.0</ele></trkpt>
      <trkpt lat="49.157856" lon="20.075370"><ele>1566.0</ele></trkpt>
      <trkpt lat="49.157842" lon="20.075377"><ele>1566.0</ele></trkpt>
      <trkpt lat="49.157829" lon="20.075384"><ele>1566.0</ele></trkpt>
      <trkpt lat="49.157797" lon="20.075380"><ele>1566.0</ele></trkpt>
      <trkpt lat="49.157779" lon="20.075384"><ele>1566.0</ele></trkpt>
      <trkpt lat="49.157758" lon="20.075400"><ele>1566.0</ele></trkpt>
      <trkpt lat="49.157739" lon="20.075413"><ele>1567.0</ele></trkpt>
      <trkpt lat="49.157716" lon="20.075421"><ele>1567.0</ele></trkpt>
      <trkpt lat="49.157702" lon="20.075439"><ele>1566.0</ele></trkpt>
      <trkpt lat="49.157687" lon="20.075458"><ele>1566.0</ele></trkpt>
      <trkpt lat="49.157673" lon="20.075476"><ele>1566.0</ele></trkpt>
      <trkpt lat="49.157658" lon="20.075495"><ele>1566.0</ele></trkpt>
      <trkpt lat="49.157644" lon="20.075513"><ele>1566.0</ele></trkpt>
      <trkpt lat="49.157624" lon="20.075522"><ele>1566.0</ele></trkpt>
      <trkpt lat="49.157603" lon="20.075532"><ele>1566.0</ele></trkpt>
      <trkpt lat="49.157583" lon="20.075541"><ele>1566.0</ele></trkpt>
      <trkpt lat="49.157562" lon="20.075551"><ele>1566.0</ele></trkpt>
      <trkpt lat="49.157542" lon="20.075560"><ele>1567.0</ele></trkpt>
      <trkpt lat="49.157524" lon="20.075581"><ele>1567.0</ele></trkpt>
      <trkpt lat="49.157506" lon="20.075602"><ele>1567.0</ele></trkpt>
      <trkpt lat="49.157487" lon="20.075623"><ele>1567.0</ele></trkpt>
      <trkpt lat="49.157469" lon="20.075644"><ele>1567.0</ele></trkpt>
      <trkpt lat="49.157454" lon="20.075659"><ele>1567.0</ele></trkpt>
      <trkpt lat="49.157440" lon="20.075674"><ele>1568.0</ele></trkpt>
      <trkpt lat="49.157425" lon="20.075689"><ele>1568.0</ele></trkpt>
      <trkpt lat="49.157407" lon="20.075711"><ele>1568.0</ele></trkpt>
      <trkpt lat="49.157393" lon="20.075717"><ele>1568.0</ele></trkpt>
      <trkpt lat="49.157373" lon="20.075725"><ele>1567.0</ele></trkpt>
      <trkpt lat="49.157360" lon="20.075731"><ele>1567.0</ele></trkpt>
      <trkpt lat="49.157346" lon="20.075737"><ele>1567.0</ele></trkpt>
      <trkpt lat="49.157326" lon="20.075745"><ele>1567.0</ele></trkpt>
      <trkpt lat="49.157302" lon="20.075760"><ele>1566.0</ele></trkpt>
      <trkpt lat="49.157284" lon="20.075761"><ele>1566.0</ele></trkpt>
      <trkpt lat="49.157267" lon="20.075762"><ele>1565.0</ele></trkpt>
      <trkpt lat="49.157251" lon="20.075763"><ele>1565.0</ele></trkpt>
      <trkpt lat="49.157234" lon="20.075764"><ele>1565.0</ele></trkpt>
      <trkpt lat="49.157218" lon="20.075765"><ele>1565.0</ele></trkpt>
      <trkpt lat="49.157201" lon="20.075766"><ele>1564.0</ele></trkpt>
      <trkpt lat="49.157162" lon="20.075785"><ele>1563.0</ele></trkpt>
      <trkpt lat="49.157147" lon="20.075814"><ele>1563.0</ele></trkpt>
      <trkpt lat="49.157130" lon="20.075818"><ele>1562.0</ele></trkpt>
      <trkpt lat="49.157112" lon="20.075822"><ele>1562.0</ele></trkpt>
      <trkpt lat="49.157095" lon="20.075826"><ele>1562.0</ele></trkpt>
      <trkpt lat="49.157077" lon="20.075830"><ele>1562.0</ele></trkpt>
      <trkpt lat="49.157060" lon="20.075834"><ele>1562.0</ele></trkpt>
      <trkpt lat="49.157043" lon="20.075843"><ele>1562.0</ele></trkpt>
      <trkpt lat="49.157026" lon="20.075856"><ele>1562.0</ele></trkpt>
      <trkpt lat="49.157009" lon="20.075870"><ele>1562.0</ele></trkpt>
      <trkpt lat="49.156992" lon="20.075883"><ele>1562.0</ele></trkpt>
      <trkpt lat="49.156975" lon="20.075896"><ele>1561.0</ele></trkpt>
      <trkpt lat="49.156958" lon="20.075908"><ele>1562.0</ele></trkpt>
      <trkpt lat="49.156945" lon="20.075914"><ele>1562.0</ele></trkpt>
      <trkpt lat="49.156931" lon="20.075921"><ele>1562.0</ele></trkpt>
      <trkpt lat="49.156918" lon="20.075928"><ele>1562.0</ele></trkpt>
      <trkpt lat="49.156905" lon="20.075935"><ele>1562.0</ele></trkpt>
      <trkpt lat="49.156891" lon="20.075941"><ele>1561.0</ele></trkpt>
      <trkpt lat="49.156878" lon="20.075948"><ele>1560.0</ele></trkpt>
      <trkpt lat="49.156861" lon="20.075949"><ele>1560.0</ele></trkpt>
      <trkpt lat="49.156844" lon="20.075949"><ele>1560.0</ele></trkpt>
      <trkpt lat="49.156827" lon="20.075950"><ele>1560.0</ele></trkpt>
      <trkpt lat="49.156810" lon="20.075951"><ele>1560.0</ele></trkpt>
      <trkpt lat="49.156793" lon="20.075952"><ele>1558.0</ele></trkpt>
      <trkpt lat="49.156779" lon="20.075953"><ele>1558.0</ele></trkpt>
      <trkpt lat="49.156764" lon="20.075958"><ele>1557.0</ele></trkpt>
      <trkpt lat="49.156749" lon="20.075962"><ele>1557.0</ele></trkpt>
      <trkpt lat="49.156733" lon="20.075966"><ele>1557.0</ele></trkpt>
      <trkpt lat="49.156718" lon="20.075970"><ele>1557.0</ele></trkpt>
      <trkpt lat="49.156703" lon="20.075974"><ele>1557.0</ele></trkpt>
      <trkpt lat="49.156683" lon="20.075981"><ele>1556.0</ele></trkpt>
      <trkpt lat="49.156663" lon="20.075988"><ele>1556.0</ele></trkpt>
      <trkpt lat="49.156642" lon="20.075995"><ele>1556.0</ele></trkpt>
      <trkpt lat="49.156622" lon="20.076002"><ele>1556.0</ele></trkpt>
      <trkpt lat="49.156602" lon="20.076009"><ele>1555.0</ele></trkpt>
      <trkpt lat="49.156579" lon="20.076007"><ele>1555.0</ele></trkpt>
      <trkpt lat="49.156556" lon="20.076006"><ele>1554.0</ele></trkpt>
      <trkpt lat="49.156533" lon="20.076004"><ele>1554.0</ele></trkpt>
      <trkpt lat="49.156510" lon="20.076003"><ele>1553.0</ele></trkpt>
      <trkpt lat="49.156487" lon="20.076004"><ele>1553.0</ele></trkpt>
      <trkpt lat="49.156463" lon="20.076008"><ele>1553.0</ele></trkpt>
      <trkpt lat="49.156438" lon="20.076011"><ele>1552.0</ele></trkpt>
      <trkpt lat="49.156414" lon="20.076015"><ele>1552.0</ele></trkpt>
      <trkpt lat="49.156388" lon="20.076021"><ele>1552.0</ele></trkpt>
      <trkpt lat="49.156361" lon="20.076029"><ele>1552.0</ele></trkpt>
      <trkpt lat="49.156334" lon="20.076036"><ele>1550.0</ele></trkpt>
      <trkpt lat="49.156307" lon="20.076044"><ele>1550.0</ele></trkpt>
      <trkpt lat="49.156289" lon="20.076037"><ele>1550.0</ele></trkpt>
      <trkpt lat="49.156271" lon="20.076030"><ele>1550.0</ele></trkpt>
      <trkpt lat="49.156252" lon="20.076024"><ele>1550.0</ele></trkpt>
      <trkpt lat="49.156234" lon="20.076017"><ele>1549.0</ele></trkpt>
      <trkpt lat="49.156216" lon="20.076010"><ele>1549.0</ele></trkpt>
      <trkpt lat="49.156200" lon="20.076009"><ele>1549.0</ele></trkpt>
      <trkpt lat="49.156184" lon="20.076008"><ele>1549.0</ele></trkpt>
      <trkpt lat="49.156168" lon="20.076007"><ele>1549.0</ele></trkpt>
      <trkpt lat="49.156153" lon="20.076007"><ele>1549.0</ele></trkpt>
      <trkpt lat="49.156137" lon="20.076006"><ele>1549.0</ele></trkpt>
      <trkpt lat="49.156121" lon="20.076005"><ele>1548.0</ele></trkpt>
      <trkpt lat="49.156105" lon="20.076004"><ele>1548.0</ele></trkpt>
      <trkpt lat="49.156090" lon="20.076025"><ele>1548.0</ele></trkpt>
      <trkpt lat="49.156074" lon="20.076046"><ele>1548.0</ele></trkpt>
      <trkpt lat="49.156059" lon="20.076067"><ele>1548.0</ele></trkpt>
      <trkpt lat="49.156044" lon="20.076088"><ele>1548.0</ele></trkpt>
      <trkpt lat="49.156030" lon="20.076095"><ele>1547.0</ele></trkpt>
      <trkpt lat="49.156017" lon="20.076087"><ele>1548.0</ele></trkpt>
      <trkpt lat="49.156003" lon="20.076080"><ele>1546.0</ele></trkpt>
      <trkpt lat="49.155990" lon="20.076072"><ele>1546.0</ele></trkpt>
      <trkpt lat="49.155976" lon="20.076065"><ele>1545.0</ele></trkpt>
      <trkpt lat="49.155953" lon="20.076062"><ele>1545.0</ele></trkpt>
      <trkpt lat="49.155928" lon="20.076062"><ele>1545.0</ele></trkpt>
      <trkpt lat="49.155904" lon="20.076061"><ele>1545.0</ele></trkpt>
      <trkpt lat="49.155879" lon="20.076061"><ele>1544.0</ele></trkpt>
      <trkpt lat="49.155843" lon="20.076075"><ele>1544.0</ele></trkpt>
      <trkpt lat="49.155823" lon="20.076069"><ele>1544.0</ele></trkpt>
      <trkpt lat="49.155811" lon="20.076088"><ele>1544.0</ele></trkpt>
      <trkpt lat="49.155798" lon="20.076106"><ele>1544.0</ele></trkpt>
      <trkpt lat="49.155786" lon="20.076125"><ele>1544.0</ele></trkpt>
      <trkpt lat="49.155774" lon="20.076143"><ele>1543.0</ele></trkpt>
      <trkpt lat="49.155761" lon="20.076162"><ele>1543.0</ele></trkpt>
      <trkpt lat="49.155743" lon="20.076174"><ele>1543.0</ele></trkpt>
      <trkpt lat="49.155720" lon="20.076179"><ele>1543.0</ele></trkpt>
      <trkpt lat="49.155696" lon="20.076184"><ele>1543.0</ele></trkpt>
      <trkpt lat="49.155673" lon="20.076189"><ele>1543.0</ele></trkpt>
      <trkpt lat="49.155653" lon="20.076204"><ele>1543.0</ele></trkpt>
      <trkpt lat="49.155636" lon="20.076229"><ele>1543.0</ele></trkpt>
      <trkpt lat="49.155619" lon="20.076254"><ele>1543.0</ele></trkpt>
      <trkpt lat="49.155602" lon="20.076279"><ele>1543.0</ele></trkpt>
      <trkpt lat="49.155585" lon="20.076304"><ele>1543.0</ele></trkpt>
      <trkpt lat="49.155570" lon="20.076331"><ele>1542.0</ele></trkpt>
      <trkpt lat="49.155555" lon="20.076359"><ele>1542.0</ele></trkpt>
      <trkpt lat="49.155540" lon="20.076386"><ele>1542.0</ele></trkpt>
      <trkpt lat="49.155525" lon="20.076413"><ele>1541.0</ele></trkpt>
      <trkpt lat="49.155523" lon="20.076437"><ele>1541.0</ele></trkpt>
      <trkpt lat="49.155521" lon="20.076461"><ele>1541.0</ele></trkpt>
      <trkpt lat="49.155519" lon="20.076485"><ele>1541.0</ele></trkpt>
      <trkpt lat="49.155516" lon="20.076508"><ele>1541.0</ele></trkpt>
      <trkpt lat="49.155514" lon="20.076532"><ele>1541.0</ele></trkpt>
      <trkpt lat="49.155512" lon="20.076556"><ele>1541.0</ele></trkpt>
      <trkpt lat="49.155501" lon="20.076586"><ele>1541.0</ele></trkpt>
      <trkpt lat="49.155490" lon="20.076617"><ele>1541.0</ele></trkpt>
      <trkpt lat="49.155479" lon="20.076647"><ele>1541.0</ele></trkpt>
      <trkpt lat="49.155468" lon="20.076677"><ele>1540.0</ele></trkpt>
      <trkpt lat="49.155448" lon="20.076697"><ele>1540.0</ele></trkpt>
      <trkpt lat="49.155428" lon="20.076716"><ele>1540.0</ele></trkpt>
      <trkpt lat="49.155407" lon="20.076736"><ele>1540.0</ele></trkpt>
      <trkpt lat="49.155387" lon="20.076755"><ele>1540.0</ele></trkpt>
      <trkpt lat="49.155381" lon="20.076774"><ele>1540.0</ele></trkpt>
      <trkpt lat="49.155375" lon="20.076793"><ele>1539.0</ele></trkpt>
      <trkpt lat="49.155369" lon="20.076812"><ele>1539.0</ele></trkpt>
      <trkpt lat="49.155362" lon="20.076832"><ele>1539.0</ele></trkpt>
      <trkpt lat="49.155356" lon="20.076851"><ele>1539.0</ele></trkpt>
      <trkpt lat="49.155350" lon="20.076870"><ele>1539.0</ele></trkpt>
      <trkpt lat="49.155344" lon="20.076889"><ele>1539.0</ele></trkpt>
      <trkpt lat="49.155326" lon="20.076898"><ele>1539.0</ele></trkpt>
      <trkpt lat="49.155308" lon="20.076907"><ele>1539.0</ele></trkpt>
      <trkpt lat="49.155290" lon="20.076916"><ele>1538.0</ele></trkpt>
      <trkpt lat="49.155205" lon="20.076952"><ele>1538.0</ele></trkpt>
      <trkpt lat="49.155174" lon="20.076962"><ele>1538.0</ele></trkpt>
      <trkpt lat="49.155143" lon="20.076972"><ele>1538.0</ele></trkpt>
      <trkpt lat="49.155124" lon="20.076986"><ele>1538.0</ele></trkpt>
      <trkpt lat="49.155105" lon="20.077000"><ele>1538.0</ele></trkpt>
      <trkpt lat="49.155087" lon="20.077015"><ele>1537.0</ele></trkpt>
      <trkpt lat="49.155068" lon="20.077029"><ele>1537.0</ele></trkpt>
      <trkpt lat="49.155049" lon="20.077043"><ele>1537.0</ele></trkpt>
      <trkpt lat="49.155014" lon="20.077042"><ele>1537.0</ele></trkpt>
      <trkpt lat="49.154979" lon="20.077040"><ele>1537.0</ele></trkpt>
      <trkpt lat="49.154944" lon="20.077039"><ele>1536.0</ele></trkpt>
      <trkpt lat="49.154929" lon="20.077043"><ele>1536.0</ele></trkpt>
      <trkpt lat="49.154914" lon="20.077047"><ele>1535.0</ele></trkpt>
      <trkpt lat="49.154900" lon="20.077052"><ele>1535.0</ele></trkpt>
      <trkpt lat="49.154885" lon="20.077056"><ele>1535.0</ele></trkpt>
      <trkpt lat="49.154870" lon="20.077060"><ele>1535.0</ele></trkpt>
      <trkpt lat="49.154855" lon="20.077064"><ele>1535.0</ele></trkpt>
      <trkpt lat="49.154840" lon="20.077063"><ele>1535.0</ele></trkpt>
      <trkpt lat="49.154824" lon="20.077062"><ele>1534.0</ele></trkpt>
      <trkpt lat="49.154809" lon="20.077061"><ele>1533.0</ele></trkpt>
      <trkpt lat="49.154794" lon="20.077061"><ele>1533.0</ele></trkpt>
      <trkpt lat="49.154778" lon="20.077060"><ele>1533.0</ele></trkpt>
      <trkpt lat="49.154763" lon="20.077059"><ele>1533.0</ele></trkpt>
      <trkpt lat="49.154750" lon="20.077067"><ele>1533.0</ele></trkpt>
      <trkpt lat="49.154737" lon="20.077074"><ele>1532.0</ele></trkpt>
      <trkpt lat="49.154724" lon="20.077082"><ele>1532.0</ele></trkpt>
      <trkpt lat="49.154711" lon="20.077089"><ele>1532.0</ele></trkpt>
      <trkpt lat="49.154698" lon="20.077097"><ele>1532.0</ele></trkpt>
      <trkpt lat="49.154685" lon="20.077104"><ele>1532.0</ele></trkpt>
      <trkpt lat="49.154672" lon="20.077112"><ele>1532.0</ele></trkpt>
      <trkpt lat="49.154649" lon="20.077114"><ele>1532.0</ele></trkpt>
      <trkpt lat="49.154626" lon="20.077116"><ele>1532.0</ele></trkpt>
      <trkpt lat="49.154604" lon="20.077127"><ele>1532.0</ele></trkpt>
      <trkpt lat="49.154584" lon="20.077148"><ele>1532.0</ele></trkpt>
      <trkpt lat="49.154563" lon="20.077169"><ele>1532.0</ele></trkpt>
      <trkpt lat="49.154543" lon="20.077190"><ele>1533.0</ele></trkpt>
      <trkpt lat="49.154518" lon="20.077205"><ele>1533.0</ele></trkpt>
      <trkpt lat="49.154504" lon="20.077209"><ele>1533.0</ele></trkpt>
      <trkpt lat="49.154489" lon="20.077214"><ele>1533.0</ele></trkpt>
      <trkpt lat="49.154474" lon="20.077219"><ele>1533.0</ele></trkpt>
      <trkpt lat="49.154460" lon="20.077223"><ele>1533.0</ele></trkpt>
      <trkpt lat="49.154445" lon="20.077228"><ele>1533.0</ele></trkpt>
      <trkpt lat="49.154429" lon="20.077239"><ele>1533.0</ele></trkpt>
      <trkpt lat="49.154413" lon="20.077250"><ele>1533.0</ele></trkpt>
      <trkpt lat="49.154397" lon="20.077261"><ele>1534.0</ele></trkpt>
      <trkpt lat="49.154381" lon="20.077271"><ele>1534.0</ele></trkpt>
      <trkpt lat="49.154365" lon="20.077282"><ele>1534.0</ele></trkpt>
      <trkpt lat="49.154349" lon="20.077293"><ele>1534.0</ele></trkpt>
      <trkpt lat="49.154343" lon="20.077314"><ele>1534.0</ele></trkpt>
      <trkpt lat="49.154336" lon="20.077335"><ele>1533.0</ele></trkpt>
      <trkpt lat="49.154330" lon="20.077355"><ele>1533.0</ele></trkpt>
      <trkpt lat="49.154324" lon="20.077376"><ele>1533.0</ele></trkpt>
      <trkpt lat="49.154317" lon="20.077397"><ele>1533.0</ele></trkpt>
      <trkpt lat="49.154311" lon="20.077418"><ele>1533.0</ele></trkpt>
      <trkpt lat="49.154307" lon="20.077443"><ele>1532.0</ele></trkpt>
      <trkpt lat="49.154305" lon="20.077474"><ele>1532.0</ele></trkpt>
      <trkpt lat="49.154304" lon="20.077505"><ele>1532.0</ele></trkpt>
      <trkpt lat="49.154302" lon="20.077535"><ele>1532.0</ele></trkpt>
      <trkpt lat="49.154300" lon="20.077566"><ele>1531.0</ele></trkpt>
      <trkpt lat="49.154296" lon="20.077586"><ele>1530.0</ele></trkpt>
      <trkpt lat="49.154286" lon="20.077600"><ele>1530.0</ele></trkpt>
      <trkpt lat="49.154276" lon="20.077615"><ele>1530.0</ele></trkpt>
      <trkpt lat="49.154266" lon="20.077629"><ele>1530.0</ele></trkpt>
      <trkpt lat="49.154256" lon="20.077644"><ele>1530.0</ele></trkpt>
      <trkpt lat="49.154246" lon="20.077658"><ele>1530.0</ele></trkpt>
      <trkpt lat="49.154233" lon="20.077671"><ele>1529.0</ele></trkpt>
      <trkpt lat="49.154220" lon="20.077678"><ele>1530.0</ele></trkpt>
      <trkpt lat="49.154207" lon="20.077685"><ele>1530.0</ele></trkpt>
      <trkpt lat="49.154194" lon="20.077692"><ele>1529.0</ele></trkpt>
      <trkpt lat="49.154179" lon="20.077679"><ele>1529.0</ele></trkpt>
      <trkpt lat="49.154165" lon="20.077667"><ele>1529.0</ele></trkpt>
      <trkpt lat="49.154150" lon="20.077654"><ele>1529.0</ele></trkpt>
      <trkpt lat="49.154136" lon="20.077641"><ele>1529.0</ele></trkpt>
      <trkpt lat="49.154121" lon="20.077628"><ele>1530.0</ele></trkpt>
      <trkpt lat="49.154114" lon="20.077609"><ele>1530.0</ele></trkpt>
      <trkpt lat="49.154113" lon="20.077582"><ele>1530.0</ele></trkpt>
      <trkpt lat="49.154113" lon="20.077556"><ele>1530.0</ele></trkpt>
      <trkpt lat="49.154102" lon="20.077521"><ele>1530.0</ele></trkpt>
      <trkpt lat="49.154087" lon="20.077504"><ele>1530.0</ele></trkpt>
      <trkpt lat="49.154069" lon="20.077491"><ele>1531.0</ele></trkpt>
      <trkpt lat="49.154082" lon="20.077481"><ele>1532.0</ele></trkpt>
      <trkpt lat="49.154101" lon="20.077467"><ele>1532.0</ele></trkpt>
      <trkpt lat="49.154113" lon="20.077457"><ele>1532.0</ele></trkpt>
      <trkpt lat="49.154126" lon="20.077448"><ele>1532.0</ele></trkpt>
      <trkpt lat="49.154138" lon="20.077438"><ele>1532.0</ele></trkpt>
      <trkpt lat="49.154151" lon="20.077428"><ele>1532.0</ele></trkpt>
      <trkpt lat="49.154164" lon="20.077419"><ele>1532.0</ele></trkpt>
      <trkpt lat="49.154187" lon="20.077404"><ele>1532.0</ele></trkpt>
      <trkpt lat="49.154174" lon="20.077372"><ele>1531.0</ele></trkpt>
      <trkpt lat="49.154160" lon="20.077345"><ele>1530.0</ele></trkpt>
      <trkpt lat="49.154148" lon="20.077321"><ele>1530.0</ele></trkpt>
      <trkpt lat="49.154129" lon="20.077303"><ele>1530.0</ele></trkpt>
      <trkpt lat="49.154114" lon="20.077274"><ele>1530.0</ele></trkpt>
      <trkpt lat="49.154104" lon="20.077249"><ele>1530.0</ele></trkpt>
      <trkpt lat="49.154094" lon="20.077224"><ele>1530.0</ele></trkpt>
      <trkpt lat="49.154085" lon="20.077199"><ele>1530.0</ele></trkpt>
      <trkpt lat="49.154075" lon="20.077174"><ele>1530.0</ele></trkpt>
      <trkpt lat="49.154065" lon="20.077149"><ele>1530.0</ele></trkpt>
      <trkpt lat="49.154066" lon="20.077128"><ele>1530.0</ele></trkpt>
      <trkpt lat="49.154066" lon="20.077107"><ele>1530.0</ele></trkpt>
      <trkpt lat="49.154067" lon="20.077086"><ele>1530.0</ele></trkpt>
      <trkpt lat="49.154068" lon="20.077045"><ele>1530.0</ele></trkpt>
      <trkpt lat="49.154068" lon="20.077024"><ele>1530.0</ele></trkpt>
      <trkpt lat="49.154069" lon="20.077003"><ele>1530.0</ele></trkpt>
      <trkpt lat="49.154077" lon="20.076986"><ele>1530.0</ele></trkpt>
      <trkpt lat="49.154093" lon="20.076953"><ele>1530.0</ele></trkpt>
      <trkpt lat="49.154101" lon="20.076936"><ele>1529.0</ele></trkpt>
      <trkpt lat="49.154109" lon="20.076919"><ele>1529.0</ele></trkpt>
      <trkpt lat="49.154125" lon="20.076886"><ele>1529.0</ele></trkpt>
      <trkpt lat="49.154135" lon="20.076868"><ele>1529.0</ele></trkpt>
      <trkpt lat="49.154144" lon="20.076850"><ele>1529.0</ele></trkpt>
      <trkpt lat="49.154154" lon="20.076832"><ele>1529.0</ele></trkpt>
      <trkpt lat="49.154163" lon="20.076813"><ele>1529.0</ele></trkpt>
      <trkpt lat="49.154173" lon="20.076795"><ele>1529.0</ele></trkpt>
      <trkpt lat="49.154182" lon="20.076777"><ele>1529.0</ele></trkpt>
      <trkpt lat="49.154187" lon="20.076750"><ele>1528.0</ele></trkpt>
      <trkpt lat="49.154192" lon="20.076723"><ele>1527.0</ele></trkpt>
      <trkpt lat="49.154196" lon="20.076697"><ele>1527.0</ele></trkpt>
      <trkpt lat="49.154201" lon="20.076670"><ele>1526.0</ele></trkpt>
      <trkpt lat="49.154206" lon="20.076643"><ele>1526.0</ele></trkpt>
      <trkpt lat="49.154214" lon="20.076611"><ele>1526.0</ele></trkpt>
      <trkpt lat="49.154223" lon="20.076578"><ele>1525.0</ele></trkpt>
      <trkpt lat="49.154231" lon="20.076546"><ele>1525.0</ele></trkpt>
      <trkpt lat="49.154239" lon="20.076513"><ele>1525.0</ele></trkpt>
      <trkpt lat="49.154225" lon="20.076487"><ele>1525.0</ele></trkpt>
      <trkpt lat="49.154211" lon="20.076461"><ele>1524.0</ele></trkpt>
      <trkpt lat="49.154197" lon="20.076434"><ele>1523.0</ele></trkpt>
      <trkpt lat="49.154183" lon="20.076408"><ele>1523.0</ele></trkpt>
      <trkpt lat="49.154162" lon="20.076400"><ele>1523.0</ele></trkpt>
      <trkpt lat="49.154148" lon="20.076404"><ele>1523.0</ele></trkpt>
      <trkpt lat="49.154134" lon="20.076409"><ele>1523.0</ele></trkpt>
      <trkpt lat="49.154120" lon="20.076414"><ele>1523.0</ele></trkpt>
      <trkpt lat="49.154106" lon="20.076419"><ele>1523.0</ele></trkpt>
      <trkpt lat="49.154092" lon="20.076423"><ele>1522.0</ele></trkpt>
      <trkpt lat="49.154078" lon="20.076428"><ele>1522.0</ele></trkpt>
      <trkpt lat="49.154060" lon="20.076435"><ele>1522.0</ele></trkpt>
      <trkpt lat="49.154042" lon="20.076443"><ele>1522.0</ele></trkpt>
      <trkpt lat="49.154024" lon="20.076450"><ele>1522.0</ele></trkpt>
      <trkpt lat="49.154006" lon="20.076458"><ele>1522.0</ele></trkpt>
      <trkpt lat="49.153988" lon="20.076465"><ele>1522.0</ele></trkpt>
      <trkpt lat="49.153968" lon="20.076467"><ele>1522.0</ele></trkpt>
      <trkpt lat="49.153948" lon="20.076469"><ele>1522.0</ele></trkpt>
      <trkpt lat="49.153928" lon="20.076470"><ele>1522.0</ele></trkpt>
      <trkpt lat="49.153908" lon="20.076472"><ele>1522.0</ele></trkpt>
      <trkpt lat="49.153887" lon="20.076473"><ele>1522.0</ele></trkpt>
      <trkpt lat="49.153864" lon="20.076473"><ele>1521.0</ele></trkpt>
      <trkpt lat="49.153842" lon="20.076474"><ele>1521.0</ele></trkpt>
      <trkpt lat="49.153819" lon="20.076474"><ele>1521.0</ele></trkpt>
      <trkpt lat="49.153797" lon="20.076474"><ele>1521.0</ele></trkpt>
      <trkpt lat="49.153782" lon="20.076459"><ele>1521.0</ele></trkpt>
      <trkpt lat="49.153767" lon="20.076443"><ele>1521.0</ele></trkpt>
      <trkpt lat="49.153752" lon="20.076428"><ele>1521.0</ele></trkpt>
      <trkpt lat="49.153737" lon="20.076412"><ele>1520.0</ele></trkpt>
      <trkpt lat="49.153722" lon="20.076397"><ele>1519.0</ele></trkpt>
      <trkpt lat="49.153705" lon="20.076366"><ele>1519.0</ele></trkpt>
      <trkpt lat="49.153687" lon="20.076335"><ele>1519.0</ele></trkpt>
      <trkpt lat="49.153670" lon="20.076304"><ele>1519.0</ele></trkpt>
      <trkpt lat="49.153646" lon="20.076281"><ele>1519.0</ele></trkpt>
      <trkpt lat="49.153631" lon="20.076273"><ele>1518.0</ele></trkpt>
      <trkpt lat="49.153617" lon="20.076265"><ele>1518.0</ele></trkpt>
      <trkpt lat="49.153602" lon="20.076257"><ele>1518.0</ele></trkpt>
      <trkpt lat="49.153587" lon="20.076249"><ele>1518.0</ele></trkpt>
      <trkpt lat="49.153572" lon="20.076241"><ele>1518.0</ele></trkpt>
      <trkpt lat="49.153558" lon="20.076221"><ele>1517.0</ele></trkpt>
      <trkpt lat="49.153544" lon="20.076200"><ele>1517.0</ele></trkpt>
      <trkpt lat="49.153530" lon="20.076180"><ele>1517.0</ele></trkpt>
      <trkpt lat="49.153516" lon="20.076159"><ele>1517.0</ele></trkpt>
      <trkpt lat="49.153502" lon="20.076139"><ele>1516.0</ele></trkpt>
      <trkpt lat="49.153480" lon="20.076128"><ele>1516.0</ele></trkpt>
      <trkpt lat="49.153458" lon="20.076116"><ele>1515.0</ele></trkpt>
      <trkpt lat="49.153435" lon="20.076105"><ele>1515.0</ele></trkpt>
      <trkpt lat="49.153413" lon="20.076094"><ele>1515.0</ele></trkpt>
      <trkpt lat="49.153396" lon="20.076079"><ele>1515.0</ele></trkpt>
      <trkpt lat="49.153385" lon="20.076061"><ele>1515.0</ele></trkpt>
      <trkpt lat="49.153374" lon="20.076043"><ele>1515.0</ele></trkpt>
      <trkpt lat="49.153363" lon="20.076026"><ele>1515.0</ele></trkpt>
      <trkpt lat="49.153352" lon="20.076008"><ele>1515.0</ele></trkpt>
      <trkpt lat="49.153341" lon="20.075990"><ele>1515.0</ele></trkpt>
      <trkpt lat="49.153308" lon="20.075969"><ele>1516.0</ele></trkpt>
      <trkpt lat="49.153290" lon="20.075966"><ele>1515.0</ele></trkpt>
      <trkpt lat="49.153271" lon="20.075963"><ele>1515.0</ele></trkpt>
      <trkpt lat="49.153253" lon="20.075961"><ele>1515.0</ele></trkpt>
      <trkpt lat="49.153234" lon="20.075958"><ele>1515.0</ele></trkpt>
      <trkpt lat="49.153216" lon="20.075955"><ele>1515.0</ele></trkpt>
      <trkpt lat="49.153202" lon="20.075948"><ele>1514.0</ele></trkpt>
      <trkpt lat="49.153187" lon="20.075941"><ele>1514.0</ele></trkpt>
      <trkpt lat="49.153173" lon="20.075934"><ele>1514.0</ele></trkpt>
      <trkpt lat="49.153158" lon="20.075927"><ele>1514.0</ele></trkpt>
      <trkpt lat="49.153144" lon="20.075920"><ele>1514.0</ele></trkpt>
      <trkpt lat="49.153129" lon="20.075913"><ele>1514.0</ele></trkpt>
      <trkpt lat="49.153123" lon="20.075894"><ele>1514.0</ele></trkpt>
      <trkpt lat="49.153112" lon="20.075856"><ele>1513.0</ele></trkpt>
      <trkpt lat="49.153106" lon="20.075836"><ele>1513.0</ele></trkpt>
      <trkpt lat="49.153100" lon="20.075817"><ele>1513.0</ele></trkpt>
      <trkpt lat="49.153089" lon="20.075779"><ele>1512.0</ele></trkpt>
      <trkpt lat="49.153079" lon="20.075746"><ele>1512.0</ele></trkpt>
      <trkpt lat="49.153068" lon="20.075713"><ele>1512.0</ele></trkpt>
      <trkpt lat="49.153058" lon="20.075680"><ele>1511.0</ele></trkpt>
      <trkpt lat="49.153034" lon="20.075652"><ele>1511.0</ele></trkpt>
      <trkpt lat="49.153021" lon="20.075615"><ele>1511.0</ele></trkpt>
      <trkpt lat="49.153014" lon="20.075584"><ele>1510.0</ele></trkpt>
      <trkpt lat="49.153004" lon="20.075537"><ele>1510.0</ele></trkpt>
      <trkpt lat="49.152995" lon="20.075506"><ele>1509.0</ele></trkpt>
      <trkpt lat="49.153000" lon="20.075481"><ele>1509.0</ele></trkpt>
      <trkpt lat="49.153005" lon="20.075457"><ele>1509.0</ele></trkpt>
      <trkpt lat="49.153009" lon="20.075432"><ele>1509.0</ele></trkpt>
      <trkpt lat="49.153014" lon="20.075408"><ele>1509.0</ele></trkpt>
      <trkpt lat="49.153019" lon="20.075383"><ele>1508.0</ele></trkpt>
      <trkpt lat="49.153024" lon="20.075337"><ele>1508.0</ele></trkpt>
      <trkpt lat="49.153034" lon="20.075308"><ele>1508.0</ele></trkpt>
      <trkpt lat="49.153044" lon="20.075281"><ele>1508.0</ele></trkpt>
      <trkpt lat="49.153055" lon="20.075244"><ele>1508.0</ele></trkpt>
      <trkpt lat="49.153065" lon="20.075208"><ele>1508.0</ele></trkpt>
      <trkpt lat="49.153076" lon="20.075171"><ele>1508.0</ele></trkpt>
      <trkpt lat="49.153087" lon="20.075135"><ele>1508.0</ele></trkpt>
      <trkpt lat="49.153100" lon="20.075100"><ele>1508.0</ele></trkpt>
      <trkpt lat="49.153112" lon="20.075065"><ele>1508.0</ele></trkpt>
      <trkpt lat="49.153125" lon="20.075030"><ele>1507.0</ele></trkpt>
      <trkpt lat="49.153113" lon="20.075007"><ele>1507.0</ele></trkpt>
      <trkpt lat="49.153101" lon="20.074985"><ele>1507.0</ele></trkpt>
      <trkpt lat="49.153088" lon="20.074962"><ele>1506.0</ele></trkpt>
      <trkpt lat="49.153076" lon="20.074940"><ele>1506.0</ele></trkpt>
      <trkpt lat="49.153064" lon="20.074917"><ele>1506.0</ele></trkpt>
      <trkpt lat="49.153043" lon="20.074904"><ele>1506.0</ele></trkpt>
      <trkpt lat="49.153023" lon="20.074890"><ele>1506.0</ele></trkpt>
      <trkpt lat="49.153002" lon="20.074877"><ele>1507.0</ele></trkpt>
      <trkpt lat="49.152981" lon="20.074864"><ele>1507.0</ele></trkpt>
      <trkpt lat="49.152962" lon="20.074851"><ele>1506.0</ele></trkpt>
      <trkpt lat="49.152943" lon="20.074839"><ele>1506.0</ele></trkpt>
      <trkpt lat="49.152924" lon="20.074826"><ele>1506.0</ele></trkpt>
      <trkpt lat="49.152905" lon="20.074813"><ele>1506.0</ele></trkpt>
      <trkpt lat="49.152886" lon="20.074800"><ele>1506.0</ele></trkpt>
      <trkpt lat="49.152868" lon="20.074787"><ele>1507.0</ele></trkpt>
      <trkpt lat="49.152849" lon="20.074774"><ele>1507.0</ele></trkpt>
      <trkpt lat="49.152831" lon="20.074760"><ele>1507.0</ele></trkpt>
      <trkpt lat="49.152813" lon="20.074747"><ele>1508.0</ele></trkpt>
      <trkpt lat="49.152796" lon="20.074731"><ele>1508.0</ele></trkpt>
      <trkpt lat="49.152779" lon="20.074715"><ele>1508.0</ele></trkpt>
      <trkpt lat="49.152762" lon="20.074699"><ele>1509.0</ele></trkpt>
      <trkpt lat="49.152745" lon="20.074683"><ele>1509.0</ele></trkpt>
      <trkpt lat="49.152722" lon="20.074669"><ele>1509.0</ele></trkpt>
      <trkpt lat="49.152708" lon="20.074662"><ele>1509.0</ele></trkpt>
      <trkpt lat="49.152693" lon="20.074656"><ele>1509.0</ele></trkpt>
      <trkpt lat="49.152678" lon="20.074650"><ele>1509.0</ele></trkpt>
      <trkpt lat="49.152664" lon="20.074643"><ele>1509.0</ele></trkpt>
      <trkpt lat="49.152649" lon="20.074637"><ele>1509.0</ele></trkpt>
      <trkpt lat="49.152627" lon="20.074615"><ele>1510.0</ele></trkpt>
      <trkpt lat="49.152605" lon="20.074592"><ele>1511.0</ele></trkpt>
      <trkpt lat="49.152583" lon="20.074570"><ele>1511.0</ele></trkpt>
      <trkpt lat="49.152566" lon="20.074548"><ele>1511.0</ele></trkpt>
      <trkpt lat="49.152555" lon="20.074525"><ele>1511.0</ele></trkpt>
      <trkpt lat="49.152544" lon="20.074502"><ele>1511.0</ele></trkpt>
      <trkpt lat="49.152533" lon="20.074480"><ele>1512.0</ele></trkpt>
      <trkpt lat="49.152522" lon="20.074457"><ele>1512.0</ele></trkpt>
      <trkpt lat="49.152511" lon="20.074430"><ele>1513.0</ele></trkpt>
      <trkpt lat="49.152500" lon="20.074399"><ele>1513.0</ele></trkpt>
      <trkpt lat="49.152489" lon="20.074367"><ele>1513.0</ele></trkpt>
      <trkpt lat="49.152478" lon="20.074336"><ele>1514.0</ele></trkpt>
      <trkpt lat="49.152468" lon="20.074306"><ele>1514.0</ele></trkpt>
      <trkpt lat="49.152457" lon="20.074277"><ele>1514.0</ele></trkpt>
      <trkpt lat="49.152446" lon="20.074248"><ele>1515.0</ele></trkpt>
      <trkpt lat="49.152436" lon="20.074220"><ele>1515.0</ele></trkpt>
      <trkpt lat="49.152425" lon="20.074191"><ele>1516.0</ele></trkpt>
      <trkpt lat="49.152416" lon="20.074171"><ele>1516.0</ele></trkpt>
      <trkpt lat="49.152407" lon="20.074150"><ele>1516.0</ele></trkpt>
      <trkpt lat="49.152399" lon="20.074130"><ele>1516.0</ele></trkpt>
      <trkpt lat="49.152390" lon="20.074110"><ele>1516.0</ele></trkpt>
      <trkpt lat="49.152381" lon="20.074089"><ele>1516.0</ele></trkpt>
      <trkpt lat="49.152372" lon="20.074069"><ele>1517.0</ele></trkpt>
      <trkpt lat="49.152364" lon="20.074049"><ele>1517.0</ele></trkpt>
      <trkpt lat="49.152356" lon="20.074029"><ele>1518.0</ele></trkpt>
      <trkpt lat="49.152348" lon="20.074009"><ele>1518.0</ele></trkpt>
      <trkpt lat="49.152339" lon="20.073989"><ele>1518.0</ele></trkpt>
      <trkpt lat="49.152331" lon="20.073969"><ele>1518.0</ele></trkpt>
      <trkpt lat="49.152323" lon="20.073949"><ele>1518.0</ele></trkpt>
      <trkpt lat="49.152313" lon="20.073928"><ele>1518.0</ele></trkpt>
      <trkpt lat="49.152303" lon="20.073908"><ele>1519.0</ele></trkpt>
      <trkpt lat="49.152294" lon="20.073887"><ele>1519.0</ele></trkpt>
      <trkpt lat="49.152284" lon="20.073867"><ele>1520.0</ele></trkpt>
      <trkpt lat="49.152274" lon="20.073846"><ele>1521.0</ele></trkpt>
      <trkpt lat="49.152264" lon="20.073826"><ele>1521.0</ele></trkpt>
      <trkpt lat="49.152253" lon="20.073804"><ele>1522.0</ele></trkpt>
      <trkpt lat="49.152243" lon="20.073782"><ele>1522.0</ele></trkpt>
      <trkpt lat="49.152232" lon="20.073759"><ele>1522.0</ele></trkpt>
      <trkpt lat="49.152222" lon="20.073737"><ele>1522.0</ele></trkpt>
      <trkpt lat="49.152211" lon="20.073715"><ele>1522.0</ele></trkpt>
      <trkpt lat="49.152201" lon="20.073696"><ele>1522.0</ele></trkpt>
      <trkpt lat="49.152192" lon="20.073677"><ele>1522.0</ele></trkpt>
      <trkpt lat="49.152182" lon="20.073658"><ele>1523.0</ele></trkpt>
      <trkpt lat="49.152172" lon="20.073640"><ele>1523.0</ele></trkpt>
      <trkpt lat="49.152163" lon="20.073621"><ele>1524.0</ele></trkpt>
      <trkpt lat="49.152153" lon="20.073602"><ele>1524.0</ele></trkpt>
      <trkpt lat="49.152144" lon="20.073582"><ele>1524.0</ele></trkpt>
      <trkpt lat="49.152134" lon="20.073562"><ele>1524.0</ele></trkpt>
      <trkpt lat="49.152125" lon="20.073542"><ele>1525.0</ele></trkpt>
      <trkpt lat="49.152115" lon="20.073522"><ele>1525.0</ele></trkpt>
      <trkpt lat="49.152106" lon="20.073502"><ele>1525.0</ele></trkpt>
      <trkpt lat="49.152096" lon="20.073482"><ele>1525.0</ele></trkpt>
      <trkpt lat="49.152089" lon="20.073453"><ele>1526.0</ele></trkpt>
      <trkpt lat="49.152082" lon="20.073424"><ele>1526.0</ele></trkpt>
      <trkpt lat="49.152076" lon="20.073395"><ele>1526.0</ele></trkpt>
      <trkpt lat="49.152069" lon="20.073366"><ele>1526.0</ele></trkpt>
      <trkpt lat="49.152062" lon="20.073337"><ele>1526.0</ele></trkpt>
      <trkpt lat="49.152051" lon="20.073314"><ele>1526.0</ele></trkpt>
      <trkpt lat="49.152040" lon="20.073291"><ele>1527.0</ele></trkpt>
      <trkpt lat="49.152030" lon="20.073268"><ele>1527.0</ele></trkpt>
      <trkpt lat="49.152019" lon="20.073245"><ele>1528.0</ele></trkpt>
      <trkpt lat="49.152008" lon="20.073222"><ele>1528.0</ele></trkpt>
      <trkpt lat="49.151998" lon="20.073201"><ele>1528.0</ele></trkpt>
      <trkpt lat="49.151987" lon="20.073179"><ele>1528.0</ele></trkpt>
      <trkpt lat="49.151977" lon="20.073158"><ele>1528.0</ele></trkpt>
      <trkpt lat="49.151967" lon="20.073136"><ele>1528.0</ele></trkpt>
      <trkpt lat="49.151956" lon="20.073115"><ele>1528.0</ele></trkpt>
      <trkpt lat="49.151946" lon="20.073092"><ele>1528.0</ele></trkpt>
      <trkpt lat="49.151935" lon="20.073067"><ele>1528.0</ele></trkpt>
      <trkpt lat="49.151924" lon="20.073042"><ele>1528.0</ele></trkpt>
      <trkpt lat="49.151913" lon="20.073018"><ele>1528.0</ele></trkpt>
      <trkpt lat="49.151902" lon="20.072993"><ele>1529.0</ele></trkpt>
      <trkpt lat="49.151892" lon="20.072968"><ele>1529.0</ele></trkpt>
      <trkpt lat="49.151885" lon="20.072942"><ele>1529.0</ele></trkpt>
      <trkpt lat="49.151877" lon="20.072915"><ele>1529.0</ele></trkpt>
      <trkpt lat="49.151869" lon="20.072889"><ele>1529.0</ele></trkpt>
      <trkpt lat="49.151862" lon="20.072863"><ele>1529.0</ele></trkpt>
      <trkpt lat="49.151854" lon="20.072837"><ele>1530.0</ele></trkpt>
      <trkpt lat="49.151845" lon="20.072812"><ele>1529.0</ele></trkpt>
      <trkpt lat="49.151836" lon="20.072786"><ele>1529.0</ele></trkpt>
      <trkpt lat="49.151827" lon="20.072761"><ele>1529.0</ele></trkpt>
      <trkpt lat="49.151818" lon="20.072736"><ele>1530.0</ele></trkpt>
      <trkpt lat="49.151810" lon="20.072710"><ele>1530.0</ele></trkpt>
      <trkpt lat="49.151802" lon="20.072685"><ele>1530.0</ele></trkpt>
      <trkpt lat="49.151794" lon="20.072660"><ele>1530.0</ele></trkpt>
      <trkpt lat="49.151785" lon="20.072635"><ele>1531.0</ele></trkpt>
      <trkpt lat="49.151777" lon="20.072610"><ele>1532.0</ele></trkpt>
      <trkpt lat="49.151769" lon="20.072585"><ele>1532.0</ele></trkpt>
      <trkpt lat="49.151762" lon="20.072562"><ele>1532.0</ele></trkpt>
      <trkpt lat="49.151754" lon="20.072538"><ele>1531.0</ele></trkpt>
      <trkpt lat="49.151746" lon="20.072515"><ele>1532.0</ele></trkpt>
      <trkpt lat="49.151739" lon="20.072491"><ele>1532.0</ele></trkpt>
      <trkpt lat="49.151731" lon="20.072468"><ele>1533.0</ele></trkpt>
      <trkpt lat="49.151728" lon="20.072447"><ele>1535.0</ele></trkpt>
      <trkpt lat="49.151725" lon="20.072423"><ele>1535.0</ele></trkpt>
      <trkpt lat="49.151721" lon="20.072399"><ele>1535.0</ele></trkpt>
      <trkpt lat="49.151718" lon="20.072375"><ele>1536.0</ele></trkpt>
      <trkpt lat="49.151714" lon="20.072351"><ele>1536.0</ele></trkpt>
      <trkpt lat="49.151704" lon="20.072320"><ele>1535.0</ele></trkpt>
      <trkpt lat="49.151687" lon="20.072292"><ele>1535.0</ele></trkpt>
      <trkpt lat="49.151670" lon="20.072264"><ele>1535.0</ele></trkpt>
      <trkpt lat="49.151653" lon="20.072236"><ele>1535.0</ele></trkpt>
      <trkpt lat="49.151634" lon="20.072204"><ele>1535.0</ele></trkpt>
      <trkpt lat="49.151624" lon="20.072186"><ele>1535.0</ele></trkpt>
      <trkpt lat="49.151615" lon="20.072168"><ele>1535.0</ele></trkpt>
      <trkpt lat="49.151605" lon="20.072150"><ele>1535.0</ele></trkpt>
      <trkpt lat="49.151595" lon="20.072132"><ele>1535.0</ele></trkpt>
      <trkpt lat="49.151585" lon="20.072114"><ele>1534.0</ele></trkpt>
      <trkpt lat="49.151570" lon="20.072090"><ele>1534.0</ele></trkpt>
      <trkpt lat="49.151556" lon="20.072067"><ele>1535.0</ele></trkpt>
      <trkpt lat="49.151541" lon="20.072043"><ele>1535.0</ele></trkpt>
      <trkpt lat="49.151526" lon="20.072020"><ele>1535.0</ele></trkpt>
      <trkpt lat="49.151510" lon="20.071991"><ele>1535.0</ele></trkpt>
      <trkpt lat="49.151501" lon="20.071973"><ele>1535.0</ele></trkpt>
      <trkpt lat="49.151492" lon="20.071956"><ele>1535.0</ele></trkpt>
      <trkpt lat="49.151483" lon="20.071939"><ele>1535.0</ele></trkpt>
      <trkpt lat="49.151474" lon="20.071922"><ele>1535.0</ele></trkpt>
      <trkpt lat="49.151465" lon="20.071904"><ele>1535.0</ele></trkpt>
      <trkpt lat="49.151456" lon="20.071887"><ele>1535.0</ele></trkpt>
      <trkpt lat="49.151450" lon="20.071861"><ele>1536.0</ele></trkpt>
      <trkpt lat="49.151444" lon="20.071835"><ele>1537.0</ele></trkpt>
      <trkpt lat="49.151439" lon="20.071810"><ele>1537.0</ele></trkpt>
      <trkpt lat="49.151433" lon="20.071784"><ele>1536.0</ele></trkpt>
      <trkpt lat="49.151427" lon="20.071758"><ele>1536.0</ele></trkpt>
      <trkpt lat="49.151417" lon="20.071734"><ele>1536.0</ele></trkpt>
      <trkpt lat="49.151404" lon="20.071712"><ele>1536.0</ele></trkpt>
      <trkpt lat="49.151391" lon="20.071689"><ele>1536.0</ele></trkpt>
      <trkpt lat="49.151378" lon="20.071667"><ele>1536.0</ele></trkpt>
      <trkpt lat="49.151365" lon="20.071645"><ele>1536.0</ele></trkpt>
      <trkpt lat="49.151351" lon="20.071619"><ele>1535.0</ele></trkpt>
      <trkpt lat="49.151337" lon="20.071590"><ele>1535.0</ele></trkpt>
      <trkpt lat="49.151324" lon="20.071561"><ele>1535.0</ele></trkpt>
      <trkpt lat="49.151310" lon="20.071532"><ele>1535.0</ele></trkpt>
      <trkpt lat="49.151298" lon="20.071503"><ele>1535.0</ele></trkpt>
      <trkpt lat="49.151287" lon="20.071476"><ele>1536.0</ele></trkpt>
      <trkpt lat="49.151276" lon="20.071449"><ele>1536.0</ele></trkpt>
      <trkpt lat="49.151265" lon="20.071421"><ele>1537.0</ele></trkpt>
      <trkpt lat="49.151254" lon="20.071394"><ele>1537.0</ele></trkpt>
      <trkpt lat="49.151244" lon="20.071367"><ele>1538.0</ele></trkpt>
      <trkpt lat="49.151234" lon="20.071339"><ele>1538.0</ele></trkpt>
      <trkpt lat="49.151225" lon="20.071312"><ele>1538.0</ele></trkpt>
      <trkpt lat="49.151215" lon="20.071285"><ele>1537.0</ele></trkpt>
      <trkpt lat="49.151201" lon="20.071258"><ele>1537.0</ele></trkpt>
      <trkpt lat="49.151184" lon="20.071231"><ele>1536.0</ele></trkpt>
      <trkpt lat="49.151167" lon="20.071204"><ele>1536.0</ele></trkpt>
      <trkpt lat="49.151150" lon="20.071177"><ele>1536.0</ele></trkpt>
      <trkpt lat="49.151132" lon="20.071152"><ele>1536.0</ele></trkpt>
      <trkpt lat="49.151114" lon="20.071127"><ele>1535.0</ele></trkpt>
      <trkpt lat="49.151096" lon="20.071103"><ele>1534.0</ele></trkpt>
      <trkpt lat="49.151078" lon="20.071078"><ele>1535.0</ele></trkpt>
      <trkpt lat="49.151062" lon="20.071058"><ele>1536.0</ele></trkpt>
      <trkpt lat="49.151049" lon="20.071041"><ele>1536.0</ele></trkpt>
      <trkpt lat="49.151035" lon="20.071025"><ele>1536.0</ele></trkpt>
      <trkpt lat="49.151022" lon="20.071008"><ele>1536.0</ele></trkpt>
      <trkpt lat="49.151008" lon="20.070992"><ele>1536.0</ele></trkpt>
      <trkpt lat="49.150995" lon="20.070975"><ele>1536.0</ele></trkpt>
      <trkpt lat="49.150980" lon="20.070964"><ele>1537.0</ele></trkpt>
      <trkpt lat="49.150965" lon="20.070952"><ele>1537.0</ele></trkpt>
      <trkpt lat="49.150950" lon="20.070941"><ele>1538.0</ele></trkpt>
      <trkpt lat="49.150936" lon="20.070930"><ele>1538.0</ele></trkpt>
      <trkpt lat="49.150921" lon="20.070919"><ele>1537.0</ele></trkpt>
      <trkpt lat="49.150906" lon="20.070907"><ele>1537.0</ele></trkpt>
      <trkpt lat="49.150891" lon="20.070893"><ele>1537.0</ele></trkpt>
      <trkpt lat="49.150879" lon="20.070882"><ele>1537.0</ele></trkpt>
      <trkpt lat="49.150867" lon="20.070870"><ele>1537.0</ele></trkpt>
      <trkpt lat="49.150854" lon="20.070859"><ele>1537.0</ele></trkpt>
      <trkpt lat="49.150842" lon="20.070847"><ele>1537.0</ele></trkpt>
      <trkpt lat="49.150830" lon="20.070836"><ele>1537.0</ele></trkpt>
      <trkpt lat="49.150818" lon="20.070824"><ele>1537.0</ele></trkpt>
      <trkpt lat="49.150800" lon="20.070809"><ele>1537.0</ele></trkpt>
      <trkpt lat="49.150782" lon="20.070794"><ele>1538.0</ele></trkpt>
      <trkpt lat="49.150763" lon="20.070779"><ele>1538.0</ele></trkpt>
      <trkpt lat="49.150745" lon="20.070764"><ele>1538.0</ele></trkpt>
      <trkpt lat="49.150726" lon="20.070750"><ele>1539.0</ele></trkpt>
      <trkpt lat="49.150707" lon="20.070738"><ele>1539.0</ele></trkpt>
      <trkpt lat="49.150688" lon="20.070726"><ele>1539.0</ele></trkpt>
      <trkpt lat="49.150669" lon="20.070714"><ele>1539.0</ele></trkpt>
      <trkpt lat="49.150650" lon="20.070702"><ele>1539.0</ele></trkpt>
      <trkpt lat="49.150630" lon="20.070693"><ele>1539.0</ele></trkpt>
      <trkpt lat="49.150610" lon="20.070685"><ele>1539.0</ele></trkpt>
      <trkpt lat="49.150591" lon="20.070676"><ele>1539.0</ele></trkpt>
      <trkpt lat="49.150571" lon="20.070667"><ele>1540.0</ele></trkpt>
      <trkpt lat="49.150552" lon="20.070666"><ele>1540.0</ele></trkpt>
      <trkpt lat="49.150535" lon="20.070672"><ele>1540.0</ele></trkpt>
      <trkpt lat="49.150518" lon="20.070678"><ele>1540.0</ele></trkpt>
      <trkpt lat="49.150501" lon="20.070684"><ele>1540.0</ele></trkpt>
      <trkpt lat="49.150483" lon="20.070690"><ele>1540.0</ele></trkpt>
      <trkpt lat="49.150466" lon="20.070696"><ele>1541.0</ele></trkpt>
      <trkpt lat="49.150452" lon="20.070706"><ele>1541.0</ele></trkpt>
      <trkpt lat="49.150437" lon="20.070716"><ele>1541.0</ele></trkpt>
      <trkpt lat="49.150423" lon="20.070726"><ele>1541.0</ele></trkpt>
      <trkpt lat="49.150409" lon="20.070735"><ele>1541.0</ele></trkpt>
      <trkpt lat="49.150394" lon="20.070745"><ele>1540.0</ele></trkpt>
      <trkpt lat="49.150380" lon="20.070755"><ele>1541.0</ele></trkpt>
      <trkpt lat="49.150361" lon="20.070769"><ele>1541.0</ele></trkpt>
      <trkpt lat="49.150343" lon="20.070783"><ele>1541.0</ele></trkpt>
      <trkpt lat="49.150324" lon="20.070796"><ele>1542.0</ele></trkpt>
      <trkpt lat="49.150305" lon="20.070810"><ele>1542.0</ele></trkpt>
      <trkpt lat="49.150284" lon="20.070818"><ele>1542.0</ele></trkpt>
      <trkpt lat="49.150261" lon="20.070819"><ele>1542.0</ele></trkpt>
      <trkpt lat="49.150238" lon="20.070820"><ele>1543.0</ele></trkpt>
      <trkpt lat="49.150215" lon="20.070821"><ele>1543.0</ele></trkpt>
      <trkpt lat="49.150194" lon="20.070822"><ele>1543.0</ele></trkpt>
      <trkpt lat="49.150175" lon="20.070825"><ele>1543.0</ele></trkpt>
      <trkpt lat="49.150157" lon="20.070828"><ele>1543.0</ele></trkpt>
      <trkpt lat="49.150139" lon="20.070830"><ele>1543.0</ele></trkpt>
      <trkpt lat="49.150120" lon="20.070833"><ele>1543.0</ele></trkpt>
      <trkpt lat="49.150101" lon="20.070834"><ele>1543.0</ele></trkpt>
      <trkpt lat="49.150080" lon="20.070834"><ele>1544.0</ele></trkpt>
      <trkpt lat="49.150059" lon="20.070835"><ele>1544.0</ele></trkpt>
      <trkpt lat="49.150038" lon="20.070835"><ele>1544.0</ele></trkpt>
      <trkpt lat="49.150017" lon="20.070835"><ele>1545.0</ele></trkpt>
      <trkpt lat="49.150000" lon="20.070840"><ele>1545.0</ele></trkpt>
      <trkpt lat="49.149985" lon="20.070850"><ele>1545.0</ele></trkpt>
      <trkpt lat="49.149970" lon="20.070860"><ele>1545.0</ele></trkpt>
      <trkpt lat="49.149955" lon="20.070869"><ele>1545.0</ele></trkpt>
      <trkpt lat="49.149940" lon="20.070879"><ele>1545.0</ele></trkpt>
      <trkpt lat="49.149925" lon="20.070889"><ele>1545.0</ele></trkpt>
      <trkpt lat="49.149907" lon="20.070901"><ele>1545.0</ele></trkpt>
      <trkpt lat="49.149889" lon="20.070912"><ele>1545.0</ele></trkpt>
      <trkpt lat="49.149871" lon="20.070924"><ele>1545.0</ele></trkpt>
      <trkpt lat="49.149853" lon="20.070935"><ele>1545.0</ele></trkpt>
      <trkpt lat="49.149835" lon="20.070947"><ele>1545.0</ele></trkpt>
      <trkpt lat="49.149821" lon="20.070950"><ele>1546.0</ele></trkpt>
      <trkpt lat="49.149807" lon="20.070953"><ele>1546.0</ele></trkpt>
      <trkpt lat="49.149793" lon="20.070956"><ele>1546.0</ele></trkpt>
      <trkpt lat="49.149779" lon="20.070959"><ele>1546.0</ele></trkpt>
      <trkpt lat="49.149765" lon="20.070962"><ele>1546.0</ele></trkpt>
      <trkpt lat="49.149751" lon="20.070965"><ele>1546.0</ele></trkpt>
      <trkpt lat="49.149733" lon="20.070972"><ele>1546.0</ele></trkpt>
      <trkpt lat="49.149712" lon="20.070984"><ele>1546.0</ele></trkpt>
      <trkpt lat="49.149691" lon="20.070997"><ele>1546.0</ele></trkpt>
      <trkpt lat="49.149670" lon="20.071009"><ele>1546.0</ele></trkpt>
      <trkpt lat="49.149649" lon="20.071021"><ele>1546.0</ele></trkpt>
      <trkpt lat="49.149635" lon="20.071021"><ele>1546.0</ele></trkpt>
      <trkpt lat="49.149608" lon="20.071021"><ele>1546.0</ele></trkpt>
      <trkpt lat="49.149594" lon="20.071022"><ele>1546.0</ele></trkpt>
      <trkpt lat="49.149580" lon="20.071022"><ele>1546.0</ele></trkpt>
      <trkpt lat="49.149553" lon="20.071022"><ele>1546.0</ele></trkpt>
      <trkpt lat="49.149536" lon="20.071021"><ele>1546.0</ele></trkpt>
      <trkpt lat="49.149519" lon="20.071021"><ele>1546.0</ele></trkpt>
      <trkpt lat="49.149502" lon="20.071020"><ele>1546.0</ele></trkpt>
      <trkpt lat="49.149485" lon="20.071020"><ele>1546.0</ele></trkpt>
      <trkpt lat="49.149468" lon="20.071019"><ele>1546.0</ele></trkpt>
      <trkpt lat="49.149454" lon="20.071017"><ele>1546.0</ele></trkpt>
      <trkpt lat="49.149438" lon="20.071012"><ele>1546.0</ele></trkpt>
      <trkpt lat="49.149422" lon="20.071007"><ele>1546.0</ele></trkpt>
      <trkpt lat="49.149407" lon="20.071001"><ele>1546.0</ele></trkpt>
      <trkpt lat="49.149391" lon="20.070996"><ele>1546.0</ele></trkpt>
      <trkpt lat="49.149375" lon="20.070991"><ele>1546.0</ele></trkpt>
      <trkpt lat="49.149355" lon="20.070984"><ele>1546.0</ele></trkpt>
      <trkpt lat="49.149335" lon="20.070978"><ele>1546.0</ele></trkpt>
      <trkpt lat="49.149315" lon="20.070971"><ele>1546.0</ele></trkpt>
      <trkpt lat="49.149295" lon="20.070965"><ele>1546.0</ele></trkpt>
      <trkpt lat="49.149275" lon="20.070959"><ele>1547.0</ele></trkpt>
      <trkpt lat="49.149253" lon="20.070942"><ele>1547.0</ele></trkpt>
      <trkpt lat="49.149231" lon="20.070924"><ele>1547.0</ele></trkpt>
      <trkpt lat="49.149209" lon="20.070907"><ele>1547.0</ele></trkpt>
      <trkpt lat="49.149187" lon="20.070890"><ele>1547.0</ele></trkpt>
      <trkpt lat="49.149170" lon="20.070874"><ele>1547.0</ele></trkpt>
      <trkpt lat="49.149152" lon="20.070858"><ele>1546.0</ele></trkpt>
      <trkpt lat="49.149135" lon="20.070842"><ele>1546.0</ele></trkpt>
      <trkpt lat="49.149118" lon="20.070826"><ele>1546.0</ele></trkpt>
      <trkpt lat="49.149101" lon="20.070811"><ele>1546.0</ele></trkpt>
      <trkpt lat="49.149085" lon="20.070798"><ele>1546.0</ele></trkpt>
      <trkpt lat="49.149069" lon="20.070785"><ele>1546.0</ele></trkpt>
      <trkpt lat="49.149053" lon="20.070772"><ele>1546.0</ele></trkpt>
      <trkpt lat="49.149037" lon="20.070758"><ele>1546.0</ele></trkpt>
      <trkpt lat="49.149021" lon="20.070745"><ele>1546.0</ele></trkpt>
      <trkpt lat="49.149007" lon="20.070714"><ele>1546.0</ele></trkpt>
      <trkpt lat="49.148992" lon="20.070684"><ele>1546.0</ele></trkpt>
      <trkpt lat="49.148978" lon="20.070653"><ele>1546.0</ele></trkpt>
      <trkpt lat="49.148963" lon="20.070623"><ele>1546.0</ele></trkpt>
      <trkpt lat="49.148950" lon="20.070598"><ele>1546.0</ele></trkpt>
      <trkpt lat="49.148936" lon="20.070574"><ele>1546.0</ele></trkpt>
      <trkpt lat="49.148923" lon="20.070549"><ele>1546.0</ele></trkpt>
      <trkpt lat="49.148910" lon="20.070524"><ele>1546.0</ele></trkpt>
      <trkpt lat="49.148896" lon="20.070501"><ele>1546.0</ele></trkpt>
      <trkpt lat="49.148881" lon="20.070478"><ele>1546.0</ele></trkpt>
      <trkpt lat="49.148867" lon="20.070455"><ele>1546.0</ele></trkpt>
      <trkpt lat="49.148852" lon="20.070433"><ele>1546.0</ele></trkpt>
      <trkpt lat="49.148838" lon="20.070410"><ele>1546.0</ele></trkpt>
      <trkpt lat="49.148823" lon="20.070377"><ele>1546.0</ele></trkpt>
      <trkpt lat="49.148808" lon="20.070343"><ele>1546.0</ele></trkpt>
      <trkpt lat="49.148793" lon="20.070310"><ele>1545.0</ele></trkpt>
      <trkpt lat="49.148779" lon="20.070274"><ele>1545.0</ele></trkpt>
      <trkpt lat="49.148772" lon="20.070255"><ele>1545.0</ele></trkpt>
      <trkpt lat="49.148765" lon="20.070236"><ele>1545.0</ele></trkpt>
      <trkpt lat="49.148752" lon="20.070199"><ele>1545.0</ele></trkpt>
      <trkpt lat="49.148745" lon="20.070180"><ele>1545.0</ele></trkpt>
      <trkpt lat="49.148738" lon="20.070161"><ele>1545.0</ele></trkpt>
      <trkpt lat="49.148726" lon="20.070135"><ele>1545.0</ele></trkpt>
      <trkpt lat="49.148714" lon="20.070109"><ele>1545.0</ele></trkpt>
      <trkpt lat="49.148703" lon="20.070083"><ele>1545.0</ele></trkpt>
      <trkpt lat="49.148691" lon="20.070057"><ele>1545.0</ele></trkpt>
      <trkpt lat="49.148682" lon="20.070027"><ele>1545.0</ele></trkpt>
      <trkpt lat="49.148675" lon="20.069992"><ele>1545.0</ele></trkpt>
      <trkpt lat="49.148669" lon="20.069957"><ele>1545.0</ele></trkpt>
      <trkpt lat="49.148662" lon="20.069922"><ele>1545.0</ele></trkpt>
      <trkpt lat="49.148657" lon="20.069890"><ele>1545.0</ele></trkpt>
      <trkpt lat="49.148654" lon="20.069861"><ele>1545.0</ele></trkpt>
      <trkpt lat="49.148651" lon="20.069831"><ele>1545.0</ele></trkpt>
      <trkpt lat="49.148647" lon="20.069801"><ele>1545.0</ele></trkpt>
      <trkpt lat="49.148644" lon="20.069772"><ele>1545.0</ele></trkpt>
      <trkpt lat="49.148637" lon="20.069753"><ele>1545.0</ele></trkpt>
      <trkpt lat="49.148622" lon="20.069741"><ele>1545.0</ele></trkpt>
      <trkpt lat="49.148607" lon="20.069729"><ele>1545.0</ele></trkpt>
      <trkpt lat="49.148591" lon="20.069716"><ele>1545.0</ele></trkpt>
      <trkpt lat="49.148576" lon="20.069704"><ele>1545.0</ele></trkpt>
      <trkpt lat="49.148561" lon="20.069692"><ele>1545.0</ele></trkpt>
      <trkpt lat="49.148544" lon="20.069680"><ele>1545.0</ele></trkpt>
      <trkpt lat="49.148526" lon="20.069669"><ele>1545.0</ele></trkpt>
      <trkpt lat="49.148509" lon="20.069657"><ele>1545.0</ele></trkpt>
      <trkpt lat="49.148491" lon="20.069646"><ele>1545.0</ele></trkpt>
      <trkpt lat="49.148474" lon="20.069634"><ele>1544.0</ele></trkpt>
      <trkpt lat="49.148457" lon="20.069638"><ele>1544.0</ele></trkpt>
      <trkpt lat="49.148439" lon="20.069641"><ele>1544.0</ele></trkpt>
      <trkpt lat="49.148422" lon="20.069645"><ele>1544.0</ele></trkpt>
      <trkpt lat="49.148404" lon="20.069649"><ele>1544.0</ele></trkpt>
      <trkpt lat="49.148387" lon="20.069652"><ele>1545.0</ele></trkpt>
      <trkpt lat="49.148357" lon="20.069658"><ele>1545.0</ele></trkpt>
      <trkpt lat="49.148336" lon="20.069662"><ele>1545.0</ele></trkpt>
      <trkpt lat="49.148315" lon="20.069665"><ele>1544.0</ele></trkpt>
      <trkpt lat="49.148294" lon="20.069669"><ele>1545.0</ele></trkpt>
      <trkpt lat="49.148273" lon="20.069673"><ele>1545.0</ele></trkpt>
      <trkpt lat="49.148256" lon="20.069673"><ele>1545.0</ele></trkpt>
      <trkpt lat="49.148240" lon="20.069672"><ele>1545.0</ele></trkpt>
      <trkpt lat="49.148223" lon="20.069672"><ele>1545.0</ele></trkpt>
      <trkpt lat="49.148206" lon="20.069672"><ele>1545.0</ele></trkpt>
      <trkpt lat="49.148190" lon="20.069671"><ele>1545.0</ele></trkpt>
      <trkpt lat="49.148173" lon="20.069671"><ele>1545.0</ele></trkpt>
      <trkpt lat="49.148149" lon="20.069672"><ele>1545.0</ele></trkpt>
      <trkpt lat="49.148125" lon="20.069672"><ele>1544.0</ele></trkpt>
      <trkpt lat="49.148100" lon="20.069673"><ele>1544.0</ele></trkpt>
      <trkpt lat="49.148076" lon="20.069673"><ele>1544.0</ele></trkpt>
      <trkpt lat="49.148058" lon="20.069668"><ele>1544.0</ele></trkpt>
      <trkpt lat="49.148040" lon="20.069664"><ele>1544.0</ele></trkpt>
      <trkpt lat="49.148021" lon="20.069659"><ele>1544.0</ele></trkpt>
      <trkpt lat="49.148003" lon="20.069655"><ele>1544.0</ele></trkpt>
      <trkpt lat="49.147985" lon="20.069650"><ele>1544.0</ele></trkpt>
      <trkpt lat="49.147962" lon="20.069645"><ele>1544.0</ele></trkpt>
      <trkpt lat="49.147947" lon="20.069643"><ele>1544.0</ele></trkpt>
      <trkpt lat="49.147933" lon="20.069640"><ele>1544.0</ele></trkpt>
      <trkpt lat="49.147919" lon="20.069637"><ele>1544.0</ele></trkpt>
      <trkpt lat="49.147905" lon="20.069634"><ele>1544.0</ele></trkpt>
      <trkpt lat="49.147890" lon="20.069632"><ele>1544.0</ele></trkpt>
      <trkpt lat="49.147876" lon="20.069629"><ele>1544.0</ele></trkpt>
      <trkpt lat="49.147856" lon="20.069633"><ele>1545.0</ele></trkpt>
      <trkpt lat="49.147836" lon="20.069638"><ele>1545.0</ele></trkpt>
      <trkpt lat="49.147816" lon="20.069642"><ele>1545.0</ele></trkpt>
      <trkpt lat="49.147796" lon="20.069647"><ele>1545.0</ele></trkpt>
      <trkpt lat="49.147766" lon="20.069652"><ele>1545.0</ele></trkpt>
      <trkpt lat="49.147747" lon="20.069655"><ele>1545.0</ele></trkpt>
      <trkpt lat="49.147727" lon="20.069659"><ele>1545.0</ele></trkpt>
      <trkpt lat="49.147708" lon="20.069662"><ele>1545.0</ele></trkpt>
      <trkpt lat="49.147688" lon="20.069665"><ele>1545.0</ele></trkpt>
      <trkpt lat="49.147666" lon="20.069667"><ele>1545.0</ele></trkpt>
      <trkpt lat="49.147644" lon="20.069669"><ele>1545.0</ele></trkpt>
      <trkpt lat="49.147623" lon="20.069670"><ele>1545.0</ele></trkpt>
      <trkpt lat="49.147601" lon="20.069672"><ele>1545.0</ele></trkpt>
      <trkpt lat="49.147579" lon="20.069671"><ele>1545.0</ele></trkpt>
      <trkpt lat="49.147556" lon="20.069668"><ele>1545.0</ele></trkpt>
      <trkpt lat="49.147533" lon="20.069665"><ele>1545.0</ele></trkpt>
      <trkpt lat="49.147510" lon="20.069662"><ele>1544.0</ele></trkpt>
      <trkpt lat="49.147489" lon="20.069660"><ele>1544.0</ele></trkpt>
      <trkpt lat="49.147470" lon="20.069658"><ele>1544.0</ele></trkpt>
      <trkpt lat="49.147451" lon="20.069656"><ele>1544.0</ele></trkpt>
      <trkpt lat="49.147432" lon="20.069654"><ele>1544.0</ele></trkpt>
      <trkpt lat="49.147413" lon="20.069652"><ele>1544.0</ele></trkpt>
      <trkpt lat="49.147390" lon="20.069646"><ele>1544.0</ele></trkpt>
      <trkpt lat="49.147376" lon="20.069642"><ele>1544.0</ele></trkpt>
      <trkpt lat="49.147350" lon="20.069633"><ele>1544.0</ele></trkpt>
      <trkpt lat="49.147323" lon="20.069624"><ele>1544.0</ele></trkpt>
      <trkpt lat="49.147301" lon="20.069611"><ele>1544.0</ele></trkpt>
      <trkpt lat="49.147283" lon="20.069594"><ele>1544.0</ele></trkpt>
      <trkpt lat="49.147264" lon="20.069578"><ele>1544.0</ele></trkpt>
      <trkpt lat="49.147246" lon="20.069561"><ele>1544.0</ele></trkpt>
      <trkpt lat="49.147228" lon="20.069545"><ele>1544.0</ele></trkpt>
      <trkpt lat="49.147214" lon="20.069537"><ele>1544.0</ele></trkpt>
      <trkpt lat="49.147200" lon="20.069529"><ele>1544.0</ele></trkpt>
      <trkpt lat="49.147186" lon="20.069521"><ele>1544.0</ele></trkpt>
      <trkpt lat="49.147171" lon="20.069513"><ele>1544.0</ele></trkpt>
      <trkpt lat="49.147157" lon="20.069505"><ele>1544.0</ele></trkpt>
      <trkpt lat="49.147143" lon="20.069497"><ele>1544.0</ele></trkpt>
      <trkpt lat="49.147125" lon="20.069484"><ele>1544.0</ele></trkpt>
      <trkpt lat="49.147106" lon="20.069471"><ele>1544.0</ele></trkpt>
      <trkpt lat="49.147088" lon="20.069458"><ele>1544.0</ele></trkpt>
      <trkpt lat="49.147069" lon="20.069445"><ele>1544.0</ele></trkpt>
      <trkpt lat="49.147076" lon="20.069425"><ele>1544.0</ele></trkpt>
      <trkpt lat="49.147089" lon="20.069415"><ele>1544.0</ele></trkpt>
      <trkpt lat="49.147080" lon="20.069384"><ele>1544.0</ele></trkpt>
      <trkpt lat="49.147067" lon="20.069362"><ele>1544.0</ele></trkpt>
      <trkpt lat="49.147045" lon="20.069343"><ele>1544.0</ele></trkpt>
      <trkpt lat="49.147028" lon="20.069328"><ele>1544.0</ele></trkpt>
      <trkpt lat="49.147013" lon="20.069312"><ele>1543.0</ele></trkpt>
      <trkpt lat="49.146993" lon="20.069291"><ele>1543.0</ele></trkpt>
      <trkpt lat="49.146975" lon="20.069272"><ele>1543.0</ele></trkpt>
      <trkpt lat="49.146963" lon="20.069262"><ele>1543.0</ele></trkpt>
      <trkpt lat="49.146946" lon="20.069246"><ele>1543.0</ele></trkpt>
      <trkpt lat="49.146934" lon="20.069236"><ele>1543.0</ele></trkpt>
      <trkpt lat="49.146922" lon="20.069226"><ele>1543.0</ele></trkpt>
      <trkpt lat="49.146910" lon="20.069216"><ele>1543.0</ele></trkpt>
      <trkpt lat="49.146893" lon="20.069200"><ele>1542.0</ele></trkpt>
      <trkpt lat="49.146877" lon="20.069187"><ele>1542.0</ele></trkpt>
      <trkpt lat="49.146857" lon="20.069171"><ele>1542.0</ele></trkpt>
      <trkpt lat="49.146837" lon="20.069155"><ele>1542.0</ele></trkpt>
      <trkpt lat="49.146817" lon="20.069139"><ele>1542.0</ele></trkpt>
      <trkpt lat="49.146796" lon="20.069136"><ele>1542.0</ele></trkpt>
      <trkpt lat="49.146773" lon="20.069146"><ele>1542.0</ele></trkpt>
      <trkpt lat="49.146750" lon="20.069157"><ele>1542.0</ele></trkpt>
      <trkpt lat="49.146727" lon="20.069167"><ele>1542.0</ele></trkpt>
      <trkpt lat="49.146706" lon="20.069173"><ele>1542.0</ele></trkpt>
      <trkpt lat="49.146689" lon="20.069176"><ele>1542.0</ele></trkpt>
      <trkpt lat="49.146671" lon="20.069178"><ele>1542.0</ele></trkpt>
      <trkpt lat="49.146654" lon="20.069180"><ele>1542.0</ele></trkpt>
      <trkpt lat="49.146636" lon="20.069183"><ele>1542.0</ele></trkpt>
      <trkpt lat="49.146619" lon="20.069185"><ele>1542.0</ele></trkpt>
      <trkpt lat="49.146606" lon="20.069197"><ele>1542.0</ele></trkpt>
      <trkpt lat="49.146593" lon="20.069209"><ele>1542.0</ele></trkpt>
      <trkpt lat="49.146581" lon="20.069221"><ele>1542.0</ele></trkpt>
      <trkpt lat="49.146568" lon="20.069232"><ele>1542.0</ele></trkpt>
      <trkpt lat="49.146555" lon="20.069244"><ele>1542.0</ele></trkpt>
      <trkpt lat="49.146542" lon="20.069256"><ele>1542.0</ele></trkpt>
      <trkpt lat="49.146528" lon="20.069267"><ele>1542.0</ele></trkpt>
      <trkpt lat="49.146514" lon="20.069278"><ele>1542.0</ele></trkpt>
      <trkpt lat="49.146500" lon="20.069289"><ele>1542.0</ele></trkpt>
      <trkpt lat="49.146485" lon="20.069300"><ele>1542.0</ele></trkpt>
      <trkpt lat="49.146471" lon="20.069311"><ele>1542.0</ele></trkpt>
      <trkpt lat="49.146457" lon="20.069322"><ele>1542.0</ele></trkpt>
      <trkpt lat="49.146443" lon="20.069333"><ele>1542.0</ele></trkpt>
      <trkpt lat="49.146429" lon="20.069343"><ele>1542.0</ele></trkpt>
      <trkpt lat="49.146416" lon="20.069354"><ele>1542.0</ele></trkpt>
      <trkpt lat="49.146402" lon="20.069364"><ele>1542.0</ele></trkpt>
      <trkpt lat="49.146388" lon="20.069375"><ele>1542.0</ele></trkpt>
      <trkpt lat="49.146374" lon="20.069385"><ele>1542.0</ele></trkpt>
      <trkpt lat="49.146337" lon="20.069368"><ele>1542.0</ele></trkpt>
      <trkpt lat="49.146317" lon="20.069361"><ele>1542.0</ele></trkpt>
      <trkpt lat="49.146297" lon="20.069367"><ele>1542.0</ele></trkpt>
      <trkpt lat="49.146277" lon="20.069373"><ele>1542.0</ele></trkpt>
      <trkpt lat="49.146257" lon="20.069379"><ele>1542.0</ele></trkpt>
      <trkpt lat="49.146238" lon="20.069384"><ele>1542.0</ele></trkpt>
      <trkpt lat="49.146228" lon="20.069352"><ele>1541.0</ele></trkpt>
      <trkpt lat="49.146207" lon="20.069334"><ele>1541.0</ele></trkpt>
      <trkpt lat="49.146185" lon="20.069316"><ele>1541.0</ele></trkpt>
      <trkpt lat="49.146164" lon="20.069298"><ele>1541.0</ele></trkpt>
      <trkpt lat="49.146143" lon="20.069280"><ele>1540.0</ele></trkpt>
      <trkpt lat="49.146111" lon="20.069261"><ele>1540.0</ele></trkpt>
      <trkpt lat="49.146088" lon="20.069270"><ele>1540.0</ele></trkpt>
      <trkpt lat="49.146066" lon="20.069284"><ele>1540.0</ele></trkpt>
      <trkpt lat="49.146043" lon="20.069297"><ele>1540.0</ele></trkpt>
      <trkpt lat="49.146019" lon="20.069312"><ele>1540.0</ele></trkpt>
      <trkpt lat="49.145999" lon="20.069321"><ele>1540.0</ele></trkpt>
      <trkpt lat="49.145978" lon="20.069328"><ele>1540.0</ele></trkpt>
      <trkpt lat="49.145959" lon="20.069333"><ele>1540.0</ele></trkpt>
      <trkpt lat="49.145932" lon="20.069334"><ele>1539.0</ele></trkpt>
      <trkpt lat="49.145912" lon="20.069337"><ele>1539.0</ele></trkpt>
      <trkpt lat="49.145892" lon="20.069342"><ele>1539.0</ele></trkpt>
      <trkpt lat="49.145866" lon="20.069330"><ele>1539.0</ele></trkpt>
      <trkpt lat="49.145841" lon="20.069319"><ele>1539.0</ele></trkpt>
      <trkpt lat="49.145817" lon="20.069309"><ele>1540.0</ele></trkpt>
      <trkpt lat="49.145798" lon="20.069294"><ele>1539.0</ele></trkpt>
      <trkpt lat="49.145772" lon="20.069281"><ele>1540.0</ele></trkpt>
      <trkpt lat="49.145749" lon="20.069267"><ele>1540.0</ele></trkpt>
      <trkpt lat="49.145724" lon="20.069256"><ele>1540.0</ele></trkpt>
      <trkpt lat="49.145697" lon="20.069245"><ele>1539.0</ele></trkpt>
      <trkpt lat="49.145664" lon="20.069243"><ele>1540.0</ele></trkpt>
      <trkpt lat="49.145644" lon="20.069235"><ele>1540.0</ele></trkpt>
      <trkpt lat="49.145624" lon="20.069229"><ele>1539.0</ele></trkpt>
      <trkpt lat="49.145604" lon="20.069218"><ele>1539.0</ele></trkpt>
      <trkpt lat="49.145585" lon="20.069208"><ele>1539.0</ele></trkpt>
      <trkpt lat="49.145566" lon="20.069200"><ele>1539.0</ele></trkpt>
      <trkpt lat="49.145543" lon="20.069186"><ele>1539.0</ele></trkpt>
      <trkpt lat="49.145525" lon="20.069183"><ele>1539.0</ele></trkpt>
      <trkpt lat="49.145507" lon="20.069180"><ele>1539.0</ele></trkpt>
      <trkpt lat="49.145489" lon="20.069178"><ele>1539.0</ele></trkpt>
      <trkpt lat="49.145471" lon="20.069175"><ele>1539.0</ele></trkpt>
      <trkpt lat="49.145453" lon="20.069172"><ele>1539.0</ele></trkpt>
      <trkpt lat="49.145436" lon="20.069163"><ele>1539.0</ele></trkpt>
      <trkpt lat="49.145419" lon="20.069154"><ele>1539.0</ele></trkpt>
      <trkpt lat="49.145403" lon="20.069144"><ele>1539.0</ele></trkpt>
      <trkpt lat="49.145386" lon="20.069135"><ele>1539.0</ele></trkpt>
      <trkpt lat="49.145369" lon="20.069126"><ele>1539.0</ele></trkpt>
      <trkpt lat="49.145349" lon="20.069133"><ele>1539.0</ele></trkpt>
      <trkpt lat="49.145329" lon="20.069139"><ele>1539.0</ele></trkpt>
      <trkpt lat="49.145308" lon="20.069146"><ele>1539.0</ele></trkpt>
      <trkpt lat="49.145288" lon="20.069153"><ele>1539.0</ele></trkpt>
      <trkpt lat="49.145265" lon="20.069160"><ele>1538.0</ele></trkpt>
      <trkpt lat="49.145240" lon="20.069168"><ele>1538.0</ele></trkpt>
      <trkpt lat="49.145214" lon="20.069176"><ele>1538.0</ele></trkpt>
      <trkpt lat="49.145189" lon="20.069184"><ele>1539.0</ele></trkpt>
      <trkpt lat="49.145169" lon="20.069178"><ele>1539.0</ele></trkpt>
      <trkpt lat="49.145149" lon="20.069172"><ele>1539.0</ele></trkpt>
      <trkpt lat="49.145129" lon="20.069166"><ele>1539.0</ele></trkpt>
      <trkpt lat="49.145109" lon="20.069160"><ele>1539.0</ele></trkpt>
      <trkpt lat="49.145090" lon="20.069159"><ele>1539.0</ele></trkpt>
      <trkpt lat="49.145072" lon="20.069162"><ele>1539.0</ele></trkpt>
      <trkpt lat="49.145054" lon="20.069165"><ele>1539.0</ele></trkpt>
      <trkpt lat="49.145036" lon="20.069168"><ele>1538.0</ele></trkpt>
      <trkpt lat="49.145018" lon="20.069172"><ele>1538.0</ele></trkpt>
      <trkpt lat="49.145000" lon="20.069175"><ele>1538.0</ele></trkpt>
      <trkpt lat="49.144982" lon="20.069177"><ele>1538.0</ele></trkpt>
      <trkpt lat="49.144964" lon="20.069180"><ele>1538.0</ele></trkpt>
      <trkpt lat="49.144945" lon="20.069182"><ele>1538.0</ele></trkpt>
      <trkpt lat="49.144927" lon="20.069185"><ele>1538.0</ele></trkpt>
      <trkpt lat="49.144909" lon="20.069187"><ele>1538.0</ele></trkpt>
      <trkpt lat="49.144885" lon="20.069192"><ele>1538.0</ele></trkpt>
      <trkpt lat="49.144861" lon="20.069197"><ele>1538.0</ele></trkpt>
      <trkpt lat="49.144837" lon="20.069201"><ele>1538.0</ele></trkpt>
      <trkpt lat="49.144813" lon="20.069206"><ele>1538.0</ele></trkpt>
      <trkpt lat="49.144786" lon="20.069211"><ele>1538.0</ele></trkpt>
      <trkpt lat="49.144760" lon="20.069216"><ele>1537.0</ele></trkpt>
      <trkpt lat="49.144733" lon="20.069221"><ele>1537.0</ele></trkpt>
      <trkpt lat="49.144708" lon="20.069232"><ele>1537.0</ele></trkpt>
      <trkpt lat="49.144695" lon="20.069240"><ele>1537.0</ele></trkpt>
      <trkpt lat="49.144671" lon="20.069256"><ele>1537.0</ele></trkpt>
      <trkpt lat="49.144646" lon="20.069272"><ele>1537.0</ele></trkpt>
      <trkpt lat="49.144628" lon="20.069282"><ele>1537.0</ele></trkpt>
      <trkpt lat="49.144611" lon="20.069287"><ele>1538.0</ele></trkpt>
      <trkpt lat="49.144593" lon="20.069292"><ele>1538.0</ele></trkpt>
      <trkpt lat="49.144576" lon="20.069298"><ele>1538.0</ele></trkpt>
      <trkpt lat="49.144558" lon="20.069303"><ele>1538.0</ele></trkpt>
      <trkpt lat="49.144541" lon="20.069308"><ele>1538.0</ele></trkpt>
      <trkpt lat="49.144527" lon="20.069306"><ele>1538.0</ele></trkpt>
      <trkpt lat="49.144512" lon="20.069303"><ele>1538.0</ele></trkpt>
      <trkpt lat="49.144498" lon="20.069301"><ele>1538.0</ele></trkpt>
      <trkpt lat="49.144483" lon="20.069298"><ele>1538.0</ele></trkpt>
      <trkpt lat="49.144449" lon="20.069286"><ele>1538.0</ele></trkpt>
      <trkpt lat="49.144424" lon="20.069276"><ele>1538.0</ele></trkpt>
      <trkpt lat="49.144410" lon="20.069258"><ele>1538.0</ele></trkpt>
      <trkpt lat="49.144410" lon="20.069228"><ele>1537.0</ele></trkpt>
      <trkpt lat="49.144387" lon="20.069224"><ele>1537.0</ele></trkpt>
      <trkpt lat="49.144364" lon="20.069217"><ele>1537.0</ele></trkpt>
      <trkpt lat="49.144330" lon="20.069206"><ele>1537.0</ele></trkpt>
      <trkpt lat="49.144305" lon="20.069201"><ele>1537.0</ele></trkpt>
      <trkpt lat="49.144284" lon="20.069199"><ele>1537.0</ele></trkpt>
      <trkpt lat="49.144261" lon="20.069184"><ele>1537.0</ele></trkpt>
      <trkpt lat="49.144243" lon="20.069177"><ele>1537.0</ele></trkpt>
      <trkpt lat="49.144224" lon="20.069172"><ele>1537.0</ele></trkpt>
      <trkpt lat="49.144197" lon="20.069162"><ele>1537.0</ele></trkpt>
      <trkpt lat="49.144171" lon="20.069147"><ele>1537.0</ele></trkpt>
      <trkpt lat="49.144142" lon="20.069144"><ele>1537.0</ele></trkpt>
      <trkpt lat="49.144117" lon="20.069121"><ele>1537.0</ele></trkpt>
      <trkpt lat="49.144095" lon="20.069097"><ele>1537.0</ele></trkpt>
      <trkpt lat="49.144075" lon="20.069085"><ele>1537.0</ele></trkpt>
      <trkpt lat="49.144059" lon="20.069068"><ele>1537.0</ele></trkpt>
      <trkpt lat="49.144036" lon="20.069053"><ele>1537.0</ele></trkpt>
      <trkpt lat="49.144023" lon="20.069047"><ele>1537.0</ele></trkpt>
      <trkpt lat="49.144010" lon="20.069041"><ele>1537.0</ele></trkpt>
      <trkpt lat="49.143997" lon="20.069035"><ele>1537.0</ele></trkpt>
      <trkpt lat="49.143984" lon="20.069029"><ele>1537.0</ele></trkpt>
      <trkpt lat="49.143958" lon="20.069022"><ele>1537.0</ele></trkpt>
      <trkpt lat="49.143931" lon="20.069016"><ele>1537.0</ele></trkpt>
      <trkpt lat="49.143905" lon="20.069009"><ele>1537.0</ele></trkpt>
      <trkpt lat="49.143883" lon="20.069007"><ele>1537.0</ele></trkpt>
      <trkpt lat="49.143864" lon="20.069009"><ele>1536.0</ele></trkpt>
      <trkpt lat="49.143846" lon="20.069012"><ele>1536.0</ele></trkpt>
      <trkpt lat="49.143827" lon="20.069014"><ele>1536.0</ele></trkpt>
      <trkpt lat="49.143808" lon="20.069016"><ele>1536.0</ele></trkpt>
      <trkpt lat="49.143789" lon="20.069018"><ele>1536.0</ele></trkpt>
      <trkpt lat="49.143768" lon="20.069021"><ele>1536.0</ele></trkpt>
      <trkpt lat="49.143747" lon="20.069024"><ele>1536.0</ele></trkpt>
      <trkpt lat="49.143726" lon="20.069027"><ele>1535.0</ele></trkpt>
      <trkpt lat="49.143705" lon="20.069030"><ele>1535.0</ele></trkpt>
      <trkpt lat="49.143684" lon="20.069029"><ele>1535.0</ele></trkpt>
      <trkpt lat="49.143661" lon="20.069026"><ele>1535.0</ele></trkpt>
      <trkpt lat="49.143638" lon="20.069023"><ele>1535.0</ele></trkpt>
      <trkpt lat="49.143616" lon="20.069019"><ele>1535.0</ele></trkpt>
      <trkpt lat="49.143593" lon="20.069016"><ele>1535.0</ele></trkpt>
      <trkpt lat="49.143578" lon="20.069017"><ele>1535.0</ele></trkpt>
      <trkpt lat="49.143564" lon="20.069018"><ele>1535.0</ele></trkpt>
      <trkpt lat="49.143549" lon="20.069019"><ele>1535.0</ele></trkpt>
      <trkpt lat="49.143535" lon="20.069019"><ele>1535.0</ele></trkpt>
      <trkpt lat="49.143520" lon="20.069020"><ele>1535.0</ele></trkpt>
      <trkpt lat="49.143506" lon="20.069021"><ele>1535.0</ele></trkpt>
      <trkpt lat="49.143491" lon="20.069022"><ele>1535.0</ele></trkpt>
      <trkpt lat="49.143472" lon="20.069020"><ele>1535.0</ele></trkpt>
      <trkpt lat="49.143454" lon="20.069018"><ele>1535.0</ele></trkpt>
      <trkpt lat="49.143435" lon="20.069017"><ele>1535.0</ele></trkpt>
      <trkpt lat="49.143417" lon="20.069015"><ele>1534.0</ele></trkpt>
      <trkpt lat="49.143398" lon="20.069013"><ele>1534.0</ele></trkpt>
      <trkpt lat="49.143375" lon="20.069010"><ele>1534.0</ele></trkpt>
      <trkpt lat="49.143360" lon="20.069009"><ele>1534.0</ele></trkpt>
      <trkpt lat="49.143346" lon="20.069007"><ele>1534.0</ele></trkpt>
      <trkpt lat="49.143332" lon="20.069006"><ele>1534.0</ele></trkpt>
      <trkpt lat="49.143318" lon="20.069004"><ele>1534.0</ele></trkpt>
      <trkpt lat="49.143303" lon="20.069003"><ele>1534.0</ele></trkpt>
      <trkpt lat="49.143289" lon="20.069001"><ele>1534.0</ele></trkpt>
      <trkpt lat="49.143269" lon="20.068995"><ele>1534.0</ele></trkpt>
      <trkpt lat="49.143249" lon="20.068989"><ele>1534.0</ele></trkpt>
      <trkpt lat="49.143228" lon="20.068982"><ele>1534.0</ele></trkpt>
      <trkpt lat="49.143208" lon="20.068976"><ele>1533.0</ele></trkpt>
      <trkpt lat="49.143188" lon="20.068970"><ele>1533.0</ele></trkpt>
      <trkpt lat="49.143161" lon="20.068961"><ele>1533.0</ele></trkpt>
      <trkpt lat="49.143135" lon="20.068952"><ele>1533.0</ele></trkpt>
      <trkpt lat="49.143108" lon="20.068943"><ele>1533.0</ele></trkpt>
      <trkpt lat="49.143079" lon="20.068934"><ele>1533.0</ele></trkpt>
      <trkpt lat="49.143064" lon="20.068929"><ele>1533.0</ele></trkpt>
      <trkpt lat="49.143048" lon="20.068924"><ele>1533.0</ele></trkpt>
      <trkpt lat="49.143032" lon="20.068919"><ele>1533.0</ele></trkpt>
      <trkpt lat="49.143017" lon="20.068914"><ele>1533.0</ele></trkpt>
      <trkpt lat="49.143001" lon="20.068909"><ele>1533.0</ele></trkpt>
      <trkpt lat="49.142982" lon="20.068908"><ele>1533.0</ele></trkpt>
      <trkpt lat="49.142964" lon="20.068907"><ele>1531.0</ele></trkpt>
      <trkpt lat="49.142945" lon="20.068906"><ele>1531.0</ele></trkpt>
      <trkpt lat="49.142927" lon="20.068905"><ele>1531.0</ele></trkpt>
      <trkpt lat="49.142908" lon="20.068904"><ele>1531.0</ele></trkpt>
      <trkpt lat="49.142873" lon="20.068899"><ele>1531.0</ele></trkpt>
      <trkpt lat="49.142847" lon="20.068895"><ele>1531.0</ele></trkpt>
      <trkpt lat="49.142833" lon="20.068893"><ele>1531.0</ele></trkpt>
      <trkpt lat="49.142807" lon="20.068888"><ele>1530.0</ele></trkpt>
      <trkpt lat="49.142780" lon="20.068884"><ele>1530.0</ele></trkpt>
      <trkpt lat="49.142754" lon="20.068875"><ele>1530.0</ele></trkpt>
      <trkpt lat="49.142741" lon="20.068867"><ele>1530.0</ele></trkpt>
      <trkpt lat="49.142728" lon="20.068860"><ele>1530.0</ele></trkpt>
      <trkpt lat="49.142714" lon="20.068853"><ele>1530.0</ele></trkpt>
      <trkpt lat="49.142701" lon="20.068846"><ele>1530.0</ele></trkpt>
      <trkpt lat="49.142688" lon="20.068838"><ele>1530.0</ele></trkpt>
      <trkpt lat="49.142675" lon="20.068831"><ele>1530.0</ele></trkpt>
      <trkpt lat="49.142652" lon="20.068818"><ele>1530.0</ele></trkpt>
      <trkpt lat="49.142630" lon="20.068804"><ele>1530.0</ele></trkpt>
      <trkpt lat="49.142607" lon="20.068791"><ele>1530.0</ele></trkpt>
      <trkpt lat="49.142584" lon="20.068778"><ele>1530.0</ele></trkpt>
      <trkpt lat="49.142558" lon="20.068771"><ele>1530.0</ele></trkpt>
      <trkpt lat="49.142532" lon="20.068764"><ele>1530.0</ele></trkpt>
      <trkpt lat="49.142506" lon="20.068757"><ele>1529.0</ele></trkpt>
      <trkpt lat="49.142485" lon="20.068754"><ele>1529.0</ele></trkpt>
      <trkpt lat="49.142470" lon="20.068755"><ele>1529.0</ele></trkpt>
      <trkpt lat="49.142455" lon="20.068757"><ele>1529.0</ele></trkpt>
      <trkpt lat="49.142440" lon="20.068758"><ele>1529.0</ele></trkpt>
      <trkpt lat="49.142425" lon="20.068760"><ele>1529.0</ele></trkpt>
      <trkpt lat="49.142410" lon="20.068761"><ele>1529.0</ele></trkpt>
      <trkpt lat="49.142389" lon="20.068762"><ele>1529.0</ele></trkpt>
      <trkpt lat="49.142364" lon="20.068763"><ele>1529.0</ele></trkpt>
      <trkpt lat="49.142338" lon="20.068764"><ele>1529.0</ele></trkpt>
      <trkpt lat="49.142313" lon="20.068765"><ele>1529.0</ele></trkpt>
      <trkpt lat="49.142283" lon="20.068770"><ele>1529.0</ele></trkpt>
      <trkpt lat="49.142267" lon="20.068774"><ele>1529.0</ele></trkpt>
      <trkpt lat="49.142250" lon="20.068779"><ele>1529.0</ele></trkpt>
      <trkpt lat="49.142233" lon="20.068784"><ele>1529.0</ele></trkpt>
      <trkpt lat="49.142217" lon="20.068788"><ele>1529.0</ele></trkpt>
      <trkpt lat="49.142200" lon="20.068793"><ele>1529.0</ele></trkpt>
      <trkpt lat="49.142177" lon="20.068789"><ele>1529.0</ele></trkpt>
      <trkpt lat="49.142154" lon="20.068784"><ele>1529.0</ele></trkpt>
      <trkpt lat="49.142131" lon="20.068780"><ele>1529.0</ele></trkpt>
      <trkpt lat="49.142108" lon="20.068776"><ele>1529.0</ele></trkpt>
      <trkpt lat="49.142083" lon="20.068771"><ele>1529.0</ele></trkpt>
      <trkpt lat="49.142058" lon="20.068766"><ele>1529.0</ele></trkpt>
      <trkpt lat="49.142032" lon="20.068761"><ele>1529.0</ele></trkpt>
      <trkpt lat="49.142007" lon="20.068756"><ele>1529.0</ele></trkpt>
      <trkpt lat="49.141976" lon="20.068750"><ele>1529.0</ele></trkpt>
      <trkpt lat="49.141944" lon="20.068752"><ele>1529.0</ele></trkpt>
      <trkpt lat="49.141925" lon="20.068751"><ele>1529.0</ele></trkpt>
      <trkpt lat="49.141911" lon="20.068744"><ele>1529.0</ele></trkpt>
      <trkpt lat="49.141896" lon="20.068737"><ele>1529.0</ele></trkpt>
      <trkpt lat="49.141882" lon="20.068729"><ele>1529.0</ele></trkpt>
      <trkpt lat="49.141867" lon="20.068722"><ele>1529.0</ele></trkpt>
      <trkpt lat="49.141853" lon="20.068715"><ele>1529.0</ele></trkpt>
      <trkpt lat="49.141838" lon="20.068708"><ele>1529.0</ele></trkpt>
      <trkpt lat="49.141824" lon="20.068707"><ele>1529.0</ele></trkpt>
      <trkpt lat="49.141797" lon="20.068705"><ele>1528.0</ele></trkpt>
      <trkpt lat="49.141783" lon="20.068704"><ele>1528.0</ele></trkpt>
      <trkpt lat="49.141766" lon="20.068697"><ele>1528.0</ele></trkpt>
      <trkpt lat="49.141751" lon="20.068693"><ele>1528.0</ele></trkpt>
      <trkpt lat="49.141736" lon="20.068689"><ele>1528.0</ele></trkpt>
      <trkpt lat="49.141721" lon="20.068685"><ele>1528.0</ele></trkpt>
      <trkpt lat="49.141706" lon="20.068681"><ele>1528.0</ele></trkpt>
      <trkpt lat="49.141691" lon="20.068677"><ele>1528.0</ele></trkpt>
      <trkpt lat="49.141676" lon="20.068673"><ele>1528.0</ele></trkpt>
      <trkpt lat="49.141656" lon="20.068662"><ele>1528.0</ele></trkpt>
      <trkpt lat="49.141637" lon="20.068650"><ele>1528.0</ele></trkpt>
      <trkpt lat="49.141617" lon="20.068639"><ele>1528.0</ele></trkpt>
      <trkpt lat="49.141598" lon="20.068628"><ele>1528.0</ele></trkpt>
      <trkpt lat="49.141552" lon="20.068614"><ele>1528.0</ele></trkpt>
      <trkpt lat="49.141529" lon="20.068603"><ele>1528.0</ele></trkpt>
      <trkpt lat="49.141507" lon="20.068589"><ele>1528.0</ele></trkpt>
      <trkpt lat="49.141486" lon="20.068575"><ele>1528.0</ele></trkpt>
      <trkpt lat="49.141464" lon="20.068561"><ele>1528.0</ele></trkpt>
      <trkpt lat="49.141442" lon="20.068547"><ele>1528.0</ele></trkpt>
      <trkpt lat="49.141420" lon="20.068534"><ele>1528.0</ele></trkpt>
      <trkpt lat="49.141399" lon="20.068520"><ele>1528.0</ele></trkpt>
      <trkpt lat="49.141377" lon="20.068507"><ele>1529.0</ele></trkpt>
      <trkpt lat="49.141355" lon="20.068494"><ele>1529.0</ele></trkpt>
      <trkpt lat="49.141334" lon="20.068476"><ele>1529.0</ele></trkpt>
      <trkpt lat="49.141312" lon="20.068459"><ele>1529.0</ele></trkpt>
      <trkpt lat="49.141291" lon="20.068441"><ele>1529.0</ele></trkpt>
      <trkpt lat="49.141269" lon="20.068424"><ele>1529.0</ele></trkpt>
      <trkpt lat="49.141248" lon="20.068410"><ele>1529.0</ele></trkpt>
      <trkpt lat="49.141228" lon="20.068397"><ele>1529.0</ele></trkpt>
      <trkpt lat="49.141207" lon="20.068383"><ele>1528.0</ele></trkpt>
      <trkpt lat="49.141186" lon="20.068370"><ele>1528.0</ele></trkpt>
      <trkpt lat="49.141160" lon="20.068357"><ele>1528.0</ele></trkpt>
      <trkpt lat="49.141145" lon="20.068352"><ele>1528.0</ele></trkpt>
      <trkpt lat="49.141129" lon="20.068346"><ele>1528.0</ele></trkpt>
      <trkpt lat="49.141113" lon="20.068340"><ele>1528.0</ele></trkpt>
      <trkpt lat="49.141098" lon="20.068335"><ele>1528.0</ele></trkpt>
      <trkpt lat="49.141082" lon="20.068329"><ele>1528.0</ele></trkpt>
      <trkpt lat="49.141063" lon="20.068325"><ele>1528.0</ele></trkpt>
      <trkpt lat="49.141044" lon="20.068322"><ele>1527.0</ele></trkpt>
      <trkpt lat="49.141025" lon="20.068318"><ele>1527.0</ele></trkpt>
      <trkpt lat="49.141006" lon="20.068315"><ele>1526.0</ele></trkpt>
      <trkpt lat="49.140987" lon="20.068311"><ele>1526.0</ele></trkpt>
      <trkpt lat="49.140971" lon="20.068302"><ele>1526.0</ele></trkpt>
      <trkpt lat="49.140955" lon="20.068293"><ele>1526.0</ele></trkpt>
      <trkpt lat="49.140940" lon="20.068284"><ele>1526.0</ele></trkpt>
      <trkpt lat="49.140924" lon="20.068276"><ele>1526.0</ele></trkpt>
      <trkpt lat="49.140908" lon="20.068267"><ele>1526.0</ele></trkpt>
      <trkpt lat="49.140892" lon="20.068258"><ele>1526.0</ele></trkpt>
      <trkpt lat="49.140864" lon="20.068262"><ele>1526.0</ele></trkpt>
      <trkpt lat="49.140838" lon="20.068255"><ele>1525.0</ele></trkpt>
      <trkpt lat="49.140814" lon="20.068250"><ele>1525.0</ele></trkpt>
      <trkpt lat="49.140793" lon="20.068241"><ele>1525.0</ele></trkpt>
      <trkpt lat="49.140773" lon="20.068234"><ele>1525.0</ele></trkpt>
      <trkpt lat="49.140756" lon="20.068217"><ele>1525.0</ele></trkpt>
      <trkpt lat="49.140734" lon="20.068207"><ele>1525.0</ele></trkpt>
      <trkpt lat="49.140713" lon="20.068198"><ele>1525.0</ele></trkpt>
      <trkpt lat="49.140691" lon="20.068188"><ele>1525.0</ele></trkpt>
      <trkpt lat="49.140669" lon="20.068179"><ele>1525.0</ele></trkpt>
      <trkpt lat="49.140654" lon="20.068165"><ele>1525.0</ele></trkpt>
      <trkpt lat="49.140639" lon="20.068151"><ele>1525.0</ele></trkpt>
      <trkpt lat="49.140624" lon="20.068138"><ele>1525.0</ele></trkpt>
      <trkpt lat="49.140609" lon="20.068124"><ele>1525.0</ele></trkpt>
      <trkpt lat="49.140594" lon="20.068110"><ele>1525.0</ele></trkpt>
      <trkpt lat="49.140572" lon="20.068096"><ele>1525.0</ele></trkpt>
      <trkpt lat="49.140557" lon="20.068089"><ele>1525.0</ele></trkpt>
      <trkpt lat="49.140542" lon="20.068082"><ele>1525.0</ele></trkpt>
      <trkpt lat="49.140527" lon="20.068076"><ele>1525.0</ele></trkpt>
      <trkpt lat="49.140512" lon="20.068069"><ele>1525.0</ele></trkpt>
      <trkpt lat="49.140497" lon="20.068062"><ele>1525.0</ele></trkpt>
      <trkpt lat="49.140472" lon="20.068057"><ele>1525.0</ele></trkpt>
      <trkpt lat="49.140447" lon="20.068052"><ele>1525.0</ele></trkpt>
      <trkpt lat="49.140421" lon="20.068047"><ele>1525.0</ele></trkpt>
      <trkpt lat="49.140396" lon="20.068042"><ele>1525.0</ele></trkpt>
      <trkpt lat="49.140382" lon="20.068039"><ele>1525.0</ele></trkpt>
      <trkpt lat="49.140368" lon="20.068037"><ele>1525.0</ele></trkpt>
      <trkpt lat="49.140354" lon="20.068034"><ele>1525.0</ele></trkpt>
      <trkpt lat="49.140327" lon="20.068028"><ele>1525.0</ele></trkpt>
      <trkpt lat="49.140313" lon="20.068026"><ele>1525.0</ele></trkpt>
      <trkpt lat="49.140299" lon="20.068023"><ele>1525.0</ele></trkpt>
      <trkpt lat="49.140284" lon="20.068021"><ele>1525.0</ele></trkpt>
      <trkpt lat="49.140269" lon="20.068019"><ele>1525.0</ele></trkpt>
      <trkpt lat="49.140255" lon="20.068017"><ele>1525.0</ele></trkpt>
      <trkpt lat="49.140240" lon="20.068015"><ele>1524.0</ele></trkpt>
      <trkpt lat="49.140225" lon="20.068013"><ele>1524.0</ele></trkpt>
      <trkpt lat="49.140210" lon="20.068011"><ele>1524.0</ele></trkpt>
      <trkpt lat="49.140186" lon="20.068011"><ele>1524.0</ele></trkpt>
      <trkpt lat="49.140163" lon="20.068012"><ele>1524.0</ele></trkpt>
      <trkpt lat="49.140139" lon="20.068012"><ele>1524.0</ele></trkpt>
      <trkpt lat="49.140115" lon="20.068012"><ele>1524.0</ele></trkpt>
      <trkpt lat="49.140101" lon="20.068007"><ele>1524.0</ele></trkpt>
      <trkpt lat="49.140087" lon="20.068002"><ele>1524.0</ele></trkpt>
      <trkpt lat="49.140073" lon="20.067997"><ele>1525.0</ele></trkpt>
      <trkpt lat="49.140046" lon="20.067987"><ele>1525.0</ele></trkpt>
      <trkpt lat="49.140032" lon="20.067982"><ele>1525.0</ele></trkpt>
      <trkpt lat="49.140018" lon="20.067977"><ele>1525.0</ele></trkpt>
      <trkpt lat="49.140004" lon="20.067974"><ele>1524.0</ele></trkpt>
      <trkpt lat="49.139990" lon="20.067970"><ele>1524.0</ele></trkpt>
      <trkpt lat="49.139976" lon="20.067967"><ele>1524.0</ele></trkpt>
      <trkpt lat="49.139962" lon="20.067963"><ele>1524.0</ele></trkpt>
      <trkpt lat="49.139948" lon="20.067960"><ele>1524.0</ele></trkpt>
      <trkpt lat="49.139934" lon="20.067956"><ele>1524.0</ele></trkpt>
      <trkpt lat="49.139920" lon="20.067953"><ele>1524.0</ele></trkpt>
      <trkpt lat="49.139896" lon="20.067942"><ele>1524.0</ele></trkpt>
      <trkpt lat="49.139883" lon="20.067936"><ele>1524.0</ele></trkpt>
      <trkpt lat="49.139859" lon="20.067925"><ele>1524.0</ele></trkpt>
      <trkpt lat="49.139834" lon="20.067914"><ele>1524.0</ele></trkpt>
      <trkpt lat="49.139811" lon="20.067909"><ele>1524.0</ele></trkpt>
      <trkpt lat="49.139789" lon="20.067911"><ele>1524.0</ele></trkpt>
      <trkpt lat="49.139767" lon="20.067914"><ele>1524.0</ele></trkpt>
      <trkpt lat="49.139745" lon="20.067916"><ele>1524.0</ele></trkpt>
      <trkpt lat="49.139723" lon="20.067918"><ele>1524.0</ele></trkpt>
      <trkpt lat="49.139703" lon="20.067927"><ele>1524.0</ele></trkpt>
      <trkpt lat="49.139683" lon="20.067937"><ele>1524.0</ele></trkpt>
      <trkpt lat="49.139663" lon="20.067946"><ele>1524.0</ele></trkpt>
      <trkpt lat="49.139643" lon="20.067955"><ele>1524.0</ele></trkpt>
      <trkpt lat="49.139619" lon="20.067950"><ele>1523.0</ele></trkpt>
      <trkpt lat="49.139605" lon="20.067940"><ele>1523.0</ele></trkpt>
      <trkpt lat="49.139591" lon="20.067930"><ele>1523.0</ele></trkpt>
      <trkpt lat="49.139577" lon="20.067920"><ele>1523.0</ele></trkpt>
      <trkpt lat="49.139563" lon="20.067910"><ele>1523.0</ele></trkpt>
      <trkpt lat="49.139549" lon="20.067900"><ele>1523.0</ele></trkpt>
      <trkpt lat="49.139537" lon="20.067883"><ele>1523.0</ele></trkpt>
      <trkpt lat="49.139525" lon="20.067866"><ele>1523.0</ele></trkpt>
      <trkpt lat="49.139514" lon="20.067848"><ele>1523.0</ele></trkpt>
      <trkpt lat="49.139502" lon="20.067831"><ele>1523.0</ele></trkpt>
      <trkpt lat="49.139490" lon="20.067814"><ele>1523.0</ele></trkpt>
      <trkpt lat="49.139478" lon="20.067797"><ele>1522.0</ele></trkpt>
      <trkpt lat="49.139462" lon="20.067788"><ele>1522.0</ele></trkpt>
      <trkpt lat="49.139446" lon="20.067778"><ele>1523.0</ele></trkpt>
      <trkpt lat="49.139430" lon="20.067769"><ele>1523.0</ele></trkpt>
      <trkpt lat="49.139414" lon="20.067760"><ele>1523.0</ele></trkpt>
      <trkpt lat="49.139398" lon="20.067750"><ele>1524.0</ele></trkpt>
      <trkpt lat="49.139382" lon="20.067741"><ele>1524.0</ele></trkpt>
      <trkpt lat="49.139368" lon="20.067729"><ele>1524.0</ele></trkpt>
      <trkpt lat="49.139353" lon="20.067717"><ele>1524.0</ele></trkpt>
      <trkpt lat="49.139339" lon="20.067704"><ele>1524.0</ele></trkpt>
      <trkpt lat="49.139325" lon="20.067692"><ele>1524.0</ele></trkpt>
      <trkpt lat="49.139310" lon="20.067680"><ele>1524.0</ele></trkpt>
      <trkpt lat="49.139296" lon="20.067668"><ele>1524.0</ele></trkpt>
      <trkpt lat="49.139283" lon="20.067654"><ele>1524.0</ele></trkpt>
      <trkpt lat="49.139271" lon="20.067641"><ele>1524.0</ele></trkpt>
      <trkpt lat="49.139258" lon="20.067627"><ele>1524.0</ele></trkpt>
      <trkpt lat="49.139245" lon="20.067614"><ele>1524.0</ele></trkpt>
      <trkpt lat="49.139233" lon="20.067600"><ele>1524.0</ele></trkpt>
      <trkpt lat="49.139220" lon="20.067587"><ele>1524.0</ele></trkpt>
      <trkpt lat="49.139197" lon="20.067588"><ele>1523.0</ele></trkpt>
      <trkpt lat="49.139173" lon="20.067589"><ele>1523.0</ele></trkpt>
      <trkpt lat="49.139150" lon="20.067590"><ele>1523.0</ele></trkpt>
      <trkpt lat="49.139127" lon="20.067591"><ele>1522.0</ele></trkpt>
      <trkpt lat="49.139092" lon="20.067586"><ele>1522.0</ele></trkpt>
      <trkpt lat="49.139069" lon="20.067581"><ele>1522.0</ele></trkpt>
      <trkpt lat="49.139045" lon="20.067575"><ele>1522.0</ele></trkpt>
      <trkpt lat="49.139022" lon="20.067570"><ele>1522.0</ele></trkpt>
      <trkpt lat="49.139004" lon="20.067571"><ele>1522.0</ele></trkpt>
      <trkpt lat="49.138986" lon="20.067571"><ele>1522.0</ele></trkpt>
      <trkpt lat="49.138969" lon="20.067572"><ele>1521.0</ele></trkpt>
      <trkpt lat="49.138955" lon="20.067573"><ele>1521.0</ele></trkpt>
      <trkpt lat="49.138932" lon="20.067570"><ele>1521.0</ele></trkpt>
      <trkpt lat="49.138911" lon="20.067564"><ele>1521.0</ele></trkpt>
      <trkpt lat="49.138890" lon="20.067558"><ele>1520.0</ele></trkpt>
      <trkpt lat="49.138869" lon="20.067553"><ele>1520.0</ele></trkpt>
      <trkpt lat="49.138848" lon="20.067547"><ele>1519.0</ele></trkpt>
      <trkpt lat="49.138830" lon="20.067544"><ele>1519.0</ele></trkpt>
      <trkpt lat="49.138815" lon="20.067543"><ele>1519.0</ele></trkpt>
      <trkpt lat="49.138801" lon="20.067542"><ele>1518.0</ele></trkpt>
      <trkpt lat="49.138787" lon="20.067541"><ele>1517.0</ele></trkpt>
      <trkpt lat="49.138772" lon="20.067541"><ele>1517.0</ele></trkpt>
      <trkpt lat="49.138758" lon="20.067540"><ele>1517.0</ele></trkpt>
      <trkpt lat="49.138743" lon="20.067539"><ele>1517.0</ele></trkpt>
      <trkpt lat="49.138726" lon="20.067537"><ele>1516.0</ele></trkpt>
      <trkpt lat="49.138706" lon="20.067534"><ele>1517.0</ele></trkpt>
      <trkpt lat="49.138685" lon="20.067530"><ele>1517.0</ele></trkpt>
      <trkpt lat="49.138665" lon="20.067527"><ele>1517.0</ele></trkpt>
      <trkpt lat="49.138645" lon="20.067523"><ele>1516.0</ele></trkpt>
      <trkpt lat="49.138614" lon="20.067527"><ele>1516.0</ele></trkpt>
      <trkpt lat="49.138583" lon="20.067530"><ele>1516.0</ele></trkpt>
      <trkpt lat="49.138552" lon="20.067534"><ele>1516.0</ele></trkpt>
      <trkpt lat="49.138539" lon="20.067540"><ele>1516.0</ele></trkpt>
      <trkpt lat="49.138526" lon="20.067546"><ele>1516.0</ele></trkpt>
      <trkpt lat="49.138513" lon="20.067552"><ele>1516.0</ele></trkpt>
      <trkpt lat="49.138488" lon="20.067565"><ele>1516.0</ele></trkpt>
      <trkpt lat="49.138475" lon="20.067571"><ele>1516.0</ele></trkpt>
      <trkpt lat="49.138462" lon="20.067577"><ele>1516.0</ele></trkpt>
      <trkpt lat="49.138445" lon="20.067573"><ele>1516.0</ele></trkpt>
      <trkpt lat="49.138428" lon="20.067570"><ele>1515.0</ele></trkpt>
      <trkpt lat="49.138411" lon="20.067566"><ele>1515.0</ele></trkpt>
      <trkpt lat="49.138395" lon="20.067562"><ele>1515.0</ele></trkpt>
      <trkpt lat="49.138378" lon="20.067558"><ele>1515.0</ele></trkpt>
      <trkpt lat="49.138361" lon="20.067555"><ele>1515.0</ele></trkpt>
      <trkpt lat="49.138344" lon="20.067551"><ele>1515.0</ele></trkpt>
      <trkpt lat="49.138326" lon="20.067545"><ele>1514.0</ele></trkpt>
      <trkpt lat="49.138307" lon="20.067539"><ele>1514.0</ele></trkpt>
      <trkpt lat="49.138289" lon="20.067532"><ele>1514.0</ele></trkpt>
      <trkpt lat="49.138270" lon="20.067526"><ele>1514.0</ele></trkpt>
      <trkpt lat="49.138252" lon="20.067520"><ele>1514.0</ele></trkpt>
      <trkpt lat="49.138237" lon="20.067492"><ele>1514.0</ele></trkpt>
      <trkpt lat="49.138223" lon="20.067464"><ele>1513.0</ele></trkpt>
      <trkpt lat="49.138199" lon="20.067454"><ele>1513.0</ele></trkpt>
      <trkpt lat="49.138176" lon="20.067435"><ele>1513.0</ele></trkpt>
      <trkpt lat="49.138155" lon="20.067408"><ele>1513.0</ele></trkpt>
      <trkpt lat="49.138136" lon="20.067391"><ele>1512.0</ele></trkpt>
      <trkpt lat="49.138116" lon="20.067373"><ele>1512.0</ele></trkpt>
      <trkpt lat="49.138097" lon="20.067356"><ele>1512.0</ele></trkpt>
      <trkpt lat="49.138068" lon="20.067320"><ele>1511.0</ele></trkpt>
      <trkpt lat="49.138053" lon="20.067316"><ele>1511.0</ele></trkpt>
      <trkpt lat="49.138038" lon="20.067311"><ele>1511.0</ele></trkpt>
      <trkpt lat="49.138022" lon="20.067307"><ele>1511.0</ele></trkpt>
      <trkpt lat="49.138007" lon="20.067303"><ele>1511.0</ele></trkpt>
      <trkpt lat="49.137992" lon="20.067298"><ele>1511.0</ele></trkpt>
      <trkpt lat="49.137977" lon="20.067294"><ele>1510.0</ele></trkpt>
      <trkpt lat="49.137948" lon="20.067293"><ele>1509.0</ele></trkpt>
      <trkpt lat="49.137928" lon="20.067294"><ele>1509.0</ele></trkpt>
      <trkpt lat="49.137907" lon="20.067295"><ele>1509.0</ele></trkpt>
      <trkpt lat="49.137887" lon="20.067296"><ele>1509.0</ele></trkpt>
      <trkpt lat="49.137866" lon="20.067297"><ele>1509.0</ele></trkpt>
      <trkpt lat="49.137842" lon="20.067299"><ele>1509.0</ele></trkpt>
      <trkpt lat="49.137819" lon="20.067301"><ele>1509.0</ele></trkpt>
      <trkpt lat="49.137795" lon="20.067303"><ele>1508.0</ele></trkpt>
      <trkpt lat="49.137771" lon="20.067305"><ele>1508.0</ele></trkpt>
      <trkpt lat="49.137753" lon="20.067300"><ele>1508.0</ele></trkpt>
      <trkpt lat="49.137734" lon="20.067296"><ele>1508.0</ele></trkpt>
      <trkpt lat="49.137716" lon="20.067291"><ele>1508.0</ele></trkpt>
      <trkpt lat="49.137697" lon="20.067287"><ele>1508.0</ele></trkpt>
      <trkpt lat="49.137679" lon="20.067282"><ele>1508.0</ele></trkpt>
      <trkpt lat="49.137646" lon="20.067290"><ele>1508.0</ele></trkpt>
      <trkpt lat="49.137617" lon="20.067283"><ele>1508.0</ele></trkpt>
      <trkpt lat="49.137598" lon="20.067285"><ele>1508.0</ele></trkpt>
      <trkpt lat="49.137579" lon="20.067283"><ele>1507.0</ele></trkpt>
      <trkpt lat="49.137552" lon="20.067278"><ele>1507.0</ele></trkpt>
      <trkpt lat="49.137521" lon="20.067285"><ele>1507.0</ele></trkpt>
      <trkpt lat="49.137497" lon="20.067295"><ele>1507.0</ele></trkpt>
      <trkpt lat="49.137464" lon="20.067311"><ele>1507.0</ele></trkpt>
      <trkpt lat="49.137440" lon="20.067326"><ele>1507.0</ele></trkpt>
      <trkpt lat="49.137421" lon="20.067333"><ele>1507.0</ele></trkpt>
      <trkpt lat="49.137394" lon="20.067340"><ele>1507.0</ele></trkpt>
      <trkpt lat="49.137363" lon="20.067342"><ele>1507.0</ele></trkpt>
      <trkpt lat="49.137342" lon="20.067340"><ele>1507.0</ele></trkpt>
      <trkpt lat="49.137323" lon="20.067348"><ele>1507.0</ele></trkpt>
      <trkpt lat="49.137301" lon="20.067364"><ele>1507.0</ele></trkpt>
      <trkpt lat="49.137274" lon="20.067376"><ele>1507.0</ele></trkpt>
      <trkpt lat="49.137250" lon="20.067384"><ele>1506.0</ele></trkpt>
      <trkpt lat="49.137226" lon="20.067392"><ele>1506.0</ele></trkpt>
      <trkpt lat="49.137202" lon="20.067401"><ele>1506.0</ele></trkpt>
      <trkpt lat="49.137178" lon="20.067409"><ele>1506.0</ele></trkpt>
      <trkpt lat="49.137154" lon="20.067417"><ele>1506.0</ele></trkpt>
      <trkpt lat="49.137124" lon="20.067431"><ele>1506.0</ele></trkpt>
      <trkpt lat="49.137109" lon="20.067433"><ele>1506.0</ele></trkpt>
      <trkpt lat="49.137093" lon="20.067435"><ele>1506.0</ele></trkpt>
      <trkpt lat="49.137078" lon="20.067437"><ele>1506.0</ele></trkpt>
      <trkpt lat="49.137063" lon="20.067438"><ele>1506.0</ele></trkpt>
      <trkpt lat="49.137047" lon="20.067440"><ele>1506.0</ele></trkpt>
      <trkpt lat="49.137032" lon="20.067442"><ele>1505.0</ele></trkpt>
      <trkpt lat="49.137009" lon="20.067442"><ele>1505.0</ele></trkpt>
      <trkpt lat="49.136987" lon="20.067442"><ele>1505.0</ele></trkpt>
      <trkpt lat="49.136964" lon="20.067442"><ele>1505.0</ele></trkpt>
      <trkpt lat="49.136942" lon="20.067442"><ele>1505.0</ele></trkpt>
      <trkpt lat="49.136919" lon="20.067442"><ele>1504.0</ele></trkpt>
      <trkpt lat="49.136892" lon="20.067443"><ele>1504.0</ele></trkpt>
      <trkpt lat="49.136865" lon="20.067445"><ele>1504.0</ele></trkpt>
      <trkpt lat="49.136838" lon="20.067446"><ele>1504.0</ele></trkpt>
      <trkpt lat="49.136810" lon="20.067441"><ele>1504.0</ele></trkpt>
      <trkpt lat="49.136796" lon="20.067435"><ele>1504.0</ele></trkpt>
      <trkpt lat="49.136781" lon="20.067429"><ele>1504.0</ele></trkpt>
      <trkpt lat="49.136766" lon="20.067424"><ele>1504.0</ele></trkpt>
      <trkpt lat="49.136751" lon="20.067418"><ele>1504.0</ele></trkpt>
      <trkpt lat="49.136737" lon="20.067412"><ele>1505.0</ele></trkpt>
      <trkpt lat="49.136722" lon="20.067406"><ele>1505.0</ele></trkpt>
      <trkpt lat="49.136706" lon="20.067393"><ele>1505.0</ele></trkpt>
      <trkpt lat="49.136690" lon="20.067380"><ele>1505.0</ele></trkpt>
      <trkpt lat="49.136674" lon="20.067366"><ele>1505.0</ele></trkpt>
      <trkpt lat="49.136658" lon="20.067353"><ele>1505.0</ele></trkpt>
      <trkpt lat="49.136642" lon="20.067340"><ele>1505.0</ele></trkpt>
      <trkpt lat="49.136620" lon="20.067319"><ele>1504.0</ele></trkpt>
      <trkpt lat="49.136598" lon="20.067299"><ele>1504.0</ele></trkpt>
      <trkpt lat="49.136576" lon="20.067278"><ele>1504.0</ele></trkpt>
      <trkpt lat="49.136551" lon="20.067262"><ele>1504.0</ele></trkpt>
      <trkpt lat="49.136537" lon="20.067255"><ele>1504.0</ele></trkpt>
      <trkpt lat="49.136523" lon="20.067249"><ele>1504.0</ele></trkpt>
      <trkpt lat="49.136510" lon="20.067242"><ele>1504.0</ele></trkpt>
      <trkpt lat="49.136496" lon="20.067236"><ele>1504.0</ele></trkpt>
      <trkpt lat="49.136482" lon="20.067229"><ele>1504.0</ele></trkpt>
      <trkpt lat="49.136468" lon="20.067223"><ele>1504.0</ele></trkpt>
      <trkpt lat="49.136485" lon="20.067197"><ele>1504.0</ele></trkpt>
      <trkpt lat="49.136501" lon="20.067171"><ele>1504.0</ele></trkpt>
      <trkpt lat="49.136518" lon="20.067145"><ele>1503.0</ele></trkpt>
      <trkpt lat="49.136534" lon="20.067119"><ele>1503.0</ele></trkpt>
      <trkpt lat="49.136520" lon="20.067111"><ele>1503.0</ele></trkpt>
      <trkpt lat="49.136505" lon="20.067103"><ele>1503.0</ele></trkpt>
      <trkpt lat="49.136491" lon="20.067094"><ele>1503.0</ele></trkpt>
      <trkpt lat="49.136477" lon="20.067086"><ele>1503.0</ele></trkpt>
      <trkpt lat="49.136462" lon="20.067078"><ele>1503.0</ele></trkpt>
      <trkpt lat="49.136448" lon="20.067070"><ele>1503.0</ele></trkpt>
      <trkpt lat="49.136415" lon="20.067080"><ele>1503.0</ele></trkpt>
      <trkpt lat="49.136393" lon="20.067076"><ele>1503.0</ele></trkpt>
      <trkpt lat="49.136367" lon="20.067067"><ele>1503.0</ele></trkpt>
      <trkpt lat="49.136329" lon="20.067056"><ele>1503.0</ele></trkpt>
      <trkpt lat="49.136301" lon="20.067050"><ele>1503.0</ele></trkpt>
      <trkpt lat="49.136277" lon="20.067031"><ele>1503.0</ele></trkpt>
      <trkpt lat="49.136276" lon="20.067003"><ele>1502.0</ele></trkpt>
      <trkpt lat="49.136273" lon="20.066969"><ele>1501.0</ele></trkpt>
      <trkpt lat="49.136256" lon="20.066956"><ele>1501.0</ele></trkpt>
      <trkpt lat="49.136231" lon="20.066954"><ele>1501.0</ele></trkpt>
      <trkpt lat="49.136207" lon="20.066952"><ele>1500.0</ele></trkpt>
      <trkpt lat="49.136189" lon="20.066946"><ele>1500.0</ele></trkpt>
      <trkpt lat="49.136156" lon="20.066940"><ele>1499.0</ele></trkpt>
      <trkpt lat="49.136128" lon="20.066926"><ele>1498.0</ele></trkpt>
      <trkpt lat="49.136106" lon="20.066904"><ele>1498.0</ele></trkpt>
      <trkpt lat="49.136081" lon="20.066887"><ele>1498.0</ele></trkpt>
      <trkpt lat="49.136062" lon="20.066870"><ele>1498.0</ele></trkpt>
      <trkpt lat="49.136040" lon="20.066853"><ele>1498.0</ele></trkpt>
      <trkpt lat="49.136014" lon="20.066840"><ele>1498.0</ele></trkpt>
      <trkpt lat="49.135997" lon="20.066820"><ele>1498.0</ele></trkpt>
      <trkpt lat="49.135977" lon="20.066799"><ele>1498.0</ele></trkpt>
      <trkpt lat="49.135953" lon="20.066784"><ele>1498.0</ele></trkpt>
      <trkpt lat="49.135929" lon="20.066772"><ele>1498.0</ele></trkpt>
      <trkpt lat="49.135902" lon="20.066757"><ele>1497.0</ele></trkpt>
      <trkpt lat="49.135880" lon="20.066733"><ele>1497.0</ele></trkpt>
      <trkpt lat="49.135867" lon="20.066692"><ele>1497.0</ele></trkpt>
      <trkpt lat="49.135850" lon="20.066669"><ele>1497.0</ele></trkpt>
      <trkpt lat="49.135842" lon="20.066643"><ele>1497.0</ele></trkpt>
      <trkpt lat="49.135832" lon="20.066617"><ele>1497.0</ele></trkpt>
      <trkpt lat="49.135818" lon="20.066591"><ele>1497.0</ele></trkpt>
      <trkpt lat="49.135797" lon="20.066565"><ele>1497.0</ele></trkpt>
      <trkpt lat="49.135782" lon="20.066537"><ele>1497.0</ele></trkpt>
      <trkpt lat="49.135776" lon="20.066499"><ele>1497.0</ele></trkpt>
      <trkpt lat="49.135765" lon="20.066462"><ele>1497.0</ele></trkpt>
      <trkpt lat="49.135744" lon="20.066427"><ele>1497.0</ele></trkpt>
      <trkpt lat="49.135733" lon="20.066403"><ele>1497.0</ele></trkpt>
      <trkpt lat="49.135721" lon="20.066378"><ele>1497.0</ele></trkpt>
      <trkpt lat="49.135712" lon="20.066338"><ele>1497.0</ele></trkpt>
      <trkpt lat="49.135697" lon="20.066313"><ele>1497.0</ele></trkpt>
      <trkpt lat="49.135677" lon="20.066278"><ele>1496.0</ele></trkpt>
      <trkpt lat="49.135665" lon="20.066248"><ele>1496.0</ele></trkpt>
      <trkpt lat="49.135654" lon="20.066214"><ele>1496.0</ele></trkpt>
      <trkpt lat="49.135638" lon="20.066191"><ele>1496.0</ele></trkpt>
      <trkpt lat="49.135617" lon="20.066158"><ele>1496.0</ele></trkpt>
      <trkpt lat="49.135594" lon="20.066117"><ele>1496.0</ele></trkpt>
      <trkpt lat="49.135580" lon="20.066083"><ele>1496.0</ele></trkpt>
      <trkpt lat="49.135570" lon="20.066051"><ele>1496.0</ele></trkpt>
      <trkpt lat="49.135559" lon="20.066020"><ele>1496.0</ele></trkpt>
      <trkpt lat="49.135540" lon="20.065989"><ele>1496.0</ele></trkpt>
      <trkpt lat="49.135522" lon="20.065960"><ele>1496.0</ele></trkpt>
      <trkpt lat="49.135514" lon="20.065917"><ele>1496.0</ele></trkpt>
      <trkpt lat="49.135510" lon="20.065883"><ele>1496.0</ele></trkpt>
      <trkpt lat="49.135496" lon="20.065853"><ele>1495.0</ele></trkpt>
      <trkpt lat="49.135484" lon="20.065821"><ele>1495.0</ele></trkpt>
      <trkpt lat="49.135469" lon="20.065797"><ele>1495.0</ele></trkpt>
      <trkpt lat="49.135452" lon="20.065765"><ele>1496.0</ele></trkpt>
      <trkpt lat="49.135438" lon="20.065738"><ele>1496.0</ele></trkpt>
      <trkpt lat="49.135421" lon="20.065708"><ele>1496.0</ele></trkpt>
      <trkpt lat="49.135410" lon="20.065676"><ele>1495.0</ele></trkpt>
      <trkpt lat="49.135408" lon="20.065644"><ele>1495.0</ele></trkpt>
      <trkpt lat="49.135388" lon="20.065626"><ele>1495.0</ele></trkpt>
      <trkpt lat="49.135377" lon="20.065601"><ele>1495.0</ele></trkpt>
      <trkpt lat="49.135367" lon="20.065571"><ele>1495.0</ele></trkpt>
      <trkpt lat="49.135355" lon="20.065531"><ele>1495.0</ele></trkpt>
      <trkpt lat="49.135343" lon="20.065499"><ele>1495.0</ele></trkpt>
      <trkpt lat="49.135328" lon="20.065469"><ele>1495.0</ele></trkpt>
      <trkpt lat="49.135307" lon="20.065451"><ele>1494.0</ele></trkpt>
      <trkpt lat="49.135292" lon="20.065428"><ele>1494.0</ele></trkpt>
      <trkpt lat="49.135278" lon="20.065397"><ele>1494.0</ele></trkpt>
      <trkpt lat="49.135261" lon="20.065369"><ele>1494.0</ele></trkpt>
      <trkpt lat="49.135247" lon="20.065337"><ele>1494.0</ele></trkpt>
      <trkpt lat="49.135233" lon="20.065310"><ele>1494.0</ele></trkpt>
      <trkpt lat="49.135219" lon="20.065285"><ele>1494.0</ele></trkpt>
      <trkpt lat="49.135208" lon="20.065261"><ele>1493.0</ele></trkpt>
      <trkpt lat="49.135197" lon="20.065236"><ele>1494.0</ele></trkpt>
      <trkpt lat="49.135185" lon="20.065212"><ele>1494.0</ele></trkpt>
      <trkpt lat="49.135173" lon="20.065191"><ele>1494.0</ele></trkpt>
      <trkpt lat="49.135161" lon="20.065167"><ele>1494.0</ele></trkpt>
      <trkpt lat="49.135147" lon="20.065141"><ele>1494.0</ele></trkpt>
      <trkpt lat="49.135135" lon="20.065120"><ele>1494.0</ele></trkpt>
      <trkpt lat="49.135132" lon="20.065088"><ele>1494.0</ele></trkpt>
      <trkpt lat="49.135122" lon="20.065065"><ele>1493.0</ele></trkpt>
      <trkpt lat="49.135113" lon="20.065040"><ele>1494.0</ele></trkpt>
      <trkpt lat="49.135096" lon="20.065008"><ele>1494.0</ele></trkpt>
      <trkpt lat="49.135084" lon="20.064986"><ele>1494.0</ele></trkpt>
      <trkpt lat="49.135064" lon="20.064957"><ele>1494.0</ele></trkpt>
      <trkpt lat="49.135050" lon="20.064923"><ele>1494.0</ele></trkpt>
      <trkpt lat="49.135035" lon="20.064895"><ele>1493.0</ele></trkpt>
      <trkpt lat="49.135014" lon="20.064881"><ele>1492.0</ele></trkpt>
      <trkpt lat="49.134995" lon="20.064861"><ele>1492.0</ele></trkpt>
      <trkpt lat="49.134982" lon="20.064829"><ele>1492.0</ele></trkpt>
      <trkpt lat="49.134967" lon="20.064787"><ele>1492.0</ele></trkpt>
      <trkpt lat="49.134954" lon="20.064749"><ele>1492.0</ele></trkpt>
      <trkpt lat="49.134936" lon="20.064719"><ele>1492.0</ele></trkpt>
      <trkpt lat="49.134923" lon="20.064689"><ele>1493.0</ele></trkpt>
      <trkpt lat="49.134906" lon="20.064660"><ele>1493.0</ele></trkpt>
      <trkpt lat="49.134891" lon="20.064627"><ele>1493.0</ele></trkpt>
      <trkpt lat="49.134881" lon="20.064599"><ele>1492.0</ele></trkpt>
      <trkpt lat="49.134867" lon="20.064580"><ele>1492.0</ele></trkpt>
      <trkpt lat="49.134848" lon="20.064564"><ele>1492.0</ele></trkpt>
      <trkpt lat="49.134827" lon="20.064556"><ele>1492.0</ele></trkpt>
      <trkpt lat="49.134806" lon="20.064548"><ele>1492.0</ele></trkpt>
      <trkpt lat="49.134789" lon="20.064529"><ele>1492.0</ele></trkpt>
      <trkpt lat="49.134773" lon="20.064516"><ele>1492.0</ele></trkpt>
      <trkpt lat="49.134748" lon="20.064496"><ele>1492.0</ele></trkpt>
      <trkpt lat="49.134725" lon="20.064475"><ele>1493.0</ele></trkpt>
      <trkpt lat="49.134709" lon="20.064460"><ele>1493.0</ele></trkpt>
      <trkpt lat="49.134700" lon="20.064435"><ele>1493.0</ele></trkpt>
      <trkpt lat="49.134717" lon="20.064411"><ele>1493.0</ele></trkpt>
      <trkpt lat="49.134688" lon="20.064400"><ele>1494.0</ele></trkpt>
      <trkpt lat="49.134672" lon="20.064386"><ele>1494.0</ele></trkpt>
      <trkpt lat="49.134658" lon="20.064355"><ele>1494.0</ele></trkpt>
      <trkpt lat="49.134643" lon="20.064340"><ele>1494.0</ele></trkpt>
      <trkpt lat="49.134625" lon="20.064324"><ele>1494.0</ele></trkpt>
      <trkpt lat="49.134597" lon="20.064291"><ele>1493.0</ele></trkpt>
      <trkpt lat="49.134579" lon="20.064282"><ele>1493.0</ele></trkpt>
      <trkpt lat="49.134556" lon="20.064276"><ele>1494.0</ele></trkpt>
      <trkpt lat="49.134534" lon="20.064267"><ele>1494.0</ele></trkpt>
      <trkpt lat="49.134515" lon="20.064255"><ele>1494.0</ele></trkpt>
      <trkpt lat="49.134498" lon="20.064235"><ele>1494.0</ele></trkpt>
      <trkpt lat="49.134482" lon="20.064214"><ele>1494.0</ele></trkpt>
      <trkpt lat="49.134454" lon="20.064184"><ele>1494.0</ele></trkpt>
      <trkpt lat="49.134434" lon="20.064153"><ele>1494.0</ele></trkpt>
      <trkpt lat="49.134418" lon="20.064138"><ele>1493.0</ele></trkpt>
      <trkpt lat="49.134393" lon="20.064120"><ele>1493.0</ele></trkpt>
      <trkpt lat="49.134369" lon="20.064114"><ele>1493.0</ele></trkpt>
      <trkpt lat="49.134346" lon="20.064107"><ele>1493.0</ele></trkpt>
      <trkpt lat="49.134326" lon="20.064112"><ele>1493.0</ele></trkpt>
      <trkpt lat="49.134301" lon="20.064124"><ele>1493.0</ele></trkpt>
      <trkpt lat="49.134281" lon="20.064126"><ele>1493.0</ele></trkpt>
      <trkpt lat="49.134262" lon="20.064130"><ele>1493.0</ele></trkpt>
      <trkpt lat="49.134239" lon="20.064140"><ele>1493.0</ele></trkpt>
      <trkpt lat="49.134215" lon="20.064143"><ele>1493.0</ele></trkpt>
      <trkpt lat="49.134192" lon="20.064137"><ele>1493.0</ele></trkpt>
      <trkpt lat="49.134171" lon="20.064132"><ele>1492.0</ele></trkpt>
      <trkpt lat="49.134152" lon="20.064132"><ele>1492.0</ele></trkpt>
      <trkpt lat="49.134134" lon="20.064130"><ele>1492.0</ele></trkpt>
      <trkpt lat="49.134110" lon="20.064136"><ele>1492.0</ele></trkpt>
      <trkpt lat="49.134083" lon="20.064140"><ele>1491.0</ele></trkpt>
      <trkpt lat="49.134055" lon="20.064140"><ele>1491.0</ele></trkpt>
      <trkpt lat="49.134032" lon="20.064136"><ele>1491.0</ele></trkpt>
      <trkpt lat="49.134006" lon="20.064135"><ele>1491.0</ele></trkpt>
      <trkpt lat="49.133987" lon="20.064125"><ele>1491.0</ele></trkpt>
      <trkpt lat="49.133969" lon="20.064114"><ele>1491.0</ele></trkpt>
      <trkpt lat="49.133954" lon="20.064096"><ele>1491.0</ele></trkpt>
      <trkpt lat="49.133932" lon="20.064077"><ele>1491.0</ele></trkpt>
      <trkpt lat="49.133910" lon="20.064062"><ele>1491.0</ele></trkpt>
      <trkpt lat="49.133892" lon="20.064052"><ele>1491.0</ele></trkpt>
      <trkpt lat="49.133870" lon="20.064035"><ele>1491.0</ele></trkpt>
      <trkpt lat="49.133849" lon="20.064018"><ele>1490.0</ele></trkpt>
      <trkpt lat="49.133830" lon="20.063997"><ele>1490.0</ele></trkpt>
      <trkpt lat="49.133808" lon="20.063970"><ele>1490.0</ele></trkpt>
      <trkpt lat="49.133786" lon="20.063948"><ele>1489.0</ele></trkpt>
      <trkpt lat="49.133761" lon="20.063930"><ele>1489.0</ele></trkpt>
      <trkpt lat="49.133737" lon="20.063908"><ele>1489.0</ele></trkpt>
      <trkpt lat="49.133711" lon="20.063888"><ele>1489.0</ele></trkpt>
      <trkpt lat="49.133688" lon="20.063877"><ele>1489.0</ele></trkpt>
      <trkpt lat="49.133660" lon="20.063885"><ele>1487.0</ele></trkpt>
      <trkpt lat="49.133637" lon="20.063883"><ele>1487.0</ele></trkpt>
      <trkpt lat="49.133609" lon="20.063885"><ele>1487.0</ele></trkpt>
      <trkpt lat="49.133583" lon="20.063891"><ele>1487.0</ele></trkpt>
      <trkpt lat="49.133560" lon="20.063894"><ele>1487.0</ele></trkpt>
      <trkpt lat="49.133535" lon="20.063899"><ele>1487.0</ele></trkpt>
      <trkpt lat="49.133503" lon="20.063908"><ele>1487.0</ele></trkpt>
      <trkpt lat="49.133480" lon="20.063914"><ele>1486.0</ele></trkpt>
      <trkpt lat="49.133455" lon="20.063922"><ele>1486.0</ele></trkpt>
      <trkpt lat="49.133426" lon="20.063930"><ele>1485.0</ele></trkpt>
      <trkpt lat="49.133399" lon="20.063945"><ele>1485.0</ele></trkpt>
      <trkpt lat="49.133378" lon="20.063953"><ele>1485.0</ele></trkpt>
      <trkpt lat="49.133355" lon="20.063957"><ele>1485.0</ele></trkpt>
      <trkpt lat="49.133332" lon="20.063961"><ele>1485.0</ele></trkpt>
      <trkpt lat="49.133309" lon="20.063962"><ele>1485.0</ele></trkpt>
      <trkpt lat="49.133284" lon="20.063959"><ele>1485.0</ele></trkpt>
      <trkpt lat="49.133255" lon="20.063953"><ele>1485.0</ele></trkpt>
      <trkpt lat="49.133232" lon="20.063954"><ele>1485.0</ele></trkpt>
      <trkpt lat="49.133212" lon="20.063948"><ele>1485.0</ele></trkpt>
      <trkpt lat="49.133189" lon="20.063952"><ele>1485.0</ele></trkpt>
      <trkpt lat="49.133168" lon="20.063951"><ele>1484.0</ele></trkpt>
      <trkpt lat="49.133146" lon="20.063954"><ele>1484.0</ele></trkpt>
      <trkpt lat="49.133125" lon="20.063955"><ele>1484.0</ele></trkpt>
      <trkpt lat="49.133103" lon="20.063958"><ele>1484.0</ele></trkpt>
      <trkpt lat="49.133081" lon="20.063958"><ele>1483.0</ele></trkpt>
      <trkpt lat="49.133060" lon="20.063957"><ele>1483.0</ele></trkpt>
      <trkpt lat="49.133037" lon="20.063955"><ele>1483.0</ele></trkpt>
      <trkpt lat="49.133013" lon="20.063950"><ele>1482.0</ele></trkpt>
      <trkpt lat="49.132987" lon="20.063951"><ele>1482.0</ele></trkpt>
      <trkpt lat="49.132969" lon="20.063956"><ele>1481.0</ele></trkpt>
      <trkpt lat="49.132946" lon="20.063964"><ele>1481.0</ele></trkpt>
      <trkpt lat="49.132926" lon="20.063964"><ele>1481.0</ele></trkpt>
      <trkpt lat="49.132907" lon="20.063966"><ele>1481.0</ele></trkpt>
      <trkpt lat="49.132892" lon="20.063939"><ele>1480.0</ele></trkpt>
      <trkpt lat="49.132871" lon="20.063943"><ele>1479.0</ele></trkpt>
      <trkpt lat="49.132852" lon="20.063946"><ele>1479.0</ele></trkpt>
      <trkpt lat="49.132833" lon="20.063955"><ele>1479.0</ele></trkpt>
      <trkpt lat="49.132815" lon="20.063964"><ele>1479.0</ele></trkpt>
      <trkpt lat="49.132798" lon="20.063987"><ele>1479.0</ele></trkpt>
      <trkpt lat="49.132774" lon="20.063996"><ele>1479.0</ele></trkpt>
      <trkpt lat="49.132751" lon="20.064003"><ele>1479.0</ele></trkpt>
      <trkpt lat="49.132727" lon="20.064012"><ele>1479.0</ele></trkpt>
      <trkpt lat="49.132700" lon="20.064026"><ele>1478.0</ele></trkpt>
      <trkpt lat="49.132675" lon="20.064035"><ele>1478.0</ele></trkpt>
      <trkpt lat="49.132656" lon="20.064041"><ele>1477.0</ele></trkpt>
      <trkpt lat="49.132635" lon="20.064046"><ele>1477.0</ele></trkpt>
      <trkpt lat="49.132607" lon="20.064044"><ele>1476.0</ele></trkpt>
      <trkpt lat="49.132584" lon="20.064058"><ele>1476.0</ele></trkpt>
      <trkpt lat="49.132552" lon="20.064067"><ele>1476.0</ele></trkpt>
      <trkpt lat="49.132525" lon="20.064070"><ele>1476.0</ele></trkpt>
      <trkpt lat="49.132498" lon="20.064076"><ele>1476.0</ele></trkpt>
      <trkpt lat="49.132471" lon="20.064086"><ele>1476.0</ele></trkpt>
      <trkpt lat="49.132447" lon="20.064096"><ele>1476.0</ele></trkpt>
      <trkpt lat="49.132421" lon="20.064106"><ele>1475.0</ele></trkpt>
      <trkpt lat="49.132390" lon="20.064112"><ele>1474.0</ele></trkpt>
      <trkpt lat="49.132363" lon="20.064115"><ele>1474.0</ele></trkpt>
      <trkpt lat="49.132335" lon="20.064120"><ele>1474.0</ele></trkpt>
      <trkpt lat="49.132314" lon="20.064129"><ele>1473.0</ele></trkpt>
      <trkpt lat="49.132294" lon="20.064139"><ele>1473.0</ele></trkpt>
      <trkpt lat="49.132268" lon="20.064157"><ele>1473.0</ele></trkpt>
      <trkpt lat="49.132249" lon="20.064167"><ele>1473.0</ele></trkpt>
      <trkpt lat="49.132230" lon="20.064171"><ele>1472.0</ele></trkpt>
      <trkpt lat="49.132209" lon="20.064166"><ele>1472.0</ele></trkpt>
      <trkpt lat="49.132182" lon="20.064176"><ele>1472.0</ele></trkpt>
      <trkpt lat="49.132157" lon="20.064189"><ele>1472.0</ele></trkpt>
      <trkpt lat="49.132135" lon="20.064200"><ele>1471.0</ele></trkpt>
      <trkpt lat="49.132109" lon="20.064205"><ele>1471.0</ele></trkpt>
      <trkpt lat="49.132083" lon="20.064204"><ele>1471.0</ele></trkpt>
      <trkpt lat="49.132056" lon="20.064215"><ele>1471.0</ele></trkpt>
      <trkpt lat="49.132027" lon="20.064226"><ele>1471.0</ele></trkpt>
      <trkpt lat="49.132004" lon="20.064233"><ele>1470.0</ele></trkpt>
      <trkpt lat="49.131980" lon="20.064231"><ele>1469.0</ele></trkpt>
      <trkpt lat="49.131959" lon="20.064238"><ele>1469.0</ele></trkpt>
      <trkpt lat="49.131935" lon="20.064249"><ele>1469.0</ele></trkpt>
      <trkpt lat="49.131907" lon="20.064241"><ele>1469.0</ele></trkpt>
      <trkpt lat="49.131884" lon="20.064246"><ele>1469.0</ele></trkpt>
      <trkpt lat="49.131866" lon="20.064255"><ele>1469.0</ele></trkpt>
      <trkpt lat="49.131842" lon="20.064259"><ele>1468.0</ele></trkpt>
      <trkpt lat="49.131824" lon="20.064258"><ele>1468.0</ele></trkpt>
      <trkpt lat="49.131797" lon="20.064258"><ele>1468.0</ele></trkpt>
      <trkpt lat="49.131774" lon="20.064264"><ele>1468.0</ele></trkpt>
      <trkpt lat="49.131745" lon="20.064270"><ele>1468.0</ele></trkpt>
      <trkpt lat="49.131722" lon="20.064279"><ele>1467.0</ele></trkpt>
      <trkpt lat="49.131703" lon="20.064286"><ele>1467.0</ele></trkpt>
      <trkpt lat="49.131680" lon="20.064290"><ele>1467.0</ele></trkpt>
      <trkpt lat="49.131657" lon="20.064296"><ele>1466.0</ele></trkpt>
      <trkpt lat="49.131634" lon="20.064298"><ele>1466.0</ele></trkpt>
      <trkpt lat="49.131607" lon="20.064307"><ele>1466.0</ele></trkpt>
      <trkpt lat="49.131588" lon="20.064314"><ele>1466.0</ele></trkpt>
      <trkpt lat="49.131563" lon="20.064310"><ele>1466.0</ele></trkpt>
      <trkpt lat="49.131537" lon="20.064317"><ele>1466.0</ele></trkpt>
      <trkpt lat="49.131511" lon="20.064325"><ele>1465.0</ele></trkpt>
      <trkpt lat="49.131486" lon="20.064327"><ele>1465.0</ele></trkpt>
      <trkpt lat="49.131460" lon="20.064331"><ele>1465.0</ele></trkpt>
      <trkpt lat="49.131441" lon="20.064335"><ele>1465.0</ele></trkpt>
      <trkpt lat="49.131420" lon="20.064343"><ele>1464.0</ele></trkpt>
      <trkpt lat="49.131396" lon="20.064350"><ele>1464.0</ele></trkpt>
      <trkpt lat="49.131376" lon="20.064360"><ele>1464.0</ele></trkpt>
      <trkpt lat="49.131359" lon="20.064383"><ele>1463.0</ele></trkpt>
      <trkpt lat="49.131338" lon="20.064387"><ele>1463.0</ele></trkpt>
      <trkpt lat="49.131318" lon="20.064398"><ele>1462.0</ele></trkpt>
      <trkpt lat="49.131297" lon="20.064407"><ele>1462.0</ele></trkpt>
      <trkpt lat="49.131268" lon="20.064413"><ele>1462.0</ele></trkpt>
      <trkpt lat="49.131246" lon="20.064426"><ele>1462.0</ele></trkpt>
      <trkpt lat="49.131220" lon="20.064431"><ele>1462.0</ele></trkpt>
      <trkpt lat="49.131197" lon="20.064440"><ele>1462.0</ele></trkpt>
      <trkpt lat="49.131177" lon="20.064455"><ele>1462.0</ele></trkpt>
      <trkpt lat="49.131159" lon="20.064476"><ele>1461.0</ele></trkpt>
      <trkpt lat="49.131139" lon="20.064493"><ele>1461.0</ele></trkpt>
      <trkpt lat="49.131119" lon="20.064503"><ele>1461.0</ele></trkpt>
      <trkpt lat="49.131099" lon="20.064512"><ele>1461.0</ele></trkpt>
      <trkpt lat="49.131079" lon="20.064523"><ele>1461.0</ele></trkpt>
      <trkpt lat="49.131057" lon="20.064532"><ele>1461.0</ele></trkpt>
      <trkpt lat="49.131037" lon="20.064548"><ele>1460.0</ele></trkpt>
      <trkpt lat="49.131019" lon="20.064559"><ele>1460.0</ele></trkpt>
      <trkpt lat="49.130996" lon="20.064573"><ele>1460.0</ele></trkpt>
      <trkpt lat="49.130970" lon="20.064582"><ele>1460.0</ele></trkpt>
      <trkpt lat="49.130938" lon="20.064598"><ele>1460.0</ele></trkpt>
      <trkpt lat="49.130914" lon="20.064608"><ele>1459.0</ele></trkpt>
      <trkpt lat="49.130891" lon="20.064616"><ele>1459.0</ele></trkpt>
      <trkpt lat="49.130873" lon="20.064636"><ele>1459.0</ele></trkpt>
      <trkpt lat="49.130854" lon="20.064644"><ele>1459.0</ele></trkpt>
      <trkpt lat="49.130835" lon="20.064653"><ele>1458.0</ele></trkpt>
      <trkpt lat="49.130816" lon="20.064658"><ele>1457.0</ele></trkpt>
      <trkpt lat="49.130791" lon="20.064675"><ele>1457.0</ele></trkpt>
      <trkpt lat="49.130768" lon="20.064685"><ele>1457.0</ele></trkpt>
      <trkpt lat="49.130747" lon="20.064698"><ele>1457.0</ele></trkpt>
      <trkpt lat="49.130724" lon="20.064703"><ele>1456.0</ele></trkpt>
      <trkpt lat="49.130702" lon="20.064718"><ele>1455.0</ele></trkpt>
      <trkpt lat="49.130678" lon="20.064726"><ele>1455.0</ele></trkpt>
      <trkpt lat="49.130659" lon="20.064727"><ele>1455.0</ele></trkpt>
      <trkpt lat="49.130641" lon="20.064735"><ele>1455.0</ele></trkpt>
      <trkpt lat="49.130622" lon="20.064743"><ele>1455.0</ele></trkpt>
      <trkpt lat="49.130595" lon="20.064747"><ele>1454.0</ele></trkpt>
      <trkpt lat="49.130579" lon="20.064761"><ele>1454.0</ele></trkpt>
      <trkpt lat="49.130551" lon="20.064770"><ele>1453.0</ele></trkpt>
      <trkpt lat="49.130531" lon="20.064778"><ele>1453.0</ele></trkpt>
      <trkpt lat="49.130515" lon="20.064790"><ele>1453.0</ele></trkpt>
      <trkpt lat="49.130495" lon="20.064801"><ele>1453.0</ele></trkpt>
      <trkpt lat="49.130471" lon="20.064807"><ele>1453.0</ele></trkpt>
      <trkpt lat="49.130447" lon="20.064811"><ele>1453.0</ele></trkpt>
      <trkpt lat="49.130425" lon="20.064817"><ele>1453.0</ele></trkpt>
      <trkpt lat="49.130401" lon="20.064822"><ele>1453.0</ele></trkpt>
      <trkpt lat="49.130375" lon="20.064822"><ele>1452.0</ele></trkpt>
      <trkpt lat="49.130351" lon="20.064818"><ele>1452.0</ele></trkpt>
      <trkpt lat="49.130328" lon="20.064826"><ele>1452.0</ele></trkpt>
      <trkpt lat="49.130310" lon="20.064830"><ele>1452.0</ele></trkpt>
      <trkpt lat="49.130290" lon="20.064833"><ele>1452.0</ele></trkpt>
      <trkpt lat="49.130269" lon="20.064836"><ele>1452.0</ele></trkpt>
      <trkpt lat="49.130252" lon="20.064845"><ele>1451.0</ele></trkpt>
      <trkpt lat="49.130229" lon="20.064856"><ele>1451.0</ele></trkpt>
      <trkpt lat="49.130205" lon="20.064866"><ele>1451.0</ele></trkpt>
      <trkpt lat="49.130179" lon="20.064880"><ele>1450.0</ele></trkpt>
      <trkpt lat="49.130154" lon="20.064883"><ele>1450.0</ele></trkpt>
      <trkpt lat="49.130132" lon="20.064896"><ele>1449.0</ele></trkpt>
      <trkpt lat="49.130108" lon="20.064910"><ele>1448.0</ele></trkpt>
      <trkpt lat="49.130084" lon="20.064919"><ele>1448.0</ele></trkpt>
      <trkpt lat="49.130057" lon="20.064929"><ele>1448.0</ele></trkpt>
      <trkpt lat="49.130036" lon="20.064943"><ele>1447.0</ele></trkpt>
      <trkpt lat="49.130010" lon="20.064958"><ele>1447.0</ele></trkpt>
      <trkpt lat="49.129982" lon="20.064968"><ele>1447.0</ele></trkpt>
      <trkpt lat="49.129954" lon="20.064981"><ele>1446.0</ele></trkpt>
      <trkpt lat="49.129925" lon="20.064992"><ele>1446.0</ele></trkpt>
      <trkpt lat="49.129901" lon="20.065002"><ele>1446.0</ele></trkpt>
      <trkpt lat="49.129881" lon="20.065010"><ele>1445.0</ele></trkpt>
      <trkpt lat="49.129862" lon="20.065015"><ele>1444.0</ele></trkpt>
      <trkpt lat="49.129840" lon="20.065020"><ele>1444.0</ele></trkpt>
      <trkpt lat="49.129818" lon="20.065030"><ele>1444.0</ele></trkpt>
      <trkpt lat="49.129793" lon="20.065029"><ele>1444.0</ele></trkpt>
      <trkpt lat="49.129767" lon="20.065038"><ele>1445.0</ele></trkpt>
      <trkpt lat="49.129746" lon="20.065045"><ele>1444.0</ele></trkpt>
      <trkpt lat="49.129720" lon="20.065033"><ele>1444.0</ele></trkpt>
      <trkpt lat="49.129698" lon="20.065029"><ele>1444.0</ele></trkpt>
      <trkpt lat="49.129677" lon="20.065028"><ele>1443.0</ele></trkpt>
      <trkpt lat="49.129656" lon="20.065029"><ele>1443.0</ele></trkpt>
      <trkpt lat="49.129637" lon="20.065031"><ele>1442.0</ele></trkpt>
      <trkpt lat="49.129618" lon="20.065045"><ele>1442.0</ele></trkpt>
      <trkpt lat="49.129596" lon="20.065050"><ele>1442.0</ele></trkpt>
      <trkpt lat="49.129579" lon="20.065041"><ele>1442.0</ele></trkpt>
      <trkpt lat="49.129564" lon="20.065015"><ele>1441.0</ele></trkpt>
      <trkpt lat="49.129538" lon="20.065036"><ele>1440.0</ele></trkpt>
      <trkpt lat="49.129518" lon="20.065038"><ele>1440.0</ele></trkpt>
      <trkpt lat="49.129499" lon="20.065036"><ele>1440.0</ele></trkpt>
      <trkpt lat="49.129478" lon="20.065047"><ele>1439.0</ele></trkpt>
      <trkpt lat="49.129472" lon="20.065077"><ele>1438.0</ele></trkpt>
      <trkpt lat="49.129465" lon="20.065103"><ele>1438.0</ele></trkpt>
      <trkpt lat="49.129447" lon="20.065102"><ele>1438.0</ele></trkpt>
      <trkpt lat="49.129426" lon="20.065099"><ele>1438.0</ele></trkpt>
      <trkpt lat="49.129406" lon="20.065091"><ele>1438.0</ele></trkpt>
      <trkpt lat="49.129377" lon="20.065090"><ele>1437.0</ele></trkpt>
      <trkpt lat="49.129357" lon="20.065094"><ele>1437.0</ele></trkpt>
      <trkpt lat="49.129338" lon="20.065094"><ele>1437.0</ele></trkpt>
      <trkpt lat="49.129317" lon="20.065095"><ele>1436.0</ele></trkpt>
      <trkpt lat="49.129297" lon="20.065100"><ele>1436.0</ele></trkpt>
      <trkpt lat="49.129276" lon="20.065097"><ele>1436.0</ele></trkpt>
      <trkpt lat="49.129256" lon="20.065094"><ele>1436.0</ele></trkpt>
      <trkpt lat="49.129235" lon="20.065100"><ele>1434.0</ele></trkpt>
      <trkpt lat="49.129212" lon="20.065106"><ele>1434.0</ele></trkpt>
      <trkpt lat="49.129190" lon="20.065110"><ele>1434.0</ele></trkpt>
      <trkpt lat="49.129164" lon="20.065109"><ele>1433.0</ele></trkpt>
      <trkpt lat="49.129140" lon="20.065114"><ele>1432.0</ele></trkpt>
      <trkpt lat="49.129119" lon="20.065114"><ele>1432.0</ele></trkpt>
      <trkpt lat="49.129094" lon="20.065111"><ele>1431.0</ele></trkpt>
      <trkpt lat="49.129076" lon="20.065118"><ele>1431.0</ele></trkpt>
      <trkpt lat="49.129057" lon="20.065126"><ele>1431.0</ele></trkpt>
      <trkpt lat="49.129032" lon="20.065128"><ele>1431.0</ele></trkpt>
      <trkpt lat="49.129007" lon="20.065123"><ele>1431.0</ele></trkpt>
      <trkpt lat="49.128987" lon="20.065122"><ele>1430.0</ele></trkpt>
      <trkpt lat="49.128959" lon="20.065125"><ele>1429.0</ele></trkpt>
      <trkpt lat="49.128935" lon="20.065132"><ele>1429.0</ele></trkpt>
      <trkpt lat="49.128908" lon="20.065140"><ele>1429.0</ele></trkpt>
      <trkpt lat="49.128887" lon="20.065144"><ele>1429.0</ele></trkpt>
      <trkpt lat="49.128863" lon="20.065155"><ele>1428.0</ele></trkpt>
      <trkpt lat="49.128842" lon="20.065169"><ele>1428.0</ele></trkpt>
      <trkpt lat="49.128818" lon="20.065180"><ele>1428.0</ele></trkpt>
      <trkpt lat="49.128796" lon="20.065177"><ele>1428.0</ele></trkpt>
      <trkpt lat="49.128779" lon="20.065188"><ele>1426.0</ele></trkpt>
      <trkpt lat="49.128756" lon="20.065191"><ele>1426.0</ele></trkpt>
      <trkpt lat="49.128730" lon="20.065199"><ele>1426.0</ele></trkpt>
      <trkpt lat="49.128706" lon="20.065207"><ele>1426.0</ele></trkpt>
      <trkpt lat="49.128680" lon="20.065206"><ele>1425.0</ele></trkpt>
      <trkpt lat="49.128661" lon="20.065206"><ele>1425.0</ele></trkpt>
      <trkpt lat="49.128644" lon="20.065219"><ele>1425.0</ele></trkpt>
      <trkpt lat="49.128625" lon="20.065230"><ele>1424.0</ele></trkpt>
      <trkpt lat="49.128603" lon="20.065234"><ele>1423.0</ele></trkpt>
      <trkpt lat="49.128575" lon="20.065240"><ele>1423.0</ele></trkpt>
      <trkpt lat="49.128548" lon="20.065244"><ele>1423.0</ele></trkpt>
      <trkpt lat="49.128526" lon="20.065246"><ele>1423.0</ele></trkpt>
      <trkpt lat="49.128498" lon="20.065244"><ele>1422.0</ele></trkpt>
      <trkpt lat="49.128477" lon="20.065242"><ele>1421.0</ele></trkpt>
      <trkpt lat="49.128453" lon="20.065240"><ele>1421.0</ele></trkpt>
      <trkpt lat="49.128427" lon="20.065244"><ele>1421.0</ele></trkpt>
      <trkpt lat="49.128409" lon="20.065253"><ele>1420.0</ele></trkpt>
      <trkpt lat="49.128381" lon="20.065260"><ele>1420.0</ele></trkpt>
      <trkpt lat="49.128356" lon="20.065270"><ele>1420.0</ele></trkpt>
      <trkpt lat="49.128336" lon="20.065278"><ele>1420.0</ele></trkpt>
      <trkpt lat="49.128312" lon="20.065292"><ele>1419.0</ele></trkpt>
      <trkpt lat="49.128295" lon="20.065297"><ele>1419.0</ele></trkpt>
      <trkpt lat="49.128273" lon="20.065308"><ele>1418.0</ele></trkpt>
      <trkpt lat="49.128254" lon="20.065332"><ele>1418.0</ele></trkpt>
      <trkpt lat="49.128227" lon="20.065335"><ele>1417.0</ele></trkpt>
      <trkpt lat="49.128205" lon="20.065348"><ele>1417.0</ele></trkpt>
      <trkpt lat="49.128185" lon="20.065354"><ele>1417.0</ele></trkpt>
      <trkpt lat="49.128156" lon="20.065358"><ele>1416.0</ele></trkpt>
      <trkpt lat="49.128129" lon="20.065366"><ele>1416.0</ele></trkpt>
      <trkpt lat="49.128107" lon="20.065381"><ele>1416.0</ele></trkpt>
      <trkpt lat="49.128079" lon="20.065394"><ele>1416.0</ele></trkpt>
      <trkpt lat="49.128047" lon="20.065405"><ele>1416.0</ele></trkpt>
      <trkpt lat="49.128024" lon="20.065419"><ele>1416.0</ele></trkpt>
      <trkpt lat="49.128006" lon="20.065425"><ele>1416.0</ele></trkpt>
      <trkpt lat="49.127987" lon="20.065431"><ele>1415.0</ele></trkpt>
      <trkpt lat="49.127970" lon="20.065440"><ele>1414.0</ele></trkpt>
      <trkpt lat="49.127949" lon="20.065460"><ele>1414.0</ele></trkpt>
      <trkpt lat="49.127930" lon="20.065463"><ele>1414.0</ele></trkpt>
      <trkpt lat="49.127905" lon="20.065470"><ele>1414.0</ele></trkpt>
      <trkpt lat="49.127887" lon="20.065478"><ele>1413.0</ele></trkpt>
      <trkpt lat="49.127863" lon="20.065487"><ele>1413.0</ele></trkpt>
      <trkpt lat="49.127842" lon="20.065497"><ele>1412.0</ele></trkpt>
      <trkpt lat="49.127823" lon="20.065515"><ele>1412.0</ele></trkpt>
      <trkpt lat="49.127799" lon="20.065528"><ele>1412.0</ele></trkpt>
      <trkpt lat="49.127779" lon="20.065534"><ele>1411.0</ele></trkpt>
      <trkpt lat="49.127757" lon="20.065538"><ele>1411.0</ele></trkpt>
      <trkpt lat="49.127732" lon="20.065535"><ele>1410.0</ele></trkpt>
      <trkpt lat="49.127712" lon="20.065532"><ele>1410.0</ele></trkpt>
      <trkpt lat="49.127695" lon="20.065522"><ele>1410.0</ele></trkpt>
      <trkpt lat="49.127674" lon="20.065514"><ele>1410.0</ele></trkpt>
      <trkpt lat="49.127653" lon="20.065514"><ele>1410.0</ele></trkpt>
      <trkpt lat="49.127629" lon="20.065512"><ele>1409.0</ele></trkpt>
      <trkpt lat="49.127607" lon="20.065517"><ele>1409.0</ele></trkpt>
      <trkpt lat="49.127579" lon="20.065515"><ele>1408.0</ele></trkpt>
      <trkpt lat="49.127552" lon="20.065528"><ele>1408.0</ele></trkpt>
      <trkpt lat="49.127531" lon="20.065538"><ele>1408.0</ele></trkpt>
      <trkpt lat="49.127507" lon="20.065538"><ele>1407.0</ele></trkpt>
      <trkpt lat="49.127487" lon="20.065541"><ele>1407.0</ele></trkpt>
      <trkpt lat="49.127461" lon="20.065550"><ele>1407.0</ele></trkpt>
      <trkpt lat="49.127446" lon="20.065569"><ele>1407.0</ele></trkpt>
      <trkpt lat="49.127419" lon="20.065575"><ele>1407.0</ele></trkpt>
      <trkpt lat="49.127403" lon="20.065575"><ele>1406.0</ele></trkpt>
      <trkpt lat="49.127386" lon="20.065574"><ele>1405.0</ele></trkpt>
      <trkpt lat="49.127370" lon="20.065574"><ele>1405.0</ele></trkpt>
      <trkpt lat="49.127353" lon="20.065574"><ele>1405.0</ele></trkpt>
      <trkpt lat="49.127337" lon="20.065573"><ele>1405.0</ele></trkpt>
      <trkpt lat="49.127320" lon="20.065573"><ele>1404.0</ele></trkpt>
      <trkpt lat="49.127290" lon="20.065584"><ele>1404.0</ele></trkpt>
      <trkpt lat="49.127258" lon="20.065570"><ele>1403.0</ele></trkpt>
      <trkpt lat="49.127240" lon="20.065578"><ele>1403.0</ele></trkpt>
      <trkpt lat="49.127220" lon="20.065591"><ele>1403.0</ele></trkpt>
      <trkpt lat="49.127202" lon="20.065593"><ele>1402.0</ele></trkpt>
      <trkpt lat="49.127183" lon="20.065594"><ele>1402.0</ele></trkpt>
      <trkpt lat="49.127165" lon="20.065606"><ele>1402.0</ele></trkpt>
      <trkpt lat="49.127147" lon="20.065618"><ele>1401.0</ele></trkpt>
      <trkpt lat="49.127130" lon="20.065629"><ele>1401.0</ele></trkpt>
      <trkpt lat="49.127112" lon="20.065641"><ele>1401.0</ele></trkpt>
      <trkpt lat="49.127092" lon="20.065651"><ele>1401.0</ele></trkpt>
      <trkpt lat="49.127069" lon="20.065658"><ele>1401.0</ele></trkpt>
      <trkpt lat="49.127046" lon="20.065665"><ele>1401.0</ele></trkpt>
      <trkpt lat="49.127017" lon="20.065656"><ele>1401.0</ele></trkpt>
      <trkpt lat="49.126991" lon="20.065656"><ele>1401.0</ele></trkpt>
      <trkpt lat="49.126971" lon="20.065659"><ele>1401.0</ele></trkpt>
      <trkpt lat="49.126950" lon="20.065669"><ele>1399.0</ele></trkpt>
      <trkpt lat="49.126937" lon="20.065675"><ele>1399.0</ele></trkpt>
      <trkpt lat="49.126923" lon="20.065682"><ele>1399.0</ele></trkpt>
      <trkpt lat="49.126910" lon="20.065688"><ele>1399.0</ele></trkpt>
      <trkpt lat="49.126896" lon="20.065694"><ele>1399.0</ele></trkpt>
      <trkpt lat="49.126896" lon="20.065669"><ele>1398.0</ele></trkpt>
      <trkpt lat="49.126895" lon="20.065644"><ele>1398.0</ele></trkpt>
      <trkpt lat="49.126895" lon="20.065618"><ele>1398.0</ele></trkpt>
      <trkpt lat="49.126894" lon="20.065593"><ele>1398.0</ele></trkpt>
      <trkpt lat="49.126894" lon="20.065568"><ele>1398.0</ele></trkpt>
      <trkpt lat="49.126883" lon="20.065586"><ele>1398.0</ele></trkpt>
      <trkpt lat="49.126872" lon="20.065605"><ele>1398.0</ele></trkpt>
      <trkpt lat="49.126861" lon="20.065623"><ele>1398.0</ele></trkpt>
      <trkpt lat="49.126850" lon="20.065642"><ele>1398.0</ele></trkpt>
      <trkpt lat="49.126839" lon="20.065660"><ele>1398.0</ele></trkpt>
      <trkpt lat="49.126828" lon="20.065679"><ele>1397.0</ele></trkpt>
      <trkpt lat="49.126817" lon="20.065697"><ele>1397.0</ele></trkpt>
      <trkpt lat="49.126802" lon="20.065705"><ele>1397.0</ele></trkpt>
      <trkpt lat="49.126787" lon="20.065713"><ele>1396.0</ele></trkpt>
      <trkpt lat="49.126772" lon="20.065722"><ele>1396.0</ele></trkpt>
      <trkpt lat="49.126756" lon="20.065730"><ele>1396.0</ele></trkpt>
      <trkpt lat="49.126741" lon="20.065738"><ele>1396.0</ele></trkpt>
      <trkpt lat="49.126726" lon="20.065746"><ele>1396.0</ele></trkpt>
      <trkpt lat="49.126708" lon="20.065745"><ele>1396.0</ele></trkpt>
      <trkpt lat="49.126689" lon="20.065743"><ele>1396.0</ele></trkpt>
      <trkpt lat="49.126671" lon="20.065742"><ele>1395.0</ele></trkpt>
      <trkpt lat="49.126652" lon="20.065740"><ele>1395.0</ele></trkpt>
      <trkpt lat="49.126634" lon="20.065739"><ele>1395.0</ele></trkpt>
      <trkpt lat="49.126613" lon="20.065752"><ele>1395.0</ele></trkpt>
      <trkpt lat="49.126592" lon="20.065766"><ele>1395.0</ele></trkpt>
      <trkpt lat="49.126571" lon="20.065779"><ele>1395.0</ele></trkpt>
      <trkpt lat="49.126550" lon="20.065792"><ele>1395.0</ele></trkpt>
      <trkpt lat="49.126528" lon="20.065791"><ele>1395.0</ele></trkpt>
      <trkpt lat="49.126503" lon="20.065800"><ele>1394.0</ele></trkpt>
      <trkpt lat="49.126483" lon="20.065806"><ele>1394.0</ele></trkpt>
      <trkpt lat="49.126463" lon="20.065810"><ele>1393.0</ele></trkpt>
      <trkpt lat="49.126436" lon="20.065808"><ele>1393.0</ele></trkpt>
      <trkpt lat="49.126417" lon="20.065809"><ele>1393.0</ele></trkpt>
      <trkpt lat="49.126394" lon="20.065806"><ele>1392.0</ele></trkpt>
      <trkpt lat="49.126374" lon="20.065805"><ele>1392.0</ele></trkpt>
      <trkpt lat="49.126354" lon="20.065804"><ele>1392.0</ele></trkpt>
      <trkpt lat="49.126333" lon="20.065802"><ele>1391.0</ele></trkpt>
      <trkpt lat="49.126311" lon="20.065797"><ele>1391.0</ele></trkpt>
      <trkpt lat="49.126290" lon="20.065792"><ele>1391.0</ele></trkpt>
      <trkpt lat="49.126268" lon="20.065787"><ele>1391.0</ele></trkpt>
      <trkpt lat="49.126227" lon="20.065781"><ele>1390.0</ele></trkpt>
      <trkpt lat="49.126205" lon="20.065774"><ele>1390.0</ele></trkpt>
      <trkpt lat="49.126174" lon="20.065780"><ele>1388.0</ele></trkpt>
      <trkpt lat="49.126148" lon="20.065792"><ele>1388.0</ele></trkpt>
      <trkpt lat="49.126180" lon="20.065769"><ele>1387.0</ele></trkpt>
      <trkpt lat="49.126181" lon="20.065739"><ele>1387.0</ele></trkpt>
      <trkpt lat="49.126153" lon="20.065734"><ele>1387.0</ele></trkpt>
      <trkpt lat="49.126113" lon="20.065770"><ele>1387.0</ele></trkpt>
      <trkpt lat="49.126083" lon="20.065777"><ele>1387.0</ele></trkpt>
      <trkpt lat="49.126060" lon="20.065769"><ele>1387.0</ele></trkpt>
      <trkpt lat="49.126041" lon="20.065748"><ele>1387.0</ele></trkpt>
      <trkpt lat="49.126026" lon="20.065737"><ele>1387.0</ele></trkpt>
      <trkpt lat="49.126011" lon="20.065726"><ele>1386.0</ele></trkpt>
      <trkpt lat="49.125996" lon="20.065715"><ele>1386.0</ele></trkpt>
      <trkpt lat="49.125981" lon="20.065704"><ele>1385.0</ele></trkpt>
      <trkpt lat="49.125966" lon="20.065693"><ele>1385.0</ele></trkpt>
      <trkpt lat="49.125949" lon="20.065688"><ele>1383.0</ele></trkpt>
      <trkpt lat="49.125930" lon="20.065689"><ele>1383.0</ele></trkpt>
      <trkpt lat="49.125911" lon="20.065689"><ele>1383.0</ele></trkpt>
      <trkpt lat="49.125892" lon="20.065690"><ele>1383.0</ele></trkpt>
      <trkpt lat="49.125872" lon="20.065690"><ele>1383.0</ele></trkpt>
      <trkpt lat="49.125853" lon="20.065691"><ele>1382.0</ele></trkpt>
      <trkpt lat="49.125838" lon="20.065664"><ele>1382.0</ele></trkpt>
      <trkpt lat="49.125823" lon="20.065637"><ele>1381.0</ele></trkpt>
      <trkpt lat="49.125808" lon="20.065610"><ele>1381.0</ele></trkpt>
      <trkpt lat="49.125793" lon="20.065583"><ele>1381.0</ele></trkpt>
      <trkpt lat="49.125777" lon="20.065598"><ele>1381.0</ele></trkpt>
      <trkpt lat="49.125761" lon="20.065614"><ele>1381.0</ele></trkpt>
      <trkpt lat="49.125744" lon="20.065629"><ele>1381.0</ele></trkpt>
      <trkpt lat="49.125728" lon="20.065645"><ele>1381.0</ele></trkpt>
      <trkpt lat="49.125712" lon="20.065660"><ele>1381.0</ele></trkpt>
      <trkpt lat="49.125693" lon="20.065657"><ele>1380.0</ele></trkpt>
      <trkpt lat="49.125675" lon="20.065653"><ele>1380.0</ele></trkpt>
      <trkpt lat="49.125656" lon="20.065650"><ele>1380.0</ele></trkpt>
      <trkpt lat="49.125638" lon="20.065646"><ele>1379.0</ele></trkpt>
      <trkpt lat="49.125619" lon="20.065643"><ele>1379.0</ele></trkpt>
      <trkpt lat="49.125590" lon="20.065657"><ele>1379.0</ele></trkpt>
      <trkpt lat="49.125566" lon="20.065642"><ele>1377.0</ele></trkpt>
      <trkpt lat="49.125543" lon="20.065627"><ele>1377.0</ele></trkpt>
      <trkpt lat="49.125519" lon="20.065612"><ele>1377.0</ele></trkpt>
      <trkpt lat="49.125493" lon="20.065607"><ele>1377.0</ele></trkpt>
      <trkpt lat="49.125479" lon="20.065610"><ele>1377.0</ele></trkpt>
      <trkpt lat="49.125465" lon="20.065612"><ele>1377.0</ele></trkpt>
      <trkpt lat="49.125438" lon="20.065617"><ele>1376.0</ele></trkpt>
      <trkpt lat="49.125424" lon="20.065620"><ele>1375.0</ele></trkpt>
      <trkpt lat="49.125410" lon="20.065622"><ele>1375.0</ele></trkpt>
      <trkpt lat="49.125384" lon="20.065627"><ele>1375.0</ele></trkpt>
      <trkpt lat="49.125369" lon="20.065629"><ele>1374.0</ele></trkpt>
      <trkpt lat="49.125353" lon="20.065632"><ele>1374.0</ele></trkpt>
      <trkpt lat="49.125338" lon="20.065634"><ele>1374.0</ele></trkpt>
      <trkpt lat="49.125322" lon="20.065637"><ele>1374.0</ele></trkpt>
      <trkpt lat="49.125307" lon="20.065639"><ele>1373.0</ele></trkpt>
      <trkpt lat="49.125292" lon="20.065642"><ele>1373.0</ele></trkpt>
      <trkpt lat="49.125279" lon="20.065632"><ele>1373.0</ele></trkpt>
      <trkpt lat="49.125270" lon="20.065610"><ele>1373.0</ele></trkpt>
      <trkpt lat="49.125260" lon="20.065588"><ele>1373.0</ele></trkpt>
      <trkpt lat="49.125250" lon="20.065566"><ele>1373.0</ele></trkpt>
      <trkpt lat="49.125241" lon="20.065544"><ele>1372.0</ele></trkpt>
      <trkpt lat="49.125231" lon="20.065522"><ele>1372.0</ele></trkpt>
      <trkpt lat="49.125215" lon="20.065521"><ele>1372.0</ele></trkpt>
      <trkpt lat="49.125203" lon="20.065531"><ele>1372.0</ele></trkpt>
      <trkpt lat="49.125181" lon="20.065551"><ele>1371.0</ele></trkpt>
      <trkpt lat="49.125158" lon="20.065571"><ele>1371.0</ele></trkpt>
      <trkpt lat="49.125138" lon="20.065583"><ele>1371.0</ele></trkpt>
      <trkpt lat="49.125121" lon="20.065588"><ele>1371.0</ele></trkpt>
      <trkpt lat="49.125103" lon="20.065592"><ele>1370.0</ele></trkpt>
      <trkpt lat="49.125086" lon="20.065597"><ele>1370.0</ele></trkpt>
      <trkpt lat="49.125068" lon="20.065601"><ele>1370.0</ele></trkpt>
      <trkpt lat="49.125051" lon="20.065606"><ele>1370.0</ele></trkpt>
      <trkpt lat="49.125034" lon="20.065592"><ele>1370.0</ele></trkpt>
      <trkpt lat="49.125017" lon="20.065577"><ele>1369.0</ele></trkpt>
      <trkpt lat="49.125000" lon="20.065563"><ele>1368.0</ele></trkpt>
      <trkpt lat="49.124983" lon="20.065549"><ele>1368.0</ele></trkpt>
      <trkpt lat="49.124969" lon="20.065533"><ele>1368.0</ele></trkpt>
      <trkpt lat="49.124959" lon="20.065514"><ele>1366.0</ele></trkpt>
      <trkpt lat="49.124949" lon="20.065496"><ele>1365.0</ele></trkpt>
      <trkpt lat="49.124939" lon="20.065477"><ele>1365.0</ele></trkpt>
      <trkpt lat="49.124929" lon="20.065459"><ele>1365.0</ele></trkpt>
      <trkpt lat="49.124919" lon="20.065440"><ele>1365.0</ele></trkpt>
      <trkpt lat="49.124909" lon="20.065422"><ele>1365.0</ele></trkpt>
      <trkpt lat="49.124894" lon="20.065411"><ele>1365.0</ele></trkpt>
      <trkpt lat="49.124879" lon="20.065401"><ele>1365.0</ele></trkpt>
      <trkpt lat="49.124865" lon="20.065390"><ele>1365.0</ele></trkpt>
      <trkpt lat="49.124850" lon="20.065379"><ele>1365.0</ele></trkpt>
      <trkpt lat="49.124835" lon="20.065369"><ele>1364.0</ele></trkpt>
      <trkpt lat="49.124820" lon="20.065358"><ele>1364.0</ele></trkpt>
      <trkpt lat="49.124802" lon="20.065306"><ele>1363.0</ele></trkpt>
      <trkpt lat="49.124792" lon="20.065287"><ele>1363.0</ele></trkpt>
      <trkpt lat="49.124782" lon="20.065269"><ele>1363.0</ele></trkpt>
      <trkpt lat="49.124773" lon="20.065250"><ele>1363.0</ele></trkpt>
      <trkpt lat="49.124763" lon="20.065232"><ele>1362.0</ele></trkpt>
      <trkpt lat="49.124753" lon="20.065213"><ele>1362.0</ele></trkpt>
      <trkpt lat="49.124743" lon="20.065195"><ele>1362.0</ele></trkpt>
      <trkpt lat="49.124728" lon="20.065184"><ele>1361.0</ele></trkpt>
      <trkpt lat="49.124714" lon="20.065172"><ele>1361.0</ele></trkpt>
      <trkpt lat="49.124699" lon="20.065161"><ele>1360.0</ele></trkpt>
      <trkpt lat="49.124684" lon="20.065150"><ele>1360.0</ele></trkpt>
      <trkpt lat="49.124670" lon="20.065138"><ele>1361.0</ele></trkpt>
      <trkpt lat="49.124655" lon="20.065127"><ele>1361.0</ele></trkpt>
      <trkpt lat="49.124638" lon="20.065144"><ele>1360.0</ele></trkpt>
      <trkpt lat="49.124621" lon="20.065160"><ele>1360.0</ele></trkpt>
      <trkpt lat="49.124604" lon="20.065177"><ele>1360.0</ele></trkpt>
      <trkpt lat="49.124586" lon="20.065184"><ele>1360.0</ele></trkpt>
      <trkpt lat="49.124568" lon="20.065191"><ele>1359.0</ele></trkpt>
      <trkpt lat="49.124551" lon="20.065198"><ele>1359.0</ele></trkpt>
      <trkpt lat="49.124533" lon="20.065205"><ele>1359.0</ele></trkpt>
      <trkpt lat="49.124515" lon="20.065212"><ele>1359.0</ele></trkpt>
      <trkpt lat="49.124499" lon="20.065216"><ele>1359.0</ele></trkpt>
      <trkpt lat="49.124484" lon="20.065220"><ele>1359.0</ele></trkpt>
      <trkpt lat="49.124468" lon="20.065224"><ele>1359.0</ele></trkpt>
      <trkpt lat="49.124452" lon="20.065228"><ele>1359.0</ele></trkpt>
      <trkpt lat="49.124437" lon="20.065232"><ele>1359.0</ele></trkpt>
      <trkpt lat="49.124421" lon="20.065236"><ele>1358.0</ele></trkpt>
      <trkpt lat="49.124407" lon="20.065246"><ele>1358.0</ele></trkpt>
      <trkpt lat="49.124390" lon="20.065259"><ele>1358.0</ele></trkpt>
      <trkpt lat="49.124374" lon="20.065272"><ele>1358.0</ele></trkpt>
      <trkpt lat="49.124357" lon="20.065285"><ele>1358.0</ele></trkpt>
      <trkpt lat="49.124341" lon="20.065298"><ele>1357.0</ele></trkpt>
      <trkpt lat="49.124325" lon="20.065312"><ele>1356.0</ele></trkpt>
      <trkpt lat="49.124306" lon="20.065331"><ele>1356.0</ele></trkpt>
      <trkpt lat="49.124287" lon="20.065350"><ele>1356.0</ele></trkpt>
      <trkpt lat="49.124267" lon="20.065370"><ele>1356.0</ele></trkpt>
      <trkpt lat="49.124248" lon="20.065389"><ele>1356.0</ele></trkpt>
      <trkpt lat="49.124234" lon="20.065392"><ele>1356.0</ele></trkpt>
      <trkpt lat="49.124219" lon="20.065395"><ele>1356.0</ele></trkpt>
      <trkpt lat="49.124205" lon="20.065398"><ele>1356.0</ele></trkpt>
      <trkpt lat="49.124190" lon="20.065401"><ele>1356.0</ele></trkpt>
      <trkpt lat="49.124160" lon="20.065414"><ele>1356.0</ele></trkpt>
      <trkpt lat="49.124140" lon="20.065414"><ele>1357.0</ele></trkpt>
      <trkpt lat="49.124119" lon="20.065395"><ele>1357.0</ele></trkpt>
      <trkpt lat="49.124103" lon="20.065382"><ele>1357.0</ele></trkpt>
      <trkpt lat="49.124085" lon="20.065357"><ele>1357.0</ele></trkpt>
      <trkpt lat="49.124071" lon="20.065325"><ele>1358.0</ele></trkpt>
      <trkpt lat="49.124057" lon="20.065293"><ele>1358.0</ele></trkpt>
      <trkpt lat="49.124042" lon="20.065261"><ele>1357.0</ele></trkpt>
      <trkpt lat="49.124028" lon="20.065229"><ele>1357.0</ele></trkpt>
      <trkpt lat="49.124012" lon="20.065181"><ele>1357.0</ele></trkpt>
      <trkpt lat="49.123987" lon="20.065174"><ele>1357.0</ele></trkpt>
      <trkpt lat="49.123975" lon="20.065162"><ele>1357.0</ele></trkpt>
      <trkpt lat="49.123952" lon="20.065138"><ele>1357.0</ele></trkpt>
      <trkpt lat="49.123940" lon="20.065126"><ele>1357.0</ele></trkpt>
      <trkpt lat="49.123928" lon="20.065114"><ele>1357.0</ele></trkpt>
      <trkpt lat="49.123905" lon="20.065090"><ele>1357.0</ele></trkpt>
      <trkpt lat="49.123893" lon="20.065078"><ele>1357.0</ele></trkpt>
      <trkpt lat="49.123881" lon="20.065055"><ele>1357.0</ele></trkpt>
      <trkpt lat="49.123865" lon="20.065024"><ele>1357.0</ele></trkpt>
      <trkpt lat="49.123847" lon="20.064987"><ele>1357.0</ele></trkpt>
      <trkpt lat="49.123830" lon="20.064959"><ele>1357.0</ele></trkpt>
      <trkpt lat="49.123815" lon="20.064937"><ele>1357.0</ele></trkpt>
      <trkpt lat="49.123800" lon="20.064915"><ele>1357.0</ele></trkpt>
      <trkpt lat="49.123782" lon="20.064889"><ele>1357.0</ele></trkpt>
      <trkpt lat="49.123764" lon="20.064880"><ele>1357.0</ele></trkpt>
      <trkpt lat="49.123748" lon="20.064852"><ele>1356.0</ele></trkpt>
      <trkpt lat="49.123727" lon="20.064846"><ele>1356.0</ele></trkpt>
      <trkpt lat="49.123707" lon="20.064833"><ele>1356.0</ele></trkpt>
      <trkpt lat="49.123695" lon="20.064811"><ele>1357.0</ele></trkpt>
      <trkpt lat="49.123674" lon="20.064784"><ele>1357.0</ele></trkpt>
      <trkpt lat="49.123657" lon="20.064761"><ele>1357.0</ele></trkpt>
      <trkpt lat="49.123641" lon="20.064746"><ele>1357.0</ele></trkpt>
      <trkpt lat="49.123627" lon="20.064718"><ele>1356.0</ele></trkpt>
      <trkpt lat="49.123598" lon="20.064705"><ele>1356.0</ele></trkpt>
      <trkpt lat="49.123589" lon="20.064685"><ele>1356.0</ele></trkpt>
      <trkpt lat="49.123581" lon="20.064664"><ele>1356.0</ele></trkpt>
      <trkpt lat="49.123572" lon="20.064644"><ele>1356.0</ele></trkpt>
      <trkpt lat="49.123578" lon="20.064605"><ele>1356.0</ele></trkpt>
      <trkpt lat="49.123544" lon="20.064595"><ele>1356.0</ele></trkpt>
      <trkpt lat="49.123524" lon="20.064597"><ele>1356.0</ele></trkpt>
      <trkpt lat="49.123497" lon="20.064593"><ele>1356.0</ele></trkpt>
      <trkpt lat="49.123477" lon="20.064573"><ele>1356.0</ele></trkpt>
      <trkpt lat="49.123458" lon="20.064546"><ele>1356.0</ele></trkpt>
      <trkpt lat="49.123440" lon="20.064523"><ele>1356.0</ele></trkpt>
      <trkpt lat="49.123421" lon="20.064497"><ele>1355.0</ele></trkpt>
      <trkpt lat="49.123398" lon="20.064487"><ele>1356.0</ele></trkpt>
      <trkpt lat="49.123383" lon="20.064467"><ele>1356.0</ele></trkpt>
      <trkpt lat="49.123366" lon="20.064444"><ele>1356.0</ele></trkpt>
      <trkpt lat="49.123346" lon="20.064431"><ele>1356.0</ele></trkpt>
      <trkpt lat="49.123329" lon="20.064420"><ele>1355.0</ele></trkpt>
      <trkpt lat="49.123313" lon="20.064395"><ele>1355.0</ele></trkpt>
      <trkpt lat="49.123287" lon="20.064377"><ele>1354.0</ele></trkpt>
      <trkpt lat="49.123269" lon="20.064363"><ele>1354.0</ele></trkpt>
      <trkpt lat="49.123246" lon="20.064339"><ele>1354.0</ele></trkpt>
      <trkpt lat="49.123224" lon="20.064318"><ele>1354.0</ele></trkpt>
      <trkpt lat="49.123208" lon="20.064303"><ele>1354.0</ele></trkpt>
      <trkpt lat="49.123188" lon="20.064289"><ele>1355.0</ele></trkpt>
      <trkpt lat="49.123167" lon="20.064274"><ele>1355.0</ele></trkpt>
      <trkpt lat="49.123150" lon="20.064261"><ele>1355.0</ele></trkpt>
      <trkpt lat="49.123133" lon="20.064247"><ele>1354.0</ele></trkpt>
      <trkpt lat="49.123112" lon="20.064233"><ele>1354.0</ele></trkpt>
      <trkpt lat="49.123094" lon="20.064213"><ele>1354.0</ele></trkpt>
      <trkpt lat="49.123074" lon="20.064195"><ele>1354.0</ele></trkpt>
      <trkpt lat="49.123059" lon="20.064172"><ele>1354.0</ele></trkpt>
      <trkpt lat="49.123041" lon="20.064155"><ele>1354.0</ele></trkpt>
      <trkpt lat="49.123027" lon="20.064129"><ele>1354.0</ele></trkpt>
      <trkpt lat="49.123013" lon="20.064105"><ele>1354.0</ele></trkpt>
      <trkpt lat="49.123004" lon="20.064081"><ele>1354.0</ele></trkpt>
      <trkpt lat="49.122988" lon="20.064066"><ele>1353.0</ele></trkpt>
      <trkpt lat="49.122968" lon="20.064048"><ele>1353.0</ele></trkpt>
      <trkpt lat="49.122949" lon="20.064032"><ele>1353.0</ele></trkpt>
      <trkpt lat="49.122924" lon="20.064022"><ele>1352.0</ele></trkpt>
      <trkpt lat="49.122906" lon="20.064005"><ele>1352.0</ele></trkpt>
      <trkpt lat="49.122886" lon="20.063991"><ele>1352.0</ele></trkpt>
      <trkpt lat="49.122863" lon="20.063983"><ele>1352.0</ele></trkpt>
      <trkpt lat="49.122835" lon="20.063974"><ele>1352.0</ele></trkpt>
      <trkpt lat="49.122801" lon="20.063975"><ele>1352.0</ele></trkpt>
      <trkpt lat="49.122771" lon="20.063974"><ele>1352.0</ele></trkpt>
      <trkpt lat="49.122747" lon="20.063961"><ele>1352.0</ele></trkpt>
      <trkpt lat="49.122724" lon="20.063951"><ele>1352.0</ele></trkpt>
      <trkpt lat="49.122700" lon="20.063948"><ele>1352.0</ele></trkpt>
      <trkpt lat="49.122680" lon="20.063946"><ele>1351.0</ele></trkpt>
      <trkpt lat="49.122655" lon="20.063939"><ele>1351.0</ele></trkpt>
      <trkpt lat="49.122637" lon="20.063940"><ele>1351.0</ele></trkpt>
      <trkpt lat="49.122619" lon="20.063924"><ele>1351.0</ele></trkpt>
      <trkpt lat="49.122599" lon="20.063905"><ele>1351.0</ele></trkpt>
      <trkpt lat="49.122578" lon="20.063887"><ele>1351.0</ele></trkpt>
      <trkpt lat="49.122557" lon="20.063869"><ele>1351.0</ele></trkpt>
      <trkpt lat="49.122528" lon="20.063855"><ele>1351.0</ele></trkpt>
      <trkpt lat="49.122504" lon="20.063848"><ele>1351.0</ele></trkpt>
      <trkpt lat="49.122477" lon="20.063842"><ele>1350.0</ele></trkpt>
      <trkpt lat="49.122444" lon="20.063837"><ele>1350.0</ele></trkpt>
      <trkpt lat="49.122412" lon="20.063832"><ele>1350.0</ele></trkpt>
      <trkpt lat="49.122384" lon="20.063828"><ele>1350.0</ele></trkpt>
      <trkpt lat="49.122359" lon="20.063831"><ele>1350.0</ele></trkpt>
      <trkpt lat="49.122333" lon="20.063833"><ele>1350.0</ele></trkpt>
      <trkpt lat="49.122306" lon="20.063833"><ele>1350.0</ele></trkpt>
      <trkpt lat="49.122281" lon="20.063845"><ele>1351.0</ele></trkpt>
      <trkpt lat="49.122257" lon="20.063840"><ele>1351.0</ele></trkpt>
      <trkpt lat="49.122236" lon="20.063829"><ele>1351.0</ele></trkpt>
      <trkpt lat="49.122237" lon="20.063795"><ele>1350.0</ele></trkpt>
      <trkpt lat="49.122250" lon="20.063771"><ele>1349.0</ele></trkpt>
      <trkpt lat="49.122254" lon="20.063739"><ele>1351.0</ele></trkpt>
      <trkpt lat="49.122230" lon="20.063736"><ele>1351.0</ele></trkpt>
      <trkpt lat="49.122211" lon="20.063741"><ele>1351.0</ele></trkpt>
      <trkpt lat="49.122183" lon="20.063736"><ele>1351.0</ele></trkpt>
      <trkpt lat="49.122171" lon="20.063707"><ele>1350.0</ele></trkpt>
      <trkpt lat="49.122156" lon="20.063685"><ele>1350.0</ele></trkpt>
      <trkpt lat="49.122136" lon="20.063671"><ele>1350.0</ele></trkpt>
      <trkpt lat="49.122114" lon="20.063664"><ele>1350.0</ele></trkpt>
      <trkpt lat="49.122092" lon="20.063654"><ele>1349.0</ele></trkpt>
      <trkpt lat="49.122073" lon="20.063643"><ele>1349.0</ele></trkpt>
      <trkpt lat="49.122053" lon="20.063633"><ele>1349.0</ele></trkpt>
      <trkpt lat="49.122032" lon="20.063625"><ele>1349.0</ele></trkpt>
      <trkpt lat="49.122012" lon="20.063615"><ele>1349.0</ele></trkpt>
      <trkpt lat="49.121991" lon="20.063603"><ele>1349.0</ele></trkpt>
      <trkpt lat="49.121967" lon="20.063590"><ele>1349.0</ele></trkpt>
      <trkpt lat="49.121934" lon="20.063576"><ele>1349.0</ele></trkpt>
      <trkpt lat="49.121901" lon="20.063573"><ele>1349.0</ele></trkpt>
      <trkpt lat="49.121876" lon="20.063561"><ele>1349.0</ele></trkpt>
      <trkpt lat="49.121861" lon="20.063545"><ele>1349.0</ele></trkpt>
      <trkpt lat="49.121841" lon="20.063540"><ele>1349.0</ele></trkpt>
      <trkpt lat="49.121814" lon="20.063549"><ele>1349.0</ele></trkpt>
      <trkpt lat="49.121790" lon="20.063554"><ele>1349.0</ele></trkpt>
      <trkpt lat="49.121763" lon="20.063552"><ele>1348.0</ele></trkpt>
      <trkpt lat="49.121739" lon="20.063549"><ele>1348.0</ele></trkpt>
      <trkpt lat="49.121717" lon="20.063542"><ele>1348.0</ele></trkpt>
      <trkpt lat="49.121698" lon="20.063533"><ele>1348.0</ele></trkpt>
      <trkpt lat="49.121675" lon="20.063521"><ele>1349.0</ele></trkpt>
      <trkpt lat="49.121655" lon="20.063517"><ele>1349.0</ele></trkpt>
      <trkpt lat="49.121636" lon="20.063507"><ele>1349.0</ele></trkpt>
      <trkpt lat="49.121619" lon="20.063494"><ele>1349.0</ele></trkpt>
      <trkpt lat="49.121607" lon="20.063469"><ele>1348.0</ele></trkpt>
      <trkpt lat="49.121594" lon="20.063448"><ele>1348.0</ele></trkpt>
      <trkpt lat="49.121585" lon="20.063414"><ele>1348.0</ele></trkpt>
      <trkpt lat="49.121574" lon="20.063387"><ele>1348.0</ele></trkpt>
      <trkpt lat="49.121564" lon="20.063357"><ele>1348.0</ele></trkpt>
      <trkpt lat="49.121544" lon="20.063345"><ele>1348.0</ele></trkpt>
      <trkpt lat="49.121524" lon="20.063333"><ele>1348.0</ele></trkpt>
      <trkpt lat="49.121501" lon="20.063322"><ele>1348.0</ele></trkpt>
      <trkpt lat="49.121477" lon="20.063318"><ele>1348.0</ele></trkpt>
      <trkpt lat="49.121457" lon="20.063312"><ele>1348.0</ele></trkpt>
      <trkpt lat="49.121434" lon="20.063306"><ele>1348.0</ele></trkpt>
      <trkpt lat="49.121411" lon="20.063302"><ele>1348.0</ele></trkpt>
      <trkpt lat="49.121391" lon="20.063299"><ele>1348.0</ele></trkpt>
      <trkpt lat="49.121371" lon="20.063294"><ele>1347.0</ele></trkpt>
      <trkpt lat="49.121352" lon="20.063280"><ele>1347.0</ele></trkpt>
      <trkpt lat="49.121335" lon="20.063271"><ele>1347.0</ele></trkpt>
      <trkpt lat="49.121316" lon="20.063263"><ele>1347.0</ele></trkpt>
      <trkpt lat="49.121291" lon="20.063246"><ele>1347.0</ele></trkpt>
      <trkpt lat="49.121266" lon="20.063248"><ele>1347.0</ele></trkpt>
      <trkpt lat="49.121248" lon="20.063247"><ele>1347.0</ele></trkpt>
      <trkpt lat="49.121227" lon="20.063237"><ele>1347.0</ele></trkpt>
      <trkpt lat="49.121208" lon="20.063232"><ele>1347.0</ele></trkpt>
      <trkpt lat="49.121183" lon="20.063227"><ele>1347.0</ele></trkpt>
      <trkpt lat="49.121162" lon="20.063223"><ele>1347.0</ele></trkpt>
      <trkpt lat="49.121139" lon="20.063215"><ele>1347.0</ele></trkpt>
      <trkpt lat="49.121115" lon="20.063206"><ele>1347.0</ele></trkpt>
      <trkpt lat="49.121096" lon="20.063203"><ele>1347.0</ele></trkpt>
      <trkpt lat="49.121075" lon="20.063192"><ele>1347.0</ele></trkpt>
      <trkpt lat="49.121055" lon="20.063189"><ele>1347.0</ele></trkpt>
      <trkpt lat="49.121030" lon="20.063185"><ele>1347.0</ele></trkpt>
      <trkpt lat="49.121011" lon="20.063185"><ele>1347.0</ele></trkpt>
      <trkpt lat="49.120986" lon="20.063188"><ele>1347.0</ele></trkpt>
      <trkpt lat="49.120967" lon="20.063190"><ele>1347.0</ele></trkpt>
      <trkpt lat="49.120945" lon="20.063188"><ele>1347.0</ele></trkpt>
      <trkpt lat="49.120925" lon="20.063193"><ele>1347.0</ele></trkpt>
      <trkpt lat="49.120905" lon="20.063193"><ele>1347.0</ele></trkpt>
      <trkpt lat="49.120887" lon="20.063182"><ele>1347.0</ele></trkpt>
      <trkpt lat="49.120884" lon="20.063154"><ele>1347.0</ele></trkpt>
      <trkpt lat="49.120881" lon="20.063125"><ele>1347.0</ele></trkpt>
      <trkpt lat="49.120878" lon="20.063097"><ele>1347.0</ele></trkpt>
      <trkpt lat="49.120874" lon="20.063068"><ele>1347.0</ele></trkpt>
      <trkpt lat="49.120871" lon="20.063040"><ele>1347.0</ele></trkpt>
      <trkpt lat="49.120868" lon="20.063011"><ele>1347.0</ele></trkpt>
      <trkpt lat="49.120865" lon="20.062983"><ele>1347.0</ele></trkpt>
      <trkpt lat="49.120858" lon="20.063020"><ele>1347.0</ele></trkpt>
      <trkpt lat="49.120852" lon="20.063057"><ele>1347.0</ele></trkpt>
      <trkpt lat="49.120845" lon="20.063094"><ele>1347.0</ele></trkpt>
      <trkpt lat="49.120835" lon="20.063155"><ele>1347.0</ele></trkpt>
      <trkpt lat="49.120824" lon="20.063195"><ele>1347.0</ele></trkpt>
      <trkpt lat="49.120808" lon="20.063239"><ele>1347.0</ele></trkpt>
      <trkpt lat="49.120792" lon="20.063276"><ele>1347.0</ele></trkpt>
      <trkpt lat="49.120780" lon="20.063314"><ele>1347.0</ele></trkpt>
      <trkpt lat="49.120772" lon="20.063347"><ele>1346.0</ele></trkpt>
      <trkpt lat="49.120759" lon="20.063376"><ele>1346.0</ele></trkpt>
      <trkpt lat="49.120770" lon="20.063350"><ele>1346.0</ele></trkpt>
      <trkpt lat="49.120782" lon="20.063323"><ele>1346.0</ele></trkpt>
      <trkpt lat="49.120801" lon="20.063285"><ele>1345.0</ele></trkpt>
      <trkpt lat="49.120813" lon="20.063258"><ele>1345.0</ele></trkpt>
      <trkpt lat="49.120797" lon="20.063261"><ele>1345.0</ele></trkpt>
      <trkpt lat="49.120782" lon="20.063264"><ele>1345.0</ele></trkpt>
      <trkpt lat="49.120766" lon="20.063268"><ele>1345.0</ele></trkpt>
      <trkpt lat="49.120750" lon="20.063271"><ele>1345.0</ele></trkpt>
      <trkpt lat="49.120735" lon="20.063274"><ele>1345.0</ele></trkpt>
      <trkpt lat="49.120719" lon="20.063277"><ele>1345.0</ele></trkpt>
      <trkpt lat="49.120712" lon="20.063295"><ele>1345.0</ele></trkpt>
      <trkpt lat="49.120698" lon="20.063330"><ele>1345.0</ele></trkpt>
      <trkpt lat="49.120683" lon="20.063379"><ele>1345.0</ele></trkpt>
      <trkpt lat="49.120659" lon="20.063391"><ele>1345.0</ele></trkpt>
      <trkpt lat="49.120635" lon="20.063402"><ele>1345.0</ele></trkpt>
      <trkpt lat="49.120611" lon="20.063414"><ele>1344.0</ele></trkpt>
      <trkpt lat="49.120595" lon="20.063441"><ele>1344.0</ele></trkpt>
      <trkpt lat="49.120580" lon="20.063468"><ele>1344.0</ele></trkpt>
      <trkpt lat="49.120564" lon="20.063494"><ele>1344.0</ele></trkpt>
      <trkpt lat="49.120548" lon="20.063521"><ele>1343.0</ele></trkpt>
      <trkpt lat="49.120539" lon="20.063549"><ele>1343.0</ele></trkpt>
      <trkpt lat="49.120529" lon="20.063574"><ele>1343.0</ele></trkpt>
      <trkpt lat="49.120507" lon="20.063600"><ele>1343.0</ele></trkpt>
      <trkpt lat="49.120497" lon="20.063632"><ele>1343.0</ele></trkpt>
      <trkpt lat="49.120480" lon="20.063612"><ele>1342.0</ele></trkpt>
      <trkpt lat="49.120467" lon="20.063578"><ele>1342.0</ele></trkpt>
      <trkpt lat="49.120447" lon="20.063566"><ele>1342.0</ele></trkpt>
      <trkpt lat="49.120425" lon="20.063570"><ele>1342.0</ele></trkpt>
      <trkpt lat="49.120416" lon="20.063548"><ele>1342.0</ele></trkpt>
      <trkpt lat="49.120408" lon="20.063527"><ele>1342.0</ele></trkpt>
      <trkpt lat="49.120399" lon="20.063505"><ele>1342.0</ele></trkpt>
      <trkpt lat="49.120382" lon="20.063544"><ele>1342.0</ele></trkpt>
      <trkpt lat="49.120368" lon="20.063565"><ele>1342.0</ele></trkpt>
      <trkpt lat="49.120338" lon="20.063587"><ele>1342.0</ele></trkpt>
      <trkpt lat="49.120313" lon="20.063604"><ele>1342.0</ele></trkpt>
      <trkpt lat="49.120298" lon="20.063571"><ele>1342.0</ele></trkpt>
      <trkpt lat="49.120284" lon="20.063538"><ele>1342.0</ele></trkpt>
      <trkpt lat="49.120269" lon="20.063506"><ele>1342.0</ele></trkpt>
      <trkpt lat="49.120261" lon="20.063489"><ele>1342.0</ele></trkpt>
      <trkpt lat="49.120239" lon="20.063475"><ele>1341.0</ele></trkpt>
      <trkpt lat="49.120223" lon="20.063477"><ele>1342.0</ele></trkpt>
      <trkpt lat="49.120208" lon="20.063479"><ele>1342.0</ele></trkpt>
      <trkpt lat="49.120193" lon="20.063481"><ele>1342.0</ele></trkpt>
      <trkpt lat="49.120177" lon="20.063483"><ele>1342.0</ele></trkpt>
      <trkpt lat="49.120162" lon="20.063485"><ele>1342.0</ele></trkpt>
      <trkpt lat="49.120158" lon="20.063510"><ele>1341.0</ele></trkpt>
      <trkpt lat="49.120155" lon="20.063535"><ele>1341.0</ele></trkpt>
      <trkpt lat="49.120151" lon="20.063560"><ele>1340.0</ele></trkpt>
      <trkpt lat="49.120136" lon="20.063582"><ele>1340.0</ele></trkpt>
      <trkpt lat="49.120120" lon="20.063604"><ele>1339.0</ele></trkpt>
      <trkpt lat="49.120105" lon="20.063626"><ele>1339.0</ele></trkpt>
      <trkpt lat="49.120089" lon="20.063648"><ele>1339.0</ele></trkpt>
      <trkpt lat="49.120074" lon="20.063670"><ele>1339.0</ele></trkpt>
      <trkpt lat="49.120045" lon="20.063689"><ele>1338.0</ele></trkpt>
      <trkpt lat="49.120015" lon="20.063716"><ele>1338.0</ele></trkpt>
      <trkpt lat="49.119989" lon="20.063714"><ele>1337.0</ele></trkpt>
      <trkpt lat="49.119965" lon="20.063684"><ele>1337.0</ele></trkpt>
      <trkpt lat="49.119943" lon="20.063646"><ele>1337.0</ele></trkpt>
      <trkpt lat="49.119921" lon="20.063638"><ele>1336.0</ele></trkpt>
      <trkpt lat="49.119897" lon="20.063637"><ele>1335.0</ele></trkpt>
      <trkpt lat="49.119876" lon="20.063649"><ele>1334.0</ele></trkpt>
      <trkpt lat="49.119859" lon="20.063670"><ele>1334.0</ele></trkpt>
      <trkpt lat="49.119842" lon="20.063697"><ele>1334.0</ele></trkpt>
      <trkpt lat="49.119823" lon="20.063712"><ele>1333.0</ele></trkpt>
      <trkpt lat="49.119798" lon="20.063719"><ele>1333.0</ele></trkpt>
      <trkpt lat="49.119778" lon="20.063718"><ele>1332.0</ele></trkpt>
      <trkpt lat="49.119756" lon="20.063710"><ele>1332.0</ele></trkpt>
      <trkpt lat="49.119735" lon="20.063695"><ele>1332.0</ele></trkpt>
      <trkpt lat="49.119724" lon="20.063730"><ele>1330.0</ele></trkpt>
      <trkpt lat="49.119716" lon="20.063761"><ele>1331.0</ele></trkpt>
      <trkpt lat="49.119711" lon="20.063791"><ele>1331.0</ele></trkpt>
      <trkpt lat="49.119727" lon="20.063820"><ele>1331.0</ele></trkpt>
      <trkpt lat="49.119744" lon="20.063832"><ele>1331.0</ele></trkpt>
      <trkpt lat="49.119766" lon="20.063836"><ele>1331.0</ele></trkpt>
      <trkpt lat="49.119782" lon="20.063859"><ele>1331.0</ele></trkpt>
      <trkpt lat="49.119786" lon="20.063903"><ele>1331.0</ele></trkpt>
      <trkpt lat="49.119794" lon="20.063942"><ele>1331.0</ele></trkpt>
      <trkpt lat="49.119802" lon="20.063976"><ele>1331.0</ele></trkpt>
      <trkpt lat="49.119811" lon="20.064008"><ele>1331.0</ele></trkpt>
      <trkpt lat="49.119824" lon="20.064046"><ele>1331.0</ele></trkpt>
      <trkpt lat="49.119842" lon="20.064077"><ele>1331.0</ele></trkpt>
      <trkpt lat="49.119863" lon="20.064112"><ele>1331.0</ele></trkpt>
      <trkpt lat="49.119874" lon="20.064153"><ele>1331.0</ele></trkpt>
      <trkpt lat="49.119868" lon="20.064179"><ele>1331.0</ele></trkpt>
      <trkpt lat="49.119868" lon="20.064213"><ele>1331.0</ele></trkpt>
      <trkpt lat="49.119870" lon="20.064249"><ele>1331.0</ele></trkpt>
      <trkpt lat="49.119869" lon="20.064286"><ele>1331.0</ele></trkpt>
      <trkpt lat="49.119874" lon="20.064317"><ele>1331.0</ele></trkpt>
      <trkpt lat="49.119883" lon="20.064351"><ele>1331.0</ele></trkpt>
      <trkpt lat="49.119882" lon="20.064392"><ele>1331.0</ele></trkpt>
      <trkpt lat="49.119883" lon="20.064429"><ele>1331.0</ele></trkpt>
      <trkpt lat="49.119886" lon="20.064465"><ele>1331.0</ele></trkpt>
      <trkpt lat="49.119889" lon="20.064501"><ele>1331.0</ele></trkpt>
      <trkpt lat="49.119891" lon="20.064541"><ele>1330.0</ele></trkpt>
      <trkpt lat="49.119894" lon="20.064579"><ele>1330.0</ele></trkpt>
      <trkpt lat="49.119893" lon="20.064612"><ele>1330.0</ele></trkpt>
      <trkpt lat="49.119897" lon="20.064647"><ele>1330.0</ele></trkpt>
      <trkpt lat="49.119901" lon="20.064681"><ele>1330.0</ele></trkpt>
      <trkpt lat="49.119905" lon="20.064713"><ele>1330.0</ele></trkpt>
      <trkpt lat="49.119909" lon="20.064746"><ele>1330.0</ele></trkpt>
      <trkpt lat="49.119915" lon="20.064778"><ele>1330.0</ele></trkpt>
      <trkpt lat="49.119923" lon="20.064826"><ele>1330.0</ele></trkpt>
      <trkpt lat="49.119926" lon="20.064860"><ele>1330.0</ele></trkpt>
      <trkpt lat="49.119931" lon="20.064891"><ele>1330.0</ele></trkpt>
      <trkpt lat="49.119936" lon="20.064919"><ele>1330.0</ele></trkpt>
      <trkpt lat="49.119942" lon="20.064948"><ele>1330.0</ele></trkpt>
      <trkpt lat="49.119946" lon="20.064977"><ele>1330.0</ele></trkpt>
      <trkpt lat="49.119952" lon="20.065013"><ele>1330.0</ele></trkpt>
      <trkpt lat="49.119967" lon="20.065048"><ele>1330.0</ele></trkpt>
      <trkpt lat="49.119976" lon="20.065084"><ele>1331.0</ele></trkpt>
      <trkpt lat="49.119983" lon="20.065124"><ele>1331.0</ele></trkpt>
      <trkpt lat="49.119983" lon="20.065155"><ele>1330.0</ele></trkpt>
      <trkpt lat="49.119986" lon="20.065188"><ele>1330.0</ele></trkpt>
      <trkpt lat="49.119988" lon="20.065220"><ele>1330.0</ele></trkpt>
      <trkpt lat="49.119990" lon="20.065261"><ele>1330.0</ele></trkpt>
      <trkpt lat="49.120021" lon="20.065256"><ele>1330.0</ele></trkpt>
      <trkpt lat="49.120049" lon="20.065240"><ele>1330.0</ele></trkpt>
      <trkpt lat="49.120073" lon="20.065221"><ele>1330.0</ele></trkpt>
      <trkpt lat="49.120099" lon="20.065220"><ele>1331.0</ele></trkpt>
      <trkpt lat="49.120099" lon="20.065220"><ele>1331.0</ele></trkpt>
    </trkseg>
  </trk>
</gpx>
