<?xml version="1.0" encoding="UTF-8"?>
<gpx version="1.1" creator="MultiTrail"
     xmlns="http://www.topografix.com/GPX/1/1">
  <trk>
    <name>Skalnaté pleso - Veľká Svišťovka - Zelené pleso</name>
    <trkseg>
      <trkpt lat="49.163712" lon="20.276590"><ele>860.4</ele></trkpt>
      <trkpt lat="49.163729" lon="20.276581"><ele>860.4</ele></trkpt>
      <trkpt lat="49.163746" lon="20.276571"><ele>860.4</ele></trkpt>
      <trkpt lat="49.163763" lon="20.276562"><ele>860.4</ele></trkpt>
      <trkpt lat="49.163780" lon="20.276552"><ele>860.4</ele></trkpt>
      <trkpt lat="49.163797" lon="20.276543"><ele>860.4</ele></trkpt>
      <trkpt lat="49.163814" lon="20.276533"><ele>860.4</ele></trkpt>
      <trkpt lat="49.163802" lon="20.276501"><ele>860.4</ele></trkpt>
      <trkpt lat="49.163792" lon="20.276475"><ele>860.4</ele></trkpt>
      <trkpt lat="49.163779" lon="20.276454"><ele>860.4</ele></trkpt>
      <trkpt lat="49.163760" lon="20.276410"><ele>860.4</ele></trkpt>
      <trkpt lat="49.163750" lon="20.276381"><ele>860.4</ele></trkpt>
      <trkpt lat="49.163741" lon="20.276352"><ele>860.4</ele></trkpt>
      <trkpt lat="49.163728" lon="20.276310"><ele>860.2</ele></trkpt>
      <trkpt lat="49.163712" lon="20.276275"><ele>860.4</ele></trkpt>
      <trkpt lat="49.163702" lon="20.276251"><ele>860.4</ele></trkpt>
      <trkpt lat="49.163686" lon="20.276195"><ele>860.4</ele></trkpt>
      <trkpt lat="49.163670" lon="20.276171"><ele>860.4</ele></trkpt>
      <trkpt lat="49.163642" lon="20.276134"><ele>860.4</ele></trkpt>
      <trkpt lat="49.163635" lon="20.276106"><ele>860.2</ele></trkpt>
      <trkpt lat="49.163632" lon="20.276066"><ele>860.2</ele></trkpt>
      <trkpt lat="49.163613" lon="20.276038"><ele>860.2</ele></trkpt>
      <trkpt lat="49.163603" lon="20.276013"><ele>860.2</ele></trkpt>
      <trkpt lat="49.163594" lon="20.275984"><ele>860.2</ele></trkpt>
      <trkpt lat="49.163587" lon="20.275949"><ele>860.4</ele></trkpt>
      <trkpt lat="49.163581" lon="20.275918"><ele>860.4</ele></trkpt>
      <trkpt lat="49.163574" lon="20.275875"><ele>860.4</ele></trkpt>
      <trkpt lat="49.163568" lon="20.275843"><ele>860.6</ele></trkpt>
      <trkpt lat="49.163562" lon="20.275813"><ele>860.6</ele></trkpt>
      <trkpt lat="49.163555" lon="20.275774"><ele>860.8</ele></trkpt>
      <trkpt lat="49.163552" lon="20.275738"><ele>861.0</ele></trkpt>
      <trkpt lat="49.163552" lon="20.275691"><ele>860.8</ele></trkpt>
      <trkpt lat="49.163552" lon="20.275651"><ele>861.0</ele></trkpt>
      <trkpt lat="49.163549" lon="20.275605"><ele>861.0</ele></trkpt>
      <trkpt lat="49.163555" lon="20.275565"><ele>861.2</ele></trkpt>
      <trkpt lat="49.163558" lon="20.275518"><ele>861.4</ele></trkpt>
      <trkpt lat="49.163558" lon="20.275470"><ele>861.4</ele></trkpt>
      <trkpt lat="49.163568" lon="20.275421"><ele>861.4</ele></trkpt>
      <trkpt lat="49.163574" lon="20.275382"><ele>861.6</ele></trkpt>
      <trkpt lat="49.163581" lon="20.275346"><ele>861.8</ele></trkpt>
      <trkpt lat="49.163597" lon="20.275298"><ele>861.8</ele></trkpt>
      <trkpt lat="49.163619" lon="20.275251"><ele>862.0</ele></trkpt>
      <trkpt lat="49.163642" lon="20.275221"><ele>862.0</ele></trkpt>
      <trkpt lat="49.163661" lon="20.275198"><ele>862.2</ele></trkpt>
      <trkpt lat="49.163680" lon="20.275170"><ele>862.2</ele></trkpt>
      <trkpt lat="49.163699" lon="20.275147"><ele>862.4</ele></trkpt>
      <trkpt lat="49.163718" lon="20.275128"><ele>862.4</ele></trkpt>
      <trkpt lat="49.163741" lon="20.275102"><ele>862.6</ele></trkpt>
      <trkpt lat="49.163766" lon="20.275082"><ele>862.8</ele></trkpt>
      <trkpt lat="49.163789" lon="20.275064"><ele>863.0</ele></trkpt>
      <trkpt lat="49.163802" lon="20.275035"><ele>863.4</ele></trkpt>
      <trkpt lat="49.163827" lon="20.275021"><ele>863.4</ele></trkpt>
      <trkpt lat="49.163853" lon="20.275014"><ele>863.8</ele></trkpt>
      <trkpt lat="49.163872" lon="20.275003"><ele>864.0</ele></trkpt>
      <trkpt lat="49.163891" lon="20.274989"><ele>864.2</ele></trkpt>
      <trkpt lat="49.163910" lon="20.274966"><ele>864.4</ele></trkpt>
      <trkpt lat="49.163926" lon="20.274944"><ele>864.4</ele></trkpt>
      <trkpt lat="49.163939" lon="20.274920"><ele>864.4</ele></trkpt>
      <trkpt lat="49.163955" lon="20.274893"><ele>864.4</ele></trkpt>
      <trkpt lat="49.163971" lon="20.274864"><ele>864.6</ele></trkpt>
      <trkpt lat="49.163994" lon="20.274851"><ele>864.8</ele></trkpt>
      <trkpt lat="49.164016" lon="20.274824"><ele>865.2</ele></trkpt>
      <trkpt lat="49.164035" lon="20.274797"><ele>865.4</ele></trkpt>
      <trkpt lat="49.164054" lon="20.274778"><ele>865.8</ele></trkpt>
      <trkpt lat="49.164074" lon="20.274752"><ele>866.4</ele></trkpt>
      <trkpt lat="49.164086" lon="20.274728"><ele>866.4</ele></trkpt>
      <trkpt lat="49.164112" lon="20.274701"><ele>866.8</ele></trkpt>
      <trkpt lat="49.164128" lon="20.274686"><ele>867.0</ele></trkpt>
      <trkpt lat="49.164144" lon="20.274670"><ele>867.0</ele></trkpt>
      <trkpt lat="49.164170" lon="20.274642"><ele>867.0</ele></trkpt>
      <trkpt lat="49.164186" lon="20.274626"><ele>867.2</ele></trkpt>
      <trkpt lat="49.164224" lon="20.274603"><ele>867.2</ele></trkpt>
      <trkpt lat="49.164246" lon="20.274589"><ele>867.0</ele></trkpt>
      <trkpt lat="49.164269" lon="20.274562"><ele>867.0</ele></trkpt>
      <trkpt lat="49.164294" lon="20.274554"><ele>867.2</ele></trkpt>
      <trkpt lat="49.164317" lon="20.274547"><ele>867.2</ele></trkpt>
      <trkpt lat="49.164333" lon="20.274565"><ele>867.4</ele></trkpt>
      <trkpt lat="49.164355" lon="20.274562"><ele>867.8</ele></trkpt>
      <trkpt lat="49.164387" lon="20.274562"><ele>868.2</ele></trkpt>
      <trkpt lat="49.164406" lon="20.274563"><ele>868.6</ele></trkpt>
      <trkpt lat="49.164426" lon="20.274562"><ele>869.0</ele></trkpt>
      <trkpt lat="49.164448" lon="20.274557"><ele>869.2</ele></trkpt>
      <trkpt lat="49.164467" lon="20.274534"><ele>869.6</ele></trkpt>
      <trkpt lat="49.164490" lon="20.274512"><ele>869.8</ele></trkpt>
      <trkpt lat="49.164506" lon="20.274490"><ele>870.0</ele></trkpt>
      <trkpt lat="49.164525" lon="20.274459"><ele>870.0</ele></trkpt>
      <trkpt lat="49.164544" lon="20.274443"><ele>870.2</ele></trkpt>
      <trkpt lat="49.164570" lon="20.274440"><ele>870.6</ele></trkpt>
      <trkpt lat="49.164595" lon="20.274440"><ele>871.2</ele></trkpt>
      <trkpt lat="49.164621" lon="20.274440"><ele>871.2</ele></trkpt>
      <trkpt lat="49.164643" lon="20.274438"><ele>871.4</ele></trkpt>
      <trkpt lat="49.164662" lon="20.274432"><ele>871.4</ele></trkpt>
      <trkpt lat="49.164685" lon="20.274419"><ele>871.8</ele></trkpt>
      <trkpt lat="49.164707" lon="20.274414"><ele>872.0</ele></trkpt>
      <trkpt lat="49.164726" lon="20.274397"><ele>872.0</ele></trkpt>
      <trkpt lat="49.164746" lon="20.274370"><ele>872.0</ele></trkpt>
      <trkpt lat="49.164768" lon="20.274341"><ele>871.8</ele></trkpt>
      <trkpt lat="49.164784" lon="20.274317"><ele>872.0</ele></trkpt>
      <trkpt lat="49.164803" lon="20.274280"><ele>872.0</ele></trkpt>
      <trkpt lat="49.164819" lon="20.274245"><ele>872.2</ele></trkpt>
      <trkpt lat="49.164832" lon="20.274205"><ele>872.2</ele></trkpt>
      <trkpt lat="49.164848" lon="20.274171"><ele>872.4</ele></trkpt>
      <trkpt lat="49.164851" lon="20.274139"><ele>872.4</ele></trkpt>
      <trkpt lat="49.164864" lon="20.274101"><ele>872.6</ele></trkpt>
      <trkpt lat="49.164880" lon="20.274066"><ele>872.8</ele></trkpt>
      <trkpt lat="49.164890" lon="20.274040"><ele>872.8</ele></trkpt>
      <trkpt lat="49.164906" lon="20.274027"><ele>873.0</ele></trkpt>
      <trkpt lat="49.164918" lon="20.273995"><ele>873.2</ele></trkpt>
      <trkpt lat="49.164928" lon="20.273954"><ele>873.4</ele></trkpt>
      <trkpt lat="49.164931" lon="20.273917"><ele>873.6</ele></trkpt>
      <trkpt lat="49.164938" lon="20.273882"><ele>873.8</ele></trkpt>
      <trkpt lat="49.164941" lon="20.273848"><ele>873.8</ele></trkpt>
      <trkpt lat="49.164950" lon="20.273813"><ele>874.0</ele></trkpt>
      <trkpt lat="49.164954" lon="20.273778"><ele>874.2</ele></trkpt>
      <trkpt lat="49.164963" lon="20.273739"><ele>874.8</ele></trkpt>
      <trkpt lat="49.164966" lon="20.273702"><ele>875.0</ele></trkpt>
      <trkpt lat="49.164982" lon="20.273662"><ele>875.0</ele></trkpt>
      <trkpt lat="49.164992" lon="20.273624"><ele>875.2</ele></trkpt>
      <trkpt lat="49.165002" lon="20.273589"><ele>875.2</ele></trkpt>
      <trkpt lat="49.165008" lon="20.273558"><ele>875.4</ele></trkpt>
      <trkpt lat="49.165021" lon="20.273526"><ele>875.6</ele></trkpt>
      <trkpt lat="49.165043" lon="20.273493"><ele>875.8</ele></trkpt>
      <trkpt lat="49.165059" lon="20.273464"><ele>876.2</ele></trkpt>
      <trkpt lat="49.165069" lon="20.273437"><ele>876.4</ele></trkpt>
      <trkpt lat="49.165072" lon="20.273405"><ele>876.8</ele></trkpt>
      <trkpt lat="49.165082" lon="20.273371"><ele>877.0</ele></trkpt>
      <trkpt lat="49.165085" lon="20.273336"><ele>877.0</ele></trkpt>
      <trkpt lat="49.165088" lon="20.273304"><ele>877.2</ele></trkpt>
      <trkpt lat="49.165098" lon="20.273272"><ele>877.4</ele></trkpt>
      <trkpt lat="49.165101" lon="20.273237"><ele>877.6</ele></trkpt>
      <trkpt lat="49.165101" lon="20.273203"><ele>877.8</ele></trkpt>
      <trkpt lat="49.165104" lon="20.273162"><ele>877.6</ele></trkpt>
      <trkpt lat="49.165101" lon="20.273125"><ele>877.8</ele></trkpt>
      <trkpt lat="49.165101" lon="20.273088"><ele>878.0</ele></trkpt>
      <trkpt lat="49.165104" lon="20.273050"><ele>878.2</ele></trkpt>
      <trkpt lat="49.165104" lon="20.273014"><ele>878.2</ele></trkpt>
      <trkpt lat="49.165110" lon="20.272974"><ele>878.4</ele></trkpt>
      <trkpt lat="49.165117" lon="20.272938"><ele>878.6</ele></trkpt>
      <trkpt lat="49.165117" lon="20.272906"><ele>878.8</ele></trkpt>
      <trkpt lat="49.165123" lon="20.272869"><ele>879.0</ele></trkpt>
      <trkpt lat="49.165123" lon="20.272834"><ele>879.2</ele></trkpt>
      <trkpt lat="49.165126" lon="20.272790"><ele>879.2</ele></trkpt>
      <trkpt lat="49.165126" lon="20.272758"><ele>879.4</ele></trkpt>
      <trkpt lat="49.165136" lon="20.272725"><ele>879.6</ele></trkpt>
      <trkpt lat="49.165130" lon="20.272686"><ele>879.8</ele></trkpt>
      <trkpt lat="49.165130" lon="20.272645"><ele>880.2</ele></trkpt>
      <trkpt lat="49.165120" lon="20.272606"><ele>880.4</ele></trkpt>
      <trkpt lat="49.165120" lon="20.272568"><ele>880.6</ele></trkpt>
      <trkpt lat="49.165123" lon="20.272539"><ele>880.8</ele></trkpt>
      <trkpt lat="49.165126" lon="20.272509"><ele>881.0</ele></trkpt>
      <trkpt lat="49.165139" lon="20.272480"><ele>881.2</ele></trkpt>
      <trkpt lat="49.165152" lon="20.272450"><ele>881.2</ele></trkpt>
      <trkpt lat="49.165171" lon="20.272434"><ele>881.4</ele></trkpt>
      <trkpt lat="49.165187" lon="20.272411"><ele>881.4</ele></trkpt>
      <trkpt lat="49.165184" lon="20.272371"><ele>881.2</ele></trkpt>
      <trkpt lat="49.165187" lon="20.272330"><ele>881.2</ele></trkpt>
      <trkpt lat="49.165197" lon="20.272290"><ele>881.2</ele></trkpt>
      <trkpt lat="49.165203" lon="20.272254"><ele>881.2</ele></trkpt>
      <trkpt lat="49.165229" lon="20.272248"><ele>881.2</ele></trkpt>
      <trkpt lat="49.165248" lon="20.272242"><ele>881.2</ele></trkpt>
      <trkpt lat="49.165270" lon="20.272234"><ele>881.0</ele></trkpt>
      <trkpt lat="49.165306" lon="20.272219"><ele>881.2</ele></trkpt>
      <trkpt lat="49.165328" lon="20.272208"><ele>881.2</ele></trkpt>
      <trkpt lat="49.165360" lon="20.272219"><ele>881.2</ele></trkpt>
      <trkpt lat="49.165386" lon="20.272243"><ele>881.4</ele></trkpt>
      <trkpt lat="49.165414" lon="20.272261"><ele>881.4</ele></trkpt>
      <trkpt lat="49.165437" lon="20.272290"><ele>881.2</ele></trkpt>
      <trkpt lat="49.165456" lon="20.272298"><ele>881.4</ele></trkpt>
      <trkpt lat="49.165482" lon="20.272270"><ele>881.6</ele></trkpt>
      <trkpt lat="49.165504" lon="20.272261"><ele>881.6</ele></trkpt>
      <trkpt lat="49.165530" lon="20.272245"><ele>881.6</ele></trkpt>
      <trkpt lat="49.165555" lon="20.272235"><ele>881.6</ele></trkpt>
      <trkpt lat="49.165581" lon="20.272222"><ele>881.8</ele></trkpt>
      <trkpt lat="49.165603" lon="20.272222"><ele>881.8</ele></trkpt>
      <trkpt lat="49.165629" lon="20.272226"><ele>881.8</ele></trkpt>
      <trkpt lat="49.165658" lon="20.272229"><ele>882.0</ele></trkpt>
      <trkpt lat="49.165683" lon="20.272232"><ele>882.2</ele></trkpt>
      <trkpt lat="49.165715" lon="20.272235"><ele>882.6</ele></trkpt>
      <trkpt lat="49.165734" lon="20.272240"><ele>882.8</ele></trkpt>
      <trkpt lat="49.165754" lon="20.272245"><ele>882.8</ele></trkpt>
      <trkpt lat="49.165776" lon="20.272250"><ele>882.6</ele></trkpt>
      <trkpt lat="49.165802" lon="20.272253"><ele>882.6</ele></trkpt>
      <trkpt lat="49.165821" lon="20.272254"><ele>882.8</ele></trkpt>
      <trkpt lat="49.165834" lon="20.272234"><ele>883.0</ele></trkpt>
      <trkpt lat="49.165840" lon="20.272205"><ele>883.0</ele></trkpt>
      <trkpt lat="49.165853" lon="20.272184"><ele>883.2</ele></trkpt>
      <trkpt lat="49.165875" lon="20.272155"><ele>883.0</ele></trkpt>
      <trkpt lat="49.165891" lon="20.272142"><ele>883.0</ele></trkpt>
      <trkpt lat="49.165904" lon="20.272109"><ele>883.2</ele></trkpt>
      <trkpt lat="49.165920" lon="20.272080"><ele>883.4</ele></trkpt>
      <trkpt lat="49.165920" lon="20.272051"><ele>883.6</ele></trkpt>
      <trkpt lat="49.165933" lon="20.272014"><ele>883.8</ele></trkpt>
      <trkpt lat="49.165939" lon="20.271987"><ele>884.0</ele></trkpt>
      <trkpt lat="49.165955" lon="20.271952"><ele>884.2</ele></trkpt>
      <trkpt lat="49.165962" lon="20.271914"><ele>884.4</ele></trkpt>
      <trkpt lat="49.165971" lon="20.271875"><ele>884.8</ele></trkpt>
      <trkpt lat="49.165978" lon="20.271835"><ele>885.2</ele></trkpt>
      <trkpt lat="49.165990" lon="20.271806"><ele>885.6</ele></trkpt>
      <trkpt lat="49.166003" lon="20.271766"><ele>885.8</ele></trkpt>
      <trkpt lat="49.166016" lon="20.271734"><ele>886.0</ele></trkpt>
      <trkpt lat="49.166022" lon="20.271702"><ele>886.2</ele></trkpt>
      <trkpt lat="49.166038" lon="20.271672"><ele>886.4</ele></trkpt>
      <trkpt lat="49.166058" lon="20.271638"><ele>886.6</ele></trkpt>
      <trkpt lat="49.166070" lon="20.271610"><ele>887.0</ele></trkpt>
      <trkpt lat="49.166083" lon="20.271586"><ele>887.2</ele></trkpt>
      <trkpt lat="49.166102" lon="20.271555"><ele>887.6</ele></trkpt>
      <trkpt lat="49.166112" lon="20.271530"><ele>887.8</ele></trkpt>
      <trkpt lat="49.166122" lon="20.271496"><ele>888.2</ele></trkpt>
      <trkpt lat="49.166134" lon="20.271464"><ele>888.4</ele></trkpt>
      <trkpt lat="49.166138" lon="20.271434"><ele>888.6</ele></trkpt>
      <trkpt lat="49.166150" lon="20.271397"><ele>888.8</ele></trkpt>
      <trkpt lat="49.166150" lon="20.271346"><ele>889.0</ele></trkpt>
      <trkpt lat="49.166170" lon="20.271317"><ele>889.2</ele></trkpt>
      <trkpt lat="49.166189" lon="20.271285"><ele>889.4</ele></trkpt>
      <trkpt lat="49.166192" lon="20.271245"><ele>889.6</ele></trkpt>
      <trkpt lat="49.166198" lon="20.271208"><ele>889.6</ele></trkpt>
      <trkpt lat="49.166202" lon="20.271179"><ele>889.8</ele></trkpt>
      <trkpt lat="49.166202" lon="20.271136"><ele>890.0</ele></trkpt>
      <trkpt lat="49.166218" lon="20.271107"><ele>890.2</ele></trkpt>
      <trkpt lat="49.166224" lon="20.271077"><ele>890.4</ele></trkpt>
      <trkpt lat="49.166230" lon="20.271048"><ele>890.6</ele></trkpt>
      <trkpt lat="49.166243" lon="20.271010"><ele>891.0</ele></trkpt>
      <trkpt lat="49.166256" lon="20.270987"><ele>891.4</ele></trkpt>
      <trkpt lat="49.166272" lon="20.270957"><ele>891.4</ele></trkpt>
      <trkpt lat="49.166278" lon="20.270923"><ele>891.6</ele></trkpt>
      <trkpt lat="49.166298" lon="20.270901"><ele>892.0</ele></trkpt>
      <trkpt lat="49.166304" lon="20.270869"><ele>892.2</ele></trkpt>
      <trkpt lat="49.166317" lon="20.270835"><ele>892.4</ele></trkpt>
      <trkpt lat="49.166333" lon="20.270808"><ele>892.6</ele></trkpt>
      <trkpt lat="49.166342" lon="20.270774"><ele>892.8</ele></trkpt>
      <trkpt lat="49.166352" lon="20.270746"><ele>893.0</ele></trkpt>
      <trkpt lat="49.166362" lon="20.270722"><ele>893.2</ele></trkpt>
      <trkpt lat="49.166371" lon="20.270694"><ele>893.2</ele></trkpt>
      <trkpt lat="49.166374" lon="20.270654"><ele>893.6</ele></trkpt>
      <trkpt lat="49.166381" lon="20.270614"><ele>894.0</ele></trkpt>
      <trkpt lat="49.166397" lon="20.270595"><ele>894.0</ele></trkpt>
      <trkpt lat="49.166413" lon="20.270562"><ele>894.0</ele></trkpt>
      <trkpt lat="49.166422" lon="20.270525"><ele>894.4</ele></trkpt>
      <trkpt lat="49.166435" lon="20.270494"><ele>894.6</ele></trkpt>
      <trkpt lat="49.166448" lon="20.270466"><ele>895.0</ele></trkpt>
      <trkpt lat="49.166458" lon="20.270442"><ele>895.4</ele></trkpt>
      <trkpt lat="49.166474" lon="20.270426"><ele>895.8</ele></trkpt>
      <trkpt lat="49.166490" lon="20.270411"><ele>896.2</ele></trkpt>
      <trkpt lat="49.166512" lon="20.270403"><ele>896.4</ele></trkpt>
      <trkpt lat="49.166538" lon="20.270387"><ele>896.6</ele></trkpt>
      <trkpt lat="49.166560" lon="20.270373"><ele>896.6</ele></trkpt>
      <trkpt lat="49.166586" lon="20.270358"><ele>896.8</ele></trkpt>
      <trkpt lat="49.166611" lon="20.270371"><ele>897.0</ele></trkpt>
      <trkpt lat="49.166630" lon="20.270384"><ele>897.2</ele></trkpt>
      <trkpt lat="49.166650" lon="20.270398"><ele>897.8</ele></trkpt>
      <trkpt lat="49.166669" lon="20.270406"><ele>898.2</ele></trkpt>
      <trkpt lat="49.166688" lon="20.270402"><ele>899.0</ele></trkpt>
      <trkpt lat="49.166707" lon="20.270402"><ele>899.2</ele></trkpt>
      <trkpt lat="49.166726" lon="20.270389"><ele>899.8</ele></trkpt>
      <trkpt lat="49.166752" lon="20.270398"><ele>900.0</ele></trkpt>
      <trkpt lat="49.166774" lon="20.270408"><ele>900.2</ele></trkpt>
      <trkpt lat="49.166797" lon="20.270411"><ele>900.4</ele></trkpt>
      <trkpt lat="49.166816" lon="20.270411"><ele>900.2</ele></trkpt>
      <trkpt lat="49.166794" lon="20.270382"><ele>900.6</ele></trkpt>
      <trkpt lat="49.166771" lon="20.270358"><ele>900.8</ele></trkpt>
      <trkpt lat="49.166749" lon="20.270339"><ele>900.8</ele></trkpt>
      <trkpt lat="49.166726" lon="20.270317"><ele>900.8</ele></trkpt>
      <trkpt lat="49.166714" lon="20.270293"><ele>900.8</ele></trkpt>
      <trkpt lat="49.166726" lon="20.270266"><ele>901.0</ele></trkpt>
      <trkpt lat="49.166755" lon="20.270277"><ele>901.0</ele></trkpt>
      <trkpt lat="49.166774" lon="20.270294"><ele>901.0</ele></trkpt>
      <trkpt lat="49.166794" lon="20.270302"><ele>901.0</ele></trkpt>
      <trkpt lat="49.166816" lon="20.270318"><ele>901.2</ele></trkpt>
      <trkpt lat="49.166835" lon="20.270334"><ele>901.2</ele></trkpt>
      <trkpt lat="49.166858" lon="20.270346"><ele>901.4</ele></trkpt>
      <trkpt lat="49.166880" lon="20.270352"><ele>901.6</ele></trkpt>
      <trkpt lat="49.166899" lon="20.270363"><ele>901.8</ele></trkpt>
      <trkpt lat="49.166880" lon="20.270365"><ele>902.0</ele></trkpt>
      <trkpt lat="49.166858" lon="20.270352"><ele>902.0</ele></trkpt>
      <trkpt lat="49.166832" lon="20.270334"><ele>901.8</ele></trkpt>
      <trkpt lat="49.166800" lon="20.270323"><ele>901.8</ele></trkpt>
      <trkpt lat="49.166774" lon="20.270318"><ele>901.6</ele></trkpt>
      <trkpt lat="49.166755" lon="20.270307"><ele>901.6</ele></trkpt>
      <trkpt lat="49.166736" lon="20.270293"><ele>901.4</ele></trkpt>
      <trkpt lat="49.166710" lon="20.270275"><ele>901.2</ele></trkpt>
      <trkpt lat="49.166682" lon="20.270250"><ele>901.0</ele></trkpt>
      <trkpt lat="49.166659" lon="20.270219"><ele>900.8</ele></trkpt>
      <trkpt lat="49.166640" lon="20.270184"><ele>901.0</ele></trkpt>
      <trkpt lat="49.166634" lon="20.270155"><ele>901.0</ele></trkpt>
      <trkpt lat="49.166618" lon="20.270123"><ele>901.0</ele></trkpt>
      <trkpt lat="49.166608" lon="20.270090"><ele>900.8</ele></trkpt>
      <trkpt lat="49.166598" lon="20.270064"><ele>900.8</ele></trkpt>
      <trkpt lat="49.166592" lon="20.270029"><ele>901.0</ele></trkpt>
      <trkpt lat="49.166586" lon="20.269990"><ele>901.2</ele></trkpt>
      <trkpt lat="49.166573" lon="20.269950"><ele>901.2</ele></trkpt>
      <trkpt lat="49.166566" lon="20.269912"><ele>901.2</ele></trkpt>
      <trkpt lat="49.166560" lon="20.269885"><ele>901.4</ele></trkpt>
      <trkpt lat="49.166554" lon="20.269848"><ele>901.6</ele></trkpt>
      <trkpt lat="49.166547" lon="20.269810"><ele>901.4</ele></trkpt>
      <trkpt lat="49.166538" lon="20.269776"><ele>901.4</ele></trkpt>
      <trkpt lat="49.166531" lon="20.269741"><ele>901.4</ele></trkpt>
      <trkpt lat="49.166528" lon="20.269712"><ele>901.6</ele></trkpt>
      <trkpt lat="49.166522" lon="20.269672"><ele>901.6</ele></trkpt>
      <trkpt lat="49.166512" lon="20.269637"><ele>901.6</ele></trkpt>
      <trkpt lat="49.166502" lon="20.269608"><ele>901.6</ele></trkpt>
      <trkpt lat="49.166499" lon="20.269573"><ele>901.6</ele></trkpt>
      <trkpt lat="49.166490" lon="20.269541"><ele>901.6</ele></trkpt>
      <trkpt lat="49.166477" lon="20.269507"><ele>901.6</ele></trkpt>
      <trkpt lat="49.166461" lon="20.269464"><ele>901.8</ele></trkpt>
      <trkpt lat="49.166451" lon="20.269438"><ele>901.6</ele></trkpt>
      <trkpt lat="49.166432" lon="20.269410"><ele>901.6</ele></trkpt>
      <trkpt lat="49.166416" lon="20.269384"><ele>901.6</ele></trkpt>
      <trkpt lat="49.166400" lon="20.269355"><ele>901.6</ele></trkpt>
      <trkpt lat="49.166387" lon="20.269326"><ele>901.6</ele></trkpt>
      <trkpt lat="49.166378" lon="20.269299"><ele>901.4</ele></trkpt>
      <trkpt lat="49.166374" lon="20.269256"><ele>901.4</ele></trkpt>
      <trkpt lat="49.166371" lon="20.269221"><ele>901.4</ele></trkpt>
      <trkpt lat="49.166374" lon="20.269186"><ele>901.6</ele></trkpt>
      <trkpt lat="49.166368" lon="20.269155"><ele>901.6</ele></trkpt>
      <trkpt lat="49.166362" lon="20.269120"><ele>901.6</ele></trkpt>
      <trkpt lat="49.166355" lon="20.269082"><ele>901.8</ele></trkpt>
      <trkpt lat="49.166355" lon="20.269053"><ele>902.0</ele></trkpt>
      <trkpt lat="49.166336" lon="20.269046"><ele>901.8</ele></trkpt>
      <trkpt lat="49.166317" lon="20.269066"><ele>902.2</ele></trkpt>
      <trkpt lat="49.166301" lon="20.269093"><ele>902.2</ele></trkpt>
      <trkpt lat="49.166288" lon="20.269128"><ele>902.2</ele></trkpt>
      <trkpt lat="49.166269" lon="20.269160"><ele>902.0</ele></trkpt>
      <trkpt lat="49.166243" lon="20.269182"><ele>902.0</ele></trkpt>
      <trkpt lat="49.166218" lon="20.269202"><ele>902.0</ele></trkpt>
      <trkpt lat="49.166192" lon="20.269206"><ele>902.4</ele></trkpt>
      <trkpt lat="49.166170" lon="20.269221"><ele>902.6</ele></trkpt>
      <trkpt lat="49.166144" lon="20.269237"><ele>902.6</ele></trkpt>
      <trkpt lat="49.166125" lon="20.269259"><ele>902.6</ele></trkpt>
      <trkpt lat="49.166112" lon="20.269280"><ele>902.6</ele></trkpt>
      <trkpt lat="49.166093" lon="20.269306"><ele>902.4</ele></trkpt>
      <trkpt lat="49.166074" lon="20.269325"><ele>902.4</ele></trkpt>
      <trkpt lat="49.166054" lon="20.269346"><ele>902.4</ele></trkpt>
      <trkpt lat="49.166035" lon="20.269373"><ele>902.4</ele></trkpt>
      <trkpt lat="49.166013" lon="20.269402"><ele>902.2</ele></trkpt>
      <trkpt lat="49.165997" lon="20.269419"><ele>902.2</ele></trkpt>
      <trkpt lat="49.165978" lon="20.269435"><ele>902.2</ele></trkpt>
      <trkpt lat="49.165955" lon="20.269448"><ele>902.4</ele></trkpt>
      <trkpt lat="49.165933" lon="20.269422"><ele>902.4</ele></trkpt>
      <trkpt lat="49.165904" lon="20.269413"><ele>902.2</ele></trkpt>
      <trkpt lat="49.165885" lon="20.269421"><ele>901.8</ele></trkpt>
      <trkpt lat="49.165862" lon="20.269419"><ele>900.8</ele></trkpt>
      <trkpt lat="49.165840" lon="20.269403"><ele>900.2</ele></trkpt>
      <trkpt lat="49.165821" lon="20.269386"><ele>899.4</ele></trkpt>
      <trkpt lat="49.165802" lon="20.269360"><ele>899.0</ele></trkpt>
      <trkpt lat="49.165779" lon="20.269334"><ele>898.6</ele></trkpt>
      <trkpt lat="49.165754" lon="20.269291"><ele>898.4</ele></trkpt>
      <trkpt lat="49.165738" lon="20.269269"><ele>898.2</ele></trkpt>
      <trkpt lat="49.165722" lon="20.269237"><ele>898.2</ele></trkpt>
      <trkpt lat="49.165718" lon="20.269203"><ele>898.2</ele></trkpt>
      <trkpt lat="49.165712" lon="20.269173"><ele>898.4</ele></trkpt>
      <trkpt lat="49.165706" lon="20.269133"><ele>898.6</ele></trkpt>
      <trkpt lat="49.165706" lon="20.269096"><ele>898.8</ele></trkpt>
      <trkpt lat="49.165702" lon="20.269054"><ele>898.8</ele></trkpt>
      <trkpt lat="49.165715" lon="20.269013"><ele>899.0</ele></trkpt>
      <trkpt lat="49.165722" lon="20.268974"><ele>899.4</ele></trkpt>
      <trkpt lat="49.165734" lon="20.268952"><ele>899.6</ele></trkpt>
      <trkpt lat="49.165725" lon="20.268912"><ele>899.8</ele></trkpt>
      <trkpt lat="49.165725" lon="20.268882"><ele>900.0</ele></trkpt>
      <trkpt lat="49.165728" lon="20.268845"><ele>900.4</ele></trkpt>
      <trkpt lat="49.165738" lon="20.268816"><ele>900.6</ele></trkpt>
      <trkpt lat="49.165754" lon="20.268789"><ele>901.0</ele></trkpt>
      <trkpt lat="49.165766" lon="20.268760"><ele>901.2</ele></trkpt>
      <trkpt lat="49.165786" lon="20.268733"><ele>901.4</ele></trkpt>
      <trkpt lat="49.165802" lon="20.268709"><ele>901.6</ele></trkpt>
      <trkpt lat="49.165827" lon="20.268693"><ele>901.6</ele></trkpt>
      <trkpt lat="49.165846" lon="20.268675"><ele>901.4</ele></trkpt>
      <trkpt lat="49.165866" lon="20.268656"><ele>901.4</ele></trkpt>
      <trkpt lat="49.165875" lon="20.268621"><ele>901.6</ele></trkpt>
      <trkpt lat="49.165898" lon="20.268595"><ele>901.8</ele></trkpt>
      <trkpt lat="49.165914" lon="20.268570"><ele>902.0</ele></trkpt>
      <trkpt lat="49.165939" lon="20.268562"><ele>902.0</ele></trkpt>
      <trkpt lat="49.165958" lon="20.268560"><ele>902.0</ele></trkpt>
      <trkpt lat="49.165981" lon="20.268550"><ele>902.0</ele></trkpt>
      <trkpt lat="49.166003" lon="20.268534"><ele>902.2</ele></trkpt>
      <trkpt lat="49.166026" lon="20.268526"><ele>902.4</ele></trkpt>
      <trkpt lat="49.166045" lon="20.268507"><ele>902.4</ele></trkpt>
      <trkpt lat="49.166074" lon="20.268485"><ele>902.6</ele></trkpt>
      <trkpt lat="49.166093" lon="20.268458"><ele>902.6</ele></trkpt>
      <trkpt lat="49.166115" lon="20.268432"><ele>902.8</ele></trkpt>
      <trkpt lat="49.166141" lon="20.268418"><ele>903.0</ele></trkpt>
      <trkpt lat="49.166170" lon="20.268397"><ele>903.2</ele></trkpt>
      <trkpt lat="49.166179" lon="20.268371"><ele>903.2</ele></trkpt>
      <trkpt lat="49.166182" lon="20.268331"><ele>903.2</ele></trkpt>
      <trkpt lat="49.166198" lon="20.268298"><ele>903.4</ele></trkpt>
      <trkpt lat="49.166198" lon="20.268258"><ele>903.6</ele></trkpt>
      <trkpt lat="49.166198" lon="20.268219"><ele>903.8</ele></trkpt>
      <trkpt lat="49.166205" lon="20.268181"><ele>904.2</ele></trkpt>
      <trkpt lat="49.166211" lon="20.268142"><ele>904.4</ele></trkpt>
      <trkpt lat="49.166202" lon="20.268093"><ele>904.6</ele></trkpt>
      <trkpt lat="49.166195" lon="20.268059"><ele>904.8</ele></trkpt>
      <trkpt lat="49.166192" lon="20.268032"><ele>905.0</ele></trkpt>
      <trkpt lat="49.166182" lon="20.267986"><ele>905.0</ele></trkpt>
      <trkpt lat="49.166182" lon="20.267955"><ele>905.2</ele></trkpt>
      <trkpt lat="49.166182" lon="20.267923"><ele>905.2</ele></trkpt>
      <trkpt lat="49.166182" lon="20.267891"><ele>905.4</ele></trkpt>
      <trkpt lat="49.166179" lon="20.267862"><ele>905.6</ele></trkpt>
      <trkpt lat="49.166182" lon="20.267824"><ele>905.8</ele></trkpt>
      <trkpt lat="49.166179" lon="20.267797"><ele>905.8</ele></trkpt>
      <trkpt lat="49.166182" lon="20.267757"><ele>906.0</ele></trkpt>
      <trkpt lat="49.166189" lon="20.267725"><ele>906.2</ele></trkpt>
      <trkpt lat="49.166189" lon="20.267693"><ele>906.4</ele></trkpt>
      <trkpt lat="49.166189" lon="20.267662"><ele>906.6</ele></trkpt>
      <trkpt lat="49.166189" lon="20.267630"><ele>906.6</ele></trkpt>
      <trkpt lat="49.166189" lon="20.267598"><ele>907.0</ele></trkpt>
      <trkpt lat="49.166202" lon="20.267568"><ele>907.2</ele></trkpt>
      <trkpt lat="49.166211" lon="20.267538"><ele>907.4</ele></trkpt>
      <trkpt lat="49.166211" lon="20.267507"><ele>907.2</ele></trkpt>
      <trkpt lat="49.166218" lon="20.267478"><ele>907.4</ele></trkpt>
      <trkpt lat="49.166224" lon="20.267445"><ele>907.4</ele></trkpt>
      <trkpt lat="49.166230" lon="20.267405"><ele>907.6</ele></trkpt>
      <trkpt lat="49.166240" lon="20.267374"><ele>908.0</ele></trkpt>
      <trkpt lat="49.166250" lon="20.267347"><ele>908.0</ele></trkpt>
      <trkpt lat="49.166259" lon="20.267320"><ele>908.2</ele></trkpt>
      <trkpt lat="49.166269" lon="20.267293"><ele>908.4</ele></trkpt>
      <trkpt lat="49.166282" lon="20.267258"><ele>908.8</ele></trkpt>
      <trkpt lat="49.166288" lon="20.267227"><ele>909.0</ele></trkpt>
      <trkpt lat="49.166294" lon="20.267190"><ele>909.4</ele></trkpt>
      <trkpt lat="49.166301" lon="20.267155"><ele>909.6</ele></trkpt>
      <trkpt lat="49.166310" lon="20.267130"><ele>909.8</ele></trkpt>
      <trkpt lat="49.166314" lon="20.267082"><ele>910.0</ele></trkpt>
      <trkpt lat="49.166317" lon="20.267038"><ele>910.2</ele></trkpt>
      <trkpt lat="49.166320" lon="20.267008"><ele>910.2</ele></trkpt>
      <trkpt lat="49.166323" lon="20.266968"><ele>910.6</ele></trkpt>
      <trkpt lat="49.166336" lon="20.266931"><ele>910.8</ele></trkpt>
      <trkpt lat="49.166349" lon="20.266901"><ele>911.0</ele></trkpt>
      <trkpt lat="49.166362" lon="20.266874"><ele>911.0</ele></trkpt>
      <trkpt lat="49.166352" lon="20.266848"><ele>911.2</ele></trkpt>
      <trkpt lat="49.166362" lon="20.266811"><ele>911.2</ele></trkpt>
      <trkpt lat="49.166378" lon="20.266781"><ele>911.4</ele></trkpt>
      <trkpt lat="49.166394" lon="20.266754"><ele>911.6</ele></trkpt>
      <trkpt lat="49.166403" lon="20.266722"><ele>912.0</ele></trkpt>
      <trkpt lat="49.166416" lon="20.266699"><ele>912.2</ele></trkpt>
      <trkpt lat="49.166435" lon="20.266662"><ele>912.6</ele></trkpt>
      <trkpt lat="49.166448" lon="20.266630"><ele>912.8</ele></trkpt>
      <trkpt lat="49.166470" lon="20.266614"><ele>912.8</ele></trkpt>
      <trkpt lat="49.166493" lon="20.266590"><ele>913.0</ele></trkpt>
      <trkpt lat="49.166502" lon="20.266565"><ele>913.2</ele></trkpt>
      <trkpt lat="49.166515" lon="20.266526"><ele>913.4</ele></trkpt>
      <trkpt lat="49.166522" lon="20.266494"><ele>913.8</ele></trkpt>
      <trkpt lat="49.166538" lon="20.266470"><ele>914.0</ele></trkpt>
      <trkpt lat="49.166547" lon="20.266443"><ele>914.0</ele></trkpt>
      <trkpt lat="49.166566" lon="20.266421"><ele>914.2</ele></trkpt>
      <trkpt lat="49.166579" lon="20.266394"><ele>914.2</ele></trkpt>
      <trkpt lat="49.166598" lon="20.266371"><ele>914.4</ele></trkpt>
      <trkpt lat="49.166614" lon="20.266346"><ele>914.6</ele></trkpt>
      <trkpt lat="49.166627" lon="20.266304"><ele>915.0</ele></trkpt>
      <trkpt lat="49.166640" lon="20.266283"><ele>915.2</ele></trkpt>
      <trkpt lat="49.166656" lon="20.266256"><ele>915.4</ele></trkpt>
      <trkpt lat="49.166672" lon="20.266232"><ele>915.6</ele></trkpt>
      <trkpt lat="49.166678" lon="20.266203"><ele>915.8</ele></trkpt>
      <trkpt lat="49.166694" lon="20.266181"><ele>916.0</ele></trkpt>
      <trkpt lat="49.166714" lon="20.266152"><ele>916.2</ele></trkpt>
      <trkpt lat="49.166730" lon="20.266123"><ele>916.6</ele></trkpt>
      <trkpt lat="49.166746" lon="20.266094"><ele>916.6</ele></trkpt>
      <trkpt lat="49.166755" lon="20.266067"><ele>917.0</ele></trkpt>
      <trkpt lat="49.166771" lon="20.266046"><ele>917.2</ele></trkpt>
      <trkpt lat="49.166787" lon="20.266019"><ele>917.6</ele></trkpt>
      <trkpt lat="49.166797" lon="20.265992"><ele>917.8</ele></trkpt>
      <trkpt lat="49.166813" lon="20.265965"><ele>918.2</ele></trkpt>
      <trkpt lat="49.166826" lon="20.265936"><ele>918.4</ele></trkpt>
      <trkpt lat="49.166835" lon="20.265901"><ele>918.4</ele></trkpt>
      <trkpt lat="49.166845" lon="20.265869"><ele>918.6</ele></trkpt>
      <trkpt lat="49.166854" lon="20.265837"><ele>918.8</ele></trkpt>
      <trkpt lat="49.166864" lon="20.265806"><ele>918.8</ele></trkpt>
      <trkpt lat="49.166896" lon="20.265722"><ele>919.4</ele></trkpt>
      <trkpt lat="49.166910" lon="20.265697"><ele>919.8</ele></trkpt>
      <trkpt lat="49.166924" lon="20.265672"><ele>919.8</ele></trkpt>
      <trkpt lat="49.166938" lon="20.265647"><ele>920.0</ele></trkpt>
      <trkpt lat="49.166952" lon="20.265622"><ele>920.2</ele></trkpt>
      <trkpt lat="49.166966" lon="20.265597"><ele>920.4</ele></trkpt>
      <trkpt lat="49.166980" lon="20.265572"><ele>920.4</ele></trkpt>
      <trkpt lat="49.166994" lon="20.265547"><ele>920.4</ele></trkpt>
      <trkpt lat="49.167008" lon="20.265523"><ele>920.6</ele></trkpt>
      <trkpt lat="49.167022" lon="20.265498"><ele>920.6</ele></trkpt>
      <trkpt lat="49.167036" lon="20.265473"><ele>920.8</ele></trkpt>
      <trkpt lat="49.167050" lon="20.265448"><ele>921.0</ele></trkpt>
      <trkpt lat="49.167064" lon="20.265423"><ele>921.2</ele></trkpt>
      <trkpt lat="49.167078" lon="20.265398"><ele>921.2</ele></trkpt>
      <trkpt lat="49.167092" lon="20.265373"><ele>921.4</ele></trkpt>
      <trkpt lat="49.167106" lon="20.265348"><ele>921.6</ele></trkpt>
      <trkpt lat="49.167119" lon="20.265323"><ele>921.8</ele></trkpt>
      <trkpt lat="49.167133" lon="20.265298"><ele>922.0</ele></trkpt>
      <trkpt lat="49.167147" lon="20.265273"><ele>922.0</ele></trkpt>
      <trkpt lat="49.167161" lon="20.265248"><ele>922.2</ele></trkpt>
      <trkpt lat="49.167175" lon="20.265223"><ele>922.4</ele></trkpt>
      <trkpt lat="49.167189" lon="20.265198"><ele>922.8</ele></trkpt>
      <trkpt lat="49.167203" lon="20.265173"><ele>923.8</ele></trkpt>
      <trkpt lat="49.167217" lon="20.265149"><ele>923.8</ele></trkpt>
      <trkpt lat="49.167231" lon="20.265124"><ele>923.6</ele></trkpt>
      <trkpt lat="49.167245" lon="20.265099"><ele>923.6</ele></trkpt>
      <trkpt lat="49.167259" lon="20.265074"><ele>923.8</ele></trkpt>
      <trkpt lat="49.167273" lon="20.265049"><ele>924.2</ele></trkpt>
      <trkpt lat="49.167287" lon="20.265024"><ele>924.6</ele></trkpt>
      <trkpt lat="49.167301" lon="20.264999"><ele>925.2</ele></trkpt>
      <trkpt lat="49.167315" lon="20.264974"><ele>925.6</ele></trkpt>
      <trkpt lat="49.167328" lon="20.264959"><ele>926.0</ele></trkpt>
      <trkpt lat="49.167340" lon="20.264943"><ele>926.4</ele></trkpt>
      <trkpt lat="49.167353" lon="20.264928"><ele>926.6</ele></trkpt>
      <trkpt lat="49.167366" lon="20.264912"><ele>926.8</ele></trkpt>
      <trkpt lat="49.167378" lon="20.264897"><ele>927.4</ele></trkpt>
      <trkpt lat="49.167391" lon="20.264881"><ele>927.8</ele></trkpt>
      <trkpt lat="49.167404" lon="20.264866"><ele>928.4</ele></trkpt>
      <trkpt lat="49.167416" lon="20.264851"><ele>928.6</ele></trkpt>
      <trkpt lat="49.167429" lon="20.264835"><ele>928.8</ele></trkpt>
      <trkpt lat="49.167442" lon="20.264820"><ele>929.0</ele></trkpt>
      <trkpt lat="49.167454" lon="20.264804"><ele>929.0</ele></trkpt>
      <trkpt lat="49.167467" lon="20.264789"><ele>928.8</ele></trkpt>
      <trkpt lat="49.167479" lon="20.264773"><ele>928.8</ele></trkpt>
      <trkpt lat="49.167492" lon="20.264758"><ele>928.6</ele></trkpt>
      <trkpt lat="49.167505" lon="20.264743"><ele>928.6</ele></trkpt>
      <trkpt lat="49.167517" lon="20.264727"><ele>928.8</ele></trkpt>
      <trkpt lat="49.167530" lon="20.264712"><ele>928.8</ele></trkpt>
      <trkpt lat="49.167543" lon="20.264696"><ele>929.0</ele></trkpt>
      <trkpt lat="49.167555" lon="20.264681"><ele>929.0</ele></trkpt>
      <trkpt lat="49.167568" lon="20.264666"><ele>929.0</ele></trkpt>
      <trkpt lat="49.167581" lon="20.264650"><ele>929.0</ele></trkpt>
      <trkpt lat="49.167593" lon="20.264635"><ele>929.0</ele></trkpt>
      <trkpt lat="49.167606" lon="20.264619"><ele>929.0</ele></trkpt>
      <trkpt lat="49.167619" lon="20.264604"><ele>929.0</ele></trkpt>
      <trkpt lat="49.167631" lon="20.264588"><ele>929.0</ele></trkpt>
      <trkpt lat="49.167644" lon="20.264573"><ele>929.0</ele></trkpt>
      <trkpt lat="49.167657" lon="20.264558"><ele>929.0</ele></trkpt>
      <trkpt lat="49.167669" lon="20.264542"><ele>929.0</ele></trkpt>
      <trkpt lat="49.167682" lon="20.264527"><ele>929.2</ele></trkpt>
      <trkpt lat="49.167695" lon="20.264511"><ele>929.4</ele></trkpt>
      <trkpt lat="49.167707" lon="20.264496"><ele>929.8</ele></trkpt>
      <trkpt lat="49.167720" lon="20.264480"><ele>930.2</ele></trkpt>
      <trkpt lat="49.167732" lon="20.264465"><ele>930.6</ele></trkpt>
      <trkpt lat="49.167745" lon="20.264450"><ele>930.6</ele></trkpt>
      <trkpt lat="49.167758" lon="20.264434"><ele>930.6</ele></trkpt>
      <trkpt lat="49.167770" lon="20.264419"><ele>931.0</ele></trkpt>
      <trkpt lat="49.167783" lon="20.264403"><ele>931.2</ele></trkpt>
      <trkpt lat="49.167796" lon="20.264388"><ele>931.8</ele></trkpt>
      <trkpt lat="49.167808" lon="20.264372"><ele>932.2</ele></trkpt>
      <trkpt lat="49.167821" lon="20.264357"><ele>932.4</ele></trkpt>
      <trkpt lat="49.167838" lon="20.264366"><ele>932.8</ele></trkpt>
      <trkpt lat="49.167854" lon="20.264375"><ele>933.0</ele></trkpt>
      <trkpt lat="49.167871" lon="20.264383"><ele>933.0</ele></trkpt>
      <trkpt lat="49.167888" lon="20.264392"><ele>933.2</ele></trkpt>
      <trkpt lat="49.167905" lon="20.264401"><ele>933.2</ele></trkpt>
      <trkpt lat="49.167921" lon="20.264410"><ele>933.4</ele></trkpt>
      <trkpt lat="49.167938" lon="20.264419"><ele>933.6</ele></trkpt>
      <trkpt lat="49.167955" lon="20.264428"><ele>933.8</ele></trkpt>
      <trkpt lat="49.167972" lon="20.264436"><ele>934.2</ele></trkpt>
      <trkpt lat="49.167988" lon="20.264445"><ele>934.6</ele></trkpt>
      <trkpt lat="49.168005" lon="20.264454"><ele>934.8</ele></trkpt>
      <trkpt lat="49.168022" lon="20.264463"><ele>935.2</ele></trkpt>
      <trkpt lat="49.168039" lon="20.264472"><ele>935.4</ele></trkpt>
      <trkpt lat="49.168055" lon="20.264481"><ele>935.6</ele></trkpt>
      <trkpt lat="49.168072" lon="20.264489"><ele>935.8</ele></trkpt>
      <trkpt lat="49.168089" lon="20.264498"><ele>936.0</ele></trkpt>
      <trkpt lat="49.168105" lon="20.264507"><ele>936.2</ele></trkpt>
      <trkpt lat="49.168122" lon="20.264516"><ele>936.4</ele></trkpt>
      <trkpt lat="49.168139" lon="20.264525"><ele>936.4</ele></trkpt>
      <trkpt lat="49.168156" lon="20.264534"><ele>936.6</ele></trkpt>
      <trkpt lat="49.168172" lon="20.264542"><ele>936.6</ele></trkpt>
      <trkpt lat="49.168189" lon="20.264551"><ele>936.6</ele></trkpt>
      <trkpt lat="49.168206" lon="20.264560"><ele>936.8</ele></trkpt>
      <trkpt lat="49.168223" lon="20.264569"><ele>936.8</ele></trkpt>
      <trkpt lat="49.168239" lon="20.264578"><ele>936.8</ele></trkpt>
      <trkpt lat="49.168256" lon="20.264587"><ele>936.8</ele></trkpt>
      <trkpt lat="49.168273" lon="20.264595"><ele>936.8</ele></trkpt>
      <trkpt lat="49.168290" lon="20.264604"><ele>936.8</ele></trkpt>
      <trkpt lat="49.168306" lon="20.264613"><ele>937.0</ele></trkpt>
      <trkpt lat="49.168323" lon="20.264622"><ele>937.0</ele></trkpt>
      <trkpt lat="49.168340" lon="20.264647"><ele>937.0</ele></trkpt>
      <trkpt lat="49.168356" lon="20.264671"><ele>936.8</ele></trkpt>
      <trkpt lat="49.168373" lon="20.264696"><ele>936.6</ele></trkpt>
      <trkpt lat="49.168390" lon="20.264720"><ele>936.6</ele></trkpt>
      <trkpt lat="49.168406" lon="20.264745"><ele>936.4</ele></trkpt>
      <trkpt lat="49.168423" lon="20.264770"><ele>936.2</ele></trkpt>
      <trkpt lat="49.168439" lon="20.264794"><ele>936.0</ele></trkpt>
      <trkpt lat="49.168456" lon="20.264819"><ele>936.0</ele></trkpt>
      <trkpt lat="49.168473" lon="20.264843"><ele>936.0</ele></trkpt>
      <trkpt lat="49.168489" lon="20.264868"><ele>936.0</ele></trkpt>
      <trkpt lat="49.168506" lon="20.264893"><ele>936.2</ele></trkpt>
      <trkpt lat="49.168523" lon="20.264917"><ele>936.2</ele></trkpt>
      <trkpt lat="49.168539" lon="20.264942"><ele>936.2</ele></trkpt>
      <trkpt lat="49.168556" lon="20.264966"><ele>936.2</ele></trkpt>
      <trkpt lat="49.168573" lon="20.264991"><ele>936.2</ele></trkpt>
      <trkpt lat="49.168589" lon="20.265016"><ele>936.4</ele></trkpt>
      <trkpt lat="49.168606" lon="20.265040"><ele>936.6</ele></trkpt>
      <trkpt lat="49.168622" lon="20.265065"><ele>936.6</ele></trkpt>
      <trkpt lat="49.168639" lon="20.265089"><ele>936.6</ele></trkpt>
      <trkpt lat="49.168656" lon="20.265114"><ele>936.6</ele></trkpt>
      <trkpt lat="49.168672" lon="20.265139"><ele>936.6</ele></trkpt>
      <trkpt lat="49.168689" lon="20.265163"><ele>936.8</ele></trkpt>
      <trkpt lat="49.168706" lon="20.265188"><ele>936.8</ele></trkpt>
      <trkpt lat="49.168722" lon="20.265212"><ele>936.6</ele></trkpt>
      <trkpt lat="49.168739" lon="20.265237"><ele>936.8</ele></trkpt>
      <trkpt lat="49.168755" lon="20.265262"><ele>936.6</ele></trkpt>
      <trkpt lat="49.168772" lon="20.265286"><ele>936.8</ele></trkpt>
      <trkpt lat="49.168789" lon="20.265311"><ele>936.8</ele></trkpt>
      <trkpt lat="49.168805" lon="20.265335"><ele>936.8</ele></trkpt>
      <trkpt lat="49.168822" lon="20.265360"><ele>936.8</ele></trkpt>
      <trkpt lat="49.168840" lon="20.265362"><ele>937.0</ele></trkpt>
      <trkpt lat="49.168859" lon="20.265364"><ele>937.2</ele></trkpt>
      <trkpt lat="49.168877" lon="20.265366"><ele>937.2</ele></trkpt>
      <trkpt lat="49.168895" lon="20.265367"><ele>937.2</ele></trkpt>
      <trkpt lat="49.168913" lon="20.265369"><ele>937.2</ele></trkpt>
      <trkpt lat="49.168932" lon="20.265371"><ele>937.2</ele></trkpt>
      <trkpt lat="49.168950" lon="20.265373"><ele>937.4</ele></trkpt>
      <trkpt lat="49.168968" lon="20.265375"><ele>937.2</ele></trkpt>
      <trkpt lat="49.168986" lon="20.265377"><ele>937.0</ele></trkpt>
      <trkpt lat="49.169005" lon="20.265378"><ele>937.0</ele></trkpt>
      <trkpt lat="49.169023" lon="20.265380"><ele>936.8</ele></trkpt>
      <trkpt lat="49.169041" lon="20.265382"><ele>936.8</ele></trkpt>
      <trkpt lat="49.169059" lon="20.265384"><ele>937.0</ele></trkpt>
      <trkpt lat="49.169078" lon="20.265386"><ele>937.4</ele></trkpt>
      <trkpt lat="49.169096" lon="20.265388"><ele>938.0</ele></trkpt>
      <trkpt lat="49.169114" lon="20.265390"><ele>938.6</ele></trkpt>
      <trkpt lat="49.169132" lon="20.265391"><ele>939.0</ele></trkpt>
      <trkpt lat="49.169151" lon="20.265393"><ele>939.4</ele></trkpt>
      <trkpt lat="49.169169" lon="20.265395"><ele>940.0</ele></trkpt>
      <trkpt lat="49.169187" lon="20.265397"><ele>940.4</ele></trkpt>
      <trkpt lat="49.169202" lon="20.265382"><ele>940.4</ele></trkpt>
      <trkpt lat="49.169218" lon="20.265368"><ele>940.8</ele></trkpt>
      <trkpt lat="49.169233" lon="20.265353"><ele>941.0</ele></trkpt>
      <trkpt lat="49.169248" lon="20.265338"><ele>941.2</ele></trkpt>
      <trkpt lat="49.169263" lon="20.265323"><ele>941.4</ele></trkpt>
      <trkpt lat="49.169279" lon="20.265309"><ele>941.8</ele></trkpt>
      <trkpt lat="49.169294" lon="20.265294"><ele>942.2</ele></trkpt>
      <trkpt lat="49.169309" lon="20.265279"><ele>942.6</ele></trkpt>
      <trkpt lat="49.169324" lon="20.265264"><ele>943.0</ele></trkpt>
      <trkpt lat="49.169340" lon="20.265250"><ele>943.2</ele></trkpt>
      <trkpt lat="49.169355" lon="20.265235"><ele>943.6</ele></trkpt>
      <trkpt lat="49.169370" lon="20.265220"><ele>944.0</ele></trkpt>
      <trkpt lat="49.169385" lon="20.265205"><ele>944.4</ele></trkpt>
      <trkpt lat="49.169401" lon="20.265191"><ele>944.6</ele></trkpt>
      <trkpt lat="49.169416" lon="20.265176"><ele>944.6</ele></trkpt>
      <trkpt lat="49.169431" lon="20.265161"><ele>944.8</ele></trkpt>
      <trkpt lat="49.169447" lon="20.265147"><ele>945.0</ele></trkpt>
      <trkpt lat="49.169462" lon="20.265132"><ele>945.0</ele></trkpt>
      <trkpt lat="49.169477" lon="20.265117"><ele>945.2</ele></trkpt>
      <trkpt lat="49.169492" lon="20.265102"><ele>945.2</ele></trkpt>
      <trkpt lat="49.169508" lon="20.265088"><ele>945.4</ele></trkpt>
      <trkpt lat="49.169523" lon="20.265073"><ele>945.6</ele></trkpt>
      <trkpt lat="49.169538" lon="20.265058"><ele>945.8</ele></trkpt>
      <trkpt lat="49.169553" lon="20.265043"><ele>946.0</ele></trkpt>
      <trkpt lat="49.169569" lon="20.265029"><ele>946.4</ele></trkpt>
      <trkpt lat="49.169584" lon="20.265014"><ele>946.6</ele></trkpt>
      <trkpt lat="49.169599" lon="20.264999"><ele>946.8</ele></trkpt>
      <trkpt lat="49.169614" lon="20.264984"><ele>946.8</ele></trkpt>
      <trkpt lat="49.169630" lon="20.264970"><ele>946.8</ele></trkpt>
      <trkpt lat="49.169645" lon="20.264955"><ele>947.0</ele></trkpt>
      <trkpt lat="49.169660" lon="20.264939"><ele>947.0</ele></trkpt>
      <trkpt lat="49.169676" lon="20.264922"><ele>947.2</ele></trkpt>
      <trkpt lat="49.169691" lon="20.264906"><ele>947.6</ele></trkpt>
      <trkpt lat="49.169706" lon="20.264889"><ele>948.0</ele></trkpt>
      <trkpt lat="49.169721" lon="20.264873"><ele>948.2</ele></trkpt>
      <trkpt lat="49.169737" lon="20.264856"><ele>948.6</ele></trkpt>
      <trkpt lat="49.169752" lon="20.264840"><ele>949.0</ele></trkpt>
      <trkpt lat="49.169767" lon="20.264823"><ele>949.2</ele></trkpt>
      <trkpt lat="49.169783" lon="20.264807"><ele>949.6</ele></trkpt>
      <trkpt lat="49.169798" lon="20.264790"><ele>950.0</ele></trkpt>
      <trkpt lat="49.169813" lon="20.264774"><ele>950.2</ele></trkpt>
      <trkpt lat="49.169828" lon="20.264757"><ele>950.6</ele></trkpt>
      <trkpt lat="49.169844" lon="20.264741"><ele>950.8</ele></trkpt>
      <trkpt lat="49.169859" lon="20.264724"><ele>951.2</ele></trkpt>
      <trkpt lat="49.169874" lon="20.264708"><ele>951.2</ele></trkpt>
      <trkpt lat="49.169890" lon="20.264691"><ele>951.6</ele></trkpt>
      <trkpt lat="49.169905" lon="20.264675"><ele>951.8</ele></trkpt>
      <trkpt lat="49.169920" lon="20.264658"><ele>952.2</ele></trkpt>
      <trkpt lat="49.169935" lon="20.264642"><ele>952.4</ele></trkpt>
      <trkpt lat="49.169951" lon="20.264626"><ele>952.8</ele></trkpt>
      <trkpt lat="49.169966" lon="20.264609"><ele>953.0</ele></trkpt>
      <trkpt lat="49.169981" lon="20.264593"><ele>953.2</ele></trkpt>
      <trkpt lat="49.169997" lon="20.264576"><ele>953.4</ele></trkpt>
      <trkpt lat="49.170012" lon="20.264560"><ele>953.6</ele></trkpt>
      <trkpt lat="49.170027" lon="20.264543"><ele>954.0</ele></trkpt>
      <trkpt lat="49.170042" lon="20.264527"><ele>954.2</ele></trkpt>
      <trkpt lat="49.170058" lon="20.264510"><ele>954.6</ele></trkpt>
      <trkpt lat="49.170073" lon="20.264494"><ele>955.2</ele></trkpt>
      <trkpt lat="49.170088" lon="20.264477"><ele>955.6</ele></trkpt>
      <trkpt lat="49.170103" lon="20.264465"><ele>956.2</ele></trkpt>
      <trkpt lat="49.170116" lon="20.264458"><ele>956.8</ele></trkpt>
      <trkpt lat="49.170130" lon="20.264450"><ele>957.4</ele></trkpt>
      <trkpt lat="49.170143" lon="20.264443"><ele>958.0</ele></trkpt>
      <trkpt lat="49.170157" lon="20.264435"><ele>958.6</ele></trkpt>
      <trkpt lat="49.170170" lon="20.264428"><ele>959.0</ele></trkpt>
      <trkpt lat="49.170184" lon="20.264420"><ele>959.4</ele></trkpt>
      <trkpt lat="49.170198" lon="20.264413"><ele>959.8</ele></trkpt>
      <trkpt lat="49.170211" lon="20.264406"><ele>960.2</ele></trkpt>
      <trkpt lat="49.170225" lon="20.264398"><ele>960.6</ele></trkpt>
      <trkpt lat="49.170238" lon="20.264391"><ele>961.0</ele></trkpt>
      <trkpt lat="49.170252" lon="20.264383"><ele>961.4</ele></trkpt>
      <trkpt lat="49.170265" lon="20.264376"><ele>962.0</ele></trkpt>
      <trkpt lat="49.170279" lon="20.264368"><ele>962.4</ele></trkpt>
      <trkpt lat="49.170292" lon="20.264361"><ele>962.8</ele></trkpt>
      <trkpt lat="49.170306" lon="20.264353"><ele>963.4</ele></trkpt>
      <trkpt lat="49.170319" lon="20.264346"><ele>964.0</ele></trkpt>
      <trkpt lat="49.170333" lon="20.264338"><ele>964.4</ele></trkpt>
      <trkpt lat="49.170346" lon="20.264331"><ele>965.2</ele></trkpt>
      <trkpt lat="49.170360" lon="20.264323"><ele>965.8</ele></trkpt>
      <trkpt lat="49.170373" lon="20.264316"><ele>966.2</ele></trkpt>
      <trkpt lat="49.170387" lon="20.264308"><ele>966.4</ele></trkpt>
      <trkpt lat="49.170401" lon="20.264301"><ele>966.8</ele></trkpt>
      <trkpt lat="49.170414" lon="20.264294"><ele>967.0</ele></trkpt>
      <trkpt lat="49.170428" lon="20.264286"><ele>967.4</ele></trkpt>
      <trkpt lat="49.170441" lon="20.264279"><ele>967.8</ele></trkpt>
      <trkpt lat="49.170455" lon="20.264271"><ele>968.2</ele></trkpt>
      <trkpt lat="49.170468" lon="20.264264"><ele>968.6</ele></trkpt>
      <trkpt lat="49.170482" lon="20.264256"><ele>969.0</ele></trkpt>
      <trkpt lat="49.170495" lon="20.264249"><ele>969.4</ele></trkpt>
      <trkpt lat="49.170509" lon="20.264230"><ele>970.0</ele></trkpt>
      <trkpt lat="49.170519" lon="20.264206"><ele>970.4</ele></trkpt>
      <trkpt lat="49.170529" lon="20.264183"><ele>970.8</ele></trkpt>
      <trkpt lat="49.170538" lon="20.264160"><ele>971.4</ele></trkpt>
      <trkpt lat="49.170548" lon="20.264137"><ele>971.8</ele></trkpt>
      <trkpt lat="49.170558" lon="20.264114"><ele>972.4</ele></trkpt>
      <trkpt lat="49.170568" lon="20.264091"><ele>972.8</ele></trkpt>
      <trkpt lat="49.170578" lon="20.264068"><ele>973.2</ele></trkpt>
      <trkpt lat="49.170588" lon="20.264044"><ele>973.6</ele></trkpt>
      <trkpt lat="49.170598" lon="20.264021"><ele>974.2</ele></trkpt>
      <trkpt lat="49.170608" lon="20.263998"><ele>974.8</ele></trkpt>
      <trkpt lat="49.170618" lon="20.263975"><ele>975.4</ele></trkpt>
      <trkpt lat="49.170628" lon="20.263952"><ele>976.0</ele></trkpt>
      <trkpt lat="49.170638" lon="20.263929"><ele>976.6</ele></trkpt>
      <trkpt lat="49.170648" lon="20.263905"><ele>977.2</ele></trkpt>
      <trkpt lat="49.170658" lon="20.263882"><ele>978.0</ele></trkpt>
      <trkpt lat="49.170668" lon="20.263859"><ele>978.8</ele></trkpt>
      <trkpt lat="49.170678" lon="20.263836"><ele>979.6</ele></trkpt>
      <trkpt lat="49.170688" lon="20.263813"><ele>980.2</ele></trkpt>
      <trkpt lat="49.170698" lon="20.263790"><ele>981.0</ele></trkpt>
      <trkpt lat="49.170706" lon="20.263771"><ele>981.4</ele></trkpt>
      <trkpt lat="49.170717" lon="20.263748"><ele>982.0</ele></trkpt>
      <trkpt lat="49.170727" lon="20.263725"><ele>982.4</ele></trkpt>
      <trkpt lat="49.170738" lon="20.263702"><ele>983.0</ele></trkpt>
      <trkpt lat="49.170748" lon="20.263679"><ele>983.4</ele></trkpt>
      <trkpt lat="49.170758" lon="20.263657"><ele>983.8</ele></trkpt>
      <trkpt lat="49.170769" lon="20.263634"><ele>984.2</ele></trkpt>
      <trkpt lat="49.170779" lon="20.263611"><ele>984.8</ele></trkpt>
      <trkpt lat="49.170790" lon="20.263588"><ele>985.0</ele></trkpt>
      <trkpt lat="49.170800" lon="20.263565"><ele>985.4</ele></trkpt>
      <trkpt lat="49.170811" lon="20.263543"><ele>985.4</ele></trkpt>
      <trkpt lat="49.170821" lon="20.263520"><ele>985.8</ele></trkpt>
      <trkpt lat="49.170831" lon="20.263497"><ele>986.0</ele></trkpt>
      <trkpt lat="49.170842" lon="20.263474"><ele>986.4</ele></trkpt>
      <trkpt lat="49.170852" lon="20.263451"><ele>986.6</ele></trkpt>
      <trkpt lat="49.170863" lon="20.263429"><ele>986.8</ele></trkpt>
      <trkpt lat="49.170873" lon="20.263406"><ele>987.0</ele></trkpt>
      <trkpt lat="49.170884" lon="20.263383"><ele>987.0</ele></trkpt>
      <trkpt lat="49.170894" lon="20.263360"><ele>987.2</ele></trkpt>
      <trkpt lat="49.170904" lon="20.263337"><ele>987.6</ele></trkpt>
      <trkpt lat="49.170915" lon="20.263315"><ele>987.8</ele></trkpt>
      <trkpt lat="49.170925" lon="20.263292"><ele>988.2</ele></trkpt>
      <trkpt lat="49.170936" lon="20.263269"><ele>988.4</ele></trkpt>
      <trkpt lat="49.170946" lon="20.263246"><ele>988.8</ele></trkpt>
      <trkpt lat="49.170957" lon="20.263223"><ele>989.0</ele></trkpt>
      <trkpt lat="49.170967" lon="20.263201"><ele>989.4</ele></trkpt>
      <trkpt lat="49.170977" lon="20.263178"><ele>989.6</ele></trkpt>
      <trkpt lat="49.170988" lon="20.263155"><ele>989.6</ele></trkpt>
      <trkpt lat="49.170998" lon="20.263132"><ele>989.8</ele></trkpt>
      <trkpt lat="49.171009" lon="20.263109"><ele>990.0</ele></trkpt>
      <trkpt lat="49.171020" lon="20.263086"><ele>990.2</ele></trkpt>
      <trkpt lat="49.171031" lon="20.263062"><ele>990.2</ele></trkpt>
      <trkpt lat="49.171043" lon="20.263039"><ele>990.4</ele></trkpt>
      <trkpt lat="49.171055" lon="20.263015"><ele>990.4</ele></trkpt>
      <trkpt lat="49.171066" lon="20.262991"><ele>990.4</ele></trkpt>
      <trkpt lat="49.171078" lon="20.262967"><ele>990.4</ele></trkpt>
      <trkpt lat="49.171090" lon="20.262944"><ele>990.4</ele></trkpt>
      <trkpt lat="49.171101" lon="20.262920"><ele>990.4</ele></trkpt>
      <trkpt lat="49.171113" lon="20.262896"><ele>990.4</ele></trkpt>
      <trkpt lat="49.171125" lon="20.262873"><ele>990.6</ele></trkpt>
      <trkpt lat="49.171136" lon="20.262849"><ele>990.8</ele></trkpt>
      <trkpt lat="49.171148" lon="20.262825"><ele>991.0</ele></trkpt>
      <trkpt lat="49.171159" lon="20.262801"><ele>991.2</ele></trkpt>
      <trkpt lat="49.171171" lon="20.262778"><ele>991.4</ele></trkpt>
      <trkpt lat="49.171183" lon="20.262754"><ele>991.6</ele></trkpt>
      <trkpt lat="49.171194" lon="20.262730"><ele>991.8</ele></trkpt>
      <trkpt lat="49.171206" lon="20.262706"><ele>992.2</ele></trkpt>
      <trkpt lat="49.171218" lon="20.262683"><ele>992.4</ele></trkpt>
      <trkpt lat="49.171229" lon="20.262659"><ele>992.6</ele></trkpt>
      <trkpt lat="49.171241" lon="20.262635"><ele>993.0</ele></trkpt>
      <trkpt lat="49.171252" lon="20.262611"><ele>993.4</ele></trkpt>
      <trkpt lat="49.171264" lon="20.262588"><ele>993.6</ele></trkpt>
      <trkpt lat="49.171276" lon="20.262564"><ele>994.0</ele></trkpt>
      <trkpt lat="49.171287" lon="20.262540"><ele>994.2</ele></trkpt>
      <trkpt lat="49.171299" lon="20.262517"><ele>994.6</ele></trkpt>
      <trkpt lat="49.171311" lon="20.262493"><ele>995.0</ele></trkpt>
      <trkpt lat="49.171322" lon="20.262469"><ele>995.4</ele></trkpt>
      <trkpt lat="49.171334" lon="20.262445"><ele>995.6</ele></trkpt>
      <trkpt lat="49.171346" lon="20.262422"><ele>996.0</ele></trkpt>
      <trkpt lat="49.171357" lon="20.262398"><ele>996.4</ele></trkpt>
      <trkpt lat="49.171370" lon="20.262378"><ele>996.8</ele></trkpt>
      <trkpt lat="49.171384" lon="20.262362"><ele>997.2</ele></trkpt>
      <trkpt lat="49.171398" lon="20.262346"><ele>997.4</ele></trkpt>
      <trkpt lat="49.171412" lon="20.262330"><ele>997.8</ele></trkpt>
      <trkpt lat="49.171426" lon="20.262314"><ele>998.0</ele></trkpt>
      <trkpt lat="49.171440" lon="20.262298"><ele>998.4</ele></trkpt>
      <trkpt lat="49.171454" lon="20.262282"><ele>998.8</ele></trkpt>
      <trkpt lat="49.171468" lon="20.262266"><ele>999.4</ele></trkpt>
      <trkpt lat="49.171482" lon="20.262249"><ele>999.6</ele></trkpt>
      <trkpt lat="49.171496" lon="20.262233"><ele>1000.0</ele></trkpt>
      <trkpt lat="49.171510" lon="20.262217"><ele>1000.4</ele></trkpt>
      <trkpt lat="49.171524" lon="20.262201"><ele>1000.6</ele></trkpt>
      <trkpt lat="49.171538" lon="20.262185"><ele>1001.0</ele></trkpt>
      <trkpt lat="49.171552" lon="20.262169"><ele>1001.2</ele></trkpt>
      <trkpt lat="49.171566" lon="20.262153"><ele>1001.6</ele></trkpt>
      <trkpt lat="49.171579" lon="20.262137"><ele>1001.8</ele></trkpt>
      <trkpt lat="49.171593" lon="20.262121"><ele>1001.8</ele></trkpt>
      <trkpt lat="49.171607" lon="20.262105"><ele>1002.0</ele></trkpt>
      <trkpt lat="49.171621" lon="20.262089"><ele>1002.2</ele></trkpt>
      <trkpt lat="49.171635" lon="20.262073"><ele>1002.4</ele></trkpt>
      <trkpt lat="49.171649" lon="20.262057"><ele>1002.6</ele></trkpt>
      <trkpt lat="49.171663" lon="20.262041"><ele>1003.0</ele></trkpt>
      <trkpt lat="49.171677" lon="20.262025"><ele>1003.4</ele></trkpt>
      <trkpt lat="49.171691" lon="20.262008"><ele>1003.8</ele></trkpt>
      <trkpt lat="49.171705" lon="20.261992"><ele>1004.2</ele></trkpt>
      <trkpt lat="49.171719" lon="20.261976"><ele>1004.6</ele></trkpt>
      <trkpt lat="49.171733" lon="20.261960"><ele>1005.0</ele></trkpt>
      <trkpt lat="49.171747" lon="20.261944"><ele>1005.4</ele></trkpt>
      <trkpt lat="49.171761" lon="20.261928"><ele>1005.8</ele></trkpt>
      <trkpt lat="49.171775" lon="20.261912"><ele>1006.2</ele></trkpt>
      <trkpt lat="49.171792" lon="20.261901"><ele>1006.8</ele></trkpt>
      <trkpt lat="49.171811" lon="20.261894"><ele>1007.0</ele></trkpt>
      <trkpt lat="49.171830" lon="20.261887"><ele>1007.4</ele></trkpt>
      <trkpt lat="49.171849" lon="20.261880"><ele>1007.6</ele></trkpt>
      <trkpt lat="49.171868" lon="20.261873"><ele>1008.0</ele></trkpt>
      <trkpt lat="49.171887" lon="20.261866"><ele>1008.0</ele></trkpt>
      <trkpt lat="49.171906" lon="20.261860"><ele>1008.4</ele></trkpt>
      <trkpt lat="49.171925" lon="20.261853"><ele>1008.6</ele></trkpt>
      <trkpt lat="49.171944" lon="20.261846"><ele>1009.0</ele></trkpt>
      <trkpt lat="49.171963" lon="20.261839"><ele>1009.4</ele></trkpt>
      <trkpt lat="49.171982" lon="20.261832"><ele>1009.6</ele></trkpt>
      <trkpt lat="49.172001" lon="20.261825"><ele>1010.0</ele></trkpt>
      <trkpt lat="49.172020" lon="20.261819"><ele>1010.2</ele></trkpt>
      <trkpt lat="49.172039" lon="20.261812"><ele>1010.2</ele></trkpt>
      <trkpt lat="49.172058" lon="20.261805"><ele>1010.4</ele></trkpt>
      <trkpt lat="49.172077" lon="20.261798"><ele>1010.6</ele></trkpt>
      <trkpt lat="49.172096" lon="20.261791"><ele>1010.8</ele></trkpt>
      <trkpt lat="49.172115" lon="20.261784"><ele>1011.2</ele></trkpt>
      <trkpt lat="49.172134" lon="20.261778"><ele>1011.4</ele></trkpt>
      <trkpt lat="49.172153" lon="20.261771"><ele>1011.8</ele></trkpt>
      <trkpt lat="49.172172" lon="20.261764"><ele>1012.0</ele></trkpt>
      <trkpt lat="49.172191" lon="20.261757"><ele>1012.2</ele></trkpt>
      <trkpt lat="49.172210" lon="20.261750"><ele>1012.4</ele></trkpt>
      <trkpt lat="49.172229" lon="20.261743"><ele>1012.4</ele></trkpt>
      <trkpt lat="49.172248" lon="20.261737"><ele>1012.6</ele></trkpt>
      <trkpt lat="49.172267" lon="20.261730"><ele>1012.8</ele></trkpt>
      <trkpt lat="49.172286" lon="20.261723"><ele>1013.0</ele></trkpt>
      <trkpt lat="49.172305" lon="20.261716"><ele>1013.2</ele></trkpt>
      <trkpt lat="49.172324" lon="20.261709"><ele>1013.4</ele></trkpt>
      <trkpt lat="49.172343" lon="20.261702"><ele>1013.6</ele></trkpt>
      <trkpt lat="49.172359" lon="20.261697"><ele>1014.0</ele></trkpt>
      <trkpt lat="49.172373" lon="20.261693"><ele>1014.0</ele></trkpt>
      <trkpt lat="49.172388" lon="20.261689"><ele>1014.2</ele></trkpt>
      <trkpt lat="49.172402" lon="20.261685"><ele>1014.4</ele></trkpt>
      <trkpt lat="49.172416" lon="20.261681"><ele>1014.6</ele></trkpt>
      <trkpt lat="49.172430" lon="20.261677"><ele>1014.8</ele></trkpt>
      <trkpt lat="49.172444" lon="20.261673"><ele>1015.0</ele></trkpt>
      <trkpt lat="49.172459" lon="20.261669"><ele>1015.2</ele></trkpt>
      <trkpt lat="49.172473" lon="20.261665"><ele>1015.4</ele></trkpt>
      <trkpt lat="49.172487" lon="20.261661"><ele>1015.6</ele></trkpt>
      <trkpt lat="49.172501" lon="20.261657"><ele>1015.8</ele></trkpt>
      <trkpt lat="49.172515" lon="20.261653"><ele>1016.2</ele></trkpt>
      <trkpt lat="49.172530" lon="20.261649"><ele>1016.4</ele></trkpt>
      <trkpt lat="49.172544" lon="20.261645"><ele>1016.6</ele></trkpt>
      <trkpt lat="49.172558" lon="20.261641"><ele>1016.8</ele></trkpt>
      <trkpt lat="49.172572" lon="20.261636"><ele>1017.0</ele></trkpt>
      <trkpt lat="49.172586" lon="20.261632"><ele>1017.2</ele></trkpt>
      <trkpt lat="49.172601" lon="20.261628"><ele>1017.4</ele></trkpt>
      <trkpt lat="49.172615" lon="20.261624"><ele>1017.6</ele></trkpt>
      <trkpt lat="49.172629" lon="20.261620"><ele>1017.8</ele></trkpt>
      <trkpt lat="49.172643" lon="20.261616"><ele>1017.8</ele></trkpt>
      <trkpt lat="49.172657" lon="20.261612"><ele>1018.0</ele></trkpt>
      <trkpt lat="49.172672" lon="20.261608"><ele>1018.2</ele></trkpt>
      <trkpt lat="49.172686" lon="20.261604"><ele>1018.2</ele></trkpt>
      <trkpt lat="49.172700" lon="20.261600"><ele>1018.4</ele></trkpt>
      <trkpt lat="49.172714" lon="20.261596"><ele>1018.6</ele></trkpt>
      <trkpt lat="49.172728" lon="20.261592"><ele>1018.8</ele></trkpt>
      <trkpt lat="49.172743" lon="20.261588"><ele>1019.2</ele></trkpt>
      <trkpt lat="49.172757" lon="20.261584"><ele>1019.6</ele></trkpt>
      <trkpt lat="49.172771" lon="20.261580"><ele>1019.8</ele></trkpt>
      <trkpt lat="49.172788" lon="20.261573"><ele>1020.0</ele></trkpt>
      <trkpt lat="49.172807" lon="20.261564"><ele>1020.4</ele></trkpt>
      <trkpt lat="49.172827" lon="20.261555"><ele>1020.4</ele></trkpt>
      <trkpt lat="49.172846" lon="20.261545"><ele>1020.6</ele></trkpt>
      <trkpt lat="49.172866" lon="20.261536"><ele>1021.0</ele></trkpt>
      <trkpt lat="49.172885" lon="20.261527"><ele>1021.2</ele></trkpt>
      <trkpt lat="49.172905" lon="20.261517"><ele>1021.4</ele></trkpt>
      <trkpt lat="49.172924" lon="20.261508"><ele>1021.6</ele></trkpt>
      <trkpt lat="49.172944" lon="20.261499"><ele>1021.8</ele></trkpt>
      <trkpt lat="49.172963" lon="20.261489"><ele>1022.0</ele></trkpt>
      <trkpt lat="49.172983" lon="20.261480"><ele>1022.0</ele></trkpt>
      <trkpt lat="49.173002" lon="20.261471"><ele>1022.4</ele></trkpt>
      <trkpt lat="49.173022" lon="20.261461"><ele>1022.6</ele></trkpt>
      <trkpt lat="49.173041" lon="20.261452"><ele>1022.8</ele></trkpt>
      <trkpt lat="49.173061" lon="20.261443"><ele>1023.2</ele></trkpt>
      <trkpt lat="49.173080" lon="20.261433"><ele>1023.2</ele></trkpt>
      <trkpt lat="49.173100" lon="20.261424"><ele>1023.4</ele></trkpt>
      <trkpt lat="49.173119" lon="20.261415"><ele>1023.4</ele></trkpt>
      <trkpt lat="49.173139" lon="20.261405"><ele>1023.6</ele></trkpt>
      <trkpt lat="49.173158" lon="20.261396"><ele>1023.8</ele></trkpt>
      <trkpt lat="49.173178" lon="20.261387"><ele>1024.0</ele></trkpt>
      <trkpt lat="49.173197" lon="20.261377"><ele>1024.2</ele></trkpt>
      <trkpt lat="49.173217" lon="20.261368"><ele>1024.6</ele></trkpt>
      <trkpt lat="49.173236" lon="20.261359"><ele>1025.0</ele></trkpt>
      <trkpt lat="49.173256" lon="20.261349"><ele>1025.4</ele></trkpt>
      <trkpt lat="49.173275" lon="20.261340"><ele>1025.8</ele></trkpt>
      <trkpt lat="49.173295" lon="20.261331"><ele>1026.4</ele></trkpt>
      <trkpt lat="49.173314" lon="20.261321"><ele>1026.6</ele></trkpt>
      <trkpt lat="49.173334" lon="20.261312"><ele>1027.0</ele></trkpt>
      <trkpt lat="49.173353" lon="20.261303"><ele>1027.4</ele></trkpt>
      <trkpt lat="49.173371" lon="20.261295"><ele>1027.8</ele></trkpt>
      <trkpt lat="49.173386" lon="20.261288"><ele>1028.0</ele></trkpt>
      <trkpt lat="49.173401" lon="20.261281"><ele>1028.4</ele></trkpt>
      <trkpt lat="49.173416" lon="20.261274"><ele>1028.6</ele></trkpt>
      <trkpt lat="49.173431" lon="20.261267"><ele>1028.8</ele></trkpt>
      <trkpt lat="49.173446" lon="20.261260"><ele>1029.0</ele></trkpt>
      <trkpt lat="49.173461" lon="20.261253"><ele>1029.0</ele></trkpt>
      <trkpt lat="49.173476" lon="20.261246"><ele>1029.2</ele></trkpt>
      <trkpt lat="49.173491" lon="20.261239"><ele>1029.4</ele></trkpt>
      <trkpt lat="49.173506" lon="20.261232"><ele>1029.8</ele></trkpt>
      <trkpt lat="49.173521" lon="20.261225"><ele>1030.2</ele></trkpt>
      <trkpt lat="49.173536" lon="20.261218"><ele>1030.6</ele></trkpt>
      <trkpt lat="49.173551" lon="20.261211"><ele>1031.2</ele></trkpt>
      <trkpt lat="49.173566" lon="20.261204"><ele>1031.6</ele></trkpt>
      <trkpt lat="49.173581" lon="20.261197"><ele>1032.0</ele></trkpt>
      <trkpt lat="49.173596" lon="20.261190"><ele>1032.4</ele></trkpt>
      <trkpt lat="49.173611" lon="20.261183"><ele>1032.8</ele></trkpt>
      <trkpt lat="49.173626" lon="20.261176"><ele>1033.2</ele></trkpt>
      <trkpt lat="49.173641" lon="20.261169"><ele>1033.4</ele></trkpt>
      <trkpt lat="49.173656" lon="20.261162"><ele>1033.8</ele></trkpt>
      <trkpt lat="49.173671" lon="20.261155"><ele>1034.0</ele></trkpt>
      <trkpt lat="49.173686" lon="20.261148"><ele>1034.4</ele></trkpt>
      <trkpt lat="49.173701" lon="20.261141"><ele>1034.8</ele></trkpt>
      <trkpt lat="49.173716" lon="20.261134"><ele>1035.2</ele></trkpt>
      <trkpt lat="49.173731" lon="20.261127"><ele>1035.6</ele></trkpt>
      <trkpt lat="49.173746" lon="20.261120"><ele>1036.0</ele></trkpt>
      <trkpt lat="49.173761" lon="20.261113"><ele>1036.4</ele></trkpt>
      <trkpt lat="49.173776" lon="20.261106"><ele>1036.8</ele></trkpt>
      <trkpt lat="49.173791" lon="20.261099"><ele>1037.4</ele></trkpt>
      <trkpt lat="49.173806" lon="20.261092"><ele>1037.8</ele></trkpt>
      <trkpt lat="49.173825" lon="20.261089"><ele>1038.2</ele></trkpt>
      <trkpt lat="49.173847" lon="20.261090"><ele>1039.0</ele></trkpt>
      <trkpt lat="49.173869" lon="20.261092"><ele>1039.4</ele></trkpt>
      <trkpt lat="49.173891" lon="20.261093"><ele>1039.8</ele></trkpt>
      <trkpt lat="49.173913" lon="20.261095"><ele>1040.2</ele></trkpt>
      <trkpt lat="49.173935" lon="20.261096"><ele>1040.6</ele></trkpt>
      <trkpt lat="49.173957" lon="20.261097"><ele>1041.0</ele></trkpt>
      <trkpt lat="49.173979" lon="20.261099"><ele>1041.4</ele></trkpt>
      <trkpt lat="49.174001" lon="20.261100"><ele>1041.8</ele></trkpt>
      <trkpt lat="49.174023" lon="20.261102"><ele>1042.2</ele></trkpt>
      <trkpt lat="49.174045" lon="20.261103"><ele>1042.6</ele></trkpt>
      <trkpt lat="49.174067" lon="20.261105"><ele>1043.0</ele></trkpt>
      <trkpt lat="49.174089" lon="20.261106"><ele>1043.6</ele></trkpt>
      <trkpt lat="49.174111" lon="20.261108"><ele>1043.8</ele></trkpt>
      <trkpt lat="49.174133" lon="20.261109"><ele>1044.2</ele></trkpt>
      <trkpt lat="49.174156" lon="20.261111"><ele>1044.4</ele></trkpt>
      <trkpt lat="49.174178" lon="20.261112"><ele>1044.6</ele></trkpt>
      <trkpt lat="49.174200" lon="20.261114"><ele>1044.8</ele></trkpt>
      <trkpt lat="49.174222" lon="20.261115"><ele>1045.0</ele></trkpt>
      <trkpt lat="49.174244" lon="20.261116"><ele>1045.4</ele></trkpt>
      <trkpt lat="49.174266" lon="20.261118"><ele>1045.6</ele></trkpt>
      <trkpt lat="49.174288" lon="20.261119"><ele>1045.8</ele></trkpt>
      <trkpt lat="49.174310" lon="20.261121"><ele>1046.0</ele></trkpt>
      <trkpt lat="49.174332" lon="20.261122"><ele>1046.4</ele></trkpt>
      <trkpt lat="49.174354" lon="20.261124"><ele>1046.6</ele></trkpt>
      <trkpt lat="49.174376" lon="20.261125"><ele>1046.8</ele></trkpt>
      <trkpt lat="49.174398" lon="20.261127"><ele>1047.2</ele></trkpt>
      <trkpt lat="49.174420" lon="20.261128"><ele>1047.6</ele></trkpt>
      <trkpt lat="49.174442" lon="20.261130"><ele>1048.0</ele></trkpt>
      <trkpt lat="49.174464" lon="20.261131"><ele>1048.4</ele></trkpt>
      <trkpt lat="49.174480" lon="20.261116"><ele>1048.8</ele></trkpt>
      <trkpt lat="49.174496" lon="20.261101"><ele>1049.4</ele></trkpt>
      <trkpt lat="49.174512" lon="20.261086"><ele>1050.0</ele></trkpt>
      <trkpt lat="49.174527" lon="20.261072"><ele>1050.6</ele></trkpt>
      <trkpt lat="49.174543" lon="20.261057"><ele>1051.4</ele></trkpt>
      <trkpt lat="49.174559" lon="20.261042"><ele>1052.0</ele></trkpt>
      <trkpt lat="49.174575" lon="20.261027"><ele>1052.6</ele></trkpt>
      <trkpt lat="49.174591" lon="20.261012"><ele>1053.2</ele></trkpt>
      <trkpt lat="49.174607" lon="20.260997"><ele>1053.6</ele></trkpt>
      <trkpt lat="49.174623" lon="20.260983"><ele>1054.0</ele></trkpt>
      <trkpt lat="49.174638" lon="20.260968"><ele>1054.2</ele></trkpt>
      <trkpt lat="49.174654" lon="20.260953"><ele>1054.4</ele></trkpt>
      <trkpt lat="49.174670" lon="20.260938"><ele>1054.6</ele></trkpt>
      <trkpt lat="49.174686" lon="20.260923"><ele>1054.8</ele></trkpt>
      <trkpt lat="49.174702" lon="20.260908"><ele>1055.2</ele></trkpt>
      <trkpt lat="49.174718" lon="20.260893"><ele>1055.8</ele></trkpt>
      <trkpt lat="49.174733" lon="20.260879"><ele>1056.4</ele></trkpt>
      <trkpt lat="49.174749" lon="20.260864"><ele>1056.6</ele></trkpt>
      <trkpt lat="49.174765" lon="20.260849"><ele>1056.6</ele></trkpt>
      <trkpt lat="49.174781" lon="20.260834"><ele>1056.4</ele></trkpt>
      <trkpt lat="49.174796" lon="20.260820"><ele>1056.2</ele></trkpt>
      <trkpt lat="49.174812" lon="20.260806"><ele>1056.0</ele></trkpt>
      <trkpt lat="49.174827" lon="20.260792"><ele>1056.2</ele></trkpt>
      <trkpt lat="49.174843" lon="20.260777"><ele>1056.2</ele></trkpt>
      <trkpt lat="49.174858" lon="20.260763"><ele>1056.6</ele></trkpt>
      <trkpt lat="49.174874" lon="20.260749"><ele>1056.6</ele></trkpt>
      <trkpt lat="49.174889" lon="20.260735"><ele>1057.0</ele></trkpt>
      <trkpt lat="49.174905" lon="20.260721"><ele>1057.2</ele></trkpt>
      <trkpt lat="49.174920" lon="20.260707"><ele>1057.2</ele></trkpt>
      <trkpt lat="49.174936" lon="20.260693"><ele>1057.4</ele></trkpt>
      <trkpt lat="49.174951" lon="20.260679"><ele>1057.6</ele></trkpt>
      <trkpt lat="49.174967" lon="20.260664"><ele>1057.4</ele></trkpt>
      <trkpt lat="49.174982" lon="20.260650"><ele>1057.4</ele></trkpt>
      <trkpt lat="49.174998" lon="20.260636"><ele>1057.6</ele></trkpt>
      <trkpt lat="49.175013" lon="20.260622"><ele>1057.6</ele></trkpt>
      <trkpt lat="49.175028" lon="20.260608"><ele>1057.8</ele></trkpt>
      <trkpt lat="49.175044" lon="20.260594"><ele>1057.8</ele></trkpt>
      <trkpt lat="49.175059" lon="20.260580"><ele>1057.8</ele></trkpt>
      <trkpt lat="49.175075" lon="20.260565"><ele>1057.8</ele></trkpt>
      <trkpt lat="49.175090" lon="20.260551"><ele>1058.0</ele></trkpt>
      <trkpt lat="49.175106" lon="20.260537"><ele>1058.2</ele></trkpt>
      <trkpt lat="49.175121" lon="20.260523"><ele>1058.2</ele></trkpt>
      <trkpt lat="49.175137" lon="20.260509"><ele>1058.2</ele></trkpt>
      <trkpt lat="49.175152" lon="20.260495"><ele>1058.4</ele></trkpt>
      <trkpt lat="49.175168" lon="20.260481"><ele>1058.4</ele></trkpt>
      <trkpt lat="49.175183" lon="20.260467"><ele>1058.4</ele></trkpt>
      <trkpt lat="49.175199" lon="20.260452"><ele>1058.6</ele></trkpt>
      <trkpt lat="49.175214" lon="20.260438"><ele>1058.8</ele></trkpt>
      <trkpt lat="49.175230" lon="20.260424"><ele>1058.8</ele></trkpt>
      <trkpt lat="49.175245" lon="20.260410"><ele>1059.2</ele></trkpt>
      <trkpt lat="49.175267" lon="20.260408"><ele>1059.0</ele></trkpt>
      <trkpt lat="49.175288" lon="20.260406"><ele>1059.2</ele></trkpt>
      <trkpt lat="49.175310" lon="20.260404"><ele>1059.2</ele></trkpt>
      <trkpt lat="49.175331" lon="20.260401"><ele>1059.4</ele></trkpt>
      <trkpt lat="49.175353" lon="20.260399"><ele>1059.6</ele></trkpt>
      <trkpt lat="49.175374" lon="20.260397"><ele>1059.8</ele></trkpt>
      <trkpt lat="49.175396" lon="20.260395"><ele>1060.0</ele></trkpt>
      <trkpt lat="49.175417" lon="20.260393"><ele>1060.4</ele></trkpt>
      <trkpt lat="49.175439" lon="20.260391"><ele>1060.6</ele></trkpt>
      <trkpt lat="49.175460" lon="20.260389"><ele>1060.8</ele></trkpt>
      <trkpt lat="49.175482" lon="20.260387"><ele>1061.2</ele></trkpt>
      <trkpt lat="49.175503" lon="20.260384"><ele>1061.4</ele></trkpt>
      <trkpt lat="49.175525" lon="20.260382"><ele>1061.8</ele></trkpt>
      <trkpt lat="49.175546" lon="20.260380"><ele>1062.2</ele></trkpt>
      <trkpt lat="49.175568" lon="20.260378"><ele>1062.6</ele></trkpt>
      <trkpt lat="49.175590" lon="20.260376"><ele>1063.0</ele></trkpt>
      <trkpt lat="49.175611" lon="20.260374"><ele>1063.4</ele></trkpt>
      <trkpt lat="49.175633" lon="20.260372"><ele>1063.8</ele></trkpt>
      <trkpt lat="49.175654" lon="20.260369"><ele>1064.2</ele></trkpt>
      <trkpt lat="49.175676" lon="20.260367"><ele>1064.6</ele></trkpt>
      <trkpt lat="49.175697" lon="20.260365"><ele>1064.8</ele></trkpt>
      <trkpt lat="49.175719" lon="20.260363"><ele>1065.2</ele></trkpt>
      <trkpt lat="49.175740" lon="20.260361"><ele>1065.6</ele></trkpt>
      <trkpt lat="49.175762" lon="20.260359"><ele>1066.0</ele></trkpt>
      <trkpt lat="49.175783" lon="20.260357"><ele>1066.6</ele></trkpt>
      <trkpt lat="49.175805" lon="20.260355"><ele>1067.0</ele></trkpt>
      <trkpt lat="49.175826" lon="20.260352"><ele>1067.4</ele></trkpt>
      <trkpt lat="49.175848" lon="20.260350"><ele>1068.0</ele></trkpt>
      <trkpt lat="49.175869" lon="20.260348"><ele>1068.4</ele></trkpt>
      <trkpt lat="49.175891" lon="20.260346"><ele>1069.0</ele></trkpt>
      <trkpt lat="49.175906" lon="20.260341"><ele>1069.4</ele></trkpt>
      <trkpt lat="49.175921" lon="20.260335"><ele>1069.8</ele></trkpt>
      <trkpt lat="49.175936" lon="20.260330"><ele>1070.0</ele></trkpt>
      <trkpt lat="49.175951" lon="20.260324"><ele>1070.6</ele></trkpt>
      <trkpt lat="49.175966" lon="20.260319"><ele>1071.0</ele></trkpt>
      <trkpt lat="49.175981" lon="20.260313"><ele>1071.2</ele></trkpt>
      <trkpt lat="49.175996" lon="20.260308"><ele>1071.6</ele></trkpt>
      <trkpt lat="49.176011" lon="20.260302"><ele>1072.0</ele></trkpt>
      <trkpt lat="49.176026" lon="20.260297"><ele>1072.2</ele></trkpt>
      <trkpt lat="49.176041" lon="20.260291"><ele>1072.6</ele></trkpt>
      <trkpt lat="49.176056" lon="20.260286"><ele>1072.8</ele></trkpt>
      <trkpt lat="49.176071" lon="20.260280"><ele>1073.2</ele></trkpt>
      <trkpt lat="49.176086" lon="20.260275"><ele>1073.4</ele></trkpt>
      <trkpt lat="49.176101" lon="20.260269"><ele>1073.8</ele></trkpt>
      <trkpt lat="49.176117" lon="20.260264"><ele>1074.0</ele></trkpt>
      <trkpt lat="49.176132" lon="20.260258"><ele>1074.4</ele></trkpt>
      <trkpt lat="49.176147" lon="20.260253"><ele>1074.6</ele></trkpt>
      <trkpt lat="49.176162" lon="20.260247"><ele>1075.0</ele></trkpt>
      <trkpt lat="49.176177" lon="20.260242"><ele>1075.6</ele></trkpt>
      <trkpt lat="49.176192" lon="20.260236"><ele>1076.0</ele></trkpt>
      <trkpt lat="49.176207" lon="20.260231"><ele>1076.4</ele></trkpt>
      <trkpt lat="49.176222" lon="20.260225"><ele>1076.6</ele></trkpt>
      <trkpt lat="49.176237" lon="20.260220"><ele>1077.0</ele></trkpt>
      <trkpt lat="49.176252" lon="20.260214"><ele>1077.4</ele></trkpt>
      <trkpt lat="49.176267" lon="20.260209"><ele>1077.6</ele></trkpt>
      <trkpt lat="49.176282" lon="20.260203"><ele>1077.6</ele></trkpt>
      <trkpt lat="49.176297" lon="20.260198"><ele>1077.8</ele></trkpt>
      <trkpt lat="49.176312" lon="20.260192"><ele>1077.8</ele></trkpt>
      <trkpt lat="49.176327" lon="20.260187"><ele>1078.0</ele></trkpt>
      <trkpt lat="49.176342" lon="20.260181"><ele>1078.0</ele></trkpt>
      <trkpt lat="49.176354" lon="20.260161"><ele>1078.2</ele></trkpt>
      <trkpt lat="49.176366" lon="20.260141"><ele>1078.2</ele></trkpt>
      <trkpt lat="49.176378" lon="20.260120"><ele>1078.4</ele></trkpt>
      <trkpt lat="49.176390" lon="20.260100"><ele>1078.6</ele></trkpt>
      <trkpt lat="49.176402" lon="20.260080"><ele>1078.8</ele></trkpt>
      <trkpt lat="49.176414" lon="20.260060"><ele>1079.2</ele></trkpt>
      <trkpt lat="49.176426" lon="20.260039"><ele>1079.6</ele></trkpt>
      <trkpt lat="49.176439" lon="20.260019"><ele>1079.8</ele></trkpt>
      <trkpt lat="49.176451" lon="20.259999"><ele>1080.2</ele></trkpt>
      <trkpt lat="49.176463" lon="20.259979"><ele>1080.4</ele></trkpt>
      <trkpt lat="49.176475" lon="20.259958"><ele>1080.6</ele></trkpt>
      <trkpt lat="49.176487" lon="20.259938"><ele>1080.8</ele></trkpt>
      <trkpt lat="49.176499" lon="20.259918"><ele>1081.0</ele></trkpt>
      <trkpt lat="49.176511" lon="20.259898"><ele>1081.0</ele></trkpt>
      <trkpt lat="49.176523" lon="20.259878"><ele>1081.4</ele></trkpt>
      <trkpt lat="49.176535" lon="20.259857"><ele>1081.6</ele></trkpt>
      <trkpt lat="49.176547" lon="20.259837"><ele>1081.8</ele></trkpt>
      <trkpt lat="49.176559" lon="20.259817"><ele>1082.0</ele></trkpt>
      <trkpt lat="49.176571" lon="20.259797"><ele>1082.4</ele></trkpt>
      <trkpt lat="49.176583" lon="20.259776"><ele>1082.6</ele></trkpt>
      <trkpt lat="49.176595" lon="20.259756"><ele>1083.0</ele></trkpt>
      <trkpt lat="49.176607" lon="20.259736"><ele>1083.2</ele></trkpt>
      <trkpt lat="49.176620" lon="20.259716"><ele>1083.6</ele></trkpt>
      <trkpt lat="49.176632" lon="20.259695"><ele>1083.8</ele></trkpt>
      <trkpt lat="49.176644" lon="20.259675"><ele>1084.0</ele></trkpt>
      <trkpt lat="49.176656" lon="20.259655"><ele>1084.2</ele></trkpt>
      <trkpt lat="49.176668" lon="20.259635"><ele>1084.4</ele></trkpt>
      <trkpt lat="49.176680" lon="20.259614"><ele>1084.6</ele></trkpt>
      <trkpt lat="49.176692" lon="20.259594"><ele>1085.0</ele></trkpt>
      <trkpt lat="49.176704" lon="20.259574"><ele>1085.2</ele></trkpt>
      <trkpt lat="49.176718" lon="20.259558"><ele>1085.4</ele></trkpt>
      <trkpt lat="49.176732" lon="20.259541"><ele>1085.8</ele></trkpt>
      <trkpt lat="49.176745" lon="20.259525"><ele>1086.4</ele></trkpt>
      <trkpt lat="49.176759" lon="20.259509"><ele>1086.6</ele></trkpt>
      <trkpt lat="49.176773" lon="20.259493"><ele>1086.8</ele></trkpt>
      <trkpt lat="49.176787" lon="20.259476"><ele>1086.8</ele></trkpt>
      <trkpt lat="49.176800" lon="20.259460"><ele>1087.0</ele></trkpt>
      <trkpt lat="49.176814" lon="20.259444"><ele>1087.2</ele></trkpt>
      <trkpt lat="49.176828" lon="20.259428"><ele>1087.6</ele></trkpt>
      <trkpt lat="49.176842" lon="20.259411"><ele>1088.0</ele></trkpt>
      <trkpt lat="49.176855" lon="20.259395"><ele>1088.6</ele></trkpt>
      <trkpt lat="49.176869" lon="20.259379"><ele>1089.0</ele></trkpt>
      <trkpt lat="49.176883" lon="20.259363"><ele>1089.6</ele></trkpt>
      <trkpt lat="49.176897" lon="20.259346"><ele>1090.0</ele></trkpt>
      <trkpt lat="49.176911" lon="20.259330"><ele>1090.2</ele></trkpt>
      <trkpt lat="49.176924" lon="20.259314"><ele>1090.8</ele></trkpt>
      <trkpt lat="49.176938" lon="20.259297"><ele>1091.2</ele></trkpt>
      <trkpt lat="49.176952" lon="20.259281"><ele>1091.4</ele></trkpt>
      <trkpt lat="49.176966" lon="20.259265"><ele>1091.6</ele></trkpt>
      <trkpt lat="49.176979" lon="20.259249"><ele>1092.0</ele></trkpt>
      <trkpt lat="49.176993" lon="20.259232"><ele>1092.4</ele></trkpt>
      <trkpt lat="49.177007" lon="20.259216"><ele>1092.6</ele></trkpt>
      <trkpt lat="49.177021" lon="20.259200"><ele>1093.0</ele></trkpt>
      <trkpt lat="49.177034" lon="20.259184"><ele>1093.4</ele></trkpt>
      <trkpt lat="49.177048" lon="20.259167"><ele>1093.8</ele></trkpt>
      <trkpt lat="49.177062" lon="20.259151"><ele>1094.4</ele></trkpt>
      <trkpt lat="49.177076" lon="20.259135"><ele>1094.8</ele></trkpt>
      <trkpt lat="49.177089" lon="20.259119"><ele>1095.2</ele></trkpt>
      <trkpt lat="49.177103" lon="20.259102"><ele>1095.6</ele></trkpt>
      <trkpt lat="49.177117" lon="20.259086"><ele>1096.0</ele></trkpt>
      <trkpt lat="49.177129" lon="20.259067"><ele>1096.0</ele></trkpt>
      <trkpt lat="49.177142" lon="20.259048"><ele>1096.4</ele></trkpt>
      <trkpt lat="49.177154" lon="20.259029"><ele>1096.6</ele></trkpt>
      <trkpt lat="49.177166" lon="20.259009"><ele>1096.6</ele></trkpt>
      <trkpt lat="49.177179" lon="20.258990"><ele>1096.8</ele></trkpt>
      <trkpt lat="49.177191" lon="20.258971"><ele>1097.0</ele></trkpt>
      <trkpt lat="49.177204" lon="20.258952"><ele>1097.2</ele></trkpt>
      <trkpt lat="49.177216" lon="20.258933"><ele>1097.6</ele></trkpt>
      <trkpt lat="49.177228" lon="20.258914"><ele>1097.8</ele></trkpt>
      <trkpt lat="49.177241" lon="20.258895"><ele>1098.2</ele></trkpt>
      <trkpt lat="49.177253" lon="20.258876"><ele>1098.4</ele></trkpt>
      <trkpt lat="49.177265" lon="20.258856"><ele>1098.6</ele></trkpt>
      <trkpt lat="49.177278" lon="20.258837"><ele>1098.8</ele></trkpt>
      <trkpt lat="49.177290" lon="20.258818"><ele>1099.0</ele></trkpt>
      <trkpt lat="49.177303" lon="20.258799"><ele>1099.4</ele></trkpt>
      <trkpt lat="49.177315" lon="20.258780"><ele>1099.8</ele></trkpt>
      <trkpt lat="49.177327" lon="20.258761"><ele>1100.2</ele></trkpt>
      <trkpt lat="49.177340" lon="20.258742"><ele>1100.2</ele></trkpt>
      <trkpt lat="49.177352" lon="20.258722"><ele>1100.4</ele></trkpt>
      <trkpt lat="49.177364" lon="20.258703"><ele>1100.4</ele></trkpt>
      <trkpt lat="49.177377" lon="20.258684"><ele>1100.4</ele></trkpt>
      <trkpt lat="49.177389" lon="20.258665"><ele>1100.6</ele></trkpt>
      <trkpt lat="49.177401" lon="20.258646"><ele>1100.8</ele></trkpt>
      <trkpt lat="49.177414" lon="20.258627"><ele>1101.2</ele></trkpt>
      <trkpt lat="49.177426" lon="20.258608"><ele>1101.4</ele></trkpt>
      <trkpt lat="49.177439" lon="20.258589"><ele>1101.4</ele></trkpt>
      <trkpt lat="49.177451" lon="20.258569"><ele>1101.4</ele></trkpt>
      <trkpt lat="49.177463" lon="20.258550"><ele>1101.6</ele></trkpt>
      <trkpt lat="49.177476" lon="20.258531"><ele>1101.6</ele></trkpt>
      <trkpt lat="49.177488" lon="20.258512"><ele>1101.8</ele></trkpt>
      <trkpt lat="49.177499" lon="20.258487"><ele>1102.2</ele></trkpt>
      <trkpt lat="49.177507" lon="20.258470"><ele>1102.6</ele></trkpt>
      <trkpt lat="49.177518" lon="20.258444"><ele>1103.2</ele></trkpt>
      <trkpt lat="49.177529" lon="20.258419"><ele>1103.6</ele></trkpt>
      <trkpt lat="49.177537" lon="20.258402"><ele>1103.8</ele></trkpt>
      <trkpt lat="49.177548" lon="20.258377"><ele>1104.2</ele></trkpt>
      <trkpt lat="49.177559" lon="20.258351"><ele>1104.8</ele></trkpt>
      <trkpt lat="49.177570" lon="20.258326"><ele>1105.6</ele></trkpt>
      <trkpt lat="49.177578" lon="20.258309"><ele>1106.2</ele></trkpt>
      <trkpt lat="49.177589" lon="20.258284"><ele>1106.6</ele></trkpt>
      <trkpt lat="49.177600" lon="20.258259"><ele>1106.6</ele></trkpt>
      <trkpt lat="49.177611" lon="20.258233"><ele>1107.0</ele></trkpt>
      <trkpt lat="49.177619" lon="20.258216"><ele>1107.2</ele></trkpt>
      <trkpt lat="49.177630" lon="20.258191"><ele>1107.6</ele></trkpt>
      <trkpt lat="49.177641" lon="20.258166"><ele>1108.2</ele></trkpt>
      <trkpt lat="49.177649" lon="20.258149"><ele>1108.6</ele></trkpt>
      <trkpt lat="49.177660" lon="20.258123"><ele>1109.0</ele></trkpt>
      <trkpt lat="49.177671" lon="20.258098"><ele>1109.6</ele></trkpt>
      <trkpt lat="49.177682" lon="20.258073"><ele>1110.2</ele></trkpt>
      <trkpt lat="49.177690" lon="20.258056"><ele>1110.4</ele></trkpt>
      <trkpt lat="49.177701" lon="20.258030"><ele>1110.4</ele></trkpt>
      <trkpt lat="49.177712" lon="20.258005"><ele>1110.8</ele></trkpt>
      <trkpt lat="49.177721" lon="20.257986"><ele>1111.0</ele></trkpt>
      <trkpt lat="49.177729" lon="20.257967"><ele>1111.2</ele></trkpt>
      <trkpt lat="49.177738" lon="20.257949"><ele>1111.6</ele></trkpt>
      <trkpt lat="49.177747" lon="20.257930"><ele>1111.8</ele></trkpt>
      <trkpt lat="49.177755" lon="20.257911"><ele>1112.0</ele></trkpt>
      <trkpt lat="49.177764" lon="20.257892"><ele>1112.2</ele></trkpt>
      <trkpt lat="49.177772" lon="20.257873"><ele>1112.6</ele></trkpt>
      <trkpt lat="49.177781" lon="20.257854"><ele>1113.0</ele></trkpt>
      <trkpt lat="49.177790" lon="20.257836"><ele>1113.2</ele></trkpt>
      <trkpt lat="49.177798" lon="20.257817"><ele>1113.6</ele></trkpt>
      <trkpt lat="49.177807" lon="20.257798"><ele>1114.0</ele></trkpt>
      <trkpt lat="49.177816" lon="20.257779"><ele>1114.4</ele></trkpt>
      <trkpt lat="49.177824" lon="20.257760"><ele>1114.8</ele></trkpt>
      <trkpt lat="49.177833" lon="20.257741"><ele>1115.2</ele></trkpt>
      <trkpt lat="49.177842" lon="20.257723"><ele>1115.6</ele></trkpt>
      <trkpt lat="49.177850" lon="20.257704"><ele>1116.0</ele></trkpt>
      <trkpt lat="49.177859" lon="20.257685"><ele>1116.4</ele></trkpt>
      <trkpt lat="49.177867" lon="20.257666"><ele>1116.6</ele></trkpt>
      <trkpt lat="49.177876" lon="20.257647"><ele>1117.0</ele></trkpt>
      <trkpt lat="49.177885" lon="20.257628"><ele>1117.4</ele></trkpt>
      <trkpt lat="49.177893" lon="20.257610"><ele>1117.6</ele></trkpt>
      <trkpt lat="49.177902" lon="20.257591"><ele>1118.0</ele></trkpt>
      <trkpt lat="49.177911" lon="20.257572"><ele>1118.4</ele></trkpt>
      <trkpt lat="49.177919" lon="20.257553"><ele>1118.6</ele></trkpt>
      <trkpt lat="49.177928" lon="20.257534"><ele>1118.8</ele></trkpt>
      <trkpt lat="49.177936" lon="20.257515"><ele>1119.2</ele></trkpt>
      <trkpt lat="49.177945" lon="20.257497"><ele>1119.6</ele></trkpt>
      <trkpt lat="49.177954" lon="20.257478"><ele>1120.2</ele></trkpt>
      <trkpt lat="49.177962" lon="20.257459"><ele>1120.8</ele></trkpt>
      <trkpt lat="49.177971" lon="20.257440"><ele>1121.2</ele></trkpt>
      <trkpt lat="49.177985" lon="20.257420"><ele>1121.8</ele></trkpt>
      <trkpt lat="49.178000" lon="20.257400"><ele>1122.4</ele></trkpt>
      <trkpt lat="49.178014" lon="20.257380"><ele>1123.2</ele></trkpt>
      <trkpt lat="49.178029" lon="20.257360"><ele>1123.8</ele></trkpt>
      <trkpt lat="49.178043" lon="20.257340"><ele>1124.4</ele></trkpt>
      <trkpt lat="49.178053" lon="20.257326"><ele>1125.2</ele></trkpt>
      <trkpt lat="49.178068" lon="20.257306"><ele>1126.2</ele></trkpt>
      <trkpt lat="49.178082" lon="20.257286"><ele>1127.4</ele></trkpt>
      <trkpt lat="49.178097" lon="20.257266"><ele>1128.6</ele></trkpt>
      <trkpt lat="49.178111" lon="20.257246"><ele>1130.2</ele></trkpt>
      <trkpt lat="49.178126" lon="20.257226"><ele>1131.4</ele></trkpt>
      <trkpt lat="49.178140" lon="20.257206"><ele>1132.8</ele></trkpt>
      <trkpt lat="49.178155" lon="20.257186"><ele>1134.0</ele></trkpt>
      <trkpt lat="49.178169" lon="20.257166"><ele>1134.6</ele></trkpt>
      <trkpt lat="49.178184" lon="20.257146"><ele>1135.0</ele></trkpt>
      <trkpt lat="49.178198" lon="20.257126"><ele>1135.2</ele></trkpt>
      <trkpt lat="49.178213" lon="20.257106"><ele>1135.2</ele></trkpt>
      <trkpt lat="49.178227" lon="20.257086"><ele>1135.6</ele></trkpt>
      <trkpt lat="49.178242" lon="20.257066"><ele>1136.0</ele></trkpt>
      <trkpt lat="49.178256" lon="20.257046"><ele>1136.6</ele></trkpt>
      <trkpt lat="49.178266" lon="20.257030"><ele>1137.2</ele></trkpt>
      <trkpt lat="49.178277" lon="20.257014"><ele>1137.8</ele></trkpt>
      <trkpt lat="49.178287" lon="20.256998"><ele>1138.2</ele></trkpt>
      <trkpt lat="49.178297" lon="20.256982"><ele>1138.6</ele></trkpt>
      <trkpt lat="49.178308" lon="20.256966"><ele>1139.0</ele></trkpt>
      <trkpt lat="49.178318" lon="20.256950"><ele>1139.2</ele></trkpt>
      <trkpt lat="49.178328" lon="20.256934"><ele>1139.4</ele></trkpt>
      <trkpt lat="49.178339" lon="20.256918"><ele>1139.6</ele></trkpt>
      <trkpt lat="49.178349" lon="20.256902"><ele>1140.0</ele></trkpt>
      <trkpt lat="49.178359" lon="20.256886"><ele>1140.4</ele></trkpt>
      <trkpt lat="49.178370" lon="20.256870"><ele>1141.0</ele></trkpt>
      <trkpt lat="49.178380" lon="20.256854"><ele>1141.6</ele></trkpt>
      <trkpt lat="49.178390" lon="20.256838"><ele>1142.2</ele></trkpt>
      <trkpt lat="49.178401" lon="20.256822"><ele>1142.8</ele></trkpt>
      <trkpt lat="49.178411" lon="20.256806"><ele>1143.4</ele></trkpt>
      <trkpt lat="49.178421" lon="20.256790"><ele>1144.0</ele></trkpt>
      <trkpt lat="49.178432" lon="20.256774"><ele>1144.6</ele></trkpt>
      <trkpt lat="49.178442" lon="20.256758"><ele>1145.2</ele></trkpt>
      <trkpt lat="49.178452" lon="20.256742"><ele>1146.0</ele></trkpt>
      <trkpt lat="49.178463" lon="20.256726"><ele>1146.6</ele></trkpt>
      <trkpt lat="49.178473" lon="20.256710"><ele>1147.2</ele></trkpt>
      <trkpt lat="49.178483" lon="20.256694"><ele>1147.4</ele></trkpt>
      <trkpt lat="49.178494" lon="20.256678"><ele>1147.6</ele></trkpt>
      <trkpt lat="49.178504" lon="20.256662"><ele>1147.8</ele></trkpt>
      <trkpt lat="49.178514" lon="20.256646"><ele>1148.0</ele></trkpt>
      <trkpt lat="49.178525" lon="20.256630"><ele>1148.4</ele></trkpt>
      <trkpt lat="49.178535" lon="20.256614"><ele>1148.8</ele></trkpt>
      <trkpt lat="49.178545" lon="20.256598"><ele>1149.2</ele></trkpt>
      <trkpt lat="49.178556" lon="20.256582"><ele>1149.8</ele></trkpt>
      <trkpt lat="49.178566" lon="20.256566"><ele>1150.0</ele></trkpt>
      <trkpt lat="49.178569" lon="20.256543"><ele>1151.4</ele></trkpt>
      <trkpt lat="49.178572" lon="20.256519"><ele>1153.0</ele></trkpt>
      <trkpt lat="49.178576" lon="20.256496"><ele>1154.6</ele></trkpt>
      <trkpt lat="49.178579" lon="20.256472"><ele>1156.2</ele></trkpt>
      <trkpt lat="49.178582" lon="20.256449"><ele>1156.8</ele></trkpt>
      <trkpt lat="49.178585" lon="20.256426"><ele>1158.0</ele></trkpt>
      <trkpt lat="49.178588" lon="20.256402"><ele>1158.4</ele></trkpt>
      <trkpt lat="49.178592" lon="20.256379"><ele>1158.2</ele></trkpt>
      <trkpt lat="49.178595" lon="20.256355"><ele>1158.6</ele></trkpt>
      <trkpt lat="49.178598" lon="20.256332"><ele>1159.4</ele></trkpt>
      <trkpt lat="49.178601" lon="20.256309"><ele>1158.8</ele></trkpt>
      <trkpt lat="49.178604" lon="20.256285"><ele>1158.8</ele></trkpt>
      <trkpt lat="49.178608" lon="20.256262"><ele>1158.8</ele></trkpt>
      <trkpt lat="49.178611" lon="20.256238"><ele>1158.8</ele></trkpt>
      <trkpt lat="49.178614" lon="20.256215"><ele>1158.6</ele></trkpt>
      <trkpt lat="49.178617" lon="20.256192"><ele>1157.0</ele></trkpt>
      <trkpt lat="49.178620" lon="20.256168"><ele>1158.2</ele></trkpt>
      <trkpt lat="49.178624" lon="20.256145"><ele>1158.8</ele></trkpt>
      <trkpt lat="49.178627" lon="20.256121"><ele>1158.0</ele></trkpt>
      <trkpt lat="49.178630" lon="20.256098"><ele>1158.2</ele></trkpt>
      <trkpt lat="49.178638" lon="20.256073"><ele>1158.4</ele></trkpt>
      <trkpt lat="49.178646" lon="20.256049"><ele>1158.2</ele></trkpt>
      <trkpt lat="49.178652" lon="20.256030"><ele>1157.8</ele></trkpt>
      <trkpt lat="49.178660" lon="20.256006"><ele>1158.2</ele></trkpt>
      <trkpt lat="49.178666" lon="20.255987"><ele>1158.4</ele></trkpt>
      <trkpt lat="49.178674" lon="20.255962"><ele>1158.4</ele></trkpt>
      <trkpt lat="49.178682" lon="20.255938"><ele>1158.4</ele></trkpt>
      <trkpt lat="49.178688" lon="20.255919"><ele>1158.2</ele></trkpt>
      <trkpt lat="49.178695" lon="20.255895"><ele>1158.2</ele></trkpt>
      <trkpt lat="49.178701" lon="20.255876"><ele>1158.8</ele></trkpt>
      <trkpt lat="49.178709" lon="20.255851"><ele>1159.2</ele></trkpt>
      <trkpt lat="49.178717" lon="20.255827"><ele>1159.6</ele></trkpt>
      <trkpt lat="49.178723" lon="20.255808"><ele>1159.8</ele></trkpt>
      <trkpt lat="49.178731" lon="20.255784"><ele>1160.2</ele></trkpt>
      <trkpt lat="49.178737" lon="20.255765"><ele>1160.4</ele></trkpt>
      <trkpt lat="49.178745" lon="20.255740"><ele>1160.8</ele></trkpt>
      <trkpt lat="49.178754" lon="20.255719"><ele>1161.2</ele></trkpt>
      <trkpt lat="49.178764" lon="20.255702"><ele>1161.4</ele></trkpt>
      <trkpt lat="49.178774" lon="20.255685"><ele>1161.4</ele></trkpt>
      <trkpt lat="49.178784" lon="20.255668"><ele>1161.4</ele></trkpt>
      <trkpt lat="49.178794" lon="20.255650"><ele>1161.6</ele></trkpt>
      <trkpt lat="49.178803" lon="20.255633"><ele>1161.8</ele></trkpt>
      <trkpt lat="49.178813" lon="20.255616"><ele>1162.0</ele></trkpt>
      <trkpt lat="49.178823" lon="20.255599"><ele>1162.0</ele></trkpt>
      <trkpt lat="49.178833" lon="20.255581"><ele>1162.0</ele></trkpt>
      <trkpt lat="49.178843" lon="20.255564"><ele>1162.2</ele></trkpt>
      <trkpt lat="49.178853" lon="20.255547"><ele>1162.6</ele></trkpt>
      <trkpt lat="49.178863" lon="20.255529"><ele>1163.4</ele></trkpt>
      <trkpt lat="49.178873" lon="20.255512"><ele>1164.2</ele></trkpt>
      <trkpt lat="49.178883" lon="20.255495"><ele>1165.4</ele></trkpt>
      <trkpt lat="49.178893" lon="20.255478"><ele>1166.4</ele></trkpt>
      <trkpt lat="49.178902" lon="20.255460"><ele>1167.2</ele></trkpt>
      <trkpt lat="49.178912" lon="20.255443"><ele>1168.2</ele></trkpt>
      <trkpt lat="49.178922" lon="20.255426"><ele>1168.6</ele></trkpt>
      <trkpt lat="49.178932" lon="20.255409"><ele>1168.8</ele></trkpt>
      <trkpt lat="49.178942" lon="20.255391"><ele>1168.2</ele></trkpt>
      <trkpt lat="49.178952" lon="20.255374"><ele>1167.8</ele></trkpt>
      <trkpt lat="49.178962" lon="20.255357"><ele>1167.6</ele></trkpt>
      <trkpt lat="49.178972" lon="20.255340"><ele>1167.8</ele></trkpt>
      <trkpt lat="49.178982" lon="20.255322"><ele>1167.8</ele></trkpt>
      <trkpt lat="49.178992" lon="20.255305"><ele>1168.0</ele></trkpt>
      <trkpt lat="49.179001" lon="20.255288"><ele>1167.4</ele></trkpt>
      <trkpt lat="49.179011" lon="20.255270"><ele>1167.2</ele></trkpt>
      <trkpt lat="49.179021" lon="20.255253"><ele>1167.6</ele></trkpt>
      <trkpt lat="49.179031" lon="20.255236"><ele>1168.0</ele></trkpt>
      <trkpt lat="49.179041" lon="20.255219"><ele>1168.2</ele></trkpt>
      <trkpt lat="49.179054" lon="20.255202"><ele>1168.6</ele></trkpt>
      <trkpt lat="49.179069" lon="20.255187"><ele>1169.4</ele></trkpt>
      <trkpt lat="49.179084" lon="20.255172"><ele>1169.8</ele></trkpt>
      <trkpt lat="49.179099" lon="20.255157"><ele>1170.4</ele></trkpt>
      <trkpt lat="49.179114" lon="20.255142"><ele>1170.8</ele></trkpt>
      <trkpt lat="49.179129" lon="20.255127"><ele>1171.0</ele></trkpt>
      <trkpt lat="49.179144" lon="20.255111"><ele>1171.2</ele></trkpt>
      <trkpt lat="49.179159" lon="20.255096"><ele>1171.4</ele></trkpt>
      <trkpt lat="49.179174" lon="20.255081"><ele>1171.8</ele></trkpt>
      <trkpt lat="49.179189" lon="20.255066"><ele>1172.2</ele></trkpt>
      <trkpt lat="49.179204" lon="20.255051"><ele>1172.8</ele></trkpt>
      <trkpt lat="49.179219" lon="20.255036"><ele>1173.2</ele></trkpt>
      <trkpt lat="49.179234" lon="20.255020"><ele>1173.6</ele></trkpt>
      <trkpt lat="49.179249" lon="20.255005"><ele>1174.2</ele></trkpt>
      <trkpt lat="49.179264" lon="20.254990"><ele>1175.0</ele></trkpt>
      <trkpt lat="49.179280" lon="20.254975"><ele>1175.4</ele></trkpt>
      <trkpt lat="49.179295" lon="20.254960"><ele>1175.8</ele></trkpt>
      <trkpt lat="49.179310" lon="20.254945"><ele>1176.0</ele></trkpt>
      <trkpt lat="49.179325" lon="20.254929"><ele>1175.8</ele></trkpt>
      <trkpt lat="49.179340" lon="20.254914"><ele>1176.0</ele></trkpt>
      <trkpt lat="49.179355" lon="20.254899"><ele>1176.2</ele></trkpt>
      <trkpt lat="49.179370" lon="20.254884"><ele>1176.6</ele></trkpt>
      <trkpt lat="49.179385" lon="20.254869"><ele>1177.0</ele></trkpt>
      <trkpt lat="49.179400" lon="20.254854"><ele>1177.4</ele></trkpt>
      <trkpt lat="49.179415" lon="20.254838"><ele>1177.6</ele></trkpt>
      <trkpt lat="49.179430" lon="20.254823"><ele>1178.0</ele></trkpt>
      <trkpt lat="49.179445" lon="20.254808"><ele>1178.4</ele></trkpt>
      <trkpt lat="49.179460" lon="20.254793"><ele>1178.8</ele></trkpt>
      <trkpt lat="49.179475" lon="20.254778"><ele>1179.0</ele></trkpt>
      <trkpt lat="49.179490" lon="20.254763"><ele>1178.4</ele></trkpt>
      <trkpt lat="49.179503" lon="20.254748"><ele>1178.4</ele></trkpt>
      <trkpt lat="49.179513" lon="20.254734"><ele>1178.2</ele></trkpt>
      <trkpt lat="49.179523" lon="20.254720"><ele>1178.8</ele></trkpt>
      <trkpt lat="49.179537" lon="20.254699"><ele>1179.0</ele></trkpt>
      <trkpt lat="49.179547" lon="20.254685"><ele>1178.8</ele></trkpt>
      <trkpt lat="49.179557" lon="20.254671"><ele>1178.8</ele></trkpt>
      <trkpt lat="49.179567" lon="20.254657"><ele>1179.0</ele></trkpt>
      <trkpt lat="49.179581" lon="20.254635"><ele>1179.2</ele></trkpt>
      <trkpt lat="49.179591" lon="20.254621"><ele>1179.4</ele></trkpt>
      <trkpt lat="49.179601" lon="20.254607"><ele>1179.8</ele></trkpt>
      <trkpt lat="49.179611" lon="20.254593"><ele>1180.0</ele></trkpt>
      <trkpt lat="49.179621" lon="20.254579"><ele>1180.4</ele></trkpt>
      <trkpt lat="49.179635" lon="20.254558"><ele>1180.8</ele></trkpt>
      <trkpt lat="49.179645" lon="20.254544"><ele>1181.2</ele></trkpt>
      <trkpt lat="49.179655" lon="20.254530"><ele>1181.6</ele></trkpt>
      <trkpt lat="49.179665" lon="20.254516"><ele>1182.0</ele></trkpt>
      <trkpt lat="49.179679" lon="20.254495"><ele>1182.6</ele></trkpt>
      <trkpt lat="49.179689" lon="20.254481"><ele>1182.8</ele></trkpt>
      <trkpt lat="49.179699" lon="20.254467"><ele>1183.0</ele></trkpt>
      <trkpt lat="49.179709" lon="20.254453"><ele>1183.6</ele></trkpt>
      <trkpt lat="49.179719" lon="20.254439"><ele>1183.8</ele></trkpt>
      <trkpt lat="49.179733" lon="20.254417"><ele>1184.2</ele></trkpt>
      <trkpt lat="49.179743" lon="20.254403"><ele>1184.4</ele></trkpt>
      <trkpt lat="49.179753" lon="20.254389"><ele>1184.6</ele></trkpt>
      <trkpt lat="49.179763" lon="20.254375"><ele>1184.8</ele></trkpt>
      <trkpt lat="49.179777" lon="20.254354"><ele>1185.2</ele></trkpt>
      <trkpt lat="49.179787" lon="20.254340"><ele>1185.6</ele></trkpt>
      <trkpt lat="49.179797" lon="20.254325"><ele>1185.8</ele></trkpt>
      <trkpt lat="49.179807" lon="20.254308"><ele>1185.8</ele></trkpt>
      <trkpt lat="49.179818" lon="20.254292"><ele>1186.2</ele></trkpt>
      <trkpt lat="49.179828" lon="20.254275"><ele>1186.4</ele></trkpt>
      <trkpt lat="49.179838" lon="20.254258"><ele>1186.8</ele></trkpt>
      <trkpt lat="49.179848" lon="20.254242"><ele>1187.4</ele></trkpt>
      <trkpt lat="49.179859" lon="20.254225"><ele>1187.8</ele></trkpt>
      <trkpt lat="49.179869" lon="20.254209"><ele>1188.2</ele></trkpt>
      <trkpt lat="49.179879" lon="20.254192"><ele>1188.4</ele></trkpt>
      <trkpt lat="49.179889" lon="20.254175"><ele>1188.8</ele></trkpt>
      <trkpt lat="49.179899" lon="20.254159"><ele>1189.2</ele></trkpt>
      <trkpt lat="49.179910" lon="20.254142"><ele>1189.2</ele></trkpt>
      <trkpt lat="49.179920" lon="20.254126"><ele>1189.8</ele></trkpt>
      <trkpt lat="49.179930" lon="20.254109"><ele>1190.0</ele></trkpt>
      <trkpt lat="49.179940" lon="20.254092"><ele>1189.8</ele></trkpt>
      <trkpt lat="49.179951" lon="20.254076"><ele>1189.8</ele></trkpt>
      <trkpt lat="49.179961" lon="20.254059"><ele>1190.0</ele></trkpt>
      <trkpt lat="49.179971" lon="20.254043"><ele>1190.0</ele></trkpt>
      <trkpt lat="49.179981" lon="20.254026"><ele>1190.0</ele></trkpt>
      <trkpt lat="49.179992" lon="20.254009"><ele>1190.4</ele></trkpt>
      <trkpt lat="49.180002" lon="20.253993"><ele>1191.0</ele></trkpt>
      <trkpt lat="49.180012" lon="20.253976"><ele>1191.0</ele></trkpt>
      <trkpt lat="49.180022" lon="20.253960"><ele>1190.6</ele></trkpt>
      <trkpt lat="49.180032" lon="20.253943"><ele>1190.8</ele></trkpt>
      <trkpt lat="49.180043" lon="20.253926"><ele>1190.8</ele></trkpt>
      <trkpt lat="49.180053" lon="20.253910"><ele>1191.0</ele></trkpt>
      <trkpt lat="49.180063" lon="20.253893"><ele>1191.6</ele></trkpt>
      <trkpt lat="49.180073" lon="20.253877"><ele>1192.0</ele></trkpt>
      <trkpt lat="49.180084" lon="20.253860"><ele>1192.4</ele></trkpt>
      <trkpt lat="49.180094" lon="20.253843"><ele>1192.8</ele></trkpt>
      <trkpt lat="49.180100" lon="20.253820"><ele>1193.2</ele></trkpt>
      <trkpt lat="49.180101" lon="20.253790"><ele>1193.4</ele></trkpt>
      <trkpt lat="49.180103" lon="20.253760"><ele>1193.8</ele></trkpt>
      <trkpt lat="49.180104" lon="20.253730"><ele>1194.2</ele></trkpt>
      <trkpt lat="49.180105" lon="20.253701"><ele>1194.6</ele></trkpt>
      <trkpt lat="49.180107" lon="20.253671"><ele>1195.0</ele></trkpt>
      <trkpt lat="49.180108" lon="20.253641"><ele>1195.2</ele></trkpt>
      <trkpt lat="49.180110" lon="20.253611"><ele>1195.6</ele></trkpt>
      <trkpt lat="49.180111" lon="20.253581"><ele>1196.0</ele></trkpt>
      <trkpt lat="49.180112" lon="20.253551"><ele>1196.6</ele></trkpt>
      <trkpt lat="49.180114" lon="20.253521"><ele>1196.8</ele></trkpt>
      <trkpt lat="49.180115" lon="20.253492"><ele>1197.2</ele></trkpt>
      <trkpt lat="49.180117" lon="20.253462"><ele>1197.6</ele></trkpt>
      <trkpt lat="49.180118" lon="20.253432"><ele>1198.0</ele></trkpt>
      <trkpt lat="49.180119" lon="20.253402"><ele>1198.4</ele></trkpt>
      <trkpt lat="49.180121" lon="20.253372"><ele>1198.6</ele></trkpt>
      <trkpt lat="49.180122" lon="20.253342"><ele>1198.6</ele></trkpt>
      <trkpt lat="49.180124" lon="20.253312"><ele>1198.6</ele></trkpt>
      <trkpt lat="49.180125" lon="20.253282"><ele>1198.6</ele></trkpt>
      <trkpt lat="49.180126" lon="20.253253"><ele>1199.0</ele></trkpt>
      <trkpt lat="49.180128" lon="20.253223"><ele>1199.2</ele></trkpt>
      <trkpt lat="49.180129" lon="20.253193"><ele>1199.4</ele></trkpt>
      <trkpt lat="49.180131" lon="20.253163"><ele>1199.6</ele></trkpt>
      <trkpt lat="49.180132" lon="20.253133"><ele>1199.4</ele></trkpt>
      <trkpt lat="49.180133" lon="20.253103"><ele>1200.0</ele></trkpt>
      <trkpt lat="49.180135" lon="20.253073"><ele>1200.4</ele></trkpt>
      <trkpt lat="49.180136" lon="20.253044"><ele>1200.4</ele></trkpt>
      <trkpt lat="49.180138" lon="20.253014"><ele>1200.6</ele></trkpt>
      <trkpt lat="49.180139" lon="20.252984"><ele>1201.0</ele></trkpt>
      <trkpt lat="49.180140" lon="20.252954"><ele>1201.2</ele></trkpt>
      <trkpt lat="49.180144" lon="20.252927"><ele>1201.4</ele></trkpt>
      <trkpt lat="49.180151" lon="20.252904"><ele>1201.8</ele></trkpt>
      <trkpt lat="49.180157" lon="20.252880"><ele>1202.2</ele></trkpt>
      <trkpt lat="49.180163" lon="20.252857"><ele>1202.8</ele></trkpt>
      <trkpt lat="49.180170" lon="20.252833"><ele>1203.4</ele></trkpt>
      <trkpt lat="49.180176" lon="20.252810"><ele>1204.0</ele></trkpt>
      <trkpt lat="49.180183" lon="20.252786"><ele>1204.4</ele></trkpt>
      <trkpt lat="49.180189" lon="20.252763"><ele>1204.6</ele></trkpt>
      <trkpt lat="49.180195" lon="20.252739"><ele>1205.0</ele></trkpt>
      <trkpt lat="49.180202" lon="20.252716"><ele>1205.2</ele></trkpt>
      <trkpt lat="49.180208" lon="20.252692"><ele>1205.6</ele></trkpt>
      <trkpt lat="49.180215" lon="20.252669"><ele>1206.2</ele></trkpt>
      <trkpt lat="49.180221" lon="20.252645"><ele>1206.4</ele></trkpt>
      <trkpt lat="49.180227" lon="20.252622"><ele>1207.0</ele></trkpt>
      <trkpt lat="49.180234" lon="20.252598"><ele>1207.6</ele></trkpt>
      <trkpt lat="49.180240" lon="20.252575"><ele>1207.6</ele></trkpt>
      <trkpt lat="49.180247" lon="20.252551"><ele>1207.6</ele></trkpt>
      <trkpt lat="49.180253" lon="20.252528"><ele>1207.4</ele></trkpt>
      <trkpt lat="49.180260" lon="20.252504"><ele>1207.4</ele></trkpt>
      <trkpt lat="49.180266" lon="20.252481"><ele>1207.4</ele></trkpt>
      <trkpt lat="49.180272" lon="20.252457"><ele>1207.4</ele></trkpt>
      <trkpt lat="49.180279" lon="20.252434"><ele>1207.4</ele></trkpt>
      <trkpt lat="49.180285" lon="20.252410"><ele>1207.6</ele></trkpt>
      <trkpt lat="49.180292" lon="20.252387"><ele>1208.0</ele></trkpt>
      <trkpt lat="49.180298" lon="20.252363"><ele>1208.4</ele></trkpt>
      <trkpt lat="49.180304" lon="20.252340"><ele>1209.0</ele></trkpt>
      <trkpt lat="49.180311" lon="20.252316"><ele>1209.6</ele></trkpt>
      <trkpt lat="49.180317" lon="20.252293"><ele>1210.0</ele></trkpt>
      <trkpt lat="49.180324" lon="20.252269"><ele>1209.8</ele></trkpt>
      <trkpt lat="49.180330" lon="20.252246"><ele>1210.0</ele></trkpt>
      <trkpt lat="49.180341" lon="20.252227"><ele>1210.4</ele></trkpt>
      <trkpt lat="49.180353" lon="20.252208"><ele>1210.8</ele></trkpt>
      <trkpt lat="49.180364" lon="20.252189"><ele>1212.0</ele></trkpt>
      <trkpt lat="49.180375" lon="20.252170"><ele>1212.8</ele></trkpt>
      <trkpt lat="49.180387" lon="20.252151"><ele>1213.4</ele></trkpt>
      <trkpt lat="49.180398" lon="20.252132"><ele>1214.2</ele></trkpt>
      <trkpt lat="49.180409" lon="20.252113"><ele>1214.6</ele></trkpt>
      <trkpt lat="49.180421" lon="20.252094"><ele>1215.4</ele></trkpt>
      <trkpt lat="49.180432" lon="20.252075"><ele>1216.4</ele></trkpt>
      <trkpt lat="49.180444" lon="20.252057"><ele>1217.0</ele></trkpt>
      <trkpt lat="49.180455" lon="20.252038"><ele>1217.4</ele></trkpt>
      <trkpt lat="49.180466" lon="20.252019"><ele>1217.8</ele></trkpt>
      <trkpt lat="49.180478" lon="20.252000"><ele>1218.0</ele></trkpt>
      <trkpt lat="49.180489" lon="20.251981"><ele>1218.0</ele></trkpt>
      <trkpt lat="49.180500" lon="20.251962"><ele>1217.8</ele></trkpt>
      <trkpt lat="49.180512" lon="20.251943"><ele>1218.0</ele></trkpt>
      <trkpt lat="49.180523" lon="20.251924"><ele>1218.4</ele></trkpt>
      <trkpt lat="49.180534" lon="20.251905"><ele>1219.0</ele></trkpt>
      <trkpt lat="49.180546" lon="20.251886"><ele>1218.8</ele></trkpt>
      <trkpt lat="49.180557" lon="20.251867"><ele>1218.4</ele></trkpt>
      <trkpt lat="49.180574" lon="20.251864"><ele>1218.6</ele></trkpt>
      <trkpt lat="49.180590" lon="20.251861"><ele>1219.2</ele></trkpt>
      <trkpt lat="49.180607" lon="20.251859"><ele>1219.8</ele></trkpt>
      <trkpt lat="49.180624" lon="20.251856"><ele>1220.4</ele></trkpt>
      <trkpt lat="49.180640" lon="20.251853"><ele>1221.0</ele></trkpt>
      <trkpt lat="49.180657" lon="20.251850"><ele>1222.0</ele></trkpt>
      <trkpt lat="49.180674" lon="20.251847"><ele>1222.6</ele></trkpt>
      <trkpt lat="49.180690" lon="20.251845"><ele>1223.0</ele></trkpt>
      <trkpt lat="49.180707" lon="20.251842"><ele>1223.4</ele></trkpt>
      <trkpt lat="49.180724" lon="20.251839"><ele>1223.4</ele></trkpt>
      <trkpt lat="49.180740" lon="20.251836"><ele>1224.0</ele></trkpt>
      <trkpt lat="49.180757" lon="20.251833"><ele>1224.6</ele></trkpt>
      <trkpt lat="49.180773" lon="20.251831"><ele>1224.2</ele></trkpt>
      <trkpt lat="49.180790" lon="20.251828"><ele>1224.4</ele></trkpt>
      <trkpt lat="49.180807" lon="20.251825"><ele>1224.6</ele></trkpt>
      <trkpt lat="49.180823" lon="20.251822"><ele>1225.6</ele></trkpt>
      <trkpt lat="49.180840" lon="20.251819"><ele>1226.2</ele></trkpt>
      <trkpt lat="49.180857" lon="20.251817"><ele>1226.4</ele></trkpt>
      <trkpt lat="49.180873" lon="20.251814"><ele>1226.4</ele></trkpt>
      <trkpt lat="49.180890" lon="20.251811"><ele>1226.6</ele></trkpt>
      <trkpt lat="49.180899" lon="20.251789"><ele>1227.0</ele></trkpt>
      <trkpt lat="49.180909" lon="20.251767"><ele>1227.4</ele></trkpt>
      <trkpt lat="49.180918" lon="20.251745"><ele>1227.8</ele></trkpt>
      <trkpt lat="49.180928" lon="20.251722"><ele>1228.2</ele></trkpt>
      <trkpt lat="49.180937" lon="20.251700"><ele>1228.6</ele></trkpt>
      <trkpt lat="49.180946" lon="20.251678"><ele>1229.0</ele></trkpt>
      <trkpt lat="49.180956" lon="20.251656"><ele>1228.8</ele></trkpt>
      <trkpt lat="49.180965" lon="20.251634"><ele>1229.0</ele></trkpt>
      <trkpt lat="49.180975" lon="20.251612"><ele>1229.4</ele></trkpt>
      <trkpt lat="49.180984" lon="20.251590"><ele>1230.0</ele></trkpt>
      <trkpt lat="49.180993" lon="20.251567"><ele>1230.4</ele></trkpt>
      <trkpt lat="49.181003" lon="20.251545"><ele>1230.6</ele></trkpt>
      <trkpt lat="49.181012" lon="20.251523"><ele>1231.2</ele></trkpt>
      <trkpt lat="49.181022" lon="20.251501"><ele>1231.8</ele></trkpt>
      <trkpt lat="49.181031" lon="20.251479"><ele>1232.0</ele></trkpt>
      <trkpt lat="49.181040" lon="20.251457"><ele>1232.0</ele></trkpt>
      <trkpt lat="49.181050" lon="20.251434"><ele>1232.0</ele></trkpt>
      <trkpt lat="49.181059" lon="20.251412"><ele>1232.2</ele></trkpt>
      <trkpt lat="49.181069" lon="20.251390"><ele>1232.8</ele></trkpt>
      <trkpt lat="49.181078" lon="20.251368"><ele>1232.8</ele></trkpt>
      <trkpt lat="49.181083" lon="20.251341"><ele>1233.0</ele></trkpt>
      <trkpt lat="49.181088" lon="20.251314"><ele>1233.2</ele></trkpt>
      <trkpt lat="49.181093" lon="20.251286"><ele>1233.2</ele></trkpt>
      <trkpt lat="49.181098" lon="20.251259"><ele>1233.4</ele></trkpt>
      <trkpt lat="49.181103" lon="20.251232"><ele>1233.6</ele></trkpt>
      <trkpt lat="49.181108" lon="20.251205"><ele>1233.8</ele></trkpt>
      <trkpt lat="49.181113" lon="20.251178"><ele>1233.8</ele></trkpt>
      <trkpt lat="49.181118" lon="20.251150"><ele>1234.0</ele></trkpt>
      <trkpt lat="49.181123" lon="20.251123"><ele>1234.4</ele></trkpt>
      <trkpt lat="49.181128" lon="20.251096"><ele>1234.6</ele></trkpt>
      <trkpt lat="49.181133" lon="20.251069"><ele>1235.0</ele></trkpt>
      <trkpt lat="49.181138" lon="20.251042"><ele>1235.2</ele></trkpt>
      <trkpt lat="49.181143" lon="20.251014"><ele>1236.0</ele></trkpt>
      <trkpt lat="49.181148" lon="20.250987"><ele>1236.0</ele></trkpt>
      <trkpt lat="49.181153" lon="20.250960"><ele>1237.0</ele></trkpt>
      <trkpt lat="49.181158" lon="20.250933"><ele>1237.8</ele></trkpt>
      <trkpt lat="49.181163" lon="20.250906"><ele>1238.6</ele></trkpt>
      <trkpt lat="49.181168" lon="20.250878"><ele>1239.4</ele></trkpt>
      <trkpt lat="49.181173" lon="20.250851"><ele>1240.0</ele></trkpt>
      <trkpt lat="49.181178" lon="20.250824"><ele>1240.4</ele></trkpt>
      <trkpt lat="49.181164" lon="20.250835"><ele>1240.6</ele></trkpt>
      <trkpt lat="49.181150" lon="20.250845"><ele>1241.0</ele></trkpt>
      <trkpt lat="49.181136" lon="20.250856"><ele>1241.8</ele></trkpt>
      <trkpt lat="49.181122" lon="20.250866"><ele>1242.0</ele></trkpt>
      <trkpt lat="49.181108" lon="20.250877"><ele>1241.4</ele></trkpt>
      <trkpt lat="49.181094" lon="20.250887"><ele>1241.2</ele></trkpt>
      <trkpt lat="49.181102" lon="20.250863"><ele>1240.8</ele></trkpt>
      <trkpt lat="49.181113" lon="20.250844"><ele>1240.6</ele></trkpt>
      <trkpt lat="49.181123" lon="20.250825"><ele>1240.4</ele></trkpt>
      <trkpt lat="49.181134" lon="20.250806"><ele>1240.2</ele></trkpt>
      <trkpt lat="49.181144" lon="20.250787"><ele>1240.0</ele></trkpt>
      <trkpt lat="49.181154" lon="20.250768"><ele>1240.2</ele></trkpt>
      <trkpt lat="49.181165" lon="20.250749"><ele>1240.2</ele></trkpt>
      <trkpt lat="49.181175" lon="20.250731"><ele>1241.0</ele></trkpt>
      <trkpt lat="49.181186" lon="20.250712"><ele>1240.8</ele></trkpt>
      <trkpt lat="49.181196" lon="20.250693"><ele>1240.0</ele></trkpt>
      <trkpt lat="49.181206" lon="20.250674"><ele>1240.0</ele></trkpt>
      <trkpt lat="49.181217" lon="20.250655"><ele>1240.8</ele></trkpt>
      <trkpt lat="49.181227" lon="20.250636"><ele>1241.4</ele></trkpt>
      <trkpt lat="49.181238" lon="20.250618"><ele>1242.2</ele></trkpt>
      <trkpt lat="49.181248" lon="20.250599"><ele>1242.8</ele></trkpt>
      <trkpt lat="49.181258" lon="20.250580"><ele>1243.2</ele></trkpt>
      <trkpt lat="49.181269" lon="20.250561"><ele>1243.0</ele></trkpt>
      <trkpt lat="49.181279" lon="20.250542"><ele>1243.2</ele></trkpt>
      <trkpt lat="49.181290" lon="20.250523"><ele>1243.8</ele></trkpt>
      <trkpt lat="49.181300" lon="20.250495"><ele>1244.4</ele></trkpt>
      <trkpt lat="49.181308" lon="20.250474"><ele>1244.2</ele></trkpt>
      <trkpt lat="49.181315" lon="20.250452"><ele>1244.0</ele></trkpt>
      <trkpt lat="49.181322" lon="20.250431"><ele>1244.2</ele></trkpt>
      <trkpt lat="49.181330" lon="20.250409"><ele>1244.0</ele></trkpt>
      <trkpt lat="49.181337" lon="20.250388"><ele>1243.8</ele></trkpt>
      <trkpt lat="49.181345" lon="20.250366"><ele>1244.0</ele></trkpt>
      <trkpt lat="49.181352" lon="20.250344"><ele>1244.4</ele></trkpt>
      <trkpt lat="49.181359" lon="20.250323"><ele>1245.2</ele></trkpt>
      <trkpt lat="49.181367" lon="20.250301"><ele>1246.6</ele></trkpt>
      <trkpt lat="49.181374" lon="20.250280"><ele>1247.0</ele></trkpt>
      <trkpt lat="49.181381" lon="20.250258"><ele>1247.0</ele></trkpt>
      <trkpt lat="49.181389" lon="20.250237"><ele>1247.2</ele></trkpt>
      <trkpt lat="49.181396" lon="20.250215"><ele>1247.0</ele></trkpt>
      <trkpt lat="49.181404" lon="20.250194"><ele>1247.8</ele></trkpt>
      <trkpt lat="49.181411" lon="20.250172"><ele>1248.4</ele></trkpt>
      <trkpt lat="49.181418" lon="20.250150"><ele>1249.2</ele></trkpt>
      <trkpt lat="49.181426" lon="20.250129"><ele>1249.6</ele></trkpt>
      <trkpt lat="49.181433" lon="20.250107"><ele>1249.8</ele></trkpt>
      <trkpt lat="49.181440" lon="20.250086"><ele>1249.2</ele></trkpt>
      <trkpt lat="49.181448" lon="20.250064"><ele>1249.4</ele></trkpt>
      <trkpt lat="49.181455" lon="20.250043"><ele>1250.0</ele></trkpt>
      <trkpt lat="49.181462" lon="20.250021"><ele>1250.6</ele></trkpt>
      <trkpt lat="49.181470" lon="20.249999"><ele>1251.2</ele></trkpt>
      <trkpt lat="49.181477" lon="20.249978"><ele>1251.6</ele></trkpt>
      <trkpt lat="49.181485" lon="20.249956"><ele>1251.8</ele></trkpt>
      <trkpt lat="49.181492" lon="20.249935"><ele>1251.8</ele></trkpt>
      <trkpt lat="49.181499" lon="20.249913"><ele>1252.0</ele></trkpt>
      <trkpt lat="49.181507" lon="20.249892"><ele>1252.6</ele></trkpt>
      <trkpt lat="49.181514" lon="20.249870"><ele>1252.8</ele></trkpt>
      <trkpt lat="49.181523" lon="20.249849"><ele>1253.2</ele></trkpt>
      <trkpt lat="49.181533" lon="20.249828"><ele>1254.2</ele></trkpt>
      <trkpt lat="49.181542" lon="20.249808"><ele>1253.8</ele></trkpt>
      <trkpt lat="49.181551" lon="20.249787"><ele>1253.0</ele></trkpt>
      <trkpt lat="49.181560" lon="20.249766"><ele>1252.6</ele></trkpt>
      <trkpt lat="49.181570" lon="20.249745"><ele>1253.4</ele></trkpt>
      <trkpt lat="49.181579" lon="20.249724"><ele>1253.8</ele></trkpt>
      <trkpt lat="49.181588" lon="20.249704"><ele>1254.4</ele></trkpt>
      <trkpt lat="49.181597" lon="20.249683"><ele>1254.6</ele></trkpt>
      <trkpt lat="49.181607" lon="20.249662"><ele>1255.0</ele></trkpt>
      <trkpt lat="49.181616" lon="20.249641"><ele>1255.8</ele></trkpt>
      <trkpt lat="49.181625" lon="20.249620"><ele>1256.2</ele></trkpt>
      <trkpt lat="49.181634" lon="20.249600"><ele>1257.2</ele></trkpt>
      <trkpt lat="49.181644" lon="20.249579"><ele>1258.0</ele></trkpt>
      <trkpt lat="49.181653" lon="20.249558"><ele>1258.6</ele></trkpt>
      <trkpt lat="49.181662" lon="20.249537"><ele>1259.0</ele></trkpt>
      <trkpt lat="49.181671" lon="20.249516"><ele>1258.8</ele></trkpt>
      <trkpt lat="49.181681" lon="20.249496"><ele>1259.8</ele></trkpt>
      <trkpt lat="49.181690" lon="20.249475"><ele>1261.0</ele></trkpt>
      <trkpt lat="49.181699" lon="20.249454"><ele>1263.8</ele></trkpt>
      <trkpt lat="49.181708" lon="20.249428"><ele>1263.4</ele></trkpt>
      <trkpt lat="49.181716" lon="20.249403"><ele>1264.4</ele></trkpt>
      <trkpt lat="49.181725" lon="20.249377"><ele>1265.4</ele></trkpt>
      <trkpt lat="49.181734" lon="20.249351"><ele>1264.8</ele></trkpt>
      <trkpt lat="49.181742" lon="20.249325"><ele>1264.6</ele></trkpt>
      <trkpt lat="49.181751" lon="20.249300"><ele>1264.8</ele></trkpt>
      <trkpt lat="49.181760" lon="20.249274"><ele>1265.4</ele></trkpt>
      <trkpt lat="49.181768" lon="20.249248"><ele>1265.8</ele></trkpt>
      <trkpt lat="49.181777" lon="20.249222"><ele>1266.8</ele></trkpt>
      <trkpt lat="49.181786" lon="20.249197"><ele>1267.4</ele></trkpt>
      <trkpt lat="49.181794" lon="20.249171"><ele>1268.0</ele></trkpt>
      <trkpt lat="49.181803" lon="20.249145"><ele>1268.4</ele></trkpt>
      <trkpt lat="49.181811" lon="20.249119"><ele>1269.0</ele></trkpt>
      <trkpt lat="49.181820" lon="20.249094"><ele>1269.8</ele></trkpt>
      <trkpt lat="49.181829" lon="20.249068"><ele>1270.8</ele></trkpt>
      <trkpt lat="49.181837" lon="20.249042"><ele>1271.2</ele></trkpt>
      <trkpt lat="49.181846" lon="20.249016"><ele>1272.2</ele></trkpt>
      <trkpt lat="49.181855" lon="20.248991"><ele>1273.0</ele></trkpt>
      <trkpt lat="49.181863" lon="20.248965"><ele>1273.6</ele></trkpt>
      <trkpt lat="49.181872" lon="20.248939"><ele>1274.2</ele></trkpt>
      <trkpt lat="49.181877" lon="20.248919"><ele>1275.0</ele></trkpt>
      <trkpt lat="49.181881" lon="20.248898"><ele>1275.6</ele></trkpt>
      <trkpt lat="49.181886" lon="20.248878"><ele>1276.2</ele></trkpt>
      <trkpt lat="49.181891" lon="20.248858"><ele>1276.6</ele></trkpt>
      <trkpt lat="49.181895" lon="20.248838"><ele>1276.8</ele></trkpt>
      <trkpt lat="49.181900" lon="20.248817"><ele>1277.0</ele></trkpt>
      <trkpt lat="49.181905" lon="20.248797"><ele>1277.4</ele></trkpt>
      <trkpt lat="49.181909" lon="20.248777"><ele>1278.0</ele></trkpt>
      <trkpt lat="49.181914" lon="20.248757"><ele>1278.4</ele></trkpt>
      <trkpt lat="49.181919" lon="20.248736"><ele>1278.8</ele></trkpt>
      <trkpt lat="49.181923" lon="20.248716"><ele>1279.4</ele></trkpt>
      <trkpt lat="49.181928" lon="20.248696"><ele>1279.6</ele></trkpt>
      <trkpt lat="49.181933" lon="20.248675"><ele>1280.0</ele></trkpt>
      <trkpt lat="49.181937" lon="20.248655"><ele>1280.6</ele></trkpt>
      <trkpt lat="49.181942" lon="20.248635"><ele>1280.8</ele></trkpt>
      <trkpt lat="49.181947" lon="20.248615"><ele>1281.0</ele></trkpt>
      <trkpt lat="49.181952" lon="20.248594"><ele>1281.2</ele></trkpt>
      <trkpt lat="49.181956" lon="20.248574"><ele>1281.6</ele></trkpt>
      <trkpt lat="49.181961" lon="20.248554"><ele>1282.0</ele></trkpt>
      <trkpt lat="49.181966" lon="20.248534"><ele>1282.4</ele></trkpt>
      <trkpt lat="49.181970" lon="20.248513"><ele>1282.8</ele></trkpt>
      <trkpt lat="49.181975" lon="20.248493"><ele>1283.2</ele></trkpt>
      <trkpt lat="49.181980" lon="20.248473"><ele>1283.4</ele></trkpt>
      <trkpt lat="49.181984" lon="20.248452"><ele>1283.8</ele></trkpt>
      <trkpt lat="49.181989" lon="20.248432"><ele>1284.2</ele></trkpt>
      <trkpt lat="49.181994" lon="20.248412"><ele>1284.8</ele></trkpt>
      <trkpt lat="49.181998" lon="20.248392"><ele>1285.2</ele></trkpt>
      <trkpt lat="49.182003" lon="20.248371"><ele>1285.8</ele></trkpt>
      <trkpt lat="49.182008" lon="20.248351"><ele>1286.6</ele></trkpt>
      <trkpt lat="49.182014" lon="20.248330"><ele>1288.0</ele></trkpt>
      <trkpt lat="49.182022" lon="20.248310"><ele>1289.8</ele></trkpt>
      <trkpt lat="49.182030" lon="20.248291"><ele>1291.0</ele></trkpt>
      <trkpt lat="49.182037" lon="20.248271"><ele>1290.8</ele></trkpt>
      <trkpt lat="49.182045" lon="20.248251"><ele>1291.8</ele></trkpt>
      <trkpt lat="49.182053" lon="20.248232"><ele>1292.4</ele></trkpt>
      <trkpt lat="49.182060" lon="20.248212"><ele>1292.2</ele></trkpt>
      <trkpt lat="49.182073" lon="20.248221"><ele>1292.4</ele></trkpt>
      <trkpt lat="49.182085" lon="20.248231"><ele>1292.6</ele></trkpt>
      <trkpt lat="49.182097" lon="20.248242"><ele>1292.2</ele></trkpt>
      <trkpt lat="49.182109" lon="20.248253"><ele>1291.8</ele></trkpt>
      <trkpt lat="49.182117" lon="20.248235"><ele>1292.0</ele></trkpt>
      <trkpt lat="49.182124" lon="20.248217"><ele>1292.0</ele></trkpt>
      <trkpt lat="49.182132" lon="20.248199"><ele>1292.4</ele></trkpt>
      <trkpt lat="49.182142" lon="20.248176"><ele>1292.6</ele></trkpt>
      <trkpt lat="49.182149" lon="20.248158"><ele>1293.0</ele></trkpt>
      <trkpt lat="49.182157" lon="20.248140"><ele>1293.6</ele></trkpt>
      <trkpt lat="49.182164" lon="20.248122"><ele>1294.8</ele></trkpt>
      <trkpt lat="49.182172" lon="20.248104"><ele>1295.8</ele></trkpt>
      <trkpt lat="49.182179" lon="20.248086"><ele>1296.4</ele></trkpt>
      <trkpt lat="49.182187" lon="20.248069"><ele>1297.0</ele></trkpt>
      <trkpt lat="49.182194" lon="20.248051"><ele>1297.4</ele></trkpt>
      <trkpt lat="49.182202" lon="20.248033"><ele>1297.8</ele></trkpt>
      <trkpt lat="49.182209" lon="20.248015"><ele>1298.6</ele></trkpt>
      <trkpt lat="49.182217" lon="20.247997"><ele>1299.0</ele></trkpt>
      <trkpt lat="49.182224" lon="20.247979"><ele>1300.0</ele></trkpt>
      <trkpt lat="49.182232" lon="20.247961"><ele>1300.6</ele></trkpt>
      <trkpt lat="49.182242" lon="20.247938"><ele>1301.6</ele></trkpt>
      <trkpt lat="49.182249" lon="20.247920"><ele>1302.0</ele></trkpt>
      <trkpt lat="49.182257" lon="20.247902"><ele>1302.0</ele></trkpt>
      <trkpt lat="49.182265" lon="20.247882"><ele>1302.2</ele></trkpt>
      <trkpt lat="49.182273" lon="20.247860"><ele>1302.6</ele></trkpt>
      <trkpt lat="49.182282" lon="20.247838"><ele>1303.6</ele></trkpt>
      <trkpt lat="49.182290" lon="20.247817"><ele>1304.2</ele></trkpt>
      <trkpt lat="49.182299" lon="20.247795"><ele>1304.8</ele></trkpt>
      <trkpt lat="49.182307" lon="20.247774"><ele>1305.6</ele></trkpt>
      <trkpt lat="49.182316" lon="20.247752"><ele>1306.0</ele></trkpt>
      <trkpt lat="49.182324" lon="20.247730"><ele>1306.4</ele></trkpt>
      <trkpt lat="49.182333" lon="20.247709"><ele>1306.4</ele></trkpt>
      <trkpt lat="49.182341" lon="20.247687"><ele>1307.0</ele></trkpt>
      <trkpt lat="49.182350" lon="20.247666"><ele>1307.6</ele></trkpt>
      <trkpt lat="49.182358" lon="20.247644"><ele>1308.0</ele></trkpt>
      <trkpt lat="49.182367" lon="20.247622"><ele>1308.0</ele></trkpt>
      <trkpt lat="49.182375" lon="20.247601"><ele>1308.2</ele></trkpt>
      <trkpt lat="49.182384" lon="20.247579"><ele>1308.4</ele></trkpt>
      <trkpt lat="49.182392" lon="20.247558"><ele>1308.8</ele></trkpt>
      <trkpt lat="49.182401" lon="20.247536"><ele>1308.6</ele></trkpt>
      <trkpt lat="49.182409" lon="20.247514"><ele>1308.6</ele></trkpt>
      <trkpt lat="49.182418" lon="20.247493"><ele>1309.4</ele></trkpt>
      <trkpt lat="49.182426" lon="20.247471"><ele>1310.6</ele></trkpt>
      <trkpt lat="49.182438" lon="20.247456"><ele>1311.2</ele></trkpt>
      <trkpt lat="49.182452" lon="20.247444"><ele>1311.6</ele></trkpt>
      <trkpt lat="49.182466" lon="20.247433"><ele>1312.2</ele></trkpt>
      <trkpt lat="49.182480" lon="20.247421"><ele>1313.0</ele></trkpt>
      <trkpt lat="49.182494" lon="20.247409"><ele>1314.0</ele></trkpt>
      <trkpt lat="49.182508" lon="20.247397"><ele>1314.8</ele></trkpt>
      <trkpt lat="49.182522" lon="20.247386"><ele>1315.2</ele></trkpt>
      <trkpt lat="49.182536" lon="20.247374"><ele>1316.0</ele></trkpt>
      <trkpt lat="49.182549" lon="20.247362"><ele>1316.4</ele></trkpt>
      <trkpt lat="49.182563" lon="20.247350"><ele>1316.6</ele></trkpt>
      <trkpt lat="49.182577" lon="20.247339"><ele>1317.6</ele></trkpt>
      <trkpt lat="49.182591" lon="20.247327"><ele>1318.6</ele></trkpt>
      <trkpt lat="49.182605" lon="20.247315"><ele>1319.6</ele></trkpt>
      <trkpt lat="49.182619" lon="20.247303"><ele>1320.4</ele></trkpt>
      <trkpt lat="49.182633" lon="20.247292"><ele>1321.6</ele></trkpt>
      <trkpt lat="49.182647" lon="20.247280"><ele>1322.2</ele></trkpt>
      <trkpt lat="49.182661" lon="20.247268"><ele>1322.8</ele></trkpt>
      <trkpt lat="49.182675" lon="20.247256"><ele>1323.2</ele></trkpt>
      <trkpt lat="49.182688" lon="20.247245"><ele>1323.8</ele></trkpt>
      <trkpt lat="49.182702" lon="20.247233"><ele>1324.6</ele></trkpt>
      <trkpt lat="49.182721" lon="20.247221"><ele>1325.4</ele></trkpt>
      <trkpt lat="49.182735" lon="20.247213"><ele>1326.0</ele></trkpt>
      <trkpt lat="49.182749" lon="20.247204"><ele>1326.4</ele></trkpt>
      <trkpt lat="49.182762" lon="20.247196"><ele>1326.6</ele></trkpt>
      <trkpt lat="49.182776" lon="20.247188"><ele>1326.4</ele></trkpt>
      <trkpt lat="49.182790" lon="20.247180"><ele>1327.2</ele></trkpt>
      <trkpt lat="49.182804" lon="20.247171"><ele>1327.8</ele></trkpt>
      <trkpt lat="49.182818" lon="20.247163"><ele>1328.4</ele></trkpt>
      <trkpt lat="49.182832" lon="20.247155"><ele>1328.6</ele></trkpt>
      <trkpt lat="49.182846" lon="20.247147"><ele>1328.6</ele></trkpt>
      <trkpt lat="49.182860" lon="20.247138"><ele>1329.2</ele></trkpt>
      <trkpt lat="49.182873" lon="20.247130"><ele>1329.8</ele></trkpt>
      <trkpt lat="49.182887" lon="20.247122"><ele>1330.2</ele></trkpt>
      <trkpt lat="49.182901" lon="20.247114"><ele>1330.4</ele></trkpt>
      <trkpt lat="49.182915" lon="20.247106"><ele>1330.6</ele></trkpt>
      <trkpt lat="49.182929" lon="20.247097"><ele>1331.2</ele></trkpt>
      <trkpt lat="49.182943" lon="20.247089"><ele>1331.4</ele></trkpt>
      <trkpt lat="49.182957" lon="20.247081"><ele>1331.8</ele></trkpt>
      <trkpt lat="49.182970" lon="20.247073"><ele>1332.0</ele></trkpt>
      <trkpt lat="49.182984" lon="20.247064"><ele>1332.2</ele></trkpt>
      <trkpt lat="49.182998" lon="20.247056"><ele>1332.6</ele></trkpt>
      <trkpt lat="49.183012" lon="20.247048"><ele>1332.6</ele></trkpt>
      <trkpt lat="49.183026" lon="20.247040"><ele>1332.8</ele></trkpt>
      <trkpt lat="49.183040" lon="20.247031"><ele>1333.2</ele></trkpt>
      <trkpt lat="49.183054" lon="20.247023"><ele>1333.6</ele></trkpt>
      <trkpt lat="49.183068" lon="20.247015"><ele>1334.0</ele></trkpt>
      <trkpt lat="49.183081" lon="20.247007"><ele>1334.6</ele></trkpt>
      <trkpt lat="49.183095" lon="20.246998"><ele>1335.2</ele></trkpt>
      <trkpt lat="49.183109" lon="20.246990"><ele>1335.4</ele></trkpt>
      <trkpt lat="49.183123" lon="20.246982"><ele>1335.4</ele></trkpt>
      <trkpt lat="49.183129" lon="20.246963"><ele>1335.8</ele></trkpt>
      <trkpt lat="49.183137" lon="20.246935"><ele>1336.2</ele></trkpt>
      <trkpt lat="49.183143" lon="20.246916"><ele>1336.0</ele></trkpt>
      <trkpt lat="49.183149" lon="20.246897"><ele>1335.8</ele></trkpt>
      <trkpt lat="49.183157" lon="20.246868"><ele>1334.8</ele></trkpt>
      <trkpt lat="49.183163" lon="20.246849"><ele>1334.6</ele></trkpt>
      <trkpt lat="49.183171" lon="20.246821"><ele>1335.2</ele></trkpt>
      <trkpt lat="49.183177" lon="20.246802"><ele>1335.6</ele></trkpt>
      <trkpt lat="49.183183" lon="20.246783"><ele>1336.4</ele></trkpt>
      <trkpt lat="49.183191" lon="20.246755"><ele>1337.6</ele></trkpt>
      <trkpt lat="49.183197" lon="20.246736"><ele>1338.0</ele></trkpt>
      <trkpt lat="49.183205" lon="20.246707"><ele>1338.4</ele></trkpt>
      <trkpt lat="49.183214" lon="20.246679"><ele>1338.8</ele></trkpt>
      <trkpt lat="49.183222" lon="20.246651"><ele>1339.4</ele></trkpt>
      <trkpt lat="49.183228" lon="20.246632"><ele>1339.8</ele></trkpt>
      <trkpt lat="49.183234" lon="20.246613"><ele>1340.0</ele></trkpt>
      <trkpt lat="49.183242" lon="20.246584"><ele>1340.6</ele></trkpt>
      <trkpt lat="49.183248" lon="20.246565"><ele>1340.8</ele></trkpt>
      <trkpt lat="49.183256" lon="20.246537"><ele>1341.4</ele></trkpt>
      <trkpt lat="49.183262" lon="20.246518"><ele>1341.6</ele></trkpt>
      <trkpt lat="49.183268" lon="20.246499"><ele>1341.8</ele></trkpt>
      <trkpt lat="49.183276" lon="20.246471"><ele>1342.0</ele></trkpt>
      <trkpt lat="49.183282" lon="20.246452"><ele>1342.2</ele></trkpt>
      <trkpt lat="49.183290" lon="20.246423"><ele>1343.0</ele></trkpt>
      <trkpt lat="49.183297" lon="20.246402"><ele>1344.4</ele></trkpt>
      <trkpt lat="49.183304" lon="20.246381"><ele>1346.2</ele></trkpt>
      <trkpt lat="49.183311" lon="20.246363"><ele>1346.6</ele></trkpt>
      <trkpt lat="49.183318" lon="20.246342"><ele>1347.0</ele></trkpt>
      <trkpt lat="49.183325" lon="20.246322"><ele>1348.0</ele></trkpt>
      <trkpt lat="49.183332" lon="20.246304"><ele>1348.2</ele></trkpt>
      <trkpt lat="49.183339" lon="20.246283"><ele>1347.8</ele></trkpt>
      <trkpt lat="49.183346" lon="20.246262"><ele>1347.4</ele></trkpt>
      <trkpt lat="49.183353" lon="20.246241"><ele>1347.2</ele></trkpt>
      <trkpt lat="49.183360" lon="20.246223"><ele>1347.2</ele></trkpt>
      <trkpt lat="49.183367" lon="20.246202"><ele>1347.4</ele></trkpt>
      <trkpt lat="49.183374" lon="20.246181"><ele>1347.8</ele></trkpt>
      <trkpt lat="49.183381" lon="20.246163"><ele>1346.8</ele></trkpt>
      <trkpt lat="49.183388" lon="20.246143"><ele>1347.0</ele></trkpt>
      <trkpt lat="49.183395" lon="20.246122"><ele>1347.0</ele></trkpt>
      <trkpt lat="49.183402" lon="20.246101"><ele>1347.2</ele></trkpt>
      <trkpt lat="49.183409" lon="20.246083"><ele>1348.8</ele></trkpt>
      <trkpt lat="49.183416" lon="20.246062"><ele>1349.8</ele></trkpt>
      <trkpt lat="49.183425" lon="20.246045"><ele>1351.0</ele></trkpt>
      <trkpt lat="49.183435" lon="20.246028"><ele>1352.2</ele></trkpt>
      <trkpt lat="49.183445" lon="20.246013"><ele>1352.0</ele></trkpt>
      <trkpt lat="49.183455" lon="20.245996"><ele>1351.8</ele></trkpt>
      <trkpt lat="49.183465" lon="20.245982"><ele>1352.0</ele></trkpt>
      <trkpt lat="49.183475" lon="20.245965"><ele>1351.4</ele></trkpt>
      <trkpt lat="49.183485" lon="20.245948"><ele>1351.6</ele></trkpt>
      <trkpt lat="49.183495" lon="20.245933"><ele>1351.0</ele></trkpt>
      <trkpt lat="49.183505" lon="20.245916"><ele>1351.0</ele></trkpt>
      <trkpt lat="49.183515" lon="20.245901"><ele>1351.2</ele></trkpt>
      <trkpt lat="49.183525" lon="20.245885"><ele>1351.8</ele></trkpt>
      <trkpt lat="49.183535" lon="20.245868"><ele>1351.8</ele></trkpt>
      <trkpt lat="49.183545" lon="20.245853"><ele>1351.2</ele></trkpt>
      <trkpt lat="49.183555" lon="20.245836"><ele>1351.2</ele></trkpt>
      <trkpt lat="49.183565" lon="20.245821"><ele>1351.0</ele></trkpt>
      <trkpt lat="49.183575" lon="20.245805"><ele>1351.2</ele></trkpt>
      <trkpt lat="49.183585" lon="20.245788"><ele>1351.0</ele></trkpt>
      <trkpt lat="49.183595" lon="20.245773"><ele>1350.6</ele></trkpt>
      <trkpt lat="49.183605" lon="20.245756"><ele>1350.0</ele></trkpt>
      <trkpt lat="49.183615" lon="20.245741"><ele>1350.6</ele></trkpt>
      <trkpt lat="49.183625" lon="20.245725"><ele>1352.8</ele></trkpt>
      <trkpt lat="49.183636" lon="20.245708"><ele>1354.0</ele></trkpt>
      <trkpt lat="49.183646" lon="20.245691"><ele>1354.4</ele></trkpt>
      <trkpt lat="49.183656" lon="20.245674"><ele>1356.0</ele></trkpt>
      <trkpt lat="49.183666" lon="20.245659"><ele>1357.6</ele></trkpt>
      <trkpt lat="49.183676" lon="20.245643"><ele>1360.0</ele></trkpt>
      <trkpt lat="49.183686" lon="20.245628"><ele>1361.0</ele></trkpt>
      <trkpt lat="49.183696" lon="20.245611"><ele>1362.6</ele></trkpt>
      <trkpt lat="49.183686" lon="20.245595"><ele>1362.4</ele></trkpt>
      <trkpt lat="49.183676" lon="20.245578"><ele>1363.0</ele></trkpt>
      <trkpt lat="49.183667" lon="20.245562"><ele>1363.2</ele></trkpt>
      <trkpt lat="49.183657" lon="20.245546"><ele>1363.6</ele></trkpt>
      <trkpt lat="49.183647" lon="20.245530"><ele>1363.8</ele></trkpt>
      <trkpt lat="49.183637" lon="20.245513"><ele>1364.6</ele></trkpt>
      <trkpt lat="49.183627" lon="20.245497"><ele>1365.0</ele></trkpt>
      <trkpt lat="49.183617" lon="20.245481"><ele>1365.2</ele></trkpt>
      <trkpt lat="49.183608" lon="20.245465"><ele>1366.0</ele></trkpt>
      <trkpt lat="49.183598" lon="20.245448"><ele>1367.6</ele></trkpt>
      <trkpt lat="49.183588" lon="20.245432"><ele>1368.8</ele></trkpt>
      <trkpt lat="49.183578" lon="20.245416"><ele>1369.2</ele></trkpt>
      <trkpt lat="49.183561" lon="20.245411"><ele>1369.8</ele></trkpt>
      <trkpt lat="49.183543" lon="20.245407"><ele>1370.4</ele></trkpt>
      <trkpt lat="49.183526" lon="20.245402"><ele>1370.8</ele></trkpt>
      <trkpt lat="49.183508" lon="20.245397"><ele>1371.2</ele></trkpt>
      <trkpt lat="49.183491" lon="20.245392"><ele>1372.0</ele></trkpt>
      <trkpt lat="49.183473" lon="20.245388"><ele>1372.6</ele></trkpt>
      <trkpt lat="49.183456" lon="20.245383"><ele>1373.4</ele></trkpt>
      <trkpt lat="49.183438" lon="20.245378"><ele>1374.0</ele></trkpt>
      <trkpt lat="49.183421" lon="20.245374"><ele>1374.6</ele></trkpt>
      <trkpt lat="49.183404" lon="20.245369"><ele>1375.2</ele></trkpt>
      <trkpt lat="49.183386" lon="20.245364"><ele>1375.2</ele></trkpt>
      <trkpt lat="49.183369" lon="20.245360"><ele>1375.0</ele></trkpt>
      <trkpt lat="49.183351" lon="20.245355"><ele>1374.8</ele></trkpt>
      <trkpt lat="49.183334" lon="20.245350"><ele>1374.8</ele></trkpt>
      <trkpt lat="49.183316" lon="20.245345"><ele>1374.4</ele></trkpt>
      <trkpt lat="49.183299" lon="20.245341"><ele>1374.4</ele></trkpt>
      <trkpt lat="49.183281" lon="20.245336"><ele>1375.0</ele></trkpt>
      <trkpt lat="49.183264" lon="20.245331"><ele>1375.4</ele></trkpt>
      <trkpt lat="49.183246" lon="20.245327"><ele>1375.6</ele></trkpt>
      <trkpt lat="49.183229" lon="20.245322"><ele>1375.8</ele></trkpt>
      <trkpt lat="49.183227" lon="20.245293"><ele>1376.2</ele></trkpt>
      <trkpt lat="49.183225" lon="20.245265"><ele>1376.8</ele></trkpt>
      <trkpt lat="49.183223" lon="20.245236"><ele>1377.4</ele></trkpt>
      <trkpt lat="49.183221" lon="20.245207"><ele>1378.6</ele></trkpt>
      <trkpt lat="49.183219" lon="20.245179"><ele>1380.2</ele></trkpt>
      <trkpt lat="49.183217" lon="20.245150"><ele>1381.4</ele></trkpt>
      <trkpt lat="49.183215" lon="20.245121"><ele>1382.2</ele></trkpt>
      <trkpt lat="49.183213" lon="20.245093"><ele>1382.6</ele></trkpt>
      <trkpt lat="49.183211" lon="20.245064"><ele>1383.2</ele></trkpt>
      <trkpt lat="49.183210" lon="20.245035"><ele>1383.6</ele></trkpt>
      <trkpt lat="49.183208" lon="20.245007"><ele>1384.0</ele></trkpt>
      <trkpt lat="49.183206" lon="20.244978"><ele>1384.2</ele></trkpt>
      <trkpt lat="49.183204" lon="20.244950"><ele>1385.2</ele></trkpt>
      <trkpt lat="49.183202" lon="20.244921"><ele>1386.4</ele></trkpt>
      <trkpt lat="49.183200" lon="20.244892"><ele>1387.0</ele></trkpt>
      <trkpt lat="49.183198" lon="20.244864"><ele>1387.6</ele></trkpt>
      <trkpt lat="49.183196" lon="20.244835"><ele>1388.0</ele></trkpt>
      <trkpt lat="49.183194" lon="20.244806"><ele>1388.4</ele></trkpt>
      <trkpt lat="49.183192" lon="20.244778"><ele>1388.4</ele></trkpt>
      <trkpt lat="49.183190" lon="20.244749"><ele>1389.0</ele></trkpt>
      <trkpt lat="49.183183" lon="20.244724"><ele>1389.6</ele></trkpt>
      <trkpt lat="49.183176" lon="20.244699"><ele>1390.4</ele></trkpt>
      <trkpt lat="49.183169" lon="20.244674"><ele>1391.6</ele></trkpt>
      <trkpt lat="49.183162" lon="20.244649"><ele>1392.4</ele></trkpt>
      <trkpt lat="49.183155" lon="20.244624"><ele>1393.8</ele></trkpt>
      <trkpt lat="49.183148" lon="20.244599"><ele>1394.8</ele></trkpt>
      <trkpt lat="49.183141" lon="20.244574"><ele>1394.8</ele></trkpt>
      <trkpt lat="49.183134" lon="20.244548"><ele>1394.4</ele></trkpt>
      <trkpt lat="49.183127" lon="20.244523"><ele>1394.4</ele></trkpt>
      <trkpt lat="49.183120" lon="20.244498"><ele>1394.6</ele></trkpt>
      <trkpt lat="49.183113" lon="20.244473"><ele>1395.2</ele></trkpt>
      <trkpt lat="49.183106" lon="20.244448"><ele>1395.4</ele></trkpt>
      <trkpt lat="49.183099" lon="20.244423"><ele>1395.2</ele></trkpt>
      <trkpt lat="49.183092" lon="20.244398"><ele>1395.8</ele></trkpt>
      <trkpt lat="49.183085" lon="20.244373"><ele>1396.8</ele></trkpt>
      <trkpt lat="49.183080" lon="20.244350"><ele>1397.4</ele></trkpt>
      <trkpt lat="49.183075" lon="20.244327"><ele>1398.2</ele></trkpt>
      <trkpt lat="49.183070" lon="20.244304"><ele>1398.6</ele></trkpt>
      <trkpt lat="49.183064" lon="20.244280"><ele>1398.0</ele></trkpt>
      <trkpt lat="49.183059" lon="20.244257"><ele>1398.8</ele></trkpt>
      <trkpt lat="49.183054" lon="20.244234"><ele>1399.4</ele></trkpt>
      <trkpt lat="49.183049" lon="20.244211"><ele>1399.8</ele></trkpt>
      <trkpt lat="49.183044" lon="20.244188"><ele>1399.6</ele></trkpt>
      <trkpt lat="49.183039" lon="20.244165"><ele>1399.8</ele></trkpt>
      <trkpt lat="49.183034" lon="20.244141"><ele>1400.0</ele></trkpt>
      <trkpt lat="49.183028" lon="20.244118"><ele>1400.0</ele></trkpt>
      <trkpt lat="49.183023" lon="20.244095"><ele>1400.2</ele></trkpt>
      <trkpt lat="49.183018" lon="20.244072"><ele>1401.0</ele></trkpt>
      <trkpt lat="49.183013" lon="20.244049"><ele>1401.4</ele></trkpt>
      <trkpt lat="49.183008" lon="20.244026"><ele>1401.6</ele></trkpt>
      <trkpt lat="49.183003" lon="20.244003"><ele>1401.6</ele></trkpt>
      <trkpt lat="49.182997" lon="20.243979"><ele>1401.8</ele></trkpt>
      <trkpt lat="49.182992" lon="20.243956"><ele>1402.0</ele></trkpt>
      <trkpt lat="49.182987" lon="20.243933"><ele>1402.0</ele></trkpt>
      <trkpt lat="49.182982" lon="20.243910"><ele>1402.0</ele></trkpt>
      <trkpt lat="49.182976" lon="20.243889"><ele>1402.2</ele></trkpt>
      <trkpt lat="49.182970" lon="20.243869"><ele>1402.4</ele></trkpt>
      <trkpt lat="49.182964" lon="20.243848"><ele>1402.8</ele></trkpt>
      <trkpt lat="49.182959" lon="20.243827"><ele>1403.2</ele></trkpt>
      <trkpt lat="49.182953" lon="20.243807"><ele>1403.4</ele></trkpt>
      <trkpt lat="49.182947" lon="20.243786"><ele>1403.6</ele></trkpt>
      <trkpt lat="49.182941" lon="20.243766"><ele>1403.8</ele></trkpt>
      <trkpt lat="49.182935" lon="20.243745"><ele>1404.2</ele></trkpt>
      <trkpt lat="49.182929" lon="20.243724"><ele>1404.8</ele></trkpt>
      <trkpt lat="49.182923" lon="20.243704"><ele>1405.4</ele></trkpt>
      <trkpt lat="49.182917" lon="20.243683"><ele>1405.6</ele></trkpt>
      <trkpt lat="49.182912" lon="20.243662"><ele>1406.0</ele></trkpt>
      <trkpt lat="49.182906" lon="20.243642"><ele>1406.2</ele></trkpt>
      <trkpt lat="49.182900" lon="20.243621"><ele>1406.4</ele></trkpt>
      <trkpt lat="49.182894" lon="20.243600"><ele>1406.6</ele></trkpt>
      <trkpt lat="49.182888" lon="20.243580"><ele>1406.4</ele></trkpt>
      <trkpt lat="49.182882" lon="20.243559"><ele>1406.6</ele></trkpt>
      <trkpt lat="49.182876" lon="20.243539"><ele>1406.6</ele></trkpt>
      <trkpt lat="49.182871" lon="20.243518"><ele>1407.0</ele></trkpt>
      <trkpt lat="49.182865" lon="20.243497"><ele>1407.2</ele></trkpt>
      <trkpt lat="49.182859" lon="20.243477"><ele>1407.6</ele></trkpt>
      <trkpt lat="49.182853" lon="20.243456"><ele>1408.0</ele></trkpt>
      <trkpt lat="49.182847" lon="20.243435"><ele>1408.2</ele></trkpt>
      <trkpt lat="49.182841" lon="20.243415"><ele>1408.2</ele></trkpt>
      <trkpt lat="49.182835" lon="20.243394"><ele>1408.6</ele></trkpt>
      <trkpt lat="49.182829" lon="20.243374"><ele>1409.4</ele></trkpt>
      <trkpt lat="49.182824" lon="20.243353"><ele>1410.0</ele></trkpt>
      <trkpt lat="49.182818" lon="20.243332"><ele>1410.6</ele></trkpt>
      <trkpt lat="49.182812" lon="20.243312"><ele>1411.4</ele></trkpt>
      <trkpt lat="49.182806" lon="20.243291"><ele>1412.0</ele></trkpt>
      <trkpt lat="49.182817" lon="20.243276"><ele>1412.8</ele></trkpt>
      <trkpt lat="49.182828" lon="20.243260"><ele>1413.6</ele></trkpt>
      <trkpt lat="49.182839" lon="20.243245"><ele>1414.4</ele></trkpt>
      <trkpt lat="49.182850" lon="20.243230"><ele>1414.8</ele></trkpt>
      <trkpt lat="49.182862" lon="20.243215"><ele>1415.4</ele></trkpt>
      <trkpt lat="49.182873" lon="20.243199"><ele>1416.0</ele></trkpt>
      <trkpt lat="49.182884" lon="20.243184"><ele>1416.6</ele></trkpt>
      <trkpt lat="49.182895" lon="20.243169"><ele>1417.6</ele></trkpt>
      <trkpt lat="49.182906" lon="20.243154"><ele>1418.0</ele></trkpt>
      <trkpt lat="49.182917" lon="20.243138"><ele>1418.4</ele></trkpt>
      <trkpt lat="49.182928" lon="20.243123"><ele>1418.6</ele></trkpt>
      <trkpt lat="49.182939" lon="20.243108"><ele>1418.6</ele></trkpt>
      <trkpt lat="49.182951" lon="20.243093"><ele>1418.8</ele></trkpt>
      <trkpt lat="49.182962" lon="20.243077"><ele>1419.2</ele></trkpt>
      <trkpt lat="49.182976" lon="20.243068"><ele>1419.4</ele></trkpt>
      <trkpt lat="49.182989" lon="20.243074"><ele>1419.4</ele></trkpt>
      <trkpt lat="49.183002" lon="20.243080"><ele>1419.6</ele></trkpt>
      <trkpt lat="49.183015" lon="20.243086"><ele>1421.0</ele></trkpt>
      <trkpt lat="49.183029" lon="20.243092"><ele>1422.0</ele></trkpt>
      <trkpt lat="49.183042" lon="20.243098"><ele>1422.2</ele></trkpt>
      <trkpt lat="49.183057" lon="20.243104"><ele>1422.2</ele></trkpt>
      <trkpt lat="49.183070" lon="20.243110"><ele>1422.2</ele></trkpt>
      <trkpt lat="49.183084" lon="20.243116"><ele>1422.8</ele></trkpt>
      <trkpt lat="49.183097" lon="20.243122"><ele>1423.2</ele></trkpt>
      <trkpt lat="49.183110" lon="20.243128"><ele>1423.8</ele></trkpt>
      <trkpt lat="49.183125" lon="20.243134"><ele>1423.8</ele></trkpt>
      <trkpt lat="49.183138" lon="20.243140"><ele>1423.6</ele></trkpt>
      <trkpt lat="49.183152" lon="20.243146"><ele>1422.8</ele></trkpt>
      <trkpt lat="49.183165" lon="20.243152"><ele>1424.0</ele></trkpt>
      <trkpt lat="49.183178" lon="20.243158"><ele>1425.0</ele></trkpt>
      <trkpt lat="49.183193" lon="20.243164"><ele>1425.4</ele></trkpt>
      <trkpt lat="49.183208" lon="20.243170"><ele>1425.8</ele></trkpt>
      <trkpt lat="49.183224" lon="20.243177"><ele>1426.4</ele></trkpt>
      <trkpt lat="49.183240" lon="20.243184"><ele>1426.6</ele></trkpt>
      <trkpt lat="49.183256" lon="20.243191"><ele>1427.0</ele></trkpt>
      <trkpt lat="49.183272" lon="20.243197"><ele>1427.4</ele></trkpt>
      <trkpt lat="49.183289" lon="20.243204"><ele>1427.8</ele></trkpt>
      <trkpt lat="49.183305" lon="20.243211"><ele>1428.4</ele></trkpt>
      <trkpt lat="49.183321" lon="20.243218"><ele>1429.2</ele></trkpt>
      <trkpt lat="49.183337" lon="20.243224"><ele>1429.8</ele></trkpt>
      <trkpt lat="49.183353" lon="20.243231"><ele>1430.6</ele></trkpt>
      <trkpt lat="49.183369" lon="20.243238"><ele>1431.4</ele></trkpt>
      <trkpt lat="49.183385" lon="20.243245"><ele>1432.2</ele></trkpt>
      <trkpt lat="49.183402" lon="20.243251"><ele>1432.6</ele></trkpt>
      <trkpt lat="49.183418" lon="20.243258"><ele>1433.0</ele></trkpt>
      <trkpt lat="49.183434" lon="20.243265"><ele>1433.6</ele></trkpt>
      <trkpt lat="49.183450" lon="20.243272"><ele>1433.8</ele></trkpt>
      <trkpt lat="49.183466" lon="20.243278"><ele>1434.0</ele></trkpt>
      <trkpt lat="49.183482" lon="20.243285"><ele>1434.8</ele></trkpt>
      <trkpt lat="49.183498" lon="20.243292"><ele>1435.6</ele></trkpt>
      <trkpt lat="49.183515" lon="20.243299"><ele>1435.8</ele></trkpt>
      <trkpt lat="49.183532" lon="20.243298"><ele>1436.2</ele></trkpt>
      <trkpt lat="49.183550" lon="20.243294"><ele>1436.8</ele></trkpt>
      <trkpt lat="49.183567" lon="20.243290"><ele>1437.0</ele></trkpt>
      <trkpt lat="49.183585" lon="20.243286"><ele>1437.6</ele></trkpt>
      <trkpt lat="49.183603" lon="20.243282"><ele>1438.6</ele></trkpt>
      <trkpt lat="49.183621" lon="20.243277"><ele>1439.2</ele></trkpt>
      <trkpt lat="49.183638" lon="20.243273"><ele>1439.2</ele></trkpt>
      <trkpt lat="49.183656" lon="20.243269"><ele>1439.0</ele></trkpt>
      <trkpt lat="49.183674" lon="20.243265"><ele>1439.2</ele></trkpt>
      <trkpt lat="49.183692" lon="20.243261"><ele>1439.4</ele></trkpt>
      <trkpt lat="49.183709" lon="20.243257"><ele>1439.4</ele></trkpt>
      <trkpt lat="49.183727" lon="20.243253"><ele>1439.6</ele></trkpt>
      <trkpt lat="49.183745" lon="20.243248"><ele>1440.0</ele></trkpt>
      <trkpt lat="49.183763" lon="20.243244"><ele>1440.6</ele></trkpt>
      <trkpt lat="49.183780" lon="20.243240"><ele>1440.8</ele></trkpt>
      <trkpt lat="49.183798" lon="20.243236"><ele>1441.6</ele></trkpt>
      <trkpt lat="49.183816" lon="20.243232"><ele>1442.6</ele></trkpt>
      <trkpt lat="49.183834" lon="20.243228"><ele>1443.4</ele></trkpt>
      <trkpt lat="49.183851" lon="20.243224"><ele>1443.6</ele></trkpt>
      <trkpt lat="49.183869" lon="20.243219"><ele>1444.4</ele></trkpt>
      <trkpt lat="49.183883" lon="20.243205"><ele>1445.0</ele></trkpt>
      <trkpt lat="49.183894" lon="20.243185"><ele>1445.4</ele></trkpt>
      <trkpt lat="49.183905" lon="20.243165"><ele>1445.6</ele></trkpt>
      <trkpt lat="49.183917" lon="20.243146"><ele>1445.6</ele></trkpt>
      <trkpt lat="49.183928" lon="20.243126"><ele>1445.8</ele></trkpt>
      <trkpt lat="49.183939" lon="20.243106"><ele>1445.8</ele></trkpt>
      <trkpt lat="49.183951" lon="20.243087"><ele>1446.2</ele></trkpt>
      <trkpt lat="49.183962" lon="20.243067"><ele>1446.6</ele></trkpt>
      <trkpt lat="49.183974" lon="20.243047"><ele>1446.6</ele></trkpt>
      <trkpt lat="49.183985" lon="20.243028"><ele>1446.8</ele></trkpt>
      <trkpt lat="49.183996" lon="20.243008"><ele>1447.4</ele></trkpt>
      <trkpt lat="49.184008" lon="20.242988"><ele>1447.8</ele></trkpt>
      <trkpt lat="49.184019" lon="20.242968"><ele>1448.0</ele></trkpt>
      <trkpt lat="49.184030" lon="20.242949"><ele>1448.4</ele></trkpt>
      <trkpt lat="49.184042" lon="20.242929"><ele>1449.0</ele></trkpt>
      <trkpt lat="49.184053" lon="20.242909"><ele>1449.4</ele></trkpt>
      <trkpt lat="49.184065" lon="20.242890"><ele>1450.0</ele></trkpt>
      <trkpt lat="49.184076" lon="20.242870"><ele>1450.6</ele></trkpt>
      <trkpt lat="49.184087" lon="20.242850"><ele>1451.4</ele></trkpt>
      <trkpt lat="49.184099" lon="20.242831"><ele>1451.8</ele></trkpt>
      <trkpt lat="49.184110" lon="20.242811"><ele>1452.2</ele></trkpt>
      <trkpt lat="49.184121" lon="20.242791"><ele>1452.6</ele></trkpt>
      <trkpt lat="49.184133" lon="20.242771"><ele>1453.0</ele></trkpt>
      <trkpt lat="49.184144" lon="20.242752"><ele>1453.8</ele></trkpt>
      <trkpt lat="49.184156" lon="20.242732"><ele>1454.6</ele></trkpt>
      <trkpt lat="49.184167" lon="20.242712"><ele>1455.4</ele></trkpt>
      <trkpt lat="49.184178" lon="20.242693"><ele>1456.4</ele></trkpt>
      <trkpt lat="49.184190" lon="20.242673"><ele>1456.8</ele></trkpt>
      <trkpt lat="49.184201" lon="20.242653"><ele>1457.4</ele></trkpt>
      <trkpt lat="49.184212" lon="20.242634"><ele>1457.8</ele></trkpt>
      <trkpt lat="49.184224" lon="20.242614"><ele>1458.4</ele></trkpt>
      <trkpt lat="49.184235" lon="20.242594"><ele>1459.0</ele></trkpt>
      <trkpt lat="49.184247" lon="20.242574"><ele>1459.6</ele></trkpt>
      <trkpt lat="49.184258" lon="20.242555"><ele>1460.2</ele></trkpt>
      <trkpt lat="49.184269" lon="20.242535"><ele>1460.8</ele></trkpt>
      <trkpt lat="49.184281" lon="20.242515"><ele>1461.6</ele></trkpt>
      <trkpt lat="49.184292" lon="20.242496"><ele>1462.0</ele></trkpt>
      <trkpt lat="49.184303" lon="20.242476"><ele>1462.2</ele></trkpt>
      <trkpt lat="49.184315" lon="20.242456"><ele>1462.6</ele></trkpt>
      <trkpt lat="49.184326" lon="20.242437"><ele>1463.2</ele></trkpt>
      <trkpt lat="49.184340" lon="20.242419"><ele>1464.0</ele></trkpt>
      <trkpt lat="49.184356" lon="20.242403"><ele>1464.2</ele></trkpt>
      <trkpt lat="49.184372" lon="20.242387"><ele>1464.4</ele></trkpt>
      <trkpt lat="49.184387" lon="20.242371"><ele>1464.6</ele></trkpt>
      <trkpt lat="49.184403" lon="20.242355"><ele>1464.8</ele></trkpt>
      <trkpt lat="49.184419" lon="20.242339"><ele>1465.4</ele></trkpt>
      <trkpt lat="49.184434" lon="20.242323"><ele>1465.8</ele></trkpt>
      <trkpt lat="49.184450" lon="20.242307"><ele>1466.0</ele></trkpt>
      <trkpt lat="49.184466" lon="20.242291"><ele>1466.2</ele></trkpt>
      <trkpt lat="49.184481" lon="20.242275"><ele>1466.4</ele></trkpt>
      <trkpt lat="49.184497" lon="20.242259"><ele>1466.6</ele></trkpt>
      <trkpt lat="49.184513" lon="20.242243"><ele>1467.0</ele></trkpt>
      <trkpt lat="49.184528" lon="20.242227"><ele>1467.4</ele></trkpt>
      <trkpt lat="49.184544" lon="20.242211"><ele>1468.0</ele></trkpt>
      <trkpt lat="49.184560" lon="20.242195"><ele>1468.6</ele></trkpt>
      <trkpt lat="49.184575" lon="20.242179"><ele>1469.0</ele></trkpt>
      <trkpt lat="49.184591" lon="20.242163"><ele>1469.6</ele></trkpt>
      <trkpt lat="49.184606" lon="20.242146"><ele>1470.0</ele></trkpt>
      <trkpt lat="49.184622" lon="20.242130"><ele>1470.2</ele></trkpt>
      <trkpt lat="49.184638" lon="20.242114"><ele>1470.6</ele></trkpt>
      <trkpt lat="49.184652" lon="20.242097"><ele>1471.4</ele></trkpt>
      <trkpt lat="49.184666" lon="20.242079"><ele>1471.6</ele></trkpt>
      <trkpt lat="49.184680" lon="20.242061"><ele>1471.8</ele></trkpt>
      <trkpt lat="49.184694" lon="20.242042"><ele>1472.0</ele></trkpt>
      <trkpt lat="49.184708" lon="20.242024"><ele>1472.2</ele></trkpt>
      <trkpt lat="49.184722" lon="20.242006"><ele>1472.4</ele></trkpt>
      <trkpt lat="49.184736" lon="20.241988"><ele>1472.6</ele></trkpt>
      <trkpt lat="49.184750" lon="20.241970"><ele>1473.0</ele></trkpt>
      <trkpt lat="49.184764" lon="20.241952"><ele>1473.4</ele></trkpt>
      <trkpt lat="49.184778" lon="20.241934"><ele>1473.8</ele></trkpt>
      <trkpt lat="49.184792" lon="20.241915"><ele>1474.6</ele></trkpt>
      <trkpt lat="49.184806" lon="20.241897"><ele>1475.6</ele></trkpt>
      <trkpt lat="49.184820" lon="20.241879"><ele>1476.4</ele></trkpt>
      <trkpt lat="49.184834" lon="20.241861"><ele>1476.6</ele></trkpt>
      <trkpt lat="49.184848" lon="20.241843"><ele>1476.4</ele></trkpt>
      <trkpt lat="49.184862" lon="20.241825"><ele>1476.8</ele></trkpt>
      <trkpt lat="49.184876" lon="20.241807"><ele>1478.2</ele></trkpt>
      <trkpt lat="49.184889" lon="20.241788"><ele>1478.8</ele></trkpt>
      <trkpt lat="49.184903" lon="20.241770"><ele>1479.6</ele></trkpt>
      <trkpt lat="49.184917" lon="20.241752"><ele>1480.2</ele></trkpt>
      <trkpt lat="49.184925" lon="20.241728"><ele>1480.6</ele></trkpt>
      <trkpt lat="49.184929" lon="20.241700"><ele>1480.8</ele></trkpt>
      <trkpt lat="49.184933" lon="20.241673"><ele>1481.0</ele></trkpt>
      <trkpt lat="49.184937" lon="20.241645"><ele>1481.4</ele></trkpt>
      <trkpt lat="49.184941" lon="20.241617"><ele>1481.8</ele></trkpt>
      <trkpt lat="49.184946" lon="20.241590"><ele>1482.4</ele></trkpt>
      <trkpt lat="49.184950" lon="20.241562"><ele>1482.8</ele></trkpt>
      <trkpt lat="49.184954" lon="20.241535"><ele>1483.2</ele></trkpt>
      <trkpt lat="49.184958" lon="20.241507"><ele>1483.4</ele></trkpt>
      <trkpt lat="49.184962" lon="20.241480"><ele>1483.8</ele></trkpt>
      <trkpt lat="49.184966" lon="20.241452"><ele>1484.4</ele></trkpt>
      <trkpt lat="49.184970" lon="20.241425"><ele>1484.8</ele></trkpt>
      <trkpt lat="49.184975" lon="20.241397"><ele>1485.2</ele></trkpt>
      <trkpt lat="49.184979" lon="20.241369"><ele>1485.6</ele></trkpt>
      <trkpt lat="49.184983" lon="20.241342"><ele>1486.0</ele></trkpt>
      <trkpt lat="49.184987" lon="20.241314"><ele>1486.6</ele></trkpt>
      <trkpt lat="49.184991" lon="20.241287"><ele>1487.0</ele></trkpt>
      <trkpt lat="49.184995" lon="20.241259"><ele>1487.2</ele></trkpt>
      <trkpt lat="49.184999" lon="20.241232"><ele>1487.6</ele></trkpt>
      <trkpt lat="49.185004" lon="20.241204"><ele>1487.6</ele></trkpt>
      <trkpt lat="49.185003" lon="20.241179"><ele>1488.0</ele></trkpt>
      <trkpt lat="49.185000" lon="20.241155"><ele>1488.2</ele></trkpt>
      <trkpt lat="49.184998" lon="20.241131"><ele>1488.4</ele></trkpt>
      <trkpt lat="49.184995" lon="20.241107"><ele>1488.6</ele></trkpt>
      <trkpt lat="49.184992" lon="20.241083"><ele>1488.6</ele></trkpt>
      <trkpt lat="49.184989" lon="20.241059"><ele>1489.0</ele></trkpt>
      <trkpt lat="49.184987" lon="20.241035"><ele>1489.0</ele></trkpt>
      <trkpt lat="49.184984" lon="20.241011"><ele>1489.2</ele></trkpt>
      <trkpt lat="49.184981" lon="20.240987"><ele>1489.6</ele></trkpt>
      <trkpt lat="49.184978" lon="20.240963"><ele>1489.8</ele></trkpt>
      <trkpt lat="49.184976" lon="20.240939"><ele>1489.8</ele></trkpt>
      <trkpt lat="49.184973" lon="20.240915"><ele>1489.6</ele></trkpt>
      <trkpt lat="49.184970" lon="20.240891"><ele>1489.0</ele></trkpt>
      <trkpt lat="49.184967" lon="20.240867"><ele>1488.8</ele></trkpt>
      <trkpt lat="49.184965" lon="20.240843"><ele>1488.6</ele></trkpt>
      <trkpt lat="49.184962" lon="20.240819"><ele>1488.6</ele></trkpt>
      <trkpt lat="49.184959" lon="20.240795"><ele>1488.6</ele></trkpt>
      <trkpt lat="49.184956" lon="20.240771"><ele>1488.6</ele></trkpt>
      <trkpt lat="49.184954" lon="20.240747"><ele>1488.8</ele></trkpt>
      <trkpt lat="49.184951" lon="20.240723"><ele>1488.8</ele></trkpt>
      <trkpt lat="49.184948" lon="20.240698"><ele>1488.8</ele></trkpt>
      <trkpt lat="49.184945" lon="20.240674"><ele>1489.4</ele></trkpt>
      <trkpt lat="49.184943" lon="20.240650"><ele>1489.8</ele></trkpt>
      <trkpt lat="49.184940" lon="20.240626"><ele>1490.2</ele></trkpt>
      <trkpt lat="49.184937" lon="20.240602"><ele>1490.6</ele></trkpt>
      <trkpt lat="49.184934" lon="20.240578"><ele>1491.0</ele></trkpt>
      <trkpt lat="49.184932" lon="20.240554"><ele>1491.2</ele></trkpt>
      <trkpt lat="49.184929" lon="20.240530"><ele>1491.4</ele></trkpt>
      <trkpt lat="49.184926" lon="20.240506"><ele>1491.2</ele></trkpt>
      <trkpt lat="49.184923" lon="20.240482"><ele>1491.0</ele></trkpt>
      <trkpt lat="49.184921" lon="20.240458"><ele>1491.2</ele></trkpt>
      <trkpt lat="49.184918" lon="20.240434"><ele>1491.6</ele></trkpt>
      <trkpt lat="49.184915" lon="20.240410"><ele>1492.2</ele></trkpt>
      <trkpt lat="49.184912" lon="20.240386"><ele>1492.8</ele></trkpt>
      <trkpt lat="49.184910" lon="20.240362"><ele>1493.4</ele></trkpt>
      <trkpt lat="49.184907" lon="20.240338"><ele>1494.2</ele></trkpt>
      <trkpt lat="49.184904" lon="20.240314"><ele>1494.2</ele></trkpt>
      <trkpt lat="49.184901" lon="20.240290"><ele>1494.8</ele></trkpt>
      <trkpt lat="49.184899" lon="20.240266"><ele>1495.0</ele></trkpt>
      <trkpt lat="49.184896" lon="20.240242"><ele>1495.4</ele></trkpt>
      <trkpt lat="49.184889" lon="20.240222"><ele>1496.6</ele></trkpt>
      <trkpt lat="49.184882" lon="20.240202"><ele>1497.6</ele></trkpt>
      <trkpt lat="49.184874" lon="20.240183"><ele>1497.8</ele></trkpt>
      <trkpt lat="49.184867" lon="20.240163"><ele>1498.0</ele></trkpt>
      <trkpt lat="49.184860" lon="20.240143"><ele>1498.0</ele></trkpt>
      <trkpt lat="49.184853" lon="20.240123"><ele>1498.6</ele></trkpt>
      <trkpt lat="49.184846" lon="20.240103"><ele>1498.4</ele></trkpt>
      <trkpt lat="49.184838" lon="20.240084"><ele>1497.4</ele></trkpt>
      <trkpt lat="49.184831" lon="20.240064"><ele>1497.8</ele></trkpt>
      <trkpt lat="49.184824" lon="20.240044"><ele>1497.4</ele></trkpt>
      <trkpt lat="49.184817" lon="20.240024"><ele>1497.8</ele></trkpt>
      <trkpt lat="49.184810" lon="20.240004"><ele>1499.8</ele></trkpt>
      <trkpt lat="49.184802" lon="20.239985"><ele>1502.0</ele></trkpt>
      <trkpt lat="49.184796" lon="20.239962"><ele>1503.2</ele></trkpt>
      <trkpt lat="49.184790" lon="20.239939"><ele>1504.0</ele></trkpt>
      <trkpt lat="49.184784" lon="20.239915"><ele>1505.0</ele></trkpt>
      <trkpt lat="49.184778" lon="20.239891"><ele>1505.8</ele></trkpt>
      <trkpt lat="49.184772" lon="20.239868"><ele>1506.4</ele></trkpt>
      <trkpt lat="49.184767" lon="20.239844"><ele>1506.6</ele></trkpt>
      <trkpt lat="49.184761" lon="20.239821"><ele>1507.2</ele></trkpt>
      <trkpt lat="49.184755" lon="20.239797"><ele>1507.8</ele></trkpt>
      <trkpt lat="49.184749" lon="20.239773"><ele>1507.8</ele></trkpt>
      <trkpt lat="49.184743" lon="20.239750"><ele>1508.8</ele></trkpt>
      <trkpt lat="49.184737" lon="20.239726"><ele>1509.0</ele></trkpt>
      <trkpt lat="49.184731" lon="20.239703"><ele>1509.0</ele></trkpt>
      <trkpt lat="49.184725" lon="20.239679"><ele>1509.2</ele></trkpt>
      <trkpt lat="49.184719" lon="20.239655"><ele>1510.4</ele></trkpt>
      <trkpt lat="49.184713" lon="20.239632"><ele>1511.2</ele></trkpt>
      <trkpt lat="49.184708" lon="20.239608"><ele>1510.8</ele></trkpt>
      <trkpt lat="49.184702" lon="20.239585"><ele>1510.4</ele></trkpt>
      <trkpt lat="49.184696" lon="20.239561"><ele>1510.8</ele></trkpt>
      <trkpt lat="49.184690" lon="20.239537"><ele>1511.4</ele></trkpt>
      <trkpt lat="49.184684" lon="20.239514"><ele>1512.4</ele></trkpt>
      <trkpt lat="49.184674" lon="20.239490"><ele>1513.2</ele></trkpt>
      <trkpt lat="49.184665" lon="20.239473"><ele>1513.8</ele></trkpt>
      <trkpt lat="49.184653" lon="20.239449"><ele>1514.4</ele></trkpt>
      <trkpt lat="49.184645" lon="20.239432"><ele>1514.8</ele></trkpt>
      <trkpt lat="49.184636" lon="20.239416"><ele>1515.2</ele></trkpt>
      <trkpt lat="49.184624" lon="20.239392"><ele>1515.2</ele></trkpt>
      <trkpt lat="49.184615" lon="20.239375"><ele>1515.4</ele></trkpt>
      <trkpt lat="49.184603" lon="20.239351"><ele>1515.6</ele></trkpt>
      <trkpt lat="49.184595" lon="20.239334"><ele>1515.8</ele></trkpt>
      <trkpt lat="49.184586" lon="20.239318"><ele>1516.2</ele></trkpt>
      <trkpt lat="49.184574" lon="20.239294"><ele>1517.0</ele></trkpt>
      <trkpt lat="49.184565" lon="20.239277"><ele>1517.6</ele></trkpt>
      <trkpt lat="49.184553" lon="20.239253"><ele>1518.2</ele></trkpt>
      <trkpt lat="49.184545" lon="20.239236"><ele>1518.4</ele></trkpt>
      <trkpt lat="49.184536" lon="20.239220"><ele>1518.4</ele></trkpt>
      <trkpt lat="49.184524" lon="20.239196"><ele>1518.4</ele></trkpt>
      <trkpt lat="49.184515" lon="20.239179"><ele>1518.2</ele></trkpt>
      <trkpt lat="49.184503" lon="20.239155"><ele>1518.6</ele></trkpt>
      <trkpt lat="49.184495" lon="20.239138"><ele>1519.2</ele></trkpt>
      <trkpt lat="49.184486" lon="20.239122"><ele>1520.2</ele></trkpt>
      <trkpt lat="49.184474" lon="20.239098"><ele>1521.4</ele></trkpt>
      <trkpt lat="49.184465" lon="20.239081"><ele>1521.8</ele></trkpt>
      <trkpt lat="49.184453" lon="20.239057"><ele>1522.6</ele></trkpt>
      <trkpt lat="49.184445" lon="20.239040"><ele>1523.2</ele></trkpt>
      <trkpt lat="49.184436" lon="20.239024"><ele>1523.0</ele></trkpt>
      <trkpt lat="49.184431" lon="20.239004"><ele>1522.6</ele></trkpt>
      <trkpt lat="49.184428" lon="20.238981"><ele>1523.4</ele></trkpt>
      <trkpt lat="49.184425" lon="20.238957"><ele>1524.2</ele></trkpt>
      <trkpt lat="49.184422" lon="20.238934"><ele>1525.0</ele></trkpt>
      <trkpt lat="49.184419" lon="20.238910"><ele>1525.8</ele></trkpt>
      <trkpt lat="49.184416" lon="20.238887"><ele>1526.6</ele></trkpt>
      <trkpt lat="49.184413" lon="20.238863"><ele>1527.0</ele></trkpt>
      <trkpt lat="49.184410" lon="20.238839"><ele>1527.8</ele></trkpt>
      <trkpt lat="49.184407" lon="20.238816"><ele>1528.4</ele></trkpt>
      <trkpt lat="49.184404" lon="20.238792"><ele>1529.2</ele></trkpt>
      <trkpt lat="49.184401" lon="20.238769"><ele>1529.8</ele></trkpt>
      <trkpt lat="49.184398" lon="20.238745"><ele>1529.8</ele></trkpt>
      <trkpt lat="49.184395" lon="20.238722"><ele>1529.8</ele></trkpt>
      <trkpt lat="49.184392" lon="20.238698"><ele>1530.2</ele></trkpt>
      <trkpt lat="49.184389" lon="20.238675"><ele>1530.6</ele></trkpt>
      <trkpt lat="49.184386" lon="20.238651"><ele>1531.0</ele></trkpt>
      <trkpt lat="49.184383" lon="20.238628"><ele>1531.0</ele></trkpt>
      <trkpt lat="49.184380" lon="20.238604"><ele>1530.6</ele></trkpt>
      <trkpt lat="49.184377" lon="20.238581"><ele>1530.6</ele></trkpt>
      <trkpt lat="49.184374" lon="20.238557"><ele>1530.8</ele></trkpt>
      <trkpt lat="49.184371" lon="20.238534"><ele>1531.0</ele></trkpt>
      <trkpt lat="49.184368" lon="20.238510"><ele>1531.4</ele></trkpt>
      <trkpt lat="49.184365" lon="20.238486"><ele>1532.0</ele></trkpt>
      <trkpt lat="49.184362" lon="20.238463"><ele>1532.8</ele></trkpt>
      <trkpt lat="49.184359" lon="20.238439"><ele>1533.6</ele></trkpt>
      <trkpt lat="49.184356" lon="20.238416"><ele>1534.2</ele></trkpt>
      <trkpt lat="49.184353" lon="20.238392"><ele>1535.2</ele></trkpt>
      <trkpt lat="49.184350" lon="20.238369"><ele>1535.8</ele></trkpt>
      <trkpt lat="49.184347" lon="20.238345"><ele>1537.0</ele></trkpt>
      <trkpt lat="49.184344" lon="20.238322"><ele>1538.0</ele></trkpt>
      <trkpt lat="49.184340" lon="20.238293"><ele>1538.8</ele></trkpt>
      <trkpt lat="49.184336" lon="20.238269"><ele>1539.4</ele></trkpt>
      <trkpt lat="49.184332" lon="20.238244"><ele>1540.0</ele></trkpt>
      <trkpt lat="49.184329" lon="20.238219"><ele>1540.6</ele></trkpt>
      <trkpt lat="49.184325" lon="20.238194"><ele>1541.2</ele></trkpt>
      <trkpt lat="49.184321" lon="20.238169"><ele>1541.6</ele></trkpt>
      <trkpt lat="49.184318" lon="20.238145"><ele>1542.2</ele></trkpt>
      <trkpt lat="49.184314" lon="20.238120"><ele>1542.6</ele></trkpt>
      <trkpt lat="49.184310" lon="20.238095"><ele>1543.2</ele></trkpt>
      <trkpt lat="49.184307" lon="20.238070"><ele>1544.0</ele></trkpt>
      <trkpt lat="49.184303" lon="20.238045"><ele>1544.6</ele></trkpt>
      <trkpt lat="49.184299" lon="20.238021"><ele>1545.2</ele></trkpt>
      <trkpt lat="49.184296" lon="20.237996"><ele>1545.6</ele></trkpt>
      <trkpt lat="49.184292" lon="20.237971"><ele>1545.8</ele></trkpt>
      <trkpt lat="49.184288" lon="20.237946"><ele>1546.2</ele></trkpt>
      <trkpt lat="49.184285" lon="20.237921"><ele>1546.6</ele></trkpt>
      <trkpt lat="49.184281" lon="20.237897"><ele>1546.8</ele></trkpt>
      <trkpt lat="49.184278" lon="20.237872"><ele>1547.4</ele></trkpt>
      <trkpt lat="49.184274" lon="20.237847"><ele>1548.4</ele></trkpt>
      <trkpt lat="49.184270" lon="20.237822"><ele>1549.0</ele></trkpt>
      <trkpt lat="49.184253" lon="20.237854"><ele>1548.6</ele></trkpt>
      <trkpt lat="49.184255" lon="20.237830"><ele>1548.6</ele></trkpt>
      <trkpt lat="49.184257" lon="20.237806"><ele>1549.2</ele></trkpt>
      <trkpt lat="49.184259" lon="20.237783"><ele>1549.8</ele></trkpt>
      <trkpt lat="49.184261" lon="20.237759"><ele>1550.2</ele></trkpt>
      <trkpt lat="49.184263" lon="20.237735"><ele>1550.4</ele></trkpt>
      <trkpt lat="49.184264" lon="20.237711"><ele>1551.0</ele></trkpt>
      <trkpt lat="49.184266" lon="20.237687"><ele>1551.4</ele></trkpt>
      <trkpt lat="49.184268" lon="20.237664"><ele>1551.8</ele></trkpt>
      <trkpt lat="49.184270" lon="20.237640"><ele>1552.4</ele></trkpt>
      <trkpt lat="49.184272" lon="20.237616"><ele>1553.0</ele></trkpt>
      <trkpt lat="49.184274" lon="20.237592"><ele>1553.0</ele></trkpt>
      <trkpt lat="49.184276" lon="20.237568"><ele>1552.8</ele></trkpt>
      <trkpt lat="49.184278" lon="20.237545"><ele>1552.4</ele></trkpt>
      <trkpt lat="49.184280" lon="20.237521"><ele>1552.6</ele></trkpt>
      <trkpt lat="49.184282" lon="20.237497"><ele>1552.4</ele></trkpt>
      <trkpt lat="49.184283" lon="20.237473"><ele>1554.0</ele></trkpt>
      <trkpt lat="49.184285" lon="20.237449"><ele>1555.2</ele></trkpt>
      <trkpt lat="49.184287" lon="20.237426"><ele>1555.6</ele></trkpt>
      <trkpt lat="49.184289" lon="20.237402"><ele>1556.6</ele></trkpt>
      <trkpt lat="49.184291" lon="20.237378"><ele>1557.8</ele></trkpt>
      <trkpt lat="49.184293" lon="20.237353"><ele>1558.6</ele></trkpt>
      <trkpt lat="49.184294" lon="20.237328"><ele>1559.4</ele></trkpt>
      <trkpt lat="49.184296" lon="20.237303"><ele>1560.4</ele></trkpt>
      <trkpt lat="49.184297" lon="20.237278"><ele>1560.6</ele></trkpt>
      <trkpt lat="49.184299" lon="20.237253"><ele>1561.0</ele></trkpt>
      <trkpt lat="49.184300" lon="20.237228"><ele>1561.4</ele></trkpt>
      <trkpt lat="49.184302" lon="20.237203"><ele>1562.2</ele></trkpt>
      <trkpt lat="49.184303" lon="20.237178"><ele>1563.4</ele></trkpt>
      <trkpt lat="49.184305" lon="20.237153"><ele>1564.6</ele></trkpt>
      <trkpt lat="49.184306" lon="20.237128"><ele>1565.2</ele></trkpt>
      <trkpt lat="49.184308" lon="20.237103"><ele>1565.6</ele></trkpt>
      <trkpt lat="49.184309" lon="20.237078"><ele>1566.2</ele></trkpt>
      <trkpt lat="49.184311" lon="20.237053"><ele>1566.8</ele></trkpt>
      <trkpt lat="49.184312" lon="20.237028"><ele>1567.2</ele></trkpt>
      <trkpt lat="49.184314" lon="20.237003"><ele>1568.0</ele></trkpt>
      <trkpt lat="49.184314" lon="20.236981"><ele>1568.8</ele></trkpt>
      <trkpt lat="49.184313" lon="20.236958"><ele>1569.0</ele></trkpt>
      <trkpt lat="49.184313" lon="20.236936"><ele>1569.4</ele></trkpt>
      <trkpt lat="49.184312" lon="20.236914"><ele>1569.8</ele></trkpt>
      <trkpt lat="49.184312" lon="20.236891"><ele>1570.2</ele></trkpt>
      <trkpt lat="49.184311" lon="20.236869"><ele>1570.6</ele></trkpt>
      <trkpt lat="49.184311" lon="20.236847"><ele>1571.0</ele></trkpt>
      <trkpt lat="49.184310" lon="20.236825"><ele>1571.2</ele></trkpt>
      <trkpt lat="49.184310" lon="20.236802"><ele>1572.0</ele></trkpt>
      <trkpt lat="49.184309" lon="20.236780"><ele>1572.6</ele></trkpt>
      <trkpt lat="49.184309" lon="20.236758"><ele>1572.8</ele></trkpt>
      <trkpt lat="49.184308" lon="20.236735"><ele>1573.4</ele></trkpt>
      <trkpt lat="49.184308" lon="20.236713"><ele>1574.0</ele></trkpt>
      <trkpt lat="49.184307" lon="20.236691"><ele>1574.2</ele></trkpt>
      <trkpt lat="49.184307" lon="20.236668"><ele>1575.2</ele></trkpt>
      <trkpt lat="49.184306" lon="20.236646"><ele>1575.8</ele></trkpt>
      <trkpt lat="49.184306" lon="20.236624"><ele>1576.4</ele></trkpt>
      <trkpt lat="49.184305" lon="20.236602"><ele>1576.8</ele></trkpt>
      <trkpt lat="49.184305" lon="20.236579"><ele>1577.2</ele></trkpt>
      <trkpt lat="49.184304" lon="20.236557"><ele>1577.6</ele></trkpt>
      <trkpt lat="49.184297" lon="20.236538"><ele>1577.4</ele></trkpt>
      <trkpt lat="49.184289" lon="20.236518"><ele>1578.6</ele></trkpt>
      <trkpt lat="49.184282" lon="20.236499"><ele>1579.8</ele></trkpt>
      <trkpt lat="49.184275" lon="20.236479"><ele>1580.4</ele></trkpt>
      <trkpt lat="49.184268" lon="20.236460"><ele>1580.4</ele></trkpt>
      <trkpt lat="49.184260" lon="20.236441"><ele>1580.2</ele></trkpt>
      <trkpt lat="49.184253" lon="20.236421"><ele>1580.2</ele></trkpt>
      <trkpt lat="49.184246" lon="20.236402"><ele>1580.4</ele></trkpt>
      <trkpt lat="49.184239" lon="20.236382"><ele>1580.4</ele></trkpt>
      <trkpt lat="49.184231" lon="20.236363"><ele>1580.4</ele></trkpt>
      <trkpt lat="49.184224" lon="20.236344"><ele>1580.2</ele></trkpt>
      <trkpt lat="49.184217" lon="20.236324"><ele>1580.2</ele></trkpt>
      <trkpt lat="49.184209" lon="20.236305"><ele>1581.0</ele></trkpt>
      <trkpt lat="49.184202" lon="20.236286"><ele>1581.8</ele></trkpt>
      <trkpt lat="49.184195" lon="20.236266"><ele>1583.6</ele></trkpt>
      <trkpt lat="49.184188" lon="20.236247"><ele>1584.2</ele></trkpt>
      <trkpt lat="49.184180" lon="20.236227"><ele>1584.0</ele></trkpt>
      <trkpt lat="49.184173" lon="20.236208"><ele>1585.4</ele></trkpt>
      <trkpt lat="49.184166" lon="20.236189"><ele>1586.0</ele></trkpt>
      <trkpt lat="49.184158" lon="20.236169"><ele>1587.2</ele></trkpt>
      <trkpt lat="49.184151" lon="20.236150"><ele>1588.2</ele></trkpt>
      <trkpt lat="49.184144" lon="20.236130"><ele>1589.0</ele></trkpt>
      <trkpt lat="49.184137" lon="20.236111"><ele>1589.8</ele></trkpt>
      <trkpt lat="49.184129" lon="20.236092"><ele>1590.2</ele></trkpt>
      <trkpt lat="49.184122" lon="20.236072"><ele>1591.2</ele></trkpt>
      <trkpt lat="49.184115" lon="20.236053"><ele>1592.2</ele></trkpt>
      <trkpt lat="49.184108" lon="20.236033"><ele>1593.0</ele></trkpt>
      <trkpt lat="49.184100" lon="20.236014"><ele>1593.6</ele></trkpt>
      <trkpt lat="49.184093" lon="20.235995"><ele>1594.6</ele></trkpt>
      <trkpt lat="49.184086" lon="20.235975"><ele>1595.2</ele></trkpt>
      <trkpt lat="49.184078" lon="20.235956"><ele>1595.0</ele></trkpt>
      <trkpt lat="49.184071" lon="20.235937"><ele>1595.8</ele></trkpt>
      <trkpt lat="49.184064" lon="20.235917"><ele>1597.0</ele></trkpt>
      <trkpt lat="49.184057" lon="20.235898"><ele>1598.2</ele></trkpt>
      <trkpt lat="49.184049" lon="20.235878"><ele>1599.2</ele></trkpt>
      <trkpt lat="49.184042" lon="20.235859"><ele>1599.6</ele></trkpt>
      <trkpt lat="49.184043" lon="20.235834"><ele>1601.0</ele></trkpt>
      <trkpt lat="49.184043" lon="20.235809"><ele>1601.4</ele></trkpt>
      <trkpt lat="49.184044" lon="20.235784"><ele>1603.0</ele></trkpt>
      <trkpt lat="49.184044" lon="20.235759"><ele>1604.2</ele></trkpt>
      <trkpt lat="49.184045" lon="20.235734"><ele>1604.4</ele></trkpt>
      <trkpt lat="49.184046" lon="20.235709"><ele>1604.6</ele></trkpt>
      <trkpt lat="49.184046" lon="20.235684"><ele>1605.6</ele></trkpt>
      <trkpt lat="49.184047" lon="20.235659"><ele>1607.6</ele></trkpt>
      <trkpt lat="49.184047" lon="20.235634"><ele>1608.4</ele></trkpt>
      <trkpt lat="49.184048" lon="20.235610"><ele>1608.0</ele></trkpt>
      <trkpt lat="49.184049" lon="20.235585"><ele>1608.2</ele></trkpt>
      <trkpt lat="49.184049" lon="20.235560"><ele>1609.0</ele></trkpt>
      <trkpt lat="49.184050" lon="20.235535"><ele>1609.4</ele></trkpt>
      <trkpt lat="49.184051" lon="20.235510"><ele>1610.0</ele></trkpt>
      <trkpt lat="49.184049" lon="20.235484"><ele>1610.8</ele></trkpt>
      <trkpt lat="49.184043" lon="20.235462"><ele>1611.4</ele></trkpt>
      <trkpt lat="49.184038" lon="20.235440"><ele>1611.8</ele></trkpt>
      <trkpt lat="49.184032" lon="20.235418"><ele>1612.4</ele></trkpt>
      <trkpt lat="49.184026" lon="20.235397"><ele>1612.8</ele></trkpt>
      <trkpt lat="49.184020" lon="20.235375"><ele>1613.4</ele></trkpt>
      <trkpt lat="49.184015" lon="20.235353"><ele>1614.4</ele></trkpt>
      <trkpt lat="49.184009" lon="20.235331"><ele>1614.8</ele></trkpt>
      <trkpt lat="49.184003" lon="20.235310"><ele>1615.2</ele></trkpt>
      <trkpt lat="49.183997" lon="20.235288"><ele>1616.0</ele></trkpt>
      <trkpt lat="49.183992" lon="20.235266"><ele>1617.0</ele></trkpt>
      <trkpt lat="49.183986" lon="20.235244"><ele>1617.8</ele></trkpt>
      <trkpt lat="49.183980" lon="20.235223"><ele>1619.0</ele></trkpt>
      <trkpt lat="49.183974" lon="20.235201"><ele>1619.8</ele></trkpt>
      <trkpt lat="49.183969" lon="20.235179"><ele>1621.8</ele></trkpt>
      <trkpt lat="49.183963" lon="20.235157"><ele>1623.2</ele></trkpt>
      <trkpt lat="49.183957" lon="20.235136"><ele>1623.0</ele></trkpt>
      <trkpt lat="49.183951" lon="20.235114"><ele>1622.8</ele></trkpt>
      <trkpt lat="49.183946" lon="20.235092"><ele>1622.8</ele></trkpt>
      <trkpt lat="49.183940" lon="20.235070"><ele>1623.0</ele></trkpt>
      <trkpt lat="49.183935" lon="20.235049"><ele>1622.4</ele></trkpt>
      <trkpt lat="49.183931" lon="20.235029"><ele>1621.8</ele></trkpt>
      <trkpt lat="49.183927" lon="20.235009"><ele>1623.4</ele></trkpt>
      <trkpt lat="49.183923" lon="20.234989"><ele>1623.6</ele></trkpt>
      <trkpt lat="49.183919" lon="20.234967"><ele>1622.2</ele></trkpt>
      <trkpt lat="49.183915" lon="20.234947"><ele>1625.6</ele></trkpt>
      <trkpt lat="49.183911" lon="20.234927"><ele>1626.4</ele></trkpt>
      <trkpt lat="49.183911" lon="20.234900"><ele>1627.4</ele></trkpt>
      <trkpt lat="49.183911" lon="20.234877"><ele>1627.6</ele></trkpt>
      <trkpt lat="49.183912" lon="20.234854"><ele>1628.8</ele></trkpt>
      <trkpt lat="49.183913" lon="20.234831"><ele>1630.2</ele></trkpt>
      <trkpt lat="49.183913" lon="20.234808"><ele>1630.2</ele></trkpt>
      <trkpt lat="49.183914" lon="20.234785"><ele>1631.8</ele></trkpt>
      <trkpt lat="49.183915" lon="20.234762"><ele>1629.8</ele></trkpt>
      <trkpt lat="49.183915" lon="20.234739"><ele>1631.4</ele></trkpt>
      <trkpt lat="49.183916" lon="20.234716"><ele>1632.4</ele></trkpt>
      <trkpt lat="49.183917" lon="20.234694"><ele>1632.0</ele></trkpt>
      <trkpt lat="49.183917" lon="20.234671"><ele>1632.4</ele></trkpt>
      <trkpt lat="49.183918" lon="20.234648"><ele>1633.0</ele></trkpt>
      <trkpt lat="49.183918" lon="20.234625"><ele>1633.2</ele></trkpt>
      <trkpt lat="49.183919" lon="20.234602"><ele>1633.6</ele></trkpt>
      <trkpt lat="49.183920" lon="20.234579"><ele>1633.8</ele></trkpt>
      <trkpt lat="49.183920" lon="20.234556"><ele>1634.6</ele></trkpt>
      <trkpt lat="49.183921" lon="20.234533"><ele>1636.0</ele></trkpt>
      <trkpt lat="49.183922" lon="20.234510"><ele>1636.8</ele></trkpt>
      <trkpt lat="49.183922" lon="20.234487"><ele>1637.8</ele></trkpt>
      <trkpt lat="49.183923" lon="20.234464"><ele>1638.2</ele></trkpt>
      <trkpt lat="49.183918" lon="20.234444"><ele>1639.2</ele></trkpt>
      <trkpt lat="49.183911" lon="20.234420"><ele>1640.0</ele></trkpt>
      <trkpt lat="49.183905" lon="20.234396"><ele>1641.2</ele></trkpt>
      <trkpt lat="49.183900" lon="20.234376"><ele>1641.2</ele></trkpt>
      <trkpt lat="49.183893" lon="20.234352"><ele>1642.0</ele></trkpt>
      <trkpt lat="49.183888" lon="20.234332"><ele>1642.6</ele></trkpt>
      <trkpt lat="49.183882" lon="20.234308"><ele>1642.6</ele></trkpt>
      <trkpt lat="49.183877" lon="20.234288"><ele>1642.8</ele></trkpt>
      <trkpt lat="49.183870" lon="20.234264"><ele>1643.0</ele></trkpt>
      <trkpt lat="49.183865" lon="20.234244"><ele>1643.0</ele></trkpt>
      <trkpt lat="49.183859" lon="20.234220"><ele>1642.8</ele></trkpt>
      <trkpt lat="49.183854" lon="20.234200"><ele>1643.4</ele></trkpt>
      <trkpt lat="49.183847" lon="20.234176"><ele>1643.8</ele></trkpt>
      <trkpt lat="49.183849" lon="20.234152"><ele>1644.4</ele></trkpt>
      <trkpt lat="49.183853" lon="20.234124"><ele>1644.8</ele></trkpt>
      <trkpt lat="49.183857" lon="20.234096"><ele>1646.0</ele></trkpt>
      <trkpt lat="49.183861" lon="20.234067"><ele>1647.0</ele></trkpt>
      <trkpt lat="49.183865" lon="20.234039"><ele>1647.8</ele></trkpt>
      <trkpt lat="49.183869" lon="20.234011"><ele>1648.4</ele></trkpt>
      <trkpt lat="49.183873" lon="20.233983"><ele>1648.8</ele></trkpt>
      <trkpt lat="49.183877" lon="20.233954"><ele>1649.0</ele></trkpt>
      <trkpt lat="49.183881" lon="20.233926"><ele>1649.2</ele></trkpt>
      <trkpt lat="49.183885" lon="20.233898"><ele>1650.0</ele></trkpt>
      <trkpt lat="49.183889" lon="20.233870"><ele>1651.2</ele></trkpt>
      <trkpt lat="49.183893" lon="20.233841"><ele>1651.8</ele></trkpt>
      <trkpt lat="49.183897" lon="20.233813"><ele>1652.0</ele></trkpt>
      <trkpt lat="49.183901" lon="20.233785"><ele>1652.8</ele></trkpt>
      <trkpt lat="49.183905" lon="20.233757"><ele>1653.6</ele></trkpt>
      <trkpt lat="49.183909" lon="20.233728"><ele>1654.0</ele></trkpt>
      <trkpt lat="49.183913" lon="20.233700"><ele>1654.6</ele></trkpt>
      <trkpt lat="49.183917" lon="20.233672"><ele>1654.8</ele></trkpt>
      <trkpt lat="49.183921" lon="20.233644"><ele>1656.8</ele></trkpt>
      <trkpt lat="49.183925" lon="20.233615"><ele>1656.6</ele></trkpt>
      <trkpt lat="49.183937" lon="20.233599"><ele>1655.2</ele></trkpt>
      <trkpt lat="49.183953" lon="20.233590"><ele>1657.4</ele></trkpt>
      <trkpt lat="49.183968" lon="20.233581"><ele>1658.2</ele></trkpt>
      <trkpt lat="49.183983" lon="20.233573"><ele>1658.2</ele></trkpt>
      <trkpt lat="49.183999" lon="20.233564"><ele>1658.2</ele></trkpt>
      <trkpt lat="49.184014" lon="20.233555"><ele>1658.0</ele></trkpt>
      <trkpt lat="49.184029" lon="20.233546"><ele>1658.0</ele></trkpt>
      <trkpt lat="49.184044" lon="20.233537"><ele>1658.6</ele></trkpt>
      <trkpt lat="49.184060" lon="20.233528"><ele>1659.6</ele></trkpt>
      <trkpt lat="49.184075" lon="20.233519"><ele>1659.6</ele></trkpt>
      <trkpt lat="49.184090" lon="20.233510"><ele>1661.0</ele></trkpt>
      <trkpt lat="49.184105" lon="20.233501"><ele>1661.8</ele></trkpt>
      <trkpt lat="49.184121" lon="20.233492"><ele>1662.8</ele></trkpt>
      <trkpt lat="49.184136" lon="20.233483"><ele>1663.4</ele></trkpt>
      <trkpt lat="49.184151" lon="20.233474"><ele>1663.6</ele></trkpt>
      <trkpt lat="49.184166" lon="20.233465"><ele>1664.8</ele></trkpt>
      <trkpt lat="49.184182" lon="20.233456"><ele>1666.6</ele></trkpt>
      <trkpt lat="49.184197" lon="20.233447"><ele>1667.8</ele></trkpt>
      <trkpt lat="49.184212" lon="20.233439"><ele>1668.8</ele></trkpt>
      <trkpt lat="49.184228" lon="20.233430"><ele>1669.2</ele></trkpt>
      <trkpt lat="49.184243" lon="20.233421"><ele>1669.8</ele></trkpt>
      <trkpt lat="49.184258" lon="20.233412"><ele>1671.4</ele></trkpt>
      <trkpt lat="49.184273" lon="20.233403"><ele>1672.8</ele></trkpt>
      <trkpt lat="49.184289" lon="20.233394"><ele>1672.8</ele></trkpt>
      <trkpt lat="49.184304" lon="20.233385"><ele>1674.0</ele></trkpt>
      <trkpt lat="49.184319" lon="20.233376"><ele>1674.8</ele></trkpt>
      <trkpt lat="49.184334" lon="20.233367"><ele>1675.4</ele></trkpt>
      <trkpt lat="49.184350" lon="20.233358"><ele>1675.8</ele></trkpt>
      <trkpt lat="49.184365" lon="20.233349"><ele>1676.6</ele></trkpt>
      <trkpt lat="49.184380" lon="20.233340"><ele>1677.6</ele></trkpt>
      <trkpt lat="49.184396" lon="20.233341"><ele>1678.0</ele></trkpt>
      <trkpt lat="49.184411" lon="20.233346"><ele>1678.4</ele></trkpt>
      <trkpt lat="49.184426" lon="20.233350"><ele>1679.0</ele></trkpt>
      <trkpt lat="49.184441" lon="20.233354"><ele>1679.8</ele></trkpt>
      <trkpt lat="49.184457" lon="20.233358"><ele>1680.4</ele></trkpt>
      <trkpt lat="49.184472" lon="20.233362"><ele>1680.2</ele></trkpt>
      <trkpt lat="49.184487" lon="20.233366"><ele>1680.2</ele></trkpt>
      <trkpt lat="49.184502" lon="20.233371"><ele>1680.8</ele></trkpt>
      <trkpt lat="49.184517" lon="20.233375"><ele>1681.0</ele></trkpt>
      <trkpt lat="49.184532" lon="20.233379"><ele>1681.2</ele></trkpt>
      <trkpt lat="49.184547" lon="20.233383"><ele>1681.0</ele></trkpt>
      <trkpt lat="49.184562" lon="20.233387"><ele>1681.6</ele></trkpt>
      <trkpt lat="49.184577" lon="20.233392"><ele>1681.2</ele></trkpt>
      <trkpt lat="49.184593" lon="20.233396"><ele>1680.8</ele></trkpt>
      <trkpt lat="49.184608" lon="20.233400"><ele>1680.4</ele></trkpt>
      <trkpt lat="49.184623" lon="20.233404"><ele>1681.0</ele></trkpt>
      <trkpt lat="49.184638" lon="20.233408"><ele>1681.4</ele></trkpt>
      <trkpt lat="49.184653" lon="20.233413"><ele>1681.4</ele></trkpt>
      <trkpt lat="49.184668" lon="20.233417"><ele>1681.8</ele></trkpt>
      <trkpt lat="49.184683" lon="20.233421"><ele>1681.6</ele></trkpt>
      <trkpt lat="49.184698" lon="20.233425"><ele>1681.2</ele></trkpt>
      <trkpt lat="49.184713" lon="20.233429"><ele>1681.2</ele></trkpt>
      <trkpt lat="49.184729" lon="20.233434"><ele>1681.2</ele></trkpt>
      <trkpt lat="49.184744" lon="20.233438"><ele>1681.0</ele></trkpt>
      <trkpt lat="49.184759" lon="20.233442"><ele>1681.0</ele></trkpt>
      <trkpt lat="49.184774" lon="20.233446"><ele>1681.0</ele></trkpt>
      <trkpt lat="49.184789" lon="20.233450"><ele>1681.6</ele></trkpt>
      <trkpt lat="49.184804" lon="20.233454"><ele>1682.2</ele></trkpt>
      <trkpt lat="49.184819" lon="20.233459"><ele>1682.6</ele></trkpt>
      <trkpt lat="49.184834" lon="20.233463"><ele>1682.2</ele></trkpt>
      <trkpt lat="49.184849" lon="20.233467"><ele>1682.8</ele></trkpt>
      <trkpt lat="49.184865" lon="20.233471"><ele>1682.8</ele></trkpt>
      <trkpt lat="49.184880" lon="20.233475"><ele>1683.4</ele></trkpt>
      <trkpt lat="49.184895" lon="20.233480"><ele>1684.0</ele></trkpt>
      <trkpt lat="49.184910" lon="20.233484"><ele>1684.6</ele></trkpt>
      <trkpt lat="49.184925" lon="20.233488"><ele>1684.8</ele></trkpt>
      <trkpt lat="49.184942" lon="20.233477"><ele>1685.2</ele></trkpt>
      <trkpt lat="49.184958" lon="20.233466"><ele>1685.4</ele></trkpt>
      <trkpt lat="49.184971" lon="20.233458"><ele>1685.2</ele></trkpt>
      <trkpt lat="49.184987" lon="20.233447"><ele>1685.6</ele></trkpt>
      <trkpt lat="49.185000" lon="20.233439"><ele>1685.8</ele></trkpt>
      <trkpt lat="49.185016" lon="20.233428"><ele>1685.8</ele></trkpt>
      <trkpt lat="49.185029" lon="20.233420"><ele>1686.2</ele></trkpt>
      <trkpt lat="49.185045" lon="20.233409"><ele>1686.0</ele></trkpt>
      <trkpt lat="49.185058" lon="20.233401"><ele>1685.8</ele></trkpt>
      <trkpt lat="49.185074" lon="20.233390"><ele>1685.6</ele></trkpt>
      <trkpt lat="49.185087" lon="20.233382"><ele>1685.6</ele></trkpt>
      <trkpt lat="49.185103" lon="20.233371"><ele>1686.6</ele></trkpt>
      <trkpt lat="49.185116" lon="20.233363"><ele>1687.2</ele></trkpt>
      <trkpt lat="49.185133" lon="20.233352"><ele>1686.8</ele></trkpt>
      <trkpt lat="49.185149" lon="20.233341"><ele>1686.8</ele></trkpt>
      <trkpt lat="49.185162" lon="20.233333"><ele>1687.2</ele></trkpt>
      <trkpt lat="49.185183" lon="20.233329"><ele>1687.6</ele></trkpt>
      <trkpt lat="49.185200" lon="20.233338"><ele>1688.0</ele></trkpt>
      <trkpt lat="49.185217" lon="20.233346"><ele>1688.0</ele></trkpt>
      <trkpt lat="49.185234" lon="20.233355"><ele>1688.2</ele></trkpt>
      <trkpt lat="49.185251" lon="20.233363"><ele>1688.0</ele></trkpt>
      <trkpt lat="49.185269" lon="20.233371"><ele>1688.4</ele></trkpt>
      <trkpt lat="49.185286" lon="20.233380"><ele>1689.0</ele></trkpt>
      <trkpt lat="49.185303" lon="20.233388"><ele>1689.4</ele></trkpt>
      <trkpt lat="49.185320" lon="20.233397"><ele>1689.6</ele></trkpt>
      <trkpt lat="49.185337" lon="20.233405"><ele>1689.8</ele></trkpt>
      <trkpt lat="49.185355" lon="20.233414"><ele>1690.0</ele></trkpt>
      <trkpt lat="49.185372" lon="20.233422"><ele>1690.2</ele></trkpt>
      <trkpt lat="49.185389" lon="20.233430"><ele>1690.4</ele></trkpt>
      <trkpt lat="49.185406" lon="20.233439"><ele>1691.0</ele></trkpt>
      <trkpt lat="49.185423" lon="20.233447"><ele>1692.0</ele></trkpt>
      <trkpt lat="49.185441" lon="20.233456"><ele>1692.8</ele></trkpt>
      <trkpt lat="49.185458" lon="20.233464"><ele>1693.2</ele></trkpt>
      <trkpt lat="49.185475" lon="20.233473"><ele>1693.6</ele></trkpt>
      <trkpt lat="49.185492" lon="20.233481"><ele>1693.6</ele></trkpt>
      <trkpt lat="49.185509" lon="20.233489"><ele>1693.8</ele></trkpt>
      <trkpt lat="49.185527" lon="20.233498"><ele>1693.8</ele></trkpt>
      <trkpt lat="49.185544" lon="20.233506"><ele>1694.0</ele></trkpt>
      <trkpt lat="49.185561" lon="20.233515"><ele>1693.8</ele></trkpt>
      <trkpt lat="49.185578" lon="20.233523"><ele>1694.2</ele></trkpt>
      <trkpt lat="49.185595" lon="20.233532"><ele>1694.4</ele></trkpt>
      <trkpt lat="49.185613" lon="20.233540"><ele>1694.6</ele></trkpt>
      <trkpt lat="49.185630" lon="20.233548"><ele>1694.6</ele></trkpt>
      <trkpt lat="49.185647" lon="20.233557"><ele>1694.8</ele></trkpt>
      <trkpt lat="49.185664" lon="20.233565"><ele>1695.0</ele></trkpt>
      <trkpt lat="49.185681" lon="20.233574"><ele>1695.2</ele></trkpt>
      <trkpt lat="49.185697" lon="20.233578"><ele>1695.4</ele></trkpt>
      <trkpt lat="49.185712" lon="20.233579"><ele>1695.8</ele></trkpt>
      <trkpt lat="49.185727" lon="20.233580"><ele>1696.0</ele></trkpt>
      <trkpt lat="49.185741" lon="20.233580"><ele>1696.4</ele></trkpt>
      <trkpt lat="49.185756" lon="20.233581"><ele>1697.0</ele></trkpt>
      <trkpt lat="49.185770" lon="20.233581"><ele>1697.4</ele></trkpt>
      <trkpt lat="49.185785" lon="20.233582"><ele>1697.8</ele></trkpt>
      <trkpt lat="49.185800" lon="20.233583"><ele>1698.0</ele></trkpt>
      <trkpt lat="49.185814" lon="20.233583"><ele>1698.4</ele></trkpt>
      <trkpt lat="49.185829" lon="20.233584"><ele>1698.6</ele></trkpt>
      <trkpt lat="49.185843" lon="20.233585"><ele>1698.8</ele></trkpt>
      <trkpt lat="49.185858" lon="20.233585"><ele>1698.8</ele></trkpt>
      <trkpt lat="49.185873" lon="20.233586"><ele>1698.6</ele></trkpt>
      <trkpt lat="49.185887" lon="20.233587"><ele>1698.6</ele></trkpt>
      <trkpt lat="49.185902" lon="20.233587"><ele>1698.8</ele></trkpt>
      <trkpt lat="49.185916" lon="20.233588"><ele>1698.8</ele></trkpt>
      <trkpt lat="49.185931" lon="20.233588"><ele>1699.0</ele></trkpt>
      <trkpt lat="49.185946" lon="20.233589"><ele>1699.0</ele></trkpt>
      <trkpt lat="49.185960" lon="20.233590"><ele>1699.0</ele></trkpt>
      <trkpt lat="49.185975" lon="20.233590"><ele>1699.0</ele></trkpt>
      <trkpt lat="49.185989" lon="20.233591"><ele>1699.0</ele></trkpt>
      <trkpt lat="49.186004" lon="20.233592"><ele>1698.6</ele></trkpt>
      <trkpt lat="49.186019" lon="20.233592"><ele>1698.4</ele></trkpt>
      <trkpt lat="49.186033" lon="20.233593"><ele>1698.4</ele></trkpt>
      <trkpt lat="49.186048" lon="20.233594"><ele>1698.8</ele></trkpt>
      <trkpt lat="49.186062" lon="20.233594"><ele>1699.2</ele></trkpt>
      <trkpt lat="49.186077" lon="20.233595"><ele>1699.4</ele></trkpt>
      <trkpt lat="49.186092" lon="20.233595"><ele>1699.8</ele></trkpt>
      <trkpt lat="49.186106" lon="20.233596"><ele>1699.8</ele></trkpt>
      <trkpt lat="49.186121" lon="20.233597"><ele>1700.0</ele></trkpt>
      <trkpt lat="49.186137" lon="20.233597"><ele>1700.4</ele></trkpt>
      <trkpt lat="49.186151" lon="20.233598"><ele>1700.6</ele></trkpt>
      <trkpt lat="49.186165" lon="20.233599"><ele>1701.0</ele></trkpt>
      <trkpt lat="49.186179" lon="20.233600"><ele>1701.0</ele></trkpt>
      <trkpt lat="49.186193" lon="20.233600"><ele>1701.0</ele></trkpt>
      <trkpt lat="49.186207" lon="20.233601"><ele>1700.8</ele></trkpt>
      <trkpt lat="49.186221" lon="20.233602"><ele>1700.6</ele></trkpt>
      <trkpt lat="49.186235" lon="20.233603"><ele>1700.6</ele></trkpt>
      <trkpt lat="49.186249" lon="20.233603"><ele>1700.8</ele></trkpt>
      <trkpt lat="49.186263" lon="20.233604"><ele>1700.6</ele></trkpt>
      <trkpt lat="49.186277" lon="20.233605"><ele>1700.4</ele></trkpt>
      <trkpt lat="49.186291" lon="20.233605"><ele>1700.4</ele></trkpt>
      <trkpt lat="49.186305" lon="20.233606"><ele>1700.4</ele></trkpt>
      <trkpt lat="49.186319" lon="20.233607"><ele>1700.4</ele></trkpt>
      <trkpt lat="49.186333" lon="20.233608"><ele>1700.6</ele></trkpt>
      <trkpt lat="49.186347" lon="20.233608"><ele>1700.6</ele></trkpt>
      <trkpt lat="49.186361" lon="20.233609"><ele>1700.6</ele></trkpt>
      <trkpt lat="49.186375" lon="20.233610"><ele>1700.8</ele></trkpt>
      <trkpt lat="49.186389" lon="20.233611"><ele>1701.0</ele></trkpt>
      <trkpt lat="49.186403" lon="20.233611"><ele>1701.2</ele></trkpt>
      <trkpt lat="49.186417" lon="20.233612"><ele>1701.6</ele></trkpt>
      <trkpt lat="49.186431" lon="20.233613"><ele>1701.4</ele></trkpt>
      <trkpt lat="49.186445" lon="20.233613"><ele>1701.4</ele></trkpt>
      <trkpt lat="49.186459" lon="20.233614"><ele>1701.2</ele></trkpt>
      <trkpt lat="49.186473" lon="20.233615"><ele>1701.6</ele></trkpt>
      <trkpt lat="49.186487" lon="20.233616"><ele>1701.8</ele></trkpt>
      <trkpt lat="49.186501" lon="20.233616"><ele>1702.4</ele></trkpt>
      <trkpt lat="49.186515" lon="20.233617"><ele>1702.8</ele></trkpt>
      <trkpt lat="49.186529" lon="20.233618"><ele>1703.4</ele></trkpt>
      <trkpt lat="49.186543" lon="20.233619"><ele>1703.8</ele></trkpt>
      <trkpt lat="49.186557" lon="20.233619"><ele>1704.2</ele></trkpt>
      <trkpt lat="49.186571" lon="20.233620"><ele>1704.6</ele></trkpt>
      <trkpt lat="49.186585" lon="20.233621"><ele>1705.2</ele></trkpt>
      <trkpt lat="49.186599" lon="20.233621"><ele>1705.6</ele></trkpt>
      <trkpt lat="49.186613" lon="20.233622"><ele>1706.2</ele></trkpt>
      <trkpt lat="49.186627" lon="20.233623"><ele>1706.4</ele></trkpt>
      <trkpt lat="49.186641" lon="20.233624"><ele>1706.8</ele></trkpt>
      <trkpt lat="49.186655" lon="20.233624"><ele>1707.2</ele></trkpt>
      <trkpt lat="49.186669" lon="20.233625"><ele>1707.4</ele></trkpt>
      <trkpt lat="49.186683" lon="20.233626"><ele>1708.4</ele></trkpt>
      <trkpt lat="49.186697" lon="20.233622"><ele>1709.2</ele></trkpt>
      <trkpt lat="49.186712" lon="20.233616"><ele>1708.6</ele></trkpt>
      <trkpt lat="49.186726" lon="20.233609"><ele>1709.6</ele></trkpt>
      <trkpt lat="49.186740" lon="20.233603"><ele>1709.6</ele></trkpt>
      <trkpt lat="49.186754" lon="20.233597"><ele>1710.6</ele></trkpt>
      <trkpt lat="49.186768" lon="20.233591"><ele>1709.8</ele></trkpt>
      <trkpt lat="49.186782" lon="20.233584"><ele>1710.4</ele></trkpt>
      <trkpt lat="49.186796" lon="20.233578"><ele>1711.8</ele></trkpt>
      <trkpt lat="49.186810" lon="20.233572"><ele>1712.6</ele></trkpt>
      <trkpt lat="49.186824" lon="20.233566"><ele>1713.8</ele></trkpt>
      <trkpt lat="49.186838" lon="20.233559"><ele>1715.2</ele></trkpt>
      <trkpt lat="49.186853" lon="20.233553"><ele>1716.6</ele></trkpt>
      <trkpt lat="49.186867" lon="20.233547"><ele>1717.8</ele></trkpt>
      <trkpt lat="49.186881" lon="20.233541"><ele>1718.6</ele></trkpt>
      <trkpt lat="49.186895" lon="20.233534"><ele>1719.4</ele></trkpt>
      <trkpt lat="49.186909" lon="20.233528"><ele>1719.8</ele></trkpt>
      <trkpt lat="49.186923" lon="20.233522"><ele>1720.2</ele></trkpt>
      <trkpt lat="49.186937" lon="20.233516"><ele>1720.6</ele></trkpt>
      <trkpt lat="49.186951" lon="20.233509"><ele>1721.4</ele></trkpt>
      <trkpt lat="49.186965" lon="20.233503"><ele>1721.6</ele></trkpt>
      <trkpt lat="49.186980" lon="20.233488"><ele>1722.0</ele></trkpt>
      <trkpt lat="49.186995" lon="20.233468"><ele>1722.4</ele></trkpt>
      <trkpt lat="49.187011" lon="20.233448"><ele>1722.8</ele></trkpt>
      <trkpt lat="49.187026" lon="20.233429"><ele>1723.4</ele></trkpt>
      <trkpt lat="49.187041" lon="20.233409"><ele>1724.2</ele></trkpt>
      <trkpt lat="49.187056" lon="20.233389"><ele>1725.2</ele></trkpt>
      <trkpt lat="49.187071" lon="20.233370"><ele>1725.8</ele></trkpt>
      <trkpt lat="49.187087" lon="20.233350"><ele>1726.4</ele></trkpt>
      <trkpt lat="49.187102" lon="20.233330"><ele>1727.6</ele></trkpt>
      <trkpt lat="49.187117" lon="20.233311"><ele>1728.2</ele></trkpt>
      <trkpt lat="49.187127" lon="20.233297"><ele>1728.2</ele></trkpt>
      <trkpt lat="49.187142" lon="20.233278"><ele>1728.6</ele></trkpt>
      <trkpt lat="49.187157" lon="20.233258"><ele>1729.0</ele></trkpt>
      <trkpt lat="49.187168" lon="20.233245"><ele>1729.2</ele></trkpt>
      <trkpt lat="49.187183" lon="20.233225"><ele>1730.0</ele></trkpt>
      <trkpt lat="49.187198" lon="20.233206"><ele>1730.6</ele></trkpt>
      <trkpt lat="49.187208" lon="20.233192"><ele>1731.2</ele></trkpt>
      <trkpt lat="49.187223" lon="20.233173"><ele>1732.4</ele></trkpt>
      <trkpt lat="49.187239" lon="20.233153"><ele>1733.2</ele></trkpt>
      <trkpt lat="49.187254" lon="20.233133"><ele>1733.2</ele></trkpt>
      <trkpt lat="49.187269" lon="20.233114"><ele>1732.4</ele></trkpt>
      <trkpt lat="49.187279" lon="20.233093"><ele>1731.8</ele></trkpt>
      <trkpt lat="49.187287" lon="20.233073"><ele>1732.2</ele></trkpt>
      <trkpt lat="49.187295" lon="20.233052"><ele>1731.8</ele></trkpt>
      <trkpt lat="49.187303" lon="20.233031"><ele>1731.4</ele></trkpt>
      <trkpt lat="49.187310" lon="20.233010"><ele>1731.6</ele></trkpt>
      <trkpt lat="49.187318" lon="20.232990"><ele>1731.6</ele></trkpt>
      <trkpt lat="49.187326" lon="20.232969"><ele>1732.6</ele></trkpt>
      <trkpt lat="49.187334" lon="20.232948"><ele>1733.6</ele></trkpt>
      <trkpt lat="49.187342" lon="20.232928"><ele>1734.0</ele></trkpt>
      <trkpt lat="49.187349" lon="20.232907"><ele>1734.6</ele></trkpt>
      <trkpt lat="49.187357" lon="20.232886"><ele>1735.2</ele></trkpt>
      <trkpt lat="49.187365" lon="20.232866"><ele>1735.8</ele></trkpt>
      <trkpt lat="49.187373" lon="20.232845"><ele>1736.6</ele></trkpt>
      <trkpt lat="49.187381" lon="20.232824"><ele>1737.0</ele></trkpt>
      <trkpt lat="49.187388" lon="20.232803"><ele>1737.2</ele></trkpt>
      <trkpt lat="49.187396" lon="20.232783"><ele>1737.2</ele></trkpt>
      <trkpt lat="49.187404" lon="20.232762"><ele>1737.4</ele></trkpt>
      <trkpt lat="49.187412" lon="20.232741"><ele>1737.4</ele></trkpt>
      <trkpt lat="49.187420" lon="20.232721"><ele>1737.0</ele></trkpt>
      <trkpt lat="49.187427" lon="20.232700"><ele>1735.4</ele></trkpt>
      <trkpt lat="49.187438" lon="20.232685"><ele>1734.2</ele></trkpt>
      <trkpt lat="49.187451" lon="20.232671"><ele>1736.0</ele></trkpt>
      <trkpt lat="49.187464" lon="20.232657"><ele>1736.0</ele></trkpt>
      <trkpt lat="49.187477" lon="20.232644"><ele>1736.6</ele></trkpt>
      <trkpt lat="49.187491" lon="20.232630"><ele>1736.8</ele></trkpt>
      <trkpt lat="49.187504" lon="20.232616"><ele>1738.0</ele></trkpt>
      <trkpt lat="49.187517" lon="20.232602"><ele>1738.0</ele></trkpt>
      <trkpt lat="49.187530" lon="20.232589"><ele>1738.2</ele></trkpt>
      <trkpt lat="49.187543" lon="20.232575"><ele>1738.6</ele></trkpt>
      <trkpt lat="49.187557" lon="20.232561"><ele>1739.0</ele></trkpt>
      <trkpt lat="49.187570" lon="20.232547"><ele>1740.0</ele></trkpt>
      <trkpt lat="49.187583" lon="20.232534"><ele>1741.0</ele></trkpt>
      <trkpt lat="49.187596" lon="20.232520"><ele>1739.8</ele></trkpt>
      <trkpt lat="49.187609" lon="20.232506"><ele>1739.2</ele></trkpt>
      <trkpt lat="49.187623" lon="20.232492"><ele>1739.6</ele></trkpt>
      <trkpt lat="49.187636" lon="20.232479"><ele>1740.4</ele></trkpt>
      <trkpt lat="49.187649" lon="20.232465"><ele>1740.8</ele></trkpt>
      <trkpt lat="49.187662" lon="20.232451"><ele>1740.6</ele></trkpt>
      <trkpt lat="49.187675" lon="20.232437"><ele>1740.8</ele></trkpt>
      <trkpt lat="49.187689" lon="20.232424"><ele>1740.8</ele></trkpt>
      <trkpt lat="49.187702" lon="20.232410"><ele>1741.8</ele></trkpt>
      <trkpt lat="49.187715" lon="20.232396"><ele>1740.4</ele></trkpt>
      <trkpt lat="49.187728" lon="20.232382"><ele>1740.2</ele></trkpt>
      <trkpt lat="49.187741" lon="20.232369"><ele>1740.2</ele></trkpt>
      <trkpt lat="49.187748" lon="20.232387"><ele>1739.8</ele></trkpt>
      <trkpt lat="49.187753" lon="20.232407"><ele>1739.8</ele></trkpt>
      <trkpt lat="49.187757" lon="20.232428"><ele>1739.6</ele></trkpt>
      <trkpt lat="49.187761" lon="20.232449"><ele>1738.8</ele></trkpt>
      <trkpt lat="49.187766" lon="20.232469"><ele>1738.2</ele></trkpt>
      <trkpt lat="49.187770" lon="20.232490"><ele>1738.6</ele></trkpt>
      <trkpt lat="49.187774" lon="20.232511"><ele>1739.4</ele></trkpt>
      <trkpt lat="49.187779" lon="20.232531"><ele>1739.0</ele></trkpt>
      <trkpt lat="49.187783" lon="20.232552"><ele>1739.8</ele></trkpt>
      <trkpt lat="49.187787" lon="20.232572"><ele>1739.6</ele></trkpt>
      <trkpt lat="49.187791" lon="20.232593"><ele>1739.6</ele></trkpt>
      <trkpt lat="49.187796" lon="20.232614"><ele>1739.4</ele></trkpt>
      <trkpt lat="49.187800" lon="20.232634"><ele>1739.8</ele></trkpt>
      <trkpt lat="49.187804" lon="20.232655"><ele>1739.4</ele></trkpt>
      <trkpt lat="49.187809" lon="20.232676"><ele>1739.2</ele></trkpt>
      <trkpt lat="49.187813" lon="20.232696"><ele>1739.2</ele></trkpt>
      <trkpt lat="49.187817" lon="20.232717"><ele>1739.6</ele></trkpt>
      <trkpt lat="49.187812" lon="20.232738"><ele>1738.2</ele></trkpt>
      <trkpt lat="49.187806" lon="20.232757"><ele>1738.8</ele></trkpt>
      <trkpt lat="49.187799" lon="20.232779"><ele>1738.6</ele></trkpt>
      <trkpt lat="49.187793" lon="20.232798"><ele>1738.4</ele></trkpt>
      <trkpt lat="49.187786" lon="20.232820"><ele>1739.8</ele></trkpt>
      <trkpt lat="49.187780" lon="20.232839"><ele>1739.6</ele></trkpt>
      <trkpt lat="49.187773" lon="20.232862"><ele>1739.0</ele></trkpt>
      <trkpt lat="49.187766" lon="20.232884"><ele>1738.6</ele></trkpt>
      <trkpt lat="49.187760" lon="20.232903"><ele>1737.8</ele></trkpt>
      <trkpt lat="49.187753" lon="20.232926"><ele>1736.6</ele></trkpt>
      <trkpt lat="49.187746" lon="20.232948"><ele>1736.8</ele></trkpt>
      <trkpt lat="49.187740" lon="20.232967"><ele>1736.6</ele></trkpt>
      <trkpt lat="49.187732" lon="20.232989"><ele>1736.2</ele></trkpt>
      <trkpt lat="49.187747" lon="20.232991"><ele>1739.0</ele></trkpt>
      <trkpt lat="49.187762" lon="20.232988"><ele>1739.4</ele></trkpt>
      <trkpt lat="49.187778" lon="20.232985"><ele>1737.0</ele></trkpt>
      <trkpt lat="49.187794" lon="20.232982"><ele>1735.6</ele></trkpt>
      <trkpt lat="49.187810" lon="20.232980"><ele>1733.6</ele></trkpt>
      <trkpt lat="49.187825" lon="20.232977"><ele>1732.4</ele></trkpt>
      <trkpt lat="49.187841" lon="20.232974"><ele>1731.8</ele></trkpt>
      <trkpt lat="49.187857" lon="20.232971"><ele>1731.8</ele></trkpt>
      <trkpt lat="49.187872" lon="20.232968"><ele>1731.8</ele></trkpt>
      <trkpt lat="49.187888" lon="20.232965"><ele>1732.4</ele></trkpt>
      <trkpt lat="49.187893" lon="20.232945"><ele>1733.8</ele></trkpt>
      <trkpt lat="49.187897" lon="20.232924"><ele>1734.0</ele></trkpt>
      <trkpt lat="49.187902" lon="20.232904"><ele>1732.8</ele></trkpt>
      <trkpt lat="49.187906" lon="20.232883"><ele>1731.8</ele></trkpt>
      <trkpt lat="49.187911" lon="20.232863"><ele>1731.8</ele></trkpt>
      <trkpt lat="49.187915" lon="20.232843"><ele>1732.2</ele></trkpt>
      <trkpt lat="49.187920" lon="20.232822"><ele>1732.0</ele></trkpt>
      <trkpt lat="49.187925" lon="20.232802"><ele>1732.0</ele></trkpt>
      <trkpt lat="49.187929" lon="20.232781"><ele>1731.4</ele></trkpt>
      <trkpt lat="49.187934" lon="20.232761"><ele>1731.0</ele></trkpt>
      <trkpt lat="49.187938" lon="20.232741"><ele>1730.2</ele></trkpt>
      <trkpt lat="49.187943" lon="20.232720"><ele>1730.0</ele></trkpt>
      <trkpt lat="49.187947" lon="20.232700"><ele>1729.4</ele></trkpt>
      <trkpt lat="49.187930" lon="20.232715"><ele>1729.6</ele></trkpt>
      <trkpt lat="49.187940" lon="20.232729"><ele>1729.2</ele></trkpt>
      <trkpt lat="49.187951" lon="20.232742"><ele>1729.4</ele></trkpt>
      <trkpt lat="49.187961" lon="20.232756"><ele>1729.8</ele></trkpt>
      <trkpt lat="49.187972" lon="20.232770"><ele>1730.2</ele></trkpt>
      <trkpt lat="49.187966" lon="20.232790"><ele>1730.6</ele></trkpt>
      <trkpt lat="49.187958" lon="20.232807"><ele>1731.2</ele></trkpt>
      <trkpt lat="49.187950" lon="20.232824"><ele>1731.2</ele></trkpt>
      <trkpt lat="49.187942" lon="20.232841"><ele>1730.2</ele></trkpt>
      <trkpt lat="49.187934" lon="20.232858"><ele>1729.8</ele></trkpt>
      <trkpt lat="49.187931" lon="20.232837"><ele>1731.2</ele></trkpt>
      <trkpt lat="49.187932" lon="20.232816"><ele>1731.2</ele></trkpt>
      <trkpt lat="49.187932" lon="20.232795"><ele>1731.2</ele></trkpt>
      <trkpt lat="49.187933" lon="20.232774"><ele>1730.4</ele></trkpt>
      <trkpt lat="49.187934" lon="20.232753"><ele>1729.8</ele></trkpt>
      <trkpt lat="49.187934" lon="20.232732"><ele>1731.0</ele></trkpt>
      <trkpt lat="49.187935" lon="20.232711"><ele>1729.8</ele></trkpt>
      <trkpt lat="49.187936" lon="20.232690"><ele>1727.8</ele></trkpt>
      <trkpt lat="49.187939" lon="20.232669"><ele>1731.0</ele></trkpt>
      <trkpt lat="49.187943" lon="20.232649"><ele>1731.2</ele></trkpt>
      <trkpt lat="49.187947" lon="20.232628"><ele>1731.0</ele></trkpt>
      <trkpt lat="49.187958" lon="20.232612"><ele>1730.0</ele></trkpt>
      <trkpt lat="49.187970" lon="20.232602"><ele>1730.2</ele></trkpt>
      <trkpt lat="49.187983" lon="20.232590"><ele>1731.2</ele></trkpt>
      <trkpt lat="49.187996" lon="20.232578"><ele>1730.8</ele></trkpt>
      <trkpt lat="49.188009" lon="20.232566"><ele>1730.4</ele></trkpt>
      <trkpt lat="49.188022" lon="20.232554"><ele>1731.0</ele></trkpt>
      <trkpt lat="49.188035" lon="20.232542"><ele>1730.2</ele></trkpt>
      <trkpt lat="49.188048" lon="20.232530"><ele>1729.8</ele></trkpt>
      <trkpt lat="49.188061" lon="20.232518"><ele>1730.6</ele></trkpt>
      <trkpt lat="49.188056" lon="20.232542"><ele>1731.0</ele></trkpt>
      <trkpt lat="49.188052" lon="20.232567"><ele>1730.6</ele></trkpt>
      <trkpt lat="49.188047" lon="20.232591"><ele>1730.2</ele></trkpt>
      <trkpt lat="49.188043" lon="20.232615"><ele>1729.6</ele></trkpt>
      <trkpt lat="49.188039" lon="20.232635"><ele>1729.8</ele></trkpt>
      <trkpt lat="49.188034" lon="20.232659"><ele>1730.2</ele></trkpt>
      <trkpt lat="49.188030" lon="20.232683"><ele>1730.6</ele></trkpt>
      <trkpt lat="49.188026" lon="20.232703"><ele>1730.6</ele></trkpt>
      <trkpt lat="49.188022" lon="20.232727"><ele>1730.6</ele></trkpt>
      <trkpt lat="49.188018" lon="20.232747"><ele>1730.2</ele></trkpt>
      <trkpt lat="49.188013" lon="20.232771"><ele>1730.0</ele></trkpt>
      <trkpt lat="49.188009" lon="20.232795"><ele>1729.8</ele></trkpt>
      <trkpt lat="49.188003" lon="20.232815"><ele>1729.0</ele></trkpt>
      <trkpt lat="49.187992" lon="20.232832"><ele>1730.6</ele></trkpt>
      <trkpt lat="49.187982" lon="20.232849"><ele>1730.6</ele></trkpt>
      <trkpt lat="49.187971" lon="20.232866"><ele>1730.4</ele></trkpt>
      <trkpt lat="49.187961" lon="20.232883"><ele>1729.6</ele></trkpt>
      <trkpt lat="49.187951" lon="20.232897"><ele>1730.4</ele></trkpt>
      <trkpt lat="49.187941" lon="20.232914"><ele>1731.6</ele></trkpt>
      <trkpt lat="49.187930" lon="20.232931"><ele>1732.6</ele></trkpt>
      <trkpt lat="49.187920" lon="20.232948"><ele>1733.2</ele></trkpt>
      <trkpt lat="49.187910" lon="20.232963"><ele>1732.8</ele></trkpt>
      <trkpt lat="49.187900" lon="20.232980"><ele>1731.8</ele></trkpt>
      <trkpt lat="49.187889" lon="20.232997"><ele>1731.2</ele></trkpt>
      <trkpt lat="49.187879" lon="20.233014"><ele>1731.2</ele></trkpt>
      <trkpt lat="49.187868" lon="20.233031"><ele>1731.4</ele></trkpt>
      <trkpt lat="49.187857" lon="20.233048"><ele>1731.0</ele></trkpt>
      <trkpt lat="49.187847" lon="20.233065"><ele>1731.4</ele></trkpt>
      <trkpt lat="49.187836" lon="20.233082"><ele>1731.6</ele></trkpt>
      <trkpt lat="49.187826" lon="20.233099"><ele>1732.2</ele></trkpt>
      <trkpt lat="49.187814" lon="20.233087"><ele>1736.2</ele></trkpt>
      <trkpt lat="49.187804" lon="20.233071"><ele>1737.8</ele></trkpt>
      <trkpt lat="49.187794" lon="20.233057"><ele>1737.6</ele></trkpt>
      <trkpt lat="49.187784" lon="20.233042"><ele>1737.6</ele></trkpt>
      <trkpt lat="49.187774" lon="20.233028"><ele>1738.4</ele></trkpt>
      <trkpt lat="49.187764" lon="20.233012"><ele>1739.6</ele></trkpt>
      <trkpt lat="49.187754" lon="20.232998"><ele>1738.2</ele></trkpt>
      <trkpt lat="49.187744" lon="20.232983"><ele>1738.0</ele></trkpt>
      <trkpt lat="49.187734" lon="20.232969"><ele>1738.2</ele></trkpt>
      <trkpt lat="49.187724" lon="20.232953"><ele>1739.0</ele></trkpt>
      <trkpt lat="49.187714" lon="20.232939"><ele>1738.2</ele></trkpt>
      <trkpt lat="49.187704" lon="20.232924"><ele>1738.2</ele></trkpt>
      <trkpt lat="49.187694" lon="20.232910"><ele>1737.8</ele></trkpt>
      <trkpt lat="49.187684" lon="20.232895"><ele>1738.2</ele></trkpt>
      <trkpt lat="49.187674" lon="20.232880"><ele>1737.8</ele></trkpt>
      <trkpt lat="49.187664" lon="20.232866"><ele>1737.0</ele></trkpt>
      <trkpt lat="49.187654" lon="20.232851"><ele>1737.4</ele></trkpt>
      <trkpt lat="49.187644" lon="20.232836"><ele>1737.4</ele></trkpt>
      <trkpt lat="49.187634" lon="20.232821"><ele>1738.0</ele></trkpt>
      <trkpt lat="49.187624" lon="20.232807"><ele>1738.8</ele></trkpt>
      <trkpt lat="49.187614" lon="20.232791"><ele>1739.2</ele></trkpt>
      <trkpt lat="49.187604" lon="20.232777"><ele>1738.6</ele></trkpt>
      <trkpt lat="49.187594" lon="20.232762"><ele>1737.4</ele></trkpt>
      <trkpt lat="49.187584" lon="20.232748"><ele>1737.4</ele></trkpt>
      <trkpt lat="49.187574" lon="20.232732"><ele>1738.2</ele></trkpt>
      <trkpt lat="49.187564" lon="20.232718"><ele>1736.0</ele></trkpt>
      <trkpt lat="49.187554" lon="20.232703"><ele>1736.4</ele></trkpt>
      <trkpt lat="49.187544" lon="20.232689"><ele>1737.6</ele></trkpt>
      <trkpt lat="49.187534" lon="20.232673"><ele>1738.2</ele></trkpt>
      <trkpt lat="49.187524" lon="20.232659"><ele>1739.2</ele></trkpt>
      <trkpt lat="49.187514" lon="20.232645"><ele>1738.0</ele></trkpt>
      <trkpt lat="49.187504" lon="20.232630"><ele>1736.4</ele></trkpt>
      <trkpt lat="49.187494" lon="20.232615"><ele>1736.6</ele></trkpt>
      <trkpt lat="49.187505" lon="20.232635"><ele>1738.0</ele></trkpt>
      <trkpt lat="49.187517" lon="20.232657"><ele>1738.2</ele></trkpt>
      <trkpt lat="49.187530" lon="20.232679"><ele>1738.2</ele></trkpt>
      <trkpt lat="49.187542" lon="20.232700"><ele>1738.4</ele></trkpt>
      <trkpt lat="49.187555" lon="20.232722"><ele>1738.6</ele></trkpt>
      <trkpt lat="49.187567" lon="20.232744"><ele>1739.0</ele></trkpt>
      <trkpt lat="49.187580" lon="20.232766"><ele>1739.2</ele></trkpt>
      <trkpt lat="49.187592" lon="20.232788"><ele>1739.2</ele></trkpt>
      <trkpt lat="49.187605" lon="20.232809"><ele>1739.2</ele></trkpt>
      <trkpt lat="49.187617" lon="20.232831"><ele>1739.6</ele></trkpt>
      <trkpt lat="49.187630" lon="20.232853"><ele>1740.6</ele></trkpt>
      <trkpt lat="49.187642" lon="20.232875"><ele>1740.8</ele></trkpt>
      <trkpt lat="49.187655" lon="20.232897"><ele>1742.0</ele></trkpt>
      <trkpt lat="49.187667" lon="20.232918"><ele>1740.6</ele></trkpt>
      <trkpt lat="49.187680" lon="20.232940"><ele>1739.2</ele></trkpt>
      <trkpt lat="49.187692" lon="20.232962"><ele>1738.4</ele></trkpt>
      <trkpt lat="49.187705" lon="20.232984"><ele>1738.8</ele></trkpt>
      <trkpt lat="49.187717" lon="20.233006"><ele>1738.8</ele></trkpt>
      <trkpt lat="49.187730" lon="20.233027"><ele>1738.6</ele></trkpt>
      <trkpt lat="49.187721" lon="20.233043"><ele>1737.0</ele></trkpt>
      <trkpt lat="49.187707" lon="20.233044"><ele>1736.0</ele></trkpt>
      <trkpt lat="49.187693" lon="20.233046"><ele>1734.4</ele></trkpt>
      <trkpt lat="49.187679" lon="20.233047"><ele>1734.4</ele></trkpt>
      <trkpt lat="49.187665" lon="20.233048"><ele>1735.2</ele></trkpt>
      <trkpt lat="49.187650" lon="20.233053"><ele>1735.6</ele></trkpt>
      <trkpt lat="49.187635" lon="20.233059"><ele>1735.8</ele></trkpt>
      <trkpt lat="49.187620" lon="20.233066"><ele>1735.8</ele></trkpt>
      <trkpt lat="49.187606" lon="20.233072"><ele>1735.0</ele></trkpt>
      <trkpt lat="49.187593" lon="20.233078"><ele>1734.4</ele></trkpt>
      <trkpt lat="49.187578" lon="20.233084"><ele>1733.6</ele></trkpt>
      <trkpt lat="49.187565" lon="20.233090"><ele>1733.0</ele></trkpt>
      <trkpt lat="49.187552" lon="20.233096"><ele>1732.2</ele></trkpt>
      <trkpt lat="49.187537" lon="20.233102"><ele>1731.6</ele></trkpt>
      <trkpt lat="49.187523" lon="20.233107"><ele>1732.6</ele></trkpt>
      <trkpt lat="49.187508" lon="20.233113"><ele>1735.4</ele></trkpt>
      <trkpt lat="49.187494" lon="20.233118"><ele>1736.2</ele></trkpt>
      <trkpt lat="49.187480" lon="20.233123"><ele>1736.0</ele></trkpt>
      <trkpt lat="49.187466" lon="20.233127"><ele>1734.8</ele></trkpt>
      <trkpt lat="49.187451" lon="20.233134"><ele>1734.0</ele></trkpt>
      <trkpt lat="49.187436" lon="20.233141"><ele>1733.8</ele></trkpt>
      <trkpt lat="49.187421" lon="20.233149"><ele>1733.0</ele></trkpt>
      <trkpt lat="49.187406" lon="20.233156"><ele>1733.4</ele></trkpt>
      <trkpt lat="49.187391" lon="20.233164"><ele>1733.6</ele></trkpt>
      <trkpt lat="49.187376" lon="20.233171"><ele>1734.0</ele></trkpt>
      <trkpt lat="49.187361" lon="20.233179"><ele>1735.0</ele></trkpt>
      <trkpt lat="49.187346" lon="20.233186"><ele>1735.6</ele></trkpt>
      <trkpt lat="49.187330" lon="20.233193"><ele>1735.2</ele></trkpt>
      <trkpt lat="49.187315" lon="20.233201"><ele>1736.2</ele></trkpt>
      <trkpt lat="49.187300" lon="20.233208"><ele>1736.0</ele></trkpt>
      <trkpt lat="49.187285" lon="20.233216"><ele>1736.4</ele></trkpt>
      <trkpt lat="49.187270" lon="20.233223"><ele>1737.4</ele></trkpt>
      <trkpt lat="49.187255" lon="20.233231"><ele>1736.2</ele></trkpt>
      <trkpt lat="49.187240" lon="20.233238"><ele>1735.4</ele></trkpt>
      <trkpt lat="49.187228" lon="20.233250"><ele>1733.2</ele></trkpt>
      <trkpt lat="49.187219" lon="20.233270"><ele>1731.2</ele></trkpt>
      <trkpt lat="49.187209" lon="20.233289"><ele>1731.4</ele></trkpt>
      <trkpt lat="49.187200" lon="20.233309"><ele>1731.8</ele></trkpt>
      <trkpt lat="49.187190" lon="20.233329"><ele>1731.8</ele></trkpt>
      <trkpt lat="49.187181" lon="20.233349"><ele>1731.8</ele></trkpt>
      <trkpt lat="49.187171" lon="20.233368"><ele>1732.8</ele></trkpt>
      <trkpt lat="49.187162" lon="20.233388"><ele>1733.0</ele></trkpt>
      <trkpt lat="49.187152" lon="20.233408"><ele>1732.0</ele></trkpt>
      <trkpt lat="49.187143" lon="20.233428"><ele>1730.8</ele></trkpt>
      <trkpt lat="49.187133" lon="20.233447"><ele>1730.2</ele></trkpt>
      <trkpt lat="49.187124" lon="20.233467"><ele>1729.0</ele></trkpt>
      <trkpt lat="49.187105" lon="20.233473"><ele>1727.8</ele></trkpt>
      <trkpt lat="49.187091" lon="20.233471"><ele>1727.4</ele></trkpt>
      <trkpt lat="49.187076" lon="20.233469"><ele>1727.2</ele></trkpt>
      <trkpt lat="49.187061" lon="20.233467"><ele>1726.6</ele></trkpt>
      <trkpt lat="49.187046" lon="20.233465"><ele>1725.6</ele></trkpt>
      <trkpt lat="49.187032" lon="20.233463"><ele>1725.0</ele></trkpt>
      <trkpt lat="49.187017" lon="20.233461"><ele>1724.6</ele></trkpt>
      <trkpt lat="49.187002" lon="20.233459"><ele>1724.2</ele></trkpt>
      <trkpt lat="49.186987" lon="20.233457"><ele>1724.0</ele></trkpt>
      <trkpt lat="49.186973" lon="20.233455"><ele>1723.8</ele></trkpt>
      <trkpt lat="49.186958" lon="20.233453"><ele>1723.4</ele></trkpt>
      <trkpt lat="49.186943" lon="20.233451"><ele>1723.2</ele></trkpt>
      <trkpt lat="49.186928" lon="20.233449"><ele>1723.0</ele></trkpt>
      <trkpt lat="49.186914" lon="20.233447"><ele>1722.4</ele></trkpt>
      <trkpt lat="49.186899" lon="20.233444"><ele>1722.2</ele></trkpt>
      <trkpt lat="49.186884" lon="20.233442"><ele>1721.8</ele></trkpt>
      <trkpt lat="49.186870" lon="20.233440"><ele>1721.2</ele></trkpt>
      <trkpt lat="49.186855" lon="20.233438"><ele>1721.2</ele></trkpt>
      <trkpt lat="49.186840" lon="20.233436"><ele>1721.4</ele></trkpt>
      <trkpt lat="49.186825" lon="20.233434"><ele>1721.2</ele></trkpt>
      <trkpt lat="49.186811" lon="20.233432"><ele>1720.6</ele></trkpt>
      <trkpt lat="49.186796" lon="20.233430"><ele>1720.0</ele></trkpt>
      <trkpt lat="49.186781" lon="20.233428"><ele>1719.4</ele></trkpt>
      <trkpt lat="49.186766" lon="20.233426"><ele>1718.8</ele></trkpt>
      <trkpt lat="49.186752" lon="20.233424"><ele>1718.2</ele></trkpt>
      <trkpt lat="49.186737" lon="20.233422"><ele>1718.0</ele></trkpt>
      <trkpt lat="49.186722" lon="20.233420"><ele>1717.2</ele></trkpt>
      <trkpt lat="49.186707" lon="20.233418"><ele>1717.0</ele></trkpt>
      <trkpt lat="49.186693" lon="20.233416"><ele>1716.2</ele></trkpt>
      <trkpt lat="49.186678" lon="20.233414"><ele>1715.8</ele></trkpt>
      <trkpt lat="49.186673" lon="20.233434"><ele>1714.4</ele></trkpt>
      <trkpt lat="49.186668" lon="20.233454"><ele>1713.4</ele></trkpt>
      <trkpt lat="49.186662" lon="20.233474"><ele>1713.0</ele></trkpt>
      <trkpt lat="49.186657" lon="20.233494"><ele>1712.8</ele></trkpt>
      <trkpt lat="49.186652" lon="20.233514"><ele>1712.4</ele></trkpt>
      <trkpt lat="49.186647" lon="20.233534"><ele>1712.0</ele></trkpt>
      <trkpt lat="49.186641" lon="20.233554"><ele>1711.4</ele></trkpt>
      <trkpt lat="49.186636" lon="20.233574"><ele>1710.8</ele></trkpt>
      <trkpt lat="49.186631" lon="20.233594"><ele>1710.4</ele></trkpt>
      <trkpt lat="49.186626" lon="20.233614"><ele>1710.2</ele></trkpt>
      <trkpt lat="49.186620" lon="20.233633"><ele>1709.4</ele></trkpt>
      <trkpt lat="49.186615" lon="20.233653"><ele>1708.8</ele></trkpt>
      <trkpt lat="49.186610" lon="20.233673"><ele>1708.2</ele></trkpt>
      <trkpt lat="49.186605" lon="20.233693"><ele>1707.4</ele></trkpt>
      <trkpt lat="49.186599" lon="20.233713"><ele>1706.0</ele></trkpt>
      <trkpt lat="49.186594" lon="20.233733"><ele>1705.0</ele></trkpt>
      <trkpt lat="49.186589" lon="20.233753"><ele>1704.2</ele></trkpt>
      <trkpt lat="49.186584" lon="20.233773"><ele>1703.8</ele></trkpt>
      <trkpt lat="49.186578" lon="20.233793"><ele>1704.0</ele></trkpt>
      <trkpt lat="49.186573" lon="20.233813"><ele>1703.4</ele></trkpt>
      <trkpt lat="49.186559" lon="20.233811"><ele>1702.4</ele></trkpt>
      <trkpt lat="49.186541" lon="20.233809"><ele>1701.4</ele></trkpt>
      <trkpt lat="49.186527" lon="20.233807"><ele>1700.0</ele></trkpt>
      <trkpt lat="49.186513" lon="20.233805"><ele>1698.6</ele></trkpt>
      <trkpt lat="49.186495" lon="20.233803"><ele>1698.0</ele></trkpt>
      <trkpt lat="49.186481" lon="20.233801"><ele>1698.0</ele></trkpt>
      <trkpt lat="49.186463" lon="20.233798"><ele>1698.2</ele></trkpt>
      <trkpt lat="49.186449" lon="20.233796"><ele>1698.2</ele></trkpt>
      <trkpt lat="49.186431" lon="20.233794"><ele>1698.6</ele></trkpt>
      <trkpt lat="49.186417" lon="20.233792"><ele>1698.4</ele></trkpt>
      <trkpt lat="49.186403" lon="20.233790"><ele>1698.8</ele></trkpt>
      <trkpt lat="49.186385" lon="20.233788"><ele>1699.2</ele></trkpt>
      <trkpt lat="49.186371" lon="20.233786"><ele>1699.2</ele></trkpt>
      <trkpt lat="49.186353" lon="20.233783"><ele>1699.4</ele></trkpt>
      <trkpt lat="49.186339" lon="20.233782"><ele>1699.6</ele></trkpt>
      <trkpt lat="49.186321" lon="20.233779"><ele>1700.4</ele></trkpt>
      <trkpt lat="49.186307" lon="20.233777"><ele>1700.4</ele></trkpt>
      <trkpt lat="49.186295" lon="20.233767"><ele>1698.8</ele></trkpt>
      <trkpt lat="49.186289" lon="20.233748"><ele>1698.8</ele></trkpt>
      <trkpt lat="49.186283" lon="20.233729"><ele>1697.8</ele></trkpt>
      <trkpt lat="49.186277" lon="20.233710"><ele>1699.2</ele></trkpt>
      <trkpt lat="49.186271" lon="20.233691"><ele>1700.2</ele></trkpt>
      <trkpt lat="49.186265" lon="20.233672"><ele>1698.6</ele></trkpt>
      <trkpt lat="49.186259" lon="20.233653"><ele>1698.2</ele></trkpt>
      <trkpt lat="49.186252" lon="20.233635"><ele>1697.0</ele></trkpt>
      <trkpt lat="49.186246" lon="20.233616"><ele>1698.6</ele></trkpt>
      <trkpt lat="49.186240" lon="20.233597"><ele>1698.0</ele></trkpt>
      <trkpt lat="49.186234" lon="20.233578"><ele>1697.6</ele></trkpt>
      <trkpt lat="49.186228" lon="20.233559"><ele>1699.8</ele></trkpt>
      <trkpt lat="49.186222" lon="20.233540"><ele>1698.4</ele></trkpt>
      <trkpt lat="49.186216" lon="20.233521"><ele>1698.4</ele></trkpt>
      <trkpt lat="49.186210" lon="20.233502"><ele>1698.8</ele></trkpt>
      <trkpt lat="49.186204" lon="20.233483"><ele>1698.2</ele></trkpt>
      <trkpt lat="49.186198" lon="20.233464"><ele>1697.8</ele></trkpt>
      <trkpt lat="49.186193" lon="20.233444"><ele>1697.0</ele></trkpt>
      <trkpt lat="49.186189" lon="20.233421"><ele>1697.2</ele></trkpt>
      <trkpt lat="49.186185" lon="20.233398"><ele>1697.2</ele></trkpt>
      <trkpt lat="49.186181" lon="20.233375"><ele>1697.4</ele></trkpt>
      <trkpt lat="49.186177" lon="20.233352"><ele>1698.0</ele></trkpt>
      <trkpt lat="49.186172" lon="20.233329"><ele>1698.2</ele></trkpt>
      <trkpt lat="49.186168" lon="20.233306"><ele>1697.8</ele></trkpt>
      <trkpt lat="49.186164" lon="20.233283"><ele>1697.4</ele></trkpt>
      <trkpt lat="49.186160" lon="20.233260"><ele>1697.4</ele></trkpt>
      <trkpt lat="49.186156" lon="20.233237"><ele>1697.6</ele></trkpt>
      <trkpt lat="49.186159" lon="20.233258"><ele>1697.4</ele></trkpt>
      <trkpt lat="49.186163" lon="20.233284"><ele>1697.2</ele></trkpt>
      <trkpt lat="49.186167" lon="20.233309"><ele>1697.2</ele></trkpt>
      <trkpt lat="49.186171" lon="20.233335"><ele>1697.4</ele></trkpt>
      <trkpt lat="49.186175" lon="20.233360"><ele>1697.2</ele></trkpt>
      <trkpt lat="49.186179" lon="20.233386"><ele>1696.8</ele></trkpt>
      <trkpt lat="49.186183" lon="20.233412"><ele>1696.6</ele></trkpt>
      <trkpt lat="49.186187" lon="20.233437"><ele>1696.6</ele></trkpt>
      <trkpt lat="49.186191" lon="20.233463"><ele>1696.8</ele></trkpt>
      <trkpt lat="49.186195" lon="20.233488"><ele>1697.0</ele></trkpt>
      <trkpt lat="49.186199" lon="20.233514"><ele>1697.2</ele></trkpt>
      <trkpt lat="49.186203" lon="20.233540"><ele>1697.4</ele></trkpt>
      <trkpt lat="49.186207" lon="20.233565"><ele>1697.4</ele></trkpt>
      <trkpt lat="49.186211" lon="20.233591"><ele>1697.6</ele></trkpt>
      <trkpt lat="49.186214" lon="20.233619"><ele>1697.6</ele></trkpt>
      <trkpt lat="49.186213" lon="20.233644"><ele>1697.4</ele></trkpt>
      <trkpt lat="49.186211" lon="20.233670"><ele>1697.6</ele></trkpt>
      <trkpt lat="49.186210" lon="20.233695"><ele>1697.2</ele></trkpt>
      <trkpt lat="49.186209" lon="20.233721"><ele>1697.2</ele></trkpt>
      <trkpt lat="49.186208" lon="20.233747"><ele>1697.4</ele></trkpt>
      <trkpt lat="49.186207" lon="20.233772"><ele>1697.4</ele></trkpt>
      <trkpt lat="49.186206" lon="20.233798"><ele>1697.4</ele></trkpt>
      <trkpt lat="49.186205" lon="20.233823"><ele>1697.4</ele></trkpt>
      <trkpt lat="49.186204" lon="20.233849"><ele>1697.4</ele></trkpt>
      <trkpt lat="49.186203" lon="20.233875"><ele>1697.4</ele></trkpt>
      <trkpt lat="49.186202" lon="20.233900"><ele>1697.6</ele></trkpt>
      <trkpt lat="49.186200" lon="20.233926"><ele>1697.8</ele></trkpt>
      <trkpt lat="49.186199" lon="20.233951"><ele>1697.8</ele></trkpt>
      <trkpt lat="49.186198" lon="20.233977"><ele>1697.8</ele></trkpt>
      <trkpt lat="49.186197" lon="20.234003"><ele>1697.6</ele></trkpt>
      <trkpt lat="49.186196" lon="20.234028"><ele>1697.4</ele></trkpt>
      <trkpt lat="49.186195" lon="20.234054"><ele>1697.4</ele></trkpt>
      <trkpt lat="49.186194" lon="20.234079"><ele>1697.8</ele></trkpt>
      <trkpt lat="49.186193" lon="20.234105"><ele>1697.8</ele></trkpt>
      <trkpt lat="49.186185" lon="20.234087"><ele>1698.0</ele></trkpt>
      <trkpt lat="49.186181" lon="20.234067"><ele>1697.8</ele></trkpt>
      <trkpt lat="49.186177" lon="20.234047"><ele>1697.8</ele></trkpt>
      <trkpt lat="49.186173" lon="20.234027"><ele>1697.4</ele></trkpt>
      <trkpt lat="49.186170" lon="20.234006"><ele>1698.0</ele></trkpt>
      <trkpt lat="49.186166" lon="20.233986"><ele>1698.0</ele></trkpt>
      <trkpt lat="49.186162" lon="20.233966"><ele>1698.0</ele></trkpt>
      <trkpt lat="49.186158" lon="20.233945"><ele>1698.2</ele></trkpt>
      <trkpt lat="49.186154" lon="20.233925"><ele>1698.0</ele></trkpt>
      <trkpt lat="49.186150" lon="20.233905"><ele>1698.0</ele></trkpt>
      <trkpt lat="49.186146" lon="20.233884"><ele>1698.0</ele></trkpt>
      <trkpt lat="49.186142" lon="20.233864"><ele>1698.0</ele></trkpt>
      <trkpt lat="49.186138" lon="20.233844"><ele>1697.8</ele></trkpt>
      <trkpt lat="49.186134" lon="20.233824"><ele>1697.6</ele></trkpt>
      <trkpt lat="49.186130" lon="20.233803"><ele>1697.8</ele></trkpt>
      <trkpt lat="49.186126" lon="20.233783"><ele>1698.6</ele></trkpt>
      <trkpt lat="49.186122" lon="20.233763"><ele>1699.2</ele></trkpt>
      <trkpt lat="49.186118" lon="20.233742"><ele>1699.8</ele></trkpt>
      <trkpt lat="49.186114" lon="20.233722"><ele>1699.8</ele></trkpt>
      <trkpt lat="49.186110" lon="20.233702"><ele>1698.8</ele></trkpt>
      <trkpt lat="49.186106" lon="20.233681"><ele>1697.4</ele></trkpt>
      <trkpt lat="49.186102" lon="20.233661"><ele>1697.6</ele></trkpt>
      <trkpt lat="49.186098" lon="20.233641"><ele>1697.0</ele></trkpt>
      <trkpt lat="49.186094" lon="20.233619"><ele>1698.0</ele></trkpt>
      <trkpt lat="49.186090" lon="20.233598"><ele>1698.2</ele></trkpt>
      <trkpt lat="49.186086" lon="20.233578"><ele>1697.8</ele></trkpt>
      <trkpt lat="49.186082" lon="20.233558"><ele>1698.2</ele></trkpt>
      <trkpt lat="49.186078" lon="20.233537"><ele>1698.0</ele></trkpt>
      <trkpt lat="49.186074" lon="20.233517"><ele>1698.4</ele></trkpt>
      <trkpt lat="49.186088" lon="20.233518"><ele>1699.0</ele></trkpt>
      <trkpt lat="49.186102" lon="20.233521"><ele>1698.8</ele></trkpt>
      <trkpt lat="49.186116" lon="20.233524"><ele>1698.8</ele></trkpt>
      <trkpt lat="49.186130" lon="20.233527"><ele>1699.2</ele></trkpt>
      <trkpt lat="49.186144" lon="20.233530"><ele>1699.0</ele></trkpt>
      <trkpt lat="49.186158" lon="20.233533"><ele>1699.6</ele></trkpt>
      <trkpt lat="49.186172" lon="20.233535"><ele>1698.4</ele></trkpt>
      <trkpt lat="49.186186" lon="20.233538"><ele>1699.4</ele></trkpt>
      <trkpt lat="49.186200" lon="20.233543"><ele>1698.4</ele></trkpt>
      <trkpt lat="49.186215" lon="20.233549"><ele>1698.4</ele></trkpt>
      <trkpt lat="49.186230" lon="20.233555"><ele>1698.2</ele></trkpt>
      <trkpt lat="49.186245" lon="20.233560"><ele>1698.2</ele></trkpt>
      <trkpt lat="49.186259" lon="20.233566"><ele>1698.6</ele></trkpt>
      <trkpt lat="49.186273" lon="20.233571"><ele>1697.6</ele></trkpt>
      <trkpt lat="49.186287" lon="20.233576"><ele>1697.8</ele></trkpt>
      <trkpt lat="49.186300" lon="20.233582"><ele>1697.6</ele></trkpt>
      <trkpt lat="49.186314" lon="20.233587"><ele>1697.8</ele></trkpt>
      <trkpt lat="49.186329" lon="20.233592"><ele>1697.6</ele></trkpt>
      <trkpt lat="49.186342" lon="20.233598"><ele>1697.4</ele></trkpt>
      <trkpt lat="49.186356" lon="20.233603"><ele>1696.8</ele></trkpt>
      <trkpt lat="49.186371" lon="20.233609"><ele>1698.0</ele></trkpt>
      <trkpt lat="49.186385" lon="20.233614"><ele>1697.6</ele></trkpt>
      <trkpt lat="49.186399" lon="20.233619"><ele>1697.2</ele></trkpt>
      <trkpt lat="49.186413" lon="20.233625"><ele>1697.4</ele></trkpt>
      <trkpt lat="49.186427" lon="20.233630"><ele>1697.6</ele></trkpt>
      <trkpt lat="49.186441" lon="20.233636"><ele>1697.6</ele></trkpt>
      <trkpt lat="49.186455" lon="20.233641"><ele>1697.0</ele></trkpt>
      <trkpt lat="49.186469" lon="20.233646"><ele>1697.6</ele></trkpt>
      <trkpt lat="49.186483" lon="20.233652"><ele>1698.0</ele></trkpt>
      <trkpt lat="49.186497" lon="20.233657"><ele>1697.8</ele></trkpt>
      <trkpt lat="49.186511" lon="20.233663"><ele>1697.8</ele></trkpt>
      <trkpt lat="49.186525" lon="20.233668"><ele>1698.0</ele></trkpt>
      <trkpt lat="49.186539" lon="20.233673"><ele>1698.4</ele></trkpt>
      <trkpt lat="49.186553" lon="20.233679"><ele>1698.6</ele></trkpt>
      <trkpt lat="49.186567" lon="20.233684"><ele>1698.2</ele></trkpt>
      <trkpt lat="49.186581" lon="20.233689"><ele>1698.2</ele></trkpt>
      <trkpt lat="49.186595" lon="20.233695"><ele>1697.6</ele></trkpt>
      <trkpt lat="49.186609" lon="20.233700"><ele>1698.6</ele></trkpt>
      <trkpt lat="49.186623" lon="20.233705"><ele>1698.2</ele></trkpt>
      <trkpt lat="49.186637" lon="20.233711"><ele>1697.4</ele></trkpt>
      <trkpt lat="49.186651" lon="20.233716"><ele>1698.8</ele></trkpt>
      <trkpt lat="49.186665" lon="20.233721"><ele>1698.4</ele></trkpt>
      <trkpt lat="49.186679" lon="20.233727"><ele>1698.8</ele></trkpt>
      <trkpt lat="49.186693" lon="20.233732"><ele>1699.2</ele></trkpt>
      <trkpt lat="49.186707" lon="20.233737"><ele>1698.8</ele></trkpt>
      <trkpt lat="49.186721" lon="20.233743"><ele>1699.0</ele></trkpt>
      <trkpt lat="49.186735" lon="20.233748"><ele>1701.4</ele></trkpt>
      <trkpt lat="49.186749" lon="20.233753"><ele>1703.2</ele></trkpt>
      <trkpt lat="49.186761" lon="20.233738"><ele>1706.8</ele></trkpt>
      <trkpt lat="49.186765" lon="20.233714"><ele>1708.4</ele></trkpt>
      <trkpt lat="49.186769" lon="20.233690"><ele>1710.0</ele></trkpt>
      <trkpt lat="49.186772" lon="20.233666"><ele>1711.0</ele></trkpt>
      <trkpt lat="49.186776" lon="20.233642"><ele>1712.2</ele></trkpt>
      <trkpt lat="49.186780" lon="20.233618"><ele>1712.2</ele></trkpt>
      <trkpt lat="49.186784" lon="20.233594"><ele>1713.0</ele></trkpt>
      <trkpt lat="49.186788" lon="20.233571"><ele>1713.2</ele></trkpt>
      <trkpt lat="49.186792" lon="20.233547"><ele>1714.2</ele></trkpt>
      <trkpt lat="49.186795" lon="20.233523"><ele>1714.8</ele></trkpt>
      <trkpt lat="49.186799" lon="20.233499"><ele>1715.4</ele></trkpt>
      <trkpt lat="49.186803" lon="20.233475"><ele>1716.0</ele></trkpt>
      <trkpt lat="49.186817" lon="20.233465"><ele>1716.2</ele></trkpt>
      <trkpt lat="49.186832" lon="20.233454"><ele>1716.2</ele></trkpt>
      <trkpt lat="49.186846" lon="20.233444"><ele>1716.4</ele></trkpt>
      <trkpt lat="49.186861" lon="20.233433"><ele>1716.2</ele></trkpt>
      <trkpt lat="49.186875" lon="20.233423"><ele>1716.4</ele></trkpt>
      <trkpt lat="49.186889" lon="20.233412"><ele>1716.6</ele></trkpt>
      <trkpt lat="49.186904" lon="20.233402"><ele>1717.0</ele></trkpt>
      <trkpt lat="49.186918" lon="20.233391"><ele>1717.4</ele></trkpt>
      <trkpt lat="49.186933" lon="20.233381"><ele>1718.0</ele></trkpt>
      <trkpt lat="49.186947" lon="20.233370"><ele>1718.6</ele></trkpt>
      <trkpt lat="49.186961" lon="20.233360"><ele>1719.2</ele></trkpt>
      <trkpt lat="49.186976" lon="20.233349"><ele>1720.4</ele></trkpt>
      <trkpt lat="49.186990" lon="20.233339"><ele>1721.4</ele></trkpt>
      <trkpt lat="49.187005" lon="20.233328"><ele>1721.8</ele></trkpt>
      <trkpt lat="49.187019" lon="20.233318"><ele>1722.0</ele></trkpt>
      <trkpt lat="49.187033" lon="20.233307"><ele>1722.4</ele></trkpt>
      <trkpt lat="49.187048" lon="20.233297"><ele>1722.6</ele></trkpt>
      <trkpt lat="49.187062" lon="20.233286"><ele>1722.8</ele></trkpt>
      <trkpt lat="49.187077" lon="20.233276"><ele>1723.2</ele></trkpt>
      <trkpt lat="49.187091" lon="20.233265"><ele>1723.6</ele></trkpt>
      <trkpt lat="49.187105" lon="20.233255"><ele>1724.0</ele></trkpt>
      <trkpt lat="49.187120" lon="20.233244"><ele>1724.6</ele></trkpt>
      <trkpt lat="49.187134" lon="20.233234"><ele>1725.0</ele></trkpt>
      <trkpt lat="49.187149" lon="20.233223"><ele>1725.4</ele></trkpt>
      <trkpt lat="49.187163" lon="20.233213"><ele>1726.0</ele></trkpt>
      <trkpt lat="49.187177" lon="20.233202"><ele>1726.2</ele></trkpt>
      <trkpt lat="49.187192" lon="20.233192"><ele>1726.6</ele></trkpt>
      <trkpt lat="49.187206" lon="20.233181"><ele>1727.0</ele></trkpt>
      <trkpt lat="49.187221" lon="20.233171"><ele>1727.4</ele></trkpt>
      <trkpt lat="49.187235" lon="20.233160"><ele>1727.8</ele></trkpt>
      <trkpt lat="49.187805" lon="20.232467"><ele>1737.4</ele></trkpt>
      <trkpt lat="49.188461" lon="20.232971"><ele>1734.8</ele></trkpt>
      <trkpt lat="49.188460" lon="20.232993"><ele>1735.8</ele></trkpt>
      <trkpt lat="49.188459" lon="20.233014"><ele>1734.6</ele></trkpt>
      <trkpt lat="49.188458" lon="20.233036"><ele>1736.0</ele></trkpt>
      <trkpt lat="49.188457" lon="20.233057"><ele>1735.2</ele></trkpt>
      <trkpt lat="49.188456" lon="20.233079"><ele>1734.2</ele></trkpt>
      <trkpt lat="49.188455" lon="20.233100"><ele>1732.6</ele></trkpt>
      <trkpt lat="49.188453" lon="20.233122"><ele>1732.6</ele></trkpt>
      <trkpt lat="49.188452" lon="20.233143"><ele>1731.6</ele></trkpt>
      <trkpt lat="49.188451" lon="20.233165"><ele>1730.2</ele></trkpt>
      <trkpt lat="49.188450" lon="20.233186"><ele>1729.4</ele></trkpt>
      <trkpt lat="49.188449" lon="20.233208"><ele>1730.2</ele></trkpt>
      <trkpt lat="49.188448" lon="20.233230"><ele>1730.2</ele></trkpt>
      <trkpt lat="49.188447" lon="20.233251"><ele>1729.0</ele></trkpt>
      <trkpt lat="49.188446" lon="20.233273"><ele>1729.0</ele></trkpt>
      <trkpt lat="49.188445" lon="20.233294"><ele>1727.8</ele></trkpt>
      <trkpt lat="49.188444" lon="20.233316"><ele>1727.4</ele></trkpt>
      <trkpt lat="49.188443" lon="20.233337"><ele>1728.0</ele></trkpt>
      <trkpt lat="49.188442" lon="20.233359"><ele>1727.6</ele></trkpt>
      <trkpt lat="49.188440" lon="20.233380"><ele>1728.2</ele></trkpt>
      <trkpt lat="49.188439" lon="20.233402"><ele>1726.6</ele></trkpt>
      <trkpt lat="49.188438" lon="20.233423"><ele>1727.0</ele></trkpt>
      <trkpt lat="49.188437" lon="20.233445"><ele>1726.0</ele></trkpt>
      <trkpt lat="49.188436" lon="20.233466"><ele>1727.2</ele></trkpt>
      <trkpt lat="49.188435" lon="20.233488"><ele>1727.6</ele></trkpt>
      <trkpt lat="49.188450" lon="20.233493"><ele>1727.4</ele></trkpt>
      <trkpt lat="49.188464" lon="20.233499"><ele>1727.2</ele></trkpt>
      <trkpt lat="49.188479" lon="20.233504"><ele>1727.8</ele></trkpt>
      <trkpt lat="49.188494" lon="20.233510"><ele>1728.6</ele></trkpt>
      <trkpt lat="49.188508" lon="20.233515"><ele>1729.0</ele></trkpt>
      <trkpt lat="49.188523" lon="20.233521"><ele>1729.4</ele></trkpt>
      <trkpt lat="49.188537" lon="20.233526"><ele>1730.0</ele></trkpt>
      <trkpt lat="49.188552" lon="20.233532"><ele>1730.0</ele></trkpt>
      <trkpt lat="49.188567" lon="20.233537"><ele>1730.0</ele></trkpt>
      <trkpt lat="49.188581" lon="20.233543"><ele>1730.2</ele></trkpt>
      <trkpt lat="49.188596" lon="20.233548"><ele>1730.6</ele></trkpt>
      <trkpt lat="49.188611" lon="20.233554"><ele>1732.0</ele></trkpt>
      <trkpt lat="49.188625" lon="20.233559"><ele>1732.4</ele></trkpt>
      <trkpt lat="49.188640" lon="20.233565"><ele>1733.0</ele></trkpt>
      <trkpt lat="49.188655" lon="20.233570"><ele>1733.8</ele></trkpt>
      <trkpt lat="49.188669" lon="20.233576"><ele>1734.6</ele></trkpt>
      <trkpt lat="49.188684" lon="20.233581"><ele>1735.8</ele></trkpt>
      <trkpt lat="49.188698" lon="20.233587"><ele>1736.8</ele></trkpt>
      <trkpt lat="49.188713" lon="20.233592"><ele>1737.2</ele></trkpt>
      <trkpt lat="49.188728" lon="20.233598"><ele>1737.6</ele></trkpt>
      <trkpt lat="49.188742" lon="20.233603"><ele>1737.8</ele></trkpt>
      <trkpt lat="49.188757" lon="20.233609"><ele>1738.0</ele></trkpt>
      <trkpt lat="49.188772" lon="20.233614"><ele>1738.4</ele></trkpt>
      <trkpt lat="49.188786" lon="20.233620"><ele>1738.8</ele></trkpt>
      <trkpt lat="49.188801" lon="20.233625"><ele>1739.0</ele></trkpt>
      <trkpt lat="49.188815" lon="20.233631"><ele>1739.6</ele></trkpt>
      <trkpt lat="49.188830" lon="20.233636"><ele>1740.0</ele></trkpt>
      <trkpt lat="49.188845" lon="20.233642"><ele>1740.8</ele></trkpt>
      <trkpt lat="49.188859" lon="20.233647"><ele>1741.4</ele></trkpt>
      <trkpt lat="49.188874" lon="20.233653"><ele>1741.8</ele></trkpt>
      <trkpt lat="49.188887" lon="20.233643"><ele>1742.6</ele></trkpt>
      <trkpt lat="49.188900" lon="20.233634"><ele>1743.4</ele></trkpt>
      <trkpt lat="49.188913" lon="20.233624"><ele>1744.0</ele></trkpt>
      <trkpt lat="49.188926" lon="20.233615"><ele>1744.6</ele></trkpt>
      <trkpt lat="49.188939" lon="20.233605"><ele>1744.2</ele></trkpt>
      <trkpt lat="49.188952" lon="20.233595"><ele>1743.8</ele></trkpt>
      <trkpt lat="49.188965" lon="20.233586"><ele>1742.8</ele></trkpt>
      <trkpt lat="49.188978" lon="20.233576"><ele>1742.6</ele></trkpt>
      <trkpt lat="49.188991" lon="20.233566"><ele>1743.2</ele></trkpt>
      <trkpt lat="49.189005" lon="20.233555"><ele>1743.4</ele></trkpt>
      <trkpt lat="49.189018" lon="20.233546"><ele>1739.8</ele></trkpt>
      <trkpt lat="49.189031" lon="20.233536"><ele>1742.0</ele></trkpt>
      <trkpt lat="49.189044" lon="20.233527"><ele>1742.8</ele></trkpt>
      <trkpt lat="49.189057" lon="20.233517"><ele>1744.8</ele></trkpt>
      <trkpt lat="49.189070" lon="20.233507"><ele>1744.6</ele></trkpt>
      <trkpt lat="49.189083" lon="20.233498"><ele>1744.8</ele></trkpt>
      <trkpt lat="49.189096" lon="20.233488"><ele>1744.8</ele></trkpt>
      <trkpt lat="49.189109" lon="20.233478"><ele>1744.2</ele></trkpt>
      <trkpt lat="49.189122" lon="20.233469"><ele>1744.6</ele></trkpt>
      <trkpt lat="49.189135" lon="20.233459"><ele>1744.0</ele></trkpt>
      <trkpt lat="49.189148" lon="20.233450"><ele>1743.4</ele></trkpt>
      <trkpt lat="49.189161" lon="20.233440"><ele>1743.2</ele></trkpt>
      <trkpt lat="49.189174" lon="20.233430"><ele>1744.0</ele></trkpt>
      <trkpt lat="49.189187" lon="20.233421"><ele>1743.6</ele></trkpt>
      <trkpt lat="49.189200" lon="20.233411"><ele>1744.2</ele></trkpt>
      <trkpt lat="49.189212" lon="20.233401"><ele>1744.4</ele></trkpt>
      <trkpt lat="49.189225" lon="20.233392"><ele>1745.4</ele></trkpt>
      <trkpt lat="49.189238" lon="20.233382"><ele>1745.4</ele></trkpt>
      <trkpt lat="49.189251" lon="20.233373"><ele>1746.6</ele></trkpt>
      <trkpt lat="49.189264" lon="20.233363"><ele>1747.4</ele></trkpt>
      <trkpt lat="49.189277" lon="20.233353"><ele>1747.0</ele></trkpt>
      <trkpt lat="49.189290" lon="20.233344"><ele>1746.4</ele></trkpt>
      <trkpt lat="49.189303" lon="20.233334"><ele>1748.6</ele></trkpt>
      <trkpt lat="49.189316" lon="20.233324"><ele>1749.0</ele></trkpt>
      <trkpt lat="49.189329" lon="20.233315"><ele>1751.0</ele></trkpt>
      <trkpt lat="49.189342" lon="20.233305"><ele>1751.8</ele></trkpt>
      <trkpt lat="49.189355" lon="20.233296"><ele>1753.4</ele></trkpt>
      <trkpt lat="49.189368" lon="20.233286"><ele>1755.2</ele></trkpt>
      <trkpt lat="49.189381" lon="20.233276"><ele>1755.2</ele></trkpt>
      <trkpt lat="49.189394" lon="20.233267"><ele>1754.8</ele></trkpt>
      <trkpt lat="49.189407" lon="20.233257"><ele>1757.0</ele></trkpt>
      <trkpt lat="49.189420" lon="20.233247"><ele>1758.4</ele></trkpt>
      <trkpt lat="49.189437" lon="20.233235"><ele>1759.8</ele></trkpt>
      <trkpt lat="49.189451" lon="20.233225"><ele>1760.2</ele></trkpt>
      <trkpt lat="49.189465" lon="20.233215"><ele>1761.0</ele></trkpt>
      <trkpt lat="49.189480" lon="20.233205"><ele>1761.0</ele></trkpt>
      <trkpt lat="49.189494" lon="20.233195"><ele>1761.4</ele></trkpt>
      <trkpt lat="49.189509" lon="20.233185"><ele>1761.2</ele></trkpt>
      <trkpt lat="49.189523" lon="20.233175"><ele>1761.2</ele></trkpt>
      <trkpt lat="49.189537" lon="20.233165"><ele>1761.6</ele></trkpt>
      <trkpt lat="49.189552" lon="20.233154"><ele>1762.8</ele></trkpt>
      <trkpt lat="49.189566" lon="20.233144"><ele>1763.6</ele></trkpt>
      <trkpt lat="49.189581" lon="20.233134"><ele>1764.4</ele></trkpt>
      <trkpt lat="49.189595" lon="20.233124"><ele>1764.2</ele></trkpt>
      <trkpt lat="49.189609" lon="20.233114"><ele>1764.2</ele></trkpt>
      <trkpt lat="49.189624" lon="20.233104"><ele>1764.6</ele></trkpt>
      <trkpt lat="49.189638" lon="20.233094"><ele>1765.4</ele></trkpt>
      <trkpt lat="49.189653" lon="20.233084"><ele>1766.2</ele></trkpt>
      <trkpt lat="49.189667" lon="20.233074"><ele>1767.0</ele></trkpt>
      <trkpt lat="49.189681" lon="20.233064"><ele>1767.4</ele></trkpt>
      <trkpt lat="49.189696" lon="20.233053"><ele>1768.4</ele></trkpt>
      <trkpt lat="49.189710" lon="20.233043"><ele>1769.4</ele></trkpt>
      <trkpt lat="49.189722" lon="20.233031"><ele>1770.2</ele></trkpt>
      <trkpt lat="49.189733" lon="20.233016"><ele>1770.4</ele></trkpt>
      <trkpt lat="49.189744" lon="20.233002"><ele>1770.4</ele></trkpt>
      <trkpt lat="49.189756" lon="20.232988"><ele>1771.4</ele></trkpt>
      <trkpt lat="49.189767" lon="20.232974"><ele>1772.0</ele></trkpt>
      <trkpt lat="49.189778" lon="20.232960"><ele>1771.4</ele></trkpt>
      <trkpt lat="49.189789" lon="20.232946"><ele>1772.6</ele></trkpt>
      <trkpt lat="49.189800" lon="20.232932"><ele>1774.2</ele></trkpt>
      <trkpt lat="49.189811" lon="20.232917"><ele>1773.6</ele></trkpt>
      <trkpt lat="49.189822" lon="20.232903"><ele>1773.6</ele></trkpt>
      <trkpt lat="49.189833" lon="20.232889"><ele>1774.8</ele></trkpt>
      <trkpt lat="49.189844" lon="20.232875"><ele>1775.4</ele></trkpt>
      <trkpt lat="49.189855" lon="20.232861"><ele>1776.0</ele></trkpt>
      <trkpt lat="49.189866" lon="20.232847"><ele>1776.2</ele></trkpt>
      <trkpt lat="49.189877" lon="20.232832"><ele>1777.0</ele></trkpt>
      <trkpt lat="49.189888" lon="20.232818"><ele>1778.2</ele></trkpt>
      <trkpt lat="49.189899" lon="20.232804"><ele>1778.2</ele></trkpt>
      <trkpt lat="49.189910" lon="20.232790"><ele>1778.2</ele></trkpt>
      <trkpt lat="49.189921" lon="20.232776"><ele>1778.2</ele></trkpt>
      <trkpt lat="49.189932" lon="20.232762"><ele>1778.6</ele></trkpt>
      <trkpt lat="49.189945" lon="20.232754"><ele>1781.2</ele></trkpt>
      <trkpt lat="49.189960" lon="20.232748"><ele>1782.6</ele></trkpt>
      <trkpt lat="49.189975" lon="20.232743"><ele>1783.4</ele></trkpt>
      <trkpt lat="49.189991" lon="20.232737"><ele>1783.6</ele></trkpt>
      <trkpt lat="49.190006" lon="20.232732"><ele>1783.6</ele></trkpt>
      <trkpt lat="49.190021" lon="20.232726"><ele>1783.8</ele></trkpt>
      <trkpt lat="49.190036" lon="20.232721"><ele>1784.2</ele></trkpt>
      <trkpt lat="49.190051" lon="20.232715"><ele>1785.0</ele></trkpt>
      <trkpt lat="49.190066" lon="20.232710"><ele>1785.4</ele></trkpt>
      <trkpt lat="49.190082" lon="20.232704"><ele>1786.6</ele></trkpt>
      <trkpt lat="49.190097" lon="20.232699"><ele>1786.8</ele></trkpt>
      <trkpt lat="49.190112" lon="20.232693"><ele>1787.0</ele></trkpt>
      <trkpt lat="49.190125" lon="20.232685"><ele>1785.6</ele></trkpt>
      <trkpt lat="49.190137" lon="20.232674"><ele>1786.2</ele></trkpt>
      <trkpt lat="49.190149" lon="20.232664"><ele>1786.8</ele></trkpt>
      <trkpt lat="49.190161" lon="20.232653"><ele>1784.4</ele></trkpt>
      <trkpt lat="49.190173" lon="20.232642"><ele>1788.8</ele></trkpt>
      <trkpt lat="49.190188" lon="20.232627"><ele>1790.2</ele></trkpt>
      <trkpt lat="49.190201" lon="20.232613"><ele>1790.6</ele></trkpt>
      <trkpt lat="49.190214" lon="20.232598"><ele>1791.0</ele></trkpt>
      <trkpt lat="49.190228" lon="20.232584"><ele>1791.8</ele></trkpt>
      <trkpt lat="49.190241" lon="20.232569"><ele>1792.2</ele></trkpt>
      <trkpt lat="49.190254" lon="20.232555"><ele>1792.4</ele></trkpt>
      <trkpt lat="49.190268" lon="20.232540"><ele>1793.2</ele></trkpt>
      <trkpt lat="49.190281" lon="20.232525"><ele>1793.4</ele></trkpt>
      <trkpt lat="49.190294" lon="20.232511"><ele>1793.8</ele></trkpt>
      <trkpt lat="49.190308" lon="20.232496"><ele>1795.0</ele></trkpt>
      <trkpt lat="49.190321" lon="20.232482"><ele>1798.0</ele></trkpt>
      <trkpt lat="49.190334" lon="20.232467"><ele>1801.8</ele></trkpt>
      <trkpt lat="49.190347" lon="20.232453"><ele>1802.4</ele></trkpt>
      <trkpt lat="49.190361" lon="20.232438"><ele>1796.4</ele></trkpt>
      <trkpt lat="49.190374" lon="20.232424"><ele>1796.8</ele></trkpt>
      <trkpt lat="49.190387" lon="20.232409"><ele>1798.4</ele></trkpt>
      <trkpt lat="49.190401" lon="20.232395"><ele>1797.0</ele></trkpt>
      <trkpt lat="49.190414" lon="20.232380"><ele>1798.8</ele></trkpt>
      <trkpt lat="49.190427" lon="20.232365"><ele>1798.4</ele></trkpt>
      <trkpt lat="49.190441" lon="20.232351"><ele>1799.2</ele></trkpt>
      <trkpt lat="49.190451" lon="20.232333"><ele>1801.4</ele></trkpt>
      <trkpt lat="49.190461" lon="20.232315"><ele>1804.0</ele></trkpt>
      <trkpt lat="49.190471" lon="20.232296"><ele>1804.4</ele></trkpt>
      <trkpt lat="49.190480" lon="20.232277"><ele>1802.8</ele></trkpt>
      <trkpt lat="49.190490" lon="20.232258"><ele>1800.8</ele></trkpt>
      <trkpt lat="49.190499" lon="20.232239"><ele>1799.8</ele></trkpt>
      <trkpt lat="49.190509" lon="20.232220"><ele>1801.6</ele></trkpt>
      <trkpt lat="49.190519" lon="20.232201"><ele>1803.8</ele></trkpt>
      <trkpt lat="49.190528" lon="20.232182"><ele>1804.6</ele></trkpt>
      <trkpt lat="49.190538" lon="20.232163"><ele>1805.4</ele></trkpt>
      <trkpt lat="49.190548" lon="20.232148"><ele>1807.6</ele></trkpt>
      <trkpt lat="49.190559" lon="20.232134"><ele>1808.8</ele></trkpt>
      <trkpt lat="49.190569" lon="20.232120"><ele>1807.4</ele></trkpt>
      <trkpt lat="49.190580" lon="20.232107"><ele>1808.4</ele></trkpt>
      <trkpt lat="49.190590" lon="20.232093"><ele>1806.2</ele></trkpt>
      <trkpt lat="49.190601" lon="20.232080"><ele>1807.0</ele></trkpt>
      <trkpt lat="49.190612" lon="20.232066"><ele>1806.8</ele></trkpt>
      <trkpt lat="49.190622" lon="20.232052"><ele>1807.4</ele></trkpt>
      <trkpt lat="49.190633" lon="20.232039"><ele>1807.6</ele></trkpt>
      <trkpt lat="49.190643" lon="20.232025"><ele>1807.4</ele></trkpt>
      <trkpt lat="49.190654" lon="20.232011"><ele>1806.2</ele></trkpt>
      <trkpt lat="49.190665" lon="20.231998"><ele>1809.2</ele></trkpt>
      <trkpt lat="49.190678" lon="20.231974"><ele>1811.4</ele></trkpt>
      <trkpt lat="49.190687" lon="20.231957"><ele>1811.4</ele></trkpt>
      <trkpt lat="49.190696" lon="20.231939"><ele>1812.2</ele></trkpt>
      <trkpt lat="49.190705" lon="20.231922"><ele>1813.2</ele></trkpt>
      <trkpt lat="49.190714" lon="20.231904"><ele>1814.0</ele></trkpt>
      <trkpt lat="49.190723" lon="20.231887"><ele>1815.0</ele></trkpt>
      <trkpt lat="49.190732" lon="20.231869"><ele>1816.2</ele></trkpt>
      <trkpt lat="49.190741" lon="20.231852"><ele>1817.0</ele></trkpt>
      <trkpt lat="49.190750" lon="20.231834"><ele>1818.0</ele></trkpt>
      <trkpt lat="49.190759" lon="20.231817"><ele>1817.2</ele></trkpt>
      <trkpt lat="49.190768" lon="20.231799"><ele>1816.6</ele></trkpt>
      <trkpt lat="49.190777" lon="20.231782"><ele>1817.4</ele></trkpt>
      <trkpt lat="49.190786" lon="20.231764"><ele>1818.2</ele></trkpt>
      <trkpt lat="49.190795" lon="20.231747"><ele>1817.8</ele></trkpt>
      <trkpt lat="49.190804" lon="20.231729"><ele>1817.4</ele></trkpt>
      <trkpt lat="49.190812" lon="20.231711"><ele>1817.4</ele></trkpt>
      <trkpt lat="49.190821" lon="20.231694"><ele>1817.8</ele></trkpt>
      <trkpt lat="49.190830" lon="20.231676"><ele>1818.2</ele></trkpt>
      <trkpt lat="49.190839" lon="20.231659"><ele>1818.8</ele></trkpt>
      <trkpt lat="49.190848" lon="20.231641"><ele>1819.0</ele></trkpt>
      <trkpt lat="49.190857" lon="20.231624"><ele>1819.2</ele></trkpt>
      <trkpt lat="49.190866" lon="20.231606"><ele>1819.0</ele></trkpt>
      <trkpt lat="49.190875" lon="20.231589"><ele>1819.4</ele></trkpt>
      <trkpt lat="49.190884" lon="20.231571"><ele>1819.6</ele></trkpt>
      <trkpt lat="49.190893" lon="20.231554"><ele>1819.6</ele></trkpt>
      <trkpt lat="49.190902" lon="20.231536"><ele>1820.0</ele></trkpt>
      <trkpt lat="49.190911" lon="20.231519"><ele>1819.4</ele></trkpt>
      <trkpt lat="49.190920" lon="20.231501"><ele>1819.8</ele></trkpt>
      <trkpt lat="49.190929" lon="20.231484"><ele>1820.4</ele></trkpt>
      <trkpt lat="49.190938" lon="20.231466"><ele>1821.0</ele></trkpt>
      <trkpt lat="49.191434" lon="20.230621"><ele>1839.2</ele></trkpt>
      <trkpt lat="49.191447" lon="20.230611"><ele>1840.4</ele></trkpt>
      <trkpt lat="49.191460" lon="20.230601"><ele>1840.6</ele></trkpt>
      <trkpt lat="49.191473" lon="20.230591"><ele>1841.2</ele></trkpt>
      <trkpt lat="49.191486" lon="20.230581"><ele>1841.2</ele></trkpt>
      <trkpt lat="49.191499" lon="20.230571"><ele>1841.8</ele></trkpt>
      <trkpt lat="49.191512" lon="20.230560"><ele>1841.6</ele></trkpt>
      <trkpt lat="49.191525" lon="20.230550"><ele>1841.6</ele></trkpt>
      <trkpt lat="49.191538" lon="20.230540"><ele>1841.8</ele></trkpt>
      <trkpt lat="49.191551" lon="20.230530"><ele>1841.8</ele></trkpt>
      <trkpt lat="49.191564" lon="20.230520"><ele>1842.0</ele></trkpt>
      <trkpt lat="49.191576" lon="20.230510"><ele>1842.8</ele></trkpt>
      <trkpt lat="49.191589" lon="20.230500"><ele>1844.0</ele></trkpt>
      <trkpt lat="49.191602" lon="20.230490"><ele>1845.2</ele></trkpt>
      <trkpt lat="49.191615" lon="20.230480"><ele>1846.4</ele></trkpt>
      <trkpt lat="49.191628" lon="20.230470"><ele>1846.8</ele></trkpt>
      <trkpt lat="49.191641" lon="20.230459"><ele>1847.8</ele></trkpt>
      <trkpt lat="49.191654" lon="20.230449"><ele>1848.2</ele></trkpt>
      <trkpt lat="49.191667" lon="20.230439"><ele>1849.2</ele></trkpt>
      <trkpt lat="49.191680" lon="20.230429"><ele>1849.0</ele></trkpt>
      <trkpt lat="49.191693" lon="20.230419"><ele>1848.6</ele></trkpt>
      <trkpt lat="49.191710" lon="20.230427"><ele>1849.0</ele></trkpt>
      <trkpt lat="49.191727" lon="20.230436"><ele>1849.0</ele></trkpt>
      <trkpt lat="49.191743" lon="20.230444"><ele>1848.8</ele></trkpt>
      <trkpt lat="49.191760" lon="20.230453"><ele>1848.6</ele></trkpt>
      <trkpt lat="49.191777" lon="20.230461"><ele>1848.2</ele></trkpt>
      <trkpt lat="49.191794" lon="20.230469"><ele>1848.0</ele></trkpt>
      <trkpt lat="49.191811" lon="20.230478"><ele>1848.0</ele></trkpt>
      <trkpt lat="49.191827" lon="20.230486"><ele>1848.6</ele></trkpt>
      <trkpt lat="49.191844" lon="20.230495"><ele>1849.0</ele></trkpt>
      <trkpt lat="49.191861" lon="20.230503"><ele>1849.0</ele></trkpt>
      <trkpt lat="49.191878" lon="20.230511"><ele>1849.2</ele></trkpt>
      <trkpt lat="49.191895" lon="20.230520"><ele>1849.0</ele></trkpt>
      <trkpt lat="49.191911" lon="20.230528"><ele>1849.0</ele></trkpt>
      <trkpt lat="49.191928" lon="20.230537"><ele>1849.4</ele></trkpt>
      <trkpt lat="49.191945" lon="20.230545"><ele>1849.2</ele></trkpt>
      <trkpt lat="49.191962" lon="20.230553"><ele>1849.0</ele></trkpt>
      <trkpt lat="49.191979" lon="20.230562"><ele>1849.2</ele></trkpt>
      <trkpt lat="49.191995" lon="20.230570"><ele>1849.6</ele></trkpt>
      <trkpt lat="49.192012" lon="20.230579"><ele>1849.8</ele></trkpt>
      <trkpt lat="49.192029" lon="20.230587"><ele>1849.6</ele></trkpt>
      <trkpt lat="49.192045" lon="20.230605"><ele>1849.8</ele></trkpt>
      <trkpt lat="49.192061" lon="20.230624"><ele>1850.0</ele></trkpt>
      <trkpt lat="49.192077" lon="20.230642"><ele>1850.0</ele></trkpt>
      <trkpt lat="49.192092" lon="20.230661"><ele>1849.8</ele></trkpt>
      <trkpt lat="49.192108" lon="20.230679"><ele>1849.8</ele></trkpt>
      <trkpt lat="49.192119" lon="20.230692"><ele>1850.0</ele></trkpt>
      <trkpt lat="49.192135" lon="20.230710"><ele>1850.2</ele></trkpt>
      <trkpt lat="49.192151" lon="20.230729"><ele>1850.2</ele></trkpt>
      <trkpt lat="49.192166" lon="20.230747"><ele>1850.2</ele></trkpt>
      <trkpt lat="49.192177" lon="20.230760"><ele>1850.0</ele></trkpt>
      <trkpt lat="49.192193" lon="20.230778"><ele>1849.8</ele></trkpt>
      <trkpt lat="49.192209" lon="20.230797"><ele>1849.4</ele></trkpt>
      <trkpt lat="49.192224" lon="20.230815"><ele>1850.6</ele></trkpt>
      <trkpt lat="49.192240" lon="20.230834"><ele>1850.6</ele></trkpt>
      <trkpt lat="49.192256" lon="20.230852"><ele>1850.4</ele></trkpt>
      <trkpt lat="49.192272" lon="20.230871"><ele>1850.4</ele></trkpt>
      <trkpt lat="49.192288" lon="20.230889"><ele>1850.8</ele></trkpt>
      <trkpt lat="49.192304" lon="20.230908"><ele>1850.8</ele></trkpt>
      <trkpt lat="49.192320" lon="20.230926"><ele>1851.0</ele></trkpt>
      <trkpt lat="49.192335" lon="20.230945"><ele>1850.6</ele></trkpt>
      <trkpt lat="49.192350" lon="20.230962"><ele>1850.6</ele></trkpt>
      <trkpt lat="49.192362" lon="20.230977"><ele>1851.0</ele></trkpt>
      <trkpt lat="49.192374" lon="20.230992"><ele>1851.2</ele></trkpt>
      <trkpt lat="49.192386" lon="20.231006"><ele>1851.6</ele></trkpt>
      <trkpt lat="49.192398" lon="20.231021"><ele>1852.2</ele></trkpt>
      <trkpt lat="49.192410" lon="20.231036"><ele>1852.6</ele></trkpt>
      <trkpt lat="49.192422" lon="20.231051"><ele>1852.6</ele></trkpt>
      <trkpt lat="49.192434" lon="20.231066"><ele>1852.4</ele></trkpt>
      <trkpt lat="49.192446" lon="20.231080"><ele>1852.4</ele></trkpt>
      <trkpt lat="49.192458" lon="20.231095"><ele>1852.6</ele></trkpt>
      <trkpt lat="49.192470" lon="20.231110"><ele>1852.8</ele></trkpt>
      <trkpt lat="49.192482" lon="20.231125"><ele>1853.0</ele></trkpt>
      <trkpt lat="49.192494" lon="20.231140"><ele>1852.8</ele></trkpt>
      <trkpt lat="49.192506" lon="20.231154"><ele>1853.2</ele></trkpt>
      <trkpt lat="49.192518" lon="20.231169"><ele>1854.2</ele></trkpt>
      <trkpt lat="49.192530" lon="20.231184"><ele>1854.2</ele></trkpt>
      <trkpt lat="49.192542" lon="20.231199"><ele>1855.0</ele></trkpt>
      <trkpt lat="49.192554" lon="20.231214"><ele>1855.0</ele></trkpt>
      <trkpt lat="49.192566" lon="20.231228"><ele>1855.4</ele></trkpt>
      <trkpt lat="49.192578" lon="20.231243"><ele>1855.2</ele></trkpt>
      <trkpt lat="49.192592" lon="20.231251"><ele>1856.2</ele></trkpt>
      <trkpt lat="49.192607" lon="20.231248"><ele>1857.2</ele></trkpt>
      <trkpt lat="49.192621" lon="20.231244"><ele>1857.4</ele></trkpt>
      <trkpt lat="49.192635" lon="20.231240"><ele>1859.0</ele></trkpt>
      <trkpt lat="49.192650" lon="20.231237"><ele>1858.4</ele></trkpt>
      <trkpt lat="49.192664" lon="20.231233"><ele>1860.8</ele></trkpt>
      <trkpt lat="49.192678" lon="20.231229"><ele>1861.8</ele></trkpt>
      <trkpt lat="49.192693" lon="20.231226"><ele>1862.8</ele></trkpt>
      <trkpt lat="49.192707" lon="20.231222"><ele>1863.8</ele></trkpt>
      <trkpt lat="49.192721" lon="20.231235"><ele>1864.4</ele></trkpt>
      <trkpt lat="49.192734" lon="20.231249"><ele>1864.6</ele></trkpt>
      <trkpt lat="49.192748" lon="20.231262"><ele>1865.6</ele></trkpt>
      <trkpt lat="49.192762" lon="20.231275"><ele>1866.2</ele></trkpt>
      <trkpt lat="49.192775" lon="20.231288"><ele>1866.8</ele></trkpt>
      <trkpt lat="49.192789" lon="20.231302"><ele>1867.2</ele></trkpt>
      <trkpt lat="49.192803" lon="20.231315"><ele>1868.0</ele></trkpt>
      <trkpt lat="49.192816" lon="20.231328"><ele>1868.4</ele></trkpt>
      <trkpt lat="49.192830" lon="20.231341"><ele>1868.4</ele></trkpt>
      <trkpt lat="49.192844" lon="20.231355"><ele>1868.4</ele></trkpt>
      <trkpt lat="49.192857" lon="20.231368"><ele>1868.6</ele></trkpt>
      <trkpt lat="49.192871" lon="20.231381"><ele>1868.6</ele></trkpt>
      <trkpt lat="49.192885" lon="20.231394"><ele>1868.8</ele></trkpt>
      <trkpt lat="49.192898" lon="20.231408"><ele>1869.2</ele></trkpt>
      <trkpt lat="49.192912" lon="20.231421"><ele>1869.2</ele></trkpt>
      <trkpt lat="49.192923" lon="20.231444"><ele>1869.2</ele></trkpt>
      <trkpt lat="49.192933" lon="20.231466"><ele>1869.4</ele></trkpt>
      <trkpt lat="49.192944" lon="20.231489"><ele>1869.6</ele></trkpt>
      <trkpt lat="49.192954" lon="20.231511"><ele>1869.6</ele></trkpt>
      <trkpt lat="49.192965" lon="20.231534"><ele>1869.6</ele></trkpt>
      <trkpt lat="49.192975" lon="20.231556"><ele>1869.4</ele></trkpt>
      <trkpt lat="49.192986" lon="20.231579"><ele>1869.6</ele></trkpt>
      <trkpt lat="49.192996" lon="20.231601"><ele>1869.8</ele></trkpt>
      <trkpt lat="49.193007" lon="20.231624"><ele>1870.0</ele></trkpt>
      <trkpt lat="49.193018" lon="20.231646"><ele>1870.4</ele></trkpt>
      <trkpt lat="49.193028" lon="20.231669"><ele>1870.4</ele></trkpt>
      <trkpt lat="49.193039" lon="20.231692"><ele>1870.6</ele></trkpt>
      <trkpt lat="49.193049" lon="20.231714"><ele>1870.6</ele></trkpt>
      <trkpt lat="49.193060" lon="20.231737"><ele>1870.6</ele></trkpt>
      <trkpt lat="49.193070" lon="20.231759"><ele>1870.4</ele></trkpt>
      <trkpt lat="49.193081" lon="20.231782"><ele>1870.6</ele></trkpt>
      <trkpt lat="49.193091" lon="20.231804"><ele>1871.0</ele></trkpt>
      <trkpt lat="49.193102" lon="20.231827"><ele>1870.8</ele></trkpt>
      <trkpt lat="49.193112" lon="20.231849"><ele>1870.6</ele></trkpt>
      <trkpt lat="49.193123" lon="20.231872"><ele>1870.4</ele></trkpt>
      <trkpt lat="49.193135" lon="20.231894"><ele>1870.2</ele></trkpt>
      <trkpt lat="49.193146" lon="20.231915"><ele>1870.0</ele></trkpt>
      <trkpt lat="49.193158" lon="20.231937"><ele>1869.8</ele></trkpt>
      <trkpt lat="49.193170" lon="20.231959"><ele>1869.8</ele></trkpt>
      <trkpt lat="49.193182" lon="20.231981"><ele>1870.2</ele></trkpt>
      <trkpt lat="49.193193" lon="20.232002"><ele>1870.4</ele></trkpt>
      <trkpt lat="49.193205" lon="20.232024"><ele>1871.0</ele></trkpt>
      <trkpt lat="49.193217" lon="20.232046"><ele>1871.2</ele></trkpt>
      <trkpt lat="49.193228" lon="20.232068"><ele>1871.0</ele></trkpt>
      <trkpt lat="49.193240" lon="20.232089"><ele>1870.8</ele></trkpt>
      <trkpt lat="49.193252" lon="20.232111"><ele>1870.8</ele></trkpt>
      <trkpt lat="49.193263" lon="20.232133"><ele>1870.8</ele></trkpt>
      <trkpt lat="49.193275" lon="20.232155"><ele>1870.6</ele></trkpt>
      <trkpt lat="49.193287" lon="20.232176"><ele>1870.4</ele></trkpt>
      <trkpt lat="49.193299" lon="20.232198"><ele>1870.2</ele></trkpt>
      <trkpt lat="49.193310" lon="20.232220"><ele>1870.2</ele></trkpt>
      <trkpt lat="49.193322" lon="20.232242"><ele>1870.6</ele></trkpt>
      <trkpt lat="49.193334" lon="20.232263"><ele>1871.2</ele></trkpt>
      <trkpt lat="49.193345" lon="20.232285"><ele>1871.8</ele></trkpt>
      <trkpt lat="49.193357" lon="20.232307"><ele>1872.4</ele></trkpt>
      <trkpt lat="49.193368" lon="20.232326"><ele>1872.4</ele></trkpt>
      <trkpt lat="49.193380" lon="20.232344"><ele>1872.2</ele></trkpt>
      <trkpt lat="49.193391" lon="20.232363"><ele>1872.8</ele></trkpt>
      <trkpt lat="49.193402" lon="20.232381"><ele>1873.4</ele></trkpt>
      <trkpt lat="49.193413" lon="20.232400"><ele>1873.0</ele></trkpt>
      <trkpt lat="49.193425" lon="20.232419"><ele>1872.0</ele></trkpt>
      <trkpt lat="49.193436" lon="20.232437"><ele>1871.6</ele></trkpt>
      <trkpt lat="49.193447" lon="20.232456"><ele>1872.4</ele></trkpt>
      <trkpt lat="49.193458" lon="20.232474"><ele>1873.0</ele></trkpt>
      <trkpt lat="49.193470" lon="20.232493"><ele>1873.0</ele></trkpt>
      <trkpt lat="49.193481" lon="20.232512"><ele>1872.6</ele></trkpt>
      <trkpt lat="49.193492" lon="20.232530"><ele>1871.6</ele></trkpt>
      <trkpt lat="49.193503" lon="20.232549"><ele>1871.0</ele></trkpt>
      <trkpt lat="49.193515" lon="20.232567"><ele>1871.0</ele></trkpt>
      <trkpt lat="49.193526" lon="20.232586"><ele>1871.0</ele></trkpt>
      <trkpt lat="49.193538" lon="20.232604"><ele>1871.0</ele></trkpt>
      <trkpt lat="49.193549" lon="20.232622"><ele>1870.8</ele></trkpt>
      <trkpt lat="49.193561" lon="20.232640"><ele>1870.8</ele></trkpt>
      <trkpt lat="49.193573" lon="20.232659"><ele>1870.6</ele></trkpt>
      <trkpt lat="49.193584" lon="20.232677"><ele>1871.2</ele></trkpt>
      <trkpt lat="49.193596" lon="20.232695"><ele>1871.8</ele></trkpt>
      <trkpt lat="49.193607" lon="20.232713"><ele>1872.4</ele></trkpt>
      <trkpt lat="49.193619" lon="20.232731"><ele>1872.6</ele></trkpt>
      <trkpt lat="49.193631" lon="20.232749"><ele>1872.4</ele></trkpt>
      <trkpt lat="49.193642" lon="20.232768"><ele>1872.4</ele></trkpt>
      <trkpt lat="49.193654" lon="20.232786"><ele>1872.4</ele></trkpt>
      <trkpt lat="49.193666" lon="20.232804"><ele>1872.2</ele></trkpt>
      <trkpt lat="49.193677" lon="20.232822"><ele>1872.4</ele></trkpt>
      <trkpt lat="49.193689" lon="20.232840"><ele>1872.0</ele></trkpt>
      <trkpt lat="49.193701" lon="20.232858"><ele>1872.2</ele></trkpt>
      <trkpt lat="49.193712" lon="20.232877"><ele>1872.2</ele></trkpt>
      <trkpt lat="49.193724" lon="20.232895"><ele>1872.0</ele></trkpt>
      <trkpt lat="49.193735" lon="20.232913"><ele>1871.6</ele></trkpt>
      <trkpt lat="49.193747" lon="20.232931"><ele>1871.8</ele></trkpt>
      <trkpt lat="49.193759" lon="20.232949"><ele>1871.8</ele></trkpt>
      <trkpt lat="49.193770" lon="20.232967"><ele>1871.8</ele></trkpt>
      <trkpt lat="49.193782" lon="20.232986"><ele>1871.0</ele></trkpt>
      <trkpt lat="49.193794" lon="20.233004"><ele>1871.6</ele></trkpt>
      <trkpt lat="49.193805" lon="20.233022"><ele>1871.4</ele></trkpt>
      <trkpt lat="49.193817" lon="20.233040"><ele>1870.8</ele></trkpt>
      <trkpt lat="49.193828" lon="20.233058"><ele>1869.8</ele></trkpt>
      <trkpt lat="49.193840" lon="20.233076"><ele>1869.6</ele></trkpt>
      <trkpt lat="49.193852" lon="20.233095"><ele>1869.6</ele></trkpt>
      <trkpt lat="49.193863" lon="20.233113"><ele>1869.4</ele></trkpt>
      <trkpt lat="49.193875" lon="20.233131"><ele>1869.2</ele></trkpt>
      <trkpt lat="49.193886" lon="20.233144"><ele>1869.4</ele></trkpt>
      <trkpt lat="49.193897" lon="20.233158"><ele>1869.4</ele></trkpt>
      <trkpt lat="49.193908" lon="20.233171"><ele>1869.6</ele></trkpt>
      <trkpt lat="49.193919" lon="20.233184"><ele>1869.4</ele></trkpt>
      <trkpt lat="49.193930" lon="20.233198"><ele>1868.8</ele></trkpt>
      <trkpt lat="49.193944" lon="20.233216"><ele>1868.8</ele></trkpt>
      <trkpt lat="49.193955" lon="20.233229"><ele>1869.4</ele></trkpt>
      <trkpt lat="49.193966" lon="20.233242"><ele>1869.4</ele></trkpt>
      <trkpt lat="49.193977" lon="20.233256"><ele>1869.0</ele></trkpt>
      <trkpt lat="49.193988" lon="20.233269"><ele>1868.4</ele></trkpt>
      <trkpt lat="49.193999" lon="20.233282"><ele>1868.4</ele></trkpt>
      <trkpt lat="49.194009" lon="20.233296"><ele>1868.8</ele></trkpt>
      <trkpt lat="49.194020" lon="20.233309"><ele>1869.0</ele></trkpt>
      <trkpt lat="49.194031" lon="20.233322"><ele>1869.6</ele></trkpt>
      <trkpt lat="49.194042" lon="20.233336"><ele>1870.0</ele></trkpt>
      <trkpt lat="49.194053" lon="20.233349"><ele>1870.0</ele></trkpt>
      <trkpt lat="49.194064" lon="20.233362"><ele>1870.0</ele></trkpt>
      <trkpt lat="49.194075" lon="20.233376"><ele>1870.0</ele></trkpt>
      <trkpt lat="49.194086" lon="20.233389"><ele>1870.0</ele></trkpt>
      <trkpt lat="49.194099" lon="20.233402"><ele>1870.6</ele></trkpt>
      <trkpt lat="49.194116" lon="20.233412"><ele>1871.4</ele></trkpt>
      <trkpt lat="49.194133" lon="20.233423"><ele>1872.2</ele></trkpt>
      <trkpt lat="49.194150" lon="20.233433"><ele>1872.8</ele></trkpt>
      <trkpt lat="49.194166" lon="20.233444"><ele>1873.6</ele></trkpt>
      <trkpt lat="49.194183" lon="20.233455"><ele>1873.8</ele></trkpt>
      <trkpt lat="49.194200" lon="20.233465"><ele>1873.4</ele></trkpt>
      <trkpt lat="49.194217" lon="20.233476"><ele>1872.6</ele></trkpt>
      <trkpt lat="49.194234" lon="20.233486"><ele>1871.8</ele></trkpt>
      <trkpt lat="49.194251" lon="20.233497"><ele>1871.4</ele></trkpt>
      <trkpt lat="49.194268" lon="20.233508"><ele>1871.8</ele></trkpt>
      <trkpt lat="49.194285" lon="20.233518"><ele>1872.0</ele></trkpt>
      <trkpt lat="49.194302" lon="20.233529"><ele>1872.0</ele></trkpt>
      <trkpt lat="49.194319" lon="20.233539"><ele>1871.8</ele></trkpt>
      <trkpt lat="49.194336" lon="20.233550"><ele>1871.8</ele></trkpt>
      <trkpt lat="49.194353" lon="20.233561"><ele>1871.6</ele></trkpt>
      <trkpt lat="49.194370" lon="20.233571"><ele>1871.4</ele></trkpt>
      <trkpt lat="49.194387" lon="20.233582"><ele>1870.8</ele></trkpt>
      <trkpt lat="49.194404" lon="20.233592"><ele>1871.0</ele></trkpt>
      <trkpt lat="49.194421" lon="20.233603"><ele>1870.6</ele></trkpt>
      <trkpt lat="49.194436" lon="20.233617"><ele>1870.6</ele></trkpt>
      <trkpt lat="49.194449" lon="20.233637"><ele>1870.4</ele></trkpt>
      <trkpt lat="49.194462" lon="20.233657"><ele>1870.4</ele></trkpt>
      <trkpt lat="49.194475" lon="20.233677"><ele>1870.4</ele></trkpt>
      <trkpt lat="49.194487" lon="20.233698"><ele>1870.4</ele></trkpt>
      <trkpt lat="49.194500" lon="20.233718"><ele>1870.0</ele></trkpt>
      <trkpt lat="49.194513" lon="20.233738"><ele>1869.6</ele></trkpt>
      <trkpt lat="49.194526" lon="20.233758"><ele>1869.4</ele></trkpt>
      <trkpt lat="49.194539" lon="20.233778"><ele>1869.6</ele></trkpt>
      <trkpt lat="49.194551" lon="20.233799"><ele>1869.8</ele></trkpt>
      <trkpt lat="49.194564" lon="20.233819"><ele>1870.0</ele></trkpt>
      <trkpt lat="49.194577" lon="20.233839"><ele>1870.0</ele></trkpt>
      <trkpt lat="49.194590" lon="20.233859"><ele>1870.0</ele></trkpt>
      <trkpt lat="49.194603" lon="20.233879"><ele>1870.6</ele></trkpt>
      <trkpt lat="49.194615" lon="20.233900"><ele>1871.2</ele></trkpt>
      <trkpt lat="49.194628" lon="20.233920"><ele>1871.8</ele></trkpt>
      <trkpt lat="49.194641" lon="20.233940"><ele>1872.0</ele></trkpt>
      <trkpt lat="49.194654" lon="20.233960"><ele>1872.8</ele></trkpt>
      <trkpt lat="49.194667" lon="20.233980"><ele>1873.2</ele></trkpt>
      <trkpt lat="49.194679" lon="20.234001"><ele>1873.0</ele></trkpt>
      <trkpt lat="49.194690" lon="20.234016"><ele>1872.4</ele></trkpt>
      <trkpt lat="49.194704" lon="20.234028"><ele>1872.6</ele></trkpt>
      <trkpt lat="49.194717" lon="20.234040"><ele>1870.8</ele></trkpt>
      <trkpt lat="49.194730" lon="20.234052"><ele>1873.4</ele></trkpt>
      <trkpt lat="49.194742" lon="20.234062"><ele>1874.0</ele></trkpt>
      <trkpt lat="49.194755" lon="20.234073"><ele>1873.4</ele></trkpt>
      <trkpt lat="49.194768" lon="20.234085"><ele>1872.8</ele></trkpt>
      <trkpt lat="49.194780" lon="20.234095"><ele>1871.6</ele></trkpt>
      <trkpt lat="49.194793" lon="20.234107"><ele>1872.6</ele></trkpt>
      <trkpt lat="49.194806" lon="20.234119"><ele>1871.8</ele></trkpt>
      <trkpt lat="49.194818" lon="20.234129"><ele>1872.2</ele></trkpt>
      <trkpt lat="49.194831" lon="20.234141"><ele>1871.4</ele></trkpt>
      <trkpt lat="49.194844" lon="20.234153"><ele>1870.4</ele></trkpt>
      <trkpt lat="49.194856" lon="20.234163"><ele>1869.8</ele></trkpt>
      <trkpt lat="49.194869" lon="20.234175"><ele>1869.4</ele></trkpt>
      <trkpt lat="49.194882" lon="20.234187"><ele>1869.4</ele></trkpt>
      <trkpt lat="49.194896" lon="20.234198"><ele>1870.0</ele></trkpt>
      <trkpt lat="49.194909" lon="20.234210"><ele>1869.8</ele></trkpt>
      <trkpt lat="49.194923" lon="20.234222"><ele>1868.8</ele></trkpt>
      <trkpt lat="49.194936" lon="20.234234"><ele>1868.2</ele></trkpt>
      <trkpt lat="49.194950" lon="20.234246"><ele>1868.2</ele></trkpt>
      <trkpt lat="49.194963" lon="20.234258"><ele>1868.4</ele></trkpt>
      <trkpt lat="49.194977" lon="20.234270"><ele>1869.0</ele></trkpt>
      <trkpt lat="49.194991" lon="20.234281"><ele>1870.0</ele></trkpt>
      <trkpt lat="49.195005" lon="20.234293"><ele>1870.2</ele></trkpt>
      <trkpt lat="49.195019" lon="20.234305"><ele>1870.0</ele></trkpt>
      <trkpt lat="49.195033" lon="20.234317"><ele>1870.4</ele></trkpt>
      <trkpt lat="49.195047" lon="20.234329"><ele>1870.0</ele></trkpt>
      <trkpt lat="49.195061" lon="20.234340"><ele>1870.0</ele></trkpt>
      <trkpt lat="49.195074" lon="20.234352"><ele>1869.6</ele></trkpt>
      <trkpt lat="49.195088" lon="20.234364"><ele>1869.2</ele></trkpt>
      <trkpt lat="49.195102" lon="20.234376"><ele>1869.4</ele></trkpt>
      <trkpt lat="49.195116" lon="20.234388"><ele>1869.8</ele></trkpt>
      <trkpt lat="49.195130" lon="20.234399"><ele>1870.0</ele></trkpt>
      <trkpt lat="49.195144" lon="20.234411"><ele>1869.4</ele></trkpt>
      <trkpt lat="49.195158" lon="20.234423"><ele>1869.0</ele></trkpt>
      <trkpt lat="49.195172" lon="20.234435"><ele>1868.8</ele></trkpt>
      <trkpt lat="49.195186" lon="20.234447"><ele>1868.6</ele></trkpt>
      <trkpt lat="49.195200" lon="20.234458"><ele>1868.4</ele></trkpt>
      <trkpt lat="49.195213" lon="20.234470"><ele>1868.0</ele></trkpt>
      <trkpt lat="49.195227" lon="20.234482"><ele>1868.0</ele></trkpt>
      <trkpt lat="49.195244" lon="20.234496"><ele>1868.0</ele></trkpt>
      <trkpt lat="49.195261" lon="20.234511"><ele>1868.0</ele></trkpt>
      <trkpt lat="49.195273" lon="20.234521"><ele>1868.2</ele></trkpt>
      <trkpt lat="49.195291" lon="20.234535"><ele>1868.0</ele></trkpt>
      <trkpt lat="49.195308" lon="20.234550"><ele>1867.8</ele></trkpt>
      <trkpt lat="49.195320" lon="20.234560"><ele>1867.8</ele></trkpt>
      <trkpt lat="49.195332" lon="20.234570"><ele>1868.0</ele></trkpt>
      <trkpt lat="49.195349" lon="20.234585"><ele>1868.2</ele></trkpt>
      <trkpt lat="49.195361" lon="20.234595"><ele>1868.2</ele></trkpt>
      <trkpt lat="49.195379" lon="20.234609"><ele>1868.4</ele></trkpt>
      <trkpt lat="49.195396" lon="20.234624"><ele>1868.4</ele></trkpt>
      <trkpt lat="49.195408" lon="20.234634"><ele>1868.8</ele></trkpt>
      <trkpt lat="49.195420" lon="20.234644"><ele>1869.0</ele></trkpt>
      <trkpt lat="49.195437" lon="20.234659"><ele>1869.2</ele></trkpt>
      <trkpt lat="49.195449" lon="20.234669"><ele>1869.6</ele></trkpt>
      <trkpt lat="49.195467" lon="20.234683"><ele>1869.8</ele></trkpt>
      <trkpt lat="49.195484" lon="20.234698"><ele>1869.6</ele></trkpt>
      <trkpt lat="49.195496" lon="20.234708"><ele>1869.8</ele></trkpt>
      <trkpt lat="49.195508" lon="20.234718"><ele>1869.8</ele></trkpt>
      <trkpt lat="49.195525" lon="20.234733"><ele>1870.0</ele></trkpt>
      <trkpt lat="49.195537" lon="20.234743"><ele>1870.2</ele></trkpt>
      <trkpt lat="49.195555" lon="20.234757"><ele>1869.8</ele></trkpt>
      <trkpt lat="49.195572" lon="20.234772"><ele>1869.8</ele></trkpt>
      <trkpt lat="49.195584" lon="20.234782"><ele>1870.0</ele></trkpt>
      <trkpt lat="49.195600" lon="20.234787"><ele>1870.2</ele></trkpt>
      <trkpt lat="49.195615" lon="20.234792"><ele>1870.2</ele></trkpt>
      <trkpt lat="49.195631" lon="20.234797"><ele>1870.0</ele></trkpt>
      <trkpt lat="49.195647" lon="20.234802"><ele>1869.8</ele></trkpt>
      <trkpt lat="49.195663" lon="20.234807"><ele>1869.8</ele></trkpt>
      <trkpt lat="49.195678" lon="20.234812"><ele>1869.6</ele></trkpt>
      <trkpt lat="49.195694" lon="20.234817"><ele>1869.4</ele></trkpt>
      <trkpt lat="49.195710" lon="20.234822"><ele>1869.0</ele></trkpt>
      <trkpt lat="49.195725" lon="20.234827"><ele>1869.0</ele></trkpt>
      <trkpt lat="49.195741" lon="20.234832"><ele>1869.0</ele></trkpt>
      <trkpt lat="49.195757" lon="20.234837"><ele>1869.2</ele></trkpt>
      <trkpt lat="49.195772" lon="20.234842"><ele>1869.4</ele></trkpt>
      <trkpt lat="49.195788" lon="20.234847"><ele>1869.6</ele></trkpt>
      <trkpt lat="49.195804" lon="20.234852"><ele>1870.0</ele></trkpt>
      <trkpt lat="49.195820" lon="20.234857"><ele>1870.0</ele></trkpt>
      <trkpt lat="49.195835" lon="20.234862"><ele>1870.4</ele></trkpt>
      <trkpt lat="49.195851" lon="20.234867"><ele>1870.8</ele></trkpt>
      <trkpt lat="49.195867" lon="20.234872"><ele>1871.4</ele></trkpt>
      <trkpt lat="49.195882" lon="20.234877"><ele>1871.2</ele></trkpt>
      <trkpt lat="49.195898" lon="20.234882"><ele>1871.6</ele></trkpt>
      <trkpt lat="49.195915" lon="20.234897"><ele>1871.6</ele></trkpt>
      <trkpt lat="49.195932" lon="20.234911"><ele>1871.4</ele></trkpt>
      <trkpt lat="49.195949" lon="20.234926"><ele>1871.0</ele></trkpt>
      <trkpt lat="49.195966" lon="20.234940"><ele>1871.0</ele></trkpt>
      <trkpt lat="49.195983" lon="20.234955"><ele>1871.2</ele></trkpt>
      <trkpt lat="49.196000" lon="20.234970"><ele>1871.6</ele></trkpt>
      <trkpt lat="49.196017" lon="20.234984"><ele>1872.4</ele></trkpt>
      <trkpt lat="49.196034" lon="20.234999"><ele>1873.6</ele></trkpt>
      <trkpt lat="49.196051" lon="20.235013"><ele>1873.8</ele></trkpt>
      <trkpt lat="49.196068" lon="20.235028"><ele>1874.2</ele></trkpt>
      <trkpt lat="49.196084" lon="20.235043"><ele>1874.8</ele></trkpt>
      <trkpt lat="49.196101" lon="20.235057"><ele>1875.4</ele></trkpt>
      <trkpt lat="49.196113" lon="20.235067"><ele>1875.6</ele></trkpt>
      <trkpt lat="49.196130" lon="20.235082"><ele>1874.8</ele></trkpt>
      <trkpt lat="49.196147" lon="20.235096"><ele>1874.2</ele></trkpt>
      <trkpt lat="49.196164" lon="20.235111"><ele>1874.8</ele></trkpt>
      <trkpt lat="49.196181" lon="20.235125"><ele>1875.0</ele></trkpt>
      <trkpt lat="49.196197" lon="20.235140"><ele>1874.4</ele></trkpt>
      <trkpt lat="49.196209" lon="20.235150"><ele>1874.2</ele></trkpt>
      <trkpt lat="49.196226" lon="20.235164"><ele>1874.2</ele></trkpt>
      <trkpt lat="49.196243" lon="20.235177"><ele>1874.2</ele></trkpt>
      <trkpt lat="49.196262" lon="20.235184"><ele>1874.4</ele></trkpt>
      <trkpt lat="49.196280" lon="20.235192"><ele>1874.4</ele></trkpt>
      <trkpt lat="49.196298" lon="20.235200"><ele>1874.4</ele></trkpt>
      <trkpt lat="49.196317" lon="20.235207"><ele>1875.8</ele></trkpt>
      <trkpt lat="49.196335" lon="20.235215"><ele>1874.8</ele></trkpt>
      <trkpt lat="49.196354" lon="20.235223"><ele>1873.8</ele></trkpt>
      <trkpt lat="49.196372" lon="20.235230"><ele>1873.0</ele></trkpt>
      <trkpt lat="49.196390" lon="20.235238"><ele>1872.4</ele></trkpt>
      <trkpt lat="49.196409" lon="20.235246"><ele>1872.0</ele></trkpt>
      <trkpt lat="49.196427" lon="20.235254"><ele>1871.8</ele></trkpt>
      <trkpt lat="49.196446" lon="20.235261"><ele>1871.4</ele></trkpt>
      <trkpt lat="49.196464" lon="20.235269"><ele>1870.8</ele></trkpt>
      <trkpt lat="49.196482" lon="20.235277"><ele>1871.0</ele></trkpt>
      <trkpt lat="49.196501" lon="20.235284"><ele>1871.2</ele></trkpt>
      <trkpt lat="49.196519" lon="20.235292"><ele>1871.2</ele></trkpt>
      <trkpt lat="49.196538" lon="20.235300"><ele>1871.2</ele></trkpt>
      <trkpt lat="49.196556" lon="20.235307"><ele>1871.6</ele></trkpt>
      <trkpt lat="49.196574" lon="20.235315"><ele>1872.0</ele></trkpt>
      <trkpt lat="49.196593" lon="20.235323"><ele>1872.2</ele></trkpt>
      <trkpt lat="49.196607" lon="20.235332"><ele>1872.4</ele></trkpt>
      <trkpt lat="49.196619" lon="20.235349"><ele>1873.0</ele></trkpt>
      <trkpt lat="49.196630" lon="20.235367"><ele>1873.4</ele></trkpt>
      <trkpt lat="49.196641" lon="20.235385"><ele>1874.8</ele></trkpt>
      <trkpt lat="49.196653" lon="20.235403"><ele>1873.8</ele></trkpt>
      <trkpt lat="49.196664" lon="20.235421"><ele>1873.2</ele></trkpt>
      <trkpt lat="49.196675" lon="20.235438"><ele>1873.4</ele></trkpt>
      <trkpt lat="49.196687" lon="20.235456"><ele>1873.0</ele></trkpt>
      <trkpt lat="49.196698" lon="20.235474"><ele>1872.0</ele></trkpt>
      <trkpt lat="49.196709" lon="20.235492"><ele>1872.4</ele></trkpt>
      <trkpt lat="49.196721" lon="20.235509"><ele>1872.8</ele></trkpt>
      <trkpt lat="49.196732" lon="20.235527"><ele>1873.6</ele></trkpt>
      <trkpt lat="49.196743" lon="20.235545"><ele>1874.6</ele></trkpt>
      <trkpt lat="49.196755" lon="20.235563"><ele>1874.6</ele></trkpt>
      <trkpt lat="49.196766" lon="20.235581"><ele>1874.2</ele></trkpt>
      <trkpt lat="49.196777" lon="20.235598"><ele>1874.2</ele></trkpt>
      <trkpt lat="49.196789" lon="20.235616"><ele>1874.2</ele></trkpt>
      <trkpt lat="49.196800" lon="20.235634"><ele>1874.0</ele></trkpt>
      <trkpt lat="49.196811" lon="20.235652"><ele>1874.0</ele></trkpt>
      <trkpt lat="49.196823" lon="20.235670"><ele>1874.4</ele></trkpt>
      <trkpt lat="49.196834" lon="20.235687"><ele>1874.8</ele></trkpt>
      <trkpt lat="49.196845" lon="20.235705"><ele>1874.8</ele></trkpt>
      <trkpt lat="49.196857" lon="20.235723"><ele>1875.4</ele></trkpt>
      <trkpt lat="49.196868" lon="20.235741"><ele>1876.0</ele></trkpt>
      <trkpt lat="49.196881" lon="20.235747"><ele>1875.6</ele></trkpt>
      <trkpt lat="49.196890" lon="20.235729"><ele>1876.2</ele></trkpt>
      <trkpt lat="49.196899" lon="20.235711"><ele>1875.6</ele></trkpt>
      <trkpt lat="49.196908" lon="20.235695"><ele>1874.8</ele></trkpt>
      <trkpt lat="49.196917" lon="20.235677"><ele>1875.6</ele></trkpt>
      <trkpt lat="49.196926" lon="20.235659"><ele>1876.0</ele></trkpt>
      <trkpt lat="49.196935" lon="20.235641"><ele>1877.0</ele></trkpt>
      <trkpt lat="49.196948" lon="20.235629"><ele>1878.2</ele></trkpt>
      <trkpt lat="49.196962" lon="20.235620"><ele>1878.0</ele></trkpt>
      <trkpt lat="49.196975" lon="20.235613"><ele>1877.2</ele></trkpt>
      <trkpt lat="49.196989" lon="20.235604"><ele>1877.0</ele></trkpt>
      <trkpt lat="49.197003" lon="20.235595"><ele>1876.2</ele></trkpt>
      <trkpt lat="49.197017" lon="20.235587"><ele>1876.4</ele></trkpt>
      <trkpt lat="49.197030" lon="20.235579"><ele>1876.0</ele></trkpt>
      <trkpt lat="49.197044" lon="20.235571"><ele>1874.6</ele></trkpt>
      <trkpt lat="49.197058" lon="20.235562"><ele>1874.0</ele></trkpt>
      <trkpt lat="49.197072" lon="20.235553"><ele>1874.0</ele></trkpt>
      <trkpt lat="49.197086" lon="20.235544"><ele>1874.4</ele></trkpt>
      <trkpt lat="49.197099" lon="20.235537"><ele>1874.6</ele></trkpt>
      <trkpt lat="49.197113" lon="20.235528"><ele>1875.0</ele></trkpt>
      <trkpt lat="49.197127" lon="20.235520"><ele>1876.0</ele></trkpt>
      <trkpt lat="49.197141" lon="20.235511"><ele>1877.8</ele></trkpt>
      <trkpt lat="49.197154" lon="20.235504"><ele>1878.0</ele></trkpt>
      <trkpt lat="49.197168" lon="20.235495"><ele>1878.2</ele></trkpt>
      <trkpt lat="49.197182" lon="20.235486"><ele>1878.0</ele></trkpt>
      <trkpt lat="49.197196" lon="20.235477"><ele>1876.8</ele></trkpt>
      <trkpt lat="49.197210" lon="20.235469"><ele>1876.4</ele></trkpt>
      <trkpt lat="49.197223" lon="20.235461"><ele>1876.8</ele></trkpt>
      <trkpt lat="49.197237" lon="20.235453"><ele>1877.2</ele></trkpt>
      <trkpt lat="49.197251" lon="20.235444"><ele>1877.0</ele></trkpt>
      <trkpt lat="49.197265" lon="20.235435"><ele>1877.4</ele></trkpt>
      <trkpt lat="49.197278" lon="20.235428"><ele>1878.4</ele></trkpt>
      <trkpt lat="49.197292" lon="20.235419"><ele>1878.0</ele></trkpt>
      <trkpt lat="49.197307" lon="20.235413"><ele>1879.0</ele></trkpt>
      <trkpt lat="49.197321" lon="20.235412"><ele>1879.2</ele></trkpt>
      <trkpt lat="49.197336" lon="20.235411"><ele>1878.8</ele></trkpt>
      <trkpt lat="49.197350" lon="20.235410"><ele>1878.8</ele></trkpt>
      <trkpt lat="49.197364" lon="20.235409"><ele>1878.8</ele></trkpt>
      <trkpt lat="49.197379" lon="20.235408"><ele>1878.6</ele></trkpt>
      <trkpt lat="49.197393" lon="20.235407"><ele>1878.6</ele></trkpt>
      <trkpt lat="49.197408" lon="20.235406"><ele>1878.2</ele></trkpt>
      <trkpt lat="49.197422" lon="20.235405"><ele>1877.8</ele></trkpt>
      <trkpt lat="49.197436" lon="20.235404"><ele>1877.4</ele></trkpt>
      <trkpt lat="49.197451" lon="20.235403"><ele>1877.4</ele></trkpt>
      <trkpt lat="49.197465" lon="20.235402"><ele>1877.6</ele></trkpt>
      <trkpt lat="49.197480" lon="20.235401"><ele>1877.6</ele></trkpt>
      <trkpt lat="49.197494" lon="20.235400"><ele>1877.2</ele></trkpt>
      <trkpt lat="49.197508" lon="20.235399"><ele>1877.0</ele></trkpt>
      <trkpt lat="49.197523" lon="20.235398"><ele>1876.4</ele></trkpt>
      <trkpt lat="49.197537" lon="20.235397"><ele>1876.0</ele></trkpt>
      <trkpt lat="49.197552" lon="20.235397"><ele>1875.6</ele></trkpt>
      <trkpt lat="49.197566" lon="20.235396"><ele>1875.4</ele></trkpt>
      <trkpt lat="49.197580" lon="20.235395"><ele>1875.2</ele></trkpt>
      <trkpt lat="49.197595" lon="20.235393"><ele>1875.2</ele></trkpt>
      <trkpt lat="49.197611" lon="20.235390"><ele>1875.6</ele></trkpt>
      <trkpt lat="49.197627" lon="20.235386"><ele>1875.8</ele></trkpt>
      <trkpt lat="49.197643" lon="20.235383"><ele>1876.4</ele></trkpt>
      <trkpt lat="49.197659" lon="20.235380"><ele>1876.2</ele></trkpt>
      <trkpt lat="49.197675" lon="20.235376"><ele>1877.2</ele></trkpt>
      <trkpt lat="49.197690" lon="20.235373"><ele>1877.0</ele></trkpt>
      <trkpt lat="49.197706" lon="20.235370"><ele>1878.0</ele></trkpt>
      <trkpt lat="49.197722" lon="20.235367"><ele>1878.8</ele></trkpt>
      <trkpt lat="49.197738" lon="20.235363"><ele>1878.8</ele></trkpt>
      <trkpt lat="49.197754" lon="20.235360"><ele>1878.8</ele></trkpt>
      <trkpt lat="49.197770" lon="20.235357"><ele>1878.2</ele></trkpt>
      <trkpt lat="49.197785" lon="20.235353"><ele>1877.6</ele></trkpt>
      <trkpt lat="49.197801" lon="20.235350"><ele>1876.4</ele></trkpt>
      <trkpt lat="49.197817" lon="20.235347"><ele>1875.4</ele></trkpt>
      <trkpt lat="49.197833" lon="20.235343"><ele>1874.6</ele></trkpt>
      <trkpt lat="49.197849" lon="20.235340"><ele>1874.2</ele></trkpt>
      <trkpt lat="49.197865" lon="20.235337"><ele>1874.2</ele></trkpt>
      <trkpt lat="49.197881" lon="20.235334"><ele>1874.0</ele></trkpt>
      <trkpt lat="49.197896" lon="20.235330"><ele>1873.6</ele></trkpt>
      <trkpt lat="49.197912" lon="20.235325"><ele>1873.4</ele></trkpt>
      <trkpt lat="49.197929" lon="20.235317"><ele>1872.8</ele></trkpt>
      <trkpt lat="49.197945" lon="20.235309"><ele>1872.0</ele></trkpt>
      <trkpt lat="49.197961" lon="20.235301"><ele>1871.8</ele></trkpt>
      <trkpt lat="49.197977" lon="20.235293"><ele>1872.4</ele></trkpt>
      <trkpt lat="49.197993" lon="20.235285"><ele>1872.4</ele></trkpt>
      <trkpt lat="49.198009" lon="20.235276"><ele>1872.0</ele></trkpt>
      <trkpt lat="49.198025" lon="20.235268"><ele>1871.8</ele></trkpt>
      <trkpt lat="49.198042" lon="20.235260"><ele>1871.4</ele></trkpt>
      <trkpt lat="49.198058" lon="20.235252"><ele>1871.0</ele></trkpt>
      <trkpt lat="49.198074" lon="20.235244"><ele>1870.6</ele></trkpt>
      <trkpt lat="49.198090" lon="20.235236"><ele>1870.6</ele></trkpt>
      <trkpt lat="49.198106" lon="20.235227"><ele>1870.8</ele></trkpt>
      <trkpt lat="49.198122" lon="20.235219"><ele>1871.2</ele></trkpt>
      <trkpt lat="49.198138" lon="20.235211"><ele>1872.0</ele></trkpt>
      <trkpt lat="49.198155" lon="20.235203"><ele>1872.6</ele></trkpt>
      <trkpt lat="49.198171" lon="20.235195"><ele>1873.6</ele></trkpt>
      <trkpt lat="49.198187" lon="20.235187"><ele>1874.2</ele></trkpt>
      <trkpt lat="49.198203" lon="20.235179"><ele>1874.6</ele></trkpt>
      <trkpt lat="49.198219" lon="20.235170"><ele>1874.8</ele></trkpt>
      <trkpt lat="49.198235" lon="20.235161"><ele>1875.0</ele></trkpt>
      <trkpt lat="49.198251" lon="20.235149"><ele>1875.4</ele></trkpt>
      <trkpt lat="49.198267" lon="20.235136"><ele>1876.0</ele></trkpt>
      <trkpt lat="49.198283" lon="20.235124"><ele>1876.4</ele></trkpt>
      <trkpt lat="49.198299" lon="20.235111"><ele>1875.8</ele></trkpt>
      <trkpt lat="49.198315" lon="20.235099"><ele>1875.0</ele></trkpt>
      <trkpt lat="49.198330" lon="20.235087"><ele>1874.2</ele></trkpt>
      <trkpt lat="49.198346" lon="20.235074"><ele>1872.8</ele></trkpt>
      <trkpt lat="49.198362" lon="20.235062"><ele>1871.6</ele></trkpt>
      <trkpt lat="49.198378" lon="20.235050"><ele>1870.8</ele></trkpt>
      <trkpt lat="49.198394" lon="20.235037"><ele>1871.0</ele></trkpt>
      <trkpt lat="49.198410" lon="20.235025"><ele>1871.2</ele></trkpt>
      <trkpt lat="49.198425" lon="20.235013"><ele>1871.2</ele></trkpt>
      <trkpt lat="49.198441" lon="20.235000"><ele>1870.6</ele></trkpt>
      <trkpt lat="49.198457" lon="20.234988"><ele>1869.4</ele></trkpt>
      <trkpt lat="49.198473" lon="20.234976"><ele>1868.0</ele></trkpt>
      <trkpt lat="49.198489" lon="20.234963"><ele>1867.8</ele></trkpt>
      <trkpt lat="49.198505" lon="20.234951"><ele>1868.0</ele></trkpt>
      <trkpt lat="49.198521" lon="20.234939"><ele>1868.2</ele></trkpt>
      <trkpt lat="49.198536" lon="20.234926"><ele>1868.6</ele></trkpt>
      <trkpt lat="49.198551" lon="20.234923"><ele>1869.6</ele></trkpt>
      <trkpt lat="49.198561" lon="20.234939"><ele>1869.2</ele></trkpt>
      <trkpt lat="49.198572" lon="20.234954"><ele>1868.6</ele></trkpt>
      <trkpt lat="49.198583" lon="20.234969"><ele>1869.4</ele></trkpt>
      <trkpt lat="49.198594" lon="20.234985"><ele>1868.2</ele></trkpt>
      <trkpt lat="49.198604" lon="20.235000"><ele>1867.2</ele></trkpt>
      <trkpt lat="49.198615" lon="20.235016"><ele>1868.0</ele></trkpt>
      <trkpt lat="49.198626" lon="20.235031"><ele>1868.0</ele></trkpt>
      <trkpt lat="49.198637" lon="20.235047"><ele>1868.8</ele></trkpt>
      <trkpt lat="49.198647" lon="20.235062"><ele>1867.6</ele></trkpt>
      <trkpt lat="49.198658" lon="20.235078"><ele>1865.0</ele></trkpt>
      <trkpt lat="49.198669" lon="20.235093"><ele>1864.4</ele></trkpt>
      <trkpt lat="49.198680" lon="20.235109"><ele>1864.4</ele></trkpt>
      <trkpt lat="49.198690" lon="20.235124"><ele>1866.0</ele></trkpt>
      <trkpt lat="49.198701" lon="20.235139"><ele>1867.8</ele></trkpt>
      <trkpt lat="49.198712" lon="20.235155"><ele>1866.6</ele></trkpt>
      <trkpt lat="49.198723" lon="20.235170"><ele>1865.4</ele></trkpt>
      <trkpt lat="49.198733" lon="20.235186"><ele>1864.8</ele></trkpt>
      <trkpt lat="49.198744" lon="20.235201"><ele>1862.8</ele></trkpt>
      <trkpt lat="49.198755" lon="20.235217"><ele>1863.2</ele></trkpt>
      <trkpt lat="49.198768" lon="20.235227"><ele>1862.2</ele></trkpt>
      <trkpt lat="49.198782" lon="20.235228"><ele>1861.8</ele></trkpt>
      <trkpt lat="49.198797" lon="20.235228"><ele>1860.8</ele></trkpt>
      <trkpt lat="49.198811" lon="20.235229"><ele>1861.4</ele></trkpt>
      <trkpt lat="49.198825" lon="20.235229"><ele>1861.2</ele></trkpt>
      <trkpt lat="49.198840" lon="20.235229"><ele>1861.2</ele></trkpt>
      <trkpt lat="49.198854" lon="20.235230"><ele>1862.2</ele></trkpt>
      <trkpt lat="49.198868" lon="20.235230"><ele>1862.8</ele></trkpt>
      <trkpt lat="49.198883" lon="20.235231"><ele>1863.2</ele></trkpt>
      <trkpt lat="49.198897" lon="20.235231"><ele>1865.0</ele></trkpt>
      <trkpt lat="49.198911" lon="20.235232"><ele>1866.4</ele></trkpt>
      <trkpt lat="49.198926" lon="20.235232"><ele>1864.8</ele></trkpt>
      <trkpt lat="49.198940" lon="20.235232"><ele>1862.4</ele></trkpt>
      <trkpt lat="49.198954" lon="20.235233"><ele>1862.8</ele></trkpt>
      <trkpt lat="49.198969" lon="20.235233"><ele>1862.0</ele></trkpt>
      <trkpt lat="49.198983" lon="20.235234"><ele>1863.6</ele></trkpt>
      <trkpt lat="49.198997" lon="20.235234"><ele>1863.8</ele></trkpt>
      <trkpt lat="49.199012" lon="20.235235"><ele>1864.0</ele></trkpt>
      <trkpt lat="49.199026" lon="20.235235"><ele>1865.2</ele></trkpt>
      <trkpt lat="49.199040" lon="20.235236"><ele>1865.2</ele></trkpt>
      <trkpt lat="49.199054" lon="20.235236"><ele>1865.2</ele></trkpt>
      <trkpt lat="49.199069" lon="20.235236"><ele>1863.6</ele></trkpt>
      <trkpt lat="49.199083" lon="20.235237"><ele>1864.4</ele></trkpt>
      <trkpt lat="49.199097" lon="20.235237"><ele>1865.0</ele></trkpt>
      <trkpt lat="49.199112" lon="20.235238"><ele>1864.2</ele></trkpt>
      <trkpt lat="49.199126" lon="20.235238"><ele>1864.0</ele></trkpt>
      <trkpt lat="49.199140" lon="20.235239"><ele>1863.8</ele></trkpt>
      <trkpt lat="49.199155" lon="20.235239"><ele>1864.0</ele></trkpt>
      <trkpt lat="49.199169" lon="20.235240"><ele>1863.6</ele></trkpt>
      <trkpt lat="49.199183" lon="20.235240"><ele>1863.6</ele></trkpt>
      <trkpt lat="49.199198" lon="20.235240"><ele>1863.8</ele></trkpt>
      <trkpt lat="49.199212" lon="20.235241"><ele>1863.2</ele></trkpt>
      <trkpt lat="49.199226" lon="20.235241"><ele>1864.8</ele></trkpt>
      <trkpt lat="49.199241" lon="20.235242"><ele>1864.6</ele></trkpt>
      <trkpt lat="49.199255" lon="20.235242"><ele>1864.6</ele></trkpt>
      <trkpt lat="49.199269" lon="20.235243"><ele>1863.8</ele></trkpt>
      <trkpt lat="49.199284" lon="20.235243"><ele>1865.2</ele></trkpt>
      <trkpt lat="49.199298" lon="20.235243"><ele>1866.6</ele></trkpt>
      <trkpt lat="49.199312" lon="20.235244"><ele>1866.6</ele></trkpt>
      <trkpt lat="49.199327" lon="20.235244"><ele>1866.2</ele></trkpt>
      <trkpt lat="49.199341" lon="20.235245"><ele>1866.8</ele></trkpt>
      <trkpt lat="49.199358" lon="20.235246"><ele>1866.8</ele></trkpt>
      <trkpt lat="49.199373" lon="20.235247"><ele>1867.2</ele></trkpt>
      <trkpt lat="49.199389" lon="20.235249"><ele>1867.2</ele></trkpt>
      <trkpt lat="49.199405" lon="20.235250"><ele>1867.0</ele></trkpt>
      <trkpt lat="49.199421" lon="20.235251"><ele>1866.8</ele></trkpt>
      <trkpt lat="49.199437" lon="20.235253"><ele>1866.6</ele></trkpt>
      <trkpt lat="49.199453" lon="20.235254"><ele>1866.2</ele></trkpt>
      <trkpt lat="49.199469" lon="20.235255"><ele>1866.0</ele></trkpt>
      <trkpt lat="49.199484" lon="20.235257"><ele>1866.0</ele></trkpt>
      <trkpt lat="49.199500" lon="20.235258"><ele>1866.4</ele></trkpt>
      <trkpt lat="49.199516" lon="20.235259"><ele>1866.2</ele></trkpt>
      <trkpt lat="49.199532" lon="20.235261"><ele>1866.2</ele></trkpt>
      <trkpt lat="49.199548" lon="20.235262"><ele>1866.0</ele></trkpt>
      <trkpt lat="49.199564" lon="20.235263"><ele>1865.6</ele></trkpt>
      <trkpt lat="49.199579" lon="20.235265"><ele>1865.4</ele></trkpt>
      <trkpt lat="49.199595" lon="20.235266"><ele>1865.0</ele></trkpt>
      <trkpt lat="49.199611" lon="20.235267"><ele>1864.8</ele></trkpt>
      <trkpt lat="49.199627" lon="20.235269"><ele>1864.8</ele></trkpt>
      <trkpt lat="49.199643" lon="20.235270"><ele>1864.8</ele></trkpt>
      <trkpt lat="49.199659" lon="20.235272"><ele>1864.8</ele></trkpt>
      <trkpt lat="49.199676" lon="20.235267"><ele>1865.0</ele></trkpt>
      <trkpt lat="49.199695" lon="20.235260"><ele>1865.6</ele></trkpt>
      <trkpt lat="49.199713" lon="20.235253"><ele>1866.0</ele></trkpt>
      <trkpt lat="49.199732" lon="20.235247"><ele>1866.8</ele></trkpt>
      <trkpt lat="49.199751" lon="20.235240"><ele>1866.8</ele></trkpt>
      <trkpt lat="49.199769" lon="20.235233"><ele>1866.8</ele></trkpt>
      <trkpt lat="49.199788" lon="20.235226"><ele>1866.6</ele></trkpt>
      <trkpt lat="49.199806" lon="20.235219"><ele>1866.2</ele></trkpt>
      <trkpt lat="49.199825" lon="20.235212"><ele>1866.2</ele></trkpt>
      <trkpt lat="49.199843" lon="20.235205"><ele>1866.2</ele></trkpt>
      <trkpt lat="49.199862" lon="20.235198"><ele>1865.6</ele></trkpt>
      <trkpt lat="49.199880" lon="20.235191"><ele>1865.6</ele></trkpt>
      <trkpt lat="49.199899" lon="20.235184"><ele>1865.4</ele></trkpt>
      <trkpt lat="49.199918" lon="20.235177"><ele>1865.8</ele></trkpt>
      <trkpt lat="49.199936" lon="20.235170"><ele>1866.0</ele></trkpt>
      <trkpt lat="49.199955" lon="20.235163"><ele>1866.0</ele></trkpt>
      <trkpt lat="49.199973" lon="20.235156"><ele>1866.4</ele></trkpt>
      <trkpt lat="49.199992" lon="20.235149"><ele>1867.0</ele></trkpt>
      <trkpt lat="49.200010" lon="20.235142"><ele>1866.6</ele></trkpt>
      <trkpt lat="49.200029" lon="20.235135"><ele>1867.2</ele></trkpt>
      <trkpt lat="49.200046" lon="20.235132"><ele>1867.4</ele></trkpt>
      <trkpt lat="49.200061" lon="20.235132"><ele>1867.8</ele></trkpt>
      <trkpt lat="49.200077" lon="20.235131"><ele>1867.6</ele></trkpt>
      <trkpt lat="49.200093" lon="20.235130"><ele>1866.6</ele></trkpt>
      <trkpt lat="49.200109" lon="20.235129"><ele>1865.8</ele></trkpt>
      <trkpt lat="49.200125" lon="20.235128"><ele>1865.4</ele></trkpt>
      <trkpt lat="49.200141" lon="20.235127"><ele>1865.0</ele></trkpt>
      <trkpt lat="49.200157" lon="20.235126"><ele>1865.2</ele></trkpt>
      <trkpt lat="49.200172" lon="20.235125"><ele>1865.8</ele></trkpt>
      <trkpt lat="49.200188" lon="20.235124"><ele>1866.8</ele></trkpt>
      <trkpt lat="49.200204" lon="20.235123"><ele>1867.8</ele></trkpt>
      <trkpt lat="49.200220" lon="20.235123"><ele>1869.2</ele></trkpt>
      <trkpt lat="49.200236" lon="20.235122"><ele>1869.4</ele></trkpt>
      <trkpt lat="49.200252" lon="20.235121"><ele>1870.2</ele></trkpt>
      <trkpt lat="49.200267" lon="20.235120"><ele>1871.4</ele></trkpt>
      <trkpt lat="49.200283" lon="20.235119"><ele>1871.4</ele></trkpt>
      <trkpt lat="49.200299" lon="20.235118"><ele>1871.2</ele></trkpt>
      <trkpt lat="49.200315" lon="20.235117"><ele>1870.4</ele></trkpt>
      <trkpt lat="49.200331" lon="20.235116"><ele>1870.2</ele></trkpt>
      <trkpt lat="49.200347" lon="20.235115"><ele>1871.0</ele></trkpt>
      <trkpt lat="49.200358" lon="20.235132"><ele>1872.2</ele></trkpt>
      <trkpt lat="49.200368" lon="20.235158"><ele>1872.8</ele></trkpt>
      <trkpt lat="49.200378" lon="20.235183"><ele>1872.2</ele></trkpt>
      <trkpt lat="49.200387" lon="20.235209"><ele>1871.8</ele></trkpt>
      <trkpt lat="49.200397" lon="20.235234"><ele>1872.0</ele></trkpt>
      <trkpt lat="49.200406" lon="20.235260"><ele>1872.8</ele></trkpt>
      <trkpt lat="49.200416" lon="20.235285"><ele>1873.8</ele></trkpt>
      <trkpt lat="49.200426" lon="20.235311"><ele>1876.2</ele></trkpt>
      <trkpt lat="49.200435" lon="20.235336"><ele>1880.0</ele></trkpt>
      <trkpt lat="49.200445" lon="20.235362"><ele>1877.8</ele></trkpt>
      <trkpt lat="49.200454" lon="20.235388"><ele>1876.8</ele></trkpt>
      <trkpt lat="49.200464" lon="20.235413"><ele>1876.0</ele></trkpt>
      <trkpt lat="49.200474" lon="20.235439"><ele>1878.4</ele></trkpt>
      <trkpt lat="49.200483" lon="20.235464"><ele>1876.6</ele></trkpt>
      <trkpt lat="49.200493" lon="20.235490"><ele>1875.8</ele></trkpt>
      <trkpt lat="49.200502" lon="20.235515"><ele>1874.4</ele></trkpt>
      <trkpt lat="49.200512" lon="20.235541"><ele>1873.4</ele></trkpt>
      <trkpt lat="49.200522" lon="20.235566"><ele>1873.0</ele></trkpt>
      <trkpt lat="49.200531" lon="20.235592"><ele>1872.8</ele></trkpt>
      <trkpt lat="49.200541" lon="20.235617"><ele>1872.6</ele></trkpt>
      <trkpt lat="49.200550" lon="20.235644"><ele>1873.4</ele></trkpt>
      <trkpt lat="49.200560" lon="20.235670"><ele>1875.2</ele></trkpt>
      <trkpt lat="49.200570" lon="20.235697"><ele>1877.0</ele></trkpt>
      <trkpt lat="49.200579" lon="20.235724"><ele>1874.8</ele></trkpt>
      <trkpt lat="49.200589" lon="20.235750"><ele>1874.0</ele></trkpt>
      <trkpt lat="49.200598" lon="20.235777"><ele>1874.2</ele></trkpt>
      <trkpt lat="49.200608" lon="20.235803"><ele>1873.4</ele></trkpt>
      <trkpt lat="49.200618" lon="20.235830"><ele>1872.2</ele></trkpt>
      <trkpt lat="49.200627" lon="20.235857"><ele>1870.8</ele></trkpt>
      <trkpt lat="49.200637" lon="20.235883"><ele>1871.2</ele></trkpt>
      <trkpt lat="49.200646" lon="20.235910"><ele>1872.2</ele></trkpt>
      <trkpt lat="49.200656" lon="20.235936"><ele>1871.8</ele></trkpt>
      <trkpt lat="49.200666" lon="20.235963"><ele>1871.4</ele></trkpt>
      <trkpt lat="49.200675" lon="20.235990"><ele>1871.2</ele></trkpt>
      <trkpt lat="49.200685" lon="20.236016"><ele>1871.0</ele></trkpt>
      <trkpt lat="49.200694" lon="20.236043"><ele>1871.0</ele></trkpt>
      <trkpt lat="49.200704" lon="20.236069"><ele>1871.6</ele></trkpt>
      <trkpt lat="49.200714" lon="20.236096"><ele>1872.2</ele></trkpt>
      <trkpt lat="49.200723" lon="20.236123"><ele>1872.4</ele></trkpt>
      <trkpt lat="49.200733" lon="20.236149"><ele>1871.8</ele></trkpt>
      <trkpt lat="49.200748" lon="20.236170"><ele>1871.4</ele></trkpt>
      <trkpt lat="49.200760" lon="20.236183"><ele>1871.4</ele></trkpt>
      <trkpt lat="49.200773" lon="20.236195"><ele>1871.6</ele></trkpt>
      <trkpt lat="49.200785" lon="20.236208"><ele>1871.8</ele></trkpt>
      <trkpt lat="49.200797" lon="20.236220"><ele>1871.4</ele></trkpt>
      <trkpt lat="49.200809" lon="20.236233"><ele>1870.8</ele></trkpt>
      <trkpt lat="49.200821" lon="20.236245"><ele>1870.2</ele></trkpt>
      <trkpt lat="49.200833" lon="20.236258"><ele>1870.0</ele></trkpt>
      <trkpt lat="49.200846" lon="20.236270"><ele>1869.8</ele></trkpt>
      <trkpt lat="49.200858" lon="20.236283"><ele>1869.4</ele></trkpt>
      <trkpt lat="49.200870" lon="20.236295"><ele>1868.8</ele></trkpt>
      <trkpt lat="49.200882" lon="20.236308"><ele>1868.4</ele></trkpt>
      <trkpt lat="49.200894" lon="20.236320"><ele>1868.0</ele></trkpt>
      <trkpt lat="49.200906" lon="20.236333"><ele>1867.6</ele></trkpt>
      <trkpt lat="49.200919" lon="20.236345"><ele>1867.2</ele></trkpt>
      <trkpt lat="49.200931" lon="20.236358"><ele>1866.8</ele></trkpt>
      <trkpt lat="49.200943" lon="20.236370"><ele>1867.0</ele></trkpt>
      <trkpt lat="49.200955" lon="20.236383"><ele>1867.0</ele></trkpt>
      <trkpt lat="49.200967" lon="20.236395"><ele>1866.8</ele></trkpt>
      <trkpt lat="49.200979" lon="20.236408"><ele>1866.6</ele></trkpt>
      <trkpt lat="49.200992" lon="20.236420"><ele>1866.4</ele></trkpt>
      <trkpt lat="49.201004" lon="20.236433"><ele>1866.2</ele></trkpt>
      <trkpt lat="49.201016" lon="20.236445"><ele>1865.6</ele></trkpt>
      <trkpt lat="49.201028" lon="20.236458"><ele>1865.4</ele></trkpt>
      <trkpt lat="49.201040" lon="20.236470"><ele>1865.2</ele></trkpt>
      <trkpt lat="49.201052" lon="20.236483"><ele>1865.0</ele></trkpt>
      <trkpt lat="49.201065" lon="20.236495"><ele>1864.4</ele></trkpt>
      <trkpt lat="49.201077" lon="20.236508"><ele>1864.2</ele></trkpt>
      <trkpt lat="49.201089" lon="20.236520"><ele>1864.0</ele></trkpt>
      <trkpt lat="49.201101" lon="20.236533"><ele>1864.0</ele></trkpt>
      <trkpt lat="49.201111" lon="20.236554"><ele>1863.2</ele></trkpt>
      <trkpt lat="49.201121" lon="20.236574"><ele>1863.0</ele></trkpt>
      <trkpt lat="49.201132" lon="20.236595"><ele>1863.0</ele></trkpt>
      <trkpt lat="49.201142" lon="20.236616"><ele>1863.2</ele></trkpt>
      <trkpt lat="49.201152" lon="20.236637"><ele>1863.2</ele></trkpt>
      <trkpt lat="49.201162" lon="20.236657"><ele>1863.6</ele></trkpt>
      <trkpt lat="49.201172" lon="20.236678"><ele>1863.8</ele></trkpt>
      <trkpt lat="49.201183" lon="20.236699"><ele>1863.8</ele></trkpt>
      <trkpt lat="49.201193" lon="20.236719"><ele>1863.8</ele></trkpt>
      <trkpt lat="49.201203" lon="20.236740"><ele>1863.8</ele></trkpt>
      <trkpt lat="49.201213" lon="20.236761"><ele>1863.8</ele></trkpt>
      <trkpt lat="49.201223" lon="20.236782"><ele>1863.6</ele></trkpt>
      <trkpt lat="49.201234" lon="20.236802"><ele>1863.6</ele></trkpt>
      <trkpt lat="49.201244" lon="20.236823"><ele>1863.8</ele></trkpt>
      <trkpt lat="49.201254" lon="20.236844"><ele>1863.8</ele></trkpt>
      <trkpt lat="49.201264" lon="20.236864"><ele>1863.8</ele></trkpt>
      <trkpt lat="49.201274" lon="20.236885"><ele>1863.6</ele></trkpt>
      <trkpt lat="49.201285" lon="20.236906"><ele>1863.4</ele></trkpt>
      <trkpt lat="49.201295" lon="20.236927"><ele>1863.4</ele></trkpt>
      <trkpt lat="49.201305" lon="20.236947"><ele>1863.2</ele></trkpt>
      <trkpt lat="49.201315" lon="20.236968"><ele>1863.0</ele></trkpt>
      <trkpt lat="49.201325" lon="20.236989"><ele>1862.8</ele></trkpt>
      <trkpt lat="49.201336" lon="20.237009"><ele>1862.8</ele></trkpt>
      <trkpt lat="49.201346" lon="20.237030"><ele>1862.8</ele></trkpt>
      <trkpt lat="49.201356" lon="20.237051"><ele>1862.8</ele></trkpt>
      <trkpt lat="49.201366" lon="20.237072"><ele>1862.6</ele></trkpt>
      <trkpt lat="49.201376" lon="20.237092"><ele>1862.6</ele></trkpt>
      <trkpt lat="49.201387" lon="20.237113"><ele>1862.2</ele></trkpt>
      <trkpt lat="49.201397" lon="20.237134"><ele>1862.2</ele></trkpt>
      <trkpt lat="49.201411" lon="20.237138"><ele>1865.8</ele></trkpt>
      <trkpt lat="49.201423" lon="20.237128"><ele>1865.4</ele></trkpt>
      <trkpt lat="49.201436" lon="20.237119"><ele>1864.6</ele></trkpt>
      <trkpt lat="49.201449" lon="20.237109"><ele>1865.8</ele></trkpt>
      <trkpt lat="49.201462" lon="20.237100"><ele>1863.8</ele></trkpt>
      <trkpt lat="49.201474" lon="20.237090"><ele>1865.4</ele></trkpt>
      <trkpt lat="49.201487" lon="20.237081"><ele>1867.6</ele></trkpt>
      <trkpt lat="49.201500" lon="20.237072"><ele>1868.0</ele></trkpt>
      <trkpt lat="49.201512" lon="20.237062"><ele>1866.8</ele></trkpt>
      <trkpt lat="49.201526" lon="20.237058"><ele>1865.8</ele></trkpt>
      <trkpt lat="49.201540" lon="20.237055"><ele>1866.8</ele></trkpt>
      <trkpt lat="49.201554" lon="20.237052"><ele>1866.8</ele></trkpt>
      <trkpt lat="49.201568" lon="20.237049"><ele>1866.6</ele></trkpt>
      <trkpt lat="49.201582" lon="20.237046"><ele>1865.6</ele></trkpt>
      <trkpt lat="49.201596" lon="20.237043"><ele>1866.8</ele></trkpt>
      <trkpt lat="49.201610" lon="20.237040"><ele>1865.6</ele></trkpt>
      <trkpt lat="49.201624" lon="20.237037"><ele>1865.4</ele></trkpt>
      <trkpt lat="49.201638" lon="20.237034"><ele>1865.8</ele></trkpt>
      <trkpt lat="49.201652" lon="20.237031"><ele>1865.2</ele></trkpt>
      <trkpt lat="49.201669" lon="20.237032"><ele>1864.4</ele></trkpt>
      <trkpt lat="49.201685" lon="20.237037"><ele>1864.8</ele></trkpt>
      <trkpt lat="49.201701" lon="20.237042"><ele>1865.2</ele></trkpt>
      <trkpt lat="49.201717" lon="20.237048"><ele>1865.2</ele></trkpt>
      <trkpt lat="49.201733" lon="20.237053"><ele>1864.8</ele></trkpt>
      <trkpt lat="49.201749" lon="20.237059"><ele>1864.4</ele></trkpt>
      <trkpt lat="49.201765" lon="20.237064"><ele>1864.2</ele></trkpt>
      <trkpt lat="49.201781" lon="20.237069"><ele>1864.6</ele></trkpt>
      <trkpt lat="49.201797" lon="20.237075"><ele>1865.0</ele></trkpt>
      <trkpt lat="49.201813" lon="20.237080"><ele>1864.4</ele></trkpt>
      <trkpt lat="49.201829" lon="20.237086"><ele>1865.2</ele></trkpt>
      <trkpt lat="49.201845" lon="20.237091"><ele>1866.2</ele></trkpt>
      <trkpt lat="49.201861" lon="20.237096"><ele>1866.4</ele></trkpt>
      <trkpt lat="49.201877" lon="20.237102"><ele>1867.8</ele></trkpt>
      <trkpt lat="49.201893" lon="20.237107"><ele>1868.2</ele></trkpt>
      <trkpt lat="49.201912" lon="20.237106"><ele>1868.0</ele></trkpt>
      <trkpt lat="49.201928" lon="20.237101"><ele>1868.2</ele></trkpt>
      <trkpt lat="49.201944" lon="20.237095"><ele>1868.6</ele></trkpt>
      <trkpt lat="49.201961" lon="20.237090"><ele>1869.0</ele></trkpt>
      <trkpt lat="49.201977" lon="20.237084"><ele>1869.4</ele></trkpt>
      <trkpt lat="49.201993" lon="20.237079"><ele>1869.8</ele></trkpt>
      <trkpt lat="49.202010" lon="20.237073"><ele>1870.6</ele></trkpt>
      <trkpt lat="49.202026" lon="20.237068"><ele>1871.0</ele></trkpt>
      <trkpt lat="49.202042" lon="20.237062"><ele>1871.0</ele></trkpt>
      <trkpt lat="49.202059" lon="20.237057"><ele>1871.8</ele></trkpt>
      <trkpt lat="49.202075" lon="20.237051"><ele>1872.6</ele></trkpt>
      <trkpt lat="49.202091" lon="20.237046"><ele>1872.8</ele></trkpt>
      <trkpt lat="49.202107" lon="20.237040"><ele>1873.2</ele></trkpt>
      <trkpt lat="49.202124" lon="20.237035"><ele>1874.4</ele></trkpt>
      <trkpt lat="49.202140" lon="20.237029"><ele>1875.6</ele></trkpt>
      <trkpt lat="49.202156" lon="20.237024"><ele>1875.0</ele></trkpt>
      <trkpt lat="49.202173" lon="20.237018"><ele>1874.0</ele></trkpt>
      <trkpt lat="49.202189" lon="20.237013"><ele>1874.0</ele></trkpt>
      <trkpt lat="49.202205" lon="20.237007"><ele>1874.2</ele></trkpt>
      <trkpt lat="49.202222" lon="20.237002"><ele>1874.6</ele></trkpt>
      <trkpt lat="49.202233" lon="20.236983"><ele>1876.2</ele></trkpt>
      <trkpt lat="49.202240" lon="20.236961"><ele>1876.6</ele></trkpt>
      <trkpt lat="49.202247" lon="20.236939"><ele>1877.6</ele></trkpt>
      <trkpt lat="49.202254" lon="20.236918"><ele>1877.8</ele></trkpt>
      <trkpt lat="49.202261" lon="20.236896"><ele>1878.8</ele></trkpt>
      <trkpt lat="49.202268" lon="20.236874"><ele>1879.2</ele></trkpt>
      <trkpt lat="49.202275" lon="20.236853"><ele>1879.4</ele></trkpt>
      <trkpt lat="49.202282" lon="20.236831"><ele>1879.4</ele></trkpt>
      <trkpt lat="49.202289" lon="20.236809"><ele>1880.0</ele></trkpt>
      <trkpt lat="49.202296" lon="20.236788"><ele>1880.2</ele></trkpt>
      <trkpt lat="49.202304" lon="20.236766"><ele>1880.6</ele></trkpt>
      <trkpt lat="49.202311" lon="20.236744"><ele>1880.2</ele></trkpt>
      <trkpt lat="49.202318" lon="20.236723"><ele>1881.0</ele></trkpt>
      <trkpt lat="49.202325" lon="20.236701"><ele>1881.2</ele></trkpt>
      <trkpt lat="49.202332" lon="20.236679"><ele>1881.6</ele></trkpt>
      <trkpt lat="49.202339" lon="20.236658"><ele>1882.2</ele></trkpt>
      <trkpt lat="49.202346" lon="20.236636"><ele>1883.4</ele></trkpt>
      <trkpt lat="49.202353" lon="20.236614"><ele>1883.6</ele></trkpt>
      <trkpt lat="49.202360" lon="20.236593"><ele>1885.0</ele></trkpt>
      <trkpt lat="49.202367" lon="20.236571"><ele>1886.0</ele></trkpt>
      <trkpt lat="49.202374" lon="20.236549"><ele>1886.4</ele></trkpt>
      <trkpt lat="49.202381" lon="20.236528"><ele>1886.8</ele></trkpt>
      <trkpt lat="49.202389" lon="20.236506"><ele>1886.0</ele></trkpt>
      <trkpt lat="49.202396" lon="20.236484"><ele>1887.0</ele></trkpt>
      <trkpt lat="49.202406" lon="20.236469"><ele>1888.2</ele></trkpt>
      <trkpt lat="49.202417" lon="20.236455"><ele>1889.2</ele></trkpt>
      <trkpt lat="49.202429" lon="20.236440"><ele>1890.2</ele></trkpt>
      <trkpt lat="49.202440" lon="20.236426"><ele>1890.2</ele></trkpt>
      <trkpt lat="49.202452" lon="20.236412"><ele>1891.4</ele></trkpt>
      <trkpt lat="49.202463" lon="20.236397"><ele>1892.0</ele></trkpt>
      <trkpt lat="49.202475" lon="20.236383"><ele>1893.0</ele></trkpt>
      <trkpt lat="49.202486" lon="20.236368"><ele>1893.4</ele></trkpt>
      <trkpt lat="49.202498" lon="20.236354"><ele>1895.2</ele></trkpt>
      <trkpt lat="49.202509" lon="20.236340"><ele>1896.4</ele></trkpt>
      <trkpt lat="49.202521" lon="20.236325"><ele>1897.4</ele></trkpt>
      <trkpt lat="49.202533" lon="20.236311"><ele>1896.6</ele></trkpt>
      <trkpt lat="49.202544" lon="20.236296"><ele>1896.0</ele></trkpt>
      <trkpt lat="49.202556" lon="20.236282"><ele>1894.8</ele></trkpt>
      <trkpt lat="49.202567" lon="20.236268"><ele>1895.0</ele></trkpt>
      <trkpt lat="49.202580" lon="20.236274"><ele>1895.8</ele></trkpt>
      <trkpt lat="49.202594" lon="20.236288"><ele>1896.8</ele></trkpt>
      <trkpt lat="49.202608" lon="20.236303"><ele>1896.8</ele></trkpt>
      <trkpt lat="49.202622" lon="20.236318"><ele>1896.6</ele></trkpt>
      <trkpt lat="49.202637" lon="20.236332"><ele>1897.0</ele></trkpt>
      <trkpt lat="49.202651" lon="20.236347"><ele>1897.6</ele></trkpt>
      <trkpt lat="49.202665" lon="20.236362"><ele>1898.0</ele></trkpt>
      <trkpt lat="49.202679" lon="20.236376"><ele>1898.0</ele></trkpt>
      <trkpt lat="49.202694" lon="20.236391"><ele>1897.6</ele></trkpt>
      <trkpt lat="49.202708" lon="20.236406"><ele>1897.6</ele></trkpt>
      <trkpt lat="49.202722" lon="20.236420"><ele>1898.0</ele></trkpt>
      <trkpt lat="49.202736" lon="20.236435"><ele>1898.2</ele></trkpt>
      <trkpt lat="49.202751" lon="20.236450"><ele>1898.8</ele></trkpt>
      <trkpt lat="49.202765" lon="20.236464"><ele>1899.4</ele></trkpt>
      <trkpt lat="49.202779" lon="20.236479"><ele>1899.8</ele></trkpt>
      <trkpt lat="49.202794" lon="20.236493"><ele>1900.2</ele></trkpt>
      <trkpt lat="49.202808" lon="20.236508"><ele>1900.2</ele></trkpt>
      <trkpt lat="49.202822" lon="20.236523"><ele>1900.2</ele></trkpt>
      <trkpt lat="49.202836" lon="20.236537"><ele>1900.4</ele></trkpt>
      <trkpt lat="49.202851" lon="20.236552"><ele>1901.2</ele></trkpt>
      <trkpt lat="49.202865" lon="20.236567"><ele>1901.6</ele></trkpt>
      <trkpt lat="49.202879" lon="20.236581"><ele>1901.4</ele></trkpt>
      <trkpt lat="49.202893" lon="20.236596"><ele>1901.6</ele></trkpt>
      <trkpt lat="49.202908" lon="20.236611"><ele>1902.0</ele></trkpt>
      <trkpt lat="49.202922" lon="20.236625"><ele>1902.6</ele></trkpt>
      <trkpt lat="49.202936" lon="20.236640"><ele>1903.0</ele></trkpt>
      <trkpt lat="49.202951" lon="20.236655"><ele>1903.4</ele></trkpt>
      <trkpt lat="49.202965" lon="20.236669"><ele>1904.2</ele></trkpt>
      <trkpt lat="49.202979" lon="20.236684"><ele>1904.6</ele></trkpt>
      <trkpt lat="49.202993" lon="20.236699"><ele>1905.0</ele></trkpt>
      <trkpt lat="49.203008" lon="20.236713"><ele>1905.4</ele></trkpt>
      <trkpt lat="49.203022" lon="20.236728"><ele>1905.6</ele></trkpt>
      <trkpt lat="49.203036" lon="20.236742"><ele>1906.0</ele></trkpt>
      <trkpt lat="49.203050" lon="20.236757"><ele>1906.6</ele></trkpt>
      <trkpt lat="49.203065" lon="20.236772"><ele>1907.0</ele></trkpt>
      <trkpt lat="49.203079" lon="20.236786"><ele>1907.2</ele></trkpt>
      <trkpt lat="49.203093" lon="20.236801"><ele>1907.8</ele></trkpt>
      <trkpt lat="49.203107" lon="20.236816"><ele>1908.0</ele></trkpt>
      <trkpt lat="49.203122" lon="20.236830"><ele>1907.6</ele></trkpt>
      <trkpt lat="49.203136" lon="20.236845"><ele>1907.8</ele></trkpt>
      <trkpt lat="49.203144" lon="20.236862"><ele>1908.0</ele></trkpt>
      <trkpt lat="49.203152" lon="20.236879"><ele>1908.0</ele></trkpt>
      <trkpt lat="49.203164" lon="20.236904"><ele>1908.4</ele></trkpt>
      <trkpt lat="49.203172" lon="20.236921"><ele>1908.8</ele></trkpt>
      <trkpt lat="49.203183" lon="20.236946"><ele>1909.6</ele></trkpt>
      <trkpt lat="49.203191" lon="20.236963"><ele>1909.8</ele></trkpt>
      <trkpt lat="49.203203" lon="20.236988"><ele>1910.8</ele></trkpt>
      <trkpt lat="49.203211" lon="20.237005"><ele>1910.8</ele></trkpt>
      <trkpt lat="49.203223" lon="20.237030"><ele>1911.0</ele></trkpt>
      <trkpt lat="49.203231" lon="20.237047"><ele>1911.4</ele></trkpt>
      <trkpt lat="49.203243" lon="20.237072"><ele>1911.4</ele></trkpt>
      <trkpt lat="49.203251" lon="20.237089"><ele>1911.4</ele></trkpt>
      <trkpt lat="49.203262" lon="20.237114"><ele>1911.2</ele></trkpt>
      <trkpt lat="49.203270" lon="20.237131"><ele>1911.0</ele></trkpt>
      <trkpt lat="49.203282" lon="20.237156"><ele>1911.0</ele></trkpt>
      <trkpt lat="49.203290" lon="20.237173"><ele>1911.4</ele></trkpt>
      <trkpt lat="49.203302" lon="20.237198"><ele>1912.0</ele></trkpt>
      <trkpt lat="49.203310" lon="20.237215"><ele>1912.4</ele></trkpt>
      <trkpt lat="49.203322" lon="20.237240"><ele>1913.2</ele></trkpt>
      <trkpt lat="49.203330" lon="20.237257"><ele>1913.8</ele></trkpt>
      <trkpt lat="49.203341" lon="20.237282"><ele>1914.4</ele></trkpt>
      <trkpt lat="49.203349" lon="20.237299"><ele>1914.8</ele></trkpt>
      <trkpt lat="49.203361" lon="20.237324"><ele>1915.6</ele></trkpt>
      <trkpt lat="49.203369" lon="20.237341"><ele>1916.0</ele></trkpt>
      <trkpt lat="49.203373" lon="20.237314"><ele>1915.8</ele></trkpt>
      <trkpt lat="49.203372" lon="20.237291"><ele>1915.6</ele></trkpt>
      <trkpt lat="49.203372" lon="20.237268"><ele>1916.0</ele></trkpt>
      <trkpt lat="49.203372" lon="20.237245"><ele>1916.4</ele></trkpt>
      <trkpt lat="49.203372" lon="20.237222"><ele>1917.0</ele></trkpt>
      <trkpt lat="49.203371" lon="20.237198"><ele>1916.6</ele></trkpt>
      <trkpt lat="49.203371" lon="20.237175"><ele>1916.6</ele></trkpt>
      <trkpt lat="49.203371" lon="20.237152"><ele>1916.4</ele></trkpt>
      <trkpt lat="49.203371" lon="20.237129"><ele>1916.8</ele></trkpt>
      <trkpt lat="49.203371" lon="20.237106"><ele>1918.4</ele></trkpt>
      <trkpt lat="49.203370" lon="20.237083"><ele>1919.0</ele></trkpt>
      <trkpt lat="49.203370" lon="20.237059"><ele>1919.4</ele></trkpt>
      <trkpt lat="49.203370" lon="20.237036"><ele>1919.8</ele></trkpt>
      <trkpt lat="49.203370" lon="20.237013"><ele>1919.8</ele></trkpt>
      <trkpt lat="49.203369" lon="20.236990"><ele>1920.0</ele></trkpt>
      <trkpt lat="49.203369" lon="20.236967"><ele>1920.2</ele></trkpt>
      <trkpt lat="49.203369" lon="20.236944"><ele>1920.4</ele></trkpt>
      <trkpt lat="49.203369" lon="20.236920"><ele>1920.4</ele></trkpt>
      <trkpt lat="49.203368" lon="20.236897"><ele>1920.4</ele></trkpt>
      <trkpt lat="49.203368" lon="20.236874"><ele>1920.2</ele></trkpt>
      <trkpt lat="49.203368" lon="20.236851"><ele>1921.4</ele></trkpt>
      <trkpt lat="49.203368" lon="20.236828"><ele>1921.8</ele></trkpt>
      <trkpt lat="49.203368" lon="20.236805"><ele>1922.4</ele></trkpt>
      <trkpt lat="49.203367" lon="20.236781"><ele>1922.8</ele></trkpt>
      <trkpt lat="49.203367" lon="20.236758"><ele>1922.6</ele></trkpt>
      <trkpt lat="49.203367" lon="20.236735"><ele>1922.4</ele></trkpt>
      <trkpt lat="49.203367" lon="20.236712"><ele>1921.6</ele></trkpt>
      <trkpt lat="49.203366" lon="20.236689"><ele>1920.8</ele></trkpt>
      <trkpt lat="49.203366" lon="20.236666"><ele>1921.0</ele></trkpt>
      <trkpt lat="49.203366" lon="20.236644"><ele>1922.4</ele></trkpt>
      <trkpt lat="49.203367" lon="20.236620"><ele>1922.2</ele></trkpt>
      <trkpt lat="49.203368" lon="20.236596"><ele>1922.8</ele></trkpt>
      <trkpt lat="49.203369" lon="20.236572"><ele>1924.6</ele></trkpt>
      <trkpt lat="49.203370" lon="20.236547"><ele>1924.4</ele></trkpt>
      <trkpt lat="49.203371" lon="20.236523"><ele>1924.6</ele></trkpt>
      <trkpt lat="49.203371" lon="20.236499"><ele>1924.8</ele></trkpt>
      <trkpt lat="49.203372" lon="20.236475"><ele>1925.4</ele></trkpt>
      <trkpt lat="49.203373" lon="20.236450"><ele>1925.6</ele></trkpt>
      <trkpt lat="49.203374" lon="20.236426"><ele>1925.0</ele></trkpt>
      <trkpt lat="49.203375" lon="20.236402"><ele>1924.8</ele></trkpt>
      <trkpt lat="49.203376" lon="20.236378"><ele>1925.6</ele></trkpt>
      <trkpt lat="49.203377" lon="20.236349"><ele>1926.6</ele></trkpt>
      <trkpt lat="49.203379" lon="20.236321"><ele>1926.4</ele></trkpt>
      <trkpt lat="49.203381" lon="20.236292"><ele>1925.4</ele></trkpt>
      <trkpt lat="49.203383" lon="20.236264"><ele>1925.0</ele></trkpt>
      <trkpt lat="49.203385" lon="20.236236"><ele>1926.6</ele></trkpt>
      <trkpt lat="49.203387" lon="20.236208"><ele>1926.2</ele></trkpt>
      <trkpt lat="49.203389" lon="20.236179"><ele>1926.0</ele></trkpt>
      <trkpt lat="49.203391" lon="20.236151"><ele>1926.6</ele></trkpt>
      <trkpt lat="49.203392" lon="20.236123"><ele>1927.4</ele></trkpt>
      <trkpt lat="49.203394" lon="20.236094"><ele>1927.4</ele></trkpt>
      <trkpt lat="49.203396" lon="20.236066"><ele>1928.2</ele></trkpt>
      <trkpt lat="49.203398" lon="20.236038"><ele>1929.6</ele></trkpt>
      <trkpt lat="49.203400" lon="20.236010"><ele>1928.2</ele></trkpt>
      <trkpt lat="49.203402" lon="20.235981"><ele>1928.4</ele></trkpt>
      <trkpt lat="49.203404" lon="20.235953"><ele>1930.0</ele></trkpt>
      <trkpt lat="49.203406" lon="20.235925"><ele>1930.4</ele></trkpt>
      <trkpt lat="49.203408" lon="20.235897"><ele>1930.4</ele></trkpt>
      <trkpt lat="49.203410" lon="20.235868"><ele>1930.4</ele></trkpt>
      <trkpt lat="49.203412" lon="20.235840"><ele>1930.2</ele></trkpt>
      <trkpt lat="49.203414" lon="20.235812"><ele>1930.8</ele></trkpt>
      <trkpt lat="49.203416" lon="20.235784"><ele>1930.8</ele></trkpt>
      <trkpt lat="49.203418" lon="20.235755"><ele>1931.0</ele></trkpt>
      <trkpt lat="49.203420" lon="20.235727"><ele>1931.2</ele></trkpt>
      <trkpt lat="49.203421" lon="20.235699"><ele>1931.2</ele></trkpt>
      <trkpt lat="49.203423" lon="20.235670"><ele>1931.4</ele></trkpt>
      <trkpt lat="49.203425" lon="20.235642"><ele>1932.2</ele></trkpt>
      <trkpt lat="49.203427" lon="20.235614"><ele>1933.2</ele></trkpt>
      <trkpt lat="49.203429" lon="20.235586"><ele>1933.8</ele></trkpt>
      <trkpt lat="49.203431" lon="20.235557"><ele>1934.4</ele></trkpt>
      <trkpt lat="49.203433" lon="20.235529"><ele>1935.2</ele></trkpt>
      <trkpt lat="49.203446" lon="20.235544"><ele>1936.2</ele></trkpt>
      <trkpt lat="49.203453" lon="20.235564"><ele>1936.6</ele></trkpt>
      <trkpt lat="49.203461" lon="20.235583"><ele>1937.0</ele></trkpt>
      <trkpt lat="49.203469" lon="20.235603"><ele>1937.2</ele></trkpt>
      <trkpt lat="49.203477" lon="20.235623"><ele>1937.2</ele></trkpt>
      <trkpt lat="49.203484" lon="20.235642"><ele>1937.4</ele></trkpt>
      <trkpt lat="49.203492" lon="20.235662"><ele>1937.6</ele></trkpt>
      <trkpt lat="49.203500" lon="20.235681"><ele>1937.6</ele></trkpt>
      <trkpt lat="49.203508" lon="20.235701"><ele>1937.6</ele></trkpt>
      <trkpt lat="49.203516" lon="20.235720"><ele>1937.4</ele></trkpt>
      <trkpt lat="49.203523" lon="20.235740"><ele>1937.4</ele></trkpt>
      <trkpt lat="49.203531" lon="20.235760"><ele>1937.4</ele></trkpt>
      <trkpt lat="49.203539" lon="20.235779"><ele>1937.4</ele></trkpt>
      <trkpt lat="49.203547" lon="20.235799"><ele>1937.6</ele></trkpt>
      <trkpt lat="49.203554" lon="20.235818"><ele>1937.8</ele></trkpt>
      <trkpt lat="49.203562" lon="20.235838"><ele>1938.0</ele></trkpt>
      <trkpt lat="49.203570" lon="20.235857"><ele>1938.2</ele></trkpt>
      <trkpt lat="49.203578" lon="20.235877"><ele>1938.4</ele></trkpt>
      <trkpt lat="49.203585" lon="20.235897"><ele>1938.8</ele></trkpt>
      <trkpt lat="49.203593" lon="20.235916"><ele>1939.4</ele></trkpt>
      <trkpt lat="49.203601" lon="20.235936"><ele>1940.4</ele></trkpt>
      <trkpt lat="49.203609" lon="20.235955"><ele>1941.4</ele></trkpt>
      <trkpt lat="49.203617" lon="20.235975"><ele>1941.8</ele></trkpt>
      <trkpt lat="49.203624" lon="20.235994"><ele>1942.4</ele></trkpt>
      <trkpt lat="49.203632" lon="20.236014"><ele>1942.6</ele></trkpt>
      <trkpt lat="49.203640" lon="20.236034"><ele>1942.8</ele></trkpt>
      <trkpt lat="49.203648" lon="20.236053"><ele>1942.8</ele></trkpt>
      <trkpt lat="49.203655" lon="20.236073"><ele>1943.0</ele></trkpt>
      <trkpt lat="49.203663" lon="20.236092"><ele>1943.2</ele></trkpt>
      <trkpt lat="49.203670" lon="20.236118"><ele>1942.8</ele></trkpt>
      <trkpt lat="49.203676" lon="20.236141"><ele>1943.2</ele></trkpt>
      <trkpt lat="49.203681" lon="20.236165"><ele>1943.8</ele></trkpt>
      <trkpt lat="49.203686" lon="20.236188"><ele>1943.8</ele></trkpt>
      <trkpt lat="49.203691" lon="20.236212"><ele>1944.0</ele></trkpt>
      <trkpt lat="49.203696" lon="20.236235"><ele>1944.2</ele></trkpt>
      <trkpt lat="49.203701" lon="20.236259"><ele>1944.6</ele></trkpt>
      <trkpt lat="49.203706" lon="20.236283"><ele>1944.8</ele></trkpt>
      <trkpt lat="49.203712" lon="20.236306"><ele>1945.2</ele></trkpt>
      <trkpt lat="49.203717" lon="20.236330"><ele>1945.4</ele></trkpt>
      <trkpt lat="49.203722" lon="20.236353"><ele>1945.8</ele></trkpt>
      <trkpt lat="49.203727" lon="20.236377"><ele>1946.6</ele></trkpt>
      <trkpt lat="49.203732" lon="20.236400"><ele>1946.4</ele></trkpt>
      <trkpt lat="49.203737" lon="20.236424"><ele>1946.2</ele></trkpt>
      <trkpt lat="49.203743" lon="20.236447"><ele>1945.6</ele></trkpt>
      <trkpt lat="49.203748" lon="20.236471"><ele>1945.8</ele></trkpt>
      <trkpt lat="49.203753" lon="20.236494"><ele>1945.8</ele></trkpt>
      <trkpt lat="49.203758" lon="20.236518"><ele>1946.2</ele></trkpt>
      <trkpt lat="49.203763" lon="20.236542"><ele>1947.0</ele></trkpt>
      <trkpt lat="49.203768" lon="20.236565"><ele>1947.2</ele></trkpt>
      <trkpt lat="49.203777" lon="20.236591"><ele>1947.6</ele></trkpt>
      <trkpt lat="49.203787" lon="20.236618"><ele>1948.2</ele></trkpt>
      <trkpt lat="49.203796" lon="20.236645"><ele>1949.4</ele></trkpt>
      <trkpt lat="49.203803" lon="20.236663"><ele>1949.0</ele></trkpt>
      <trkpt lat="49.203810" lon="20.236681"><ele>1949.6</ele></trkpt>
      <trkpt lat="49.203820" lon="20.236708"><ele>1949.6</ele></trkpt>
      <trkpt lat="49.203826" lon="20.236727"><ele>1949.0</ele></trkpt>
      <trkpt lat="49.203833" lon="20.236745"><ele>1948.4</ele></trkpt>
      <trkpt lat="49.203843" lon="20.236772"><ele>1948.4</ele></trkpt>
      <trkpt lat="49.203853" lon="20.236799"><ele>1948.6</ele></trkpt>
      <trkpt lat="49.203862" lon="20.236826"><ele>1948.4</ele></trkpt>
      <trkpt lat="49.203869" lon="20.236844"><ele>1948.2</ele></trkpt>
      <trkpt lat="49.203876" lon="20.236862"><ele>1948.4</ele></trkpt>
      <trkpt lat="49.203886" lon="20.236889"><ele>1949.0</ele></trkpt>
      <trkpt lat="49.203895" lon="20.236916"><ele>1950.0</ele></trkpt>
      <trkpt lat="49.203902" lon="20.236934"><ele>1950.4</ele></trkpt>
      <trkpt lat="49.203909" lon="20.236952"><ele>1950.6</ele></trkpt>
      <trkpt lat="49.203919" lon="20.236979"><ele>1951.2</ele></trkpt>
      <trkpt lat="49.203925" lon="20.236998"><ele>1951.6</ele></trkpt>
      <trkpt lat="49.203932" lon="20.237016"><ele>1952.0</ele></trkpt>
      <trkpt lat="49.203942" lon="20.237043"><ele>1953.2</ele></trkpt>
      <trkpt lat="49.203952" lon="20.237070"><ele>1953.8</ele></trkpt>
      <trkpt lat="49.203961" lon="20.237097"><ele>1954.4</ele></trkpt>
      <trkpt lat="49.203968" lon="20.237115"><ele>1955.0</ele></trkpt>
      <trkpt lat="49.203976" lon="20.237091"><ele>1955.8</ele></trkpt>
      <trkpt lat="49.203984" lon="20.237068"><ele>1956.0</ele></trkpt>
      <trkpt lat="49.203992" lon="20.237044"><ele>1956.4</ele></trkpt>
      <trkpt lat="49.203999" lon="20.237020"><ele>1956.8</ele></trkpt>
      <trkpt lat="49.204007" lon="20.236997"><ele>1956.8</ele></trkpt>
      <trkpt lat="49.204015" lon="20.236973"><ele>1957.0</ele></trkpt>
      <trkpt lat="49.204023" lon="20.236949"><ele>1958.4</ele></trkpt>
      <trkpt lat="49.204031" lon="20.236926"><ele>1959.2</ele></trkpt>
      <trkpt lat="49.204039" lon="20.236902"><ele>1959.2</ele></trkpt>
      <trkpt lat="49.204047" lon="20.236879"><ele>1959.0</ele></trkpt>
      <trkpt lat="49.204054" lon="20.236855"><ele>1959.4</ele></trkpt>
      <trkpt lat="49.204062" lon="20.236831"><ele>1960.2</ele></trkpt>
      <trkpt lat="49.204070" lon="20.236808"><ele>1961.0</ele></trkpt>
      <trkpt lat="49.204078" lon="20.236784"><ele>1962.0</ele></trkpt>
      <trkpt lat="49.204086" lon="20.236760"><ele>1961.8</ele></trkpt>
      <trkpt lat="49.204094" lon="20.236737"><ele>1963.6</ele></trkpt>
      <trkpt lat="49.204101" lon="20.236713"><ele>1965.6</ele></trkpt>
      <trkpt lat="49.204109" lon="20.236689"><ele>1965.4</ele></trkpt>
      <trkpt lat="49.204117" lon="20.236666"><ele>1966.6</ele></trkpt>
      <trkpt lat="49.204125" lon="20.236642"><ele>1967.8</ele></trkpt>
      <trkpt lat="49.204134" lon="20.236619"><ele>1967.0</ele></trkpt>
      <trkpt lat="49.204142" lon="20.236597"><ele>1968.2</ele></trkpt>
      <trkpt lat="49.204151" lon="20.236574"><ele>1969.6</ele></trkpt>
      <trkpt lat="49.204159" lon="20.236552"><ele>1970.2</ele></trkpt>
      <trkpt lat="49.204168" lon="20.236529"><ele>1969.8</ele></trkpt>
      <trkpt lat="49.204176" lon="20.236507"><ele>1970.8</ele></trkpt>
      <trkpt lat="49.204185" lon="20.236484"><ele>1971.2</ele></trkpt>
      <trkpt lat="49.204193" lon="20.236462"><ele>1971.2</ele></trkpt>
      <trkpt lat="49.204202" lon="20.236439"><ele>1972.0</ele></trkpt>
      <trkpt lat="49.204210" lon="20.236417"><ele>1972.4</ele></trkpt>
      <trkpt lat="49.204219" lon="20.236394"><ele>1973.6</ele></trkpt>
      <trkpt lat="49.204227" lon="20.236372"><ele>1973.4</ele></trkpt>
      <trkpt lat="49.204236" lon="20.236349"><ele>1974.6</ele></trkpt>
      <trkpt lat="49.204244" lon="20.236327"><ele>1976.2</ele></trkpt>
      <trkpt lat="49.204253" lon="20.236304"><ele>1977.8</ele></trkpt>
      <trkpt lat="49.204260" lon="20.236275"><ele>1977.6</ele></trkpt>
      <trkpt lat="49.204264" lon="20.236255"><ele>1978.8</ele></trkpt>
      <trkpt lat="49.204270" lon="20.236226"><ele>1980.4</ele></trkpt>
      <trkpt lat="49.204277" lon="20.236197"><ele>1980.2</ele></trkpt>
      <trkpt lat="49.204283" lon="20.236168"><ele>1979.4</ele></trkpt>
      <trkpt lat="49.204288" lon="20.236148"><ele>1979.2</ele></trkpt>
      <trkpt lat="49.204294" lon="20.236119"><ele>1980.6</ele></trkpt>
      <trkpt lat="49.204301" lon="20.236090"><ele>1981.6</ele></trkpt>
      <trkpt lat="49.204307" lon="20.236061"><ele>1981.6</ele></trkpt>
      <trkpt lat="49.204312" lon="20.236041"><ele>1981.2</ele></trkpt>
      <trkpt lat="49.204318" lon="20.236012"><ele>1981.0</ele></trkpt>
      <trkpt lat="49.204325" lon="20.235983"><ele>1983.4</ele></trkpt>
      <trkpt lat="49.204329" lon="20.235963"><ele>1985.6</ele></trkpt>
      <trkpt lat="49.204335" lon="20.235934"><ele>1985.0</ele></trkpt>
      <trkpt lat="49.204342" lon="20.235905"><ele>1984.6</ele></trkpt>
      <trkpt lat="49.204348" lon="20.235876"><ele>1983.4</ele></trkpt>
      <trkpt lat="49.204353" lon="20.235856"><ele>1983.4</ele></trkpt>
      <trkpt lat="49.204359" lon="20.235827"><ele>1984.0</ele></trkpt>
      <trkpt lat="49.204366" lon="20.235798"><ele>1984.0</ele></trkpt>
      <trkpt lat="49.204372" lon="20.235769"><ele>1984.4</ele></trkpt>
      <trkpt lat="49.204377" lon="20.235749"><ele>1984.8</ele></trkpt>
      <trkpt lat="49.204413" lon="20.235752"><ele>1984.6</ele></trkpt>
      <trkpt lat="49.204406" lon="20.235715"><ele>1985.2</ele></trkpt>
      <trkpt lat="49.204402" lon="20.235735"><ele>1985.4</ele></trkpt>
      <trkpt lat="49.204398" lon="20.235759"><ele>1985.8</ele></trkpt>
      <trkpt lat="49.204394" lon="20.235780"><ele>1985.4</ele></trkpt>
      <trkpt lat="49.204390" lon="20.235804"><ele>1984.6</ele></trkpt>
      <trkpt lat="49.204386" lon="20.235824"><ele>1982.8</ele></trkpt>
      <trkpt lat="49.204382" lon="20.235848"><ele>1982.2</ele></trkpt>
      <trkpt lat="49.204378" lon="20.235868"><ele>1981.4</ele></trkpt>
      <trkpt lat="49.204374" lon="20.235888"><ele>1984.0</ele></trkpt>
      <trkpt lat="49.204371" lon="20.235909"><ele>1984.8</ele></trkpt>
      <trkpt lat="49.204367" lon="20.235929"><ele>1984.2</ele></trkpt>
      <trkpt lat="49.204363" lon="20.235949"><ele>1984.6</ele></trkpt>
      <trkpt lat="49.204368" lon="20.235979"><ele>1984.4</ele></trkpt>
      <trkpt lat="49.204374" lon="20.236001"><ele>1984.8</ele></trkpt>
      <trkpt lat="49.204380" lon="20.236023"><ele>1985.4</ele></trkpt>
      <trkpt lat="49.204385" lon="20.236045"><ele>1985.6</ele></trkpt>
      <trkpt lat="49.204391" lon="20.236066"><ele>1985.6</ele></trkpt>
      <trkpt lat="49.204397" lon="20.236088"><ele>1985.2</ele></trkpt>
      <trkpt lat="49.204403" lon="20.236110"><ele>1985.6</ele></trkpt>
      <trkpt lat="49.204409" lon="20.236132"><ele>1986.0</ele></trkpt>
      <trkpt lat="49.204415" lon="20.236154"><ele>1986.4</ele></trkpt>
      <trkpt lat="49.204421" lon="20.236176"><ele>1986.4</ele></trkpt>
      <trkpt lat="49.204427" lon="20.236198"><ele>1986.0</ele></trkpt>
      <trkpt lat="49.204432" lon="20.236220"><ele>1985.4</ele></trkpt>
      <trkpt lat="49.204438" lon="20.236242"><ele>1985.0</ele></trkpt>
      <trkpt lat="49.204444" lon="20.236264"><ele>1984.4</ele></trkpt>
      <trkpt lat="49.204450" lon="20.236285"><ele>1984.2</ele></trkpt>
      <trkpt lat="49.204456" lon="20.236307"><ele>1983.8</ele></trkpt>
      <trkpt lat="49.204462" lon="20.236329"><ele>1984.2</ele></trkpt>
      <trkpt lat="49.204468" lon="20.236351"><ele>1984.8</ele></trkpt>
      <trkpt lat="49.204473" lon="20.236373"><ele>1985.2</ele></trkpt>
      <trkpt lat="49.204479" lon="20.236395"><ele>1985.2</ele></trkpt>
      <trkpt lat="49.204485" lon="20.236417"><ele>1986.0</ele></trkpt>
      <trkpt lat="49.204491" lon="20.236439"><ele>1986.4</ele></trkpt>
      <trkpt lat="49.204497" lon="20.236461"><ele>1986.8</ele></trkpt>
      <trkpt lat="49.204503" lon="20.236483"><ele>1986.8</ele></trkpt>
      <trkpt lat="49.204509" lon="20.236504"><ele>1987.2</ele></trkpt>
      <trkpt lat="49.204515" lon="20.236526"><ele>1987.4</ele></trkpt>
      <trkpt lat="49.204520" lon="20.236548"><ele>1987.6</ele></trkpt>
      <trkpt lat="49.204526" lon="20.236570"><ele>1987.8</ele></trkpt>
      <trkpt lat="49.204532" lon="20.236592"><ele>1988.6</ele></trkpt>
      <trkpt lat="49.204538" lon="20.236614"><ele>1989.2</ele></trkpt>
      <trkpt lat="49.204553" lon="20.236633"><ele>1989.0</ele></trkpt>
      <trkpt lat="49.204567" lon="20.236651"><ele>1989.2</ele></trkpt>
      <trkpt lat="49.204582" lon="20.236670"><ele>1990.0</ele></trkpt>
      <trkpt lat="49.204596" lon="20.236688"><ele>1991.0</ele></trkpt>
      <trkpt lat="49.204611" lon="20.236707"><ele>1991.4</ele></trkpt>
      <trkpt lat="49.204625" lon="20.236726"><ele>1992.4</ele></trkpt>
      <trkpt lat="49.204640" lon="20.236744"><ele>1993.4</ele></trkpt>
      <trkpt lat="49.204654" lon="20.236763"><ele>1994.6</ele></trkpt>
      <trkpt lat="49.204669" lon="20.236781"><ele>1996.0</ele></trkpt>
      <trkpt lat="49.204684" lon="20.236800"><ele>1996.6</ele></trkpt>
      <trkpt lat="49.204698" lon="20.236819"><ele>1997.0</ele></trkpt>
      <trkpt lat="49.204713" lon="20.236837"><ele>1998.2</ele></trkpt>
      <trkpt lat="49.204727" lon="20.236856"><ele>1999.0</ele></trkpt>
      <trkpt lat="49.204742" lon="20.236874"><ele>1999.6</ele></trkpt>
      <trkpt lat="49.204756" lon="20.236893"><ele>2000.6</ele></trkpt>
      <trkpt lat="49.204771" lon="20.236912"><ele>1999.8</ele></trkpt>
      <trkpt lat="49.204785" lon="20.236930"><ele>2000.8</ele></trkpt>
      <trkpt lat="49.204800" lon="20.236949"><ele>2002.4</ele></trkpt>
      <trkpt lat="49.204814" lon="20.236967"><ele>2002.8</ele></trkpt>
      <trkpt lat="49.204829" lon="20.236986"><ele>2003.2</ele></trkpt>
      <trkpt lat="49.204841" lon="20.236996"><ele>2006.6</ele></trkpt>
      <trkpt lat="49.204853" lon="20.237006"><ele>2006.2</ele></trkpt>
      <trkpt lat="49.204866" lon="20.237016"><ele>2006.2</ele></trkpt>
      <trkpt lat="49.204878" lon="20.237026"><ele>2006.8</ele></trkpt>
      <trkpt lat="49.204890" lon="20.237036"><ele>2007.2</ele></trkpt>
      <trkpt lat="49.204902" lon="20.237046"><ele>2007.2</ele></trkpt>
      <trkpt lat="49.204914" lon="20.237056"><ele>2006.8</ele></trkpt>
      <trkpt lat="49.204927" lon="20.237066"><ele>2005.8</ele></trkpt>
      <trkpt lat="49.204939" lon="20.237076"><ele>2005.6</ele></trkpt>
      <trkpt lat="49.204951" lon="20.237086"><ele>2006.0</ele></trkpt>
      <trkpt lat="49.204963" lon="20.237096"><ele>2006.2</ele></trkpt>
      <trkpt lat="49.204976" lon="20.237105"><ele>2006.0</ele></trkpt>
      <trkpt lat="49.204969" lon="20.237123"><ele>2009.2</ele></trkpt>
      <trkpt lat="49.204956" lon="20.237129"><ele>2009.8</ele></trkpt>
      <trkpt lat="49.204943" lon="20.237135"><ele>2010.0</ele></trkpt>
      <trkpt lat="49.204949" lon="20.237154"><ele>2010.8</ele></trkpt>
      <trkpt lat="49.204959" lon="20.237169"><ele>2011.2</ele></trkpt>
      <trkpt lat="49.204969" lon="20.237184"><ele>2011.0</ele></trkpt>
      <trkpt lat="49.204979" lon="20.237199"><ele>2013.8</ele></trkpt>
      <trkpt lat="49.204990" lon="20.237212"><ele>2013.2</ele></trkpt>
      <trkpt lat="49.205001" lon="20.237225"><ele>2011.2</ele></trkpt>
      <trkpt lat="49.205012" lon="20.237238"><ele>2008.0</ele></trkpt>
      <trkpt lat="49.204995" lon="20.237182"><ele>2011.0</ele></trkpt>
      <trkpt lat="49.204976" lon="20.237162"><ele>2012.8</ele></trkpt>
      <trkpt lat="49.204966" lon="20.237148"><ele>2012.2</ele></trkpt>
      <trkpt lat="49.204955" lon="20.237134"><ele>2010.8</ele></trkpt>
      <trkpt lat="49.204945" lon="20.237120"><ele>2009.2</ele></trkpt>
      <trkpt lat="49.204934" lon="20.237106"><ele>2010.2</ele></trkpt>
      <trkpt lat="49.204924" lon="20.237092"><ele>2011.4</ele></trkpt>
      <trkpt lat="49.204913" lon="20.237078"><ele>2012.2</ele></trkpt>
      <trkpt lat="49.204903" lon="20.237064"><ele>2010.8</ele></trkpt>
      <trkpt lat="49.204892" lon="20.237049"><ele>2010.0</ele></trkpt>
      <trkpt lat="49.204880" lon="20.237035"><ele>2008.6</ele></trkpt>
      <trkpt lat="49.204869" lon="20.237021"><ele>2005.8</ele></trkpt>
      <trkpt lat="49.204857" lon="20.237007"><ele>2004.6</ele></trkpt>
      <trkpt lat="49.204845" lon="20.236993"><ele>2006.0</ele></trkpt>
      <trkpt lat="49.204834" lon="20.236979"><ele>2003.8</ele></trkpt>
      <trkpt lat="49.204822" lon="20.236965"><ele>2003.8</ele></trkpt>
      <trkpt lat="49.204810" lon="20.236951"><ele>2003.6</ele></trkpt>
      <trkpt lat="49.204799" lon="20.236937"><ele>2002.4</ele></trkpt>
      <trkpt lat="49.204787" lon="20.236923"><ele>2002.2</ele></trkpt>
      <trkpt lat="49.204775" lon="20.236909"><ele>2002.6</ele></trkpt>
      <trkpt lat="49.204763" lon="20.236895"><ele>2002.6</ele></trkpt>
      <trkpt lat="49.204752" lon="20.236881"><ele>2002.6</ele></trkpt>
      <trkpt lat="49.204740" lon="20.236867"><ele>2002.8</ele></trkpt>
      <trkpt lat="49.204728" lon="20.236853"><ele>2001.4</ele></trkpt>
      <trkpt lat="49.204717" lon="20.236839"><ele>1998.6</ele></trkpt>
      <trkpt lat="49.204705" lon="20.236825"><ele>2001.0</ele></trkpt>
      <trkpt lat="49.204693" lon="20.236811"><ele>2004.6</ele></trkpt>
      <trkpt lat="49.204682" lon="20.236797"><ele>2006.2</ele></trkpt>
      <trkpt lat="49.204670" lon="20.236783"><ele>2003.2</ele></trkpt>
      <trkpt lat="49.204659" lon="20.236769"><ele>1999.8</ele></trkpt>
      <trkpt lat="49.204649" lon="20.236753"><ele>1999.0</ele></trkpt>
      <trkpt lat="49.204639" lon="20.236737"><ele>1996.8</ele></trkpt>
      <trkpt lat="49.204629" lon="20.236721"><ele>1997.8</ele></trkpt>
      <trkpt lat="49.204619" lon="20.236706"><ele>1996.6</ele></trkpt>
      <trkpt lat="49.204609" lon="20.236690"><ele>1996.4</ele></trkpt>
      <trkpt lat="49.204599" lon="20.236674"><ele>1995.0</ele></trkpt>
      <trkpt lat="49.204589" lon="20.236658"><ele>1995.2</ele></trkpt>
      <trkpt lat="49.204576" lon="20.236637"><ele>1995.6</ele></trkpt>
      <trkpt lat="49.204566" lon="20.236622"><ele>1995.6</ele></trkpt>
      <trkpt lat="49.204556" lon="20.236606"><ele>1993.6</ele></trkpt>
      <trkpt lat="49.204547" lon="20.236590"><ele>1993.4</ele></trkpt>
      <trkpt lat="49.204537" lon="20.236574"><ele>1993.8</ele></trkpt>
      <trkpt lat="49.204527" lon="20.236559"><ele>1992.2</ele></trkpt>
      <trkpt lat="49.204517" lon="20.236543"><ele>1992.2</ele></trkpt>
      <trkpt lat="49.204507" lon="20.236527"><ele>1991.2</ele></trkpt>
      <trkpt lat="49.204497" lon="20.236511"><ele>1989.2</ele></trkpt>
      <trkpt lat="49.204487" lon="20.236496"><ele>1989.8</ele></trkpt>
      <trkpt lat="49.204477" lon="20.236480"><ele>1988.8</ele></trkpt>
      <trkpt lat="49.204467" lon="20.236464"><ele>1988.2</ele></trkpt>
      <trkpt lat="49.204463" lon="20.236444"><ele>1984.8</ele></trkpt>
      <trkpt lat="49.204462" lon="20.236423"><ele>1986.6</ele></trkpt>
      <trkpt lat="49.204462" lon="20.236401"><ele>1986.4</ele></trkpt>
      <trkpt lat="49.204461" lon="20.236379"><ele>1984.4</ele></trkpt>
      <trkpt lat="49.204460" lon="20.236357"><ele>1982.6</ele></trkpt>
      <trkpt lat="49.204459" lon="20.236335"><ele>1982.8</ele></trkpt>
      <trkpt lat="49.204458" lon="20.236314"><ele>1983.6</ele></trkpt>
      <trkpt lat="49.204457" lon="20.236292"><ele>1984.2</ele></trkpt>
      <trkpt lat="49.204456" lon="20.236270"><ele>1984.8</ele></trkpt>
      <trkpt lat="49.204455" lon="20.236248"><ele>1985.0</ele></trkpt>
      <trkpt lat="49.204454" lon="20.236226"><ele>1984.4</ele></trkpt>
      <trkpt lat="49.204453" lon="20.236204"><ele>1984.6</ele></trkpt>
      <trkpt lat="49.204452" lon="20.236182"><ele>1984.2</ele></trkpt>
      <trkpt lat="49.204451" lon="20.236161"><ele>1984.8</ele></trkpt>
      <trkpt lat="49.204450" lon="20.236139"><ele>1985.0</ele></trkpt>
      <trkpt lat="49.204449" lon="20.236117"><ele>1985.4</ele></trkpt>
      <trkpt lat="49.204448" lon="20.236095"><ele>1985.4</ele></trkpt>
      <trkpt lat="49.204447" lon="20.236073"><ele>1986.0</ele></trkpt>
      <trkpt lat="49.204446" lon="20.236051"><ele>1987.0</ele></trkpt>
      <trkpt lat="49.204445" lon="20.236029"><ele>1986.6</ele></trkpt>
      <trkpt lat="49.204445" lon="20.236008"><ele>1986.6</ele></trkpt>
      <trkpt lat="49.204444" lon="20.235986"><ele>1987.0</ele></trkpt>
      <trkpt lat="49.204443" lon="20.235964"><ele>1987.2</ele></trkpt>
      <trkpt lat="49.204460" lon="20.235967"><ele>1985.8</ele></trkpt>
      <trkpt lat="49.204472" lon="20.235979"><ele>1985.4</ele></trkpt>
      <trkpt lat="49.204484" lon="20.235991"><ele>1985.0</ele></trkpt>
      <trkpt lat="49.204497" lon="20.236003"><ele>1984.8</ele></trkpt>
      <trkpt lat="49.204509" lon="20.236014"><ele>1984.4</ele></trkpt>
      <trkpt lat="49.204521" lon="20.236026"><ele>1984.0</ele></trkpt>
      <trkpt lat="49.204533" lon="20.236038"><ele>1983.8</ele></trkpt>
      <trkpt lat="49.204545" lon="20.236050"><ele>1983.6</ele></trkpt>
      <trkpt lat="49.204557" lon="20.236062"><ele>1983.0</ele></trkpt>
      <trkpt lat="49.204569" lon="20.236074"><ele>1982.4</ele></trkpt>
      <trkpt lat="49.204582" lon="20.236086"><ele>1982.2</ele></trkpt>
      <trkpt lat="49.204594" lon="20.236098"><ele>1981.8</ele></trkpt>
      <trkpt lat="49.204606" lon="20.236110"><ele>1981.4</ele></trkpt>
      <trkpt lat="49.204618" lon="20.236122"><ele>1981.0</ele></trkpt>
      <trkpt lat="49.204630" lon="20.236133"><ele>1980.6</ele></trkpt>
      <trkpt lat="49.204642" lon="20.236145"><ele>1980.0</ele></trkpt>
      <trkpt lat="49.204654" lon="20.236157"><ele>1980.2</ele></trkpt>
      <trkpt lat="49.204666" lon="20.236169"><ele>1980.4</ele></trkpt>
      <trkpt lat="49.204679" lon="20.236181"><ele>1980.0</ele></trkpt>
      <trkpt lat="49.204691" lon="20.236193"><ele>1979.6</ele></trkpt>
      <trkpt lat="49.204703" lon="20.236205"><ele>1979.0</ele></trkpt>
      <trkpt lat="49.204715" lon="20.236217"><ele>1978.6</ele></trkpt>
      <trkpt lat="49.204727" lon="20.236229"><ele>1978.2</ele></trkpt>
      <trkpt lat="49.204739" lon="20.236241"><ele>1978.0</ele></trkpt>
      <trkpt lat="49.204751" lon="20.236252"><ele>1977.8</ele></trkpt>
      <trkpt lat="49.204764" lon="20.236264"><ele>1977.4</ele></trkpt>
      <trkpt lat="49.204776" lon="20.236276"><ele>1977.0</ele></trkpt>
      <trkpt lat="49.204788" lon="20.236288"><ele>1977.0</ele></trkpt>
      <trkpt lat="49.204800" lon="20.236300"><ele>1977.0</ele></trkpt>
      <trkpt lat="49.204794" lon="20.236278"><ele>1976.4</ele></trkpt>
      <trkpt lat="49.204785" lon="20.236255"><ele>1975.4</ele></trkpt>
      <trkpt lat="49.204776" lon="20.236233"><ele>1974.4</ele></trkpt>
      <trkpt lat="49.204767" lon="20.236210"><ele>1973.8</ele></trkpt>
      <trkpt lat="49.204757" lon="20.236187"><ele>1973.0</ele></trkpt>
      <trkpt lat="49.204748" lon="20.236165"><ele>1972.4</ele></trkpt>
      <trkpt lat="49.204739" lon="20.236142"><ele>1972.4</ele></trkpt>
      <trkpt lat="49.204729" lon="20.236120"><ele>1971.8</ele></trkpt>
      <trkpt lat="49.204720" lon="20.236097"><ele>1971.2</ele></trkpt>
      <trkpt lat="49.204711" lon="20.236075"><ele>1970.6</ele></trkpt>
      <trkpt lat="49.204702" lon="20.236052"><ele>1970.0</ele></trkpt>
      <trkpt lat="49.204692" lon="20.236029"><ele>1969.0</ele></trkpt>
      <trkpt lat="49.204683" lon="20.236007"><ele>1968.6</ele></trkpt>
      <trkpt lat="49.204674" lon="20.235984"><ele>1967.8</ele></trkpt>
      <trkpt lat="49.204669" lon="20.235964"><ele>1967.2</ele></trkpt>
      <trkpt lat="49.204668" lon="20.235937"><ele>1966.8</ele></trkpt>
      <trkpt lat="49.204667" lon="20.235909"><ele>1966.2</ele></trkpt>
      <trkpt lat="49.204666" lon="20.235882"><ele>1965.6</ele></trkpt>
      <trkpt lat="49.204665" lon="20.235854"><ele>1964.8</ele></trkpt>
      <trkpt lat="49.204664" lon="20.235827"><ele>1964.0</ele></trkpt>
      <trkpt lat="49.204663" lon="20.235800"><ele>1963.4</ele></trkpt>
      <trkpt lat="49.204662" lon="20.235772"><ele>1963.0</ele></trkpt>
      <trkpt lat="49.204661" lon="20.235745"><ele>1962.4</ele></trkpt>
      <trkpt lat="49.204660" lon="20.235718"><ele>1961.4</ele></trkpt>
      <trkpt lat="49.204659" lon="20.235690"><ele>1960.6</ele></trkpt>
      <trkpt lat="49.204658" lon="20.235663"><ele>1960.0</ele></trkpt>
      <trkpt lat="49.204657" lon="20.235636"><ele>1959.4</ele></trkpt>
      <trkpt lat="49.204656" lon="20.235608"><ele>1958.8</ele></trkpt>
      <trkpt lat="49.204655" lon="20.235581"><ele>1958.4</ele></trkpt>
      <trkpt lat="49.204654" lon="20.235554"><ele>1958.2</ele></trkpt>
      <trkpt lat="49.204653" lon="20.235526"><ele>1958.2</ele></trkpt>
      <trkpt lat="49.204653" lon="20.235499"><ele>1958.2</ele></trkpt>
      <trkpt lat="49.204652" lon="20.235472"><ele>1957.6</ele></trkpt>
      <trkpt lat="49.204651" lon="20.235444"><ele>1957.0</ele></trkpt>
      <trkpt lat="49.204652" lon="20.235415"><ele>1956.6</ele></trkpt>
      <trkpt lat="49.204655" lon="20.235392"><ele>1956.2</ele></trkpt>
      <trkpt lat="49.204658" lon="20.235369"><ele>1956.0</ele></trkpt>
      <trkpt lat="49.204661" lon="20.235346"><ele>1955.4</ele></trkpt>
      <trkpt lat="49.204664" lon="20.235323"><ele>1954.8</ele></trkpt>
      <trkpt lat="49.204667" lon="20.235300"><ele>1954.4</ele></trkpt>
      <trkpt lat="49.204670" lon="20.235278"><ele>1954.2</ele></trkpt>
      <trkpt lat="49.204673" lon="20.235255"><ele>1954.2</ele></trkpt>
      <trkpt lat="49.204676" lon="20.235232"><ele>1954.2</ele></trkpt>
      <trkpt lat="49.204679" lon="20.235209"><ele>1954.2</ele></trkpt>
      <trkpt lat="49.204682" lon="20.235186"><ele>1954.2</ele></trkpt>
      <trkpt lat="49.204685" lon="20.235163"><ele>1954.0</ele></trkpt>
      <trkpt lat="49.204688" lon="20.235141"><ele>1953.8</ele></trkpt>
      <trkpt lat="49.204691" lon="20.235118"><ele>1953.6</ele></trkpt>
      <trkpt lat="49.204694" lon="20.235095"><ele>1953.4</ele></trkpt>
      <trkpt lat="49.204698" lon="20.235072"><ele>1953.2</ele></trkpt>
      <trkpt lat="49.204701" lon="20.235049"><ele>1953.4</ele></trkpt>
      <trkpt lat="49.204704" lon="20.235026"><ele>1953.6</ele></trkpt>
      <trkpt lat="49.204707" lon="20.235004"><ele>1953.6</ele></trkpt>
      <trkpt lat="49.204710" lon="20.234981"><ele>1953.6</ele></trkpt>
      <trkpt lat="49.204713" lon="20.234958"><ele>1953.6</ele></trkpt>
      <trkpt lat="49.204716" lon="20.234935"><ele>1953.6</ele></trkpt>
      <trkpt lat="49.204719" lon="20.234912"><ele>1953.4</ele></trkpt>
      <trkpt lat="49.204722" lon="20.234889"><ele>1953.2</ele></trkpt>
      <trkpt lat="49.204725" lon="20.234867"><ele>1953.2</ele></trkpt>
      <trkpt lat="49.204728" lon="20.234844"><ele>1953.4</ele></trkpt>
      <trkpt lat="49.204731" lon="20.234821"><ele>1953.6</ele></trkpt>
      <trkpt lat="49.204734" lon="20.234798"><ele>1954.0</ele></trkpt>
      <trkpt lat="49.204737" lon="20.234775"><ele>1954.4</ele></trkpt>
      <trkpt lat="49.204740" lon="20.234752"><ele>1955.0</ele></trkpt>
      <trkpt lat="49.204742" lon="20.234730"><ele>1955.4</ele></trkpt>
      <trkpt lat="49.204741" lon="20.234708"><ele>1955.8</ele></trkpt>
      <trkpt lat="49.204741" lon="20.234686"><ele>1956.0</ele></trkpt>
      <trkpt lat="49.204741" lon="20.234664"><ele>1956.2</ele></trkpt>
      <trkpt lat="49.204740" lon="20.234642"><ele>1956.2</ele></trkpt>
      <trkpt lat="49.204740" lon="20.234620"><ele>1956.6</ele></trkpt>
      <trkpt lat="49.204739" lon="20.234598"><ele>1957.0</ele></trkpt>
      <trkpt lat="49.204739" lon="20.234576"><ele>1957.2</ele></trkpt>
      <trkpt lat="49.204739" lon="20.234554"><ele>1957.4</ele></trkpt>
      <trkpt lat="49.204738" lon="20.234532"><ele>1957.4</ele></trkpt>
      <trkpt lat="49.204738" lon="20.234510"><ele>1957.0</ele></trkpt>
      <trkpt lat="49.204737" lon="20.234488"><ele>1956.8</ele></trkpt>
      <trkpt lat="49.204737" lon="20.234466"><ele>1956.6</ele></trkpt>
      <trkpt lat="49.204737" lon="20.234444"><ele>1956.2</ele></trkpt>
      <trkpt lat="49.204736" lon="20.234422"><ele>1956.2</ele></trkpt>
      <trkpt lat="49.204736" lon="20.234399"><ele>1956.0</ele></trkpt>
      <trkpt lat="49.204735" lon="20.234377"><ele>1955.4</ele></trkpt>
      <trkpt lat="49.204735" lon="20.234355"><ele>1955.0</ele></trkpt>
      <trkpt lat="49.204735" lon="20.234333"><ele>1954.8</ele></trkpt>
      <trkpt lat="49.204734" lon="20.234311"><ele>1954.4</ele></trkpt>
      <trkpt lat="49.204734" lon="20.234289"><ele>1953.8</ele></trkpt>
      <trkpt lat="49.204733" lon="20.234267"><ele>1953.4</ele></trkpt>
      <trkpt lat="49.204733" lon="20.234245"><ele>1952.8</ele></trkpt>
      <trkpt lat="49.204733" lon="20.234223"><ele>1952.2</ele></trkpt>
      <trkpt lat="49.204732" lon="20.234201"><ele>1952.2</ele></trkpt>
      <trkpt lat="49.204732" lon="20.234179"><ele>1952.2</ele></trkpt>
      <trkpt lat="49.204731" lon="20.234157"><ele>1951.8</ele></trkpt>
      <trkpt lat="49.204731" lon="20.234135"><ele>1951.6</ele></trkpt>
      <trkpt lat="49.204731" lon="20.234113"><ele>1951.2</ele></trkpt>
      <trkpt lat="49.204730" lon="20.234091"><ele>1950.8</ele></trkpt>
      <trkpt lat="49.204734" lon="20.234068"><ele>1949.2</ele></trkpt>
      <trkpt lat="49.204741" lon="20.234047"><ele>1948.0</ele></trkpt>
      <trkpt lat="49.204747" lon="20.234026"><ele>1947.2</ele></trkpt>
      <trkpt lat="49.204754" lon="20.234006"><ele>1946.8</ele></trkpt>
      <trkpt lat="49.204761" lon="20.233985"><ele>1946.2</ele></trkpt>
      <trkpt lat="49.204767" lon="20.233964"><ele>1945.0</ele></trkpt>
      <trkpt lat="49.204774" lon="20.233944"><ele>1944.2</ele></trkpt>
      <trkpt lat="49.204781" lon="20.233923"><ele>1943.0</ele></trkpt>
      <trkpt lat="49.204787" lon="20.233902"><ele>1942.4</ele></trkpt>
      <trkpt lat="49.204794" lon="20.233882"><ele>1941.6</ele></trkpt>
      <trkpt lat="49.204801" lon="20.233861"><ele>1940.6</ele></trkpt>
      <trkpt lat="49.204807" lon="20.233840"><ele>1939.4</ele></trkpt>
      <trkpt lat="49.204823" lon="20.233847"><ele>1938.6</ele></trkpt>
      <trkpt lat="49.204836" lon="20.233863"><ele>1938.6</ele></trkpt>
      <trkpt lat="49.204848" lon="20.233878"><ele>1938.0</ele></trkpt>
      <trkpt lat="49.204861" lon="20.233894"><ele>1937.2</ele></trkpt>
      <trkpt lat="49.204874" lon="20.233909"><ele>1936.2</ele></trkpt>
      <trkpt lat="49.204887" lon="20.233925"><ele>1935.0</ele></trkpt>
      <trkpt lat="49.204900" lon="20.233940"><ele>1934.0</ele></trkpt>
      <trkpt lat="49.204912" lon="20.233956"><ele>1933.0</ele></trkpt>
      <trkpt lat="49.204925" lon="20.233971"><ele>1933.0</ele></trkpt>
      <trkpt lat="49.204938" lon="20.233987"><ele>1933.2</ele></trkpt>
      <trkpt lat="49.204951" lon="20.234002"><ele>1933.4</ele></trkpt>
      <trkpt lat="49.204964" lon="20.234018"><ele>1933.8</ele></trkpt>
      <trkpt lat="49.204976" lon="20.234033"><ele>1933.2</ele></trkpt>
      <trkpt lat="49.204989" lon="20.234049"><ele>1932.0</ele></trkpt>
      <trkpt lat="49.205002" lon="20.234064"><ele>1931.4</ele></trkpt>
      <trkpt lat="49.205005" lon="20.234043"><ele>1932.2</ele></trkpt>
      <trkpt lat="49.205009" lon="20.234023"><ele>1932.2</ele></trkpt>
      <trkpt lat="49.205012" lon="20.234002"><ele>1929.8</ele></trkpt>
      <trkpt lat="49.205015" lon="20.233981"><ele>1928.6</ele></trkpt>
      <trkpt lat="49.205019" lon="20.233961"><ele>1925.6</ele></trkpt>
      <trkpt lat="49.205026" lon="20.233943"><ele>1923.4</ele></trkpt>
      <trkpt lat="49.205039" lon="20.233934"><ele>1922.0</ele></trkpt>
      <trkpt lat="49.205052" lon="20.233925"><ele>1921.2</ele></trkpt>
      <trkpt lat="49.205067" lon="20.233914"><ele>1920.8</ele></trkpt>
      <trkpt lat="49.205080" lon="20.233905"><ele>1921.2</ele></trkpt>
      <trkpt lat="49.205095" lon="20.233894"><ele>1920.6</ele></trkpt>
      <trkpt lat="49.205108" lon="20.233885"><ele>1919.6</ele></trkpt>
      <trkpt lat="49.205123" lon="20.233874"><ele>1918.0</ele></trkpt>
      <trkpt lat="49.205136" lon="20.233865"><ele>1917.0</ele></trkpt>
      <trkpt lat="49.205149" lon="20.233856"><ele>1916.2</ele></trkpt>
      <trkpt lat="49.205164" lon="20.233845"><ele>1915.0</ele></trkpt>
      <trkpt lat="49.205179" lon="20.233849"><ele>1913.8</ele></trkpt>
      <trkpt lat="49.205188" lon="20.233867"><ele>1912.6</ele></trkpt>
      <trkpt lat="49.205196" lon="20.233885"><ele>1911.0</ele></trkpt>
      <trkpt lat="49.205205" lon="20.233903"><ele>1910.4</ele></trkpt>
      <trkpt lat="49.205214" lon="20.233921"><ele>1910.0</ele></trkpt>
      <trkpt lat="49.205222" lon="20.233939"><ele>1909.6</ele></trkpt>
      <trkpt lat="49.205231" lon="20.233957"><ele>1908.6</ele></trkpt>
      <trkpt lat="49.205239" lon="20.233975"><ele>1907.8</ele></trkpt>
      <trkpt lat="49.205248" lon="20.233993"><ele>1907.8</ele></trkpt>
      <trkpt lat="49.205257" lon="20.234011"><ele>1908.6</ele></trkpt>
      <trkpt lat="49.205265" lon="20.234029"><ele>1908.2</ele></trkpt>
      <trkpt lat="49.205274" lon="20.234047"><ele>1907.2</ele></trkpt>
      <trkpt lat="49.205283" lon="20.234065"><ele>1905.8</ele></trkpt>
      <trkpt lat="49.205291" lon="20.234083"><ele>1906.4</ele></trkpt>
      <trkpt lat="49.205300" lon="20.234101"><ele>1906.4</ele></trkpt>
      <trkpt lat="49.205308" lon="20.234119"><ele>1906.2</ele></trkpt>
      <trkpt lat="49.205317" lon="20.234137"><ele>1905.4</ele></trkpt>
      <trkpt lat="49.205326" lon="20.234155"><ele>1904.0</ele></trkpt>
      <trkpt lat="49.205334" lon="20.234172"><ele>1902.6</ele></trkpt>
      <trkpt lat="49.205343" lon="20.234190"><ele>1901.6</ele></trkpt>
      <trkpt lat="49.205351" lon="20.234208"><ele>1900.2</ele></trkpt>
      <trkpt lat="49.205360" lon="20.234226"><ele>1898.8</ele></trkpt>
      <trkpt lat="49.205369" lon="20.234244"><ele>1897.4</ele></trkpt>
      <trkpt lat="49.205377" lon="20.234262"><ele>1896.0</ele></trkpt>
      <trkpt lat="49.205382" lon="20.234242"><ele>1895.0</ele></trkpt>
      <trkpt lat="49.205384" lon="20.234220"><ele>1894.6</ele></trkpt>
      <trkpt lat="49.205386" lon="20.234199"><ele>1894.8</ele></trkpt>
      <trkpt lat="49.205389" lon="20.234177"><ele>1895.4</ele></trkpt>
      <trkpt lat="49.205391" lon="20.234155"><ele>1895.2</ele></trkpt>
      <trkpt lat="49.205394" lon="20.234133"><ele>1894.8</ele></trkpt>
      <trkpt lat="49.205396" lon="20.234112"><ele>1894.2</ele></trkpt>
      <trkpt lat="49.205399" lon="20.234090"><ele>1894.4</ele></trkpt>
      <trkpt lat="49.205401" lon="20.234068"><ele>1893.8</ele></trkpt>
      <trkpt lat="49.205403" lon="20.234046"><ele>1893.2</ele></trkpt>
      <trkpt lat="49.205406" lon="20.234025"><ele>1893.0</ele></trkpt>
      <trkpt lat="49.205408" lon="20.234003"><ele>1893.4</ele></trkpt>
      <trkpt lat="49.205411" lon="20.233981"><ele>1895.0</ele></trkpt>
      <trkpt lat="49.205413" lon="20.233959"><ele>1895.0</ele></trkpt>
      <trkpt lat="49.205415" lon="20.233938"><ele>1894.2</ele></trkpt>
      <trkpt lat="49.205418" lon="20.233916"><ele>1893.8</ele></trkpt>
      <trkpt lat="49.205420" lon="20.233894"><ele>1892.8</ele></trkpt>
      <trkpt lat="49.205423" lon="20.233872"><ele>1893.0</ele></trkpt>
      <trkpt lat="49.205425" lon="20.233851"><ele>1892.4</ele></trkpt>
      <trkpt lat="49.205428" lon="20.233829"><ele>1892.6</ele></trkpt>
      <trkpt lat="49.205430" lon="20.233807"><ele>1892.2</ele></trkpt>
      <trkpt lat="49.205432" lon="20.233785"><ele>1891.0</ele></trkpt>
      <trkpt lat="49.205435" lon="20.233764"><ele>1890.0</ele></trkpt>
      <trkpt lat="49.205436" lon="20.233737"><ele>1889.8</ele></trkpt>
      <trkpt lat="49.205431" lon="20.233717"><ele>1889.8</ele></trkpt>
      <trkpt lat="49.205427" lon="20.233697"><ele>1890.0</ele></trkpt>
      <trkpt lat="49.205423" lon="20.233677"><ele>1889.6</ele></trkpt>
      <trkpt lat="49.205418" lon="20.233657"><ele>1889.0</ele></trkpt>
      <trkpt lat="49.205414" lon="20.233637"><ele>1888.8</ele></trkpt>
      <trkpt lat="49.205409" lon="20.233616"><ele>1888.6</ele></trkpt>
      <trkpt lat="49.205405" lon="20.233596"><ele>1888.4</ele></trkpt>
      <trkpt lat="49.205401" lon="20.233576"><ele>1888.2</ele></trkpt>
      <trkpt lat="49.205396" lon="20.233556"><ele>1888.2</ele></trkpt>
      <trkpt lat="49.205392" lon="20.233536"><ele>1887.8</ele></trkpt>
      <trkpt lat="49.205388" lon="20.233516"><ele>1887.6</ele></trkpt>
      <trkpt lat="49.205383" lon="20.233495"><ele>1887.0</ele></trkpt>
      <trkpt lat="49.205379" lon="20.233475"><ele>1886.6</ele></trkpt>
      <trkpt lat="49.205375" lon="20.233455"><ele>1886.6</ele></trkpt>
      <trkpt lat="49.205370" lon="20.233435"><ele>1886.6</ele></trkpt>
      <trkpt lat="49.205366" lon="20.233415"><ele>1886.4</ele></trkpt>
      <trkpt lat="49.205362" lon="20.233395"><ele>1886.0</ele></trkpt>
      <trkpt lat="49.205357" lon="20.233375"><ele>1885.8</ele></trkpt>
      <trkpt lat="49.205353" lon="20.233354"><ele>1885.8</ele></trkpt>
      <trkpt lat="49.205368" lon="20.233347"><ele>1885.4</ele></trkpt>
      <trkpt lat="49.205383" lon="20.233353"><ele>1885.2</ele></trkpt>
      <trkpt lat="49.205399" lon="20.233358"><ele>1885.0</ele></trkpt>
      <trkpt lat="49.205414" lon="20.233363"><ele>1883.4</ele></trkpt>
      <trkpt lat="49.205430" lon="20.233369"><ele>1881.4</ele></trkpt>
      <trkpt lat="49.205445" lon="20.233374"><ele>1880.0</ele></trkpt>
      <trkpt lat="49.205460" lon="20.233380"><ele>1878.2</ele></trkpt>
      <trkpt lat="49.205476" lon="20.233385"><ele>1877.2</ele></trkpt>
      <trkpt lat="49.205491" lon="20.233390"><ele>1876.0</ele></trkpt>
      <trkpt lat="49.205507" lon="20.233405"><ele>1875.4</ele></trkpt>
      <trkpt lat="49.205514" lon="20.233424"><ele>1875.4</ele></trkpt>
      <trkpt lat="49.205520" lon="20.233444"><ele>1875.2</ele></trkpt>
      <trkpt lat="49.205527" lon="20.233463"><ele>1875.2</ele></trkpt>
      <trkpt lat="49.205533" lon="20.233483"><ele>1875.2</ele></trkpt>
      <trkpt lat="49.205540" lon="20.233502"><ele>1875.0</ele></trkpt>
      <trkpt lat="49.205546" lon="20.233522"><ele>1875.0</ele></trkpt>
      <trkpt lat="49.205553" lon="20.233541"><ele>1874.6</ele></trkpt>
      <trkpt lat="49.205559" lon="20.233561"><ele>1874.0</ele></trkpt>
      <trkpt lat="49.205566" lon="20.233581"><ele>1873.6</ele></trkpt>
      <trkpt lat="49.205572" lon="20.233600"><ele>1873.0</ele></trkpt>
      <trkpt lat="49.205579" lon="20.233620"><ele>1872.6</ele></trkpt>
      <trkpt lat="49.205585" lon="20.233639"><ele>1872.0</ele></trkpt>
      <trkpt lat="49.205592" lon="20.233659"><ele>1871.4</ele></trkpt>
      <trkpt lat="49.205598" lon="20.233678"><ele>1871.2</ele></trkpt>
      <trkpt lat="49.205605" lon="20.233698"><ele>1871.0</ele></trkpt>
      <trkpt lat="49.205611" lon="20.233717"><ele>1870.8</ele></trkpt>
      <trkpt lat="49.205618" lon="20.233737"><ele>1870.4</ele></trkpt>
      <trkpt lat="49.205624" lon="20.233756"><ele>1870.0</ele></trkpt>
      <trkpt lat="49.205631" lon="20.233776"><ele>1870.0</ele></trkpt>
      <trkpt lat="49.205637" lon="20.233795"><ele>1870.0</ele></trkpt>
      <trkpt lat="49.205644" lon="20.233815"><ele>1869.6</ele></trkpt>
      <trkpt lat="49.205650" lon="20.233834"><ele>1869.4</ele></trkpt>
      <trkpt lat="49.205657" lon="20.233854"><ele>1869.0</ele></trkpt>
      <trkpt lat="49.205663" lon="20.233874"><ele>1868.6</ele></trkpt>
      <trkpt lat="49.205670" lon="20.233893"><ele>1868.4</ele></trkpt>
      <trkpt lat="49.205676" lon="20.233913"><ele>1868.4</ele></trkpt>
      <trkpt lat="49.205683" lon="20.233932"><ele>1868.2</ele></trkpt>
      <trkpt lat="49.205689" lon="20.233952"><ele>1868.0</ele></trkpt>
      <trkpt lat="49.205696" lon="20.233971"><ele>1867.8</ele></trkpt>
      <trkpt lat="49.205706" lon="20.233986"><ele>1867.6</ele></trkpt>
      <trkpt lat="49.205719" lon="20.233994"><ele>1866.8</ele></trkpt>
      <trkpt lat="49.205732" lon="20.234002"><ele>1866.4</ele></trkpt>
      <trkpt lat="49.205745" lon="20.234011"><ele>1867.0</ele></trkpt>
      <trkpt lat="49.205758" lon="20.234019"><ele>1866.4</ele></trkpt>
      <trkpt lat="49.205773" lon="20.234008"><ele>1862.2</ele></trkpt>
      <trkpt lat="49.205777" lon="20.233981"><ele>1861.0</ele></trkpt>
      <trkpt lat="49.205782" lon="20.233953"><ele>1859.8</ele></trkpt>
      <trkpt lat="49.205786" lon="20.233925"><ele>1858.8</ele></trkpt>
      <trkpt lat="49.205791" lon="20.233897"><ele>1858.2</ele></trkpt>
      <trkpt lat="49.205795" lon="20.233869"><ele>1857.4</ele></trkpt>
      <trkpt lat="49.205800" lon="20.233841"><ele>1856.8</ele></trkpt>
      <trkpt lat="49.205804" lon="20.233813"><ele>1856.2</ele></trkpt>
      <trkpt lat="49.205809" lon="20.233786"><ele>1856.0</ele></trkpt>
      <trkpt lat="49.205813" lon="20.233758"><ele>1856.0</ele></trkpt>
      <trkpt lat="49.205817" lon="20.233730"><ele>1856.4</ele></trkpt>
      <trkpt lat="49.205822" lon="20.233702"><ele>1856.6</ele></trkpt>
      <trkpt lat="49.205826" lon="20.233674"><ele>1856.2</ele></trkpt>
      <trkpt lat="49.205831" lon="20.233646"><ele>1856.2</ele></trkpt>
      <trkpt lat="49.205835" lon="20.233619"><ele>1856.2</ele></trkpt>
      <trkpt lat="49.205840" lon="20.233591"><ele>1856.4</ele></trkpt>
      <trkpt lat="49.205844" lon="20.233563"><ele>1856.4</ele></trkpt>
      <trkpt lat="49.205849" lon="20.233535"><ele>1856.2</ele></trkpt>
      <trkpt lat="49.205853" lon="20.233507"><ele>1856.2</ele></trkpt>
      <trkpt lat="49.205858" lon="20.233479"><ele>1856.4</ele></trkpt>
      <trkpt lat="49.205873" lon="20.233474"><ele>1853.4</ele></trkpt>
      <trkpt lat="49.205887" lon="20.233478"><ele>1849.6</ele></trkpt>
      <trkpt lat="49.205902" lon="20.233482"><ele>1846.6</ele></trkpt>
      <trkpt lat="49.205916" lon="20.233486"><ele>1844.2</ele></trkpt>
      <trkpt lat="49.205930" lon="20.233490"><ele>1843.0</ele></trkpt>
      <trkpt lat="49.205945" lon="20.233495"><ele>1843.2</ele></trkpt>
      <trkpt lat="49.205959" lon="20.233499"><ele>1843.4</ele></trkpt>
      <trkpt lat="49.205973" lon="20.233503"><ele>1845.4</ele></trkpt>
      <trkpt lat="49.205987" lon="20.233507"><ele>1848.2</ele></trkpt>
      <trkpt lat="49.206002" lon="20.233511"><ele>1848.0</ele></trkpt>
      <trkpt lat="49.206016" lon="20.233515"><ele>1848.2</ele></trkpt>
      <trkpt lat="49.206030" lon="20.233519"><ele>1849.0</ele></trkpt>
      <trkpt lat="49.206045" lon="20.233523"><ele>1848.4</ele></trkpt>
      <trkpt lat="49.206059" lon="20.233527"><ele>1846.6</ele></trkpt>
      <trkpt lat="49.206073" lon="20.233531"><ele>1844.4</ele></trkpt>
      <trkpt lat="49.206088" lon="20.233536"><ele>1842.2</ele></trkpt>
      <trkpt lat="49.206102" lon="20.233540"><ele>1841.4</ele></trkpt>
      <trkpt lat="49.206116" lon="20.233544"><ele>1840.2</ele></trkpt>
      <trkpt lat="49.206131" lon="20.233548"><ele>1837.8</ele></trkpt>
      <trkpt lat="49.206141" lon="20.233534"><ele>1836.2</ele></trkpt>
      <trkpt lat="49.206149" lon="20.233516"><ele>1835.2</ele></trkpt>
      <trkpt lat="49.206158" lon="20.233498"><ele>1834.2</ele></trkpt>
      <trkpt lat="49.206166" lon="20.233480"><ele>1834.8</ele></trkpt>
      <trkpt lat="49.206174" lon="20.233462"><ele>1835.4</ele></trkpt>
      <trkpt lat="49.206183" lon="20.233444"><ele>1834.0</ele></trkpt>
      <trkpt lat="49.206191" lon="20.233426"><ele>1834.6</ele></trkpt>
      <trkpt lat="49.206199" lon="20.233408"><ele>1833.6</ele></trkpt>
      <trkpt lat="49.206207" lon="20.233388"><ele>1832.2</ele></trkpt>
      <trkpt lat="49.206214" lon="20.233362"><ele>1831.2</ele></trkpt>
      <trkpt lat="49.206220" lon="20.233342"><ele>1830.2</ele></trkpt>
      <trkpt lat="49.206225" lon="20.233322"><ele>1829.2</ele></trkpt>
      <trkpt lat="49.206230" lon="20.233302"><ele>1828.2</ele></trkpt>
      <trkpt lat="49.206236" lon="20.233283"><ele>1827.4</ele></trkpt>
      <trkpt lat="49.206241" lon="20.233263"><ele>1826.6</ele></trkpt>
      <trkpt lat="49.206247" lon="20.233243"><ele>1825.8</ele></trkpt>
      <trkpt lat="49.206252" lon="20.233223"><ele>1825.4</ele></trkpt>
      <trkpt lat="49.206258" lon="20.233203"><ele>1825.0</ele></trkpt>
      <trkpt lat="49.206263" lon="20.233183"><ele>1824.4</ele></trkpt>
      <trkpt lat="49.206269" lon="20.233163"><ele>1824.4</ele></trkpt>
      <trkpt lat="49.206276" lon="20.233137"><ele>1825.0</ele></trkpt>
      <trkpt lat="49.206281" lon="20.233117"><ele>1824.4</ele></trkpt>
      <trkpt lat="49.206287" lon="20.233097"><ele>1823.8</ele></trkpt>
      <trkpt lat="49.206292" lon="20.233077"><ele>1823.4</ele></trkpt>
      <trkpt lat="49.206298" lon="20.233058"><ele>1823.2</ele></trkpt>
      <trkpt lat="49.206303" lon="20.233038"><ele>1822.6</ele></trkpt>
      <trkpt lat="49.206309" lon="20.233018"><ele>1821.6</ele></trkpt>
      <trkpt lat="49.206314" lon="20.232998"><ele>1821.0</ele></trkpt>
      <trkpt lat="49.206326" lon="20.233008"><ele>1820.6</ele></trkpt>
      <trkpt lat="49.206341" lon="20.233020"><ele>1819.6</ele></trkpt>
      <trkpt lat="49.206356" lon="20.233032"><ele>1819.0</ele></trkpt>
      <trkpt lat="49.206371" lon="20.233044"><ele>1817.6</ele></trkpt>
      <trkpt lat="49.206386" lon="20.233056"><ele>1816.8</ele></trkpt>
      <trkpt lat="49.206401" lon="20.233068"><ele>1816.2</ele></trkpt>
      <trkpt lat="49.206415" lon="20.233080"><ele>1815.0</ele></trkpt>
      <trkpt lat="49.206430" lon="20.233092"><ele>1814.0</ele></trkpt>
      <trkpt lat="49.206445" lon="20.233104"><ele>1813.6</ele></trkpt>
      <trkpt lat="49.206460" lon="20.233116"><ele>1813.4</ele></trkpt>
      <trkpt lat="49.206475" lon="20.233128"><ele>1812.8</ele></trkpt>
      <trkpt lat="49.206490" lon="20.233140"><ele>1812.0</ele></trkpt>
      <trkpt lat="49.206494" lon="20.233115"><ele>1811.0</ele></trkpt>
      <trkpt lat="49.206494" lon="20.233087"><ele>1810.4</ele></trkpt>
      <trkpt lat="49.206495" lon="20.233060"><ele>1809.4</ele></trkpt>
      <trkpt lat="49.206496" lon="20.233032"><ele>1808.6</ele></trkpt>
      <trkpt lat="49.206496" lon="20.233005"><ele>1807.8</ele></trkpt>
      <trkpt lat="49.206497" lon="20.232978"><ele>1806.8</ele></trkpt>
      <trkpt lat="49.206498" lon="20.232950"><ele>1805.6</ele></trkpt>
      <trkpt lat="49.206498" lon="20.232923"><ele>1804.4</ele></trkpt>
      <trkpt lat="49.206499" lon="20.232895"><ele>1803.6</ele></trkpt>
      <trkpt lat="49.206500" lon="20.232868"><ele>1802.8</ele></trkpt>
      <trkpt lat="49.206500" lon="20.232841"><ele>1801.6</ele></trkpt>
      <trkpt lat="49.206501" lon="20.232813"><ele>1800.8</ele></trkpt>
      <trkpt lat="49.206501" lon="20.232786"><ele>1800.0</ele></trkpt>
      <trkpt lat="49.206502" lon="20.232758"><ele>1799.2</ele></trkpt>
      <trkpt lat="49.206503" lon="20.232731"><ele>1798.4</ele></trkpt>
      <trkpt lat="49.206503" lon="20.232704"><ele>1797.4</ele></trkpt>
      <trkpt lat="49.206504" lon="20.232676"><ele>1796.6</ele></trkpt>
      <trkpt lat="49.206505" lon="20.232649"><ele>1795.6</ele></trkpt>
      <trkpt lat="49.206505" lon="20.232621"><ele>1795.0</ele></trkpt>
      <trkpt lat="49.206506" lon="20.232594"><ele>1794.2</ele></trkpt>
      <trkpt lat="49.206519" lon="20.232587"><ele>1793.6</ele></trkpt>
      <trkpt lat="49.206533" lon="20.232580"><ele>1792.6</ele></trkpt>
      <trkpt lat="49.206546" lon="20.232572"><ele>1792.2</ele></trkpt>
      <trkpt lat="49.206559" lon="20.232565"><ele>1792.0</ele></trkpt>
      <trkpt lat="49.206573" lon="20.232558"><ele>1792.0</ele></trkpt>
      <trkpt lat="49.206586" lon="20.232551"><ele>1792.8</ele></trkpt>
      <trkpt lat="49.206599" lon="20.232543"><ele>1792.8</ele></trkpt>
      <trkpt lat="49.206613" lon="20.232536"><ele>1792.6</ele></trkpt>
      <trkpt lat="49.206626" lon="20.232529"><ele>1792.6</ele></trkpt>
      <trkpt lat="49.206639" lon="20.232522"><ele>1791.6</ele></trkpt>
      <trkpt lat="49.206653" lon="20.232514"><ele>1790.8</ele></trkpt>
      <trkpt lat="49.206666" lon="20.232507"><ele>1790.2</ele></trkpt>
      <trkpt lat="49.206679" lon="20.232515"><ele>1789.8</ele></trkpt>
      <trkpt lat="49.206693" lon="20.232522"><ele>1789.2</ele></trkpt>
      <trkpt lat="49.206706" lon="20.232530"><ele>1789.2</ele></trkpt>
      <trkpt lat="49.206719" lon="20.232538"><ele>1790.6</ele></trkpt>
      <trkpt lat="49.206733" lon="20.232546"><ele>1789.6</ele></trkpt>
      <trkpt lat="49.206746" lon="20.232553"><ele>1789.0</ele></trkpt>
      <trkpt lat="49.206759" lon="20.232561"><ele>1788.2</ele></trkpt>
      <trkpt lat="49.206773" lon="20.232569"><ele>1785.8</ele></trkpt>
      <trkpt lat="49.206786" lon="20.232577"><ele>1783.6</ele></trkpt>
      <trkpt lat="49.206799" lon="20.232584"><ele>1781.8</ele></trkpt>
      <trkpt lat="49.206813" lon="20.232592"><ele>1779.6</ele></trkpt>
      <trkpt lat="49.206826" lon="20.232600"><ele>1778.2</ele></trkpt>
      <trkpt lat="49.206840" lon="20.232602"><ele>1776.4</ele></trkpt>
      <trkpt lat="49.206854" lon="20.232603"><ele>1778.6</ele></trkpt>
      <trkpt lat="49.206868" lon="20.232605"><ele>1779.8</ele></trkpt>
      <trkpt lat="49.206882" lon="20.232607"><ele>1779.0</ele></trkpt>
      <trkpt lat="49.206896" lon="20.232608"><ele>1779.8</ele></trkpt>
      <trkpt lat="49.206910" lon="20.232610"><ele>1780.8</ele></trkpt>
      <trkpt lat="49.206924" lon="20.232612"><ele>1781.0</ele></trkpt>
      <trkpt lat="49.206938" lon="20.232613"><ele>1778.6</ele></trkpt>
      <trkpt lat="49.206952" lon="20.232615"><ele>1781.4</ele></trkpt>
      <trkpt lat="49.206966" lon="20.232616"><ele>1782.2</ele></trkpt>
      <trkpt lat="49.206980" lon="20.232619"><ele>1781.6</ele></trkpt>
      <trkpt lat="49.206993" lon="20.232629"><ele>1775.2</ele></trkpt>
      <trkpt lat="49.207005" lon="20.232639"><ele>1773.6</ele></trkpt>
      <trkpt lat="49.207018" lon="20.232649"><ele>1771.6</ele></trkpt>
      <trkpt lat="49.207030" lon="20.232659"><ele>1772.2</ele></trkpt>
      <trkpt lat="49.207043" lon="20.232669"><ele>1770.8</ele></trkpt>
      <trkpt lat="49.207055" lon="20.232679"><ele>1770.2</ele></trkpt>
      <trkpt lat="49.207067" lon="20.232667"><ele>1765.8</ele></trkpt>
      <trkpt lat="49.207072" lon="20.232647"><ele>1762.4</ele></trkpt>
      <trkpt lat="49.207077" lon="20.232627"><ele>1762.8</ele></trkpt>
      <trkpt lat="49.207082" lon="20.232607"><ele>1761.2</ele></trkpt>
      <trkpt lat="49.207087" lon="20.232587"><ele>1760.0</ele></trkpt>
      <trkpt lat="49.207092" lon="20.232567"><ele>1758.2</ele></trkpt>
      <trkpt lat="49.207097" lon="20.232547"><ele>1755.8</ele></trkpt>
      <trkpt lat="49.207102" lon="20.232527"><ele>1753.4</ele></trkpt>
      <trkpt lat="49.207108" lon="20.232507"><ele>1753.2</ele></trkpt>
      <trkpt lat="49.207113" lon="20.232487"><ele>1755.2</ele></trkpt>
      <trkpt lat="49.207118" lon="20.232467"><ele>1756.2</ele></trkpt>
      <trkpt lat="49.207123" lon="20.232447"><ele>1753.8</ele></trkpt>
      <trkpt lat="49.207128" lon="20.232427"><ele>1753.6</ele></trkpt>
      <trkpt lat="49.207142" lon="20.232431"><ele>1753.2</ele></trkpt>
      <trkpt lat="49.207154" lon="20.232444"><ele>1753.2</ele></trkpt>
      <trkpt lat="49.207166" lon="20.232456"><ele>1753.0</ele></trkpt>
      <trkpt lat="49.207178" lon="20.232469"><ele>1753.4</ele></trkpt>
      <trkpt lat="49.207190" lon="20.232481"><ele>1753.2</ele></trkpt>
      <trkpt lat="49.207202" lon="20.232494"><ele>1752.8</ele></trkpt>
      <trkpt lat="49.207214" lon="20.232506"><ele>1752.4</ele></trkpt>
      <trkpt lat="49.207225" lon="20.232519"><ele>1751.6</ele></trkpt>
      <trkpt lat="49.207237" lon="20.232531"><ele>1751.0</ele></trkpt>
      <trkpt lat="49.207249" lon="20.232544"><ele>1750.4</ele></trkpt>
      <trkpt lat="49.207261" lon="20.232556"><ele>1750.0</ele></trkpt>
      <trkpt lat="49.207273" lon="20.232569"><ele>1749.2</ele></trkpt>
      <trkpt lat="49.207285" lon="20.232581"><ele>1748.6</ele></trkpt>
      <trkpt lat="49.207297" lon="20.232594"><ele>1748.2</ele></trkpt>
      <trkpt lat="49.207309" lon="20.232606"><ele>1747.4</ele></trkpt>
      <trkpt lat="49.207311" lon="20.232584"><ele>1746.4</ele></trkpt>
      <trkpt lat="49.207314" lon="20.232562"><ele>1745.4</ele></trkpt>
      <trkpt lat="49.207316" lon="20.232540"><ele>1744.8</ele></trkpt>
      <trkpt lat="49.207318" lon="20.232518"><ele>1744.4</ele></trkpt>
      <trkpt lat="49.207321" lon="20.232497"><ele>1744.2</ele></trkpt>
      <trkpt lat="49.207323" lon="20.232475"><ele>1743.2</ele></trkpt>
      <trkpt lat="49.207326" lon="20.232453"><ele>1742.8</ele></trkpt>
      <trkpt lat="49.207328" lon="20.232431"><ele>1742.2</ele></trkpt>
      <trkpt lat="49.207330" lon="20.232409"><ele>1741.4</ele></trkpt>
      <trkpt lat="49.207333" lon="20.232387"><ele>1740.0</ele></trkpt>
      <trkpt lat="49.207335" lon="20.232365"><ele>1739.0</ele></trkpt>
      <trkpt lat="49.207337" lon="20.232343"><ele>1738.2</ele></trkpt>
      <trkpt lat="49.207340" lon="20.232321"><ele>1737.0</ele></trkpt>
      <trkpt lat="49.207342" lon="20.232299"><ele>1736.6</ele></trkpt>
      <trkpt lat="49.207357" lon="20.232296"><ele>1735.0</ele></trkpt>
      <trkpt lat="49.207369" lon="20.232309"><ele>1734.0</ele></trkpt>
      <trkpt lat="49.207382" lon="20.232322"><ele>1733.2</ele></trkpt>
      <trkpt lat="49.207395" lon="20.232335"><ele>1732.8</ele></trkpt>
      <trkpt lat="49.207407" lon="20.232348"><ele>1732.6</ele></trkpt>
      <trkpt lat="49.207420" lon="20.232361"><ele>1731.8</ele></trkpt>
      <trkpt lat="49.207433" lon="20.232374"><ele>1731.0</ele></trkpt>
      <trkpt lat="49.207445" lon="20.232387"><ele>1730.8</ele></trkpt>
      <trkpt lat="49.207458" lon="20.232400"><ele>1730.6</ele></trkpt>
      <trkpt lat="49.207471" lon="20.232413"><ele>1730.2</ele></trkpt>
      <trkpt lat="49.207483" lon="20.232426"><ele>1730.2</ele></trkpt>
      <trkpt lat="49.207496" lon="20.232438"><ele>1729.8</ele></trkpt>
      <trkpt lat="49.207509" lon="20.232451"><ele>1729.6</ele></trkpt>
      <trkpt lat="49.207521" lon="20.232464"><ele>1728.6</ele></trkpt>
      <trkpt lat="49.207534" lon="20.232477"><ele>1727.2</ele></trkpt>
      <trkpt lat="49.207547" lon="20.232490"><ele>1725.8</ele></trkpt>
      <trkpt lat="49.207559" lon="20.232503"><ele>1724.4</ele></trkpt>
      <trkpt lat="49.207572" lon="20.232516"><ele>1723.8</ele></trkpt>
      <trkpt lat="49.207585" lon="20.232529"><ele>1723.8</ele></trkpt>
      <trkpt lat="49.207597" lon="20.232542"><ele>1724.2</ele></trkpt>
      <trkpt lat="49.207610" lon="20.232555"><ele>1724.0</ele></trkpt>
      <trkpt lat="49.207623" lon="20.232568"><ele>1723.6</ele></trkpt>
      <trkpt lat="49.207635" lon="20.232581"><ele>1723.0</ele></trkpt>
      <trkpt lat="49.207648" lon="20.232594"><ele>1722.6</ele></trkpt>
      <trkpt lat="49.207661" lon="20.232608"><ele>1721.8</ele></trkpt>
      <trkpt lat="49.207674" lon="20.232623"><ele>1721.0</ele></trkpt>
      <trkpt lat="49.207687" lon="20.232637"><ele>1719.8</ele></trkpt>
      <trkpt lat="49.207700" lon="20.232652"><ele>1718.4</ele></trkpt>
      <trkpt lat="49.207713" lon="20.232666"><ele>1717.0</ele></trkpt>
      <trkpt lat="49.207727" lon="20.232681"><ele>1715.8</ele></trkpt>
      <trkpt lat="49.207740" lon="20.232695"><ele>1715.6</ele></trkpt>
      <trkpt lat="49.207753" lon="20.232710"><ele>1715.6</ele></trkpt>
      <trkpt lat="49.207766" lon="20.232724"><ele>1715.4</ele></trkpt>
      <trkpt lat="49.207779" lon="20.232739"><ele>1714.8</ele></trkpt>
      <trkpt lat="49.207792" lon="20.232753"><ele>1714.4</ele></trkpt>
      <trkpt lat="49.207805" lon="20.232768"><ele>1714.6</ele></trkpt>
      <trkpt lat="49.207818" lon="20.232782"><ele>1714.0</ele></trkpt>
      <trkpt lat="49.207831" lon="20.232797"><ele>1713.0</ele></trkpt>
      <trkpt lat="49.207844" lon="20.232811"><ele>1712.0</ele></trkpt>
      <trkpt lat="49.207857" lon="20.232826"><ele>1711.0</ele></trkpt>
      <trkpt lat="49.207870" lon="20.232840"><ele>1710.6</ele></trkpt>
      <trkpt lat="49.207884" lon="20.232855"><ele>1710.4</ele></trkpt>
      <trkpt lat="49.207897" lon="20.232869"><ele>1709.4</ele></trkpt>
      <trkpt lat="49.207910" lon="20.232884"><ele>1708.4</ele></trkpt>
      <trkpt lat="49.207923" lon="20.232898"><ele>1707.4</ele></trkpt>
      <trkpt lat="49.207936" lon="20.232913"><ele>1706.4</ele></trkpt>
      <trkpt lat="49.207949" lon="20.232927"><ele>1705.6</ele></trkpt>
      <trkpt lat="49.207962" lon="20.232942"><ele>1705.4</ele></trkpt>
      <trkpt lat="49.207967" lon="20.232962"><ele>1704.6</ele></trkpt>
      <trkpt lat="49.207973" lon="20.232984"><ele>1704.0</ele></trkpt>
      <trkpt lat="49.207978" lon="20.233004"><ele>1703.4</ele></trkpt>
      <trkpt lat="49.207983" lon="20.233024"><ele>1703.0</ele></trkpt>
      <trkpt lat="49.207989" lon="20.233047"><ele>1702.6</ele></trkpt>
      <trkpt lat="49.207995" lon="20.233069"><ele>1701.2</ele></trkpt>
      <trkpt lat="49.208000" lon="20.233089"><ele>1699.8</ele></trkpt>
      <trkpt lat="49.208005" lon="20.233109"><ele>1697.8</ele></trkpt>
      <trkpt lat="49.208011" lon="20.233131"><ele>1695.0</ele></trkpt>
      <trkpt lat="49.208002" lon="20.233147"><ele>1693.2</ele></trkpt>
      <trkpt lat="49.207988" lon="20.233160"><ele>1692.0</ele></trkpt>
      <trkpt lat="49.207974" lon="20.233172"><ele>1691.2</ele></trkpt>
      <trkpt lat="49.207960" lon="20.233185"><ele>1690.6</ele></trkpt>
      <trkpt lat="49.207946" lon="20.233198"><ele>1690.2</ele></trkpt>
      <trkpt lat="49.207932" lon="20.233210"><ele>1690.4</ele></trkpt>
      <trkpt lat="49.207918" lon="20.233223"><ele>1691.0</ele></trkpt>
      <trkpt lat="49.207904" lon="20.233235"><ele>1691.0</ele></trkpt>
      <trkpt lat="49.207890" lon="20.233248"><ele>1691.0</ele></trkpt>
      <trkpt lat="49.207876" lon="20.233260"><ele>1691.0</ele></trkpt>
      <trkpt lat="49.207862" lon="20.233273"><ele>1691.0</ele></trkpt>
      <trkpt lat="49.207848" lon="20.233285"><ele>1691.0</ele></trkpt>
      <trkpt lat="49.207834" lon="20.233298"><ele>1690.8</ele></trkpt>
      <trkpt lat="49.207820" lon="20.233310"><ele>1690.2</ele></trkpt>
      <trkpt lat="49.207806" lon="20.233323"><ele>1689.6</ele></trkpt>
      <trkpt lat="49.207818" lon="20.233336"><ele>1688.2</ele></trkpt>
      <trkpt lat="49.207831" lon="20.233344"><ele>1686.6</ele></trkpt>
      <trkpt lat="49.207844" lon="20.233353"><ele>1685.6</ele></trkpt>
      <trkpt lat="49.207858" lon="20.233361"><ele>1684.4</ele></trkpt>
      <trkpt lat="49.207871" lon="20.233370"><ele>1682.6</ele></trkpt>
      <trkpt lat="49.207885" lon="20.233378"><ele>1681.8</ele></trkpt>
      <trkpt lat="49.207898" lon="20.233387"><ele>1680.8</ele></trkpt>
      <trkpt lat="49.207911" lon="20.233395"><ele>1680.0</ele></trkpt>
      <trkpt lat="49.207925" lon="20.233404"><ele>1679.0</ele></trkpt>
      <trkpt lat="49.207937" lon="20.233419"><ele>1677.6</ele></trkpt>
      <trkpt lat="49.207938" lon="20.233441"><ele>1677.6</ele></trkpt>
      <trkpt lat="49.207939" lon="20.233463"><ele>1676.4</ele></trkpt>
      <trkpt lat="49.207941" lon="20.233485"><ele>1674.6</ele></trkpt>
      <trkpt lat="49.207942" lon="20.233507"><ele>1672.0</ele></trkpt>
      <trkpt lat="49.207943" lon="20.233529"><ele>1673.0</ele></trkpt>
      <trkpt lat="49.207945" lon="20.233551"><ele>1673.6</ele></trkpt>
      <trkpt lat="49.207946" lon="20.233573"><ele>1674.2</ele></trkpt>
      <trkpt lat="49.207963" lon="20.233579"><ele>1666.8</ele></trkpt>
      <trkpt lat="49.207981" lon="20.233582"><ele>1665.8</ele></trkpt>
      <trkpt lat="49.207998" lon="20.233585"><ele>1665.0</ele></trkpt>
      <trkpt lat="49.208015" lon="20.233588"><ele>1664.6</ele></trkpt>
      <trkpt lat="49.208033" lon="20.233591"><ele>1664.4</ele></trkpt>
      <trkpt lat="49.208050" lon="20.233594"><ele>1664.4</ele></trkpt>
      <trkpt lat="49.208068" lon="20.233596"><ele>1664.4</ele></trkpt>
      <trkpt lat="49.208085" lon="20.233599"><ele>1664.6</ele></trkpt>
      <trkpt lat="49.208102" lon="20.233602"><ele>1664.2</ele></trkpt>
      <trkpt lat="49.208120" lon="20.233605"><ele>1663.8</ele></trkpt>
      <trkpt lat="49.208137" lon="20.233608"><ele>1663.2</ele></trkpt>
      <trkpt lat="49.208154" lon="20.233611"><ele>1662.6</ele></trkpt>
      <trkpt lat="49.208172" lon="20.233614"><ele>1662.2</ele></trkpt>
      <trkpt lat="49.208189" lon="20.233617"><ele>1661.4</ele></trkpt>
      <trkpt lat="49.208206" lon="20.233620"><ele>1661.0</ele></trkpt>
      <trkpt lat="49.208224" lon="20.233623"><ele>1660.4</ele></trkpt>
      <trkpt lat="49.208241" lon="20.233626"><ele>1659.6</ele></trkpt>
      <trkpt lat="49.208258" lon="20.233629"><ele>1658.6</ele></trkpt>
      <trkpt lat="49.208276" lon="20.233632"><ele>1658.4</ele></trkpt>
      <trkpt lat="49.208293" lon="20.233635"><ele>1657.8</ele></trkpt>
      <trkpt lat="49.208311" lon="20.233637"><ele>1657.2</ele></trkpt>
      <trkpt lat="49.208328" lon="20.233640"><ele>1656.4</ele></trkpt>
      <trkpt lat="49.208345" lon="20.233643"><ele>1656.4</ele></trkpt>
      <trkpt lat="49.208363" lon="20.233646"><ele>1656.4</ele></trkpt>
      <trkpt lat="49.208380" lon="20.233649"><ele>1656.4</ele></trkpt>
      <trkpt lat="49.208397" lon="20.233652"><ele>1656.2</ele></trkpt>
      <trkpt lat="49.208415" lon="20.233655"><ele>1656.4</ele></trkpt>
      <trkpt lat="49.208432" lon="20.233658"><ele>1656.4</ele></trkpt>
      <trkpt lat="49.208448" lon="20.233655"><ele>1656.4</ele></trkpt>
      <trkpt lat="49.208464" lon="20.233653"><ele>1656.2</ele></trkpt>
      <trkpt lat="49.208480" lon="20.233650"><ele>1655.8</ele></trkpt>
      <trkpt lat="49.208496" lon="20.233648"><ele>1655.0</ele></trkpt>
      <trkpt lat="49.208512" lon="20.233645"><ele>1654.8</ele></trkpt>
      <trkpt lat="49.208528" lon="20.233642"><ele>1653.6</ele></trkpt>
      <trkpt lat="49.208544" lon="20.233640"><ele>1652.6</ele></trkpt>
      <trkpt lat="49.208560" lon="20.233637"><ele>1651.0</ele></trkpt>
      <trkpt lat="49.208576" lon="20.233635"><ele>1649.8</ele></trkpt>
      <trkpt lat="49.208592" lon="20.233632"><ele>1649.2</ele></trkpt>
      <trkpt lat="49.208608" lon="20.233629"><ele>1648.6</ele></trkpt>
      <trkpt lat="49.208624" lon="20.233627"><ele>1647.2</ele></trkpt>
      <trkpt lat="49.208640" lon="20.233624"><ele>1645.4</ele></trkpt>
      <trkpt lat="49.208656" lon="20.233622"><ele>1643.8</ele></trkpt>
      <trkpt lat="49.208672" lon="20.233619"><ele>1641.8</ele></trkpt>
      <trkpt lat="49.208688" lon="20.233616"><ele>1640.2</ele></trkpt>
      <trkpt lat="49.208704" lon="20.233614"><ele>1638.6</ele></trkpt>
      <trkpt lat="49.208720" lon="20.233611"><ele>1636.8</ele></trkpt>
      <trkpt lat="49.208736" lon="20.233609"><ele>1635.2</ele></trkpt>
      <trkpt lat="49.208752" lon="20.233606"><ele>1633.4</ele></trkpt>
      <trkpt lat="49.208745" lon="20.233581"><ele>1632.2</ele></trkpt>
      <trkpt lat="49.208737" lon="20.233556"><ele>1631.2</ele></trkpt>
      <trkpt lat="49.208730" lon="20.233531"><ele>1630.8</ele></trkpt>
      <trkpt lat="49.208722" lon="20.233506"><ele>1630.4</ele></trkpt>
      <trkpt lat="49.208715" lon="20.233480"><ele>1630.0</ele></trkpt>
      <trkpt lat="49.208707" lon="20.233455"><ele>1629.0</ele></trkpt>
      <trkpt lat="49.208700" lon="20.233430"><ele>1627.8</ele></trkpt>
      <trkpt lat="49.208692" lon="20.233405"><ele>1627.4</ele></trkpt>
      <trkpt lat="49.208685" lon="20.233380"><ele>1627.0</ele></trkpt>
      <trkpt lat="49.208677" lon="20.233355"><ele>1626.0</ele></trkpt>
      <trkpt lat="49.208670" lon="20.233330"><ele>1625.2</ele></trkpt>
      <trkpt lat="49.208662" lon="20.233305"><ele>1624.4</ele></trkpt>
      <trkpt lat="49.208655" lon="20.233280"><ele>1623.8</ele></trkpt>
      <trkpt lat="49.208647" lon="20.233255"><ele>1623.4</ele></trkpt>
      <trkpt lat="49.208640" lon="20.233229"><ele>1623.0</ele></trkpt>
      <trkpt lat="49.208632" lon="20.233204"><ele>1623.0</ele></trkpt>
      <trkpt lat="49.208625" lon="20.233179"><ele>1622.8</ele></trkpt>
      <trkpt lat="49.208617" lon="20.233154"><ele>1623.2</ele></trkpt>
      <trkpt lat="49.208610" lon="20.233129"><ele>1623.6</ele></trkpt>
      <trkpt lat="49.208602" lon="20.233104"><ele>1624.0</ele></trkpt>
      <trkpt lat="49.208601" lon="20.233083"><ele>1624.2</ele></trkpt>
      <trkpt lat="49.208601" lon="20.233061"><ele>1624.2</ele></trkpt>
      <trkpt lat="49.208600" lon="20.233040"><ele>1625.4</ele></trkpt>
      <trkpt lat="49.208599" lon="20.233018"><ele>1625.8</ele></trkpt>
      <trkpt lat="49.208599" lon="20.232997"><ele>1626.4</ele></trkpt>
      <trkpt lat="49.208596" lon="20.232967"><ele>1626.4</ele></trkpt>
      <trkpt lat="49.208591" lon="20.232938"><ele>1626.4</ele></trkpt>
      <trkpt lat="49.208587" lon="20.232910"><ele>1626.4</ele></trkpt>
      <trkpt lat="49.208582" lon="20.232881"><ele>1626.4</ele></trkpt>
      <trkpt lat="49.208577" lon="20.232853"><ele>1626.2</ele></trkpt>
      <trkpt lat="49.208573" lon="20.232824"><ele>1626.2</ele></trkpt>
      <trkpt lat="49.208568" lon="20.232796"><ele>1626.2</ele></trkpt>
      <trkpt lat="49.208564" lon="20.232767"><ele>1626.2</ele></trkpt>
      <trkpt lat="49.208559" lon="20.232739"><ele>1626.2</ele></trkpt>
      <trkpt lat="49.208555" lon="20.232710"><ele>1626.2</ele></trkpt>
      <trkpt lat="49.208550" lon="20.232682"><ele>1626.2</ele></trkpt>
      <trkpt lat="49.208545" lon="20.232653"><ele>1626.4</ele></trkpt>
      <trkpt lat="49.208541" lon="20.232625"><ele>1626.4</ele></trkpt>
      <trkpt lat="49.208536" lon="20.232596"><ele>1626.6</ele></trkpt>
      <trkpt lat="49.208532" lon="20.232568"><ele>1626.6</ele></trkpt>
      <trkpt lat="49.208527" lon="20.232539"><ele>1626.8</ele></trkpt>
      <trkpt lat="49.208523" lon="20.232511"><ele>1627.0</ele></trkpt>
      <trkpt lat="49.208518" lon="20.232482"><ele>1627.2</ele></trkpt>
      <trkpt lat="49.208514" lon="20.232454"><ele>1627.4</ele></trkpt>
      <trkpt lat="49.208509" lon="20.232425"><ele>1627.6</ele></trkpt>
      <trkpt lat="49.208504" lon="20.232397"><ele>1627.6</ele></trkpt>
      <trkpt lat="49.208500" lon="20.232368"><ele>1627.6</ele></trkpt>
      <trkpt lat="49.208495" lon="20.232340"><ele>1627.6</ele></trkpt>
      <trkpt lat="49.208491" lon="20.232311"><ele>1627.4</ele></trkpt>
      <trkpt lat="49.208486" lon="20.232283"><ele>1627.2</ele></trkpt>
      <trkpt lat="49.208482" lon="20.232254"><ele>1627.2</ele></trkpt>
      <trkpt lat="49.208477" lon="20.232226"><ele>1627.0</ele></trkpt>
      <trkpt lat="49.208472" lon="20.232197"><ele>1626.8</ele></trkpt>
      <trkpt lat="49.208468" lon="20.232169"><ele>1626.6</ele></trkpt>
      <trkpt lat="49.208463" lon="20.232140"><ele>1626.4</ele></trkpt>
      <trkpt lat="49.208457" lon="20.232112"><ele>1626.4</ele></trkpt>
      <trkpt lat="49.208450" lon="20.232085"><ele>1626.2</ele></trkpt>
      <trkpt lat="49.208443" lon="20.232057"><ele>1626.4</ele></trkpt>
      <trkpt lat="49.208435" lon="20.232030"><ele>1626.2</ele></trkpt>
      <trkpt lat="49.208428" lon="20.232003"><ele>1626.0</ele></trkpt>
      <trkpt lat="49.208420" lon="20.231975"><ele>1625.6</ele></trkpt>
      <trkpt lat="49.208413" lon="20.231948"><ele>1625.2</ele></trkpt>
      <trkpt lat="49.208406" lon="20.231920"><ele>1624.8</ele></trkpt>
      <trkpt lat="49.208398" lon="20.231893"><ele>1624.8</ele></trkpt>
      <trkpt lat="49.208391" lon="20.231865"><ele>1624.6</ele></trkpt>
      <trkpt lat="49.208383" lon="20.231838"><ele>1624.4</ele></trkpt>
      <trkpt lat="49.208376" lon="20.231811"><ele>1624.2</ele></trkpt>
      <trkpt lat="49.208369" lon="20.231783"><ele>1624.0</ele></trkpt>
      <trkpt lat="49.208361" lon="20.231756"><ele>1623.6</ele></trkpt>
      <trkpt lat="49.208354" lon="20.231728"><ele>1623.4</ele></trkpt>
      <trkpt lat="49.208346" lon="20.231701"><ele>1623.2</ele></trkpt>
      <trkpt lat="49.208339" lon="20.231674"><ele>1623.0</ele></trkpt>
      <trkpt lat="49.208332" lon="20.231646"><ele>1622.8</ele></trkpt>
      <trkpt lat="49.208324" lon="20.231619"><ele>1622.6</ele></trkpt>
      <trkpt lat="49.208317" lon="20.231591"><ele>1622.6</ele></trkpt>
      <trkpt lat="49.208310" lon="20.231564"><ele>1622.6</ele></trkpt>
      <trkpt lat="49.208302" lon="20.231536"><ele>1622.4</ele></trkpt>
      <trkpt lat="49.208295" lon="20.231509"><ele>1622.2</ele></trkpt>
      <trkpt lat="49.208287" lon="20.231482"><ele>1622.2</ele></trkpt>
      <trkpt lat="49.208280" lon="20.231454"><ele>1622.0</ele></trkpt>
      <trkpt lat="49.208273" lon="20.231427"><ele>1622.0</ele></trkpt>
      <trkpt lat="49.208265" lon="20.231399"><ele>1621.8</ele></trkpt>
      <trkpt lat="49.208258" lon="20.231372"><ele>1621.8</ele></trkpt>
      <trkpt lat="49.208250" lon="20.231344"><ele>1621.6</ele></trkpt>
      <trkpt lat="49.208243" lon="20.231317"><ele>1621.6</ele></trkpt>
      <trkpt lat="49.208242" lon="20.231294"><ele>1621.4</ele></trkpt>
      <trkpt lat="49.208242" lon="20.231270"><ele>1621.2</ele></trkpt>
      <trkpt lat="49.208241" lon="20.231247"><ele>1621.2</ele></trkpt>
      <trkpt lat="49.208240" lon="20.231224"><ele>1621.2</ele></trkpt>
      <trkpt lat="49.208239" lon="20.231201"><ele>1621.0</ele></trkpt>
      <trkpt lat="49.208239" lon="20.231177"><ele>1620.8</ele></trkpt>
      <trkpt lat="49.208238" lon="20.231154"><ele>1620.6</ele></trkpt>
      <trkpt lat="49.208237" lon="20.231131"><ele>1620.2</ele></trkpt>
      <trkpt lat="49.208236" lon="20.231108"><ele>1620.0</ele></trkpt>
      <trkpt lat="49.208236" lon="20.231084"><ele>1619.8</ele></trkpt>
      <trkpt lat="49.208235" lon="20.231061"><ele>1619.8</ele></trkpt>
      <trkpt lat="49.208234" lon="20.231038"><ele>1619.6</ele></trkpt>
      <trkpt lat="49.208233" lon="20.231015"><ele>1619.6</ele></trkpt>
      <trkpt lat="49.208233" lon="20.230991"><ele>1619.6</ele></trkpt>
      <trkpt lat="49.208232" lon="20.230968"><ele>1619.6</ele></trkpt>
      <trkpt lat="49.208231" lon="20.230945"><ele>1619.4</ele></trkpt>
      <trkpt lat="49.208231" lon="20.230921"><ele>1619.2</ele></trkpt>
      <trkpt lat="49.208230" lon="20.230898"><ele>1619.2</ele></trkpt>
      <trkpt lat="49.208229" lon="20.230875"><ele>1619.2</ele></trkpt>
      <trkpt lat="49.208228" lon="20.230852"><ele>1619.2</ele></trkpt>
      <trkpt lat="49.208228" lon="20.230828"><ele>1619.0</ele></trkpt>
      <trkpt lat="49.208227" lon="20.230805"><ele>1618.8</ele></trkpt>
      <trkpt lat="49.208226" lon="20.230782"><ele>1618.6</ele></trkpt>
      <trkpt lat="49.208225" lon="20.230759"><ele>1618.2</ele></trkpt>
      <trkpt lat="49.208225" lon="20.230735"><ele>1617.8</ele></trkpt>
      <trkpt lat="49.208224" lon="20.230712"><ele>1617.4</ele></trkpt>
      <trkpt lat="49.208223" lon="20.230689"><ele>1617.0</ele></trkpt>
      <trkpt lat="49.208222" lon="20.230666"><ele>1616.8</ele></trkpt>
      <trkpt lat="49.208222" lon="20.230642"><ele>1616.4</ele></trkpt>
      <trkpt lat="49.208221" lon="20.230619"><ele>1616.0</ele></trkpt>
      <trkpt lat="49.208215" lon="20.230595"><ele>1615.8</ele></trkpt>
      <trkpt lat="49.208210" lon="20.230571"><ele>1615.6</ele></trkpt>
      <trkpt lat="49.208204" lon="20.230547"><ele>1615.6</ele></trkpt>
      <trkpt lat="49.208199" lon="20.230523"><ele>1615.2</ele></trkpt>
      <trkpt lat="49.208193" lon="20.230499"><ele>1615.0</ele></trkpt>
      <trkpt lat="49.208188" lon="20.230475"><ele>1614.8</ele></trkpt>
      <trkpt lat="49.208182" lon="20.230451"><ele>1614.6</ele></trkpt>
      <trkpt lat="49.208176" lon="20.230427"><ele>1614.6</ele></trkpt>
      <trkpt lat="49.208171" lon="20.230403"><ele>1614.4</ele></trkpt>
      <trkpt lat="49.208165" lon="20.230379"><ele>1614.4</ele></trkpt>
      <trkpt lat="49.208160" lon="20.230355"><ele>1614.2</ele></trkpt>
      <trkpt lat="49.208154" lon="20.230331"><ele>1613.8</ele></trkpt>
      <trkpt lat="49.208149" lon="20.230307"><ele>1613.2</ele></trkpt>
      <trkpt lat="49.208143" lon="20.230283"><ele>1613.0</ele></trkpt>
      <trkpt lat="49.208138" lon="20.230259"><ele>1612.6</ele></trkpt>
      <trkpt lat="49.208132" lon="20.230235"><ele>1612.2</ele></trkpt>
      <trkpt lat="49.208126" lon="20.230211"><ele>1612.0</ele></trkpt>
      <trkpt lat="49.208121" lon="20.230187"><ele>1612.4</ele></trkpt>
      <trkpt lat="49.208115" lon="20.230163"><ele>1612.4</ele></trkpt>
      <trkpt lat="49.208110" lon="20.230139"><ele>1612.4</ele></trkpt>
      <trkpt lat="49.208104" lon="20.230115"><ele>1612.4</ele></trkpt>
      <trkpt lat="49.208099" lon="20.230091"><ele>1612.2</ele></trkpt>
      <trkpt lat="49.208093" lon="20.230067"><ele>1611.6</ele></trkpt>
      <trkpt lat="49.208087" lon="20.230043"><ele>1611.2</ele></trkpt>
      <trkpt lat="49.208082" lon="20.230019"><ele>1610.8</ele></trkpt>
      <trkpt lat="49.208076" lon="20.229995"><ele>1610.4</ele></trkpt>
      <trkpt lat="49.208071" lon="20.229971"><ele>1610.0</ele></trkpt>
      <trkpt lat="49.208065" lon="20.229947"><ele>1609.8</ele></trkpt>
      <trkpt lat="49.208060" lon="20.229923"><ele>1609.2</ele></trkpt>
      <trkpt lat="49.208054" lon="20.229899"><ele>1608.8</ele></trkpt>
      <trkpt lat="49.208050" lon="20.229876"><ele>1608.6</ele></trkpt>
      <trkpt lat="49.208046" lon="20.229852"><ele>1608.2</ele></trkpt>
      <trkpt lat="49.208042" lon="20.229829"><ele>1607.8</ele></trkpt>
      <trkpt lat="49.208038" lon="20.229805"><ele>1607.6</ele></trkpt>
      <trkpt lat="49.208034" lon="20.229782"><ele>1607.2</ele></trkpt>
      <trkpt lat="49.208030" lon="20.229759"><ele>1606.6</ele></trkpt>
      <trkpt lat="49.208026" lon="20.229735"><ele>1606.0</ele></trkpt>
      <trkpt lat="49.208022" lon="20.229712"><ele>1605.6</ele></trkpt>
      <trkpt lat="49.208018" lon="20.229688"><ele>1605.4</ele></trkpt>
      <trkpt lat="49.208014" lon="20.229665"><ele>1604.8</ele></trkpt>
      <trkpt lat="49.208010" lon="20.229642"><ele>1604.6</ele></trkpt>
      <trkpt lat="49.208006" lon="20.229618"><ele>1604.4</ele></trkpt>
      <trkpt lat="49.208002" lon="20.229595"><ele>1604.4</ele></trkpt>
      <trkpt lat="49.207998" lon="20.229571"><ele>1604.6</ele></trkpt>
      <trkpt lat="49.207994" lon="20.229548"><ele>1604.8</ele></trkpt>
      <trkpt lat="49.207989" lon="20.229525"><ele>1604.8</ele></trkpt>
      <trkpt lat="49.207985" lon="20.229501"><ele>1604.8</ele></trkpt>
      <trkpt lat="49.207981" lon="20.229478"><ele>1604.8</ele></trkpt>
      <trkpt lat="49.207977" lon="20.229454"><ele>1604.6</ele></trkpt>
      <trkpt lat="49.207973" lon="20.229431"><ele>1604.6</ele></trkpt>
      <trkpt lat="49.207969" lon="20.229408"><ele>1604.6</ele></trkpt>
      <trkpt lat="49.207965" lon="20.229384"><ele>1604.4</ele></trkpt>
      <trkpt lat="49.207961" lon="20.229361"><ele>1604.4</ele></trkpt>
      <trkpt lat="49.207957" lon="20.229337"><ele>1604.0</ele></trkpt>
      <trkpt lat="49.207953" lon="20.229314"><ele>1603.6</ele></trkpt>
      <trkpt lat="49.207949" lon="20.229291"><ele>1603.2</ele></trkpt>
      <trkpt lat="49.207945" lon="20.229267"><ele>1602.8</ele></trkpt>
      <trkpt lat="49.207941" lon="20.229244"><ele>1602.4</ele></trkpt>
      <trkpt lat="49.207937" lon="20.229220"><ele>1601.8</ele></trkpt>
      <trkpt lat="49.207933" lon="20.229197"><ele>1601.4</ele></trkpt>
      <trkpt lat="49.207943" lon="20.229180"><ele>1600.6</ele></trkpt>
      <trkpt lat="49.207953" lon="20.229163"><ele>1600.0</ele></trkpt>
      <trkpt lat="49.207963" lon="20.229147"><ele>1599.6</ele></trkpt>
      <trkpt lat="49.207973" lon="20.229130"><ele>1599.0</ele></trkpt>
      <trkpt lat="49.207983" lon="20.229113"><ele>1598.8</ele></trkpt>
      <trkpt lat="49.207992" lon="20.229096"><ele>1598.6</ele></trkpt>
      <trkpt lat="49.208002" lon="20.229079"><ele>1598.2</ele></trkpt>
      <trkpt lat="49.208012" lon="20.229063"><ele>1597.8</ele></trkpt>
      <trkpt lat="49.208022" lon="20.229046"><ele>1597.2</ele></trkpt>
      <trkpt lat="49.208032" lon="20.229029"><ele>1596.4</ele></trkpt>
      <trkpt lat="49.208042" lon="20.229012"><ele>1595.8</ele></trkpt>
      <trkpt lat="49.208052" lon="20.228995"><ele>1595.0</ele></trkpt>
      <trkpt lat="49.208062" lon="20.228979"><ele>1594.8</ele></trkpt>
      <trkpt lat="49.208072" lon="20.228962"><ele>1594.6</ele></trkpt>
      <trkpt lat="49.208082" lon="20.228945"><ele>1594.4</ele></trkpt>
      <trkpt lat="49.208091" lon="20.228928"><ele>1594.2</ele></trkpt>
      <trkpt lat="49.208101" lon="20.228911"><ele>1593.6</ele></trkpt>
      <trkpt lat="49.208111" lon="20.228895"><ele>1593.0</ele></trkpt>
      <trkpt lat="49.208121" lon="20.228878"><ele>1592.6</ele></trkpt>
      <trkpt lat="49.208131" lon="20.228861"><ele>1592.2</ele></trkpt>
      <trkpt lat="49.208139" lon="20.228843"><ele>1592.0</ele></trkpt>
      <trkpt lat="49.208146" lon="20.228825"><ele>1592.0</ele></trkpt>
      <trkpt lat="49.208154" lon="20.228806"><ele>1591.8</ele></trkpt>
      <trkpt lat="49.208162" lon="20.228788"><ele>1591.4</ele></trkpt>
      <trkpt lat="49.208170" lon="20.228770"><ele>1591.2</ele></trkpt>
      <trkpt lat="49.208177" lon="20.228752"><ele>1590.6</ele></trkpt>
      <trkpt lat="49.208185" lon="20.228733"><ele>1590.0</ele></trkpt>
      <trkpt lat="49.208193" lon="20.228715"><ele>1589.6</ele></trkpt>
      <trkpt lat="49.208200" lon="20.228697"><ele>1589.6</ele></trkpt>
      <trkpt lat="49.208208" lon="20.228679"><ele>1589.4</ele></trkpt>
      <trkpt lat="49.208216" lon="20.228660"><ele>1589.4</ele></trkpt>
      <trkpt lat="49.208223" lon="20.228642"><ele>1589.4</ele></trkpt>
      <trkpt lat="49.208231" lon="20.228624"><ele>1589.8</ele></trkpt>
      <trkpt lat="49.208239" lon="20.228606"><ele>1590.2</ele></trkpt>
      <trkpt lat="49.208247" lon="20.228587"><ele>1590.4</ele></trkpt>
      <trkpt lat="49.208254" lon="20.228569"><ele>1590.2</ele></trkpt>
      <trkpt lat="49.208262" lon="20.228551"><ele>1589.2</ele></trkpt>
      <trkpt lat="49.208270" lon="20.228533"><ele>1588.2</ele></trkpt>
      <trkpt lat="49.208277" lon="20.228514"><ele>1587.8</ele></trkpt>
      <trkpt lat="49.208285" lon="20.228496"><ele>1587.4</ele></trkpt>
      <trkpt lat="49.208284" lon="20.228474"><ele>1588.0</ele></trkpt>
      <trkpt lat="49.208282" lon="20.228451"><ele>1587.8</ele></trkpt>
      <trkpt lat="49.208281" lon="20.228429"><ele>1587.4</ele></trkpt>
      <trkpt lat="49.208279" lon="20.228406"><ele>1587.0</ele></trkpt>
      <trkpt lat="49.208278" lon="20.228384"><ele>1586.4</ele></trkpt>
      <trkpt lat="49.208277" lon="20.228362"><ele>1585.6</ele></trkpt>
      <trkpt lat="49.208275" lon="20.228339"><ele>1585.4</ele></trkpt>
      <trkpt lat="49.208274" lon="20.228317"><ele>1585.2</ele></trkpt>
      <trkpt lat="49.208272" lon="20.228294"><ele>1584.6</ele></trkpt>
      <trkpt lat="49.208271" lon="20.228272"><ele>1583.6</ele></trkpt>
      <trkpt lat="49.208270" lon="20.228250"><ele>1583.0</ele></trkpt>
      <trkpt lat="49.208268" lon="20.228227"><ele>1582.8</ele></trkpt>
      <trkpt lat="49.208267" lon="20.228205"><ele>1583.8</ele></trkpt>
      <trkpt lat="49.208265" lon="20.228182"><ele>1584.6</ele></trkpt>
      <trkpt lat="49.208264" lon="20.228160"><ele>1584.2</ele></trkpt>
      <trkpt lat="49.208263" lon="20.228138"><ele>1583.4</ele></trkpt>
      <trkpt lat="49.208261" lon="20.228115"><ele>1582.8</ele></trkpt>
      <trkpt lat="49.208260" lon="20.228093"><ele>1583.0</ele></trkpt>
      <trkpt lat="49.208258" lon="20.228070"><ele>1582.8</ele></trkpt>
      <trkpt lat="49.208257" lon="20.228048"><ele>1582.8</ele></trkpt>
      <trkpt lat="49.208256" lon="20.228026"><ele>1583.4</ele></trkpt>
      <trkpt lat="49.208254" lon="20.228003"><ele>1583.0</ele></trkpt>
      <trkpt lat="49.208253" lon="20.227981"><ele>1582.0</ele></trkpt>
      <trkpt lat="49.208251" lon="20.227958"><ele>1581.2</ele></trkpt>
      <trkpt lat="49.208250" lon="20.227936"><ele>1580.8</ele></trkpt>
      <trkpt lat="49.208249" lon="20.227914"><ele>1580.4</ele></trkpt>
      <trkpt lat="49.208247" lon="20.227891"><ele>1580.4</ele></trkpt>
      <trkpt lat="49.208246" lon="20.227869"><ele>1580.0</ele></trkpt>
      <trkpt lat="49.208244" lon="20.227846"><ele>1579.4</ele></trkpt>
      <trkpt lat="49.208243" lon="20.227824"><ele>1579.0</ele></trkpt>
      <trkpt lat="49.208242" lon="20.227797"><ele>1578.4</ele></trkpt>
      <trkpt lat="49.208241" lon="20.227771"><ele>1577.6</ele></trkpt>
      <trkpt lat="49.208239" lon="20.227744"><ele>1577.0</ele></trkpt>
      <trkpt lat="49.208238" lon="20.227717"><ele>1576.6</ele></trkpt>
      <trkpt lat="49.208237" lon="20.227691"><ele>1575.8</ele></trkpt>
      <trkpt lat="49.208236" lon="20.227664"><ele>1575.6</ele></trkpt>
      <trkpt lat="49.208234" lon="20.227637"><ele>1575.8</ele></trkpt>
      <trkpt lat="49.208233" lon="20.227611"><ele>1576.0</ele></trkpt>
      <trkpt lat="49.208232" lon="20.227584"><ele>1575.8</ele></trkpt>
      <trkpt lat="49.208231" lon="20.227557"><ele>1575.2</ele></trkpt>
      <trkpt lat="49.208229" lon="20.227531"><ele>1574.6</ele></trkpt>
      <trkpt lat="49.208228" lon="20.227504"><ele>1574.2</ele></trkpt>
      <trkpt lat="49.208227" lon="20.227478"><ele>1573.6</ele></trkpt>
      <trkpt lat="49.208226" lon="20.227451"><ele>1572.6</ele></trkpt>
      <trkpt lat="49.208224" lon="20.227424"><ele>1572.0</ele></trkpt>
      <trkpt lat="49.208223" lon="20.227398"><ele>1571.6</ele></trkpt>
      <trkpt lat="49.208222" lon="20.227371"><ele>1571.6</ele></trkpt>
      <trkpt lat="49.208221" lon="20.227344"><ele>1571.4</ele></trkpt>
      <trkpt lat="49.208219" lon="20.227318"><ele>1571.4</ele></trkpt>
      <trkpt lat="49.208218" lon="20.227291"><ele>1571.2</ele></trkpt>
      <trkpt lat="49.208442" lon="20.225914"><ele>1567.2</ele></trkpt>
      <trkpt lat="49.208433" lon="20.225887"><ele>1567.0</ele></trkpt>
      <trkpt lat="49.208423" lon="20.225860"><ele>1567.2</ele></trkpt>
      <trkpt lat="49.208414" lon="20.225833"><ele>1567.2</ele></trkpt>
      <trkpt lat="49.208404" lon="20.225806"><ele>1567.2</ele></trkpt>
      <trkpt lat="49.208395" lon="20.225778"><ele>1567.4</ele></trkpt>
      <trkpt lat="49.208385" lon="20.225751"><ele>1567.8</ele></trkpt>
      <trkpt lat="49.208376" lon="20.225724"><ele>1568.0</ele></trkpt>
      <trkpt lat="49.208366" lon="20.225697"><ele>1568.4</ele></trkpt>
      <trkpt lat="49.208357" lon="20.225670"><ele>1568.8</ele></trkpt>
      <trkpt lat="49.208347" lon="20.225643"><ele>1569.4</ele></trkpt>
      <trkpt lat="49.208338" lon="20.225616"><ele>1569.6</ele></trkpt>
      <trkpt lat="49.208329" lon="20.225589"><ele>1569.8</ele></trkpt>
      <trkpt lat="49.208319" lon="20.225561"><ele>1570.0</ele></trkpt>
      <trkpt lat="49.208310" lon="20.225534"><ele>1570.2</ele></trkpt>
      <trkpt lat="49.208300" lon="20.225507"><ele>1570.2</ele></trkpt>
      <trkpt lat="49.208291" lon="20.225480"><ele>1570.4</ele></trkpt>
      <trkpt lat="49.208281" lon="20.225453"><ele>1570.8</ele></trkpt>
      <trkpt lat="49.208272" lon="20.225426"><ele>1571.2</ele></trkpt>
      <trkpt lat="49.208262" lon="20.225399"><ele>1571.2</ele></trkpt>
      <trkpt lat="49.208253" lon="20.225372"><ele>1571.4</ele></trkpt>
      <trkpt lat="49.208243" lon="20.225345"><ele>1571.6</ele></trkpt>
      <trkpt lat="49.208234" lon="20.225317"><ele>1571.6</ele></trkpt>
      <trkpt lat="49.208224" lon="20.225290"><ele>1572.2</ele></trkpt>
      <trkpt lat="49.208215" lon="20.225263"><ele>1572.6</ele></trkpt>
      <trkpt lat="49.208206" lon="20.225236"><ele>1573.0</ele></trkpt>
      <trkpt lat="49.208196" lon="20.225209"><ele>1573.6</ele></trkpt>
      <trkpt lat="49.208187" lon="20.225182"><ele>1574.6</ele></trkpt>
      <trkpt lat="49.208177" lon="20.225155"><ele>1575.0</ele></trkpt>
      <trkpt lat="49.208168" lon="20.225128"><ele>1575.0</ele></trkpt>
      <trkpt lat="49.208155" lon="20.225102"><ele>1575.4</ele></trkpt>
      <trkpt lat="49.208140" lon="20.225079"><ele>1575.6</ele></trkpt>
      <trkpt lat="49.208125" lon="20.225055"><ele>1575.6</ele></trkpt>
      <trkpt lat="49.208110" lon="20.225032"><ele>1576.2</ele></trkpt>
      <trkpt lat="49.208095" lon="20.225008"><ele>1576.0</ele></trkpt>
      <trkpt lat="49.208080" lon="20.224985"><ele>1576.4</ele></trkpt>
      <trkpt lat="49.208065" lon="20.224961"><ele>1576.6</ele></trkpt>
      <trkpt lat="49.208050" lon="20.224938"><ele>1576.4</ele></trkpt>
      <trkpt lat="49.208034" lon="20.224915"><ele>1576.4</ele></trkpt>
      <trkpt lat="49.208019" lon="20.224891"><ele>1576.4</ele></trkpt>
      <trkpt lat="49.208004" lon="20.224868"><ele>1575.6</ele></trkpt>
      <trkpt lat="49.207989" lon="20.224844"><ele>1575.2</ele></trkpt>
      <trkpt lat="49.207974" lon="20.224821"><ele>1575.0</ele></trkpt>
      <trkpt lat="49.207959" lon="20.224797"><ele>1574.8</ele></trkpt>
      <trkpt lat="49.207944" lon="20.224774"><ele>1575.2</ele></trkpt>
      <trkpt lat="49.207928" lon="20.224750"><ele>1574.8</ele></trkpt>
      <trkpt lat="49.207913" lon="20.224727"><ele>1574.8</ele></trkpt>
      <trkpt lat="49.207898" lon="20.224703"><ele>1575.2</ele></trkpt>
      <trkpt lat="49.207883" lon="20.224680"><ele>1574.8</ele></trkpt>
      <trkpt lat="49.207868" lon="20.224656"><ele>1574.4</ele></trkpt>
      <trkpt lat="49.207853" lon="20.224633"><ele>1574.0</ele></trkpt>
      <trkpt lat="49.207838" lon="20.224609"><ele>1574.0</ele></trkpt>
      <trkpt lat="49.207823" lon="20.224586"><ele>1573.8</ele></trkpt>
      <trkpt lat="49.207807" lon="20.224563"><ele>1573.8</ele></trkpt>
      <trkpt lat="49.207792" lon="20.224539"><ele>1573.6</ele></trkpt>
      <trkpt lat="49.207777" lon="20.224516"><ele>1573.4</ele></trkpt>
      <trkpt lat="49.207762" lon="20.224492"><ele>1573.4</ele></trkpt>
      <trkpt lat="49.207747" lon="20.224469"><ele>1573.4</ele></trkpt>
      <trkpt lat="49.207732" lon="20.224445"><ele>1573.4</ele></trkpt>
      <trkpt lat="49.207717" lon="20.224422"><ele>1573.2</ele></trkpt>
      <trkpt lat="49.207706" lon="20.224400"><ele>1573.2</ele></trkpt>
      <trkpt lat="49.207699" lon="20.224380"><ele>1573.2</ele></trkpt>
      <trkpt lat="49.207692" lon="20.224360"><ele>1573.0</ele></trkpt>
      <trkpt lat="49.207685" lon="20.224341"><ele>1572.8</ele></trkpt>
      <trkpt lat="49.207678" lon="20.224321"><ele>1572.2</ele></trkpt>
      <trkpt lat="49.207671" lon="20.224301"><ele>1571.8</ele></trkpt>
      <trkpt lat="49.207664" lon="20.224281"><ele>1571.8</ele></trkpt>
      <trkpt lat="49.207657" lon="20.224261"><ele>1571.8</ele></trkpt>
      <trkpt lat="49.207650" lon="20.224242"><ele>1571.8</ele></trkpt>
      <trkpt lat="49.207643" lon="20.224222"><ele>1571.6</ele></trkpt>
      <trkpt lat="49.207636" lon="20.224202"><ele>1571.4</ele></trkpt>
      <trkpt lat="49.207629" lon="20.224182"><ele>1571.6</ele></trkpt>
      <trkpt lat="49.207622" lon="20.224162"><ele>1571.6</ele></trkpt>
      <trkpt lat="49.207615" lon="20.224143"><ele>1571.8</ele></trkpt>
      <trkpt lat="49.207608" lon="20.224123"><ele>1572.0</ele></trkpt>
      <trkpt lat="49.207602" lon="20.224103"><ele>1572.0</ele></trkpt>
      <trkpt lat="49.207595" lon="20.224083"><ele>1572.2</ele></trkpt>
      <trkpt lat="49.207588" lon="20.224063"><ele>1572.8</ele></trkpt>
      <trkpt lat="49.207581" lon="20.224044"><ele>1573.2</ele></trkpt>
      <trkpt lat="49.207574" lon="20.224024"><ele>1573.6</ele></trkpt>
      <trkpt lat="49.207567" lon="20.224004"><ele>1573.8</ele></trkpt>
      <trkpt lat="49.207560" lon="20.223984"><ele>1574.2</ele></trkpt>
      <trkpt lat="49.207553" lon="20.223964"><ele>1574.2</ele></trkpt>
      <trkpt lat="49.207546" lon="20.223945"><ele>1574.4</ele></trkpt>
      <trkpt lat="49.207539" lon="20.223925"><ele>1574.8</ele></trkpt>
      <trkpt lat="49.207532" lon="20.223905"><ele>1575.4</ele></trkpt>
      <trkpt lat="49.207525" lon="20.223885"><ele>1576.0</ele></trkpt>
      <trkpt lat="49.207518" lon="20.223865"><ele>1575.8</ele></trkpt>
      <trkpt lat="49.207511" lon="20.223846"><ele>1576.0</ele></trkpt>
      <trkpt lat="49.207504" lon="20.223826"><ele>1576.2</ele></trkpt>
      <trkpt lat="49.207502" lon="20.223804"><ele>1576.6</ele></trkpt>
      <trkpt lat="49.207505" lon="20.223779"><ele>1577.2</ele></trkpt>
      <trkpt lat="49.207507" lon="20.223754"><ele>1577.6</ele></trkpt>
      <trkpt lat="49.207510" lon="20.223729"><ele>1578.0</ele></trkpt>
      <trkpt lat="49.207512" lon="20.223704"><ele>1578.2</ele></trkpt>
      <trkpt lat="49.207514" lon="20.223679"><ele>1578.6</ele></trkpt>
      <trkpt lat="49.207517" lon="20.223654"><ele>1579.0</ele></trkpt>
      <trkpt lat="49.207519" lon="20.223629"><ele>1579.2</ele></trkpt>
      <trkpt lat="49.207522" lon="20.223604"><ele>1579.4</ele></trkpt>
      <trkpt lat="49.207524" lon="20.223579"><ele>1579.6</ele></trkpt>
      <trkpt lat="49.207527" lon="20.223554"><ele>1579.8</ele></trkpt>
      <trkpt lat="49.207529" lon="20.223529"><ele>1579.8</ele></trkpt>
      <trkpt lat="49.207531" lon="20.223504"><ele>1580.0</ele></trkpt>
      <trkpt lat="49.207534" lon="20.223479"><ele>1579.8</ele></trkpt>
      <trkpt lat="49.207536" lon="20.223454"><ele>1580.0</ele></trkpt>
      <trkpt lat="49.207539" lon="20.223429"><ele>1580.2</ele></trkpt>
      <trkpt lat="49.207541" lon="20.223404"><ele>1580.2</ele></trkpt>
      <trkpt lat="49.207544" lon="20.223379"><ele>1580.4</ele></trkpt>
      <trkpt lat="49.207546" lon="20.223354"><ele>1580.4</ele></trkpt>
      <trkpt lat="49.207548" lon="20.223329"><ele>1580.4</ele></trkpt>
      <trkpt lat="49.207551" lon="20.223304"><ele>1580.4</ele></trkpt>
      <trkpt lat="49.207553" lon="20.223279"><ele>1580.4</ele></trkpt>
      <trkpt lat="49.207556" lon="20.223254"><ele>1580.6</ele></trkpt>
      <trkpt lat="49.207558" lon="20.223229"><ele>1580.6</ele></trkpt>
      <trkpt lat="49.207561" lon="20.223204"><ele>1580.6</ele></trkpt>
      <trkpt lat="49.207563" lon="20.223179"><ele>1580.4</ele></trkpt>
      <trkpt lat="49.207565" lon="20.223154"><ele>1580.4</ele></trkpt>
      <trkpt lat="49.207568" lon="20.223129"><ele>1580.6</ele></trkpt>
      <trkpt lat="49.207570" lon="20.223104"><ele>1580.8</ele></trkpt>
      <trkpt lat="49.207573" lon="20.223079"><ele>1581.2</ele></trkpt>
      <trkpt lat="49.207581" lon="20.223059"><ele>1581.4</ele></trkpt>
      <trkpt lat="49.207596" lon="20.223046"><ele>1581.8</ele></trkpt>
      <trkpt lat="49.207611" lon="20.223033"><ele>1581.8</ele></trkpt>
      <trkpt lat="49.207626" lon="20.223019"><ele>1582.2</ele></trkpt>
      <trkpt lat="49.207640" lon="20.223006"><ele>1582.8</ele></trkpt>
      <trkpt lat="49.207655" lon="20.222993"><ele>1582.8</ele></trkpt>
      <trkpt lat="49.207670" lon="20.222979"><ele>1582.8</ele></trkpt>
      <trkpt lat="49.207685" lon="20.222966"><ele>1582.4</ele></trkpt>
      <trkpt lat="49.207699" lon="20.222953"><ele>1582.6</ele></trkpt>
      <trkpt lat="49.207714" lon="20.222939"><ele>1582.8</ele></trkpt>
      <trkpt lat="49.207729" lon="20.222926"><ele>1582.4</ele></trkpt>
      <trkpt lat="49.207743" lon="20.222913"><ele>1581.6</ele></trkpt>
      <trkpt lat="49.207758" lon="20.222899"><ele>1580.8</ele></trkpt>
      <trkpt lat="49.207773" lon="20.222886"><ele>1580.2</ele></trkpt>
      <trkpt lat="49.207788" lon="20.222873"><ele>1579.4</ele></trkpt>
      <trkpt lat="49.207802" lon="20.222859"><ele>1579.0</ele></trkpt>
      <trkpt lat="49.207817" lon="20.222846"><ele>1578.4</ele></trkpt>
      <trkpt lat="49.207832" lon="20.222833"><ele>1578.2</ele></trkpt>
      <trkpt lat="49.207847" lon="20.222819"><ele>1578.2</ele></trkpt>
      <trkpt lat="49.207861" lon="20.222806"><ele>1578.2</ele></trkpt>
      <trkpt lat="49.207876" lon="20.222793"><ele>1578.4</ele></trkpt>
      <trkpt lat="49.207891" lon="20.222779"><ele>1578.2</ele></trkpt>
      <trkpt lat="49.207906" lon="20.222766"><ele>1578.0</ele></trkpt>
      <trkpt lat="49.207920" lon="20.222753"><ele>1577.8</ele></trkpt>
      <trkpt lat="49.207935" lon="20.222739"><ele>1577.4</ele></trkpt>
      <trkpt lat="49.207950" lon="20.222726"><ele>1577.2</ele></trkpt>
      <trkpt lat="49.207964" lon="20.222713"><ele>1577.2</ele></trkpt>
      <trkpt lat="49.207979" lon="20.222699"><ele>1577.0</ele></trkpt>
      <trkpt lat="49.207994" lon="20.222686"><ele>1577.0</ele></trkpt>
      <trkpt lat="49.208009" lon="20.222673"><ele>1577.0</ele></trkpt>
      <trkpt lat="49.208022" lon="20.222666"><ele>1576.8</ele></trkpt>
      <trkpt lat="49.208039" lon="20.222665"><ele>1576.2</ele></trkpt>
      <trkpt lat="49.208056" lon="20.222665"><ele>1576.0</ele></trkpt>
      <trkpt lat="49.208073" lon="20.222665"><ele>1575.2</ele></trkpt>
      <trkpt lat="49.208089" lon="20.222664"><ele>1574.2</ele></trkpt>
      <trkpt lat="49.208106" lon="20.222664"><ele>1573.6</ele></trkpt>
      <trkpt lat="49.208123" lon="20.222663"><ele>1572.8</ele></trkpt>
      <trkpt lat="49.208140" lon="20.222663"><ele>1572.6</ele></trkpt>
      <trkpt lat="49.208157" lon="20.222663"><ele>1571.4</ele></trkpt>
      <trkpt lat="49.208174" lon="20.222662"><ele>1571.4</ele></trkpt>
      <trkpt lat="49.208191" lon="20.222662"><ele>1571.6</ele></trkpt>
      <trkpt lat="49.208208" lon="20.222661"><ele>1572.0</ele></trkpt>
      <trkpt lat="49.208225" lon="20.222661"><ele>1572.4</ele></trkpt>
      <trkpt lat="49.208242" lon="20.222661"><ele>1572.8</ele></trkpt>
      <trkpt lat="49.208259" lon="20.222660"><ele>1572.4</ele></trkpt>
      <trkpt lat="49.208276" lon="20.222660"><ele>1572.4</ele></trkpt>
      <trkpt lat="49.208293" lon="20.222659"><ele>1572.0</ele></trkpt>
      <trkpt lat="49.208310" lon="20.222659"><ele>1571.6</ele></trkpt>
      <trkpt lat="49.208327" lon="20.222659"><ele>1570.8</ele></trkpt>
      <trkpt lat="49.208344" lon="20.222658"><ele>1570.0</ele></trkpt>
      <trkpt lat="49.208353" lon="20.222634"><ele>1569.6</ele></trkpt>
      <trkpt lat="49.208351" lon="20.222609"><ele>1569.2</ele></trkpt>
      <trkpt lat="49.208349" lon="20.222585"><ele>1568.8</ele></trkpt>
      <trkpt lat="49.208347" lon="20.222560"><ele>1568.6</ele></trkpt>
      <trkpt lat="49.208346" lon="20.222536"><ele>1568.6</ele></trkpt>
      <trkpt lat="49.208344" lon="20.222512"><ele>1569.0</ele></trkpt>
      <trkpt lat="49.208342" lon="20.222487"><ele>1569.4</ele></trkpt>
      <trkpt lat="49.208340" lon="20.222463"><ele>1570.4</ele></trkpt>
      <trkpt lat="49.208338" lon="20.222438"><ele>1570.2</ele></trkpt>
      <trkpt lat="49.208336" lon="20.222414"><ele>1569.4</ele></trkpt>
      <trkpt lat="49.208334" lon="20.222390"><ele>1568.8</ele></trkpt>
      <trkpt lat="49.208332" lon="20.222365"><ele>1567.8</ele></trkpt>
      <trkpt lat="49.208330" lon="20.222341"><ele>1567.4</ele></trkpt>
      <trkpt lat="49.208328" lon="20.222316"><ele>1567.2</ele></trkpt>
      <trkpt lat="49.208327" lon="20.222292"><ele>1567.2</ele></trkpt>
      <trkpt lat="49.208325" lon="20.222268"><ele>1567.0</ele></trkpt>
      <trkpt lat="49.208323" lon="20.222243"><ele>1567.0</ele></trkpt>
      <trkpt lat="49.208321" lon="20.222219"><ele>1566.6</ele></trkpt>
      <trkpt lat="49.208319" lon="20.222194"><ele>1566.4</ele></trkpt>
      <trkpt lat="49.208317" lon="20.222170"><ele>1566.0</ele></trkpt>
      <trkpt lat="49.208315" lon="20.222146"><ele>1566.4</ele></trkpt>
      <trkpt lat="49.208313" lon="20.222121"><ele>1566.0</ele></trkpt>
      <trkpt lat="49.208311" lon="20.222097"><ele>1565.2</ele></trkpt>
      <trkpt lat="49.208309" lon="20.222072"><ele>1564.4</ele></trkpt>
      <trkpt lat="49.208308" lon="20.222048"><ele>1564.0</ele></trkpt>
      <trkpt lat="49.208306" lon="20.222024"><ele>1563.6</ele></trkpt>
      <trkpt lat="49.208304" lon="20.221999"><ele>1563.2</ele></trkpt>
      <trkpt lat="49.208302" lon="20.221975"><ele>1562.8</ele></trkpt>
      <trkpt lat="49.208300" lon="20.221950"><ele>1562.6</ele></trkpt>
      <trkpt lat="49.208298" lon="20.221926"><ele>1562.6</ele></trkpt>
      <trkpt lat="49.208312" lon="20.221907"><ele>1562.2</ele></trkpt>
      <trkpt lat="49.208327" lon="20.221888"><ele>1561.6</ele></trkpt>
      <trkpt lat="49.208341" lon="20.221869"><ele>1561.2</ele></trkpt>
      <trkpt lat="49.208356" lon="20.221850"><ele>1560.8</ele></trkpt>
      <trkpt lat="49.208370" lon="20.221831"><ele>1560.4</ele></trkpt>
      <trkpt lat="49.208384" lon="20.221812"><ele>1560.0</ele></trkpt>
      <trkpt lat="49.208399" lon="20.221793"><ele>1559.8</ele></trkpt>
      <trkpt lat="49.208413" lon="20.221773"><ele>1559.8</ele></trkpt>
      <trkpt lat="49.208428" lon="20.221754"><ele>1559.4</ele></trkpt>
      <trkpt lat="49.208442" lon="20.221735"><ele>1559.2</ele></trkpt>
      <trkpt lat="49.208456" lon="20.221716"><ele>1559.0</ele></trkpt>
      <trkpt lat="49.208471" lon="20.221697"><ele>1558.6</ele></trkpt>
      <trkpt lat="49.208485" lon="20.221678"><ele>1558.4</ele></trkpt>
      <trkpt lat="49.208500" lon="20.221659"><ele>1558.0</ele></trkpt>
      <trkpt lat="49.208514" lon="20.221640"><ele>1557.8</ele></trkpt>
      <trkpt lat="49.208528" lon="20.221621"><ele>1557.6</ele></trkpt>
      <trkpt lat="49.208543" lon="20.221602"><ele>1557.4</ele></trkpt>
      <trkpt lat="49.208557" lon="20.221583"><ele>1557.2</ele></trkpt>
      <trkpt lat="49.208572" lon="20.221564"><ele>1557.0</ele></trkpt>
      <trkpt lat="49.208586" lon="20.221545"><ele>1557.0</ele></trkpt>
      <trkpt lat="49.208600" lon="20.221526"><ele>1557.0</ele></trkpt>
      <trkpt lat="49.208615" lon="20.221507"><ele>1556.6</ele></trkpt>
      <trkpt lat="49.208629" lon="20.221487"><ele>1556.2</ele></trkpt>
      <trkpt lat="49.208644" lon="20.221468"><ele>1556.0</ele></trkpt>
      <trkpt lat="49.208658" lon="20.221449"><ele>1555.8</ele></trkpt>
      <trkpt lat="49.208672" lon="20.221430"><ele>1555.4</ele></trkpt>
      <trkpt lat="49.208687" lon="20.221411"><ele>1555.2</ele></trkpt>
      <trkpt lat="49.208701" lon="20.221392"><ele>1554.8</ele></trkpt>
      <trkpt lat="49.208716" lon="20.221373"><ele>1554.4</ele></trkpt>
      <trkpt lat="49.208730" lon="20.221354"><ele>1554.2</ele></trkpt>
      <trkpt lat="49.208742" lon="20.221366"><ele>1554.0</ele></trkpt>
      <trkpt lat="49.208755" lon="20.221379"><ele>1553.8</ele></trkpt>
      <trkpt lat="49.208767" lon="20.221391"><ele>1553.6</ele></trkpt>
      <trkpt lat="49.208779" lon="20.221404"><ele>1553.6</ele></trkpt>
      <trkpt lat="49.208792" lon="20.221416"><ele>1553.4</ele></trkpt>
      <trkpt lat="49.208804" lon="20.221429"><ele>1553.2</ele></trkpt>
      <trkpt lat="49.208816" lon="20.221441"><ele>1552.6</ele></trkpt>
      <trkpt lat="49.208828" lon="20.221454"><ele>1552.2</ele></trkpt>
      <trkpt lat="49.208841" lon="20.221466"><ele>1551.8</ele></trkpt>
      <trkpt lat="49.208853" lon="20.221478"><ele>1551.6</ele></trkpt>
      <trkpt lat="49.208865" lon="20.221491"><ele>1551.6</ele></trkpt>
      <trkpt lat="49.208878" lon="20.221503"><ele>1551.8</ele></trkpt>
      <trkpt lat="49.208890" lon="20.221516"><ele>1552.0</ele></trkpt>
      <trkpt lat="49.208902" lon="20.221528"><ele>1552.8</ele></trkpt>
      <trkpt lat="49.208915" lon="20.221541"><ele>1552.8</ele></trkpt>
      <trkpt lat="49.208927" lon="20.221553"><ele>1552.8</ele></trkpt>
      <trkpt lat="49.208939" lon="20.221566"><ele>1552.6</ele></trkpt>
      <trkpt lat="49.208951" lon="20.221578"><ele>1552.4</ele></trkpt>
      <trkpt lat="49.208964" lon="20.221591"><ele>1552.4</ele></trkpt>
      <trkpt lat="49.208976" lon="20.221603"><ele>1552.4</ele></trkpt>
      <trkpt lat="49.208990" lon="20.221611"><ele>1552.2</ele></trkpt>
      <trkpt lat="49.209004" lon="20.221618"><ele>1552.2</ele></trkpt>
      <trkpt lat="49.209018" lon="20.221626"><ele>1552.2</ele></trkpt>
      <trkpt lat="49.209031" lon="20.221634"><ele>1552.2</ele></trkpt>
      <trkpt lat="49.209045" lon="20.221641"><ele>1552.2</ele></trkpt>
      <trkpt lat="49.209059" lon="20.221649"><ele>1552.0</ele></trkpt>
      <trkpt lat="49.209073" lon="20.221657"><ele>1551.8</ele></trkpt>
      <trkpt lat="49.209087" lon="20.221665"><ele>1551.6</ele></trkpt>
      <trkpt lat="49.209101" lon="20.221672"><ele>1551.6</ele></trkpt>
      <trkpt lat="49.209115" lon="20.221680"><ele>1551.4</ele></trkpt>
      <trkpt lat="49.209129" lon="20.221688"><ele>1551.0</ele></trkpt>
      <trkpt lat="49.209142" lon="20.221695"><ele>1550.6</ele></trkpt>
      <trkpt lat="49.209156" lon="20.221703"><ele>1550.6</ele></trkpt>
      <trkpt lat="49.209170" lon="20.221711"><ele>1550.4</ele></trkpt>
      <trkpt lat="49.209184" lon="20.221718"><ele>1550.2</ele></trkpt>
      <trkpt lat="49.209198" lon="20.221726"><ele>1550.0</ele></trkpt>
      <trkpt lat="49.209212" lon="20.221734"><ele>1549.8</ele></trkpt>
      <trkpt lat="49.209226" lon="20.221742"><ele>1549.6</ele></trkpt>
      <trkpt lat="49.209239" lon="20.221749"><ele>1549.2</ele></trkpt>
      <trkpt lat="49.209253" lon="20.221757"><ele>1549.2</ele></trkpt>
      <trkpt lat="49.209267" lon="20.221765"><ele>1549.0</ele></trkpt>
      <trkpt lat="49.209281" lon="20.221772"><ele>1548.8</ele></trkpt>
      <trkpt lat="49.209295" lon="20.221780"><ele>1548.4</ele></trkpt>
      <trkpt lat="49.209309" lon="20.221788"><ele>1548.2</ele></trkpt>
      <trkpt lat="49.209323" lon="20.221795"><ele>1547.8</ele></trkpt>
      <trkpt lat="49.209337" lon="20.221803"><ele>1547.4</ele></trkpt>
      <trkpt lat="49.209350" lon="20.221811"><ele>1547.2</ele></trkpt>
      <trkpt lat="49.209364" lon="20.221819"><ele>1547.2</ele></trkpt>
      <trkpt lat="49.209378" lon="20.221826"><ele>1547.0</ele></trkpt>
      <trkpt lat="49.209392" lon="20.221834"><ele>1546.8</ele></trkpt>
      <trkpt lat="49.209408" lon="20.221823"><ele>1546.6</ele></trkpt>
      <trkpt lat="49.209425" lon="20.221811"><ele>1546.4</ele></trkpt>
      <trkpt lat="49.209441" lon="20.221800"><ele>1546.6</ele></trkpt>
      <trkpt lat="49.209458" lon="20.221788"><ele>1546.4</ele></trkpt>
      <trkpt lat="49.209474" lon="20.221777"><ele>1545.8</ele></trkpt>
      <trkpt lat="49.209491" lon="20.221766"><ele>1546.0</ele></trkpt>
      <trkpt lat="49.209507" lon="20.221754"><ele>1544.6</ele></trkpt>
      <trkpt lat="49.209523" lon="20.221743"><ele>1545.4</ele></trkpt>
      <trkpt lat="49.209540" lon="20.221731"><ele>1545.0</ele></trkpt>
      <trkpt lat="49.209556" lon="20.221720"><ele>1545.0</ele></trkpt>
      <trkpt lat="49.209573" lon="20.221709"><ele>1543.0</ele></trkpt>
      <trkpt lat="49.209589" lon="20.221697"><ele>1540.8</ele></trkpt>
      <trkpt lat="49.209606" lon="20.221686"><ele>1539.8</ele></trkpt>
      <trkpt lat="49.209622" lon="20.221675"><ele>1539.8</ele></trkpt>
      <trkpt lat="49.209638" lon="20.221663"><ele>1539.8</ele></trkpt>
      <trkpt lat="49.209655" lon="20.221652"><ele>1540.4</ele></trkpt>
      <trkpt lat="49.209671" lon="20.221640"><ele>1540.8</ele></trkpt>
      <trkpt lat="49.209688" lon="20.221629"><ele>1540.8</ele></trkpt>
      <trkpt lat="49.209704" lon="20.221618"><ele>1540.8</ele></trkpt>
      <trkpt lat="49.209718" lon="20.221605"><ele>1540.8</ele></trkpt>
      <trkpt lat="49.209728" lon="20.221588"><ele>1540.6</ele></trkpt>
      <trkpt lat="49.209738" lon="20.221572"><ele>1540.6</ele></trkpt>
      <trkpt lat="49.209748" lon="20.221556"><ele>1540.6</ele></trkpt>
      <trkpt lat="49.209758" lon="20.221540"><ele>1540.6</ele></trkpt>
      <trkpt lat="49.209768" lon="20.221523"><ele>1540.8</ele></trkpt>
      <trkpt lat="49.209778" lon="20.221507"><ele>1540.6</ele></trkpt>
      <trkpt lat="49.209788" lon="20.221491"><ele>1540.4</ele></trkpt>
      <trkpt lat="49.209798" lon="20.221475"><ele>1540.8</ele></trkpt>
      <trkpt lat="49.209808" lon="20.221458"><ele>1541.0</ele></trkpt>
      <trkpt lat="49.209818" lon="20.221442"><ele>1541.2</ele></trkpt>
      <trkpt lat="49.209828" lon="20.221426"><ele>1541.4</ele></trkpt>
      <trkpt lat="49.209838" lon="20.221410"><ele>1541.4</ele></trkpt>
      <trkpt lat="49.209848" lon="20.221393"><ele>1541.8</ele></trkpt>
      <trkpt lat="49.209858" lon="20.221377"><ele>1541.6</ele></trkpt>
      <trkpt lat="49.209868" lon="20.221361"><ele>1541.6</ele></trkpt>
      <trkpt lat="49.209878" lon="20.221345"><ele>1542.0</ele></trkpt>
      <trkpt lat="49.209887" lon="20.221328"><ele>1542.6</ele></trkpt>
      <trkpt lat="49.209897" lon="20.221312"><ele>1543.8</ele></trkpt>
      <trkpt lat="49.209907" lon="20.221296"><ele>1545.0</ele></trkpt>
      <trkpt lat="49.209919" lon="20.221284"><ele>1547.0</ele></trkpt>
      <trkpt lat="49.209933" lon="20.221282"><ele>1546.8</ele></trkpt>
      <trkpt lat="49.209947" lon="20.221280"><ele>1546.8</ele></trkpt>
      <trkpt lat="49.209961" lon="20.221279"><ele>1548.8</ele></trkpt>
      <trkpt lat="49.209975" lon="20.221277"><ele>1548.8</ele></trkpt>
      <trkpt lat="49.209989" lon="20.221275"><ele>1550.0</ele></trkpt>
      <trkpt lat="49.210003" lon="20.221273"><ele>1549.4</ele></trkpt>
      <trkpt lat="49.210017" lon="20.221271"><ele>1552.6</ele></trkpt>
      <trkpt lat="49.210031" lon="20.221269"><ele>1551.0</ele></trkpt>
      <trkpt lat="49.210045" lon="20.221267"><ele>1550.8</ele></trkpt>
      <trkpt lat="49.210059" lon="20.221265"><ele>1552.8</ele></trkpt>
      <trkpt lat="49.210073" lon="20.221263"><ele>1552.0</ele></trkpt>
      <trkpt lat="49.210087" lon="20.221261"><ele>1551.0</ele></trkpt>
      <trkpt lat="49.210101" lon="20.221259"><ele>1551.0</ele></trkpt>
      <trkpt lat="49.210115" lon="20.221257"><ele>1550.8</ele></trkpt>
      <trkpt lat="49.210129" lon="20.221255"><ele>1550.2</ele></trkpt>
      <trkpt lat="49.210143" lon="20.221253"><ele>1550.2</ele></trkpt>
      <trkpt lat="49.210157" lon="20.221251"><ele>1550.6</ele></trkpt>
      <trkpt lat="49.210171" lon="20.221250"><ele>1550.4</ele></trkpt>
      <trkpt lat="49.210185" lon="20.221249"><ele>1552.4</ele></trkpt>
      <trkpt lat="49.210200" lon="20.221255"><ele>1550.2</ele></trkpt>
      <trkpt lat="49.210216" lon="20.221262"><ele>1549.8</ele></trkpt>
      <trkpt lat="49.210231" lon="20.221268"><ele>1550.0</ele></trkpt>
      <trkpt lat="49.210246" lon="20.221274"><ele>1549.6</ele></trkpt>
      <trkpt lat="49.210261" lon="20.221280"><ele>1550.2</ele></trkpt>
      <trkpt lat="49.210277" lon="20.221287"><ele>1549.6</ele></trkpt>
      <trkpt lat="49.210292" lon="20.221293"><ele>1550.0</ele></trkpt>
      <trkpt lat="49.210307" lon="20.221299"><ele>1549.8</ele></trkpt>
      <trkpt lat="49.210322" lon="20.221305"><ele>1549.6</ele></trkpt>
      <trkpt lat="49.210338" lon="20.221312"><ele>1549.0</ele></trkpt>
      <trkpt lat="49.210353" lon="20.221318"><ele>1550.0</ele></trkpt>
      <trkpt lat="49.210367" lon="20.221321"><ele>1550.6</ele></trkpt>
      <trkpt lat="49.210376" lon="20.221305"><ele>1550.6</ele></trkpt>
      <trkpt lat="49.210386" lon="20.221289"><ele>1551.0</ele></trkpt>
      <trkpt lat="49.210396" lon="20.221274"><ele>1550.8</ele></trkpt>
      <trkpt lat="49.210406" lon="20.221258"><ele>1549.6</ele></trkpt>
      <trkpt lat="49.210394" lon="20.221248"><ele>1549.0</ele></trkpt>
      <trkpt lat="49.210379" lon="20.221246"><ele>1549.4</ele></trkpt>
      <trkpt lat="49.210365" lon="20.221243"><ele>1550.6</ele></trkpt>
      <trkpt lat="49.210350" lon="20.221241"><ele>1551.4</ele></trkpt>
      <trkpt lat="49.210335" lon="20.221238"><ele>1551.4</ele></trkpt>
      <trkpt lat="49.210321" lon="20.221235"><ele>1551.6</ele></trkpt>
      <trkpt lat="49.210306" lon="20.221233"><ele>1550.8</ele></trkpt>
      <trkpt lat="49.210292" lon="20.221230"><ele>1550.0</ele></trkpt>
      <trkpt lat="49.210277" lon="20.221228"><ele>1548.6</ele></trkpt>
      <trkpt lat="49.210262" lon="20.221225"><ele>1549.0</ele></trkpt>
      <trkpt lat="49.210248" lon="20.221223"><ele>1548.2</ele></trkpt>
      <trkpt lat="49.210233" lon="20.221220"><ele>1548.2</ele></trkpt>
      <trkpt lat="49.210219" lon="20.221218"><ele>1548.2</ele></trkpt>
      <trkpt lat="49.210205" lon="20.221215"><ele>1548.4</ele></trkpt>
      <trkpt lat="49.210191" lon="20.221213"><ele>1548.4</ele></trkpt>
      <trkpt lat="49.210176" lon="20.221210"><ele>1549.6</ele></trkpt>
      <trkpt lat="49.210162" lon="20.221208"><ele>1550.0</ele></trkpt>
      <trkpt lat="49.210148" lon="20.221205"><ele>1550.4</ele></trkpt>
      <trkpt lat="49.210143" lon="20.221226"><ele>1550.8</ele></trkpt>
      <trkpt lat="49.210139" lon="20.221246"><ele>1550.2</ele></trkpt>
      <trkpt lat="49.210135" lon="20.221267"><ele>1549.6</ele></trkpt>
      <trkpt lat="49.210131" lon="20.221288"><ele>1549.0</ele></trkpt>
      <trkpt lat="49.210127" lon="20.221309"><ele>1549.2</ele></trkpt>
      <trkpt lat="49.210121" lon="20.221290"><ele>1551.0</ele></trkpt>
      <trkpt lat="49.210119" lon="20.221269"><ele>1551.8</ele></trkpt>
      <trkpt lat="49.210116" lon="20.221248"><ele>1549.8</ele></trkpt>
      <trkpt lat="49.210113" lon="20.221227"><ele>1550.4</ele></trkpt>
      <trkpt lat="49.210110" lon="20.221206"><ele>1550.6</ele></trkpt>
      <trkpt lat="49.210107" lon="20.221185"><ele>1550.6</ele></trkpt>
      <trkpt lat="49.210094" lon="20.221191"><ele>1558.2</ele></trkpt>
      <trkpt lat="49.210083" lon="20.221205"><ele>1558.0</ele></trkpt>
      <trkpt lat="49.210072" lon="20.221218"><ele>1558.4</ele></trkpt>
      <trkpt lat="49.210061" lon="20.221231"><ele>1558.6</ele></trkpt>
      <trkpt lat="49.210050" lon="20.221245"><ele>1558.6</ele></trkpt>
      <trkpt lat="49.210039" lon="20.221259"><ele>1557.6</ele></trkpt>
      <trkpt lat="49.210028" lon="20.221272"><ele>1557.4</ele></trkpt>
      <trkpt lat="49.210017" lon="20.221285"><ele>1557.6</ele></trkpt>
      <trkpt lat="49.210006" lon="20.221299"><ele>1557.8</ele></trkpt>
      <trkpt lat="49.209995" lon="20.221313"><ele>1558.2</ele></trkpt>
      <trkpt lat="49.209984" lon="20.221327"><ele>1558.0</ele></trkpt>
      <trkpt lat="49.209972" lon="20.221341"><ele>1557.4</ele></trkpt>
      <trkpt lat="49.209961" lon="20.221355"><ele>1557.2</ele></trkpt>
      <trkpt lat="49.209950" lon="20.221368"><ele>1557.0</ele></trkpt>
      <trkpt lat="49.209939" lon="20.221382"><ele>1557.8</ele></trkpt>
      <trkpt lat="49.209928" lon="20.221395"><ele>1558.0</ele></trkpt>
      <trkpt lat="49.209917" lon="20.221409"><ele>1558.0</ele></trkpt>
      <trkpt lat="49.209906" lon="20.221423"><ele>1558.2</ele></trkpt>
      <trkpt lat="49.209895" lon="20.221436"><ele>1558.4</ele></trkpt>
      <trkpt lat="49.209884" lon="20.221450"><ele>1558.4</ele></trkpt>
      <trkpt lat="49.209873" lon="20.221463"><ele>1558.2</ele></trkpt>
      <trkpt lat="49.209862" lon="20.221477"><ele>1558.0</ele></trkpt>
      <trkpt lat="49.209851" lon="20.221490"><ele>1557.0</ele></trkpt>
      <trkpt lat="49.209840" lon="20.221504"><ele>1557.0</ele></trkpt>
      <trkpt lat="49.209829" lon="20.221517"><ele>1556.8</ele></trkpt>
      <trkpt lat="49.209818" lon="20.221531"><ele>1557.0</ele></trkpt>
      <trkpt lat="49.209807" lon="20.221544"><ele>1555.6</ele></trkpt>
      <trkpt lat="49.209796" lon="20.221558"><ele>1554.0</ele></trkpt>
      <trkpt lat="49.209785" lon="20.221572"><ele>1552.0</ele></trkpt>
      <trkpt lat="49.209774" lon="20.221585"><ele>1551.0</ele></trkpt>
      <trkpt lat="49.209763" lon="20.221599"><ele>1549.0</ele></trkpt>
      <trkpt lat="49.209752" lon="20.221612"><ele>1548.4</ele></trkpt>
      <trkpt lat="49.209741" lon="20.221626"><ele>1547.8</ele></trkpt>
      <trkpt lat="49.209730" lon="20.221639"><ele>1548.0</ele></trkpt>
      <trkpt lat="49.209719" lon="20.221653"><ele>1548.0</ele></trkpt>
      <trkpt lat="49.209708" lon="20.221666"><ele>1548.2</ele></trkpt>
      <trkpt lat="49.209701" lon="20.221648"><ele>1548.4</ele></trkpt>
      <trkpt lat="49.209697" lon="20.221628"><ele>1548.6</ele></trkpt>
      <trkpt lat="49.209692" lon="20.221607"><ele>1548.4</ele></trkpt>
      <trkpt lat="49.209688" lon="20.221586"><ele>1548.0</ele></trkpt>
      <trkpt lat="49.209683" lon="20.221566"><ele>1547.6</ele></trkpt>
      <trkpt lat="49.209679" lon="20.221545"><ele>1547.6</ele></trkpt>
      <trkpt lat="49.209674" lon="20.221524"><ele>1547.6</ele></trkpt>
      <trkpt lat="49.209669" lon="20.221504"><ele>1547.8</ele></trkpt>
      <trkpt lat="49.209665" lon="20.221483"><ele>1548.0</ele></trkpt>
      <trkpt lat="49.209660" lon="20.221462"><ele>1548.2</ele></trkpt>
      <trkpt lat="49.209656" lon="20.221442"><ele>1547.6</ele></trkpt>
      <trkpt lat="49.209651" lon="20.221421"><ele>1547.8</ele></trkpt>
      <trkpt lat="49.209634" lon="20.221414"><ele>1548.0</ele></trkpt>
      <trkpt lat="49.209621" lon="20.221408"><ele>1548.2</ele></trkpt>
      <trkpt lat="49.209603" lon="20.221401"><ele>1549.0</ele></trkpt>
      <trkpt lat="49.209586" lon="20.221394"><ele>1549.8</ele></trkpt>
      <trkpt lat="49.209569" lon="20.221387"><ele>1550.6</ele></trkpt>
      <trkpt lat="49.209555" lon="20.221382"><ele>1550.8</ele></trkpt>
      <trkpt lat="49.209542" lon="20.221376"><ele>1551.0</ele></trkpt>
      <trkpt lat="49.209525" lon="20.221369"><ele>1551.4</ele></trkpt>
      <trkpt lat="49.209508" lon="20.221362"><ele>1551.4</ele></trkpt>
      <trkpt lat="49.209495" lon="20.221356"><ele>1551.4</ele></trkpt>
      <trkpt lat="49.209477" lon="20.221349"><ele>1551.4</ele></trkpt>
      <trkpt lat="49.209460" lon="20.221342"><ele>1551.2</ele></trkpt>
      <trkpt lat="49.209443" lon="20.221335"><ele>1551.4</ele></trkpt>
      <trkpt lat="49.209425" lon="20.221328"><ele>1551.6</ele></trkpt>
      <trkpt lat="49.209412" lon="20.221322"><ele>1551.6</ele></trkpt>
      <trkpt lat="49.209395" lon="20.221315"><ele>1552.0</ele></trkpt>
      <trkpt lat="49.209377" lon="20.221308"><ele>1551.8</ele></trkpt>
      <trkpt lat="49.209360" lon="20.221301"><ele>1551.6</ele></trkpt>
      <trkpt lat="49.209343" lon="20.221294"><ele>1551.4</ele></trkpt>
      <trkpt lat="49.209330" lon="20.221288"><ele>1551.2</ele></trkpt>
      <trkpt lat="49.209312" lon="20.221281"><ele>1551.2</ele></trkpt>
      <trkpt lat="49.209295" lon="20.221274"><ele>1551.6</ele></trkpt>
      <trkpt lat="49.209278" lon="20.221267"><ele>1551.8</ele></trkpt>
      <trkpt lat="49.209260" lon="20.221260"><ele>1552.4</ele></trkpt>
      <trkpt lat="49.209247" lon="20.221254"><ele>1552.6</ele></trkpt>
      <trkpt lat="49.209230" lon="20.221247"><ele>1552.4</ele></trkpt>
      <trkpt lat="49.209212" lon="20.221240"><ele>1552.0</ele></trkpt>
      <trkpt lat="49.209195" lon="20.221233"><ele>1551.6</ele></trkpt>
      <trkpt lat="49.209182" lon="20.221227"><ele>1551.4</ele></trkpt>
      <trkpt lat="49.209165" lon="20.221220"><ele>1550.8</ele></trkpt>
      <trkpt lat="49.209147" lon="20.221213"><ele>1550.2</ele></trkpt>
      <trkpt lat="49.209130" lon="20.221206"><ele>1549.8</ele></trkpt>
      <trkpt lat="49.209137" lon="20.221186"><ele>1549.2</ele></trkpt>
      <trkpt lat="49.209144" lon="20.221166"><ele>1549.0</ele></trkpt>
      <trkpt lat="49.209151" lon="20.221147"><ele>1548.4</ele></trkpt>
      <trkpt lat="49.209158" lon="20.221127"><ele>1548.0</ele></trkpt>
      <trkpt lat="49.209165" lon="20.221107"><ele>1547.4</ele></trkpt>
      <trkpt lat="49.209172" lon="20.221087"><ele>1547.4</ele></trkpt>
      <trkpt lat="49.209179" lon="20.221068"><ele>1547.6</ele></trkpt>
      <trkpt lat="49.209186" lon="20.221048"><ele>1547.6</ele></trkpt>
      <trkpt lat="49.209194" lon="20.221028"><ele>1547.4</ele></trkpt>
      <trkpt lat="49.209201" lon="20.221008"><ele>1547.4</ele></trkpt>
      <trkpt lat="49.209208" lon="20.220988"><ele>1547.4</ele></trkpt>
      <trkpt lat="49.209215" lon="20.220969"><ele>1547.4</ele></trkpt>
      <trkpt lat="49.209222" lon="20.220949"><ele>1547.4</ele></trkpt>
      <trkpt lat="49.209229" lon="20.220929"><ele>1547.2</ele></trkpt>
      <trkpt lat="49.209236" lon="20.220909"><ele>1547.2</ele></trkpt>
      <trkpt lat="49.209243" lon="20.220890"><ele>1547.2</ele></trkpt>
      <trkpt lat="49.209250" lon="20.220870"><ele>1547.2</ele></trkpt>
      <trkpt lat="49.209237" lon="20.220880"><ele>1547.2</ele></trkpt>
      <trkpt lat="49.209225" lon="20.220891"><ele>1547.4</ele></trkpt>
      <trkpt lat="49.209213" lon="20.220901"><ele>1546.6</ele></trkpt>
      <trkpt lat="49.209201" lon="20.220912"><ele>1546.8</ele></trkpt>
      <trkpt lat="49.209189" lon="20.220923"><ele>1546.8</ele></trkpt>
      <trkpt lat="49.209206" lon="20.220907"><ele>1547.4</ele></trkpt>
      <trkpt lat="49.209193" lon="20.220921"><ele>1547.6</ele></trkpt>
      <trkpt lat="49.209181" lon="20.220934"><ele>1548.0</ele></trkpt>
      <trkpt lat="49.209169" lon="20.220946"><ele>1547.6</ele></trkpt>
      <trkpt lat="49.209156" lon="20.220960"><ele>1547.6</ele></trkpt>
      <trkpt lat="49.209144" lon="20.220973"><ele>1547.4</ele></trkpt>
      <trkpt lat="49.209132" lon="20.220985"><ele>1547.2</ele></trkpt>
      <trkpt lat="49.209119" lon="20.220999"><ele>1547.4</ele></trkpt>
      <trkpt lat="49.209107" lon="20.221012"><ele>1547.2</ele></trkpt>
      <trkpt lat="49.209095" lon="20.221024"><ele>1547.2</ele></trkpt>
      <trkpt lat="49.209084" lon="20.221037"><ele>1547.2</ele></trkpt>
      <trkpt lat="49.209072" lon="20.221049"><ele>1547.0</ele></trkpt>
      <trkpt lat="49.209059" lon="20.221062"><ele>1547.2</ele></trkpt>
      <trkpt lat="49.209071" lon="20.221078"><ele>1547.0</ele></trkpt>
      <trkpt lat="49.209086" lon="20.221085"><ele>1547.0</ele></trkpt>
      <trkpt lat="49.209101" lon="20.221093"><ele>1547.2</ele></trkpt>
      <trkpt lat="49.209116" lon="20.221100"><ele>1547.2</ele></trkpt>
      <trkpt lat="49.209131" lon="20.221108"><ele>1546.8</ele></trkpt>
      <trkpt lat="49.209146" lon="20.221115"><ele>1546.6</ele></trkpt>
      <trkpt lat="49.209161" lon="20.221123"><ele>1546.4</ele></trkpt>
      <trkpt lat="49.209176" lon="20.221130"><ele>1546.6</ele></trkpt>
      <trkpt lat="49.209191" lon="20.221138"><ele>1546.2</ele></trkpt>
      <trkpt lat="49.209204" lon="20.221149"><ele>1546.2</ele></trkpt>
      <trkpt lat="49.209209" lon="20.221170"><ele>1545.8</ele></trkpt>
      <trkpt lat="49.209214" lon="20.221192"><ele>1546.0</ele></trkpt>
      <trkpt lat="49.209218" lon="20.221213"><ele>1546.2</ele></trkpt>
      <trkpt lat="49.209223" lon="20.221234"><ele>1546.2</ele></trkpt>
      <trkpt lat="49.209228" lon="20.221255"><ele>1546.4</ele></trkpt>
      <trkpt lat="49.209233" lon="20.221276"><ele>1546.6</ele></trkpt>
      <trkpt lat="49.209237" lon="20.221298"><ele>1546.8</ele></trkpt>
      <trkpt lat="49.209242" lon="20.221319"><ele>1547.4</ele></trkpt>
      <trkpt lat="49.209247" lon="20.221340"><ele>1548.2</ele></trkpt>
      <trkpt lat="49.209252" lon="20.221361"><ele>1548.6</ele></trkpt>
      <trkpt lat="49.209256" lon="20.221382"><ele>1548.8</ele></trkpt>
      <trkpt lat="49.209261" lon="20.221404"><ele>1549.2</ele></trkpt>
      <trkpt lat="49.209266" lon="20.221425"><ele>1549.4</ele></trkpt>
      <trkpt lat="49.209270" lon="20.221446"><ele>1549.4</ele></trkpt>
      <trkpt lat="49.209282" lon="20.221461"><ele>1549.4</ele></trkpt>
      <trkpt lat="49.209299" lon="20.221459"><ele>1549.4</ele></trkpt>
      <trkpt lat="49.209315" lon="20.221457"><ele>1549.6</ele></trkpt>
      <trkpt lat="49.209332" lon="20.221455"><ele>1549.8</ele></trkpt>
      <trkpt lat="49.209348" lon="20.221453"><ele>1550.0</ele></trkpt>
      <trkpt lat="49.209365" lon="20.221452"><ele>1550.2</ele></trkpt>
      <trkpt lat="49.209381" lon="20.221450"><ele>1550.2</ele></trkpt>
      <trkpt lat="49.209398" lon="20.221448"><ele>1550.2</ele></trkpt>
      <trkpt lat="49.209415" lon="20.221446"><ele>1550.0</ele></trkpt>
      <trkpt lat="49.209431" lon="20.221444"><ele>1549.8</ele></trkpt>
      <trkpt lat="49.209448" lon="20.221442"><ele>1549.8</ele></trkpt>
      <trkpt lat="49.209464" lon="20.221440"><ele>1549.6</ele></trkpt>
      <trkpt lat="49.209481" lon="20.221438"><ele>1549.4</ele></trkpt>
      <trkpt lat="49.209497" lon="20.221436"><ele>1549.4</ele></trkpt>
      <trkpt lat="49.209514" lon="20.221434"><ele>1549.0</ele></trkpt>
      <trkpt lat="49.209530" lon="20.221433"><ele>1548.6</ele></trkpt>
      <trkpt lat="49.209547" lon="20.221431"><ele>1548.4</ele></trkpt>
      <trkpt lat="49.209563" lon="20.221429"><ele>1548.2</ele></trkpt>
      <trkpt lat="49.209580" lon="20.221427"><ele>1548.0</ele></trkpt>
      <trkpt lat="49.209596" lon="20.221425"><ele>1547.6</ele></trkpt>
      <trkpt lat="49.209613" lon="20.221423"><ele>1547.2</ele></trkpt>
      <trkpt lat="49.209629" lon="20.221421"><ele>1546.8</ele></trkpt>
      <trkpt lat="49.209646" lon="20.221419"><ele>1546.6</ele></trkpt>
      <trkpt lat="49.209663" lon="20.221417"><ele>1546.6</ele></trkpt>
      <trkpt lat="49.209679" lon="20.221415"><ele>1546.4</ele></trkpt>
      <trkpt lat="49.209696" lon="20.221414"><ele>1546.2</ele></trkpt>
      <trkpt lat="49.209712" lon="20.221412"><ele>1546.0</ele></trkpt>
      <trkpt lat="49.209729" lon="20.221410"><ele>1546.0</ele></trkpt>
      <trkpt lat="49.209745" lon="20.221408"><ele>1546.0</ele></trkpt>
      <trkpt lat="49.209762" lon="20.221406"><ele>1546.2</ele></trkpt>
      <trkpt lat="49.209777" lon="20.221405"><ele>1546.4</ele></trkpt>
      <trkpt lat="49.209792" lon="20.221406"><ele>1546.8</ele></trkpt>
      <trkpt lat="49.209806" lon="20.221407"><ele>1547.0</ele></trkpt>
      <trkpt lat="49.209821" lon="20.221408"><ele>1546.8</ele></trkpt>
      <trkpt lat="49.209835" lon="20.221409"><ele>1546.6</ele></trkpt>
      <trkpt lat="49.209850" lon="20.221410"><ele>1546.2</ele></trkpt>
      <trkpt lat="49.209864" lon="20.221411"><ele>1546.4</ele></trkpt>
      <trkpt lat="49.209879" lon="20.221412"><ele>1546.2</ele></trkpt>
      <trkpt lat="49.209893" lon="20.221413"><ele>1546.0</ele></trkpt>
      <trkpt lat="49.209907" lon="20.221411"><ele>1545.8</ele></trkpt>
      <trkpt lat="49.209920" lon="20.221399"><ele>1545.4</ele></trkpt>
      <trkpt lat="49.209933" lon="20.221388"><ele>1545.8</ele></trkpt>
      <trkpt lat="49.209946" lon="20.221376"><ele>1546.0</ele></trkpt>
      <trkpt lat="49.209958" lon="20.221364"><ele>1546.2</ele></trkpt>
      <trkpt lat="49.209971" lon="20.221352"><ele>1546.6</ele></trkpt>
      <trkpt lat="49.209984" lon="20.221341"><ele>1547.2</ele></trkpt>
      <trkpt lat="49.209997" lon="20.221329"><ele>1548.0</ele></trkpt>
      <trkpt lat="49.210010" lon="20.221317"><ele>1548.8</ele></trkpt>
      <trkpt lat="49.210022" lon="20.221305"><ele>1549.6</ele></trkpt>
      <trkpt lat="49.210035" lon="20.221294"><ele>1550.4</ele></trkpt>
      <trkpt lat="49.210048" lon="20.221282"><ele>1551.4</ele></trkpt>
      <trkpt lat="49.210061" lon="20.221270"><ele>1552.2</ele></trkpt>
      <trkpt lat="49.210074" lon="20.221259"><ele>1552.6</ele></trkpt>
      <trkpt lat="49.210086" lon="20.221247"><ele>1553.0</ele></trkpt>
      <trkpt lat="49.210100" lon="20.221250"><ele>1552.8</ele></trkpt>
      <trkpt lat="49.210105" lon="20.221270"><ele>1552.4</ele></trkpt>
      <trkpt lat="49.210111" lon="20.221289"><ele>1552.4</ele></trkpt>
      <trkpt lat="49.210117" lon="20.221309"><ele>1552.0</ele></trkpt>
      <trkpt lat="49.210123" lon="20.221329"><ele>1552.6</ele></trkpt>
      <trkpt lat="49.210129" lon="20.221349"><ele>1552.8</ele></trkpt>
      <trkpt lat="49.210135" lon="20.221368"><ele>1552.6</ele></trkpt>
      <trkpt lat="49.210140" lon="20.221388"><ele>1552.4</ele></trkpt>
      <trkpt lat="49.210146" lon="20.221408"><ele>1552.0</ele></trkpt>
      <trkpt lat="49.210152" lon="20.221428"><ele>1551.6</ele></trkpt>
      <trkpt lat="49.210158" lon="20.221447"><ele>1551.8</ele></trkpt>
      <trkpt lat="49.210164" lon="20.221467"><ele>1551.6</ele></trkpt>
      <trkpt lat="49.210162" lon="20.221488"><ele>1551.2</ele></trkpt>
      <trkpt lat="49.210156" lon="20.221510"><ele>1551.6</ele></trkpt>
      <trkpt lat="49.210149" lon="20.221532"><ele>1552.0</ele></trkpt>
      <trkpt lat="49.210143" lon="20.221553"><ele>1552.0</ele></trkpt>
      <trkpt lat="49.210137" lon="20.221572"><ele>1552.0</ele></trkpt>
      <trkpt lat="49.210131" lon="20.221594"><ele>1552.0</ele></trkpt>
      <trkpt lat="49.210125" lon="20.221613"><ele>1552.2</ele></trkpt>
      <trkpt lat="49.210119" lon="20.221635"><ele>1552.2</ele></trkpt>
      <trkpt lat="49.210113" lon="20.221654"><ele>1552.4</ele></trkpt>
      <trkpt lat="49.210107" lon="20.221676"><ele>1552.4</ele></trkpt>
      <trkpt lat="49.210101" lon="20.221695"><ele>1552.0</ele></trkpt>
      <trkpt lat="49.210095" lon="20.221717"><ele>1552.0</ele></trkpt>
      <trkpt lat="49.210089" lon="20.221736"><ele>1552.0</ele></trkpt>
      <trkpt lat="49.210083" lon="20.221758"><ele>1551.8</ele></trkpt>
      <trkpt lat="49.210076" lon="20.221780"><ele>1550.4</ele></trkpt>
      <trkpt lat="49.210070" lon="20.221802"><ele>1549.2</ele></trkpt>
      <trkpt lat="49.210063" lon="20.221824"><ele>1547.8</ele></trkpt>
      <trkpt lat="49.210057" lon="20.221845"><ele>1546.6</ele></trkpt>
      <trkpt lat="49.210051" lon="20.221864"><ele>1545.6</ele></trkpt>
      <trkpt lat="49.210045" lon="20.221883"><ele>1545.2</ele></trkpt>
      <trkpt lat="49.210039" lon="20.221905"><ele>1544.6</ele></trkpt>
      <trkpt lat="49.210033" lon="20.221924"><ele>1544.8</ele></trkpt>
      <trkpt lat="49.210027" lon="20.221946"><ele>1544.6</ele></trkpt>
      <trkpt lat="49.210021" lon="20.221965"><ele>1544.8</ele></trkpt>
      <trkpt lat="49.210015" lon="20.221987"><ele>1545.2</ele></trkpt>
      <trkpt lat="49.210009" lon="20.222006"><ele>1545.4</ele></trkpt>
      <trkpt lat="49.210003" lon="20.222028"><ele>1546.0</ele></trkpt>
      <trkpt lat="49.210004" lon="20.222053"><ele>1546.6</ele></trkpt>
      <trkpt lat="49.210013" lon="20.222084"><ele>1546.8</ele></trkpt>
      <trkpt lat="49.210022" lon="20.222116"><ele>1547.2</ele></trkpt>
      <trkpt lat="49.210030" lon="20.222147"><ele>1547.2</ele></trkpt>
      <trkpt lat="49.210039" lon="20.222179"><ele>1547.8</ele></trkpt>
      <trkpt lat="49.210047" lon="20.222211"><ele>1548.4</ele></trkpt>
      <trkpt lat="49.210056" lon="20.222242"><ele>1548.8</ele></trkpt>
      <trkpt lat="49.210065" lon="20.222274"><ele>1549.0</ele></trkpt>
      <trkpt lat="49.210073" lon="20.222305"><ele>1549.2</ele></trkpt>
      <trkpt lat="49.210082" lon="20.222337"><ele>1549.4</ele></trkpt>
      <trkpt lat="49.210091" lon="20.222368"><ele>1549.6</ele></trkpt>
      <trkpt lat="49.210099" lon="20.222400"><ele>1550.0</ele></trkpt>
      <trkpt lat="49.210108" lon="20.222432"><ele>1550.0</ele></trkpt>
      <trkpt lat="49.210117" lon="20.222463"><ele>1550.0</ele></trkpt>
      <trkpt lat="49.210125" lon="20.222495"><ele>1549.6</ele></trkpt>
      <trkpt lat="49.210134" lon="20.222526"><ele>1549.8</ele></trkpt>
      <trkpt lat="49.210142" lon="20.222558"><ele>1550.0</ele></trkpt>
      <trkpt lat="49.210151" lon="20.222589"><ele>1549.8</ele></trkpt>
      <trkpt lat="49.210160" lon="20.222621"><ele>1549.8</ele></trkpt>
      <trkpt lat="49.210168" lon="20.222653"><ele>1549.6</ele></trkpt>
      <trkpt lat="49.210177" lon="20.222684"><ele>1549.6</ele></trkpt>
      <trkpt lat="49.210186" lon="20.222716"><ele>1549.8</ele></trkpt>
      <trkpt lat="49.210194" lon="20.222747"><ele>1549.8</ele></trkpt>
      <trkpt lat="49.210203" lon="20.222779"><ele>1549.4</ele></trkpt>
      <trkpt lat="49.210212" lon="20.222810"><ele>1549.0</ele></trkpt>
      <trkpt lat="49.210220" lon="20.222842"><ele>1548.6</ele></trkpt>
      <trkpt lat="49.210229" lon="20.222874"><ele>1548.4</ele></trkpt>
      <trkpt lat="49.210237" lon="20.222905"><ele>1548.0</ele></trkpt>
      <trkpt lat="49.210246" lon="20.222937"><ele>1547.6</ele></trkpt>
      <trkpt lat="49.210255" lon="20.222968"><ele>1547.4</ele></trkpt>
      <trkpt lat="49.210261" lon="20.223001"><ele>1547.2</ele></trkpt>
      <trkpt lat="49.210265" lon="20.223036"><ele>1547.0</ele></trkpt>
      <trkpt lat="49.210269" lon="20.223071"><ele>1546.8</ele></trkpt>
      <trkpt lat="49.210273" lon="20.223106"><ele>1546.6</ele></trkpt>
      <trkpt lat="49.210277" lon="20.223141"><ele>1546.6</ele></trkpt>
      <trkpt lat="49.210281" lon="20.223176"><ele>1546.4</ele></trkpt>
      <trkpt lat="49.210285" lon="20.223211"><ele>1546.2</ele></trkpt>
      <trkpt lat="49.210290" lon="20.223246"><ele>1546.0</ele></trkpt>
      <trkpt lat="49.210294" lon="20.223281"><ele>1546.0</ele></trkpt>
      <trkpt lat="49.210298" lon="20.223316"><ele>1545.8</ele></trkpt>
      <trkpt lat="49.210302" lon="20.223351"><ele>1545.8</ele></trkpt>
      <trkpt lat="49.210306" lon="20.223386"><ele>1545.6</ele></trkpt>
      <trkpt lat="49.210310" lon="20.223421"><ele>1545.4</ele></trkpt>
      <trkpt lat="49.210314" lon="20.223456"><ele>1545.4</ele></trkpt>
      <trkpt lat="49.210318" lon="20.223491"><ele>1545.4</ele></trkpt>
      <trkpt lat="49.210322" lon="20.223525"><ele>1545.2</ele></trkpt>
      <trkpt lat="49.210326" lon="20.223560"><ele>1545.0</ele></trkpt>
      <trkpt lat="49.210330" lon="20.223595"><ele>1545.0</ele></trkpt>
      <trkpt lat="49.210334" lon="20.223630"><ele>1544.8</ele></trkpt>
      <trkpt lat="49.210338" lon="20.223665"><ele>1544.6</ele></trkpt>
      <trkpt lat="49.210342" lon="20.223700"><ele>1544.6</ele></trkpt>
      <trkpt lat="49.210346" lon="20.223735"><ele>1544.2</ele></trkpt>
      <trkpt lat="49.210351" lon="20.223770"><ele>1543.8</ele></trkpt>
      <trkpt lat="49.210355" lon="20.223805"><ele>1543.6</ele></trkpt>
      <trkpt lat="49.210359" lon="20.223840"><ele>1543.4</ele></trkpt>
      <trkpt lat="49.210363" lon="20.223875"><ele>1543.0</ele></trkpt>
      <trkpt lat="49.210367" lon="20.223910"><ele>1542.8</ele></trkpt>
      <trkpt lat="49.210371" lon="20.223945"><ele>1542.6</ele></trkpt>
      <trkpt lat="49.210375" lon="20.223980"><ele>1542.4</ele></trkpt>
      <trkpt lat="49.210379" lon="20.224015"><ele>1542.0</ele></trkpt>
      <trkpt lat="49.210384" lon="20.224049"><ele>1542.0</ele></trkpt>
      <trkpt lat="49.210390" lon="20.224083"><ele>1541.6</ele></trkpt>
      <trkpt lat="49.210396" lon="20.224117"><ele>1541.4</ele></trkpt>
      <trkpt lat="49.210402" lon="20.224151"><ele>1541.2</ele></trkpt>
      <trkpt lat="49.210407" lon="20.224184"><ele>1541.0</ele></trkpt>
      <trkpt lat="49.210413" lon="20.224218"><ele>1540.6</ele></trkpt>
      <trkpt lat="49.210419" lon="20.224252"><ele>1540.2</ele></trkpt>
      <trkpt lat="49.210425" lon="20.224286"><ele>1540.0</ele></trkpt>
      <trkpt lat="49.210431" lon="20.224320"><ele>1539.8</ele></trkpt>
      <trkpt lat="49.210437" lon="20.224354"><ele>1539.6</ele></trkpt>
      <trkpt lat="49.210443" lon="20.224388"><ele>1539.6</ele></trkpt>
      <trkpt lat="49.210448" lon="20.224421"><ele>1539.2</ele></trkpt>
      <trkpt lat="49.210454" lon="20.224455"><ele>1539.0</ele></trkpt>
      <trkpt lat="49.210460" lon="20.224489"><ele>1538.6</ele></trkpt>
      <trkpt lat="49.210466" lon="20.224523"><ele>1538.4</ele></trkpt>
      <trkpt lat="49.210472" lon="20.224557"><ele>1538.0</ele></trkpt>
      <trkpt lat="49.210478" lon="20.224591"><ele>1537.8</ele></trkpt>
      <trkpt lat="49.210484" lon="20.224625"><ele>1537.6</ele></trkpt>
      <trkpt lat="49.210490" lon="20.224659"><ele>1537.4</ele></trkpt>
      <trkpt lat="49.210495" lon="20.224692"><ele>1537.2</ele></trkpt>
      <trkpt lat="49.210501" lon="20.224726"><ele>1537.0</ele></trkpt>
      <trkpt lat="49.210507" lon="20.224760"><ele>1536.6</ele></trkpt>
      <trkpt lat="49.210513" lon="20.224794"><ele>1536.2</ele></trkpt>
      <trkpt lat="49.210519" lon="20.224828"><ele>1536.0</ele></trkpt>
      <trkpt lat="49.210525" lon="20.224862"><ele>1535.6</ele></trkpt>
      <trkpt lat="49.210531" lon="20.224896"><ele>1535.4</ele></trkpt>
      <trkpt lat="49.210536" lon="20.224929"><ele>1535.2</ele></trkpt>
      <trkpt lat="49.210542" lon="20.224963"><ele>1534.8</ele></trkpt>
      <trkpt lat="49.210548" lon="20.224997"><ele>1534.8</ele></trkpt>
      <trkpt lat="49.210554" lon="20.225031"><ele>1534.8</ele></trkpt>
      <trkpt lat="49.210561" lon="20.225064"><ele>1534.8</ele></trkpt>
      <trkpt lat="49.210570" lon="20.225095"><ele>1534.8</ele></trkpt>
      <trkpt lat="49.210579" lon="20.225127"><ele>1534.8</ele></trkpt>
      <trkpt lat="49.210588" lon="20.225158"><ele>1535.2</ele></trkpt>
      <trkpt lat="49.210597" lon="20.225190"><ele>1535.6</ele></trkpt>
      <trkpt lat="49.210606" lon="20.225221"><ele>1535.6</ele></trkpt>
      <trkpt lat="49.210614" lon="20.225253"><ele>1535.6</ele></trkpt>
      <trkpt lat="49.210623" lon="20.225284"><ele>1535.6</ele></trkpt>
      <trkpt lat="49.210632" lon="20.225316"><ele>1535.6</ele></trkpt>
      <trkpt lat="49.210641" lon="20.225348"><ele>1535.8</ele></trkpt>
      <trkpt lat="49.210650" lon="20.225379"><ele>1535.8</ele></trkpt>
      <trkpt lat="49.210659" lon="20.225411"><ele>1535.6</ele></trkpt>
      <trkpt lat="49.210667" lon="20.225442"><ele>1535.2</ele></trkpt>
      <trkpt lat="49.210676" lon="20.225474"><ele>1535.0</ele></trkpt>
      <trkpt lat="49.210685" lon="20.225505"><ele>1534.8</ele></trkpt>
      <trkpt lat="49.210694" lon="20.225537"><ele>1534.4</ele></trkpt>
      <trkpt lat="49.210703" lon="20.225568"><ele>1534.0</ele></trkpt>
      <trkpt lat="49.210712" lon="20.225600"><ele>1533.8</ele></trkpt>
      <trkpt lat="49.210720" lon="20.225631"><ele>1533.8</ele></trkpt>
      <trkpt lat="49.210729" lon="20.225663"><ele>1533.8</ele></trkpt>
      <trkpt lat="49.210738" lon="20.225694"><ele>1533.6</ele></trkpt>
      <trkpt lat="49.210747" lon="20.225726"><ele>1533.4</ele></trkpt>
      <trkpt lat="49.210756" lon="20.225757"><ele>1533.2</ele></trkpt>
      <trkpt lat="49.210765" lon="20.225789"><ele>1533.2</ele></trkpt>
      <trkpt lat="49.210773" lon="20.225821"><ele>1533.0</ele></trkpt>
      <trkpt lat="49.210782" lon="20.225852"><ele>1533.0</ele></trkpt>
      <trkpt lat="49.210791" lon="20.225884"><ele>1532.6</ele></trkpt>
      <trkpt lat="49.210800" lon="20.225915"><ele>1532.4</ele></trkpt>
      <trkpt lat="49.210809" lon="20.225947"><ele>1532.2</ele></trkpt>
      <trkpt lat="49.210818" lon="20.225978"><ele>1532.0</ele></trkpt>
      <trkpt lat="49.210829" lon="20.226008"><ele>1531.6</ele></trkpt>
      <trkpt lat="49.210842" lon="20.226035"><ele>1531.6</ele></trkpt>
      <trkpt lat="49.210855" lon="20.226062"><ele>1531.6</ele></trkpt>
      <trkpt lat="49.210868" lon="20.226090"><ele>1531.4</ele></trkpt>
      <trkpt lat="49.210881" lon="20.226117"><ele>1531.0</ele></trkpt>
      <trkpt lat="49.210894" lon="20.226145"><ele>1530.8</ele></trkpt>
      <trkpt lat="49.210907" lon="20.226172"><ele>1530.6</ele></trkpt>
      <trkpt lat="49.210920" lon="20.226199"><ele>1530.4</ele></trkpt>
      <trkpt lat="49.210933" lon="20.226227"><ele>1530.2</ele></trkpt>
      <trkpt lat="49.210946" lon="20.226254"><ele>1530.0</ele></trkpt>
      <trkpt lat="49.210959" lon="20.226282"><ele>1530.0</ele></trkpt>
      <trkpt lat="49.210972" lon="20.226309"><ele>1529.8</ele></trkpt>
      <trkpt lat="49.210985" lon="20.226336"><ele>1529.8</ele></trkpt>
      <trkpt lat="49.210998" lon="20.226364"><ele>1529.6</ele></trkpt>
      <trkpt lat="49.211011" lon="20.226391"><ele>1529.6</ele></trkpt>
      <trkpt lat="49.211024" lon="20.226419"><ele>1529.4</ele></trkpt>
      <trkpt lat="49.211037" lon="20.226446"><ele>1529.0</ele></trkpt>
      <trkpt lat="49.211050" lon="20.226473"><ele>1528.8</ele></trkpt>
      <trkpt lat="49.211063" lon="20.226501"><ele>1528.6</ele></trkpt>
      <trkpt lat="49.211076" lon="20.226528"><ele>1528.0</ele></trkpt>
      <trkpt lat="49.211089" lon="20.226556"><ele>1528.0</ele></trkpt>
      <trkpt lat="49.211102" lon="20.226583"><ele>1527.8</ele></trkpt>
      <trkpt lat="49.211115" lon="20.226610"><ele>1527.6</ele></trkpt>
      <trkpt lat="49.211128" lon="20.226638"><ele>1527.6</ele></trkpt>
      <trkpt lat="49.211141" lon="20.226665"><ele>1527.4</ele></trkpt>
      <trkpt lat="49.211154" lon="20.226693"><ele>1527.4</ele></trkpt>
      <trkpt lat="49.211167" lon="20.226720"><ele>1527.2</ele></trkpt>
      <trkpt lat="49.211180" lon="20.226747"><ele>1526.8</ele></trkpt>
      <trkpt lat="49.211193" lon="20.226775"><ele>1526.4</ele></trkpt>
      <trkpt lat="49.211206" lon="20.226802"><ele>1526.2</ele></trkpt>
      <trkpt lat="49.211211" lon="20.226833"><ele>1526.0</ele></trkpt>
      <trkpt lat="49.211207" lon="20.226867"><ele>1525.8</ele></trkpt>
      <trkpt lat="49.211204" lon="20.226902"><ele>1525.8</ele></trkpt>
      <trkpt lat="49.211200" lon="20.226936"><ele>1525.8</ele></trkpt>
      <trkpt lat="49.211196" lon="20.226970"><ele>1525.8</ele></trkpt>
      <trkpt lat="49.211192" lon="20.227005"><ele>1525.6</ele></trkpt>
      <trkpt lat="49.211189" lon="20.227039"><ele>1525.4</ele></trkpt>
      <trkpt lat="49.211185" lon="20.227073"><ele>1525.4</ele></trkpt>
      <trkpt lat="49.211181" lon="20.227108"><ele>1525.2</ele></trkpt>
      <trkpt lat="49.211178" lon="20.227142"><ele>1525.0</ele></trkpt>
      <trkpt lat="49.211174" lon="20.227176"><ele>1525.0</ele></trkpt>
      <trkpt lat="49.211170" lon="20.227210"><ele>1524.8</ele></trkpt>
      <trkpt lat="49.211166" lon="20.227245"><ele>1524.8</ele></trkpt>
      <trkpt lat="49.211163" lon="20.227279"><ele>1524.6</ele></trkpt>
      <trkpt lat="49.211159" lon="20.227313"><ele>1524.4</ele></trkpt>
      <trkpt lat="49.211155" lon="20.227348"><ele>1524.4</ele></trkpt>
      <trkpt lat="49.211151" lon="20.227382"><ele>1524.2</ele></trkpt>
      <trkpt lat="49.211148" lon="20.227416"><ele>1524.2</ele></trkpt>
      <trkpt lat="49.211144" lon="20.227451"><ele>1524.0</ele></trkpt>
      <trkpt lat="49.211140" lon="20.227485"><ele>1524.0</ele></trkpt>
      <trkpt lat="49.211136" lon="20.227519"><ele>1523.8</ele></trkpt>
      <trkpt lat="49.211133" lon="20.227553"><ele>1523.6</ele></trkpt>
      <trkpt lat="49.211129" lon="20.227588"><ele>1523.4</ele></trkpt>
      <trkpt lat="49.211125" lon="20.227622"><ele>1523.2</ele></trkpt>
      <trkpt lat="49.211122" lon="20.227656"><ele>1523.0</ele></trkpt>
      <trkpt lat="49.211118" lon="20.227691"><ele>1523.2</ele></trkpt>
      <trkpt lat="49.211114" lon="20.227725"><ele>1523.2</ele></trkpt>
      <trkpt lat="49.211110" lon="20.227759"><ele>1523.0</ele></trkpt>
      <trkpt lat="49.211107" lon="20.227794"><ele>1522.8</ele></trkpt>
      <trkpt lat="49.211103" lon="20.227828"><ele>1522.6</ele></trkpt>
      <trkpt lat="49.211105" lon="20.227857"><ele>1522.6</ele></trkpt>
      <trkpt lat="49.211113" lon="20.227882"><ele>1522.6</ele></trkpt>
      <trkpt lat="49.211121" lon="20.227907"><ele>1522.4</ele></trkpt>
      <trkpt lat="49.211129" lon="20.227931"><ele>1522.4</ele></trkpt>
      <trkpt lat="49.211137" lon="20.227956"><ele>1522.2</ele></trkpt>
      <trkpt lat="49.211144" lon="20.227980"><ele>1522.0</ele></trkpt>
      <trkpt lat="49.211152" lon="20.228005"><ele>1521.8</ele></trkpt>
      <trkpt lat="49.211160" lon="20.228030"><ele>1521.8</ele></trkpt>
      <trkpt lat="49.211168" lon="20.228054"><ele>1521.8</ele></trkpt>
      <trkpt lat="49.211176" lon="20.228079"><ele>1521.8</ele></trkpt>
      <trkpt lat="49.211184" lon="20.228104"><ele>1521.6</ele></trkpt>
      <trkpt lat="49.211192" lon="20.228128"><ele>1521.6</ele></trkpt>
      <trkpt lat="49.211200" lon="20.228153"><ele>1521.6</ele></trkpt>
      <trkpt lat="49.211208" lon="20.228178"><ele>1521.4</ele></trkpt>
      <trkpt lat="49.211216" lon="20.228202"><ele>1521.4</ele></trkpt>
      <trkpt lat="49.211223" lon="20.228227"><ele>1521.2</ele></trkpt>
      <trkpt lat="49.211231" lon="20.228251"><ele>1521.2</ele></trkpt>
      <trkpt lat="49.211239" lon="20.228276"><ele>1521.0</ele></trkpt>
      <trkpt lat="49.211247" lon="20.228301"><ele>1520.8</ele></trkpt>
      <trkpt lat="49.211255" lon="20.228325"><ele>1520.6</ele></trkpt>
      <trkpt lat="49.211263" lon="20.228350"><ele>1520.4</ele></trkpt>
      <trkpt lat="49.211271" lon="20.228375"><ele>1520.2</ele></trkpt>
      <trkpt lat="49.211279" lon="20.228399"><ele>1520.0</ele></trkpt>
      <trkpt lat="49.211287" lon="20.228424"><ele>1519.8</ele></trkpt>
      <trkpt lat="49.211295" lon="20.228449"><ele>1519.6</ele></trkpt>
      <trkpt lat="49.211302" lon="20.228473"><ele>1519.4</ele></trkpt>
      <trkpt lat="49.211310" lon="20.228498"><ele>1519.4</ele></trkpt>
      <trkpt lat="49.211318" lon="20.228522"><ele>1519.2</ele></trkpt>
      <trkpt lat="49.211326" lon="20.228547"><ele>1519.0</ele></trkpt>
      <trkpt lat="49.211334" lon="20.228572"><ele>1519.0</ele></trkpt>
      <trkpt lat="49.211347" lon="20.228591"><ele>1518.4</ele></trkpt>
      <trkpt lat="49.211366" lon="20.228605"><ele>1518.2</ele></trkpt>
      <trkpt lat="49.211385" lon="20.228620"><ele>1518.2</ele></trkpt>
      <trkpt lat="49.211404" lon="20.228634"><ele>1518.2</ele></trkpt>
      <trkpt lat="49.211423" lon="20.228648"><ele>1518.2</ele></trkpt>
      <trkpt lat="49.211442" lon="20.228663"><ele>1518.0</ele></trkpt>
      <trkpt lat="49.211461" lon="20.228677"><ele>1517.8</ele></trkpt>
      <trkpt lat="49.211480" lon="20.228691"><ele>1517.6</ele></trkpt>
      <trkpt lat="49.211499" lon="20.228706"><ele>1517.6</ele></trkpt>
      <trkpt lat="49.211518" lon="20.228720"><ele>1517.6</ele></trkpt>
      <trkpt lat="49.211537" lon="20.228734"><ele>1517.6</ele></trkpt>
      <trkpt lat="49.211556" lon="20.228749"><ele>1517.6</ele></trkpt>
      <trkpt lat="49.211575" lon="20.228763"><ele>1517.4</ele></trkpt>
      <trkpt lat="49.211594" lon="20.228777"><ele>1517.4</ele></trkpt>
      <trkpt lat="49.211613" lon="20.228791"><ele>1517.6</ele></trkpt>
      <trkpt lat="49.211632" lon="20.228806"><ele>1517.6</ele></trkpt>
      <trkpt lat="49.211651" lon="20.228820"><ele>1517.2</ele></trkpt>
      <trkpt lat="49.211670" lon="20.228834"><ele>1516.8</ele></trkpt>
      <trkpt lat="49.211689" lon="20.228849"><ele>1516.4</ele></trkpt>
      <trkpt lat="49.211708" lon="20.228863"><ele>1516.2</ele></trkpt>
      <trkpt lat="49.211727" lon="20.228877"><ele>1516.2</ele></trkpt>
      <trkpt lat="49.211746" lon="20.228892"><ele>1516.0</ele></trkpt>
      <trkpt lat="49.211765" lon="20.228906"><ele>1516.0</ele></trkpt>
      <trkpt lat="49.211784" lon="20.228920"><ele>1515.8</ele></trkpt>
      <trkpt lat="49.211803" lon="20.228934"><ele>1515.6</ele></trkpt>
      <trkpt lat="49.211822" lon="20.228949"><ele>1515.4</ele></trkpt>
      <trkpt lat="49.211841" lon="20.228963"><ele>1515.4</ele></trkpt>
      <trkpt lat="49.211860" lon="20.228977"><ele>1515.2</ele></trkpt>
      <trkpt lat="49.211879" lon="20.228992"><ele>1515.0</ele></trkpt>
      <trkpt lat="49.211898" lon="20.229006"><ele>1515.0</ele></trkpt>
      <trkpt lat="49.211904" lon="20.229034"><ele>1514.8</ele></trkpt>
      <trkpt lat="49.211909" lon="20.229061"><ele>1514.6</ele></trkpt>
      <trkpt lat="49.211915" lon="20.229089"><ele>1514.4</ele></trkpt>
      <trkpt lat="49.211921" lon="20.229117"><ele>1514.2</ele></trkpt>
      <trkpt lat="49.211927" lon="20.229144"><ele>1514.0</ele></trkpt>
      <trkpt lat="49.211932" lon="20.229172"><ele>1513.8</ele></trkpt>
      <trkpt lat="49.211938" lon="20.229200"><ele>1513.8</ele></trkpt>
      <trkpt lat="49.211944" lon="20.229228"><ele>1513.8</ele></trkpt>
      <trkpt lat="49.211950" lon="20.229255"><ele>1513.8</ele></trkpt>
      <trkpt lat="49.211955" lon="20.229283"><ele>1513.8</ele></trkpt>
      <trkpt lat="49.211961" lon="20.229311"><ele>1513.6</ele></trkpt>
      <trkpt lat="49.211967" lon="20.229338"><ele>1513.4</ele></trkpt>
      <trkpt lat="49.211973" lon="20.229366"><ele>1513.4</ele></trkpt>
      <trkpt lat="49.211978" lon="20.229394"><ele>1513.8</ele></trkpt>
      <trkpt lat="49.211984" lon="20.229421"><ele>1513.6</ele></trkpt>
      <trkpt lat="49.211990" lon="20.229449"><ele>1513.4</ele></trkpt>
      <trkpt lat="49.211995" lon="20.229477"><ele>1513.4</ele></trkpt>
      <trkpt lat="49.212001" lon="20.229505"><ele>1513.4</ele></trkpt>
      <trkpt lat="49.212007" lon="20.229532"><ele>1513.2</ele></trkpt>
      <trkpt lat="49.212013" lon="20.229560"><ele>1513.0</ele></trkpt>
      <trkpt lat="49.212018" lon="20.229588"><ele>1513.0</ele></trkpt>
      <trkpt lat="49.212024" lon="20.229615"><ele>1512.8</ele></trkpt>
      <trkpt lat="49.212030" lon="20.229643"><ele>1512.6</ele></trkpt>
      <trkpt lat="49.212036" lon="20.229671"><ele>1512.6</ele></trkpt>
      <trkpt lat="49.212041" lon="20.229698"><ele>1512.4</ele></trkpt>
      <trkpt lat="49.212047" lon="20.229726"><ele>1512.4</ele></trkpt>
      <trkpt lat="49.212053" lon="20.229754"><ele>1512.2</ele></trkpt>
      <trkpt lat="49.212059" lon="20.229782"><ele>1512.2</ele></trkpt>
      <trkpt lat="49.212064" lon="20.229809"><ele>1512.2</ele></trkpt>
      <trkpt lat="49.212070" lon="20.229837"><ele>1512.0</ele></trkpt>
      <trkpt lat="49.212066" lon="20.229873"><ele>1512.0</ele></trkpt>
      <trkpt lat="49.212062" lon="20.229909"><ele>1511.8</ele></trkpt>
      <trkpt lat="49.212059" lon="20.229945"><ele>1511.6</ele></trkpt>
      <trkpt lat="49.212055" lon="20.229981"><ele>1511.6</ele></trkpt>
      <trkpt lat="49.212051" lon="20.230017"><ele>1511.8</ele></trkpt>
      <trkpt lat="49.212047" lon="20.230053"><ele>1511.8</ele></trkpt>
      <trkpt lat="49.212043" lon="20.230089"><ele>1511.6</ele></trkpt>
      <trkpt lat="49.212039" lon="20.230124"><ele>1511.6</ele></trkpt>
      <trkpt lat="49.212036" lon="20.230160"><ele>1511.6</ele></trkpt>
      <trkpt lat="49.212032" lon="20.230196"><ele>1511.8</ele></trkpt>
      <trkpt lat="49.212028" lon="20.230232"><ele>1511.6</ele></trkpt>
      <trkpt lat="49.212024" lon="20.230268"><ele>1511.6</ele></trkpt>
      <trkpt lat="49.212020" lon="20.230304"><ele>1511.6</ele></trkpt>
      <trkpt lat="49.212016" lon="20.230340"><ele>1511.6</ele></trkpt>
      <trkpt lat="49.212013" lon="20.230376"><ele>1511.4</ele></trkpt>
      <trkpt lat="49.212009" lon="20.230412"><ele>1511.4</ele></trkpt>
      <trkpt lat="49.212005" lon="20.230448"><ele>1511.4</ele></trkpt>
      <trkpt lat="49.212001" lon="20.230484"><ele>1511.2</ele></trkpt>
      <trkpt lat="49.211997" lon="20.230520"><ele>1510.8</ele></trkpt>
      <trkpt lat="49.211993" lon="20.230556"><ele>1510.6</ele></trkpt>
      <trkpt lat="49.211990" lon="20.230592"><ele>1510.4</ele></trkpt>
      <trkpt lat="49.211986" lon="20.230628"><ele>1510.4</ele></trkpt>
      <trkpt lat="49.211982" lon="20.230663"><ele>1510.4</ele></trkpt>
      <trkpt lat="49.211978" lon="20.230699"><ele>1510.6</ele></trkpt>
      <trkpt lat="49.211974" lon="20.230735"><ele>1510.8</ele></trkpt>
      <trkpt lat="49.211970" lon="20.230771"><ele>1511.0</ele></trkpt>
      <trkpt lat="49.211967" lon="20.230807"><ele>1510.8</ele></trkpt>
      <trkpt lat="49.211963" lon="20.230843"><ele>1510.6</ele></trkpt>
      <trkpt lat="49.211959" lon="20.230879"><ele>1510.0</ele></trkpt>
      <trkpt lat="49.211955" lon="20.230915"><ele>1509.6</ele></trkpt>
      <trkpt lat="49.211973" lon="20.230934"><ele>1509.2</ele></trkpt>
      <trkpt lat="49.211991" lon="20.230954"><ele>1509.0</ele></trkpt>
      <trkpt lat="49.212009" lon="20.230973"><ele>1509.0</ele></trkpt>
      <trkpt lat="49.212028" lon="20.230992"><ele>1508.8</ele></trkpt>
      <trkpt lat="49.212046" lon="20.231011"><ele>1508.8</ele></trkpt>
      <trkpt lat="49.212064" lon="20.231031"><ele>1508.6</ele></trkpt>
      <trkpt lat="49.212082" lon="20.231050"><ele>1508.4</ele></trkpt>
      <trkpt lat="49.212100" lon="20.231069"><ele>1508.2</ele></trkpt>
      <trkpt lat="49.212118" lon="20.231089"><ele>1508.0</ele></trkpt>
      <trkpt lat="49.212136" lon="20.231108"><ele>1507.6</ele></trkpt>
      <trkpt lat="49.212154" lon="20.231127"><ele>1507.4</ele></trkpt>
      <trkpt lat="49.212173" lon="20.231147"><ele>1507.0</ele></trkpt>
      <trkpt lat="49.212191" lon="20.231166"><ele>1506.8</ele></trkpt>
      <trkpt lat="49.212209" lon="20.231185"><ele>1506.6</ele></trkpt>
      <trkpt lat="49.212227" lon="20.231204"><ele>1506.2</ele></trkpt>
      <trkpt lat="49.212245" lon="20.231224"><ele>1506.0</ele></trkpt>
      <trkpt lat="49.212263" lon="20.231243"><ele>1506.0</ele></trkpt>
      <trkpt lat="49.212281" lon="20.231262"><ele>1506.0</ele></trkpt>
      <trkpt lat="49.212300" lon="20.231282"><ele>1506.0</ele></trkpt>
      <trkpt lat="49.212318" lon="20.231301"><ele>1506.0</ele></trkpt>
      <trkpt lat="49.212336" lon="20.231320"><ele>1506.0</ele></trkpt>
      <trkpt lat="49.212354" lon="20.231340"><ele>1506.0</ele></trkpt>
      <trkpt lat="49.212372" lon="20.231359"><ele>1506.2</ele></trkpt>
      <trkpt lat="49.212390" lon="20.231378"><ele>1506.4</ele></trkpt>
      <trkpt lat="49.212408" lon="20.231397"><ele>1506.6</ele></trkpt>
      <trkpt lat="49.212426" lon="20.231417"><ele>1506.4</ele></trkpt>
      <trkpt lat="49.212445" lon="20.231436"><ele>1506.2</ele></trkpt>
      <trkpt lat="49.212463" lon="20.231455"><ele>1506.2</ele></trkpt>
      <trkpt lat="49.212481" lon="20.231475"><ele>1506.2</ele></trkpt>
      <trkpt lat="49.212499" lon="20.231494"><ele>1506.0</ele></trkpt>
      <trkpt lat="49.213030" lon="20.232243"><ele>1499.6</ele></trkpt>
      <trkpt lat="49.213028" lon="20.232278"><ele>1499.4</ele></trkpt>
      <trkpt lat="49.213025" lon="20.232314"><ele>1499.2</ele></trkpt>
      <trkpt lat="49.213023" lon="20.232349"><ele>1499.0</ele></trkpt>
      <trkpt lat="49.213021" lon="20.232385"><ele>1498.8</ele></trkpt>
      <trkpt lat="49.213018" lon="20.232420"><ele>1498.6</ele></trkpt>
      <trkpt lat="49.213016" lon="20.232456"><ele>1498.4</ele></trkpt>
      <trkpt lat="49.213014" lon="20.232491"><ele>1498.0</ele></trkpt>
      <trkpt lat="49.213011" lon="20.232526"><ele>1497.6</ele></trkpt>
      <trkpt lat="49.213009" lon="20.232562"><ele>1497.4</ele></trkpt>
      <trkpt lat="49.213007" lon="20.232597"><ele>1497.0</ele></trkpt>
      <trkpt lat="49.213004" lon="20.232633"><ele>1496.6</ele></trkpt>
      <trkpt lat="49.213002" lon="20.232668"><ele>1496.2</ele></trkpt>
      <trkpt lat="49.213000" lon="20.232704"><ele>1496.0</ele></trkpt>
      <trkpt lat="49.212997" lon="20.232739"><ele>1495.6</ele></trkpt>
      <trkpt lat="49.212995" lon="20.232775"><ele>1495.6</ele></trkpt>
      <trkpt lat="49.212993" lon="20.232810"><ele>1495.4</ele></trkpt>
      <trkpt lat="49.212990" lon="20.232845"><ele>1495.4</ele></trkpt>
      <trkpt lat="49.212988" lon="20.232881"><ele>1495.0</ele></trkpt>
      <trkpt lat="49.212986" lon="20.232916"><ele>1494.8</ele></trkpt>
      <trkpt lat="49.212983" lon="20.232952"><ele>1494.8</ele></trkpt>
      <trkpt lat="49.212981" lon="20.232987"><ele>1494.6</ele></trkpt>
      <trkpt lat="49.212979" lon="20.233023"><ele>1494.4</ele></trkpt>
      <trkpt lat="49.212976" lon="20.233058"><ele>1494.2</ele></trkpt>
      <trkpt lat="49.212974" lon="20.233093"><ele>1494.0</ele></trkpt>
      <trkpt lat="49.212972" lon="20.233129"><ele>1493.6</ele></trkpt>
      <trkpt lat="49.212969" lon="20.233164"><ele>1493.4</ele></trkpt>
      <trkpt lat="49.212967" lon="20.233200"><ele>1493.2</ele></trkpt>
      <trkpt lat="49.212965" lon="20.233235"><ele>1493.0</ele></trkpt>
      <trkpt lat="49.212962" lon="20.233271"><ele>1492.8</ele></trkpt>
      <trkpt lat="49.212960" lon="20.233306"><ele>1492.6</ele></trkpt>
      <trkpt lat="49.212964" lon="20.233335"><ele>1492.4</ele></trkpt>
      <trkpt lat="49.212969" lon="20.233364"><ele>1492.2</ele></trkpt>
      <trkpt lat="49.212973" lon="20.233392"><ele>1491.8</ele></trkpt>
      <trkpt lat="49.212978" lon="20.233421"><ele>1491.6</ele></trkpt>
      <trkpt lat="49.212982" lon="20.233450"><ele>1491.4</ele></trkpt>
      <trkpt lat="49.212987" lon="20.233479"><ele>1491.2</ele></trkpt>
      <trkpt lat="49.212991" lon="20.233508"><ele>1490.8</ele></trkpt>
      <trkpt lat="49.212996" lon="20.233537"><ele>1490.6</ele></trkpt>
      <trkpt lat="49.213000" lon="20.233565"><ele>1490.4</ele></trkpt>
      <trkpt lat="49.213005" lon="20.233594"><ele>1490.0</ele></trkpt>
      <trkpt lat="49.213009" lon="20.233623"><ele>1489.8</ele></trkpt>
      <trkpt lat="49.213014" lon="20.233652"><ele>1489.6</ele></trkpt>
      <trkpt lat="49.213018" lon="20.233681"><ele>1489.6</ele></trkpt>
      <trkpt lat="49.213023" lon="20.233710"><ele>1489.4</ele></trkpt>
      <trkpt lat="49.213027" lon="20.233738"><ele>1489.2</ele></trkpt>
      <trkpt lat="49.213031" lon="20.233767"><ele>1489.0</ele></trkpt>
      <trkpt lat="49.213036" lon="20.233796"><ele>1488.8</ele></trkpt>
      <trkpt lat="49.213040" lon="20.233825"><ele>1488.6</ele></trkpt>
      <trkpt lat="49.213045" lon="20.233854"><ele>1488.6</ele></trkpt>
      <trkpt lat="49.213049" lon="20.233883"><ele>1488.4</ele></trkpt>
      <trkpt lat="49.213054" lon="20.233911"><ele>1488.2</ele></trkpt>
      <trkpt lat="49.213058" lon="20.233940"><ele>1488.0</ele></trkpt>
      <trkpt lat="49.213063" lon="20.233969"><ele>1488.0</ele></trkpt>
      <trkpt lat="49.213067" lon="20.233998"><ele>1487.8</ele></trkpt>
      <trkpt lat="49.213072" lon="20.234027"><ele>1487.6</ele></trkpt>
      <trkpt lat="49.213076" lon="20.234056"><ele>1487.6</ele></trkpt>
      <trkpt lat="49.213081" lon="20.234084"><ele>1487.2</ele></trkpt>
      <trkpt lat="49.213085" lon="20.234113"><ele>1487.0</ele></trkpt>
      <trkpt lat="49.213090" lon="20.234142"><ele>1486.8</ele></trkpt>
      <trkpt lat="49.213094" lon="20.234171"><ele>1486.8</ele></trkpt>
      <trkpt lat="49.213098" lon="20.234201"><ele>1486.8</ele></trkpt>
      <trkpt lat="49.213101" lon="20.234231"><ele>1486.4</ele></trkpt>
      <trkpt lat="49.213105" lon="20.234261"><ele>1486.4</ele></trkpt>
      <trkpt lat="49.213108" lon="20.234291"><ele>1486.2</ele></trkpt>
      <trkpt lat="49.213112" lon="20.234321"><ele>1486.0</ele></trkpt>
      <trkpt lat="49.213115" lon="20.234352"><ele>1485.6</ele></trkpt>
      <trkpt lat="49.213119" lon="20.234382"><ele>1485.4</ele></trkpt>
      <trkpt lat="49.213122" lon="20.234412"><ele>1485.2</ele></trkpt>
      <trkpt lat="49.213126" lon="20.234442"><ele>1485.2</ele></trkpt>
      <trkpt lat="49.213129" lon="20.234472"><ele>1485.0</ele></trkpt>
      <trkpt lat="49.213133" lon="20.234502"><ele>1484.6</ele></trkpt>
      <trkpt lat="49.213136" lon="20.234532"><ele>1484.6</ele></trkpt>
      <trkpt lat="49.213140" lon="20.234562"><ele>1484.6</ele></trkpt>
      <trkpt lat="49.213143" lon="20.234592"><ele>1484.4</ele></trkpt>
      <trkpt lat="49.213147" lon="20.234622"><ele>1484.2</ele></trkpt>
      <trkpt lat="49.213151" lon="20.234653"><ele>1484.0</ele></trkpt>
      <trkpt lat="49.213154" lon="20.234683"><ele>1483.6</ele></trkpt>
      <trkpt lat="49.213158" lon="20.234713"><ele>1483.4</ele></trkpt>
      <trkpt lat="49.213161" lon="20.234743"><ele>1483.2</ele></trkpt>
      <trkpt lat="49.213165" lon="20.234773"><ele>1483.2</ele></trkpt>
      <trkpt lat="49.213168" lon="20.234803"><ele>1483.0</ele></trkpt>
      <trkpt lat="49.213172" lon="20.234833"><ele>1482.6</ele></trkpt>
      <trkpt lat="49.213175" lon="20.234863"><ele>1482.4</ele></trkpt>
      <trkpt lat="49.213179" lon="20.234893"><ele>1482.0</ele></trkpt>
      <trkpt lat="49.213182" lon="20.234923"><ele>1481.6</ele></trkpt>
      <trkpt lat="49.213186" lon="20.234954"><ele>1481.6</ele></trkpt>
      <trkpt lat="49.213189" lon="20.234984"><ele>1481.4</ele></trkpt>
      <trkpt lat="49.213193" lon="20.235014"><ele>1481.2</ele></trkpt>
      <trkpt lat="49.213196" lon="20.235044"><ele>1481.2</ele></trkpt>
      <trkpt lat="49.213200" lon="20.235074"><ele>1481.0</ele></trkpt>
      <trkpt lat="49.213204" lon="20.235110"><ele>1480.8</ele></trkpt>
      <trkpt lat="49.213208" lon="20.235146"><ele>1480.6</ele></trkpt>
      <trkpt lat="49.213212" lon="20.235182"><ele>1480.6</ele></trkpt>
      <trkpt lat="49.213216" lon="20.235218"><ele>1480.4</ele></trkpt>
      <trkpt lat="49.213220" lon="20.235254"><ele>1480.0</ele></trkpt>
      <trkpt lat="49.213224" lon="20.235291"><ele>1480.0</ele></trkpt>
      <trkpt lat="49.213228" lon="20.235327"><ele>1479.8</ele></trkpt>
      <trkpt lat="49.213233" lon="20.235363"><ele>1479.8</ele></trkpt>
      <trkpt lat="49.213237" lon="20.235399"><ele>1479.6</ele></trkpt>
      <trkpt lat="49.213241" lon="20.235435"><ele>1479.6</ele></trkpt>
      <trkpt lat="49.213245" lon="20.235471"><ele>1479.4</ele></trkpt>
      <trkpt lat="49.213249" lon="20.235507"><ele>1479.2</ele></trkpt>
      <trkpt lat="49.213253" lon="20.235543"><ele>1479.2</ele></trkpt>
      <trkpt lat="49.213257" lon="20.235579"><ele>1479.0</ele></trkpt>
      <trkpt lat="49.213261" lon="20.235615"><ele>1479.2</ele></trkpt>
      <trkpt lat="49.213265" lon="20.235652"><ele>1479.0</ele></trkpt>
      <trkpt lat="49.213269" lon="20.235688"><ele>1478.8</ele></trkpt>
      <trkpt lat="49.213273" lon="20.235724"><ele>1478.6</ele></trkpt>
      <trkpt lat="49.213277" lon="20.235760"><ele>1478.4</ele></trkpt>
      <trkpt lat="49.213281" lon="20.235796"><ele>1478.2</ele></trkpt>
      <trkpt lat="49.213285" lon="20.235832"><ele>1478.0</ele></trkpt>
      <trkpt lat="49.213289" lon="20.235868"><ele>1477.8</ele></trkpt>
      <trkpt lat="49.213294" lon="20.235904"><ele>1477.6</ele></trkpt>
      <trkpt lat="49.213298" lon="20.235940"><ele>1477.6</ele></trkpt>
      <trkpt lat="49.213302" lon="20.235976"><ele>1477.4</ele></trkpt>
      <trkpt lat="49.213306" lon="20.236013"><ele>1477.2</ele></trkpt>
      <trkpt lat="49.213310" lon="20.236049"><ele>1476.8</ele></trkpt>
      <trkpt lat="49.213314" lon="20.236085"><ele>1476.6</ele></trkpt>
      <trkpt lat="49.213318" lon="20.236121"><ele>1476.4</ele></trkpt>
      <trkpt lat="49.213322" lon="20.236157"><ele>1476.2</ele></trkpt>
      <trkpt lat="49.213322" lon="20.236189"><ele>1476.2</ele></trkpt>
      <trkpt lat="49.213322" lon="20.236221"><ele>1476.2</ele></trkpt>
      <trkpt lat="49.213322" lon="20.236253"><ele>1476.0</ele></trkpt>
      <trkpt lat="49.213322" lon="20.236285"><ele>1475.6</ele></trkpt>
      <trkpt lat="49.213322" lon="20.236316"><ele>1475.2</ele></trkpt>
      <trkpt lat="49.213322" lon="20.236348"><ele>1475.2</ele></trkpt>
      <trkpt lat="49.213322" lon="20.236380"><ele>1475.0</ele></trkpt>
      <trkpt lat="49.213322" lon="20.236412"><ele>1474.6</ele></trkpt>
      <trkpt lat="49.213322" lon="20.236444"><ele>1474.2</ele></trkpt>
      <trkpt lat="49.213322" lon="20.236476"><ele>1474.0</ele></trkpt>
      <trkpt lat="49.213322" lon="20.236508"><ele>1474.0</ele></trkpt>
      <trkpt lat="49.213322" lon="20.236540"><ele>1474.0</ele></trkpt>
      <trkpt lat="49.213322" lon="20.236572"><ele>1473.8</ele></trkpt>
      <trkpt lat="49.213322" lon="20.236604"><ele>1473.8</ele></trkpt>
      <trkpt lat="49.213322" lon="20.236636"><ele>1473.4</ele></trkpt>
      <trkpt lat="49.213322" lon="20.236667"><ele>1472.8</ele></trkpt>
      <trkpt lat="49.213322" lon="20.236699"><ele>1472.6</ele></trkpt>
      <trkpt lat="49.213322" lon="20.236731"><ele>1472.4</ele></trkpt>
      <trkpt lat="49.213322" lon="20.236763"><ele>1472.2</ele></trkpt>
      <trkpt lat="49.213322" lon="20.236795"><ele>1472.0</ele></trkpt>
      <trkpt lat="49.213322" lon="20.236827"><ele>1471.8</ele></trkpt>
      <trkpt lat="49.213322" lon="20.236859"><ele>1471.6</ele></trkpt>
      <trkpt lat="49.213322" lon="20.236891"><ele>1471.2</ele></trkpt>
      <trkpt lat="49.213322" lon="20.236923"><ele>1470.8</ele></trkpt>
      <trkpt lat="49.213322" lon="20.236955"><ele>1470.4</ele></trkpt>
      <trkpt lat="49.213322" lon="20.236986"><ele>1470.2</ele></trkpt>
      <trkpt lat="49.213322" lon="20.237018"><ele>1470.2</ele></trkpt>
      <trkpt lat="49.213322" lon="20.237050"><ele>1470.0</ele></trkpt>
      <trkpt lat="49.213322" lon="20.237082"><ele>1469.8</ele></trkpt>
      <trkpt lat="49.213322" lon="20.237114"><ele>1469.6</ele></trkpt>
      <trkpt lat="49.213661" lon="20.238144"><ele>1463.2</ele></trkpt>
      <trkpt lat="49.213666" lon="20.238172"><ele>1462.6</ele></trkpt>
      <trkpt lat="49.213672" lon="20.238200"><ele>1462.4</ele></trkpt>
      <trkpt lat="49.213677" lon="20.238228"><ele>1462.4</ele></trkpt>
      <trkpt lat="49.213683" lon="20.238257"><ele>1462.4</ele></trkpt>
      <trkpt lat="49.213688" lon="20.238285"><ele>1462.2</ele></trkpt>
      <trkpt lat="49.213694" lon="20.238313"><ele>1462.2</ele></trkpt>
      <trkpt lat="49.213699" lon="20.238341"><ele>1462.0</ele></trkpt>
      <trkpt lat="49.213706" lon="20.238370"><ele>1462.0</ele></trkpt>
      <trkpt lat="49.213718" lon="20.238403"><ele>1462.0</ele></trkpt>
      <trkpt lat="49.213718" lon="20.238445"><ele>1461.8</ele></trkpt>
      <trkpt lat="49.213731" lon="20.238480"><ele>1461.6</ele></trkpt>
      <trkpt lat="49.213738" lon="20.238515"><ele>1461.4</ele></trkpt>
      <trkpt lat="49.213741" lon="20.238558"><ele>1461.2</ele></trkpt>
      <trkpt lat="49.213754" lon="20.238592"><ele>1461.2</ele></trkpt>
      <trkpt lat="49.213760" lon="20.238612"><ele>1460.6</ele></trkpt>
      <trkpt lat="49.213767" lon="20.238632"><ele>1460.6</ele></trkpt>
      <trkpt lat="49.213773" lon="20.238652"><ele>1460.4</ele></trkpt>
      <trkpt lat="49.213779" lon="20.238671"><ele>1460.4</ele></trkpt>
      <trkpt lat="49.213785" lon="20.238691"><ele>1460.4</ele></trkpt>
      <trkpt lat="49.213792" lon="20.238711"><ele>1460.4</ele></trkpt>
      <trkpt lat="49.213798" lon="20.238731"><ele>1460.4</ele></trkpt>
      <trkpt lat="49.213805" lon="20.238766"><ele>1460.4</ele></trkpt>
      <trkpt lat="49.213818" lon="20.238787"><ele>1460.4</ele></trkpt>
      <trkpt lat="49.213837" lon="20.238829"><ele>1460.2</ele></trkpt>
      <trkpt lat="49.213853" lon="20.238859"><ele>1460.0</ele></trkpt>
      <trkpt lat="49.213862" lon="20.238891"><ele>1460.0</ele></trkpt>
      <trkpt lat="49.213866" lon="20.238922"><ele>1459.8</ele></trkpt>
      <trkpt lat="49.213875" lon="20.238957"><ele>1459.8</ele></trkpt>
      <trkpt lat="49.213878" lon="20.238995"><ele>1459.6</ele></trkpt>
      <trkpt lat="49.213885" lon="20.239026"><ele>1459.4</ele></trkpt>
      <trkpt lat="49.213901" lon="20.239038"><ele>1458.6</ele></trkpt>
      <trkpt lat="49.213917" lon="20.239051"><ele>1458.2</ele></trkpt>
      <trkpt lat="49.213939" lon="20.239059"><ele>1457.6</ele></trkpt>
      <trkpt lat="49.213965" lon="20.239058"><ele>1457.4</ele></trkpt>
      <trkpt lat="49.213994" lon="20.239064"><ele>1457.2</ele></trkpt>
      <trkpt lat="49.214016" lon="20.239070"><ele>1457.0</ele></trkpt>
      <trkpt lat="49.214038" lon="20.239094"><ele>1456.8</ele></trkpt>
      <trkpt lat="49.214058" lon="20.239114"><ele>1456.8</ele></trkpt>
      <trkpt lat="49.214074" lon="20.239138"><ele>1456.6</ele></trkpt>
      <trkpt lat="49.214093" lon="20.239163"><ele>1456.4</ele></trkpt>
      <trkpt lat="49.214112" lon="20.239187"><ele>1456.4</ele></trkpt>
      <trkpt lat="49.214128" lon="20.239208"><ele>1456.2</ele></trkpt>
      <trkpt lat="49.214141" lon="20.239229"><ele>1456.0</ele></trkpt>
      <trkpt lat="49.214160" lon="20.239256"><ele>1455.8</ele></trkpt>
      <trkpt lat="49.214173" lon="20.239278"><ele>1455.6</ele></trkpt>
      <trkpt lat="49.214182" lon="20.239323"><ele>1455.4</ele></trkpt>
      <trkpt lat="49.214198" lon="20.239363"><ele>1455.2</ele></trkpt>
      <trkpt lat="49.214218" lon="20.239387"><ele>1455.0</ele></trkpt>
      <trkpt lat="49.214237" lon="20.239411"><ele>1454.8</ele></trkpt>
      <trkpt lat="49.214253" lon="20.239438"><ele>1454.6</ele></trkpt>
      <trkpt lat="49.214269" lon="20.239477"><ele>1454.4</ele></trkpt>
      <trkpt lat="49.214278" lon="20.239501"><ele>1454.2</ele></trkpt>
      <trkpt lat="49.214291" lon="20.239546"><ele>1454.0</ele></trkpt>
      <trkpt lat="49.214301" lon="20.239586"><ele>1453.8</ele></trkpt>
      <trkpt lat="49.214314" lon="20.239616"><ele>1453.6</ele></trkpt>
      <trkpt lat="49.214326" lon="20.239656"><ele>1453.4</ele></trkpt>
      <trkpt lat="49.214333" lon="20.239693"><ele>1453.2</ele></trkpt>
      <trkpt lat="49.214330" lon="20.239722"><ele>1453.2</ele></trkpt>
      <trkpt lat="49.214336" lon="20.239757"><ele>1453.0</ele></trkpt>
      <trkpt lat="49.214330" lon="20.239795"><ele>1453.0</ele></trkpt>
      <trkpt lat="49.214320" lon="20.239821"><ele>1453.2</ele></trkpt>
      <trkpt lat="49.214307" lon="20.239853"><ele>1452.8</ele></trkpt>
      <trkpt lat="49.214310" lon="20.239896"><ele>1452.4</ele></trkpt>
      <trkpt lat="49.214326" lon="20.239942"><ele>1452.4</ele></trkpt>
      <trkpt lat="49.214330" lon="20.239979"><ele>1452.0</ele></trkpt>
      <trkpt lat="49.214326" lon="20.240021"><ele>1451.6</ele></trkpt>
      <trkpt lat="49.214330" lon="20.240059"><ele>1451.2</ele></trkpt>
      <trkpt lat="49.214330" lon="20.240098"><ele>1451.0</ele></trkpt>
      <trkpt lat="49.214339" lon="20.240131"><ele>1450.8</ele></trkpt>
      <trkpt lat="49.214339" lon="20.240166"><ele>1450.4</ele></trkpt>
      <trkpt lat="49.214336" lon="20.240198"><ele>1450.0</ele></trkpt>
      <trkpt lat="49.214346" lon="20.240227"><ele>1449.8</ele></trkpt>
      <trkpt lat="49.214362" lon="20.240269"><ele>1449.8</ele></trkpt>
      <trkpt lat="49.214381" lon="20.240293"><ele>1449.8</ele></trkpt>
      <trkpt lat="49.214390" lon="20.240339"><ele>1449.6</ele></trkpt>
      <trkpt lat="49.214390" lon="20.240374"><ele>1449.6</ele></trkpt>
      <trkpt lat="49.214394" lon="20.240405"><ele>1449.4</ele></trkpt>
      <trkpt lat="49.214390" lon="20.240446"><ele>1449.0</ele></trkpt>
      <trkpt lat="49.214392" lon="20.240481"><ele>1448.8</ele></trkpt>
      <trkpt lat="49.214394" lon="20.240516"><ele>1448.8</ele></trkpt>
      <trkpt lat="49.214396" lon="20.240550"><ele>1448.8</ele></trkpt>
      <trkpt lat="49.214397" lon="20.240585"><ele>1448.8</ele></trkpt>
      <trkpt lat="49.214399" lon="20.240620"><ele>1448.8</ele></trkpt>
      <trkpt lat="49.214401" lon="20.240655"><ele>1448.4</ele></trkpt>
      <trkpt lat="49.214403" lon="20.240690"><ele>1448.2</ele></trkpt>
      <trkpt lat="49.214405" lon="20.240724"><ele>1448.2</ele></trkpt>
      <trkpt lat="49.214407" lon="20.240759"><ele>1448.0</ele></trkpt>
      <trkpt lat="49.214408" lon="20.240794"><ele>1447.8</ele></trkpt>
      <trkpt lat="49.214410" lon="20.240829"><ele>1447.6</ele></trkpt>
      <trkpt lat="49.214412" lon="20.240864"><ele>1447.4</ele></trkpt>
      <trkpt lat="49.214414" lon="20.240898"><ele>1447.4</ele></trkpt>
      <trkpt lat="49.214416" lon="20.240933"><ele>1447.2</ele></trkpt>
      <trkpt lat="49.214418" lon="20.240968"><ele>1447.0</ele></trkpt>
      <trkpt lat="49.214419" lon="20.241003"><ele>1446.6</ele></trkpt>
      <trkpt lat="49.214421" lon="20.241038"><ele>1446.4</ele></trkpt>
      <trkpt lat="49.214423" lon="20.241072"><ele>1446.2</ele></trkpt>
      <trkpt lat="49.214425" lon="20.241107"><ele>1446.0</ele></trkpt>
      <trkpt lat="49.214427" lon="20.241142"><ele>1446.0</ele></trkpt>
      <trkpt lat="49.214429" lon="20.241177"><ele>1445.8</ele></trkpt>
      <trkpt lat="49.214430" lon="20.241212"><ele>1445.4</ele></trkpt>
      <trkpt lat="49.214432" lon="20.241246"><ele>1445.0</ele></trkpt>
      <trkpt lat="49.214434" lon="20.241281"><ele>1444.8</ele></trkpt>
      <trkpt lat="49.214436" lon="20.241316"><ele>1444.6</ele></trkpt>
      <trkpt lat="49.214438" lon="20.241351"><ele>1444.4</ele></trkpt>
      <trkpt lat="49.214440" lon="20.241386"><ele>1444.4</ele></trkpt>
      <trkpt lat="49.214441" lon="20.241420"><ele>1444.2</ele></trkpt>
      <trkpt lat="49.214443" lon="20.241455"><ele>1444.2</ele></trkpt>
      <trkpt lat="49.214445" lon="20.241490"><ele>1444.2</ele></trkpt>
      <trkpt lat="49.214444" lon="20.241524"><ele>1444.4</ele></trkpt>
      <trkpt lat="49.214443" lon="20.241559"><ele>1444.4</ele></trkpt>
      <trkpt lat="49.214442" lon="20.241593"><ele>1444.6</ele></trkpt>
      <trkpt lat="49.214441" lon="20.241628"><ele>1444.4</ele></trkpt>
      <trkpt lat="49.214440" lon="20.241662"><ele>1444.4</ele></trkpt>
      <trkpt lat="49.214439" lon="20.241697"><ele>1444.2</ele></trkpt>
      <trkpt lat="49.214438" lon="20.241731"><ele>1444.0</ele></trkpt>
      <trkpt lat="49.214437" lon="20.241765"><ele>1443.8</ele></trkpt>
      <trkpt lat="49.214436" lon="20.241800"><ele>1443.8</ele></trkpt>
      <trkpt lat="49.214435" lon="20.241834"><ele>1443.6</ele></trkpt>
      <trkpt lat="49.214434" lon="20.241869"><ele>1443.2</ele></trkpt>
      <trkpt lat="49.214433" lon="20.241903"><ele>1443.0</ele></trkpt>
      <trkpt lat="49.214432" lon="20.241938"><ele>1442.8</ele></trkpt>
      <trkpt lat="49.214431" lon="20.241972"><ele>1442.4</ele></trkpt>
      <trkpt lat="49.214431" lon="20.242007"><ele>1442.0</ele></trkpt>
      <trkpt lat="49.214430" lon="20.242041"><ele>1441.6</ele></trkpt>
      <trkpt lat="49.214429" lon="20.242075"><ele>1441.4</ele></trkpt>
      <trkpt lat="49.214428" lon="20.242110"><ele>1441.0</ele></trkpt>
      <trkpt lat="49.214427" lon="20.242144"><ele>1440.8</ele></trkpt>
      <trkpt lat="49.214426" lon="20.242179"><ele>1440.6</ele></trkpt>
      <trkpt lat="49.214425" lon="20.242213"><ele>1440.4</ele></trkpt>
      <trkpt lat="49.214424" lon="20.242248"><ele>1440.2</ele></trkpt>
      <trkpt lat="49.214423" lon="20.242282"><ele>1440.0</ele></trkpt>
      <trkpt lat="49.214422" lon="20.242316"><ele>1440.0</ele></trkpt>
      <trkpt lat="49.214421" lon="20.242351"><ele>1440.0</ele></trkpt>
      <trkpt lat="49.214420" lon="20.242385"><ele>1439.8</ele></trkpt>
      <trkpt lat="49.214419" lon="20.242420"><ele>1439.4</ele></trkpt>
      <trkpt lat="49.214418" lon="20.242454"><ele>1439.0</ele></trkpt>
      <trkpt lat="49.214417" lon="20.242489"><ele>1438.6</ele></trkpt>
      <trkpt lat="49.214416" lon="20.242523"><ele>1438.2</ele></trkpt>
      <trkpt lat="49.214428" lon="20.242554"><ele>1437.8</ele></trkpt>
      <trkpt lat="49.214441" lon="20.242585"><ele>1437.4</ele></trkpt>
      <trkpt lat="49.214453" lon="20.242616"><ele>1437.0</ele></trkpt>
      <trkpt lat="49.214465" lon="20.242648"><ele>1436.8</ele></trkpt>
      <trkpt lat="49.214477" lon="20.242679"><ele>1436.4</ele></trkpt>
      <trkpt lat="49.214490" lon="20.242710"><ele>1436.2</ele></trkpt>
      <trkpt lat="49.214502" lon="20.242741"><ele>1435.8</ele></trkpt>
      <trkpt lat="49.214514" lon="20.242772"><ele>1435.4</ele></trkpt>
      <trkpt lat="49.214526" lon="20.242803"><ele>1435.0</ele></trkpt>
      <trkpt lat="49.214539" lon="20.242835"><ele>1434.6</ele></trkpt>
      <trkpt lat="49.214551" lon="20.242866"><ele>1434.4</ele></trkpt>
      <trkpt lat="49.214563" lon="20.242897"><ele>1433.8</ele></trkpt>
      <trkpt lat="49.214575" lon="20.242928"><ele>1433.4</ele></trkpt>
      <trkpt lat="49.214588" lon="20.242959"><ele>1433.2</ele></trkpt>
      <trkpt lat="49.214600" lon="20.242990"><ele>1433.0</ele></trkpt>
      <trkpt lat="49.214612" lon="20.243022"><ele>1433.0</ele></trkpt>
      <trkpt lat="49.214625" lon="20.243053"><ele>1432.8</ele></trkpt>
      <trkpt lat="49.214637" lon="20.243084"><ele>1432.8</ele></trkpt>
      <trkpt lat="49.214649" lon="20.243115"><ele>1432.6</ele></trkpt>
      <trkpt lat="49.214661" lon="20.243146"><ele>1432.6</ele></trkpt>
      <trkpt lat="49.214674" lon="20.243177"><ele>1432.2</ele></trkpt>
      <trkpt lat="49.214686" lon="20.243209"><ele>1432.2</ele></trkpt>
      <trkpt lat="49.214698" lon="20.243240"><ele>1432.0</ele></trkpt>
      <trkpt lat="49.214710" lon="20.243271"><ele>1431.8</ele></trkpt>
      <trkpt lat="49.214723" lon="20.243302"><ele>1431.6</ele></trkpt>
      <trkpt lat="49.214735" lon="20.243333"><ele>1431.2</ele></trkpt>
      <trkpt lat="49.214747" lon="20.243364"><ele>1431.0</ele></trkpt>
      <trkpt lat="49.214759" lon="20.243396"><ele>1430.8</ele></trkpt>
      <trkpt lat="49.214772" lon="20.243427"><ele>1430.4</ele></trkpt>
      <trkpt lat="49.214784" lon="20.243458"><ele>1430.2</ele></trkpt>
      <trkpt lat="49.214796" lon="20.243488"><ele>1430.0</ele></trkpt>
      <trkpt lat="49.214807" lon="20.243518"><ele>1429.6</ele></trkpt>
      <trkpt lat="49.214819" lon="20.243548"><ele>1429.4</ele></trkpt>
      <trkpt lat="49.214830" lon="20.243579"><ele>1429.2</ele></trkpt>
      <trkpt lat="49.214842" lon="20.243609"><ele>1429.0</ele></trkpt>
      <trkpt lat="49.214853" lon="20.243639"><ele>1428.6</ele></trkpt>
      <trkpt lat="49.214865" lon="20.243669"><ele>1428.4</ele></trkpt>
      <trkpt lat="49.214876" lon="20.243699"><ele>1428.2</ele></trkpt>
      <trkpt lat="49.214888" lon="20.243729"><ele>1428.0</ele></trkpt>
      <trkpt lat="49.214899" lon="20.243760"><ele>1427.6</ele></trkpt>
      <trkpt lat="49.214911" lon="20.243790"><ele>1427.2</ele></trkpt>
      <trkpt lat="49.214922" lon="20.243820"><ele>1427.0</ele></trkpt>
      <trkpt lat="49.214934" lon="20.243850"><ele>1426.8</ele></trkpt>
      <trkpt lat="49.214945" lon="20.243880"><ele>1426.4</ele></trkpt>
      <trkpt lat="49.214957" lon="20.243910"><ele>1426.2</ele></trkpt>
      <trkpt lat="49.214969" lon="20.243941"><ele>1426.0</ele></trkpt>
      <trkpt lat="49.214980" lon="20.243971"><ele>1425.8</ele></trkpt>
      <trkpt lat="49.214992" lon="20.244001"><ele>1425.6</ele></trkpt>
      <trkpt lat="49.215003" lon="20.244031"><ele>1425.4</ele></trkpt>
      <trkpt lat="49.215015" lon="20.244061"><ele>1425.2</ele></trkpt>
      <trkpt lat="49.215026" lon="20.244091"><ele>1425.0</ele></trkpt>
      <trkpt lat="49.215038" lon="20.244122"><ele>1424.8</ele></trkpt>
      <trkpt lat="49.215049" lon="20.244152"><ele>1424.6</ele></trkpt>
      <trkpt lat="49.215061" lon="20.244182"><ele>1424.4</ele></trkpt>
      <trkpt lat="49.215072" lon="20.244212"><ele>1424.2</ele></trkpt>
      <trkpt lat="49.215084" lon="20.244242"><ele>1423.8</ele></trkpt>
      <trkpt lat="49.215095" lon="20.244272"><ele>1423.2</ele></trkpt>
      <trkpt lat="49.215107" lon="20.244303"><ele>1422.8</ele></trkpt>
      <trkpt lat="49.215118" lon="20.244333"><ele>1422.4</ele></trkpt>
      <trkpt lat="49.215130" lon="20.244363"><ele>1422.0</ele></trkpt>
      <trkpt lat="49.215146" lon="20.244388"><ele>1421.8</ele></trkpt>
      <trkpt lat="49.215163" lon="20.244414"><ele>1421.4</ele></trkpt>
      <trkpt lat="49.215179" lon="20.244439"><ele>1421.2</ele></trkpt>
      <trkpt lat="49.215196" lon="20.244464"><ele>1420.8</ele></trkpt>
      <trkpt lat="49.215212" lon="20.244490"><ele>1420.4</ele></trkpt>
      <trkpt lat="49.215228" lon="20.244515"><ele>1420.2</ele></trkpt>
      <trkpt lat="49.215245" lon="20.244540"><ele>1419.8</ele></trkpt>
      <trkpt lat="49.215261" lon="20.244566"><ele>1419.6</ele></trkpt>
      <trkpt lat="49.215278" lon="20.244591"><ele>1419.2</ele></trkpt>
      <trkpt lat="49.215294" lon="20.244616"><ele>1419.0</ele></trkpt>
      <trkpt lat="49.215310" lon="20.244642"><ele>1418.6</ele></trkpt>
      <trkpt lat="49.215327" lon="20.244667"><ele>1418.4</ele></trkpt>
      <trkpt lat="49.215343" lon="20.244692"><ele>1418.2</ele></trkpt>
      <trkpt lat="49.215360" lon="20.244718"><ele>1418.0</ele></trkpt>
      <trkpt lat="49.215376" lon="20.244743"><ele>1417.8</ele></trkpt>
      <trkpt lat="49.215392" lon="20.244768"><ele>1417.4</ele></trkpt>
      <trkpt lat="49.215409" lon="20.244794"><ele>1417.0</ele></trkpt>
      <trkpt lat="49.215425" lon="20.244819"><ele>1416.6</ele></trkpt>
      <trkpt lat="49.215442" lon="20.244844"><ele>1416.4</ele></trkpt>
      <trkpt lat="49.215458" lon="20.244870"><ele>1416.0</ele></trkpt>
      <trkpt lat="49.215474" lon="20.244895"><ele>1415.8</ele></trkpt>
      <trkpt lat="49.215491" lon="20.244920"><ele>1415.4</ele></trkpt>
      <trkpt lat="49.215507" lon="20.244946"><ele>1415.2</ele></trkpt>
      <trkpt lat="49.215524" lon="20.244971"><ele>1414.8</ele></trkpt>
      <trkpt lat="49.215540" lon="20.244996"><ele>1414.6</ele></trkpt>
      <trkpt lat="49.215556" lon="20.245022"><ele>1414.4</ele></trkpt>
      <trkpt lat="49.215573" lon="20.245047"><ele>1414.2</ele></trkpt>
      <trkpt lat="49.215589" lon="20.245072"><ele>1414.0</ele></trkpt>
      <trkpt lat="49.215606" lon="20.245098"><ele>1413.8</ele></trkpt>
      <trkpt lat="49.215622" lon="20.245123"><ele>1413.6</ele></trkpt>
      <trkpt lat="49.215634" lon="20.245154"><ele>1413.4</ele></trkpt>
      <trkpt lat="49.215646" lon="20.245185"><ele>1413.2</ele></trkpt>
      <trkpt lat="49.215658" lon="20.245216"><ele>1413.0</ele></trkpt>
      <trkpt lat="49.215670" lon="20.245248"><ele>1412.8</ele></trkpt>
      <trkpt lat="49.215682" lon="20.245279"><ele>1412.4</ele></trkpt>
      <trkpt lat="49.215694" lon="20.245310"><ele>1412.4</ele></trkpt>
      <trkpt lat="49.215706" lon="20.245341"><ele>1412.2</ele></trkpt>
      <trkpt lat="49.215719" lon="20.245372"><ele>1412.0</ele></trkpt>
      <trkpt lat="49.215731" lon="20.245403"><ele>1411.6</ele></trkpt>
      <trkpt lat="49.215743" lon="20.245435"><ele>1411.4</ele></trkpt>
      <trkpt lat="49.215755" lon="20.245466"><ele>1411.0</ele></trkpt>
      <trkpt lat="49.215767" lon="20.245497"><ele>1410.8</ele></trkpt>
      <trkpt lat="49.215779" lon="20.245528"><ele>1410.4</ele></trkpt>
      <trkpt lat="49.215791" lon="20.245559"><ele>1410.2</ele></trkpt>
      <trkpt lat="49.215803" lon="20.245590"><ele>1409.8</ele></trkpt>
      <trkpt lat="49.215815" lon="20.245622"><ele>1409.6</ele></trkpt>
      <trkpt lat="49.215827" lon="20.245653"><ele>1409.4</ele></trkpt>
      <trkpt lat="49.215839" lon="20.245684"><ele>1409.2</ele></trkpt>
      <trkpt lat="49.215851" lon="20.245715"><ele>1409.2</ele></trkpt>
      <trkpt lat="49.215863" lon="20.245746"><ele>1409.0</ele></trkpt>
      <trkpt lat="49.215875" lon="20.245777"><ele>1408.6</ele></trkpt>
      <trkpt lat="49.215887" lon="20.245809"><ele>1408.4</ele></trkpt>
      <trkpt lat="49.215900" lon="20.245840"><ele>1408.2</ele></trkpt>
      <trkpt lat="49.215912" lon="20.245871"><ele>1407.8</ele></trkpt>
      <trkpt lat="49.215924" lon="20.245902"><ele>1407.4</ele></trkpt>
      <trkpt lat="49.215936" lon="20.245933"><ele>1406.8</ele></trkpt>
      <trkpt lat="49.215948" lon="20.245964"><ele>1406.6</ele></trkpt>
      <trkpt lat="49.215960" lon="20.245996"><ele>1406.2</ele></trkpt>
      <trkpt lat="49.215972" lon="20.246027"><ele>1405.8</ele></trkpt>
      <trkpt lat="49.215984" lon="20.246058"><ele>1405.6</ele></trkpt>
      <trkpt lat="49.216243" lon="20.247117"><ele>1399.8</ele></trkpt>
      <trkpt lat="49.216250" lon="20.247150"><ele>1399.6</ele></trkpt>
      <trkpt lat="49.216256" lon="20.247183"><ele>1399.4</ele></trkpt>
      <trkpt lat="49.216263" lon="20.247217"><ele>1399.2</ele></trkpt>
      <trkpt lat="49.216270" lon="20.247250"><ele>1399.0</ele></trkpt>
      <trkpt lat="49.216277" lon="20.247283"><ele>1398.6</ele></trkpt>
      <trkpt lat="49.216283" lon="20.247316"><ele>1398.4</ele></trkpt>
      <trkpt lat="49.216290" lon="20.247350"><ele>1397.8</ele></trkpt>
      <trkpt lat="49.216297" lon="20.247383"><ele>1397.4</ele></trkpt>
      <trkpt lat="49.216304" lon="20.247416"><ele>1397.2</ele></trkpt>
      <trkpt lat="49.216310" lon="20.247449"><ele>1397.0</ele></trkpt>
      <trkpt lat="49.216317" lon="20.247483"><ele>1396.8</ele></trkpt>
      <trkpt lat="49.216324" lon="20.247516"><ele>1396.6</ele></trkpt>
      <trkpt lat="49.216331" lon="20.247549"><ele>1396.4</ele></trkpt>
      <trkpt lat="49.216337" lon="20.247582"><ele>1396.4</ele></trkpt>
      <trkpt lat="49.216344" lon="20.247615"><ele>1396.4</ele></trkpt>
      <trkpt lat="49.216351" lon="20.247649"><ele>1396.4</ele></trkpt>
      <trkpt lat="49.216357" lon="20.247682"><ele>1396.2</ele></trkpt>
      <trkpt lat="49.216364" lon="20.247715"><ele>1395.6</ele></trkpt>
      <trkpt lat="49.216371" lon="20.247748"><ele>1395.2</ele></trkpt>
      <trkpt lat="49.216378" lon="20.247782"><ele>1395.2</ele></trkpt>
      <trkpt lat="49.216384" lon="20.247815"><ele>1395.2</ele></trkpt>
      <trkpt lat="49.216391" lon="20.247848"><ele>1395.2</ele></trkpt>
      <trkpt lat="49.216398" lon="20.247881"><ele>1395.2</ele></trkpt>
      <trkpt lat="49.216405" lon="20.247915"><ele>1395.4</ele></trkpt>
      <trkpt lat="49.216411" lon="20.247948"><ele>1395.2</ele></trkpt>
      <trkpt lat="49.216418" lon="20.247981"><ele>1395.0</ele></trkpt>
      <trkpt lat="49.216425" lon="20.248014"><ele>1394.8</ele></trkpt>
      <trkpt lat="49.216432" lon="20.248048"><ele>1394.4</ele></trkpt>
      <trkpt lat="49.216438" lon="20.248081"><ele>1394.2</ele></trkpt>
      <trkpt lat="49.216445" lon="20.248114"><ele>1393.6</ele></trkpt>
      <trkpt lat="49.216446" lon="20.248149"><ele>1393.0</ele></trkpt>
      <trkpt lat="49.216447" lon="20.248185"><ele>1392.6</ele></trkpt>
      <trkpt lat="49.216448" lon="20.248220"><ele>1392.0</ele></trkpt>
      <trkpt lat="49.216449" lon="20.248256"><ele>1391.6</ele></trkpt>
      <trkpt lat="49.216450" lon="20.248291"><ele>1391.2</ele></trkpt>
      <trkpt lat="49.216451" lon="20.248326"><ele>1391.0</ele></trkpt>
      <trkpt lat="49.216452" lon="20.248362"><ele>1390.6</ele></trkpt>
      <trkpt lat="49.216454" lon="20.248397"><ele>1390.4</ele></trkpt>
      <trkpt lat="49.216455" lon="20.248433"><ele>1390.0</ele></trkpt>
      <trkpt lat="49.216456" lon="20.248468"><ele>1390.0</ele></trkpt>
      <trkpt lat="49.216457" lon="20.248503"><ele>1390.0</ele></trkpt>
      <trkpt lat="49.216458" lon="20.248539"><ele>1390.2</ele></trkpt>
      <trkpt lat="49.216459" lon="20.248574"><ele>1390.4</ele></trkpt>
      <trkpt lat="49.216460" lon="20.248610"><ele>1390.4</ele></trkpt>
      <trkpt lat="49.216461" lon="20.248645"><ele>1390.4</ele></trkpt>
      <trkpt lat="49.216462" lon="20.248680"><ele>1390.2</ele></trkpt>
      <trkpt lat="49.216463" lon="20.248716"><ele>1390.0</ele></trkpt>
      <trkpt lat="49.216464" lon="20.248751"><ele>1390.0</ele></trkpt>
      <trkpt lat="49.216465" lon="20.248787"><ele>1389.8</ele></trkpt>
      <trkpt lat="49.216466" lon="20.248822"><ele>1389.8</ele></trkpt>
      <trkpt lat="49.216467" lon="20.248857"><ele>1389.8</ele></trkpt>
      <trkpt lat="49.216468" lon="20.248893"><ele>1389.4</ele></trkpt>
      <trkpt lat="49.216470" lon="20.248928"><ele>1389.0</ele></trkpt>
      <trkpt lat="49.216471" lon="20.248964"><ele>1388.6</ele></trkpt>
      <trkpt lat="49.216472" lon="20.248999"><ele>1388.2</ele></trkpt>
      <trkpt lat="49.216473" lon="20.249034"><ele>1387.6</ele></trkpt>
      <trkpt lat="49.216474" lon="20.249070"><ele>1387.0</ele></trkpt>
      <trkpt lat="49.216475" lon="20.249105"><ele>1386.8</ele></trkpt>
      <trkpt lat="49.216476" lon="20.249141"><ele>1386.6</ele></trkpt>
      <trkpt lat="49.216477" lon="20.249176"><ele>1386.4</ele></trkpt>
      <trkpt lat="49.216486" lon="20.249208"><ele>1386.0</ele></trkpt>
      <trkpt lat="49.216494" lon="20.249239"><ele>1385.6</ele></trkpt>
      <trkpt lat="49.216503" lon="20.249271"><ele>1385.2</ele></trkpt>
      <trkpt lat="49.216511" lon="20.249303"><ele>1384.8</ele></trkpt>
      <trkpt lat="49.216520" lon="20.249334"><ele>1384.2</ele></trkpt>
      <trkpt lat="49.216528" lon="20.249366"><ele>1383.8</ele></trkpt>
      <trkpt lat="49.216537" lon="20.249398"><ele>1383.6</ele></trkpt>
      <trkpt lat="49.216545" lon="20.249429"><ele>1383.8</ele></trkpt>
      <trkpt lat="49.216554" lon="20.249461"><ele>1383.8</ele></trkpt>
      <trkpt lat="49.216562" lon="20.249493"><ele>1383.4</ele></trkpt>
      <trkpt lat="49.216571" lon="20.249524"><ele>1382.6</ele></trkpt>
      <trkpt lat="49.216579" lon="20.249556"><ele>1382.0</ele></trkpt>
      <trkpt lat="49.216588" lon="20.249588"><ele>1381.6</ele></trkpt>
      <trkpt lat="49.216596" lon="20.249619"><ele>1381.2</ele></trkpt>
      <trkpt lat="49.216605" lon="20.249651"><ele>1381.0</ele></trkpt>
      <trkpt lat="49.216614" lon="20.249683"><ele>1380.6</ele></trkpt>
      <trkpt lat="49.216622" lon="20.249714"><ele>1380.2</ele></trkpt>
      <trkpt lat="49.216631" lon="20.249746"><ele>1379.6</ele></trkpt>
      <trkpt lat="49.216639" lon="20.249778"><ele>1379.2</ele></trkpt>
      <trkpt lat="49.216648" lon="20.249809"><ele>1378.8</ele></trkpt>
      <trkpt lat="49.216656" lon="20.249841"><ele>1378.8</ele></trkpt>
      <trkpt lat="49.216665" lon="20.249873"><ele>1378.6</ele></trkpt>
      <trkpt lat="49.216673" lon="20.249904"><ele>1378.4</ele></trkpt>
      <trkpt lat="49.216682" lon="20.249936"><ele>1378.0</ele></trkpt>
      <trkpt lat="49.216690" lon="20.249968"><ele>1377.8</ele></trkpt>
      <trkpt lat="49.216699" lon="20.249999"><ele>1377.6</ele></trkpt>
      <trkpt lat="49.216707" lon="20.250031"><ele>1377.4</ele></trkpt>
      <trkpt lat="49.216716" lon="20.250063"><ele>1377.2</ele></trkpt>
      <trkpt lat="49.216724" lon="20.250094"><ele>1376.8</ele></trkpt>
      <trkpt lat="49.216733" lon="20.250126"><ele>1376.4</ele></trkpt>
      <trkpt lat="49.216381" lon="20.251168"><ele>1369.4</ele></trkpt>
      <trkpt lat="49.216361" lon="20.251176"><ele>1368.6</ele></trkpt>
      <trkpt lat="49.216340" lon="20.251185"><ele>1368.2</ele></trkpt>
      <trkpt lat="49.216320" lon="20.251193"><ele>1368.0</ele></trkpt>
      <trkpt lat="49.216300" lon="20.251202"><ele>1367.6</ele></trkpt>
      <trkpt lat="49.216279" lon="20.251210"><ele>1367.4</ele></trkpt>
      <trkpt lat="49.216259" lon="20.251219"><ele>1367.0</ele></trkpt>
      <trkpt lat="49.216238" lon="20.251227"><ele>1366.8</ele></trkpt>
      <trkpt lat="49.216218" lon="20.251235"><ele>1366.4</ele></trkpt>
      <trkpt lat="49.216198" lon="20.251244"><ele>1365.8</ele></trkpt>
      <trkpt lat="49.216177" lon="20.251252"><ele>1365.6</ele></trkpt>
      <trkpt lat="49.216157" lon="20.251261"><ele>1365.4</ele></trkpt>
      <trkpt lat="49.216137" lon="20.251269"><ele>1365.2</ele></trkpt>
      <trkpt lat="49.216116" lon="20.251278"><ele>1365.0</ele></trkpt>
      <trkpt lat="49.216096" lon="20.251286"><ele>1364.6</ele></trkpt>
      <trkpt lat="49.216076" lon="20.251295"><ele>1364.2</ele></trkpt>
      <trkpt lat="49.216055" lon="20.251303"><ele>1364.0</ele></trkpt>
      <trkpt lat="49.216035" lon="20.251311"><ele>1363.8</ele></trkpt>
      <trkpt lat="49.216014" lon="20.251320"><ele>1363.2</ele></trkpt>
      <trkpt lat="49.215994" lon="20.251328"><ele>1362.6</ele></trkpt>
      <trkpt lat="49.215974" lon="20.251337"><ele>1362.0</ele></trkpt>
      <trkpt lat="49.215953" lon="20.251345"><ele>1361.6</ele></trkpt>
      <trkpt lat="49.215933" lon="20.251354"><ele>1361.4</ele></trkpt>
      <trkpt lat="49.215913" lon="20.251362"><ele>1361.2</ele></trkpt>
      <trkpt lat="49.215892" lon="20.251370"><ele>1361.0</ele></trkpt>
      <trkpt lat="49.215872" lon="20.251379"><ele>1360.8</ele></trkpt>
      <trkpt lat="49.215851" lon="20.251387"><ele>1360.6</ele></trkpt>
      <trkpt lat="49.215831" lon="20.251396"><ele>1360.4</ele></trkpt>
      <trkpt lat="49.215811" lon="20.251404"><ele>1360.0</ele></trkpt>
      <trkpt lat="49.215790" lon="20.251413"><ele>1359.6</ele></trkpt>
      <trkpt lat="49.215770" lon="20.251421"><ele>1359.4</ele></trkpt>
      <trkpt lat="49.214995" lon="20.252133"><ele>1350.6</ele></trkpt>
      <trkpt lat="49.214980" lon="20.252156"><ele>1350.2</ele></trkpt>
      <trkpt lat="49.214966" lon="20.252179"><ele>1350.0</ele></trkpt>
      <trkpt lat="49.214951" lon="20.252202"><ele>1349.8</ele></trkpt>
      <trkpt lat="49.214936" lon="20.252224"><ele>1349.6</ele></trkpt>
      <trkpt lat="49.214922" lon="20.252247"><ele>1349.6</ele></trkpt>
      <trkpt lat="49.214907" lon="20.252270"><ele>1349.4</ele></trkpt>
      <trkpt lat="49.214892" lon="20.252293"><ele>1349.0</ele></trkpt>
      <trkpt lat="49.214877" lon="20.252316"><ele>1348.8</ele></trkpt>
      <trkpt lat="49.214863" lon="20.252339"><ele>1348.8</ele></trkpt>
      <trkpt lat="49.214848" lon="20.252361"><ele>1348.6</ele></trkpt>
      <trkpt lat="49.214833" lon="20.252384"><ele>1348.2</ele></trkpt>
      <trkpt lat="49.214819" lon="20.252407"><ele>1347.8</ele></trkpt>
      <trkpt lat="49.214804" lon="20.252430"><ele>1347.4</ele></trkpt>
      <trkpt lat="49.214789" lon="20.252453"><ele>1347.0</ele></trkpt>
      <trkpt lat="49.214775" lon="20.252476"><ele>1346.4</ele></trkpt>
      <trkpt lat="49.214760" lon="20.252498"><ele>1346.2</ele></trkpt>
      <trkpt lat="49.214745" lon="20.252521"><ele>1345.8</ele></trkpt>
      <trkpt lat="49.214730" lon="20.252544"><ele>1345.8</ele></trkpt>
      <trkpt lat="49.214716" lon="20.252567"><ele>1345.6</ele></trkpt>
      <trkpt lat="49.214701" lon="20.252590"><ele>1345.4</ele></trkpt>
      <trkpt lat="49.214686" lon="20.252613"><ele>1344.8</ele></trkpt>
      <trkpt lat="49.214672" lon="20.252635"><ele>1344.4</ele></trkpt>
      <trkpt lat="49.214657" lon="20.252658"><ele>1344.2</ele></trkpt>
      <trkpt lat="49.214642" lon="20.252681"><ele>1343.8</ele></trkpt>
      <trkpt lat="49.214628" lon="20.252704"><ele>1343.6</ele></trkpt>
      <trkpt lat="49.214613" lon="20.252727"><ele>1343.0</ele></trkpt>
      <trkpt lat="49.214598" lon="20.252750"><ele>1342.4</ele></trkpt>
      <trkpt lat="49.214583" lon="20.252772"><ele>1342.2</ele></trkpt>
      <trkpt lat="49.214569" lon="20.252795"><ele>1341.8</ele></trkpt>
      <trkpt lat="49.214554" lon="20.252818"><ele>1341.4</ele></trkpt>
      <trkpt lat="49.214533" lon="20.252834"><ele>1341.0</ele></trkpt>
      <trkpt lat="49.214513" lon="20.252850"><ele>1341.0</ele></trkpt>
      <trkpt lat="49.214492" lon="20.252866"><ele>1341.0</ele></trkpt>
      <trkpt lat="49.214472" lon="20.252882"><ele>1341.2</ele></trkpt>
      <trkpt lat="49.214451" lon="20.252898"><ele>1341.4</ele></trkpt>
      <trkpt lat="49.214430" lon="20.252914"><ele>1341.2</ele></trkpt>
      <trkpt lat="49.214410" lon="20.252930"><ele>1340.8</ele></trkpt>
      <trkpt lat="49.214389" lon="20.252945"><ele>1340.6</ele></trkpt>
      <trkpt lat="49.214369" lon="20.252961"><ele>1340.6</ele></trkpt>
      <trkpt lat="49.214348" lon="20.252977"><ele>1340.2</ele></trkpt>
      <trkpt lat="49.214327" lon="20.252993"><ele>1340.0</ele></trkpt>
      <trkpt lat="49.214307" lon="20.253009"><ele>1339.6</ele></trkpt>
      <trkpt lat="49.214286" lon="20.253025"><ele>1339.4</ele></trkpt>
      <trkpt lat="49.214266" lon="20.253041"><ele>1339.0</ele></trkpt>
      <trkpt lat="49.214245" lon="20.253057"><ele>1338.8</ele></trkpt>
      <trkpt lat="49.214224" lon="20.253073"><ele>1338.4</ele></trkpt>
      <trkpt lat="49.214204" lon="20.253089"><ele>1338.2</ele></trkpt>
      <trkpt lat="49.214183" lon="20.253105"><ele>1338.0</ele></trkpt>
      <trkpt lat="49.214163" lon="20.253121"><ele>1337.6</ele></trkpt>
      <trkpt lat="49.214142" lon="20.253137"><ele>1337.4</ele></trkpt>
      <trkpt lat="49.214121" lon="20.253153"><ele>1337.0</ele></trkpt>
      <trkpt lat="49.214101" lon="20.253169"><ele>1336.6</ele></trkpt>
      <trkpt lat="49.214080" lon="20.253184"><ele>1336.2</ele></trkpt>
      <trkpt lat="49.214060" lon="20.253200"><ele>1336.0</ele></trkpt>
      <trkpt lat="49.214039" lon="20.253216"><ele>1335.8</ele></trkpt>
      <trkpt lat="49.214018" lon="20.253232"><ele>1335.2</ele></trkpt>
      <trkpt lat="49.213998" lon="20.253248"><ele>1335.0</ele></trkpt>
      <trkpt lat="49.213977" lon="20.253264"><ele>1334.8</ele></trkpt>
      <trkpt lat="49.213957" lon="20.253280"><ele>1334.4</ele></trkpt>
      <trkpt lat="49.213936" lon="20.253296"><ele>1334.0</ele></trkpt>
      <trkpt lat="49.213950" lon="20.253317"><ele>1333.6</ele></trkpt>
      <trkpt lat="49.213964" lon="20.253339"><ele>1333.6</ele></trkpt>
      <trkpt lat="49.213978" lon="20.253360"><ele>1333.6</ele></trkpt>
      <trkpt lat="49.213992" lon="20.253382"><ele>1333.6</ele></trkpt>
      <trkpt lat="49.214006" lon="20.253403"><ele>1333.8</ele></trkpt>
      <trkpt lat="49.214020" lon="20.253425"><ele>1333.6</ele></trkpt>
      <trkpt lat="49.214034" lon="20.253446"><ele>1333.4</ele></trkpt>
      <trkpt lat="49.214048" lon="20.253467"><ele>1333.0</ele></trkpt>
      <trkpt lat="49.214062" lon="20.253489"><ele>1332.6</ele></trkpt>
      <trkpt lat="49.214076" lon="20.253510"><ele>1332.0</ele></trkpt>
      <trkpt lat="49.214090" lon="20.253532"><ele>1331.4</ele></trkpt>
      <trkpt lat="49.214104" lon="20.253553"><ele>1331.0</ele></trkpt>
      <trkpt lat="49.214118" lon="20.253575"><ele>1330.6</ele></trkpt>
      <trkpt lat="49.214132" lon="20.253596"><ele>1330.2</ele></trkpt>
      <trkpt lat="49.214146" lon="20.253617"><ele>1330.2</ele></trkpt>
      <trkpt lat="49.214159" lon="20.253639"><ele>1330.2</ele></trkpt>
      <trkpt lat="49.214173" lon="20.253660"><ele>1329.8</ele></trkpt>
      <trkpt lat="49.214187" lon="20.253682"><ele>1329.4</ele></trkpt>
      <trkpt lat="49.214201" lon="20.253703"><ele>1329.2</ele></trkpt>
      <trkpt lat="49.214215" lon="20.253725"><ele>1329.2</ele></trkpt>
      <trkpt lat="49.214229" lon="20.253746"><ele>1329.0</ele></trkpt>
      <trkpt lat="49.214243" lon="20.253768"><ele>1328.8</ele></trkpt>
      <trkpt lat="49.214257" lon="20.253789"><ele>1328.6</ele></trkpt>
      <trkpt lat="49.214271" lon="20.253810"><ele>1327.8</ele></trkpt>
      <trkpt lat="49.214285" lon="20.253832"><ele>1327.2</ele></trkpt>
      <trkpt lat="49.214299" lon="20.253853"><ele>1326.8</ele></trkpt>
      <trkpt lat="49.214313" lon="20.253875"><ele>1326.4</ele></trkpt>
      <trkpt lat="49.214327" lon="20.253896"><ele>1326.0</ele></trkpt>
      <trkpt lat="49.214341" lon="20.253918"><ele>1325.8</ele></trkpt>
      <trkpt lat="49.214355" lon="20.253939"><ele>1326.0</ele></trkpt>
      <trkpt lat="49.214369" lon="20.253956"><ele>1326.0</ele></trkpt>
      <trkpt lat="49.214383" lon="20.253973"><ele>1325.4</ele></trkpt>
      <trkpt lat="49.214398" lon="20.253989"><ele>1324.4</ele></trkpt>
      <trkpt lat="49.214412" lon="20.254006"><ele>1324.0</ele></trkpt>
      <trkpt lat="49.214426" lon="20.254023"><ele>1324.0</ele></trkpt>
      <trkpt lat="49.214440" lon="20.254040"><ele>1323.8</ele></trkpt>
      <trkpt lat="49.214454" lon="20.254057"><ele>1323.4</ele></trkpt>
      <trkpt lat="49.214468" lon="20.254074"><ele>1322.2</ele></trkpt>
      <trkpt lat="49.214483" lon="20.254090"><ele>1321.8</ele></trkpt>
      <trkpt lat="49.214497" lon="20.254107"><ele>1321.8</ele></trkpt>
      <trkpt lat="49.214511" lon="20.254124"><ele>1321.8</ele></trkpt>
      <trkpt lat="49.214525" lon="20.254141"><ele>1321.2</ele></trkpt>
      <trkpt lat="49.214539" lon="20.254158"><ele>1320.6</ele></trkpt>
      <trkpt lat="49.214554" lon="20.254175"><ele>1320.2</ele></trkpt>
      <trkpt lat="49.214568" lon="20.254191"><ele>1319.8</ele></trkpt>
      <trkpt lat="49.214582" lon="20.254208"><ele>1319.6</ele></trkpt>
      <trkpt lat="49.214596" lon="20.254225"><ele>1319.2</ele></trkpt>
      <trkpt lat="49.214610" lon="20.254242"><ele>1318.6</ele></trkpt>
      <trkpt lat="49.214625" lon="20.254259"><ele>1318.4</ele></trkpt>
      <trkpt lat="49.214619" lon="20.254287"><ele>1318.2</ele></trkpt>
      <trkpt lat="49.214604" lon="20.254304"><ele>1318.0</ele></trkpt>
      <trkpt lat="49.214589" lon="20.254321"><ele>1318.0</ele></trkpt>
      <trkpt lat="49.214574" lon="20.254338"><ele>1318.0</ele></trkpt>
      <trkpt lat="49.214559" lon="20.254355"><ele>1318.0</ele></trkpt>
      <trkpt lat="49.214544" lon="20.254372"><ele>1318.2</ele></trkpt>
      <trkpt lat="49.214529" lon="20.254389"><ele>1318.0</ele></trkpt>
      <trkpt lat="49.214513" lon="20.254406"><ele>1317.6</ele></trkpt>
      <trkpt lat="49.214498" lon="20.254423"><ele>1317.0</ele></trkpt>
      <trkpt lat="49.214483" lon="20.254440"><ele>1316.4</ele></trkpt>
      <trkpt lat="49.214468" lon="20.254457"><ele>1316.0</ele></trkpt>
      <trkpt lat="49.214453" lon="20.254474"><ele>1315.8</ele></trkpt>
      <trkpt lat="49.214438" lon="20.254491"><ele>1315.2</ele></trkpt>
      <trkpt lat="49.214423" lon="20.254508"><ele>1315.0</ele></trkpt>
      <trkpt lat="49.214408" lon="20.254525"><ele>1314.6</ele></trkpt>
      <trkpt lat="49.214393" lon="20.254541"><ele>1314.6</ele></trkpt>
      <trkpt lat="49.214378" lon="20.254558"><ele>1314.6</ele></trkpt>
      <trkpt lat="49.214363" lon="20.254575"><ele>1314.8</ele></trkpt>
      <trkpt lat="49.214348" lon="20.254592"><ele>1315.0</ele></trkpt>
      <trkpt lat="49.214333" lon="20.254609"><ele>1315.2</ele></trkpt>
      <trkpt lat="49.214318" lon="20.254626"><ele>1315.2</ele></trkpt>
      <trkpt lat="49.214303" lon="20.254643"><ele>1314.8</ele></trkpt>
      <trkpt lat="49.214287" lon="20.254660"><ele>1314.4</ele></trkpt>
      <trkpt lat="49.214272" lon="20.254677"><ele>1314.2</ele></trkpt>
      <trkpt lat="49.214257" lon="20.254694"><ele>1313.8</ele></trkpt>
      <trkpt lat="49.214242" lon="20.254711"><ele>1314.0</ele></trkpt>
      <trkpt lat="49.214227" lon="20.254728"><ele>1314.8</ele></trkpt>
      <trkpt lat="49.214212" lon="20.254745"><ele>1315.2</ele></trkpt>
      <trkpt lat="49.214197" lon="20.254762"><ele>1314.8</ele></trkpt>
      <trkpt lat="49.214182" lon="20.254779"><ele>1314.0</ele></trkpt>
      <trkpt lat="49.214160" lon="20.254786"><ele>1313.6</ele></trkpt>
      <trkpt lat="49.214139" lon="20.254794"><ele>1313.0</ele></trkpt>
      <trkpt lat="49.214117" lon="20.254801"><ele>1312.6</ele></trkpt>
      <trkpt lat="49.214096" lon="20.254808"><ele>1312.2</ele></trkpt>
      <trkpt lat="49.214074" lon="20.254815"><ele>1312.0</ele></trkpt>
      <trkpt lat="49.214053" lon="20.254823"><ele>1311.4</ele></trkpt>
      <trkpt lat="49.214031" lon="20.254830"><ele>1311.0</ele></trkpt>
      <trkpt lat="49.214010" lon="20.254837"><ele>1310.2</ele></trkpt>
      <trkpt lat="49.213988" lon="20.254844"><ele>1309.6</ele></trkpt>
      <trkpt lat="49.213967" lon="20.254852"><ele>1309.4</ele></trkpt>
      <trkpt lat="49.213945" lon="20.254859"><ele>1309.0</ele></trkpt>
      <trkpt lat="49.213924" lon="20.254866"><ele>1309.0</ele></trkpt>
      <trkpt lat="49.213902" lon="20.254873"><ele>1309.2</ele></trkpt>
      <trkpt lat="49.213881" lon="20.254881"><ele>1309.8</ele></trkpt>
      <trkpt lat="49.213859" lon="20.254888"><ele>1310.0</ele></trkpt>
      <trkpt lat="49.213837" lon="20.254895"><ele>1309.8</ele></trkpt>
      <trkpt lat="49.213816" lon="20.254903"><ele>1309.2</ele></trkpt>
      <trkpt lat="49.213794" lon="20.254910"><ele>1308.0</ele></trkpt>
      <trkpt lat="49.213773" lon="20.254917"><ele>1306.8</ele></trkpt>
      <trkpt lat="49.213751" lon="20.254924"><ele>1306.0</ele></trkpt>
      <trkpt lat="49.213730" lon="20.254932"><ele>1305.8</ele></trkpt>
      <trkpt lat="49.213708" lon="20.254939"><ele>1306.4</ele></trkpt>
      <trkpt lat="49.213687" lon="20.254946"><ele>1306.6</ele></trkpt>
      <trkpt lat="49.213665" lon="20.254953"><ele>1306.2</ele></trkpt>
      <trkpt lat="49.213644" lon="20.254961"><ele>1305.4</ele></trkpt>
      <trkpt lat="49.213622" lon="20.254968"><ele>1304.6</ele></trkpt>
      <trkpt lat="49.213601" lon="20.254975"><ele>1304.4</ele></trkpt>
      <trkpt lat="49.213579" lon="20.254982"><ele>1303.8</ele></trkpt>
      <trkpt lat="49.213558" lon="20.254990"><ele>1304.0</ele></trkpt>
      <trkpt lat="49.213536" lon="20.254997"><ele>1303.6</ele></trkpt>
      <trkpt lat="49.213515" lon="20.255012"><ele>1303.0</ele></trkpt>
      <trkpt lat="49.213494" lon="20.255026"><ele>1302.6</ele></trkpt>
      <trkpt lat="49.213474" lon="20.255041"><ele>1302.4</ele></trkpt>
      <trkpt lat="49.213453" lon="20.255055"><ele>1302.6</ele></trkpt>
      <trkpt lat="49.213432" lon="20.255070"><ele>1302.6</ele></trkpt>
      <trkpt lat="49.213411" lon="20.255084"><ele>1302.6</ele></trkpt>
      <trkpt lat="49.213390" lon="20.255099"><ele>1302.6</ele></trkpt>
      <trkpt lat="49.213370" lon="20.255114"><ele>1302.4</ele></trkpt>
      <trkpt lat="49.213349" lon="20.255128"><ele>1302.0</ele></trkpt>
      <trkpt lat="49.213328" lon="20.255143"><ele>1301.6</ele></trkpt>
      <trkpt lat="49.213307" lon="20.255157"><ele>1301.2</ele></trkpt>
      <trkpt lat="49.213286" lon="20.255172"><ele>1301.4</ele></trkpt>
      <trkpt lat="49.213266" lon="20.255186"><ele>1301.4</ele></trkpt>
      <trkpt lat="49.213245" lon="20.255201"><ele>1301.2</ele></trkpt>
      <trkpt lat="49.213224" lon="20.255216"><ele>1301.2</ele></trkpt>
      <trkpt lat="49.213203" lon="20.255230"><ele>1301.2</ele></trkpt>
      <trkpt lat="49.213182" lon="20.255245"><ele>1301.2</ele></trkpt>
      <trkpt lat="49.213162" lon="20.255259"><ele>1301.2</ele></trkpt>
      <trkpt lat="49.213141" lon="20.255274"><ele>1300.8</ele></trkpt>
      <trkpt lat="49.213120" lon="20.255288"><ele>1300.4</ele></trkpt>
      <trkpt lat="49.213099" lon="20.255303"><ele>1300.0</ele></trkpt>
      <trkpt lat="49.213078" lon="20.255317"><ele>1299.8</ele></trkpt>
      <trkpt lat="49.213058" lon="20.255332"><ele>1299.6</ele></trkpt>
      <trkpt lat="49.213037" lon="20.255347"><ele>1299.6</ele></trkpt>
      <trkpt lat="49.213016" lon="20.255361"><ele>1299.0</ele></trkpt>
      <trkpt lat="49.212995" lon="20.255376"><ele>1298.4</ele></trkpt>
      <trkpt lat="49.212974" lon="20.255390"><ele>1297.8</ele></trkpt>
      <trkpt lat="49.212954" lon="20.255405"><ele>1297.2</ele></trkpt>
      <trkpt lat="49.212933" lon="20.255419"><ele>1296.8</ele></trkpt>
      <trkpt lat="49.212912" lon="20.255434"><ele>1297.0</ele></trkpt>
      <trkpt lat="49.212893" lon="20.255446"><ele>1297.0</ele></trkpt>
      <trkpt lat="49.212873" lon="20.255459"><ele>1296.8</ele></trkpt>
      <trkpt lat="49.212854" lon="20.255471"><ele>1296.6</ele></trkpt>
      <trkpt lat="49.212834" lon="20.255483"><ele>1296.4</ele></trkpt>
      <trkpt lat="49.212815" lon="20.255496"><ele>1296.4</ele></trkpt>
      <trkpt lat="49.212796" lon="20.255508"><ele>1296.0</ele></trkpt>
      <trkpt lat="49.212776" lon="20.255521"><ele>1295.8</ele></trkpt>
      <trkpt lat="49.212757" lon="20.255533"><ele>1295.6</ele></trkpt>
      <trkpt lat="49.212737" lon="20.255545"><ele>1295.2</ele></trkpt>
      <trkpt lat="49.212718" lon="20.255558"><ele>1295.0</ele></trkpt>
      <trkpt lat="49.212699" lon="20.255570"><ele>1294.6</ele></trkpt>
      <trkpt lat="49.212679" lon="20.255582"><ele>1294.2</ele></trkpt>
      <trkpt lat="49.212660" lon="20.255595"><ele>1293.6</ele></trkpt>
      <trkpt lat="49.212640" lon="20.255607"><ele>1293.2</ele></trkpt>
      <trkpt lat="49.212621" lon="20.255620"><ele>1292.8</ele></trkpt>
      <trkpt lat="49.212602" lon="20.255632"><ele>1292.6</ele></trkpt>
      <trkpt lat="49.212582" lon="20.255644"><ele>1292.4</ele></trkpt>
      <trkpt lat="49.212563" lon="20.255657"><ele>1292.2</ele></trkpt>
      <trkpt lat="49.212543" lon="20.255669"><ele>1291.8</ele></trkpt>
      <trkpt lat="49.212524" lon="20.255681"><ele>1291.4</ele></trkpt>
      <trkpt lat="49.212505" lon="20.255694"><ele>1291.4</ele></trkpt>
      <trkpt lat="49.212485" lon="20.255706"><ele>1291.4</ele></trkpt>
      <trkpt lat="49.212466" lon="20.255718"><ele>1291.4</ele></trkpt>
      <trkpt lat="49.212446" lon="20.255731"><ele>1291.4</ele></trkpt>
      <trkpt lat="49.212427" lon="20.255743"><ele>1291.4</ele></trkpt>
      <trkpt lat="49.212408" lon="20.255756"><ele>1291.2</ele></trkpt>
      <trkpt lat="49.212388" lon="20.255768"><ele>1291.2</ele></trkpt>
      <trkpt lat="49.212369" lon="20.255780"><ele>1291.0</ele></trkpt>
      <trkpt lat="49.212349" lon="20.255793"><ele>1290.6</ele></trkpt>
      <trkpt lat="49.212330" lon="20.255805"><ele>1290.2</ele></trkpt>
      <trkpt lat="49.211667" lon="20.256446"><ele>1286.0</ele></trkpt>
      <trkpt lat="49.210931" lon="20.256814"><ele>1280.2</ele></trkpt>
      <trkpt lat="49.209958" lon="20.257245"><ele>1272.6</ele></trkpt>
      <trkpt lat="49.209946" lon="20.257274"><ele>1272.8</ele></trkpt>
      <trkpt lat="49.209935" lon="20.257304"><ele>1272.6</ele></trkpt>
      <trkpt lat="49.209923" lon="20.257333"><ele>1272.0</ele></trkpt>
      <trkpt lat="49.209912" lon="20.257362"><ele>1271.8</ele></trkpt>
      <trkpt lat="49.209900" lon="20.257392"><ele>1271.6</ele></trkpt>
      <trkpt lat="49.209888" lon="20.257421"><ele>1271.6</ele></trkpt>
      <trkpt lat="49.209877" lon="20.257450"><ele>1271.4</ele></trkpt>
      <trkpt lat="49.209865" lon="20.257480"><ele>1271.6</ele></trkpt>
      <trkpt lat="49.209854" lon="20.257509"><ele>1271.2</ele></trkpt>
      <trkpt lat="49.209842" lon="20.257538"><ele>1270.8</ele></trkpt>
      <trkpt lat="49.209830" lon="20.257568"><ele>1270.6</ele></trkpt>
      <trkpt lat="49.209819" lon="20.257597"><ele>1270.6</ele></trkpt>
      <trkpt lat="49.209807" lon="20.257626"><ele>1270.4</ele></trkpt>
      <trkpt lat="49.209796" lon="20.257656"><ele>1270.0</ele></trkpt>
      <trkpt lat="49.209784" lon="20.257685"><ele>1269.6</ele></trkpt>
      <trkpt lat="49.209772" lon="20.257714"><ele>1269.4</ele></trkpt>
      <trkpt lat="49.209761" lon="20.257744"><ele>1269.2</ele></trkpt>
      <trkpt lat="49.209749" lon="20.257773"><ele>1269.0</ele></trkpt>
      <trkpt lat="49.209738" lon="20.257802"><ele>1269.4</ele></trkpt>
      <trkpt lat="49.209726" lon="20.257832"><ele>1269.4</ele></trkpt>
      <trkpt lat="49.209714" lon="20.257861"><ele>1268.8</ele></trkpt>
      <trkpt lat="49.209703" lon="20.257890"><ele>1268.2</ele></trkpt>
      <trkpt lat="49.209691" lon="20.257920"><ele>1268.0</ele></trkpt>
      <trkpt lat="49.209680" lon="20.257949"><ele>1268.2</ele></trkpt>
      <trkpt lat="49.209668" lon="20.257978"><ele>1268.4</ele></trkpt>
      <trkpt lat="49.209656" lon="20.258008"><ele>1268.4</ele></trkpt>
      <trkpt lat="49.209645" lon="20.258037"><ele>1268.6</ele></trkpt>
      <trkpt lat="49.209633" lon="20.258066"><ele>1269.0</ele></trkpt>
      <trkpt lat="49.209622" lon="20.258096"><ele>1269.2</ele></trkpt>
      <trkpt lat="49.209610" lon="20.258125"><ele>1269.2</ele></trkpt>
      <trkpt lat="49.209591" lon="20.258135"><ele>1268.8</ele></trkpt>
      <trkpt lat="49.209572" lon="20.258145"><ele>1268.8</ele></trkpt>
      <trkpt lat="49.209553" lon="20.258155"><ele>1268.6</ele></trkpt>
      <trkpt lat="49.209534" lon="20.258164"><ele>1268.4</ele></trkpt>
      <trkpt lat="49.209515" lon="20.258174"><ele>1268.6</ele></trkpt>
      <trkpt lat="49.209496" lon="20.258184"><ele>1268.6</ele></trkpt>
      <trkpt lat="49.209477" lon="20.258194"><ele>1268.8</ele></trkpt>
      <trkpt lat="49.209458" lon="20.258204"><ele>1269.0</ele></trkpt>
      <trkpt lat="49.209439" lon="20.258214"><ele>1269.4</ele></trkpt>
      <trkpt lat="49.209420" lon="20.258224"><ele>1269.6</ele></trkpt>
      <trkpt lat="49.209401" lon="20.258234"><ele>1269.2</ele></trkpt>
      <trkpt lat="49.209382" lon="20.258243"><ele>1269.0</ele></trkpt>
      <trkpt lat="49.209363" lon="20.258253"><ele>1269.0</ele></trkpt>
      <trkpt lat="49.209344" lon="20.258263"><ele>1270.0</ele></trkpt>
      <trkpt lat="49.209325" lon="20.258273"><ele>1271.2</ele></trkpt>
      <trkpt lat="49.209306" lon="20.258283"><ele>1272.0</ele></trkpt>
      <trkpt lat="49.209287" lon="20.258293"><ele>1271.8</ele></trkpt>
      <trkpt lat="49.209268" lon="20.258303"><ele>1270.6</ele></trkpt>
      <trkpt lat="49.209249" lon="20.258312"><ele>1269.8</ele></trkpt>
      <trkpt lat="49.209230" lon="20.258322"><ele>1269.0</ele></trkpt>
      <trkpt lat="49.209211" lon="20.258332"><ele>1268.8</ele></trkpt>
      <trkpt lat="49.209192" lon="20.258342"><ele>1269.0</ele></trkpt>
      <trkpt lat="49.209173" lon="20.258352"><ele>1269.2</ele></trkpt>
      <trkpt lat="49.209154" lon="20.258362"><ele>1269.4</ele></trkpt>
      <trkpt lat="49.209135" lon="20.258372"><ele>1269.6</ele></trkpt>
      <trkpt lat="49.209116" lon="20.258382"><ele>1269.8</ele></trkpt>
      <trkpt lat="49.209097" lon="20.258391"><ele>1269.6</ele></trkpt>
      <trkpt lat="49.209078" lon="20.258401"><ele>1269.6</ele></trkpt>
      <trkpt lat="49.209059" lon="20.258411"><ele>1269.8</ele></trkpt>
      <trkpt lat="49.209040" lon="20.258421"><ele>1269.8</ele></trkpt>
      <trkpt lat="49.208330" lon="20.259126"><ele>1268.6</ele></trkpt>
      <trkpt lat="49.207536" lon="20.259560"><ele>1265.6</ele></trkpt>
      <trkpt lat="49.206822" lon="20.259698"><ele>1255.8</ele></trkpt>
      <trkpt lat="49.206809" lon="20.259726"><ele>1256.8</ele></trkpt>
      <trkpt lat="49.206795" lon="20.259753"><ele>1257.2</ele></trkpt>
      <trkpt lat="49.206782" lon="20.259781"><ele>1257.0</ele></trkpt>
      <trkpt lat="49.206769" lon="20.259809"><ele>1256.6</ele></trkpt>
      <trkpt lat="49.206755" lon="20.259836"><ele>1256.4</ele></trkpt>
      <trkpt lat="49.206742" lon="20.259864"><ele>1256.4</ele></trkpt>
      <trkpt lat="49.206729" lon="20.259892"><ele>1256.4</ele></trkpt>
      <trkpt lat="49.206715" lon="20.259919"><ele>1256.2</ele></trkpt>
      <trkpt lat="49.206702" lon="20.259947"><ele>1256.2</ele></trkpt>
      <trkpt lat="49.206689" lon="20.259975"><ele>1256.2</ele></trkpt>
      <trkpt lat="49.206675" lon="20.260002"><ele>1256.0</ele></trkpt>
      <trkpt lat="49.206662" lon="20.260030"><ele>1255.8</ele></trkpt>
      <trkpt lat="49.206649" lon="20.260058"><ele>1255.6</ele></trkpt>
      <trkpt lat="49.206635" lon="20.260085"><ele>1255.2</ele></trkpt>
      <trkpt lat="49.206622" lon="20.260113"><ele>1255.0</ele></trkpt>
      <trkpt lat="49.206609" lon="20.260141"><ele>1254.8</ele></trkpt>
      <trkpt lat="49.206595" lon="20.260168"><ele>1254.8</ele></trkpt>
      <trkpt lat="49.206582" lon="20.260196"><ele>1254.4</ele></trkpt>
      <trkpt lat="49.206569" lon="20.260224"><ele>1254.0</ele></trkpt>
      <trkpt lat="49.206555" lon="20.260251"><ele>1253.8</ele></trkpt>
      <trkpt lat="49.206542" lon="20.260279"><ele>1253.4</ele></trkpt>
      <trkpt lat="49.206529" lon="20.260307"><ele>1253.0</ele></trkpt>
      <trkpt lat="49.206515" lon="20.260334"><ele>1252.8</ele></trkpt>
      <trkpt lat="49.206502" lon="20.260362"><ele>1252.2</ele></trkpt>
      <trkpt lat="49.206489" lon="20.260390"><ele>1251.2</ele></trkpt>
      <trkpt lat="49.206475" lon="20.260417"><ele>1250.6</ele></trkpt>
      <trkpt lat="49.206462" lon="20.260445"><ele>1250.4</ele></trkpt>
      <trkpt lat="49.206449" lon="20.260473"><ele>1250.2</ele></trkpt>
      <trkpt lat="49.206435" lon="20.260500"><ele>1250.0</ele></trkpt>
      <trkpt lat="49.206422" lon="20.260528"><ele>1250.0</ele></trkpt>
      <trkpt lat="49.206418" lon="20.260554"><ele>1250.2</ele></trkpt>
      <trkpt lat="49.206414" lon="20.260579"><ele>1250.4</ele></trkpt>
      <trkpt lat="49.206411" lon="20.260605"><ele>1250.6</ele></trkpt>
      <trkpt lat="49.206407" lon="20.260630"><ele>1250.6</ele></trkpt>
      <trkpt lat="49.206403" lon="20.260656"><ele>1250.4</ele></trkpt>
      <trkpt lat="49.206399" lon="20.260682"><ele>1250.0</ele></trkpt>
      <trkpt lat="49.206395" lon="20.260707"><ele>1249.4</ele></trkpt>
      <trkpt lat="49.206391" lon="20.260733"><ele>1248.8</ele></trkpt>
      <trkpt lat="49.206388" lon="20.260758"><ele>1248.6</ele></trkpt>
      <trkpt lat="49.206384" lon="20.260784"><ele>1248.2</ele></trkpt>
      <trkpt lat="49.206380" lon="20.260810"><ele>1247.8</ele></trkpt>
      <trkpt lat="49.206376" lon="20.260835"><ele>1247.2</ele></trkpt>
      <trkpt lat="49.206372" lon="20.260861"><ele>1246.8</ele></trkpt>
      <trkpt lat="49.206368" lon="20.260886"><ele>1246.4</ele></trkpt>
      <trkpt lat="49.206365" lon="20.260912"><ele>1246.0</ele></trkpt>
      <trkpt lat="49.206361" lon="20.260938"><ele>1246.0</ele></trkpt>
      <trkpt lat="49.206357" lon="20.260963"><ele>1245.6</ele></trkpt>
      <trkpt lat="49.206353" lon="20.260989"><ele>1245.4</ele></trkpt>
      <trkpt lat="49.206349" lon="20.261014"><ele>1245.0</ele></trkpt>
      <trkpt lat="49.206345" lon="20.261040"><ele>1244.6</ele></trkpt>
      <trkpt lat="49.206342" lon="20.261066"><ele>1244.2</ele></trkpt>
      <trkpt lat="49.206338" lon="20.261091"><ele>1244.0</ele></trkpt>
      <trkpt lat="49.206334" lon="20.261117"><ele>1243.8</ele></trkpt>
      <trkpt lat="49.206330" lon="20.261142"><ele>1243.4</ele></trkpt>
      <trkpt lat="49.206326" lon="20.261168"><ele>1243.2</ele></trkpt>
      <trkpt lat="49.206322" lon="20.261194"><ele>1243.0</ele></trkpt>
      <trkpt lat="49.206319" lon="20.261219"><ele>1242.6</ele></trkpt>
      <trkpt lat="49.206315" lon="20.261245"><ele>1242.0</ele></trkpt>
      <trkpt lat="49.206311" lon="20.261270"><ele>1241.6</ele></trkpt>
      <trkpt lat="49.206307" lon="20.261296"><ele>1241.2</ele></trkpt>
      <trkpt lat="49.205750" lon="20.262062"><ele>1234.6</ele></trkpt>
      <trkpt lat="49.205126" lon="20.262618"><ele>1230.0</ele></trkpt>
      <trkpt lat="49.205126" lon="20.262648"><ele>1229.6</ele></trkpt>
      <trkpt lat="49.205126" lon="20.262678"><ele>1229.2</ele></trkpt>
      <trkpt lat="49.205126" lon="20.262707"><ele>1229.0</ele></trkpt>
      <trkpt lat="49.205126" lon="20.262737"><ele>1228.4</ele></trkpt>
      <trkpt lat="49.205126" lon="20.262767"><ele>1228.0</ele></trkpt>
      <trkpt lat="49.205125" lon="20.262797"><ele>1227.6</ele></trkpt>
      <trkpt lat="49.205125" lon="20.262827"><ele>1227.4</ele></trkpt>
      <trkpt lat="49.205125" lon="20.262856"><ele>1227.0</ele></trkpt>
      <trkpt lat="49.205125" lon="20.262886"><ele>1226.6</ele></trkpt>
      <trkpt lat="49.205125" lon="20.262916"><ele>1226.2</ele></trkpt>
      <trkpt lat="49.205125" lon="20.262946"><ele>1225.6</ele></trkpt>
      <trkpt lat="49.205125" lon="20.262976"><ele>1224.8</ele></trkpt>
      <trkpt lat="49.205125" lon="20.263005"><ele>1224.4</ele></trkpt>
      <trkpt lat="49.205125" lon="20.263035"><ele>1224.0</ele></trkpt>
      <trkpt lat="49.205125" lon="20.263065"><ele>1223.4</ele></trkpt>
      <trkpt lat="49.205124" lon="20.263095"><ele>1222.8</ele></trkpt>
      <trkpt lat="49.205124" lon="20.263125"><ele>1222.4</ele></trkpt>
      <trkpt lat="49.205124" lon="20.263154"><ele>1221.8</ele></trkpt>
      <trkpt lat="49.205124" lon="20.263184"><ele>1221.2</ele></trkpt>
      <trkpt lat="49.205124" lon="20.263214"><ele>1220.8</ele></trkpt>
      <trkpt lat="49.205124" lon="20.263244"><ele>1220.4</ele></trkpt>
      <trkpt lat="49.205124" lon="20.263274"><ele>1220.0</ele></trkpt>
      <trkpt lat="49.205124" lon="20.263303"><ele>1219.6</ele></trkpt>
      <trkpt lat="49.205124" lon="20.263333"><ele>1219.2</ele></trkpt>
      <trkpt lat="49.205124" lon="20.263363"><ele>1218.8</ele></trkpt>
      <trkpt lat="49.205123" lon="20.263393"><ele>1218.4</ele></trkpt>
      <trkpt lat="49.205123" lon="20.263423"><ele>1218.0</ele></trkpt>
      <trkpt lat="49.205123" lon="20.263452"><ele>1217.4</ele></trkpt>
      <trkpt lat="49.205123" lon="20.263482"><ele>1217.0</ele></trkpt>
      <trkpt lat="49.205123" lon="20.263512"><ele>1216.6</ele></trkpt>
      <trkpt lat="49.205121" lon="20.263547"><ele>1216.4</ele></trkpt>
      <trkpt lat="49.205119" lon="20.263583"><ele>1216.2</ele></trkpt>
      <trkpt lat="49.205116" lon="20.263618"><ele>1216.0</ele></trkpt>
      <trkpt lat="49.205114" lon="20.263654"><ele>1215.8</ele></trkpt>
      <trkpt lat="49.205112" lon="20.263689"><ele>1215.6</ele></trkpt>
      <trkpt lat="49.205110" lon="20.263724"><ele>1215.4</ele></trkpt>
      <trkpt lat="49.205107" lon="20.263760"><ele>1215.2</ele></trkpt>
      <trkpt lat="49.205105" lon="20.263795"><ele>1215.0</ele></trkpt>
      <trkpt lat="49.205103" lon="20.263831"><ele>1215.0</ele></trkpt>
      <trkpt lat="49.205101" lon="20.263866"><ele>1214.8</ele></trkpt>
      <trkpt lat="49.205098" lon="20.263901"><ele>1214.8</ele></trkpt>
      <trkpt lat="49.205096" lon="20.263937"><ele>1214.8</ele></trkpt>
      <trkpt lat="49.205094" lon="20.263972"><ele>1214.8</ele></trkpt>
      <trkpt lat="49.205092" lon="20.264008"><ele>1214.6</ele></trkpt>
      <trkpt lat="49.205090" lon="20.264043"><ele>1214.6</ele></trkpt>
      <trkpt lat="49.205087" lon="20.264078"><ele>1214.6</ele></trkpt>
      <trkpt lat="49.205085" lon="20.264114"><ele>1214.6</ele></trkpt>
      <trkpt lat="49.205083" lon="20.264149"><ele>1214.6</ele></trkpt>
      <trkpt lat="49.205081" lon="20.264185"><ele>1214.4</ele></trkpt>
      <trkpt lat="49.205078" lon="20.264220"><ele>1214.2</ele></trkpt>
      <trkpt lat="49.205076" lon="20.264255"><ele>1214.2</ele></trkpt>
      <trkpt lat="49.205074" lon="20.264291"><ele>1214.2</ele></trkpt>
      <trkpt lat="49.205072" lon="20.264326"><ele>1214.2</ele></trkpt>
      <trkpt lat="49.205069" lon="20.264362"><ele>1214.2</ele></trkpt>
      <trkpt lat="49.205067" lon="20.264397"><ele>1214.2</ele></trkpt>
      <trkpt lat="49.205065" lon="20.264432"><ele>1214.2</ele></trkpt>
      <trkpt lat="49.205063" lon="20.264468"><ele>1214.4</ele></trkpt>
      <trkpt lat="49.205060" lon="20.264503"><ele>1214.4</ele></trkpt>
      <trkpt lat="49.205058" lon="20.264539"><ele>1214.6</ele></trkpt>
      <trkpt lat="49.205056" lon="20.264574"><ele>1214.4</ele></trkpt>
      <trkpt lat="49.204598" lon="20.265685"><ele>1204.2</ele></trkpt>
      <trkpt lat="49.204583" lon="20.265713"><ele>1203.6</ele></trkpt>
      <trkpt lat="49.204567" lon="20.265741"><ele>1203.4</ele></trkpt>
      <trkpt lat="49.204552" lon="20.265769"><ele>1203.2</ele></trkpt>
      <trkpt lat="49.204536" lon="20.265798"><ele>1203.2</ele></trkpt>
      <trkpt lat="49.204521" lon="20.265826"><ele>1203.2</ele></trkpt>
      <trkpt lat="49.204506" lon="20.265854"><ele>1203.2</ele></trkpt>
      <trkpt lat="49.204490" lon="20.265882"><ele>1203.2</ele></trkpt>
      <trkpt lat="49.204475" lon="20.265910"><ele>1203.6</ele></trkpt>
      <trkpt lat="49.204459" lon="20.265938"><ele>1203.6</ele></trkpt>
      <trkpt lat="49.204444" lon="20.265966"><ele>1203.6</ele></trkpt>
      <trkpt lat="49.204429" lon="20.265994"><ele>1203.6</ele></trkpt>
      <trkpt lat="49.204413" lon="20.266023"><ele>1203.4</ele></trkpt>
      <trkpt lat="49.204398" lon="20.266051"><ele>1203.2</ele></trkpt>
      <trkpt lat="49.204383" lon="20.266079"><ele>1203.0</ele></trkpt>
      <trkpt lat="49.204367" lon="20.266107"><ele>1202.8</ele></trkpt>
      <trkpt lat="49.204352" lon="20.266135"><ele>1202.6</ele></trkpt>
      <trkpt lat="49.204336" lon="20.266163"><ele>1202.4</ele></trkpt>
      <trkpt lat="49.204321" lon="20.266191"><ele>1202.2</ele></trkpt>
      <trkpt lat="49.204306" lon="20.266220"><ele>1201.8</ele></trkpt>
      <trkpt lat="49.204290" lon="20.266248"><ele>1201.6</ele></trkpt>
      <trkpt lat="49.204275" lon="20.266276"><ele>1201.6</ele></trkpt>
      <trkpt lat="49.204259" lon="20.266304"><ele>1201.6</ele></trkpt>
      <trkpt lat="49.204244" lon="20.266332"><ele>1201.4</ele></trkpt>
      <trkpt lat="49.204229" lon="20.266360"><ele>1201.4</ele></trkpt>
      <trkpt lat="49.204213" lon="20.266388"><ele>1201.2</ele></trkpt>
      <trkpt lat="49.204198" lon="20.266417"><ele>1201.2</ele></trkpt>
      <trkpt lat="49.204182" lon="20.266445"><ele>1201.4</ele></trkpt>
      <trkpt lat="49.204167" lon="20.266473"><ele>1201.4</ele></trkpt>
      <trkpt lat="49.204152" lon="20.266501"><ele>1201.2</ele></trkpt>
      <trkpt lat="49.203610" lon="20.267446"><ele>1196.2</ele></trkpt>
      <trkpt lat="49.202960" lon="20.268683"><ele>1186.2</ele></trkpt>
      <trkpt lat="49.202662" lon="20.269750"><ele>1179.2</ele></trkpt>
      <trkpt lat="49.202647" lon="20.269773"><ele>1179.0</ele></trkpt>
      <trkpt lat="49.202632" lon="20.269796"><ele>1178.8</ele></trkpt>
      <trkpt lat="49.202618" lon="20.269819"><ele>1178.8</ele></trkpt>
      <trkpt lat="49.202603" lon="20.269842"><ele>1178.6</ele></trkpt>
      <trkpt lat="49.202588" lon="20.269865"><ele>1178.4</ele></trkpt>
      <trkpt lat="49.202573" lon="20.269888"><ele>1178.4</ele></trkpt>
      <trkpt lat="49.202558" lon="20.269911"><ele>1178.2</ele></trkpt>
      <trkpt lat="49.202544" lon="20.269933"><ele>1177.8</ele></trkpt>
      <trkpt lat="49.202529" lon="20.269956"><ele>1177.6</ele></trkpt>
      <trkpt lat="49.202514" lon="20.269979"><ele>1177.2</ele></trkpt>
      <trkpt lat="49.202499" lon="20.270002"><ele>1176.8</ele></trkpt>
      <trkpt lat="49.202484" lon="20.270025"><ele>1176.4</ele></trkpt>
      <trkpt lat="49.202470" lon="20.270048"><ele>1176.0</ele></trkpt>
      <trkpt lat="49.202455" lon="20.270071"><ele>1175.6</ele></trkpt>
      <trkpt lat="49.202440" lon="20.270094"><ele>1175.4</ele></trkpt>
      <trkpt lat="49.202425" lon="20.270117"><ele>1175.0</ele></trkpt>
      <trkpt lat="49.202410" lon="20.270140"><ele>1174.6</ele></trkpt>
      <trkpt lat="49.202396" lon="20.270163"><ele>1174.4</ele></trkpt>
      <trkpt lat="49.202381" lon="20.270186"><ele>1174.4</ele></trkpt>
      <trkpt lat="49.202366" lon="20.270209"><ele>1173.8</ele></trkpt>
      <trkpt lat="49.202351" lon="20.270232"><ele>1173.4</ele></trkpt>
      <trkpt lat="49.202336" lon="20.270255"><ele>1173.0</ele></trkpt>
      <trkpt lat="49.202322" lon="20.270277"><ele>1172.6</ele></trkpt>
      <trkpt lat="49.202307" lon="20.270300"><ele>1172.2</ele></trkpt>
      <trkpt lat="49.202292" lon="20.270323"><ele>1171.8</ele></trkpt>
      <trkpt lat="49.202277" lon="20.270346"><ele>1171.4</ele></trkpt>
      <trkpt lat="49.202262" lon="20.270369"><ele>1170.8</ele></trkpt>
      <trkpt lat="49.202248" lon="20.270392"><ele>1170.4</ele></trkpt>
      <trkpt lat="49.202233" lon="20.270415"><ele>1170.0</ele></trkpt>
      <trkpt lat="49.202218" lon="20.270438"><ele>1169.8</ele></trkpt>
      <trkpt lat="49.201434" lon="20.271138"><ele>1162.0</ele></trkpt>
      <trkpt lat="49.200608" lon="20.271832"><ele>1152.2</ele></trkpt>
      <trkpt lat="49.200595" lon="20.271823"><ele>1151.8</ele></trkpt>
      <trkpt lat="49.200576" lon="20.271810"><ele>1150.8</ele></trkpt>
      <trkpt lat="49.200557" lon="20.271796"><ele>1150.4</ele></trkpt>
      <trkpt lat="49.200538" lon="20.271783"><ele>1150.0</ele></trkpt>
      <trkpt lat="49.200525" lon="20.271774"><ele>1149.8</ele></trkpt>
      <trkpt lat="49.200506" lon="20.271760"><ele>1149.8</ele></trkpt>
      <trkpt lat="49.200487" lon="20.271747"><ele>1149.8</ele></trkpt>
      <trkpt lat="49.200468" lon="20.271733"><ele>1149.8</ele></trkpt>
      <trkpt lat="49.200449" lon="20.271720"><ele>1149.8</ele></trkpt>
      <trkpt lat="49.200430" lon="20.271706"><ele>1149.6</ele></trkpt>
      <trkpt lat="49.200411" lon="20.271693"><ele>1149.6</ele></trkpt>
      <trkpt lat="49.200398" lon="20.271684"><ele>1149.4</ele></trkpt>
      <trkpt lat="49.200379" lon="20.271671"><ele>1149.0</ele></trkpt>
      <trkpt lat="49.200360" lon="20.271657"><ele>1148.2</ele></trkpt>
      <trkpt lat="49.200341" lon="20.271644"><ele>1147.6</ele></trkpt>
      <trkpt lat="49.200322" lon="20.271630"><ele>1146.8</ele></trkpt>
      <trkpt lat="49.200303" lon="20.271617"><ele>1146.2</ele></trkpt>
      <trkpt lat="49.200284" lon="20.271603"><ele>1145.8</ele></trkpt>
      <trkpt lat="49.200271" lon="20.271594"><ele>1145.8</ele></trkpt>
      <trkpt lat="49.200252" lon="20.271581"><ele>1145.8</ele></trkpt>
      <trkpt lat="49.200233" lon="20.271567"><ele>1145.4</ele></trkpt>
      <trkpt lat="49.200217" lon="20.271567"><ele>1145.0</ele></trkpt>
      <trkpt lat="49.200197" lon="20.271575"><ele>1144.4</ele></trkpt>
      <trkpt lat="49.200177" lon="20.271583"><ele>1143.8</ele></trkpt>
      <trkpt lat="49.200158" lon="20.271590"><ele>1143.2</ele></trkpt>
      <trkpt lat="49.200138" lon="20.271598"><ele>1142.8</ele></trkpt>
      <trkpt lat="49.200118" lon="20.271606"><ele>1142.4</ele></trkpt>
      <trkpt lat="49.200098" lon="20.271614"><ele>1142.0</ele></trkpt>
      <trkpt lat="49.200078" lon="20.271622"><ele>1142.0</ele></trkpt>
      <trkpt lat="49.200058" lon="20.271630"><ele>1142.0</ele></trkpt>
      <trkpt lat="49.200039" lon="20.271637"><ele>1141.6</ele></trkpt>
      <trkpt lat="49.200019" lon="20.271645"><ele>1141.2</ele></trkpt>
      <trkpt lat="49.199999" lon="20.271653"><ele>1141.0</ele></trkpt>
      <trkpt lat="49.199979" lon="20.271661"><ele>1140.6</ele></trkpt>
      <trkpt lat="49.199959" lon="20.271669"><ele>1140.0</ele></trkpt>
      <trkpt lat="49.199939" lon="20.271677"><ele>1139.6</ele></trkpt>
      <trkpt lat="49.199920" lon="20.271684"><ele>1139.2</ele></trkpt>
      <trkpt lat="49.199900" lon="20.271692"><ele>1138.2</ele></trkpt>
      <trkpt lat="49.199880" lon="20.271700"><ele>1137.4</ele></trkpt>
      <trkpt lat="49.199860" lon="20.271708"><ele>1137.2</ele></trkpt>
      <trkpt lat="49.199840" lon="20.271716"><ele>1137.4</ele></trkpt>
      <trkpt lat="49.199820" lon="20.271724"><ele>1137.4</ele></trkpt>
      <trkpt lat="49.199801" lon="20.271731"><ele>1136.8</ele></trkpt>
      <trkpt lat="49.199781" lon="20.271739"><ele>1136.2</ele></trkpt>
      <trkpt lat="49.199761" lon="20.271747"><ele>1135.6</ele></trkpt>
      <trkpt lat="49.199741" lon="20.271755"><ele>1135.0</ele></trkpt>
      <trkpt lat="49.199721" lon="20.271763"><ele>1134.6</ele></trkpt>
      <trkpt lat="49.199701" lon="20.271771"><ele>1134.2</ele></trkpt>
      <trkpt lat="49.199682" lon="20.271778"><ele>1134.0</ele></trkpt>
      <trkpt lat="49.199662" lon="20.271786"><ele>1133.8</ele></trkpt>
      <trkpt lat="49.199642" lon="20.271794"><ele>1133.6</ele></trkpt>
      <trkpt lat="49.198726" lon="20.271997"><ele>1124.4</ele></trkpt>
      <trkpt lat="49.197885" lon="20.272810"><ele>1115.2</ele></trkpt>
      <trkpt lat="49.197478" lon="20.273931"><ele>1103.2</ele></trkpt>
      <trkpt lat="49.197021" lon="20.275178"><ele>1093.2</ele></trkpt>
      <trkpt lat="49.197011" lon="20.275204"><ele>1092.8</ele></trkpt>
      <trkpt lat="49.197001" lon="20.275230"><ele>1092.6</ele></trkpt>
      <trkpt lat="49.196991" lon="20.275256"><ele>1092.2</ele></trkpt>
      <trkpt lat="49.196981" lon="20.275283"><ele>1091.8</ele></trkpt>
      <trkpt lat="49.196971" lon="20.275309"><ele>1091.4</ele></trkpt>
      <trkpt lat="49.196961" lon="20.275335"><ele>1091.0</ele></trkpt>
      <trkpt lat="49.196951" lon="20.275361"><ele>1090.6</ele></trkpt>
      <trkpt lat="49.196941" lon="20.275387"><ele>1090.2</ele></trkpt>
      <trkpt lat="49.196931" lon="20.275413"><ele>1090.0</ele></trkpt>
      <trkpt lat="49.196921" lon="20.275439"><ele>1089.4</ele></trkpt>
      <trkpt lat="49.196911" lon="20.275465"><ele>1089.2</ele></trkpt>
      <trkpt lat="49.196901" lon="20.275492"><ele>1089.0</ele></trkpt>
      <trkpt lat="49.196891" lon="20.275518"><ele>1088.8</ele></trkpt>
      <trkpt lat="49.196881" lon="20.275544"><ele>1088.4</ele></trkpt>
      <trkpt lat="49.196871" lon="20.275570"><ele>1088.0</ele></trkpt>
      <trkpt lat="49.196860" lon="20.275596"><ele>1087.6</ele></trkpt>
      <trkpt lat="49.196850" lon="20.275622"><ele>1087.4</ele></trkpt>
      <trkpt lat="49.196840" lon="20.275648"><ele>1087.0</ele></trkpt>
      <trkpt lat="49.196830" lon="20.275675"><ele>1086.6</ele></trkpt>
      <trkpt lat="49.196820" lon="20.275701"><ele>1086.4</ele></trkpt>
      <trkpt lat="49.196810" lon="20.275727"><ele>1086.2</ele></trkpt>
      <trkpt lat="49.196800" lon="20.275753"><ele>1086.2</ele></trkpt>
      <trkpt lat="49.196790" lon="20.275779"><ele>1086.0</ele></trkpt>
      <trkpt lat="49.196780" lon="20.275805"><ele>1085.8</ele></trkpt>
      <trkpt lat="49.196770" lon="20.275831"><ele>1085.4</ele></trkpt>
      <trkpt lat="49.196760" lon="20.275857"><ele>1085.2</ele></trkpt>
      <trkpt lat="49.196750" lon="20.275884"><ele>1084.8</ele></trkpt>
      <trkpt lat="49.196740" lon="20.275910"><ele>1084.2</ele></trkpt>
      <trkpt lat="49.196730" lon="20.275936"><ele>1083.8</ele></trkpt>
      <trkpt lat="49.196720" lon="20.275962"><ele>1083.4</ele></trkpt>
      <trkpt lat="49.196275" lon="20.277026"><ele>1072.0</ele></trkpt>
      <trkpt lat="49.195552" lon="20.277888"><ele>1059.4</ele></trkpt>
      <trkpt lat="49.194806" lon="20.278525"><ele>1047.2</ele></trkpt>
      <trkpt lat="49.194237" lon="20.279274"><ele>1037.6</ele></trkpt>
      <trkpt lat="49.193859" lon="20.280610"><ele>1028.4</ele></trkpt>
      <trkpt lat="49.193302" lon="20.281626"><ele>1022.8</ele></trkpt>
      <trkpt lat="49.192611" lon="20.281944"><ele>1013.8</ele></trkpt>
      <trkpt lat="49.191773" lon="20.282787"><ele>1004.8</ele></trkpt>
      <trkpt lat="49.191757" lon="20.282812"><ele>1004.2</ele></trkpt>
      <trkpt lat="49.191740" lon="20.282837"><ele>1003.8</ele></trkpt>
      <trkpt lat="49.191724" lon="20.282862"><ele>1003.4</ele></trkpt>
      <trkpt lat="49.191708" lon="20.282887"><ele>1003.2</ele></trkpt>
      <trkpt lat="49.191691" lon="20.282912"><ele>1002.8</ele></trkpt>
      <trkpt lat="49.191675" lon="20.282936"><ele>1002.6</ele></trkpt>
      <trkpt lat="49.191659" lon="20.282961"><ele>1002.4</ele></trkpt>
      <trkpt lat="49.191642" lon="20.282986"><ele>1002.0</ele></trkpt>
      <trkpt lat="49.191626" lon="20.283011"><ele>1001.8</ele></trkpt>
      <trkpt lat="49.191610" lon="20.283036"><ele>1001.4</ele></trkpt>
      <trkpt lat="49.191593" lon="20.283061"><ele>1001.0</ele></trkpt>
      <trkpt lat="49.191577" lon="20.283086"><ele>1000.8</ele></trkpt>
      <trkpt lat="49.191561" lon="20.283111"><ele>1000.4</ele></trkpt>
      <trkpt lat="49.191544" lon="20.283136"><ele>1000.0</ele></trkpt>
      <trkpt lat="49.191528" lon="20.283161"><ele>999.8</ele></trkpt>
      <trkpt lat="49.191512" lon="20.283185"><ele>999.6</ele></trkpt>
      <trkpt lat="49.191495" lon="20.283210"><ele>999.4</ele></trkpt>
      <trkpt lat="49.191479" lon="20.283235"><ele>999.2</ele></trkpt>
      <trkpt lat="49.191463" lon="20.283260"><ele>999.0</ele></trkpt>
      <trkpt lat="49.191446" lon="20.283285"><ele>998.6</ele></trkpt>
      <trkpt lat="49.191430" lon="20.283310"><ele>998.2</ele></trkpt>
      <trkpt lat="49.191414" lon="20.283335"><ele>998.0</ele></trkpt>
      <trkpt lat="49.191397" lon="20.283360"><ele>997.6</ele></trkpt>
      <trkpt lat="49.191381" lon="20.283385"><ele>997.0</ele></trkpt>
      <trkpt lat="49.191365" lon="20.283410"><ele>996.8</ele></trkpt>
      <trkpt lat="49.191348" lon="20.283434"><ele>996.2</ele></trkpt>
      <trkpt lat="49.191332" lon="20.283459"><ele>995.8</ele></trkpt>
      <trkpt lat="49.191316" lon="20.283484"><ele>995.4</ele></trkpt>
      <trkpt lat="49.191299" lon="20.283509"><ele>995.0</ele></trkpt>
      <trkpt lat="49.191283" lon="20.283534"><ele>994.6</ele></trkpt>
      <trkpt lat="49.190845" lon="20.284597"><ele>984.4</ele></trkpt>
      <trkpt lat="49.190128" lon="20.284970"><ele>975.0</ele></trkpt>
      <trkpt lat="49.189478" lon="20.285787"><ele>966.8</ele></trkpt>
      <trkpt lat="49.189107" lon="20.287005"><ele>960.2</ele></trkpt>
      <trkpt lat="49.189105" lon="20.287040"><ele>959.8</ele></trkpt>
      <trkpt lat="49.189104" lon="20.287076"><ele>959.6</ele></trkpt>
      <trkpt lat="49.189102" lon="20.287111"><ele>959.6</ele></trkpt>
      <trkpt lat="49.189101" lon="20.287146"><ele>959.4</ele></trkpt>
      <trkpt lat="49.189099" lon="20.287182"><ele>959.0</ele></trkpt>
      <trkpt lat="49.189097" lon="20.287217"><ele>958.8</ele></trkpt>
      <trkpt lat="49.189096" lon="20.287253"><ele>958.6</ele></trkpt>
      <trkpt lat="49.189094" lon="20.287288"><ele>958.4</ele></trkpt>
      <trkpt lat="49.189093" lon="20.287323"><ele>958.0</ele></trkpt>
      <trkpt lat="49.189091" lon="20.287359"><ele>957.8</ele></trkpt>
      <trkpt lat="49.189089" lon="20.287394"><ele>957.6</ele></trkpt>
      <trkpt lat="49.189088" lon="20.287429"><ele>957.4</ele></trkpt>
      <trkpt lat="49.189086" lon="20.287465"><ele>957.2</ele></trkpt>
      <trkpt lat="49.189085" lon="20.287500"><ele>957.0</ele></trkpt>
      <trkpt lat="49.189083" lon="20.287536"><ele>957.0</ele></trkpt>
      <trkpt lat="49.189081" lon="20.287571"><ele>956.8</ele></trkpt>
      <trkpt lat="49.189080" lon="20.287606"><ele>957.0</ele></trkpt>
      <trkpt lat="49.189078" lon="20.287642"><ele>956.8</ele></trkpt>
      <trkpt lat="49.189077" lon="20.287677"><ele>956.8</ele></trkpt>
      <trkpt lat="49.189075" lon="20.287712"><ele>956.6</ele></trkpt>
      <trkpt lat="49.189073" lon="20.287748"><ele>956.6</ele></trkpt>
      <trkpt lat="49.189072" lon="20.287783"><ele>956.6</ele></trkpt>
      <trkpt lat="49.189070" lon="20.287818"><ele>956.6</ele></trkpt>
      <trkpt lat="49.189069" lon="20.287854"><ele>956.6</ele></trkpt>
      <trkpt lat="49.189067" lon="20.287889"><ele>956.4</ele></trkpt>
      <trkpt lat="49.189065" lon="20.287925"><ele>956.4</ele></trkpt>
      <trkpt lat="49.189064" lon="20.287960"><ele>956.2</ele></trkpt>
      <trkpt lat="49.189062" lon="20.287995"><ele>956.0</ele></trkpt>
      <trkpt lat="49.189061" lon="20.288031"><ele>956.0</ele></trkpt>
      <trkpt lat="49.189059" lon="20.288066"><ele>956.0</ele></trkpt>
      <trkpt lat="49.189014" lon="20.289472"><ele>949.0</ele></trkpt>
      <trkpt lat="49.188675" lon="20.290686"><ele>945.6</ele></trkpt>
      <trkpt lat="49.188218" lon="20.291541"><ele>940.8</ele></trkpt>
      <trkpt lat="49.187824" lon="20.292690"><ele>938.4</ele></trkpt>
      <trkpt lat="49.187838" lon="20.292685"><ele>938.4</ele></trkpt>
      <trkpt lat="49.187852" lon="20.292680"><ele>938.4</ele></trkpt>
      <trkpt lat="49.187866" lon="20.292674"><ele>938.8</ele></trkpt>
      <trkpt lat="49.187881" lon="20.292669"><ele>938.8</ele></trkpt>
      <trkpt lat="49.187866" lon="20.292672"><ele>938.8</ele></trkpt>
      <trkpt lat="49.187852" lon="20.292675"><ele>939.0</ele></trkpt>
      <trkpt lat="49.187837" lon="20.292679"><ele>939.2</ele></trkpt>
      <trkpt lat="49.187823" lon="20.292683"><ele>939.0</ele></trkpt>
      <trkpt lat="49.187809" lon="20.292687"><ele>938.4</ele></trkpt>
      <trkpt lat="49.187795" lon="20.292690"><ele>938.2</ele></trkpt>
      <trkpt lat="49.187781" lon="20.292694"><ele>939.0</ele></trkpt>
      <trkpt lat="49.187766" lon="20.292698"><ele>939.0</ele></trkpt>
      <trkpt lat="49.187752" lon="20.292702"><ele>939.0</ele></trkpt>
      <trkpt lat="49.187738" lon="20.292705"><ele>939.4</ele></trkpt>
      <trkpt lat="49.187724" lon="20.292709"><ele>939.4</ele></trkpt>
      <trkpt lat="49.187710" lon="20.292713"><ele>939.0</ele></trkpt>
      <trkpt lat="49.187696" lon="20.292716"><ele>938.8</ele></trkpt>
      <trkpt lat="49.187681" lon="20.292720"><ele>939.2</ele></trkpt>
      <trkpt lat="49.187667" lon="20.292724"><ele>939.0</ele></trkpt>
      <trkpt lat="49.187653" lon="20.292727"><ele>939.4</ele></trkpt>
      <trkpt lat="49.187651" lon="20.292728"><ele>939.6</ele></trkpt>
    </trkseg>
  </trk>
</gpx>
