<?xml version="1.0" encoding="UTF-8"?>
<gpx version="1.1" creator="MultiTrail"
     xmlns="http://www.topografix.com/GPX/1/1">
  <trk>
    <name>Téryho chata - Priečne sedlo - Zbojnícka chata - Východná Vysoká - Sliezsky dom</name>
    <trkseg>
      <trkpt lat="49.136198" lon="20.217067"><ele>987.6</ele></trkpt>
      <trkpt lat="49.136224" lon="20.217054"><ele>987.6</ele></trkpt>
      <trkpt lat="49.136246" lon="20.217051"><ele>987.6</ele></trkpt>
      <trkpt lat="49.136266" lon="20.217053"><ele>988.2</ele></trkpt>
      <trkpt lat="49.136294" lon="20.217056"><ele>988.4</ele></trkpt>
      <trkpt lat="49.136314" lon="20.217064"><ele>988.6</ele></trkpt>
      <trkpt lat="49.136342" lon="20.217085"><ele>988.6</ele></trkpt>
      <trkpt lat="49.136365" lon="20.217117"><ele>988.8</ele></trkpt>
      <trkpt lat="49.136381" lon="20.217136"><ele>988.8</ele></trkpt>
      <trkpt lat="49.136410" lon="20.217184"><ele>988.8</ele></trkpt>
      <trkpt lat="49.136426" lon="20.217218"><ele>989.0</ele></trkpt>
      <trkpt lat="49.136435" lon="20.217256"><ele>989.0</ele></trkpt>
      <trkpt lat="49.136451" lon="20.217291"><ele>989.0</ele></trkpt>
      <trkpt lat="49.136464" lon="20.217336"><ele>989.2</ele></trkpt>
      <trkpt lat="49.136474" lon="20.217363"><ele>989.2</ele></trkpt>
      <trkpt lat="49.136493" lon="20.217400"><ele>989.6</ele></trkpt>
      <trkpt lat="49.136506" lon="20.217422"><ele>989.8</ele></trkpt>
      <trkpt lat="49.136512" lon="20.217466"><ele>990.2</ele></trkpt>
      <trkpt lat="49.136525" lon="20.217488"><ele>990.2</ele></trkpt>
      <trkpt lat="49.136541" lon="20.217528"><ele>990.2</ele></trkpt>
      <trkpt lat="49.136560" lon="20.217574"><ele>990.4</ele></trkpt>
      <trkpt lat="49.136579" lon="20.217597"><ele>990.4</ele></trkpt>
      <trkpt lat="49.136595" lon="20.217611"><ele>990.4</ele></trkpt>
      <trkpt lat="49.136621" lon="20.217646"><ele>990.6</ele></trkpt>
      <trkpt lat="49.136643" lon="20.217667"><ele>991.0</ele></trkpt>
      <trkpt lat="49.136669" lon="20.217674"><ele>991.4</ele></trkpt>
      <trkpt lat="49.136688" lon="20.217674"><ele>991.4</ele></trkpt>
      <trkpt lat="49.136714" lon="20.217674"><ele>991.4</ele></trkpt>
      <trkpt lat="49.136742" lon="20.217677"><ele>991.6</ele></trkpt>
      <trkpt lat="49.136768" lon="20.217672"><ele>991.8</ele></trkpt>
      <trkpt lat="49.136787" lon="20.217662"><ele>992.0</ele></trkpt>
      <trkpt lat="49.136822" lon="20.217658"><ele>992.2</ele></trkpt>
      <trkpt lat="49.136848" lon="20.217650"><ele>992.6</ele></trkpt>
      <trkpt lat="49.136880" lon="20.217634"><ele>992.8</ele></trkpt>
      <trkpt lat="49.136906" lon="20.217610"><ele>993.2</ele></trkpt>
      <trkpt lat="49.136925" lon="20.217597"><ele>993.2</ele></trkpt>
      <trkpt lat="49.136941" lon="20.217582"><ele>993.2</ele></trkpt>
      <trkpt lat="49.136970" lon="20.217558"><ele>993.2</ele></trkpt>
      <trkpt lat="49.136989" lon="20.217542"><ele>993.4</ele></trkpt>
      <trkpt lat="49.137018" lon="20.217507"><ele>993.4</ele></trkpt>
      <trkpt lat="49.137046" lon="20.217466"><ele>993.6</ele></trkpt>
      <trkpt lat="49.137062" lon="20.217448"><ele>993.6</ele></trkpt>
      <trkpt lat="49.137072" lon="20.217424"><ele>993.8</ele></trkpt>
      <trkpt lat="49.137088" lon="20.217395"><ele>994.2</ele></trkpt>
      <trkpt lat="49.137104" lon="20.217365"><ele>995.0</ele></trkpt>
      <trkpt lat="49.137120" lon="20.217333"><ele>995.6</ele></trkpt>
      <trkpt lat="49.137139" lon="20.217312"><ele>996.4</ele></trkpt>
      <trkpt lat="49.137162" lon="20.217304"><ele>997.2</ele></trkpt>
      <trkpt lat="49.137187" lon="20.217294"><ele>997.4</ele></trkpt>
      <trkpt lat="49.137200" lon="20.217272"><ele>997.6</ele></trkpt>
      <trkpt lat="49.137219" lon="20.217237"><ele>998.0</ele></trkpt>
      <trkpt lat="49.137235" lon="20.217211"><ele>998.0</ele></trkpt>
      <trkpt lat="49.137248" lon="20.217178"><ele>998.4</ele></trkpt>
      <trkpt lat="49.137270" lon="20.217157"><ele>998.6</ele></trkpt>
      <trkpt lat="49.137290" lon="20.217147"><ele>998.6</ele></trkpt>
      <trkpt lat="49.137315" lon="20.217120"><ele>998.8</ele></trkpt>
      <trkpt lat="49.137344" lon="20.217082"><ele>999.0</ele></trkpt>
      <trkpt lat="49.137363" lon="20.217067"><ele>999.2</ele></trkpt>
      <trkpt lat="49.137389" lon="20.217045"><ele>999.6</ele></trkpt>
      <trkpt lat="49.137418" lon="20.217027"><ele>999.6</ele></trkpt>
      <trkpt lat="49.137443" lon="20.217011"><ele>999.4</ele></trkpt>
      <trkpt lat="49.137459" lon="20.216998"><ele>999.4</ele></trkpt>
      <trkpt lat="49.137485" lon="20.216978"><ele>999.6</ele></trkpt>
      <trkpt lat="49.137507" lon="20.216979"><ele>999.6</ele></trkpt>
      <trkpt lat="49.137536" lon="20.217002"><ele>999.4</ele></trkpt>
      <trkpt lat="49.137565" lon="20.217029"><ele>999.2</ele></trkpt>
      <trkpt lat="49.137587" lon="20.217064"><ele>999.2</ele></trkpt>
      <trkpt lat="49.137603" lon="20.217078"><ele>999.2</ele></trkpt>
      <trkpt lat="49.137619" lon="20.217093"><ele>999.0</ele></trkpt>
      <trkpt lat="49.137645" lon="20.217112"><ele>999.0</ele></trkpt>
      <trkpt lat="49.137664" lon="20.217134"><ele>999.0</ele></trkpt>
      <trkpt lat="49.137693" lon="20.217144"><ele>999.2</ele></trkpt>
      <trkpt lat="49.137715" lon="20.217142"><ele>999.6</ele></trkpt>
      <trkpt lat="49.137744" lon="20.217133"><ele>1000.0</ele></trkpt>
      <trkpt lat="49.137763" lon="20.217133"><ele>1000.2</ele></trkpt>
      <trkpt lat="49.137795" lon="20.217128"><ele>1000.6</ele></trkpt>
      <trkpt lat="49.137821" lon="20.217125"><ele>1001.0</ele></trkpt>
      <trkpt lat="49.137853" lon="20.217120"><ele>1002.0</ele></trkpt>
      <trkpt lat="49.137882" lon="20.217112"><ele>1002.6</ele></trkpt>
      <trkpt lat="49.137914" lon="20.217106"><ele>1003.0</ele></trkpt>
      <trkpt lat="49.137946" lon="20.217101"><ele>1003.4</ele></trkpt>
      <trkpt lat="49.137974" lon="20.217086"><ele>1003.6</ele></trkpt>
      <trkpt lat="49.137990" lon="20.217067"><ele>1003.8</ele></trkpt>
      <trkpt lat="49.138016" lon="20.217054"><ele>1004.0</ele></trkpt>
      <trkpt lat="49.138035" lon="20.217051"><ele>1004.2</ele></trkpt>
      <trkpt lat="49.138054" lon="20.217045"><ele>1004.4</ele></trkpt>
      <trkpt lat="49.138074" lon="20.217038"><ele>1004.6</ele></trkpt>
      <trkpt lat="49.138093" lon="20.217032"><ele>1004.8</ele></trkpt>
      <trkpt lat="49.138112" lon="20.217027"><ele>1004.8</ele></trkpt>
      <trkpt lat="49.138131" lon="20.217026"><ele>1004.8</ele></trkpt>
      <trkpt lat="49.138154" lon="20.217027"><ele>1005.0</ele></trkpt>
      <trkpt lat="49.138176" lon="20.217029"><ele>1005.2</ele></trkpt>
      <trkpt lat="49.138195" lon="20.217029"><ele>1005.4</ele></trkpt>
      <trkpt lat="49.138221" lon="20.217026"><ele>1005.6</ele></trkpt>
      <trkpt lat="49.138253" lon="20.217024"><ele>1006.4</ele></trkpt>
      <trkpt lat="49.138288" lon="20.217018"><ele>1007.0</ele></trkpt>
      <trkpt lat="49.138317" lon="20.217008"><ele>1008.0</ele></trkpt>
      <trkpt lat="49.138336" lon="20.217008"><ele>1008.2</ele></trkpt>
      <trkpt lat="49.138368" lon="20.217005"><ele>1008.8</ele></trkpt>
      <trkpt lat="49.138400" lon="20.216998"><ele>1009.0</ele></trkpt>
      <trkpt lat="49.138432" lon="20.216992"><ele>1009.0</ele></trkpt>
      <trkpt lat="49.138461" lon="20.216987"><ele>1009.4</ele></trkpt>
      <trkpt lat="49.138490" lon="20.216979"><ele>1010.4</ele></trkpt>
      <trkpt lat="49.138515" lon="20.216976"><ele>1011.2</ele></trkpt>
      <trkpt lat="49.138547" lon="20.216968"><ele>1011.8</ele></trkpt>
      <trkpt lat="49.138566" lon="20.216966"><ele>1012.2</ele></trkpt>
      <trkpt lat="49.138586" lon="20.216965"><ele>1012.4</ele></trkpt>
      <trkpt lat="49.138605" lon="20.216963"><ele>1012.4</ele></trkpt>
      <trkpt lat="49.138630" lon="20.216966"><ele>1012.0</ele></trkpt>
      <trkpt lat="49.138650" lon="20.216971"><ele>1011.8</ele></trkpt>
      <trkpt lat="49.138685" lon="20.216962"><ele>1011.8</ele></trkpt>
      <trkpt lat="49.138720" lon="20.216958"><ele>1011.8</ele></trkpt>
      <trkpt lat="49.138749" lon="20.216954"><ele>1012.0</ele></trkpt>
      <trkpt lat="49.138787" lon="20.216939"><ele>1012.2</ele></trkpt>
      <trkpt lat="49.138806" lon="20.216934"><ele>1012.6</ele></trkpt>
      <trkpt lat="49.138829" lon="20.216922"><ele>1012.6</ele></trkpt>
      <trkpt lat="49.138858" lon="20.216917"><ele>1013.0</ele></trkpt>
      <trkpt lat="49.138877" lon="20.216917"><ele>1013.4</ele></trkpt>
      <trkpt lat="49.138896" lon="20.216902"><ele>1014.2</ele></trkpt>
      <trkpt lat="49.138925" lon="20.216880"><ele>1015.2</ele></trkpt>
      <trkpt lat="49.138954" lon="20.216859"><ele>1016.2</ele></trkpt>
      <trkpt lat="49.138986" lon="20.216838"><ele>1016.6</ele></trkpt>
      <trkpt lat="49.139018" lon="20.216803"><ele>1016.6</ele></trkpt>
      <trkpt lat="49.139053" lon="20.216782"><ele>1016.6</ele></trkpt>
      <trkpt lat="49.139069" lon="20.216768"><ele>1016.4</ele></trkpt>
      <trkpt lat="49.139088" lon="20.216755"><ele>1016.4</ele></trkpt>
      <trkpt lat="49.139107" lon="20.216746"><ele>1016.4</ele></trkpt>
      <trkpt lat="49.139133" lon="20.216723"><ele>1016.4</ele></trkpt>
      <trkpt lat="49.139162" lon="20.216696"><ele>1016.4</ele></trkpt>
      <trkpt lat="49.139190" lon="20.216683"><ele>1016.6</ele></trkpt>
      <trkpt lat="49.139210" lon="20.216680"><ele>1016.8</ele></trkpt>
      <trkpt lat="49.139242" lon="20.216683"><ele>1017.0</ele></trkpt>
      <trkpt lat="49.139261" lon="20.216691"><ele>1017.0</ele></trkpt>
      <trkpt lat="49.139290" lon="20.216725"><ele>1017.0</ele></trkpt>
      <trkpt lat="49.139312" lon="20.216744"><ele>1017.0</ele></trkpt>
      <trkpt lat="49.139334" lon="20.216760"><ele>1017.0</ele></trkpt>
      <trkpt lat="49.139360" lon="20.216773"><ele>1017.0</ele></trkpt>
      <trkpt lat="49.139392" lon="20.216797"><ele>1017.0</ele></trkpt>
      <trkpt lat="49.139424" lon="20.216816"><ele>1017.0</ele></trkpt>
      <trkpt lat="49.139450" lon="20.216840"><ele>1017.0</ele></trkpt>
      <trkpt lat="49.139475" lon="20.216867"><ele>1017.6</ele></trkpt>
      <trkpt lat="49.139491" lon="20.216885"><ele>1018.4</ele></trkpt>
      <trkpt lat="49.139504" lon="20.216907"><ele>1019.0</ele></trkpt>
      <trkpt lat="49.139530" lon="20.216934"><ele>1020.0</ele></trkpt>
      <trkpt lat="49.139549" lon="20.216947"><ele>1020.4</ele></trkpt>
      <trkpt lat="49.139574" lon="20.216971"><ele>1020.6</ele></trkpt>
      <trkpt lat="49.139603" lon="20.216987"><ele>1020.4</ele></trkpt>
      <trkpt lat="49.139632" lon="20.217006"><ele>1019.8</ele></trkpt>
      <trkpt lat="49.139661" lon="20.217032"><ele>1019.6</ele></trkpt>
      <trkpt lat="49.139683" lon="20.217066"><ele>1019.4</ele></trkpt>
      <trkpt lat="49.139699" lon="20.217083"><ele>1019.6</ele></trkpt>
      <trkpt lat="49.139722" lon="20.217120"><ele>1019.6</ele></trkpt>
      <trkpt lat="49.139738" lon="20.217138"><ele>1019.6</ele></trkpt>
      <trkpt lat="49.139773" lon="20.217160"><ele>1019.6</ele></trkpt>
      <trkpt lat="49.139802" lon="20.217194"><ele>1019.8</ele></trkpt>
      <trkpt lat="49.139818" lon="20.217211"><ele>1020.2</ele></trkpt>
      <trkpt lat="49.139840" lon="20.217245"><ele>1020.8</ele></trkpt>
      <trkpt lat="49.139862" lon="20.217251"><ele>1021.0</ele></trkpt>
      <trkpt lat="49.139882" lon="20.217266"><ele>1021.6</ele></trkpt>
      <trkpt lat="49.139904" lon="20.217277"><ele>1022.0</ele></trkpt>
      <trkpt lat="49.139926" lon="20.217294"><ele>1022.4</ele></trkpt>
      <trkpt lat="49.139946" lon="20.217317"><ele>1022.6</ele></trkpt>
      <trkpt lat="49.139965" lon="20.217354"><ele>1023.0</ele></trkpt>
      <trkpt lat="49.139987" lon="20.217381"><ele>1023.6</ele></trkpt>
      <trkpt lat="49.140006" lon="20.217384"><ele>1023.4</ele></trkpt>
      <trkpt lat="49.140038" lon="20.217414"><ele>1023.2</ele></trkpt>
      <trkpt lat="49.140058" lon="20.217426"><ele>1023.0</ele></trkpt>
      <trkpt lat="49.140090" lon="20.217450"><ele>1022.8</ele></trkpt>
      <trkpt lat="49.140109" lon="20.217464"><ele>1022.6</ele></trkpt>
      <trkpt lat="49.140125" lon="20.217482"><ele>1022.6</ele></trkpt>
      <trkpt lat="49.140150" lon="20.217499"><ele>1022.4</ele></trkpt>
      <trkpt lat="49.140176" lon="20.217515"><ele>1022.0</ele></trkpt>
      <trkpt lat="49.140186" lon="20.217541"><ele>1021.8</ele></trkpt>
      <trkpt lat="49.140214" lon="20.217560"><ele>1022.0</ele></trkpt>
      <trkpt lat="49.140234" lon="20.217578"><ele>1022.2</ele></trkpt>
      <trkpt lat="49.140250" lon="20.217598"><ele>1022.2</ele></trkpt>
      <trkpt lat="49.140269" lon="20.217619"><ele>1022.4</ele></trkpt>
      <trkpt lat="49.140288" lon="20.217634"><ele>1022.6</ele></trkpt>
      <trkpt lat="49.140304" lon="20.217662"><ele>1022.6</ele></trkpt>
      <trkpt lat="49.140317" lon="20.217686"><ele>1022.6</ele></trkpt>
      <trkpt lat="49.140336" lon="20.217704"><ele>1022.8</ele></trkpt>
      <trkpt lat="49.140362" lon="20.217749"><ele>1023.0</ele></trkpt>
      <trkpt lat="49.140381" lon="20.217779"><ele>1023.0</ele></trkpt>
      <trkpt lat="49.140400" lon="20.217797"><ele>1023.0</ele></trkpt>
      <trkpt lat="49.140416" lon="20.217819"><ele>1023.0</ele></trkpt>
      <trkpt lat="49.140442" lon="20.217859"><ele>1022.8</ele></trkpt>
      <trkpt lat="49.140454" lon="20.217882"><ele>1022.4</ele></trkpt>
      <trkpt lat="49.140467" lon="20.217928"><ele>1022.2</ele></trkpt>
      <trkpt lat="49.140483" lon="20.217971"><ele>1021.8</ele></trkpt>
      <trkpt lat="49.140499" lon="20.218010"><ele>1021.6</ele></trkpt>
      <trkpt lat="49.140515" lon="20.218040"><ele>1021.6</ele></trkpt>
      <trkpt lat="49.140525" lon="20.218088"><ele>1022.0</ele></trkpt>
      <trkpt lat="49.140534" lon="20.218146"><ele>1022.4</ele></trkpt>
      <trkpt lat="49.140538" lon="20.218176"><ele>1023.0</ele></trkpt>
      <trkpt lat="49.140544" lon="20.218208"><ele>1023.4</ele></trkpt>
      <trkpt lat="49.140554" lon="20.218269"><ele>1023.4</ele></trkpt>
      <trkpt lat="49.140560" lon="20.218312"><ele>1023.4</ele></trkpt>
      <trkpt lat="49.140563" lon="20.218347"><ele>1023.4</ele></trkpt>
      <trkpt lat="49.140573" lon="20.218382"><ele>1023.2</ele></trkpt>
      <trkpt lat="49.140586" lon="20.218413"><ele>1023.2</ele></trkpt>
      <trkpt lat="49.140602" lon="20.218443"><ele>1023.0</ele></trkpt>
      <trkpt lat="49.140614" lon="20.218477"><ele>1023.0</ele></trkpt>
      <trkpt lat="49.140614" lon="20.218514"><ele>1023.2</ele></trkpt>
      <trkpt lat="49.140605" lon="20.218538"><ele>1023.2</ele></trkpt>
      <trkpt lat="49.140598" lon="20.218566"><ele>1023.4</ele></trkpt>
      <trkpt lat="49.140595" lon="20.218594"><ele>1023.6</ele></trkpt>
      <trkpt lat="49.140586" lon="20.218618"><ele>1023.8</ele></trkpt>
      <trkpt lat="49.140579" lon="20.218667"><ele>1024.2</ele></trkpt>
      <trkpt lat="49.140560" lon="20.218704"><ele>1024.4</ele></trkpt>
      <trkpt lat="49.140563" lon="20.218746"><ele>1025.4</ele></trkpt>
      <trkpt lat="49.140573" lon="20.218790"><ele>1025.8</ele></trkpt>
      <trkpt lat="49.140566" lon="20.218842"><ele>1025.6</ele></trkpt>
      <trkpt lat="49.140557" lon="20.218891"><ele>1025.0</ele></trkpt>
      <trkpt lat="49.140544" lon="20.218925"><ele>1025.0</ele></trkpt>
      <trkpt lat="49.140547" lon="20.218955"><ele>1025.0</ele></trkpt>
      <trkpt lat="49.140554" lon="20.218982"><ele>1024.8</ele></trkpt>
      <trkpt lat="49.140554" lon="20.219027"><ele>1024.8</ele></trkpt>
      <trkpt lat="49.140560" lon="20.219086"><ele>1024.8</ele></trkpt>
      <trkpt lat="49.140573" lon="20.219114"><ele>1024.6</ele></trkpt>
      <trkpt lat="49.140576" lon="20.219149"><ele>1024.4</ele></trkpt>
      <trkpt lat="49.140576" lon="20.219189"><ele>1024.4</ele></trkpt>
      <trkpt lat="49.140586" lon="20.219226"><ele>1024.2</ele></trkpt>
      <trkpt lat="49.140602" lon="20.219262"><ele>1023.8</ele></trkpt>
      <trkpt lat="49.140618" lon="20.219306"><ele>1023.6</ele></trkpt>
      <trkpt lat="49.140637" lon="20.219347"><ele>1023.4</ele></trkpt>
      <trkpt lat="49.140653" lon="20.219378"><ele>1023.4</ele></trkpt>
      <trkpt lat="49.140672" lon="20.219416"><ele>1023.2</ele></trkpt>
      <trkpt lat="49.140704" lon="20.219456"><ele>1023.2</ele></trkpt>
      <trkpt lat="49.140720" lon="20.219496"><ele>1023.2</ele></trkpt>
      <trkpt lat="49.140742" lon="20.219541"><ele>1023.2</ele></trkpt>
      <trkpt lat="49.140771" lon="20.219574"><ele>1023.2</ele></trkpt>
      <trkpt lat="49.140797" lon="20.219613"><ele>1023.2</ele></trkpt>
      <trkpt lat="49.140819" lon="20.219645"><ele>1023.2</ele></trkpt>
      <trkpt lat="49.140845" lon="20.219688"><ele>1023.2</ele></trkpt>
      <trkpt lat="49.140877" lon="20.219722"><ele>1023.2</ele></trkpt>
      <trkpt lat="49.140896" lon="20.219746"><ele>1023.4</ele></trkpt>
      <trkpt lat="49.140909" lon="20.219782"><ele>1023.2</ele></trkpt>
      <trkpt lat="49.140918" lon="20.219818"><ele>1023.4</ele></trkpt>
      <trkpt lat="49.140934" lon="20.219848"><ele>1023.4</ele></trkpt>
      <trkpt lat="49.140944" lon="20.219893"><ele>1023.6</ele></trkpt>
      <trkpt lat="49.140963" lon="20.219923"><ele>1023.6</ele></trkpt>
      <trkpt lat="49.140989" lon="20.219950"><ele>1023.6</ele></trkpt>
      <trkpt lat="49.141008" lon="20.219981"><ele>1023.6</ele></trkpt>
      <trkpt lat="49.141018" lon="20.220018"><ele>1023.4</ele></trkpt>
      <trkpt lat="49.141030" lon="20.220045"><ele>1023.4</ele></trkpt>
      <trkpt lat="49.141037" lon="20.220077"><ele>1023.4</ele></trkpt>
      <trkpt lat="49.141053" lon="20.220110"><ele>1023.4</ele></trkpt>
      <trkpt lat="49.141069" lon="20.220141"><ele>1023.2</ele></trkpt>
      <trkpt lat="49.141078" lon="20.220165"><ele>1023.4</ele></trkpt>
      <trkpt lat="49.141091" lon="20.220186"><ele>1023.4</ele></trkpt>
      <trkpt lat="49.141110" lon="20.220202"><ele>1023.4</ele></trkpt>
      <trkpt lat="49.141133" lon="20.220210"><ele>1023.4</ele></trkpt>
      <trkpt lat="49.141158" lon="20.220210"><ele>1023.4</ele></trkpt>
      <trkpt lat="49.141187" lon="20.220208"><ele>1023.6</ele></trkpt>
      <trkpt lat="49.141206" lon="20.220210"><ele>1023.6</ele></trkpt>
      <trkpt lat="49.141251" lon="20.220230"><ele>1023.8</ele></trkpt>
      <trkpt lat="49.141274" lon="20.220243"><ele>1024.2</ele></trkpt>
      <trkpt lat="49.141293" lon="20.220254"><ele>1024.4</ele></trkpt>
      <trkpt lat="49.141334" lon="20.220283"><ele>1024.6</ele></trkpt>
      <trkpt lat="49.141357" lon="20.220299"><ele>1025.0</ele></trkpt>
      <trkpt lat="49.141373" lon="20.220320"><ele>1025.0</ele></trkpt>
      <trkpt lat="49.141392" lon="20.220341"><ele>1025.2</ele></trkpt>
      <trkpt lat="49.141408" lon="20.220362"><ele>1025.4</ele></trkpt>
      <trkpt lat="49.141430" lon="20.220397"><ele>1025.6</ele></trkpt>
      <trkpt lat="49.141450" lon="20.220429"><ele>1025.6</ele></trkpt>
      <trkpt lat="49.141469" lon="20.220464"><ele>1025.8</ele></trkpt>
      <trkpt lat="49.141491" lon="20.220498"><ele>1026.2</ele></trkpt>
      <trkpt lat="49.141510" lon="20.220528"><ele>1026.4</ele></trkpt>
      <trkpt lat="49.141526" lon="20.220570"><ele>1026.6</ele></trkpt>
      <trkpt lat="49.141536" lon="20.220598"><ele>1026.8</ele></trkpt>
      <trkpt lat="49.141546" lon="20.220632"><ele>1026.8</ele></trkpt>
      <trkpt lat="49.141555" lon="20.220667"><ele>1027.0</ele></trkpt>
      <trkpt lat="49.141565" lon="20.220706"><ele>1027.2</ele></trkpt>
      <trkpt lat="49.141578" lon="20.220742"><ele>1027.4</ele></trkpt>
      <trkpt lat="49.141590" lon="20.220778"><ele>1027.8</ele></trkpt>
      <trkpt lat="49.141606" lon="20.220821"><ele>1028.2</ele></trkpt>
      <trkpt lat="49.141594" lon="20.220845"><ele>1029.2</ele></trkpt>
      <trkpt lat="49.141619" lon="20.220842"><ele>1029.8</ele></trkpt>
      <trkpt lat="49.141638" lon="20.220827"><ele>1030.2</ele></trkpt>
      <trkpt lat="49.141654" lon="20.220810"><ele>1030.8</ele></trkpt>
      <trkpt lat="49.141670" lon="20.220797"><ele>1031.2</ele></trkpt>
      <trkpt lat="49.141686" lon="20.220755"><ele>1031.6</ele></trkpt>
      <trkpt lat="49.141699" lon="20.220725"><ele>1032.0</ele></trkpt>
      <trkpt lat="49.141718" lon="20.220699"><ele>1032.8</ele></trkpt>
      <trkpt lat="49.141738" lon="20.220693"><ele>1032.8</ele></trkpt>
      <trkpt lat="49.141763" lon="20.220677"><ele>1033.2</ele></trkpt>
      <trkpt lat="49.141805" lon="20.220656"><ele>1033.4</ele></trkpt>
      <trkpt lat="49.141827" lon="20.220658"><ele>1033.8</ele></trkpt>
      <trkpt lat="49.141862" lon="20.220642"><ele>1034.0</ele></trkpt>
      <trkpt lat="49.141888" lon="20.220626"><ele>1034.6</ele></trkpt>
      <trkpt lat="49.141907" lon="20.220616"><ele>1035.0</ele></trkpt>
      <trkpt lat="49.141933" lon="20.220606"><ele>1035.6</ele></trkpt>
      <trkpt lat="49.141949" lon="20.220573"><ele>1036.0</ele></trkpt>
      <trkpt lat="49.141962" lon="20.220546"><ele>1036.4</ele></trkpt>
      <trkpt lat="49.141984" lon="20.220512"><ele>1036.6</ele></trkpt>
      <trkpt lat="49.142003" lon="20.220483"><ele>1036.8</ele></trkpt>
      <trkpt lat="49.142016" lon="20.220453"><ele>1037.2</ele></trkpt>
      <trkpt lat="49.142045" lon="20.220427"><ele>1037.4</ele></trkpt>
      <trkpt lat="49.142064" lon="20.220410"><ele>1037.6</ele></trkpt>
      <trkpt lat="49.142083" lon="20.220400"><ele>1038.0</ele></trkpt>
      <trkpt lat="49.142106" lon="20.220378"><ele>1038.2</ele></trkpt>
      <trkpt lat="49.142125" lon="20.220334"><ele>1038.6</ele></trkpt>
      <trkpt lat="49.142141" lon="20.220302"><ele>1038.8</ele></trkpt>
      <trkpt lat="49.142160" lon="20.220274"><ele>1039.0</ele></trkpt>
      <trkpt lat="49.142182" lon="20.220259"><ele>1039.2</ele></trkpt>
      <trkpt lat="49.142202" lon="20.220224"><ele>1039.4</ele></trkpt>
      <trkpt lat="49.142214" lon="20.220194"><ele>1039.4</ele></trkpt>
      <trkpt lat="49.142234" lon="20.220173"><ele>1039.6</ele></trkpt>
      <trkpt lat="49.142253" lon="20.220158"><ele>1039.8</ele></trkpt>
      <trkpt lat="49.142285" lon="20.220149"><ele>1040.2</ele></trkpt>
      <trkpt lat="49.142310" lon="20.220136"><ele>1040.4</ele></trkpt>
      <trkpt lat="49.142333" lon="20.220117"><ele>1040.4</ele></trkpt>
      <trkpt lat="49.142358" lon="20.220090"><ele>1040.6</ele></trkpt>
      <trkpt lat="49.142381" lon="20.220056"><ele>1041.0</ele></trkpt>
      <trkpt lat="49.142406" lon="20.220024"><ele>1041.2</ele></trkpt>
      <trkpt lat="49.142422" lon="20.220006"><ele>1041.4</ele></trkpt>
      <trkpt lat="49.142445" lon="20.219987"><ele>1041.8</ele></trkpt>
      <trkpt lat="49.142464" lon="20.219971"><ele>1042.2</ele></trkpt>
      <trkpt lat="49.142493" lon="20.219955"><ele>1042.4</ele></trkpt>
      <trkpt lat="49.142522" lon="20.219942"><ele>1042.8</ele></trkpt>
      <trkpt lat="49.142544" lon="20.219926"><ele>1043.2</ele></trkpt>
      <trkpt lat="49.142563" lon="20.219906"><ele>1043.4</ele></trkpt>
      <trkpt lat="49.142579" lon="20.219886"><ele>1043.6</ele></trkpt>
      <trkpt lat="49.142602" lon="20.219854"><ele>1044.0</ele></trkpt>
      <trkpt lat="49.142621" lon="20.219835"><ele>1044.2</ele></trkpt>
      <trkpt lat="49.142637" lon="20.219821"><ele>1044.2</ele></trkpt>
      <trkpt lat="49.142662" lon="20.219806"><ele>1044.2</ele></trkpt>
      <trkpt lat="49.142685" lon="20.219802"><ele>1044.6</ele></trkpt>
      <trkpt lat="49.142720" lon="20.219792"><ele>1044.8</ele></trkpt>
      <trkpt lat="49.142739" lon="20.219787"><ele>1044.8</ele></trkpt>
      <trkpt lat="49.142758" lon="20.219784"><ele>1045.0</ele></trkpt>
      <trkpt lat="49.142778" lon="20.219776"><ele>1045.0</ele></trkpt>
      <trkpt lat="49.142810" lon="20.219762"><ele>1045.2</ele></trkpt>
      <trkpt lat="49.142845" lon="20.219738"><ele>1045.2</ele></trkpt>
      <trkpt lat="49.142870" lon="20.219714"><ele>1045.6</ele></trkpt>
      <trkpt lat="49.142899" lon="20.219694"><ele>1045.8</ele></trkpt>
      <trkpt lat="49.142934" lon="20.219677"><ele>1045.8</ele></trkpt>
      <trkpt lat="49.142957" lon="20.219667"><ele>1046.0</ele></trkpt>
      <trkpt lat="49.142979" lon="20.219653"><ele>1046.2</ele></trkpt>
      <trkpt lat="49.142998" lon="20.219646"><ele>1046.4</ele></trkpt>
      <trkpt lat="49.143027" lon="20.219630"><ele>1046.8</ele></trkpt>
      <trkpt lat="49.143056" lon="20.219606"><ele>1047.0</ele></trkpt>
      <trkpt lat="49.143075" lon="20.219590"><ele>1047.4</ele></trkpt>
      <trkpt lat="49.143101" lon="20.219584"><ele>1047.6</ele></trkpt>
      <trkpt lat="49.143126" lon="20.219582"><ele>1047.8</ele></trkpt>
      <trkpt lat="49.143146" lon="20.219579"><ele>1048.0</ele></trkpt>
      <trkpt lat="49.143184" lon="20.219565"><ele>1048.2</ele></trkpt>
      <trkpt lat="49.143219" lon="20.219554"><ele>1048.8</ele></trkpt>
      <trkpt lat="49.143238" lon="20.219549"><ele>1049.0</ele></trkpt>
      <trkpt lat="49.143267" lon="20.219530"><ele>1049.6</ele></trkpt>
      <trkpt lat="49.143299" lon="20.219507"><ele>1050.4</ele></trkpt>
      <trkpt lat="49.143322" lon="20.219501"><ele>1050.8</ele></trkpt>
      <trkpt lat="49.143347" lon="20.219499"><ele>1051.2</ele></trkpt>
      <trkpt lat="49.143373" lon="20.219498"><ele>1052.0</ele></trkpt>
      <trkpt lat="49.143398" lon="20.219504"><ele>1052.6</ele></trkpt>
      <trkpt lat="49.143421" lon="20.219499"><ele>1053.0</ele></trkpt>
      <trkpt lat="49.143446" lon="20.219488"><ele>1053.6</ele></trkpt>
      <trkpt lat="49.143478" lon="20.219490"><ele>1054.2</ele></trkpt>
      <trkpt lat="49.143504" lon="20.219501"><ele>1054.8</ele></trkpt>
      <trkpt lat="49.143536" lon="20.219509"><ele>1055.8</ele></trkpt>
      <trkpt lat="49.143558" lon="20.219523"><ele>1056.2</ele></trkpt>
      <trkpt lat="49.143578" lon="20.219526"><ele>1056.6</ele></trkpt>
      <trkpt lat="49.143597" lon="20.219534"><ele>1056.6</ele></trkpt>
      <trkpt lat="49.143613" lon="20.219549"><ele>1056.8</ele></trkpt>
      <trkpt lat="49.143651" lon="20.219563"><ele>1057.0</ele></trkpt>
      <trkpt lat="49.143677" lon="20.219576"><ele>1057.6</ele></trkpt>
      <trkpt lat="49.143699" lon="20.219579"><ele>1057.6</ele></trkpt>
      <trkpt lat="49.143718" lon="20.219582"><ele>1057.8</ele></trkpt>
      <trkpt lat="49.143750" lon="20.219589"><ele>1058.2</ele></trkpt>
      <trkpt lat="49.143773" lon="20.219589"><ele>1058.6</ele></trkpt>
      <trkpt lat="49.143792" lon="20.219598"><ele>1059.0</ele></trkpt>
      <trkpt lat="49.143811" lon="20.219616"><ele>1059.6</ele></trkpt>
      <trkpt lat="49.143834" lon="20.219618"><ele>1060.2</ele></trkpt>
      <trkpt lat="49.143862" lon="20.219624"><ele>1060.8</ele></trkpt>
      <trkpt lat="49.143891" lon="20.219637"><ele>1061.4</ele></trkpt>
      <trkpt lat="49.143910" lon="20.219640"><ele>1061.8</ele></trkpt>
      <trkpt lat="49.143936" lon="20.219653"><ele>1062.2</ele></trkpt>
      <trkpt lat="49.143958" lon="20.219658"><ele>1063.0</ele></trkpt>
      <trkpt lat="49.143981" lon="20.219666"><ele>1063.6</ele></trkpt>
      <trkpt lat="49.144010" lon="20.219669"><ele>1064.2</ele></trkpt>
      <trkpt lat="49.144035" lon="20.219669"><ele>1064.4</ele></trkpt>
      <trkpt lat="49.144058" lon="20.219669"><ele>1064.6</ele></trkpt>
      <trkpt lat="49.144086" lon="20.219672"><ele>1064.8</ele></trkpt>
      <trkpt lat="49.144109" lon="20.219677"><ele>1065.0</ele></trkpt>
      <trkpt lat="49.144134" lon="20.219694"><ele>1065.2</ele></trkpt>
      <trkpt lat="49.144166" lon="20.219717"><ele>1065.6</ele></trkpt>
      <trkpt lat="49.144192" lon="20.219755"><ele>1065.8</ele></trkpt>
      <trkpt lat="49.144202" lon="20.219787"><ele>1066.4</ele></trkpt>
      <trkpt lat="49.144234" lon="20.219805"><ele>1066.8</ele></trkpt>
      <trkpt lat="49.144253" lon="20.219813"><ele>1067.2</ele></trkpt>
      <trkpt lat="49.144278" lon="20.219835"><ele>1067.6</ele></trkpt>
      <trkpt lat="49.144298" lon="20.219853"><ele>1068.0</ele></trkpt>
      <trkpt lat="49.144333" lon="20.219843"><ele>1068.6</ele></trkpt>
      <trkpt lat="49.144352" lon="20.219837"><ele>1069.0</ele></trkpt>
      <trkpt lat="49.144394" lon="20.219829"><ele>1069.2</ele></trkpt>
      <trkpt lat="49.144413" lon="20.219835"><ele>1069.6</ele></trkpt>
      <trkpt lat="49.144432" lon="20.219835"><ele>1069.8</ele></trkpt>
      <trkpt lat="49.144458" lon="20.219838"><ele>1070.0</ele></trkpt>
      <trkpt lat="49.144477" lon="20.219853"><ele>1070.2</ele></trkpt>
      <trkpt lat="49.144509" lon="20.219866"><ele>1070.4</ele></trkpt>
      <trkpt lat="49.144544" lon="20.219872"><ele>1071.0</ele></trkpt>
      <trkpt lat="49.144576" lon="20.219877"><ele>1071.6</ele></trkpt>
      <trkpt lat="49.144598" lon="20.219888"><ele>1071.8</ele></trkpt>
      <trkpt lat="49.144614" lon="20.219901"><ele>1071.8</ele></trkpt>
      <trkpt lat="49.144637" lon="20.219907"><ele>1072.0</ele></trkpt>
      <trkpt lat="49.144656" lon="20.219917"><ele>1072.2</ele></trkpt>
      <trkpt lat="49.144675" lon="20.219920"><ele>1072.2</ele></trkpt>
      <trkpt lat="49.144698" lon="20.219928"><ele>1072.4</ele></trkpt>
      <trkpt lat="49.144714" lon="20.219944"><ele>1072.4</ele></trkpt>
      <trkpt lat="49.144730" lon="20.219960"><ele>1072.6</ele></trkpt>
      <trkpt lat="49.144768" lon="20.219986"><ele>1072.8</ele></trkpt>
      <trkpt lat="49.144787" lon="20.220002"><ele>1073.0</ele></trkpt>
      <trkpt lat="49.144806" lon="20.220011"><ele>1073.2</ele></trkpt>
      <trkpt lat="49.144822" lon="20.220024"><ele>1073.2</ele></trkpt>
      <trkpt lat="49.144854" lon="20.220046"><ele>1073.6</ele></trkpt>
      <trkpt lat="49.144874" lon="20.220062"><ele>1073.8</ele></trkpt>
      <trkpt lat="49.144890" lon="20.220104"><ele>1074.4</ele></trkpt>
      <trkpt lat="49.144890" lon="20.220149"><ele>1074.8</ele></trkpt>
      <trkpt lat="49.144874" lon="20.220162"><ele>1074.4</ele></trkpt>
      <trkpt lat="49.144893" lon="20.220182"><ele>1076.6</ele></trkpt>
      <trkpt lat="49.144915" lon="20.220210"><ele>1077.2</ele></trkpt>
      <trkpt lat="49.144941" lon="20.220240"><ele>1077.6</ele></trkpt>
      <trkpt lat="49.144960" lon="20.220251"><ele>1077.8</ele></trkpt>
      <trkpt lat="49.144986" lon="20.220270"><ele>1078.0</ele></trkpt>
      <trkpt lat="49.145011" lon="20.220288"><ele>1078.6</ele></trkpt>
      <trkpt lat="49.145030" lon="20.220315"><ele>1079.2</ele></trkpt>
      <trkpt lat="49.145062" lon="20.220338"><ele>1079.6</ele></trkpt>
      <trkpt lat="49.145088" lon="20.220360"><ele>1080.0</ele></trkpt>
      <trkpt lat="49.145110" lon="20.220384"><ele>1080.2</ele></trkpt>
      <trkpt lat="49.145130" lon="20.220397"><ele>1080.4</ele></trkpt>
      <trkpt lat="49.145158" lon="20.220408"><ele>1080.6</ele></trkpt>
      <trkpt lat="49.145174" lon="20.220424"><ele>1080.6</ele></trkpt>
      <trkpt lat="49.145194" lon="20.220438"><ele>1080.8</ele></trkpt>
      <trkpt lat="49.145219" lon="20.220450"><ele>1080.8</ele></trkpt>
      <trkpt lat="49.145238" lon="20.220483"><ele>1081.0</ele></trkpt>
      <trkpt lat="49.145264" lon="20.220514"><ele>1081.2</ele></trkpt>
      <trkpt lat="49.145280" lon="20.220530"><ele>1081.6</ele></trkpt>
      <trkpt lat="49.145306" lon="20.220562"><ele>1081.8</ele></trkpt>
      <trkpt lat="49.145325" lon="20.220590"><ele>1082.0</ele></trkpt>
      <trkpt lat="49.145350" lon="20.220619"><ele>1082.0</ele></trkpt>
      <trkpt lat="49.145379" lon="20.220656"><ele>1082.2</ele></trkpt>
      <trkpt lat="49.145402" lon="20.220685"><ele>1083.4</ele></trkpt>
      <trkpt lat="49.145418" lon="20.220702"><ele>1084.0</ele></trkpt>
      <trkpt lat="49.145440" lon="20.220730"><ele>1084.4</ele></trkpt>
      <trkpt lat="49.145456" lon="20.220750"><ele>1084.6</ele></trkpt>
      <trkpt lat="49.145478" lon="20.220784"><ele>1085.2</ele></trkpt>
      <trkpt lat="49.145498" lon="20.220797"><ele>1085.4</ele></trkpt>
      <trkpt lat="49.145536" lon="20.220818"><ele>1085.4</ele></trkpt>
      <trkpt lat="49.145558" lon="20.220842"><ele>1085.8</ele></trkpt>
      <trkpt lat="49.145584" lon="20.220869"><ele>1086.2</ele></trkpt>
      <trkpt lat="49.145603" lon="20.220898"><ele>1086.6</ele></trkpt>
      <trkpt lat="49.145629" lon="20.220923"><ele>1087.0</ele></trkpt>
      <trkpt lat="49.145648" lon="20.220930"><ele>1087.2</ele></trkpt>
      <trkpt lat="49.145677" lon="20.220955"><ele>1087.8</ele></trkpt>
      <trkpt lat="49.145709" lon="20.220981"><ele>1087.8</ele></trkpt>
      <trkpt lat="49.145725" lon="20.220994"><ele>1088.2</ele></trkpt>
      <trkpt lat="49.145744" lon="20.221003"><ele>1088.4</ele></trkpt>
      <trkpt lat="49.145770" lon="20.221022"><ele>1088.6</ele></trkpt>
      <trkpt lat="49.145786" lon="20.221035"><ele>1088.8</ele></trkpt>
      <trkpt lat="49.145805" lon="20.221075"><ele>1089.4</ele></trkpt>
      <trkpt lat="49.145827" lon="20.221112"><ele>1089.8</ele></trkpt>
      <trkpt lat="49.145843" lon="20.221130"><ele>1090.2</ele></trkpt>
      <trkpt lat="49.145859" lon="20.221144"><ele>1090.4</ele></trkpt>
      <trkpt lat="49.145885" lon="20.221168"><ele>1090.8</ele></trkpt>
      <trkpt lat="49.145907" lon="20.221192"><ele>1091.2</ele></trkpt>
      <trkpt lat="49.145936" lon="20.221214"><ele>1091.6</ele></trkpt>
      <trkpt lat="49.145955" lon="20.221227"><ele>1091.8</ele></trkpt>
      <trkpt lat="49.145981" lon="20.221266"><ele>1091.8</ele></trkpt>
      <trkpt lat="49.146003" lon="20.221291"><ele>1092.2</ele></trkpt>
      <trkpt lat="49.146026" lon="20.221318"><ele>1092.2</ele></trkpt>
      <trkpt lat="49.146045" lon="20.221334"><ele>1092.4</ele></trkpt>
      <trkpt lat="49.146064" lon="20.221352"><ele>1092.6</ele></trkpt>
      <trkpt lat="49.146083" lon="20.221381"><ele>1093.0</ele></trkpt>
      <trkpt lat="49.146093" lon="20.221411"><ele>1093.4</ele></trkpt>
      <trkpt lat="49.146118" lon="20.221451"><ele>1093.6</ele></trkpt>
      <trkpt lat="49.146134" lon="20.221464"><ele>1093.8</ele></trkpt>
      <trkpt lat="49.146160" lon="20.221496"><ele>1094.0</ele></trkpt>
      <trkpt lat="49.146186" lon="20.221520"><ele>1094.2</ele></trkpt>
      <trkpt lat="49.146221" lon="20.221536"><ele>1094.4</ele></trkpt>
      <trkpt lat="49.146240" lon="20.221555"><ele>1095.0</ele></trkpt>
      <trkpt lat="49.146266" lon="20.221579"><ele>1095.2</ele></trkpt>
      <trkpt lat="49.146294" lon="20.221602"><ele>1095.6</ele></trkpt>
      <trkpt lat="49.146314" lon="20.221614"><ele>1095.8</ele></trkpt>
      <trkpt lat="49.146336" lon="20.221642"><ele>1096.0</ele></trkpt>
      <trkpt lat="49.146355" lon="20.221664"><ele>1096.2</ele></trkpt>
      <trkpt lat="49.146371" lon="20.221691"><ele>1096.8</ele></trkpt>
      <trkpt lat="49.146390" lon="20.221723"><ele>1097.6</ele></trkpt>
      <trkpt lat="49.146416" lon="20.221742"><ele>1098.4</ele></trkpt>
      <trkpt lat="49.146435" lon="20.221755"><ele>1098.8</ele></trkpt>
      <trkpt lat="49.146451" lon="20.221770"><ele>1099.0</ele></trkpt>
      <trkpt lat="49.146461" lon="20.221797"><ele>1099.6</ele></trkpt>
      <trkpt lat="49.146480" lon="20.221808"><ele>1100.0</ele></trkpt>
      <trkpt lat="49.146502" lon="20.221821"><ele>1100.2</ele></trkpt>
      <trkpt lat="49.146518" lon="20.221837"><ele>1100.4</ele></trkpt>
      <trkpt lat="49.146538" lon="20.221848"><ele>1100.8</ele></trkpt>
      <trkpt lat="49.146554" lon="20.221862"><ele>1101.0</ele></trkpt>
      <trkpt lat="49.146576" lon="20.221902"><ele>1101.4</ele></trkpt>
      <trkpt lat="49.146595" lon="20.221912"><ele>1101.6</ele></trkpt>
      <trkpt lat="49.146608" lon="20.221936"><ele>1101.8</ele></trkpt>
      <trkpt lat="49.146624" lon="20.221958"><ele>1102.2</ele></trkpt>
      <trkpt lat="49.146650" lon="20.221966"><ele>1102.6</ele></trkpt>
      <trkpt lat="49.146675" lon="20.221971"><ele>1103.0</ele></trkpt>
      <trkpt lat="49.146710" lon="20.221982"><ele>1103.4</ele></trkpt>
      <trkpt lat="49.146739" lon="20.222010"><ele>1104.0</ele></trkpt>
      <trkpt lat="49.146758" lon="20.222046"><ele>1104.4</ele></trkpt>
      <trkpt lat="49.146774" lon="20.222059"><ele>1104.6</ele></trkpt>
      <trkpt lat="49.146787" lon="20.222098"><ele>1105.0</ele></trkpt>
      <trkpt lat="49.146806" lon="20.222130"><ele>1105.4</ele></trkpt>
      <trkpt lat="49.146822" lon="20.222158"><ele>1105.8</ele></trkpt>
      <trkpt lat="49.146851" lon="20.222179"><ele>1106.2</ele></trkpt>
      <trkpt lat="49.146877" lon="20.222190"><ele>1106.6</ele></trkpt>
      <trkpt lat="49.146896" lon="20.222219"><ele>1107.2</ele></trkpt>
      <trkpt lat="49.146922" lon="20.222256"><ele>1107.6</ele></trkpt>
      <trkpt lat="49.146950" lon="20.222269"><ele>1108.0</ele></trkpt>
      <trkpt lat="49.146970" lon="20.222288"><ele>1108.6</ele></trkpt>
      <trkpt lat="49.147002" lon="20.222310"><ele>1109.0</ele></trkpt>
      <trkpt lat="49.147027" lon="20.222326"><ele>1109.2</ele></trkpt>
      <trkpt lat="49.147050" lon="20.222358"><ele>1109.8</ele></trkpt>
      <trkpt lat="49.147069" lon="20.222387"><ele>1110.2</ele></trkpt>
      <trkpt lat="49.147085" lon="20.222408"><ele>1110.6</ele></trkpt>
      <trkpt lat="49.147110" lon="20.222443"><ele>1111.2</ele></trkpt>
      <trkpt lat="49.147136" lon="20.222466"><ele>1111.6</ele></trkpt>
      <trkpt lat="49.147152" lon="20.222483"><ele>1112.0</ele></trkpt>
      <trkpt lat="49.147194" lon="20.222496"><ele>1112.2</ele></trkpt>
      <trkpt lat="49.147251" lon="20.222512"><ele>1112.4</ele></trkpt>
      <trkpt lat="49.147270" lon="20.222525"><ele>1112.8</ele></trkpt>
      <trkpt lat="49.147299" lon="20.222562"><ele>1113.0</ele></trkpt>
      <trkpt lat="49.147331" lon="20.222597"><ele>1113.0</ele></trkpt>
      <trkpt lat="49.147373" lon="20.222618"><ele>1113.6</ele></trkpt>
      <trkpt lat="49.147408" lon="20.222634"><ele>1113.6</ele></trkpt>
      <trkpt lat="49.147434" lon="20.222646"><ele>1113.8</ele></trkpt>
      <trkpt lat="49.147466" lon="20.222642"><ele>1114.0</ele></trkpt>
      <trkpt lat="49.147443" lon="20.222638"><ele>1114.4</ele></trkpt>
      <trkpt lat="49.147469" lon="20.222642"><ele>1115.0</ele></trkpt>
      <trkpt lat="49.147488" lon="20.222653"><ele>1115.2</ele></trkpt>
      <trkpt lat="49.147504" lon="20.222666"><ele>1115.6</ele></trkpt>
      <trkpt lat="49.147533" lon="20.222685"><ele>1115.8</ele></trkpt>
      <trkpt lat="49.147517" lon="20.222718"><ele>1116.2</ele></trkpt>
      <trkpt lat="49.147536" lon="20.222733"><ele>1116.4</ele></trkpt>
      <trkpt lat="49.147562" lon="20.222746"><ele>1116.8</ele></trkpt>
      <trkpt lat="49.147597" lon="20.222734"><ele>1117.2</ele></trkpt>
      <trkpt lat="49.147616" lon="20.222706"><ele>1117.6</ele></trkpt>
      <trkpt lat="49.147635" lon="20.222710"><ele>1118.0</ele></trkpt>
      <trkpt lat="49.147661" lon="20.222734"><ele>1118.4</ele></trkpt>
      <trkpt lat="49.147683" lon="20.222747"><ele>1118.8</ele></trkpt>
      <trkpt lat="49.147706" lon="20.222771"><ele>1119.6</ele></trkpt>
      <trkpt lat="49.147722" lon="20.222786"><ele>1120.0</ele></trkpt>
      <trkpt lat="49.147750" lon="20.222790"><ele>1120.4</ele></trkpt>
      <trkpt lat="49.147776" lon="20.222792"><ele>1120.8</ele></trkpt>
      <trkpt lat="49.147802" lon="20.222813"><ele>1121.2</ele></trkpt>
      <trkpt lat="49.147821" lon="20.222824"><ele>1121.4</ele></trkpt>
      <trkpt lat="49.147843" lon="20.222832"><ele>1121.6</ele></trkpt>
      <trkpt lat="49.147862" lon="20.222837"><ele>1121.8</ele></trkpt>
      <trkpt lat="49.147882" lon="20.222845"><ele>1122.0</ele></trkpt>
      <trkpt lat="49.147901" lon="20.222853"><ele>1122.0</ele></trkpt>
      <trkpt lat="49.147926" lon="20.222874"><ele>1122.4</ele></trkpt>
      <trkpt lat="49.147958" lon="20.222893"><ele>1122.8</ele></trkpt>
      <trkpt lat="49.147984" lon="20.222899"><ele>1123.0</ele></trkpt>
      <trkpt lat="49.148006" lon="20.222923"><ele>1123.2</ele></trkpt>
      <trkpt lat="49.148026" lon="20.222941"><ele>1123.4</ele></trkpt>
      <trkpt lat="49.148045" lon="20.222962"><ele>1123.6</ele></trkpt>
      <trkpt lat="49.148064" lon="20.222966"><ele>1123.6</ele></trkpt>
      <trkpt lat="49.148090" lon="20.222971"><ele>1123.8</ele></trkpt>
      <trkpt lat="49.148112" lon="20.222974"><ele>1124.0</ele></trkpt>
      <trkpt lat="49.148157" lon="20.222976"><ele>1124.0</ele></trkpt>
      <trkpt lat="49.148182" lon="20.222966"><ele>1124.2</ele></trkpt>
      <trkpt lat="49.148211" lon="20.222955"><ele>1124.4</ele></trkpt>
      <trkpt lat="49.148230" lon="20.222952"><ele>1124.6</ele></trkpt>
      <trkpt lat="49.148262" lon="20.222952"><ele>1124.8</ele></trkpt>
      <trkpt lat="49.148282" lon="20.222954"><ele>1125.0</ele></trkpt>
      <trkpt lat="49.148307" lon="20.222954"><ele>1125.6</ele></trkpt>
      <trkpt lat="49.148326" lon="20.222963"><ele>1125.8</ele></trkpt>
      <trkpt lat="49.148362" lon="20.222971"><ele>1126.0</ele></trkpt>
      <trkpt lat="49.148397" lon="20.222966"><ele>1126.4</ele></trkpt>
      <trkpt lat="49.148422" lon="20.222963"><ele>1127.0</ele></trkpt>
      <trkpt lat="49.148451" lon="20.222960"><ele>1127.4</ele></trkpt>
      <trkpt lat="49.148483" lon="20.222958"><ele>1128.0</ele></trkpt>
      <trkpt lat="49.148528" lon="20.222941"><ele>1128.2</ele></trkpt>
      <trkpt lat="49.148547" lon="20.222944"><ele>1128.6</ele></trkpt>
      <trkpt lat="49.148570" lon="20.222962"><ele>1129.0</ele></trkpt>
      <trkpt lat="49.148586" lon="20.222974"><ele>1129.2</ele></trkpt>
      <trkpt lat="49.148618" lon="20.222986"><ele>1129.6</ele></trkpt>
      <trkpt lat="49.148637" lon="20.222995"><ele>1129.8</ele></trkpt>
      <trkpt lat="49.148656" lon="20.222998"><ele>1130.0</ele></trkpt>
      <trkpt lat="49.148682" lon="20.223010"><ele>1130.4</ele></trkpt>
      <trkpt lat="49.148714" lon="20.223000"><ele>1130.6</ele></trkpt>
      <trkpt lat="49.148733" lon="20.223000"><ele>1130.8</ele></trkpt>
      <trkpt lat="49.148765" lon="20.222995"><ele>1131.2</ele></trkpt>
      <trkpt lat="49.148797" lon="20.222989"><ele>1131.6</ele></trkpt>
      <trkpt lat="49.148822" lon="20.222986"><ele>1131.8</ele></trkpt>
      <trkpt lat="49.148848" lon="20.222986"><ele>1132.2</ele></trkpt>
      <trkpt lat="49.148874" lon="20.222986"><ele>1132.6</ele></trkpt>
      <trkpt lat="49.148896" lon="20.222979"><ele>1133.0</ele></trkpt>
      <trkpt lat="49.148915" lon="20.222970"><ele>1133.4</ele></trkpt>
      <trkpt lat="49.148941" lon="20.222970"><ele>1133.8</ele></trkpt>
      <trkpt lat="49.148960" lon="20.222973"><ele>1134.0</ele></trkpt>
      <trkpt lat="49.148992" lon="20.222994"><ele>1134.4</ele></trkpt>
      <trkpt lat="49.149018" lon="20.223010"><ele>1135.0</ele></trkpt>
      <trkpt lat="49.149046" lon="20.223010"><ele>1135.6</ele></trkpt>
      <trkpt lat="49.149075" lon="20.222989"><ele>1136.2</ele></trkpt>
      <trkpt lat="49.149091" lon="20.222976"><ele>1136.4</ele></trkpt>
      <trkpt lat="49.149120" lon="20.222949"><ele>1136.6</ele></trkpt>
      <trkpt lat="49.149139" lon="20.222942"><ele>1136.8</ele></trkpt>
      <trkpt lat="49.149165" lon="20.222926"><ele>1137.2</ele></trkpt>
      <trkpt lat="49.149194" lon="20.222920"><ele>1137.6</ele></trkpt>
      <trkpt lat="49.149222" lon="20.222906"><ele>1138.0</ele></trkpt>
      <trkpt lat="49.149245" lon="20.222904"><ele>1138.6</ele></trkpt>
      <trkpt lat="49.149274" lon="20.222891"><ele>1139.2</ele></trkpt>
      <trkpt lat="49.149309" lon="20.222883"><ele>1139.8</ele></trkpt>
      <trkpt lat="49.149331" lon="20.222883"><ele>1140.0</ele></trkpt>
      <trkpt lat="49.149354" lon="20.222882"><ele>1140.2</ele></trkpt>
      <trkpt lat="49.149382" lon="20.222885"><ele>1140.8</ele></trkpt>
      <trkpt lat="49.149402" lon="20.222886"><ele>1141.0</ele></trkpt>
      <trkpt lat="49.149421" lon="20.222891"><ele>1141.2</ele></trkpt>
      <trkpt lat="49.149459" lon="20.222893"><ele>1141.4</ele></trkpt>
      <trkpt lat="49.149498" lon="20.222896"><ele>1142.0</ele></trkpt>
      <trkpt lat="49.149520" lon="20.222904"><ele>1142.4</ele></trkpt>
      <trkpt lat="49.149539" lon="20.222909"><ele>1142.6</ele></trkpt>
      <trkpt lat="49.149558" lon="20.222922"><ele>1142.8</ele></trkpt>
      <trkpt lat="49.149581" lon="20.222944"><ele>1143.4</ele></trkpt>
      <trkpt lat="49.149610" lon="20.222963"><ele>1144.0</ele></trkpt>
      <trkpt lat="49.149638" lon="20.222982"><ele>1144.4</ele></trkpt>
      <trkpt lat="49.149667" lon="20.223005"><ele>1144.6</ele></trkpt>
      <trkpt lat="49.149686" lon="20.223024"><ele>1145.2</ele></trkpt>
      <trkpt lat="49.149702" lon="20.223051"><ele>1145.6</ele></trkpt>
      <trkpt lat="49.149731" lon="20.223061"><ele>1146.4</ele></trkpt>
      <trkpt lat="49.149757" lon="20.223051"><ele>1146.8</ele></trkpt>
      <trkpt lat="49.149776" lon="20.223034"><ele>1147.0</ele></trkpt>
      <trkpt lat="49.149795" lon="20.223014"><ele>1147.4</ele></trkpt>
      <trkpt lat="49.149830" lon="20.223016"><ele>1147.4</ele></trkpt>
      <trkpt lat="49.149856" lon="20.223016"><ele>1147.4</ele></trkpt>
      <trkpt lat="49.149885" lon="20.223013"><ele>1147.4</ele></trkpt>
      <trkpt lat="49.149917" lon="20.223019"><ele>1147.6</ele></trkpt>
      <trkpt lat="49.149939" lon="20.223024"><ele>1147.8</ele></trkpt>
      <trkpt lat="49.149965" lon="20.223051"><ele>1148.2</ele></trkpt>
      <trkpt lat="49.149987" lon="20.223070"><ele>1148.8</ele></trkpt>
      <trkpt lat="49.150013" lon="20.223074"><ele>1149.4</ele></trkpt>
      <trkpt lat="49.150038" lon="20.223088"><ele>1149.8</ele></trkpt>
      <trkpt lat="49.150064" lon="20.223091"><ele>1150.2</ele></trkpt>
      <trkpt lat="49.150083" lon="20.223088"><ele>1150.8</ele></trkpt>
      <trkpt lat="49.150106" lon="20.223078"><ele>1151.2</ele></trkpt>
      <trkpt lat="49.150131" lon="20.223080"><ele>1151.8</ele></trkpt>
      <trkpt lat="49.150150" lon="20.223099"><ele>1152.2</ele></trkpt>
      <trkpt lat="49.150173" lon="20.223120"><ele>1153.0</ele></trkpt>
      <trkpt lat="49.150189" lon="20.223133"><ele>1153.4</ele></trkpt>
      <trkpt lat="49.150205" lon="20.223154"><ele>1153.4</ele></trkpt>
      <trkpt lat="49.150218" lon="20.223181"><ele>1153.6</ele></trkpt>
      <trkpt lat="49.150237" lon="20.223202"><ele>1153.6</ele></trkpt>
      <trkpt lat="49.150256" lon="20.223238"><ele>1153.6</ele></trkpt>
      <trkpt lat="49.150285" lon="20.223262"><ele>1153.8</ele></trkpt>
      <trkpt lat="49.150314" lon="20.223288"><ele>1154.4</ele></trkpt>
      <trkpt lat="49.150336" lon="20.223322"><ele>1155.0</ele></trkpt>
      <trkpt lat="49.150365" lon="20.223338"><ele>1155.2</ele></trkpt>
      <trkpt lat="49.150390" lon="20.223333"><ele>1155.4</ele></trkpt>
      <trkpt lat="49.150410" lon="20.223339"><ele>1155.6</ele></trkpt>
      <trkpt lat="49.150442" lon="20.223349"><ele>1155.8</ele></trkpt>
      <trkpt lat="49.150464" lon="20.223350"><ele>1156.2</ele></trkpt>
      <trkpt lat="49.150490" lon="20.223339"><ele>1156.8</ele></trkpt>
      <trkpt lat="49.150515" lon="20.223333"><ele>1157.2</ele></trkpt>
      <trkpt lat="49.150547" lon="20.223314"><ele>1157.6</ele></trkpt>
      <trkpt lat="49.150570" lon="20.223309"><ele>1158.0</ele></trkpt>
      <trkpt lat="49.150589" lon="20.223296"><ele>1158.2</ele></trkpt>
      <trkpt lat="49.150614" lon="20.223280"><ele>1158.6</ele></trkpt>
      <trkpt lat="49.150634" lon="20.223267"><ele>1158.8</ele></trkpt>
      <trkpt lat="49.150662" lon="20.223261"><ele>1159.2</ele></trkpt>
      <trkpt lat="49.150682" lon="20.223254"><ele>1159.2</ele></trkpt>
      <trkpt lat="49.150710" lon="20.223253"><ele>1159.6</ele></trkpt>
      <trkpt lat="49.150739" lon="20.223251"><ele>1159.6</ele></trkpt>
      <trkpt lat="49.150758" lon="20.223248"><ele>1159.6</ele></trkpt>
      <trkpt lat="49.150784" lon="20.223251"><ele>1160.0</ele></trkpt>
      <trkpt lat="49.150819" lon="20.223253"><ele>1160.4</ele></trkpt>
      <trkpt lat="49.150838" lon="20.223251"><ele>1160.6</ele></trkpt>
      <trkpt lat="49.150864" lon="20.223259"><ele>1160.8</ele></trkpt>
      <trkpt lat="49.150899" lon="20.223250"><ele>1161.2</ele></trkpt>
      <trkpt lat="49.150922" lon="20.223240"><ele>1161.6</ele></trkpt>
      <trkpt lat="49.150944" lon="20.223234"><ele>1161.8</ele></trkpt>
      <trkpt lat="49.150966" lon="20.223221"><ele>1162.2</ele></trkpt>
      <trkpt lat="49.151005" lon="20.223210"><ele>1162.4</ele></trkpt>
      <trkpt lat="49.151024" lon="20.223203"><ele>1162.6</ele></trkpt>
      <trkpt lat="49.151050" lon="20.223200"><ele>1162.8</ele></trkpt>
      <trkpt lat="49.151069" lon="20.223194"><ele>1163.0</ele></trkpt>
      <trkpt lat="49.151088" lon="20.223189"><ele>1163.2</ele></trkpt>
      <trkpt lat="49.151117" lon="20.223168"><ele>1163.4</ele></trkpt>
      <trkpt lat="49.151142" lon="20.223149"><ele>1164.0</ele></trkpt>
      <trkpt lat="49.151162" lon="20.223134"><ele>1164.2</ele></trkpt>
      <trkpt lat="49.151181" lon="20.223109"><ele>1164.6</ele></trkpt>
      <trkpt lat="49.151203" lon="20.223083"><ele>1165.0</ele></trkpt>
      <trkpt lat="49.151226" lon="20.223054"><ele>1165.4</ele></trkpt>
      <trkpt lat="49.151245" lon="20.223029"><ele>1165.8</ele></trkpt>
      <trkpt lat="49.151261" lon="20.222998"><ele>1166.0</ele></trkpt>
      <trkpt lat="49.151283" lon="20.222962"><ele>1166.4</ele></trkpt>
      <trkpt lat="49.151306" lon="20.222944"><ele>1166.8</ele></trkpt>
      <trkpt lat="49.151325" lon="20.222922"><ele>1167.0</ele></trkpt>
      <trkpt lat="49.151347" lon="20.222894"><ele>1167.2</ele></trkpt>
      <trkpt lat="49.151366" lon="20.222877"><ele>1167.4</ele></trkpt>
      <trkpt lat="49.151386" lon="20.222861"><ele>1167.8</ele></trkpt>
      <trkpt lat="49.151408" lon="20.222830"><ele>1168.0</ele></trkpt>
      <trkpt lat="49.151427" lon="20.222811"><ele>1168.4</ele></trkpt>
      <trkpt lat="49.151466" lon="20.222787"><ele>1168.6</ele></trkpt>
      <trkpt lat="49.151482" lon="20.222773"><ele>1168.8</ele></trkpt>
      <trkpt lat="49.151504" lon="20.222757"><ele>1169.0</ele></trkpt>
      <trkpt lat="49.151533" lon="20.222742"><ele>1169.4</ele></trkpt>
      <trkpt lat="49.151562" lon="20.222731"><ele>1169.6</ele></trkpt>
      <trkpt lat="49.151584" lon="20.222712"><ele>1170.0</ele></trkpt>
      <trkpt lat="49.151613" lon="20.222707"><ele>1170.8</ele></trkpt>
      <trkpt lat="49.151638" lon="20.222706"><ele>1171.4</ele></trkpt>
      <trkpt lat="49.151674" lon="20.222714"><ele>1171.6</ele></trkpt>
      <trkpt lat="49.151702" lon="20.222718"><ele>1172.4</ele></trkpt>
      <trkpt lat="49.151722" lon="20.222725"><ele>1172.6</ele></trkpt>
      <trkpt lat="49.151747" lon="20.222725"><ele>1173.2</ele></trkpt>
      <trkpt lat="49.151773" lon="20.222717"><ele>1173.4</ele></trkpt>
      <trkpt lat="49.151798" lon="20.222693"><ele>1173.8</ele></trkpt>
      <trkpt lat="49.151824" lon="20.222674"><ele>1174.4</ele></trkpt>
      <trkpt lat="49.151853" lon="20.222651"><ele>1174.8</ele></trkpt>
      <trkpt lat="49.151872" lon="20.222642"><ele>1175.0</ele></trkpt>
      <trkpt lat="49.151891" lon="20.222629"><ele>1175.2</ele></trkpt>
      <trkpt lat="49.151917" lon="20.222618"><ele>1175.6</ele></trkpt>
      <trkpt lat="49.151936" lon="20.222606"><ele>1176.0</ele></trkpt>
      <trkpt lat="49.151958" lon="20.222587"><ele>1176.2</ele></trkpt>
      <trkpt lat="49.151974" lon="20.222571"><ele>1176.6</ele></trkpt>
      <trkpt lat="49.151994" lon="20.222558"><ele>1177.0</ele></trkpt>
      <trkpt lat="49.152013" lon="20.222549"><ele>1177.4</ele></trkpt>
      <trkpt lat="49.152042" lon="20.222547"><ele>1178.2</ele></trkpt>
      <trkpt lat="49.152061" lon="20.222547"><ele>1178.4</ele></trkpt>
      <trkpt lat="49.152093" lon="20.222549"><ele>1179.0</ele></trkpt>
      <trkpt lat="49.152112" lon="20.222566"><ele>1179.6</ele></trkpt>
      <trkpt lat="49.152141" lon="20.222589"><ele>1180.6</ele></trkpt>
      <trkpt lat="49.152160" lon="20.222595"><ele>1180.8</ele></trkpt>
      <trkpt lat="49.152182" lon="20.222595"><ele>1181.0</ele></trkpt>
      <trkpt lat="49.152211" lon="20.222606"><ele>1181.6</ele></trkpt>
      <trkpt lat="49.152234" lon="20.222614"><ele>1182.2</ele></trkpt>
      <trkpt lat="49.152262" lon="20.222618"><ele>1182.6</ele></trkpt>
      <trkpt lat="49.152282" lon="20.222616"><ele>1182.8</ele></trkpt>
      <trkpt lat="49.152301" lon="20.222616"><ele>1183.2</ele></trkpt>
      <trkpt lat="49.152330" lon="20.222622"><ele>1183.6</ele></trkpt>
      <trkpt lat="49.152349" lon="20.222614"><ele>1183.8</ele></trkpt>
      <trkpt lat="49.152368" lon="20.222626"><ele>1184.0</ele></trkpt>
      <trkpt lat="49.152394" lon="20.222627"><ele>1184.6</ele></trkpt>
      <trkpt lat="49.152429" lon="20.222624"><ele>1185.0</ele></trkpt>
      <trkpt lat="49.152454" lon="20.222634"><ele>1185.4</ele></trkpt>
      <trkpt lat="49.152474" lon="20.222635"><ele>1185.8</ele></trkpt>
      <trkpt lat="49.152496" lon="20.222638"><ele>1186.4</ele></trkpt>
      <trkpt lat="49.152515" lon="20.222638"><ele>1186.6</ele></trkpt>
      <trkpt lat="49.152534" lon="20.222642"><ele>1187.0</ele></trkpt>
      <trkpt lat="49.152557" lon="20.222638"><ele>1187.2</ele></trkpt>
      <trkpt lat="49.152579" lon="20.222638"><ele>1187.8</ele></trkpt>
      <trkpt lat="49.152602" lon="20.222646"><ele>1188.4</ele></trkpt>
      <trkpt lat="49.152634" lon="20.222648"><ele>1189.0</ele></trkpt>
      <trkpt lat="49.152653" lon="20.222666"><ele>1189.6</ele></trkpt>
      <trkpt lat="49.152675" lon="20.222677"><ele>1190.0</ele></trkpt>
      <trkpt lat="49.152701" lon="20.222694"><ele>1190.4</ele></trkpt>
      <trkpt lat="49.152720" lon="20.222717"><ele>1190.8</ele></trkpt>
      <trkpt lat="49.152749" lon="20.222733"><ele>1191.4</ele></trkpt>
      <trkpt lat="49.152771" lon="20.222750"><ele>1191.8</ele></trkpt>
      <trkpt lat="49.152790" lon="20.222762"><ele>1192.2</ele></trkpt>
      <trkpt lat="49.152810" lon="20.222771"><ele>1192.6</ele></trkpt>
      <trkpt lat="49.152832" lon="20.222794"><ele>1193.2</ele></trkpt>
      <trkpt lat="49.152848" lon="20.222813"><ele>1193.4</ele></trkpt>
      <trkpt lat="49.152867" lon="20.222853"><ele>1193.8</ele></trkpt>
      <trkpt lat="49.152886" lon="20.222880"><ele>1194.2</ele></trkpt>
      <trkpt lat="49.152915" lon="20.222885"><ele>1194.4</ele></trkpt>
      <trkpt lat="49.152934" lon="20.222885"><ele>1194.6</ele></trkpt>
      <trkpt lat="49.152963" lon="20.222901"><ele>1194.8</ele></trkpt>
      <trkpt lat="49.152989" lon="20.222910"><ele>1195.2</ele></trkpt>
      <trkpt lat="49.153018" lon="20.222925"><ele>1195.8</ele></trkpt>
      <trkpt lat="49.153034" lon="20.222939"><ele>1196.2</ele></trkpt>
      <trkpt lat="49.153053" lon="20.222963"><ele>1197.0</ele></trkpt>
      <trkpt lat="49.153072" lon="20.222981"><ele>1197.4</ele></trkpt>
      <trkpt lat="49.153104" lon="20.223000"><ele>1197.8</ele></trkpt>
      <trkpt lat="49.153126" lon="20.223021"><ele>1198.2</ele></trkpt>
      <trkpt lat="49.153146" lon="20.223026"><ele>1198.4</ele></trkpt>
      <trkpt lat="49.153171" lon="20.223042"><ele>1198.8</ele></trkpt>
      <trkpt lat="49.153197" lon="20.223054"><ele>1199.2</ele></trkpt>
      <trkpt lat="49.153226" lon="20.223072"><ele>1199.6</ele></trkpt>
      <trkpt lat="49.153251" lon="20.223090"><ele>1200.2</ele></trkpt>
      <trkpt lat="49.153286" lon="20.223106"><ele>1200.4</ele></trkpt>
      <trkpt lat="49.153312" lon="20.223110"><ele>1200.8</ele></trkpt>
      <trkpt lat="49.153341" lon="20.223123"><ele>1200.8</ele></trkpt>
      <trkpt lat="49.153366" lon="20.223138"><ele>1201.0</ele></trkpt>
      <trkpt lat="49.153392" lon="20.223155"><ele>1201.2</ele></trkpt>
      <trkpt lat="49.153411" lon="20.223174"><ele>1201.4</ele></trkpt>
      <trkpt lat="49.153440" lon="20.223202"><ele>1201.6</ele></trkpt>
      <trkpt lat="49.153462" lon="20.223248"><ele>1201.8</ele></trkpt>
      <trkpt lat="49.153475" lon="20.223283"><ele>1202.2</ele></trkpt>
      <trkpt lat="49.153501" lon="20.223304"><ele>1202.6</ele></trkpt>
      <trkpt lat="49.153523" lon="20.223326"><ele>1202.8</ele></trkpt>
      <trkpt lat="49.153549" lon="20.223349"><ele>1203.2</ele></trkpt>
      <trkpt lat="49.153571" lon="20.223358"><ele>1203.4</ele></trkpt>
      <trkpt lat="49.153594" lon="20.223370"><ele>1203.4</ele></trkpt>
      <trkpt lat="49.153622" lon="20.223390"><ele>1203.6</ele></trkpt>
      <trkpt lat="49.153651" lon="20.223406"><ele>1204.0</ele></trkpt>
      <trkpt lat="49.153670" lon="20.223413"><ele>1204.2</ele></trkpt>
      <trkpt lat="49.153686" lon="20.223442"><ele>1204.6</ele></trkpt>
      <trkpt lat="49.153706" lon="20.223459"><ele>1205.0</ele></trkpt>
      <trkpt lat="49.153728" lon="20.223462"><ele>1205.2</ele></trkpt>
      <trkpt lat="49.153763" lon="20.223462"><ele>1205.6</ele></trkpt>
      <trkpt lat="49.153786" lon="20.223472"><ele>1205.8</ele></trkpt>
      <trkpt lat="49.153805" lon="20.223485"><ele>1206.0</ele></trkpt>
      <trkpt lat="49.153830" lon="20.223507"><ele>1206.2</ele></trkpt>
      <trkpt lat="49.153869" lon="20.223525"><ele>1206.4</ele></trkpt>
      <trkpt lat="49.153901" lon="20.223534"><ele>1206.8</ele></trkpt>
      <trkpt lat="49.153939" lon="20.223538"><ele>1207.0</ele></trkpt>
      <trkpt lat="49.153958" lon="20.223552"><ele>1207.2</ele></trkpt>
      <trkpt lat="49.153981" lon="20.223566"><ele>1207.4</ele></trkpt>
      <trkpt lat="49.154010" lon="20.223568"><ele>1207.6</ele></trkpt>
      <trkpt lat="49.154035" lon="20.223571"><ele>1208.2</ele></trkpt>
      <trkpt lat="49.154064" lon="20.223589"><ele>1208.2</ele></trkpt>
      <trkpt lat="49.154109" lon="20.223579"><ele>1208.4</ele></trkpt>
      <trkpt lat="49.154160" lon="20.223590"><ele>1208.6</ele></trkpt>
      <trkpt lat="49.154189" lon="20.223574"><ele>1209.0</ele></trkpt>
      <trkpt lat="49.154205" lon="20.223572"><ele>1209.0</ele></trkpt>
      <trkpt lat="49.154227" lon="20.223570"><ele>1209.2</ele></trkpt>
      <trkpt lat="49.154256" lon="20.223574"><ele>1209.4</ele></trkpt>
      <trkpt lat="49.154275" lon="20.223578"><ele>1209.6</ele></trkpt>
      <trkpt lat="49.154298" lon="20.223574"><ele>1209.8</ele></trkpt>
      <trkpt lat="49.154320" lon="20.223574"><ele>1210.0</ele></trkpt>
      <trkpt lat="49.154342" lon="20.223581"><ele>1210.2</ele></trkpt>
      <trkpt lat="49.154374" lon="20.223597"><ele>1211.0</ele></trkpt>
      <trkpt lat="49.154397" lon="20.223602"><ele>1211.2</ele></trkpt>
      <trkpt lat="49.154416" lon="20.223602"><ele>1211.4</ele></trkpt>
      <trkpt lat="49.154445" lon="20.223605"><ele>1211.6</ele></trkpt>
      <trkpt lat="49.154467" lon="20.223605"><ele>1211.6</ele></trkpt>
      <trkpt lat="49.154493" lon="20.223619"><ele>1211.8</ele></trkpt>
      <trkpt lat="49.154525" lon="20.223627"><ele>1212.0</ele></trkpt>
      <trkpt lat="49.154547" lon="20.223640"><ele>1212.2</ele></trkpt>
      <trkpt lat="49.154573" lon="20.223637"><ele>1212.4</ele></trkpt>
      <trkpt lat="49.154602" lon="20.223645"><ele>1212.8</ele></trkpt>
      <trkpt lat="49.154624" lon="20.223646"><ele>1213.2</ele></trkpt>
      <trkpt lat="49.154643" lon="20.223646"><ele>1213.6</ele></trkpt>
      <trkpt lat="49.154666" lon="20.223654"><ele>1213.8</ele></trkpt>
      <trkpt lat="49.154685" lon="20.223659"><ele>1214.4</ele></trkpt>
      <trkpt lat="49.154710" lon="20.223669"><ele>1214.8</ele></trkpt>
      <trkpt lat="49.154739" lon="20.223685"><ele>1215.2</ele></trkpt>
      <trkpt lat="49.154765" lon="20.223698"><ele>1215.8</ele></trkpt>
      <trkpt lat="49.154784" lon="20.223704"><ele>1216.0</ele></trkpt>
      <trkpt lat="49.154810" lon="20.223715"><ele>1216.8</ele></trkpt>
      <trkpt lat="49.154835" lon="20.223709"><ele>1217.6</ele></trkpt>
      <trkpt lat="49.154854" lon="20.223704"><ele>1218.4</ele></trkpt>
      <trkpt lat="49.154893" lon="20.223694"><ele>1218.8</ele></trkpt>
      <trkpt lat="49.154922" lon="20.223710"><ele>1219.6</ele></trkpt>
      <trkpt lat="49.154938" lon="20.223723"><ele>1219.8</ele></trkpt>
      <trkpt lat="49.154957" lon="20.223734"><ele>1220.0</ele></trkpt>
      <trkpt lat="49.154982" lon="20.223749"><ele>1220.4</ele></trkpt>
      <trkpt lat="49.155018" lon="20.223763"><ele>1220.8</ele></trkpt>
      <trkpt lat="49.155040" lon="20.223773"><ele>1221.2</ele></trkpt>
      <trkpt lat="49.155069" lon="20.223776"><ele>1221.6</ele></trkpt>
      <trkpt lat="49.155082" lon="20.223797"><ele>1222.0</ele></trkpt>
      <trkpt lat="49.155104" lon="20.223819"><ele>1222.4</ele></trkpt>
      <trkpt lat="49.155136" lon="20.223835"><ele>1223.0</ele></trkpt>
      <trkpt lat="49.155168" lon="20.223846"><ele>1223.2</ele></trkpt>
      <trkpt lat="49.155200" lon="20.223862"><ele>1223.6</ele></trkpt>
      <trkpt lat="49.155219" lon="20.223872"><ele>1223.8</ele></trkpt>
      <trkpt lat="49.155238" lon="20.223885"><ele>1224.0</ele></trkpt>
      <trkpt lat="49.155258" lon="20.223899"><ele>1224.2</ele></trkpt>
      <trkpt lat="49.155274" lon="20.223912"><ele>1224.4</ele></trkpt>
      <trkpt lat="49.155296" lon="20.223936"><ele>1224.6</ele></trkpt>
      <trkpt lat="49.155318" lon="20.223965"><ele>1225.0</ele></trkpt>
      <trkpt lat="49.155341" lon="20.223998"><ele>1225.4</ele></trkpt>
      <trkpt lat="49.155357" lon="20.224013"><ele>1225.6</ele></trkpt>
      <trkpt lat="49.155376" lon="20.224034"><ele>1226.0</ele></trkpt>
      <trkpt lat="49.155379" lon="20.224067"><ele>1226.4</ele></trkpt>
      <trkpt lat="49.155402" lon="20.224085"><ele>1226.8</ele></trkpt>
      <trkpt lat="49.155427" lon="20.224091"><ele>1227.0</ele></trkpt>
      <trkpt lat="49.155450" lon="20.224085"><ele>1227.0</ele></trkpt>
      <trkpt lat="49.155478" lon="20.224098"><ele>1227.6</ele></trkpt>
      <trkpt lat="49.155510" lon="20.224114"><ele>1227.8</ele></trkpt>
      <trkpt lat="49.155530" lon="20.224118"><ele>1228.0</ele></trkpt>
      <trkpt lat="49.155555" lon="20.224126"><ele>1228.4</ele></trkpt>
      <trkpt lat="49.155584" lon="20.224133"><ele>1228.8</ele></trkpt>
      <trkpt lat="49.155600" lon="20.224147"><ele>1229.0</ele></trkpt>
      <trkpt lat="49.155632" lon="20.224165"><ele>1229.6</ele></trkpt>
      <trkpt lat="49.155654" lon="20.224171"><ele>1229.8</ele></trkpt>
      <trkpt lat="49.155674" lon="20.224174"><ele>1230.0</ele></trkpt>
      <trkpt lat="49.155706" lon="20.224182"><ele>1230.6</ele></trkpt>
      <trkpt lat="49.155728" lon="20.224202"><ele>1231.2</ele></trkpt>
      <trkpt lat="49.155763" lon="20.224195"><ele>1231.6</ele></trkpt>
      <trkpt lat="49.155789" lon="20.224178"><ele>1232.2</ele></trkpt>
      <trkpt lat="49.155808" lon="20.224166"><ele>1232.4</ele></trkpt>
      <trkpt lat="49.155830" lon="20.224166"><ele>1233.0</ele></trkpt>
      <trkpt lat="49.155853" lon="20.224165"><ele>1233.4</ele></trkpt>
      <trkpt lat="49.155885" lon="20.224163"><ele>1234.2</ele></trkpt>
      <trkpt lat="49.155914" lon="20.224154"><ele>1235.0</ele></trkpt>
      <trkpt lat="49.155942" lon="20.224163"><ele>1235.6</ele></trkpt>
      <trkpt lat="49.155965" lon="20.224168"><ele>1236.8</ele></trkpt>
      <trkpt lat="49.155987" lon="20.224186"><ele>1237.4</ele></trkpt>
      <trkpt lat="49.156013" lon="20.224200"><ele>1238.0</ele></trkpt>
      <trkpt lat="49.156032" lon="20.224222"><ele>1238.8</ele></trkpt>
      <trkpt lat="49.156048" lon="20.224235"><ele>1239.2</ele></trkpt>
      <trkpt lat="49.156064" lon="20.224251"><ele>1239.6</ele></trkpt>
      <trkpt lat="49.156093" lon="20.224264"><ele>1240.2</ele></trkpt>
      <trkpt lat="49.156106" lon="20.224291"><ele>1240.6</ele></trkpt>
      <trkpt lat="49.156125" lon="20.224296"><ele>1241.0</ele></trkpt>
      <trkpt lat="49.156163" lon="20.224304"><ele>1241.2</ele></trkpt>
      <trkpt lat="49.156192" lon="20.224312"><ele>1241.6</ele></trkpt>
      <trkpt lat="49.156211" lon="20.224302"><ele>1242.0</ele></trkpt>
      <trkpt lat="49.156250" lon="20.224283"><ele>1242.2</ele></trkpt>
      <trkpt lat="49.156272" lon="20.224283"><ele>1242.6</ele></trkpt>
      <trkpt lat="49.156294" lon="20.224282"><ele>1243.0</ele></trkpt>
      <trkpt lat="49.156326" lon="20.224291"><ele>1243.8</ele></trkpt>
      <trkpt lat="49.156362" lon="20.224283"><ele>1244.2</ele></trkpt>
      <trkpt lat="49.156387" lon="20.224299"><ele>1245.0</ele></trkpt>
      <trkpt lat="49.156413" lon="20.224317"><ele>1245.8</ele></trkpt>
      <trkpt lat="49.156438" lon="20.224312"><ele>1246.4</ele></trkpt>
      <trkpt lat="49.156467" lon="20.224312"><ele>1247.0</ele></trkpt>
      <trkpt lat="49.156493" lon="20.224314"><ele>1247.6</ele></trkpt>
      <trkpt lat="49.156522" lon="20.224320"><ele>1248.2</ele></trkpt>
      <trkpt lat="49.156547" lon="20.224344"><ele>1249.4</ele></trkpt>
      <trkpt lat="49.156570" lon="20.224355"><ele>1249.8</ele></trkpt>
      <trkpt lat="49.156589" lon="20.224360"><ele>1250.0</ele></trkpt>
      <trkpt lat="49.156624" lon="20.224365"><ele>1250.6</ele></trkpt>
      <trkpt lat="49.156637" lon="20.224402"><ele>1251.6</ele></trkpt>
      <trkpt lat="49.156646" lon="20.224435"><ele>1252.2</ele></trkpt>
      <trkpt lat="49.156650" lon="20.224472"><ele>1252.8</ele></trkpt>
      <trkpt lat="49.156685" lon="20.224488"><ele>1253.0</ele></trkpt>
      <trkpt lat="49.156701" lon="20.224501"><ele>1253.4</ele></trkpt>
      <trkpt lat="49.156720" lon="20.224515"><ele>1253.8</ele></trkpt>
      <trkpt lat="49.156739" lon="20.224515"><ele>1254.2</ele></trkpt>
      <trkpt lat="49.156762" lon="20.224525"><ele>1254.6</ele></trkpt>
      <trkpt lat="49.156790" lon="20.224541"><ele>1255.2</ele></trkpt>
      <trkpt lat="49.156826" lon="20.224560"><ele>1255.6</ele></trkpt>
      <trkpt lat="49.156851" lon="20.224560"><ele>1256.4</ele></trkpt>
      <trkpt lat="49.156870" lon="20.224554"><ele>1256.6</ele></trkpt>
      <trkpt lat="49.156902" lon="20.224541"><ele>1257.0</ele></trkpt>
      <trkpt lat="49.156925" lon="20.224539"><ele>1257.4</ele></trkpt>
      <trkpt lat="49.156947" lon="20.224534"><ele>1257.6</ele></trkpt>
      <trkpt lat="49.156966" lon="20.224531"><ele>1257.8</ele></trkpt>
      <trkpt lat="49.156986" lon="20.224534"><ele>1258.0</ele></trkpt>
      <trkpt lat="49.157005" lon="20.224539"><ele>1258.2</ele></trkpt>
      <trkpt lat="49.157037" lon="20.224547"><ele>1258.6</ele></trkpt>
      <trkpt lat="49.157066" lon="20.224554"><ele>1259.0</ele></trkpt>
      <trkpt lat="49.157088" lon="20.224554"><ele>1259.6</ele></trkpt>
      <trkpt lat="49.157123" lon="20.224554"><ele>1260.0</ele></trkpt>
      <trkpt lat="49.157146" lon="20.224554"><ele>1260.0</ele></trkpt>
      <trkpt lat="49.157178" lon="20.224560"><ele>1260.4</ele></trkpt>
      <trkpt lat="49.157200" lon="20.224578"><ele>1260.8</ele></trkpt>
      <trkpt lat="49.157222" lon="20.224597"><ele>1261.2</ele></trkpt>
      <trkpt lat="49.157254" lon="20.224603"><ele>1261.4</ele></trkpt>
      <trkpt lat="49.157280" lon="20.224622"><ele>1261.8</ele></trkpt>
      <trkpt lat="49.157315" lon="20.224640"><ele>1261.8</ele></trkpt>
      <trkpt lat="49.157341" lon="20.224661"><ele>1262.2</ele></trkpt>
      <trkpt lat="49.157363" lon="20.224680"><ele>1262.2</ele></trkpt>
      <trkpt lat="49.157386" lon="20.224688"><ele>1262.8</ele></trkpt>
      <trkpt lat="49.157414" lon="20.224691"><ele>1263.0</ele></trkpt>
      <trkpt lat="49.157434" lon="20.224691"><ele>1263.2</ele></trkpt>
      <trkpt lat="49.157472" lon="20.224696"><ele>1263.4</ele></trkpt>
      <trkpt lat="49.157501" lon="20.224704"><ele>1263.8</ele></trkpt>
      <trkpt lat="49.157533" lon="20.224717"><ele>1264.2</ele></trkpt>
      <trkpt lat="49.157558" lon="20.224731"><ele>1264.6</ele></trkpt>
      <trkpt lat="49.157584" lon="20.224752"><ele>1265.0</ele></trkpt>
      <trkpt lat="49.157613" lon="20.224754"><ele>1265.4</ele></trkpt>
      <trkpt lat="49.157632" lon="20.224773"><ele>1265.6</ele></trkpt>
      <trkpt lat="49.157651" lon="20.224789"><ele>1265.6</ele></trkpt>
      <trkpt lat="49.157680" lon="20.224819"><ele>1266.0</ele></trkpt>
      <trkpt lat="49.157702" lon="20.224819"><ele>1266.0</ele></trkpt>
      <trkpt lat="49.157725" lon="20.224819"><ele>1266.2</ele></trkpt>
      <trkpt lat="49.157754" lon="20.224818"><ele>1266.2</ele></trkpt>
      <trkpt lat="49.157773" lon="20.224818"><ele>1266.4</ele></trkpt>
      <trkpt lat="49.157798" lon="20.224822"><ele>1266.6</ele></trkpt>
      <trkpt lat="49.157818" lon="20.224830"><ele>1267.0</ele></trkpt>
      <trkpt lat="49.157837" lon="20.224832"><ele>1267.4</ele></trkpt>
      <trkpt lat="49.157859" lon="20.224840"><ele>1267.6</ele></trkpt>
      <trkpt lat="49.157878" lon="20.224850"><ele>1268.0</ele></trkpt>
      <trkpt lat="49.157901" lon="20.224861"><ele>1268.4</ele></trkpt>
      <trkpt lat="49.157933" lon="20.224880"><ele>1268.6</ele></trkpt>
      <trkpt lat="49.157952" lon="20.224893"><ele>1268.8</ele></trkpt>
      <trkpt lat="49.157971" lon="20.224909"><ele>1269.0</ele></trkpt>
      <trkpt lat="49.158000" lon="20.224934"><ele>1269.0</ele></trkpt>
      <trkpt lat="49.158022" lon="20.224976"><ele>1269.6</ele></trkpt>
      <trkpt lat="49.158048" lon="20.225002"><ele>1270.2</ele></trkpt>
      <trkpt lat="49.158077" lon="20.225011"><ele>1270.8</ele></trkpt>
      <trkpt lat="49.158096" lon="20.225018"><ele>1271.6</ele></trkpt>
      <trkpt lat="49.158131" lon="20.225014"><ele>1272.2</ele></trkpt>
      <trkpt lat="49.158160" lon="20.225006"><ele>1272.2</ele></trkpt>
      <trkpt lat="49.158189" lon="20.224997"><ele>1272.6</ele></trkpt>
      <trkpt lat="49.158211" lon="20.224978"><ele>1273.6</ele></trkpt>
      <trkpt lat="49.158227" lon="20.224965"><ele>1274.0</ele></trkpt>
      <trkpt lat="49.158246" lon="20.224939"><ele>1274.2</ele></trkpt>
      <trkpt lat="49.158259" lon="20.224915"><ele>1274.6</ele></trkpt>
      <trkpt lat="49.158272" lon="20.224870"><ele>1275.6</ele></trkpt>
      <trkpt lat="49.158272" lon="20.224832"><ele>1276.2</ele></trkpt>
      <trkpt lat="49.158266" lon="20.224792"><ele>1276.6</ele></trkpt>
      <trkpt lat="49.158269" lon="20.224758"><ele>1276.2</ele></trkpt>
      <trkpt lat="49.158269" lon="20.224723"><ele>1275.8</ele></trkpt>
      <trkpt lat="49.158285" lon="20.224742"><ele>1275.2</ele></trkpt>
      <trkpt lat="49.158294" lon="20.224766"><ele>1274.8</ele></trkpt>
      <trkpt lat="49.158307" lon="20.224808"><ele>1274.0</ele></trkpt>
      <trkpt lat="49.158317" lon="20.224832"><ele>1273.8</ele></trkpt>
      <trkpt lat="49.158326" lon="20.224858"><ele>1273.6</ele></trkpt>
      <trkpt lat="49.158349" lon="20.224882"><ele>1273.6</ele></trkpt>
      <trkpt lat="49.158378" lon="20.224907"><ele>1273.8</ele></trkpt>
      <trkpt lat="49.158397" lon="20.224917"><ele>1273.8</ele></trkpt>
      <trkpt lat="49.158416" lon="20.224925"><ele>1273.8</ele></trkpt>
      <trkpt lat="49.158435" lon="20.224928"><ele>1273.8</ele></trkpt>
      <trkpt lat="49.158454" lon="20.224950"><ele>1274.2</ele></trkpt>
      <trkpt lat="49.158474" lon="20.224957"><ele>1274.6</ele></trkpt>
      <trkpt lat="49.158496" lon="20.224965"><ele>1275.2</ele></trkpt>
      <trkpt lat="49.158515" lon="20.224986"><ele>1276.4</ele></trkpt>
      <trkpt lat="49.158534" lon="20.224998"><ele>1277.0</ele></trkpt>
      <trkpt lat="49.158557" lon="20.225011"><ele>1277.6</ele></trkpt>
      <trkpt lat="49.158586" lon="20.225026"><ele>1278.2</ele></trkpt>
      <trkpt lat="49.158618" lon="20.225026"><ele>1278.8</ele></trkpt>
      <trkpt lat="49.158646" lon="20.225030"><ele>1279.4</ele></trkpt>
      <trkpt lat="49.158672" lon="20.225042"><ele>1279.8</ele></trkpt>
      <trkpt lat="49.158704" lon="20.225054"><ele>1280.4</ele></trkpt>
      <trkpt lat="49.158730" lon="20.225046"><ele>1280.8</ele></trkpt>
      <trkpt lat="49.158752" lon="20.225029"><ele>1281.2</ele></trkpt>
      <trkpt lat="49.158768" lon="20.225016"><ele>1281.2</ele></trkpt>
      <trkpt lat="49.158784" lon="20.224984"><ele>1281.4</ele></trkpt>
      <trkpt lat="49.158803" lon="20.224962"><ele>1281.2</ele></trkpt>
      <trkpt lat="49.158822" lon="20.224939"><ele>1281.4</ele></trkpt>
      <trkpt lat="49.158842" lon="20.224931"><ele>1281.6</ele></trkpt>
      <trkpt lat="49.158851" lon="20.224907"><ele>1282.0</ele></trkpt>
      <trkpt lat="49.158877" lon="20.224893"><ele>1282.2</ele></trkpt>
      <trkpt lat="49.158893" lon="20.224907"><ele>1282.4</ele></trkpt>
      <trkpt lat="49.158915" lon="20.224910"><ele>1283.6</ele></trkpt>
      <trkpt lat="49.158902" lon="20.224931"><ele>1281.0</ele></trkpt>
      <trkpt lat="49.158867" lon="20.224938"><ele>1280.8</ele></trkpt>
      <trkpt lat="49.158845" lon="20.224938"><ele>1280.6</ele></trkpt>
      <trkpt lat="49.158816" lon="20.224938"><ele>1280.4</ele></trkpt>
      <trkpt lat="49.158790" lon="20.224946"><ele>1280.4</ele></trkpt>
      <trkpt lat="49.158762" lon="20.224947"><ele>1280.4</ele></trkpt>
      <trkpt lat="49.158736" lon="20.224955"><ele>1280.4</ele></trkpt>
      <trkpt lat="49.158710" lon="20.224949"><ele>1280.4</ele></trkpt>
      <trkpt lat="49.158691" lon="20.224950"><ele>1281.2</ele></trkpt>
      <trkpt lat="49.158717" lon="20.224939"><ele>1281.6</ele></trkpt>
      <trkpt lat="49.158752" lon="20.224941"><ele>1281.6</ele></trkpt>
      <trkpt lat="49.158771" lon="20.224938"><ele>1281.6</ele></trkpt>
      <trkpt lat="49.158790" lon="20.224931"><ele>1281.6</ele></trkpt>
      <trkpt lat="49.158810" lon="20.224918"><ele>1281.6</ele></trkpt>
      <trkpt lat="49.158848" lon="20.224898"><ele>1281.8</ele></trkpt>
      <trkpt lat="49.158874" lon="20.224872"><ele>1282.4</ele></trkpt>
      <trkpt lat="49.158890" lon="20.224856"><ele>1282.6</ele></trkpt>
      <trkpt lat="49.158906" lon="20.224838"><ele>1283.0</ele></trkpt>
      <trkpt lat="49.158915" lon="20.224811"><ele>1283.4</ele></trkpt>
      <trkpt lat="49.158934" lon="20.224800"><ele>1283.8</ele></trkpt>
      <trkpt lat="49.158963" lon="20.224778"><ele>1284.2</ele></trkpt>
      <trkpt lat="49.158986" lon="20.224750"><ele>1284.4</ele></trkpt>
      <trkpt lat="49.159008" lon="20.224726"><ele>1284.8</ele></trkpt>
      <trkpt lat="49.159024" lon="20.224688"><ele>1285.4</ele></trkpt>
      <trkpt lat="49.159040" lon="20.224651"><ele>1286.0</ele></trkpt>
      <trkpt lat="49.159050" lon="20.224608"><ele>1286.4</ele></trkpt>
      <trkpt lat="49.159053" lon="20.224578"><ele>1286.8</ele></trkpt>
      <trkpt lat="49.159059" lon="20.224539"><ele>1287.4</ele></trkpt>
      <trkpt lat="49.159062" lon="20.224499"><ele>1287.4</ele></trkpt>
      <trkpt lat="49.159066" lon="20.224472"><ele>1287.4</ele></trkpt>
      <trkpt lat="49.159082" lon="20.224442"><ele>1287.2</ele></trkpt>
      <trkpt lat="49.159101" lon="20.224406"><ele>1287.4</ele></trkpt>
      <trkpt lat="49.159110" lon="20.224382"><ele>1287.6</ele></trkpt>
      <trkpt lat="49.159123" lon="20.224360"><ele>1287.8</ele></trkpt>
      <trkpt lat="49.159130" lon="20.224315"><ele>1287.8</ele></trkpt>
      <trkpt lat="49.159155" lon="20.224246"><ele>1287.6</ele></trkpt>
      <trkpt lat="49.159174" lon="20.224234"><ele>1287.8</ele></trkpt>
      <trkpt lat="49.159194" lon="20.224202"><ele>1288.2</ele></trkpt>
      <trkpt lat="49.159219" lon="20.224168"><ele>1288.4</ele></trkpt>
      <trkpt lat="49.159232" lon="20.224128"><ele>1288.6</ele></trkpt>
      <trkpt lat="49.159254" lon="20.224107"><ele>1288.6</ele></trkpt>
      <trkpt lat="49.159270" lon="20.224077"><ele>1288.8</ele></trkpt>
      <trkpt lat="49.159290" lon="20.224051"><ele>1289.0</ele></trkpt>
      <trkpt lat="49.159312" lon="20.224018"><ele>1289.4</ele></trkpt>
      <trkpt lat="49.159331" lon="20.223989"><ele>1289.2</ele></trkpt>
      <trkpt lat="49.159350" lon="20.223971"><ele>1289.0</ele></trkpt>
      <trkpt lat="49.159366" lon="20.223958"><ele>1289.0</ele></trkpt>
      <trkpt lat="49.159402" lon="20.223934"><ele>1289.0</ele></trkpt>
      <trkpt lat="49.159418" lon="20.223922"><ele>1288.8</ele></trkpt>
      <trkpt lat="49.159440" lon="20.223907"><ele>1288.8</ele></trkpt>
      <trkpt lat="49.159466" lon="20.223890"><ele>1288.8</ele></trkpt>
      <trkpt lat="49.159488" lon="20.223878"><ele>1288.6</ele></trkpt>
      <trkpt lat="49.159517" lon="20.223866"><ele>1288.2</ele></trkpt>
      <trkpt lat="49.159552" lon="20.223854"><ele>1287.8</ele></trkpt>
      <trkpt lat="49.159571" lon="20.223854"><ele>1287.6</ele></trkpt>
      <trkpt lat="49.159597" lon="20.223850"><ele>1287.4</ele></trkpt>
      <trkpt lat="49.159619" lon="20.223843"><ele>1287.4</ele></trkpt>
      <trkpt lat="49.159651" lon="20.223818"><ele>1287.2</ele></trkpt>
      <trkpt lat="49.159677" lon="20.223800"><ele>1287.2</ele></trkpt>
      <trkpt lat="49.159715" lon="20.223787"><ele>1287.2</ele></trkpt>
      <trkpt lat="49.159741" lon="20.223770"><ele>1287.2</ele></trkpt>
      <trkpt lat="49.159763" lon="20.223770"><ele>1287.0</ele></trkpt>
      <trkpt lat="49.159786" lon="20.223763"><ele>1287.0</ele></trkpt>
      <trkpt lat="49.159814" lon="20.223755"><ele>1287.0</ele></trkpt>
      <trkpt lat="49.159840" lon="20.223747"><ele>1287.0</ele></trkpt>
      <trkpt lat="49.159862" lon="20.223739"><ele>1287.0</ele></trkpt>
      <trkpt lat="49.159885" lon="20.223731"><ele>1287.0</ele></trkpt>
      <trkpt lat="49.159907" lon="20.223720"><ele>1287.0</ele></trkpt>
      <trkpt lat="49.159936" lon="20.223707"><ele>1286.8</ele></trkpt>
      <trkpt lat="49.159965" lon="20.223704"><ele>1286.8</ele></trkpt>
      <trkpt lat="49.159994" lon="20.223696"><ele>1286.8</ele></trkpt>
      <trkpt lat="49.160016" lon="20.223685"><ele>1286.8</ele></trkpt>
      <trkpt lat="49.160042" lon="20.223674"><ele>1286.8</ele></trkpt>
      <trkpt lat="49.160074" lon="20.223666"><ele>1286.8</ele></trkpt>
      <trkpt lat="49.160096" lon="20.223661"><ele>1286.8</ele></trkpt>
      <trkpt lat="49.160125" lon="20.223654"><ele>1286.8</ele></trkpt>
      <trkpt lat="49.160147" lon="20.223638"><ele>1286.6</ele></trkpt>
      <trkpt lat="49.160173" lon="20.223627"><ele>1286.6</ele></trkpt>
      <trkpt lat="49.160198" lon="20.223616"><ele>1286.4</ele></trkpt>
      <trkpt lat="49.160224" lon="20.223610"><ele>1286.4</ele></trkpt>
      <trkpt lat="49.160256" lon="20.223616"><ele>1286.2</ele></trkpt>
      <trkpt lat="49.160275" lon="20.223605"><ele>1286.0</ele></trkpt>
      <trkpt lat="49.160298" lon="20.223590"><ele>1285.8</ele></trkpt>
      <trkpt lat="49.160326" lon="20.223578"><ele>1285.6</ele></trkpt>
      <trkpt lat="49.160362" lon="20.223560"><ele>1285.4</ele></trkpt>
      <trkpt lat="49.160397" lon="20.223539"><ele>1285.2</ele></trkpt>
      <trkpt lat="49.160432" lon="20.223520"><ele>1285.0</ele></trkpt>
      <trkpt lat="49.160451" lon="20.223499"><ele>1284.8</ele></trkpt>
      <trkpt lat="49.160474" lon="20.223450"><ele>1284.4</ele></trkpt>
      <trkpt lat="49.160490" lon="20.223418"><ele>1284.0</ele></trkpt>
      <trkpt lat="49.160512" lon="20.223394"><ele>1283.8</ele></trkpt>
      <trkpt lat="49.160538" lon="20.223373"><ele>1283.6</ele></trkpt>
      <trkpt lat="49.160563" lon="20.223358"><ele>1283.6</ele></trkpt>
      <trkpt lat="49.160582" lon="20.223349"><ele>1283.4</ele></trkpt>
      <trkpt lat="49.160611" lon="20.223328"><ele>1283.4</ele></trkpt>
      <trkpt lat="49.160637" lon="20.223302"><ele>1283.2</ele></trkpt>
      <trkpt lat="49.160659" lon="20.223288"><ele>1283.2</ele></trkpt>
      <trkpt lat="49.160694" lon="20.223272"><ele>1283.2</ele></trkpt>
      <trkpt lat="49.160723" lon="20.223251"><ele>1283.0</ele></trkpt>
      <trkpt lat="49.160749" lon="20.223234"><ele>1283.0</ele></trkpt>
      <trkpt lat="49.160774" lon="20.223214"><ele>1282.8</ele></trkpt>
      <trkpt lat="49.160794" lon="20.223194"><ele>1282.8</ele></trkpt>
      <trkpt lat="49.160813" lon="20.223178"><ele>1282.8</ele></trkpt>
      <trkpt lat="49.160842" lon="20.223154"><ele>1282.8</ele></trkpt>
      <trkpt lat="49.160870" lon="20.223141"><ele>1283.0</ele></trkpt>
      <trkpt lat="49.160896" lon="20.223134"><ele>1283.2</ele></trkpt>
      <trkpt lat="49.160922" lon="20.223120"><ele>1283.2</ele></trkpt>
      <trkpt lat="49.160957" lon="20.223091"><ele>1283.6</ele></trkpt>
      <trkpt lat="49.160979" lon="20.223059"><ele>1284.4</ele></trkpt>
      <trkpt lat="49.161002" lon="20.223026"><ele>1285.0</ele></trkpt>
      <trkpt lat="49.161018" lon="20.222981"><ele>1285.8</ele></trkpt>
      <trkpt lat="49.161034" lon="20.222952"><ele>1286.2</ele></trkpt>
      <trkpt lat="49.161050" lon="20.222926"><ele>1286.4</ele></trkpt>
      <trkpt lat="49.161069" lon="20.222906"><ele>1286.8</ele></trkpt>
      <trkpt lat="49.161091" lon="20.222886"><ele>1287.0</ele></trkpt>
      <trkpt lat="49.161110" lon="20.222862"><ele>1287.4</ele></trkpt>
      <trkpt lat="49.161120" lon="20.222818"><ele>1288.0</ele></trkpt>
      <trkpt lat="49.161139" lon="20.222787"><ele>1288.2</ele></trkpt>
      <trkpt lat="49.161165" lon="20.222755"><ele>1288.6</ele></trkpt>
      <trkpt lat="49.161194" lon="20.222733"><ele>1288.8</ele></trkpt>
      <trkpt lat="49.161219" lon="20.222718"><ele>1289.0</ele></trkpt>
      <trkpt lat="49.161251" lon="20.222694"><ele>1289.2</ele></trkpt>
      <trkpt lat="49.161270" lon="20.222664"><ele>1289.4</ele></trkpt>
      <trkpt lat="49.161280" lon="20.222638"><ele>1289.6</ele></trkpt>
      <trkpt lat="49.161296" lon="20.222614"><ele>1289.8</ele></trkpt>
      <trkpt lat="49.161318" lon="20.222587"><ele>1290.2</ele></trkpt>
      <trkpt lat="49.161334" lon="20.222574"><ele>1290.6</ele></trkpt>
      <trkpt lat="49.161370" lon="20.222554"><ele>1290.8</ele></trkpt>
      <trkpt lat="49.161389" lon="20.222534"><ele>1290.8</ele></trkpt>
      <trkpt lat="49.161408" lon="20.222515"><ele>1291.0</ele></trkpt>
      <trkpt lat="49.161430" lon="20.222493"><ele>1291.2</ele></trkpt>
      <trkpt lat="49.161446" lon="20.222458"><ele>1291.2</ele></trkpt>
      <trkpt lat="49.161453" lon="20.222418"><ele>1291.2</ele></trkpt>
      <trkpt lat="49.161466" lon="20.222395"><ele>1291.2</ele></trkpt>
      <trkpt lat="49.161478" lon="20.222366"><ele>1291.4</ele></trkpt>
      <trkpt lat="49.161494" lon="20.222336"><ele>1291.4</ele></trkpt>
      <trkpt lat="49.161517" lon="20.222306"><ele>1291.4</ele></trkpt>
      <trkpt lat="49.161536" lon="20.222278"><ele>1291.4</ele></trkpt>
      <trkpt lat="49.161555" lon="20.222246"><ele>1291.6</ele></trkpt>
      <trkpt lat="49.161571" lon="20.222221"><ele>1291.6</ele></trkpt>
      <trkpt lat="49.161597" lon="20.222206"><ele>1291.8</ele></trkpt>
      <trkpt lat="49.161626" lon="20.222200"><ele>1291.8</ele></trkpt>
      <trkpt lat="49.161651" lon="20.222189"><ele>1291.6</ele></trkpt>
      <trkpt lat="49.161677" lon="20.222171"><ele>1291.6</ele></trkpt>
      <trkpt lat="49.161706" lon="20.222158"><ele>1291.6</ele></trkpt>
      <trkpt lat="49.161734" lon="20.222150"><ele>1291.6</ele></trkpt>
      <trkpt lat="49.161763" lon="20.222138"><ele>1291.6</ele></trkpt>
      <trkpt lat="49.161792" lon="20.222122"><ele>1291.6</ele></trkpt>
      <trkpt lat="49.161821" lon="20.222102"><ele>1291.4</ele></trkpt>
      <trkpt lat="49.161850" lon="20.222082"><ele>1291.2</ele></trkpt>
      <trkpt lat="49.161875" lon="20.222062"><ele>1291.0</ele></trkpt>
      <trkpt lat="49.161901" lon="20.222042"><ele>1291.0</ele></trkpt>
      <trkpt lat="49.161930" lon="20.222026"><ele>1290.8</ele></trkpt>
      <trkpt lat="49.161962" lon="20.222006"><ele>1290.8</ele></trkpt>
      <trkpt lat="49.161994" lon="20.221979"><ele>1290.6</ele></trkpt>
      <trkpt lat="49.162026" lon="20.221960"><ele>1290.6</ele></trkpt>
      <trkpt lat="49.162086" lon="20.221946"><ele>1290.4</ele></trkpt>
      <trkpt lat="49.162118" lon="20.221931"><ele>1290.4</ele></trkpt>
      <trkpt lat="49.162160" lon="20.221923"><ele>1290.4</ele></trkpt>
      <trkpt lat="49.162192" lon="20.221909"><ele>1290.6</ele></trkpt>
      <trkpt lat="49.162221" lon="20.221890"><ele>1290.6</ele></trkpt>
      <trkpt lat="49.162250" lon="20.221870"><ele>1290.6</ele></trkpt>
      <trkpt lat="49.162272" lon="20.221848"><ele>1290.6</ele></trkpt>
      <trkpt lat="49.162298" lon="20.221821"><ele>1290.8</ele></trkpt>
      <trkpt lat="49.162317" lon="20.221798"><ele>1290.8</ele></trkpt>
      <trkpt lat="49.162336" lon="20.221782"><ele>1291.0</ele></trkpt>
      <trkpt lat="49.162368" lon="20.221750"><ele>1291.2</ele></trkpt>
      <trkpt lat="49.162390" lon="20.221741"><ele>1291.6</ele></trkpt>
      <trkpt lat="49.162416" lon="20.221733"><ele>1291.8</ele></trkpt>
      <trkpt lat="49.162438" lon="20.221720"><ele>1292.0</ele></trkpt>
      <trkpt lat="49.162464" lon="20.221706"><ele>1292.2</ele></trkpt>
      <trkpt lat="49.162490" lon="20.221699"><ele>1292.4</ele></trkpt>
      <trkpt lat="49.162518" lon="20.221688"><ele>1292.6</ele></trkpt>
      <trkpt lat="49.162534" lon="20.221666"><ele>1292.6</ele></trkpt>
      <trkpt lat="49.162560" lon="20.221642"><ele>1292.8</ele></trkpt>
      <trkpt lat="49.162579" lon="20.221614"><ele>1293.0</ele></trkpt>
      <trkpt lat="49.162595" lon="20.221573"><ele>1293.0</ele></trkpt>
      <trkpt lat="49.162602" lon="20.221541"><ele>1293.0</ele></trkpt>
      <trkpt lat="49.162598" lon="20.221494"><ele>1293.0</ele></trkpt>
      <trkpt lat="49.162589" lon="20.221424"><ele>1293.0</ele></trkpt>
      <trkpt lat="49.162595" lon="20.221360"><ele>1293.0</ele></trkpt>
      <trkpt lat="49.162598" lon="20.221304"><ele>1293.0</ele></trkpt>
      <trkpt lat="49.162595" lon="20.221237"><ele>1293.0</ele></trkpt>
      <trkpt lat="49.162576" lon="20.221178"><ele>1292.8</ele></trkpt>
      <trkpt lat="49.162586" lon="20.221134"><ele>1292.8</ele></trkpt>
      <trkpt lat="49.162605" lon="20.221083"><ele>1292.6</ele></trkpt>
      <trkpt lat="49.162627" lon="20.221056"><ele>1292.6</ele></trkpt>
      <trkpt lat="49.162646" lon="20.221026"><ele>1292.4</ele></trkpt>
      <trkpt lat="49.162682" lon="20.221013"><ele>1292.4</ele></trkpt>
      <trkpt lat="49.162723" lon="20.220995"><ele>1292.2</ele></trkpt>
      <trkpt lat="49.162755" lon="20.220978"><ele>1292.2</ele></trkpt>
      <trkpt lat="49.162781" lon="20.220965"><ele>1292.2</ele></trkpt>
      <trkpt lat="49.162800" lon="20.220949"><ele>1292.2</ele></trkpt>
      <trkpt lat="49.162835" lon="20.220930"><ele>1292.2</ele></trkpt>
      <trkpt lat="49.162867" lon="20.220909"><ele>1292.2</ele></trkpt>
      <trkpt lat="49.162912" lon="20.220896"><ele>1292.2</ele></trkpt>
      <trkpt lat="49.162934" lon="20.220888"><ele>1292.2</ele></trkpt>
      <trkpt lat="49.162954" lon="20.220880"><ele>1292.2</ele></trkpt>
      <trkpt lat="49.162979" lon="20.220870"><ele>1292.4</ele></trkpt>
      <trkpt lat="49.163011" lon="20.220867"><ele>1292.4</ele></trkpt>
      <trkpt lat="49.163040" lon="20.220858"><ele>1292.6</ele></trkpt>
      <trkpt lat="49.163062" lon="20.220827"><ele>1292.8</ele></trkpt>
      <trkpt lat="49.163085" lon="20.220790"><ele>1293.2</ele></trkpt>
      <trkpt lat="49.163114" lon="20.220749"><ele>1293.4</ele></trkpt>
      <trkpt lat="49.163126" lon="20.220702"><ele>1294.0</ele></trkpt>
      <trkpt lat="49.163142" lon="20.220680"><ele>1294.2</ele></trkpt>
      <trkpt lat="49.163162" lon="20.220661"><ele>1294.4</ele></trkpt>
      <trkpt lat="49.163184" lon="20.220646"><ele>1294.6</ele></trkpt>
      <trkpt lat="49.163210" lon="20.220627"><ele>1295.0</ele></trkpt>
      <trkpt lat="49.163226" lon="20.220606"><ele>1295.2</ele></trkpt>
      <trkpt lat="49.163245" lon="20.220587"><ele>1295.4</ele></trkpt>
      <trkpt lat="49.163264" lon="20.220570"><ele>1295.8</ele></trkpt>
      <trkpt lat="49.163283" lon="20.220557"><ele>1296.0</ele></trkpt>
      <trkpt lat="49.163299" lon="20.220542"><ele>1296.2</ele></trkpt>
      <trkpt lat="49.163315" lon="20.220512"><ele>1296.8</ele></trkpt>
      <trkpt lat="49.163331" lon="20.220474"><ele>1297.2</ele></trkpt>
      <trkpt lat="49.163331" lon="20.220434"><ele>1297.8</ele></trkpt>
      <trkpt lat="49.163331" lon="20.220390"><ele>1298.0</ele></trkpt>
      <trkpt lat="49.163331" lon="20.220334"><ele>1298.2</ele></trkpt>
      <trkpt lat="49.163354" lon="20.220293"><ele>1298.8</ele></trkpt>
      <trkpt lat="49.163363" lon="20.220266"><ele>1299.0</ele></trkpt>
      <trkpt lat="49.163373" lon="20.220230"><ele>1299.4</ele></trkpt>
      <trkpt lat="49.163392" lon="20.220189"><ele>1299.4</ele></trkpt>
      <trkpt lat="49.163405" lon="20.220149"><ele>1299.4</ele></trkpt>
      <trkpt lat="49.163421" lon="20.220109"><ele>1299.4</ele></trkpt>
      <trkpt lat="49.163450" lon="20.220077"><ele>1299.4</ele></trkpt>
      <trkpt lat="49.163472" lon="20.220070"><ele>1299.2</ele></trkpt>
      <trkpt lat="49.163494" lon="20.220067"><ele>1299.2</ele></trkpt>
      <trkpt lat="49.163517" lon="20.220051"><ele>1299.0</ele></trkpt>
      <trkpt lat="49.163533" lon="20.220018"><ele>1298.8</ele></trkpt>
      <trkpt lat="49.163549" lon="20.220005"><ele>1298.8</ele></trkpt>
      <trkpt lat="49.163574" lon="20.219974"><ele>1298.6</ele></trkpt>
      <trkpt lat="49.163594" lon="20.219942"><ele>1298.2</ele></trkpt>
      <trkpt lat="49.163610" lon="20.219926"><ele>1298.0</ele></trkpt>
      <trkpt lat="49.163635" lon="20.219896"><ele>1297.8</ele></trkpt>
      <trkpt lat="49.163651" lon="20.219864"><ele>1297.6</ele></trkpt>
      <trkpt lat="49.163667" lon="20.219845"><ele>1297.6</ele></trkpt>
      <trkpt lat="49.163690" lon="20.219826"><ele>1297.4</ele></trkpt>
      <trkpt lat="49.163718" lon="20.219814"><ele>1297.2</ele></trkpt>
      <trkpt lat="49.163741" lon="20.219811"><ele>1297.2</ele></trkpt>
      <trkpt lat="49.163770" lon="20.219802"><ele>1297.2</ele></trkpt>
      <trkpt lat="49.163789" lon="20.219797"><ele>1297.2</ele></trkpt>
      <trkpt lat="49.163827" lon="20.219776"><ele>1297.2</ele></trkpt>
      <trkpt lat="49.163846" lon="20.219774"><ele>1297.2</ele></trkpt>
      <trkpt lat="49.163869" lon="20.219768"><ele>1297.2</ele></trkpt>
      <trkpt lat="49.163891" lon="20.219763"><ele>1297.2</ele></trkpt>
      <trkpt lat="49.163920" lon="20.219762"><ele>1297.4</ele></trkpt>
      <trkpt lat="49.163952" lon="20.219766"><ele>1297.4</ele></trkpt>
      <trkpt lat="49.163978" lon="20.219773"><ele>1297.4</ele></trkpt>
      <trkpt lat="49.164000" lon="20.219774"><ele>1297.6</ele></trkpt>
      <trkpt lat="49.164029" lon="20.219787"><ele>1297.8</ele></trkpt>
      <trkpt lat="49.164051" lon="20.219798"><ele>1298.0</ele></trkpt>
      <trkpt lat="49.164067" lon="20.219813"><ele>1298.2</ele></trkpt>
      <trkpt lat="49.164106" lon="20.219829"><ele>1298.2</ele></trkpt>
      <trkpt lat="49.164125" lon="20.219835"><ele>1298.6</ele></trkpt>
      <trkpt lat="49.164147" lon="20.219843"><ele>1298.8</ele></trkpt>
      <trkpt lat="49.164186" lon="20.219851"><ele>1299.0</ele></trkpt>
      <trkpt lat="49.164214" lon="20.219861"><ele>1299.0</ele></trkpt>
      <trkpt lat="49.164237" lon="20.219866"><ele>1299.0</ele></trkpt>
      <trkpt lat="49.164266" lon="20.219872"><ele>1299.2</ele></trkpt>
      <trkpt lat="49.164294" lon="20.219874"><ele>1299.2</ele></trkpt>
      <trkpt lat="49.164314" lon="20.219875"><ele>1299.4</ele></trkpt>
      <trkpt lat="49.164336" lon="20.219877"><ele>1299.6</ele></trkpt>
      <trkpt lat="49.164371" lon="20.219870"><ele>1300.0</ele></trkpt>
      <trkpt lat="49.164387" lon="20.219858"><ele>1300.2</ele></trkpt>
      <trkpt lat="49.164406" lon="20.219846"><ele>1300.2</ele></trkpt>
      <trkpt lat="49.164422" lon="20.219832"><ele>1300.6</ele></trkpt>
      <trkpt lat="49.164467" lon="20.219806"><ele>1300.8</ele></trkpt>
      <trkpt lat="49.164496" lon="20.219798"><ele>1301.2</ele></trkpt>
      <trkpt lat="49.164515" lon="20.219795"><ele>1301.6</ele></trkpt>
      <trkpt lat="49.164534" lon="20.219794"><ele>1301.8</ele></trkpt>
      <trkpt lat="49.164554" lon="20.219798"><ele>1302.2</ele></trkpt>
      <trkpt lat="49.164586" lon="20.219787"><ele>1302.8</ele></trkpt>
      <trkpt lat="49.164608" lon="20.219768"><ele>1303.2</ele></trkpt>
      <trkpt lat="49.164640" lon="20.219747"><ele>1303.8</ele></trkpt>
      <trkpt lat="49.164666" lon="20.219726"><ele>1304.2</ele></trkpt>
      <trkpt lat="49.164691" lon="20.219714"><ele>1304.4</ele></trkpt>
      <trkpt lat="49.164710" lon="20.219688"><ele>1304.8</ele></trkpt>
      <trkpt lat="49.164730" lon="20.219667"><ele>1305.0</ele></trkpt>
      <trkpt lat="49.164746" lon="20.219638"><ele>1305.4</ele></trkpt>
      <trkpt lat="49.164768" lon="20.219606"><ele>1305.8</ele></trkpt>
      <trkpt lat="49.164800" lon="20.219589"><ele>1306.2</ele></trkpt>
      <trkpt lat="49.164826" lon="20.219574"><ele>1306.6</ele></trkpt>
      <trkpt lat="49.164851" lon="20.219547"><ele>1306.8</ele></trkpt>
      <trkpt lat="49.164870" lon="20.219518"><ele>1307.2</ele></trkpt>
      <trkpt lat="49.164886" lon="20.219485"><ele>1307.6</ele></trkpt>
      <trkpt lat="49.164912" lon="20.219448"><ele>1308.0</ele></trkpt>
      <trkpt lat="49.164928" lon="20.219427"><ele>1308.2</ele></trkpt>
      <trkpt lat="49.164950" lon="20.219389"><ele>1308.6</ele></trkpt>
      <trkpt lat="49.164970" lon="20.219352"><ele>1308.6</ele></trkpt>
      <trkpt lat="49.164986" lon="20.219330"><ele>1308.8</ele></trkpt>
      <trkpt lat="49.165008" lon="20.219306"><ele>1309.2</ele></trkpt>
      <trkpt lat="49.165030" lon="20.219291"><ele>1309.4</ele></trkpt>
      <trkpt lat="49.165059" lon="20.219270"><ele>1309.6</ele></trkpt>
      <trkpt lat="49.165072" lon="20.219246"><ele>1309.6</ele></trkpt>
      <trkpt lat="49.165088" lon="20.219226"><ele>1309.6</ele></trkpt>
      <trkpt lat="49.165110" lon="20.219210"><ele>1309.6</ele></trkpt>
      <trkpt lat="49.165146" lon="20.219182"><ele>1309.6</ele></trkpt>
      <trkpt lat="49.165165" lon="20.219162"><ele>1309.8</ele></trkpt>
      <trkpt lat="49.165184" lon="20.219147"><ele>1310.0</ele></trkpt>
      <trkpt lat="49.165200" lon="20.219126"><ele>1310.2</ele></trkpt>
      <trkpt lat="49.165219" lon="20.219088"><ele>1310.4</ele></trkpt>
      <trkpt lat="49.165242" lon="20.219053"><ele>1310.8</ele></trkpt>
      <trkpt lat="49.165270" lon="20.219034"><ele>1311.0</ele></trkpt>
      <trkpt lat="49.165286" lon="20.219019"><ele>1311.0</ele></trkpt>
      <trkpt lat="49.165315" lon="20.218997"><ele>1311.2</ele></trkpt>
      <trkpt lat="49.165341" lon="20.218973"><ele>1311.2</ele></trkpt>
      <trkpt lat="49.165360" lon="20.218968"><ele>1311.2</ele></trkpt>
      <trkpt lat="49.165389" lon="20.218947"><ele>1311.4</ele></trkpt>
      <trkpt lat="49.165414" lon="20.218933"><ele>1311.4</ele></trkpt>
      <trkpt lat="49.165446" lon="20.218915"><ele>1311.4</ele></trkpt>
      <trkpt lat="49.165466" lon="20.218912"><ele>1311.4</ele></trkpt>
      <trkpt lat="49.165488" lon="20.218910"><ele>1311.4</ele></trkpt>
      <trkpt lat="49.165520" lon="20.218902"><ele>1311.2</ele></trkpt>
      <trkpt lat="49.165539" lon="20.218894"><ele>1311.2</ele></trkpt>
      <trkpt lat="49.165568" lon="20.218883"><ele>1311.2</ele></trkpt>
      <trkpt lat="49.165587" lon="20.218875"><ele>1311.2</ele></trkpt>
      <trkpt lat="49.165606" lon="20.218864"><ele>1311.2</ele></trkpt>
      <trkpt lat="49.165635" lon="20.218850"><ele>1311.2</ele></trkpt>
      <trkpt lat="49.165654" lon="20.218835"><ele>1311.2</ele></trkpt>
      <trkpt lat="49.165677" lon="20.218822"><ele>1311.2</ele></trkpt>
      <trkpt lat="49.165699" lon="20.218800"><ele>1311.2</ele></trkpt>
      <trkpt lat="49.165718" lon="20.218779"><ele>1311.2</ele></trkpt>
      <trkpt lat="49.165738" lon="20.218754"><ele>1311.2</ele></trkpt>
      <trkpt lat="49.165760" lon="20.218736"><ele>1311.2</ele></trkpt>
      <trkpt lat="49.165786" lon="20.218717"><ele>1311.2</ele></trkpt>
      <trkpt lat="49.165811" lon="20.218696"><ele>1311.2</ele></trkpt>
      <trkpt lat="49.165859" lon="20.218654"><ele>1311.2</ele></trkpt>
      <trkpt lat="49.165885" lon="20.218637"><ele>1311.2</ele></trkpt>
      <trkpt lat="49.165904" lon="20.218624"><ele>1311.4</ele></trkpt>
      <trkpt lat="49.165926" lon="20.218603"><ele>1311.4</ele></trkpt>
      <trkpt lat="49.165952" lon="20.218578"><ele>1311.6</ele></trkpt>
      <trkpt lat="49.165971" lon="20.218557"><ele>1311.6</ele></trkpt>
      <trkpt lat="49.165981" lon="20.218533"><ele>1311.6</ele></trkpt>
      <trkpt lat="49.165994" lon="20.218506"><ele>1311.8</ele></trkpt>
      <trkpt lat="49.165997" lon="20.218478"><ele>1311.8</ele></trkpt>
      <trkpt lat="49.166003" lon="20.218448"><ele>1312.0</ele></trkpt>
      <trkpt lat="49.166013" lon="20.218387"><ele>1312.2</ele></trkpt>
      <trkpt lat="49.166019" lon="20.218338"><ele>1312.2</ele></trkpt>
      <trkpt lat="49.166032" lon="20.218294"><ele>1312.4</ele></trkpt>
      <trkpt lat="49.166038" lon="20.218245"><ele>1312.6</ele></trkpt>
      <trkpt lat="49.166045" lon="20.218178"><ele>1312.8</ele></trkpt>
      <trkpt lat="49.166061" lon="20.218130"><ele>1313.0</ele></trkpt>
      <trkpt lat="49.166074" lon="20.218091"><ele>1313.2</ele></trkpt>
      <trkpt lat="49.166080" lon="20.218056"><ele>1313.4</ele></trkpt>
      <trkpt lat="49.166102" lon="20.218035"><ele>1313.6</ele></trkpt>
      <trkpt lat="49.166118" lon="20.218005"><ele>1313.6</ele></trkpt>
      <trkpt lat="49.166115" lon="20.217978"><ele>1314.0</ele></trkpt>
      <trkpt lat="49.166131" lon="20.217950"><ele>1314.2</ele></trkpt>
      <trkpt lat="49.166141" lon="20.217925"><ele>1314.4</ele></trkpt>
      <trkpt lat="49.166154" lon="20.217899"><ele>1314.6</ele></trkpt>
      <trkpt lat="49.166176" lon="20.217872"><ele>1314.8</ele></trkpt>
      <trkpt lat="49.166182" lon="20.217821"><ele>1315.2</ele></trkpt>
      <trkpt lat="49.166218" lon="20.217789"><ele>1315.2</ele></trkpt>
      <trkpt lat="49.166243" lon="20.217771"><ele>1315.6</ele></trkpt>
      <trkpt lat="49.166262" lon="20.217754"><ele>1315.8</ele></trkpt>
      <trkpt lat="49.166288" lon="20.217738"><ele>1316.0</ele></trkpt>
      <trkpt lat="49.166310" lon="20.217723"><ele>1316.2</ele></trkpt>
      <trkpt lat="49.166336" lon="20.217701"><ele>1316.4</ele></trkpt>
      <trkpt lat="49.166352" lon="20.217680"><ele>1316.4</ele></trkpt>
      <trkpt lat="49.166371" lon="20.217661"><ele>1316.6</ele></trkpt>
      <trkpt lat="49.166400" lon="20.217648"><ele>1316.8</ele></trkpt>
      <trkpt lat="49.166422" lon="20.217638"><ele>1316.8</ele></trkpt>
      <trkpt lat="49.166448" lon="20.217622"><ele>1317.0</ele></trkpt>
      <trkpt lat="49.166467" lon="20.217611"><ele>1317.2</ele></trkpt>
      <trkpt lat="49.166486" lon="20.217600"><ele>1317.2</ele></trkpt>
      <trkpt lat="49.166515" lon="20.217590"><ele>1317.4</ele></trkpt>
      <trkpt lat="49.166550" lon="20.217581"><ele>1317.4</ele></trkpt>
      <trkpt lat="49.166576" lon="20.217581"><ele>1317.6</ele></trkpt>
      <trkpt lat="49.166608" lon="20.217570"><ele>1317.6</ele></trkpt>
      <trkpt lat="49.166646" lon="20.217554"><ele>1317.6</ele></trkpt>
      <trkpt lat="49.166669" lon="20.217538"><ele>1317.6</ele></trkpt>
      <trkpt lat="49.166691" lon="20.217530"><ele>1317.6</ele></trkpt>
      <trkpt lat="49.166733" lon="20.217515"><ele>1317.6</ele></trkpt>
      <trkpt lat="49.166778" lon="20.217494"><ele>1317.6</ele></trkpt>
      <trkpt lat="49.166806" lon="20.217475"><ele>1317.6</ele></trkpt>
      <trkpt lat="49.166829" lon="20.217462"><ele>1317.6</ele></trkpt>
      <trkpt lat="49.166858" lon="20.217450"><ele>1317.4</ele></trkpt>
      <trkpt lat="49.166886" lon="20.217445"><ele>1317.4</ele></trkpt>
      <trkpt lat="49.166928" lon="20.217430"><ele>1317.4</ele></trkpt>
      <trkpt lat="49.166966" lon="20.217419"><ele>1317.4</ele></trkpt>
      <trkpt lat="49.167005" lon="20.217413"><ele>1317.2</ele></trkpt>
      <trkpt lat="49.167034" lon="20.217414"><ele>1317.2</ele></trkpt>
      <trkpt lat="49.167056" lon="20.217405"><ele>1317.2</ele></trkpt>
      <trkpt lat="49.167088" lon="20.217394"><ele>1317.2</ele></trkpt>
      <trkpt lat="49.167117" lon="20.217374"><ele>1317.0</ele></trkpt>
      <trkpt lat="49.167136" lon="20.217366"><ele>1317.0</ele></trkpt>
      <trkpt lat="49.167168" lon="20.217352"><ele>1316.8</ele></trkpt>
      <trkpt lat="49.167197" lon="20.217331"><ele>1316.8</ele></trkpt>
      <trkpt lat="49.167229" lon="20.217304"><ele>1316.6</ele></trkpt>
      <trkpt lat="49.167251" lon="20.217285"><ele>1316.4</ele></trkpt>
      <trkpt lat="49.167283" lon="20.217264"><ele>1316.2</ele></trkpt>
      <trkpt lat="49.167306" lon="20.217242"><ele>1316.0</ele></trkpt>
      <trkpt lat="49.167331" lon="20.217218"><ele>1315.6</ele></trkpt>
      <trkpt lat="49.167347" lon="20.217203"><ele>1315.4</ele></trkpt>
      <trkpt lat="49.167386" lon="20.217157"><ele>1315.2</ele></trkpt>
      <trkpt lat="49.167405" lon="20.217133"><ele>1314.6</ele></trkpt>
      <trkpt lat="49.167427" lon="20.217114"><ele>1314.2</ele></trkpt>
      <trkpt lat="49.167443" lon="20.217101"><ele>1313.8</ele></trkpt>
      <trkpt lat="49.167466" lon="20.217091"><ele>1313.4</ele></trkpt>
      <trkpt lat="49.167488" lon="20.217074"><ele>1312.8</ele></trkpt>
      <trkpt lat="49.167507" lon="20.217066"><ele>1312.2</ele></trkpt>
      <trkpt lat="49.167523" lon="20.217053"><ele>1312.2</ele></trkpt>
      <trkpt lat="49.167542" lon="20.217053"><ele>1311.8</ele></trkpt>
      <trkpt lat="49.167562" lon="20.217043"><ele>1311.6</ele></trkpt>
      <trkpt lat="49.167587" lon="20.217038"><ele>1311.0</ele></trkpt>
      <trkpt lat="49.167613" lon="20.217029"><ele>1310.4</ele></trkpt>
      <trkpt lat="49.167645" lon="20.217024"><ele>1309.6</ele></trkpt>
      <trkpt lat="49.167664" lon="20.217021"><ele>1309.4</ele></trkpt>
      <trkpt lat="49.167693" lon="20.217008"><ele>1308.8</ele></trkpt>
      <trkpt lat="49.167718" lon="20.216987"><ele>1308.2</ele></trkpt>
      <trkpt lat="49.167738" lon="20.216971"><ele>1307.4</ele></trkpt>
      <trkpt lat="49.167760" lon="20.216958"><ele>1307.2</ele></trkpt>
      <trkpt lat="49.167789" lon="20.216963"><ele>1307.2</ele></trkpt>
      <trkpt lat="49.167821" lon="20.216942"><ele>1307.2</ele></trkpt>
      <trkpt lat="49.167853" lon="20.216926"><ele>1307.0</ele></trkpt>
      <trkpt lat="49.167882" lon="20.216926"><ele>1306.2</ele></trkpt>
      <trkpt lat="49.167901" lon="20.216928"><ele>1305.8</ele></trkpt>
      <trkpt lat="49.167920" lon="20.216923"><ele>1305.6</ele></trkpt>
      <trkpt lat="49.167949" lon="20.216914"><ele>1305.2</ele></trkpt>
      <trkpt lat="49.167971" lon="20.216915"><ele>1304.8</ele></trkpt>
      <trkpt lat="49.167990" lon="20.216922"><ele>1304.6</ele></trkpt>
      <trkpt lat="49.168016" lon="20.216930"><ele>1303.8</ele></trkpt>
      <trkpt lat="49.168032" lon="20.216942"><ele>1303.4</ele></trkpt>
      <trkpt lat="49.168067" lon="20.216946"><ele>1302.8</ele></trkpt>
      <trkpt lat="49.168086" lon="20.216944"><ele>1302.2</ele></trkpt>
      <trkpt lat="49.168125" lon="20.216938"><ele>1302.0</ele></trkpt>
      <trkpt lat="49.168150" lon="20.216939"><ele>1301.6</ele></trkpt>
      <trkpt lat="49.168179" lon="20.216928"><ele>1301.0</ele></trkpt>
      <trkpt lat="49.168198" lon="20.216912"><ele>1300.8</ele></trkpt>
      <trkpt lat="49.168224" lon="20.216902"><ele>1300.8</ele></trkpt>
      <trkpt lat="49.168246" lon="20.216885"><ele>1301.0</ele></trkpt>
      <trkpt lat="49.168269" lon="20.216867"><ele>1301.0</ele></trkpt>
      <trkpt lat="49.168294" lon="20.216858"><ele>1301.2</ele></trkpt>
      <trkpt lat="49.168317" lon="20.216840"><ele>1301.4</ele></trkpt>
      <trkpt lat="49.168336" lon="20.216834"><ele>1301.4</ele></trkpt>
      <trkpt lat="49.168358" lon="20.216827"><ele>1301.6</ele></trkpt>
      <trkpt lat="49.168381" lon="20.216826"><ele>1302.2</ele></trkpt>
      <trkpt lat="49.168403" lon="20.216827"><ele>1302.8</ele></trkpt>
      <trkpt lat="49.168426" lon="20.216838"><ele>1303.4</ele></trkpt>
      <trkpt lat="49.168454" lon="20.216843"><ele>1303.8</ele></trkpt>
      <trkpt lat="49.168480" lon="20.216850"><ele>1303.8</ele></trkpt>
      <trkpt lat="49.168499" lon="20.216854"><ele>1303.6</ele></trkpt>
      <trkpt lat="49.168522" lon="20.216856"><ele>1303.4</ele></trkpt>
      <trkpt lat="49.168547" lon="20.216858"><ele>1303.2</ele></trkpt>
      <trkpt lat="49.168573" lon="20.216858"><ele>1303.4</ele></trkpt>
      <trkpt lat="49.168598" lon="20.216846"><ele>1303.8</ele></trkpt>
      <trkpt lat="49.168624" lon="20.216840"><ele>1304.0</ele></trkpt>
      <trkpt lat="49.168643" lon="20.216835"><ele>1304.2</ele></trkpt>
      <trkpt lat="49.168666" lon="20.216805"><ele>1304.4</ele></trkpt>
      <trkpt lat="49.168685" lon="20.216776"><ele>1304.6</ele></trkpt>
      <trkpt lat="49.168701" lon="20.216795"><ele>1305.4</ele></trkpt>
      <trkpt lat="49.168717" lon="20.216813"><ele>1305.4</ele></trkpt>
      <trkpt lat="49.168720" lon="20.216840"><ele>1305.8</ele></trkpt>
      <trkpt lat="49.168723" lon="20.216878"><ele>1306.2</ele></trkpt>
      <trkpt lat="49.168742" lon="20.216893"><ele>1306.6</ele></trkpt>
      <trkpt lat="49.168755" lon="20.216923"><ele>1307.2</ele></trkpt>
      <trkpt lat="49.168758" lon="20.216958"><ele>1307.4</ele></trkpt>
      <trkpt lat="49.168762" lon="20.216987"><ele>1307.8</ele></trkpt>
      <trkpt lat="49.168774" lon="20.217014"><ele>1308.4</ele></trkpt>
      <trkpt lat="49.168803" lon="20.217037"><ele>1308.6</ele></trkpt>
      <trkpt lat="49.168819" lon="20.217064"><ele>1309.0</ele></trkpt>
      <trkpt lat="49.168835" lon="20.217091"><ele>1309.4</ele></trkpt>
      <trkpt lat="49.168832" lon="20.217125"><ele>1310.0</ele></trkpt>
      <trkpt lat="49.168845" lon="20.217155"><ele>1310.4</ele></trkpt>
      <trkpt lat="49.168858" lon="20.217187"><ele>1310.6</ele></trkpt>
      <trkpt lat="49.168851" lon="20.217227"><ele>1310.6</ele></trkpt>
      <trkpt lat="49.168864" lon="20.217251"><ele>1311.0</ele></trkpt>
      <trkpt lat="49.168896" lon="20.217259"><ele>1311.4</ele></trkpt>
      <trkpt lat="49.168915" lon="20.217291"><ele>1311.6</ele></trkpt>
      <trkpt lat="49.168931" lon="20.217330"><ele>1311.8</ele></trkpt>
      <trkpt lat="49.168941" lon="20.217358"><ele>1312.4</ele></trkpt>
      <trkpt lat="49.168963" lon="20.217370"><ele>1312.6</ele></trkpt>
      <trkpt lat="49.168982" lon="20.217370"><ele>1313.0</ele></trkpt>
      <trkpt lat="49.169018" lon="20.217370"><ele>1313.2</ele></trkpt>
      <trkpt lat="49.169037" lon="20.217374"><ele>1313.6</ele></trkpt>
      <trkpt lat="49.169059" lon="20.217376"><ele>1314.0</ele></trkpt>
      <trkpt lat="49.169075" lon="20.217389"><ele>1314.2</ele></trkpt>
      <trkpt lat="49.169101" lon="20.217381"><ele>1314.4</ele></trkpt>
      <trkpt lat="49.169123" lon="20.217374"><ele>1314.8</ele></trkpt>
      <trkpt lat="49.169149" lon="20.217371"><ele>1315.2</ele></trkpt>
      <trkpt lat="49.169171" lon="20.217366"><ele>1315.2</ele></trkpt>
      <trkpt lat="49.169190" lon="20.217362"><ele>1315.4</ele></trkpt>
      <trkpt lat="49.169216" lon="20.217362"><ele>1315.8</ele></trkpt>
      <trkpt lat="49.169242" lon="20.217342"><ele>1316.2</ele></trkpt>
      <trkpt lat="49.169261" lon="20.217320"><ele>1316.6</ele></trkpt>
      <trkpt lat="49.169286" lon="20.217306"><ele>1317.0</ele></trkpt>
      <trkpt lat="49.169309" lon="20.217310"><ele>1318.0</ele></trkpt>
      <trkpt lat="49.169328" lon="20.217309"><ele>1318.0</ele></trkpt>
      <trkpt lat="49.169347" lon="20.217315"><ele>1318.2</ele></trkpt>
      <trkpt lat="49.169366" lon="20.217315"><ele>1318.6</ele></trkpt>
      <trkpt lat="49.169386" lon="20.217325"><ele>1318.8</ele></trkpt>
      <trkpt lat="49.169414" lon="20.217317"><ele>1319.2</ele></trkpt>
      <trkpt lat="49.169430" lon="20.217331"><ele>1319.6</ele></trkpt>
      <trkpt lat="49.169446" lon="20.217350"><ele>1319.8</ele></trkpt>
      <trkpt lat="49.169459" lon="20.217384"><ele>1320.6</ele></trkpt>
      <trkpt lat="49.169478" lon="20.217405"><ele>1321.0</ele></trkpt>
      <trkpt lat="49.169498" lon="20.217429"><ele>1321.4</ele></trkpt>
      <trkpt lat="49.169514" lon="20.217454"><ele>1321.8</ele></trkpt>
      <trkpt lat="49.169514" lon="20.217501"><ele>1322.2</ele></trkpt>
      <trkpt lat="49.169530" lon="20.217528"><ele>1322.6</ele></trkpt>
      <trkpt lat="49.169552" lon="20.217544"><ele>1323.0</ele></trkpt>
      <trkpt lat="49.169565" lon="20.217581"><ele>1323.8</ele></trkpt>
      <trkpt lat="49.169571" lon="20.217608"><ele>1324.4</ele></trkpt>
      <trkpt lat="49.169590" lon="20.217624"><ele>1325.0</ele></trkpt>
      <trkpt lat="49.169616" lon="20.217634"><ele>1325.4</ele></trkpt>
      <trkpt lat="49.169635" lon="20.217640"><ele>1327.0</ele></trkpt>
      <trkpt lat="49.169651" lon="20.217669"><ele>1328.2</ele></trkpt>
      <trkpt lat="49.169670" lon="20.217690"><ele>1329.2</ele></trkpt>
      <trkpt lat="49.169686" lon="20.217709"><ele>1330.0</ele></trkpt>
      <trkpt lat="49.169706" lon="20.217726"><ele>1330.6</ele></trkpt>
      <trkpt lat="49.169712" lon="20.217760"><ele>1331.0</ele></trkpt>
      <trkpt lat="49.169738" lon="20.217787"><ele>1331.8</ele></trkpt>
      <trkpt lat="49.169766" lon="20.217803"><ele>1332.4</ele></trkpt>
      <trkpt lat="49.169786" lon="20.217821"><ele>1332.8</ele></trkpt>
      <trkpt lat="49.169814" lon="20.217838"><ele>1333.2</ele></trkpt>
      <trkpt lat="49.169843" lon="20.217859"><ele>1333.8</ele></trkpt>
      <trkpt lat="49.169872" lon="20.217878"><ele>1334.6</ele></trkpt>
      <trkpt lat="49.169891" lon="20.217885"><ele>1335.0</ele></trkpt>
      <trkpt lat="49.169917" lon="20.217894"><ele>1335.6</ele></trkpt>
      <trkpt lat="49.169936" lon="20.217898"><ele>1336.4</ele></trkpt>
      <trkpt lat="49.169933" lon="20.217867"><ele>1337.8</ele></trkpt>
      <trkpt lat="49.169942" lon="20.217840"><ele>1338.4</ele></trkpt>
      <trkpt lat="49.169946" lon="20.217810"><ele>1339.0</ele></trkpt>
      <trkpt lat="49.169936" lon="20.217786"><ele>1339.6</ele></trkpt>
      <trkpt lat="49.169965" lon="20.217750"><ele>1339.8</ele></trkpt>
      <trkpt lat="49.169971" lon="20.217712"><ele>1340.4</ele></trkpt>
      <trkpt lat="49.169978" lon="20.217680"><ele>1340.6</ele></trkpt>
      <trkpt lat="49.170003" lon="20.217664"><ele>1341.6</ele></trkpt>
      <trkpt lat="49.170022" lon="20.217670"><ele>1342.0</ele></trkpt>
      <trkpt lat="49.170042" lon="20.217674"><ele>1342.6</ele></trkpt>
      <trkpt lat="49.170045" lon="20.217704"><ele>1343.4</ele></trkpt>
      <trkpt lat="49.170061" lon="20.217726"><ele>1344.0</ele></trkpt>
      <trkpt lat="49.170074" lon="20.217758"><ele>1344.8</ele></trkpt>
      <trkpt lat="49.170093" lon="20.217758"><ele>1345.8</ele></trkpt>
      <trkpt lat="49.170115" lon="20.217758"><ele>1347.0</ele></trkpt>
      <trkpt lat="49.170144" lon="20.217766"><ele>1347.8</ele></trkpt>
      <trkpt lat="49.170166" lon="20.217779"><ele>1348.2</ele></trkpt>
      <trkpt lat="49.170182" lon="20.217802"><ele>1348.8</ele></trkpt>
      <trkpt lat="49.170202" lon="20.217806"><ele>1349.2</ele></trkpt>
      <trkpt lat="49.170221" lon="20.217821"><ele>1350.2</ele></trkpt>
      <trkpt lat="49.170240" lon="20.217813"><ele>1350.8</ele></trkpt>
      <trkpt lat="49.170256" lon="20.217795"><ele>1353.2</ele></trkpt>
      <trkpt lat="49.170275" lon="20.217819"><ele>1353.4</ele></trkpt>
      <trkpt lat="49.170291" lon="20.217850"><ele>1353.4</ele></trkpt>
      <trkpt lat="49.170310" lon="20.217870"><ele>1353.6</ele></trkpt>
      <trkpt lat="49.170307" lon="20.217902"><ele>1353.6</ele></trkpt>
      <trkpt lat="49.170314" lon="20.217931"><ele>1353.8</ele></trkpt>
      <trkpt lat="49.170323" lon="20.217955"><ele>1353.8</ele></trkpt>
      <trkpt lat="49.170333" lon="20.217989"><ele>1354.2</ele></trkpt>
      <trkpt lat="49.170346" lon="20.218018"><ele>1354.2</ele></trkpt>
      <trkpt lat="49.170362" lon="20.218051"><ele>1354.4</ele></trkpt>
      <trkpt lat="49.170371" lon="20.218086"><ele>1354.4</ele></trkpt>
      <trkpt lat="49.170381" lon="20.218117"><ele>1354.6</ele></trkpt>
      <trkpt lat="49.170384" lon="20.218168"><ele>1354.6</ele></trkpt>
      <trkpt lat="49.170387" lon="20.218198"><ele>1354.8</ele></trkpt>
      <trkpt lat="49.170390" lon="20.218240"><ele>1355.2</ele></trkpt>
      <trkpt lat="49.170390" lon="20.218274"><ele>1355.4</ele></trkpt>
      <trkpt lat="49.170384" lon="20.218307"><ele>1355.4</ele></trkpt>
      <trkpt lat="49.170374" lon="20.218336"><ele>1355.6</ele></trkpt>
      <trkpt lat="49.170374" lon="20.218382"><ele>1355.8</ele></trkpt>
      <trkpt lat="49.170384" lon="20.218413"><ele>1355.8</ele></trkpt>
      <trkpt lat="49.170394" lon="20.218438"><ele>1356.0</ele></trkpt>
      <trkpt lat="49.170384" lon="20.218482"><ele>1356.4</ele></trkpt>
      <trkpt lat="49.170381" lon="20.218522"><ele>1356.4</ele></trkpt>
      <trkpt lat="49.170365" lon="20.218550"><ele>1356.4</ele></trkpt>
      <trkpt lat="49.170352" lon="20.218578"><ele>1356.4</ele></trkpt>
      <trkpt lat="49.170342" lon="20.218624"><ele>1356.2</ele></trkpt>
      <trkpt lat="49.170320" lon="20.218664"><ele>1356.2</ele></trkpt>
      <trkpt lat="49.170301" lon="20.218704"><ele>1356.4</ele></trkpt>
      <trkpt lat="49.170285" lon="20.218730"><ele>1356.6</ele></trkpt>
      <trkpt lat="49.170269" lon="20.218758"><ele>1356.8</ele></trkpt>
      <trkpt lat="49.170272" lon="20.218790"><ele>1357.2</ele></trkpt>
      <trkpt lat="49.170269" lon="20.218819"><ele>1357.6</ele></trkpt>
      <trkpt lat="49.170256" lon="20.218851"><ele>1358.2</ele></trkpt>
      <trkpt lat="49.170272" lon="20.218834"><ele>1359.0</ele></trkpt>
      <trkpt lat="49.170285" lon="20.218840"><ele>1358.8</ele></trkpt>
      <trkpt lat="49.170298" lon="20.218846"><ele>1358.8</ele></trkpt>
      <trkpt lat="49.170311" lon="20.218852"><ele>1361.2</ele></trkpt>
      <trkpt lat="49.170339" lon="20.218874"><ele>1362.8</ele></trkpt>
      <trkpt lat="49.170368" lon="20.218883"><ele>1363.2</ele></trkpt>
      <trkpt lat="49.170390" lon="20.218890"><ele>1363.6</ele></trkpt>
      <trkpt lat="49.170422" lon="20.218878"><ele>1364.0</ele></trkpt>
      <trkpt lat="49.170442" lon="20.218870"><ele>1364.4</ele></trkpt>
      <trkpt lat="49.170461" lon="20.218858"><ele>1365.0</ele></trkpt>
      <trkpt lat="49.170486" lon="20.218829"><ele>1365.8</ele></trkpt>
      <trkpt lat="49.170506" lon="20.218811"><ele>1366.2</ele></trkpt>
      <trkpt lat="49.170518" lon="20.218832"><ele>1367.0</ele></trkpt>
      <trkpt lat="49.170518" lon="20.218862"><ele>1367.6</ele></trkpt>
      <trkpt lat="49.170512" lon="20.218902"><ele>1368.2</ele></trkpt>
      <trkpt lat="49.170502" lon="20.218934"><ele>1368.6</ele></trkpt>
      <trkpt lat="49.170483" lon="20.218965"><ele>1368.8</ele></trkpt>
      <trkpt lat="49.170464" lon="20.218981"><ele>1369.4</ele></trkpt>
      <trkpt lat="49.170480" lon="20.218998"><ele>1369.4</ele></trkpt>
      <trkpt lat="49.170499" lon="20.219008"><ele>1369.6</ele></trkpt>
      <trkpt lat="49.170512" lon="20.219029"><ele>1369.8</ele></trkpt>
      <trkpt lat="49.170518" lon="20.219070"><ele>1370.0</ele></trkpt>
      <trkpt lat="49.170525" lon="20.219107"><ele>1370.4</ele></trkpt>
      <trkpt lat="49.170541" lon="20.219122"><ele>1370.6</ele></trkpt>
      <trkpt lat="49.170550" lon="20.219162"><ele>1371.0</ele></trkpt>
      <trkpt lat="49.170566" lon="20.219192"><ele>1371.4</ele></trkpt>
      <trkpt lat="49.170560" lon="20.219238"><ele>1371.4</ele></trkpt>
      <trkpt lat="49.170560" lon="20.219285"><ele>1371.6</ele></trkpt>
      <trkpt lat="49.170570" lon="20.219317"><ele>1372.0</ele></trkpt>
      <trkpt lat="49.170579" lon="20.219349"><ele>1372.2</ele></trkpt>
      <trkpt lat="49.170589" lon="20.219387"><ele>1372.4</ele></trkpt>
      <trkpt lat="49.170608" lon="20.219416"><ele>1372.6</ele></trkpt>
      <trkpt lat="49.170621" lon="20.219437"><ele>1372.8</ele></trkpt>
      <trkpt lat="49.170618" lon="20.219469"><ele>1373.0</ele></trkpt>
      <trkpt lat="49.170627" lon="20.219501"><ele>1373.2</ele></trkpt>
      <trkpt lat="49.170653" lon="20.219520"><ele>1373.6</ele></trkpt>
      <trkpt lat="49.170672" lon="20.219523"><ele>1374.0</ele></trkpt>
      <trkpt lat="49.170698" lon="20.219523"><ele>1374.4</ele></trkpt>
      <trkpt lat="49.170717" lon="20.219499"><ele>1375.4</ele></trkpt>
      <trkpt lat="49.170736" lon="20.219491"><ele>1376.2</ele></trkpt>
      <trkpt lat="49.170746" lon="20.219526"><ele>1377.4</ele></trkpt>
      <trkpt lat="49.170749" lon="20.219557"><ele>1378.0</ele></trkpt>
      <trkpt lat="49.170762" lon="20.219587"><ele>1378.8</ele></trkpt>
      <trkpt lat="49.170784" lon="20.219610"><ele>1379.6</ele></trkpt>
      <trkpt lat="49.170800" lon="20.219622"><ele>1380.2</ele></trkpt>
      <trkpt lat="49.170819" lon="20.219630"><ele>1381.0</ele></trkpt>
      <trkpt lat="49.170842" lon="20.219643"><ele>1381.6</ele></trkpt>
      <trkpt lat="49.170867" lon="20.219630"><ele>1382.2</ele></trkpt>
      <trkpt lat="49.170886" lon="20.219638"><ele>1383.0</ele></trkpt>
      <trkpt lat="49.170906" lon="20.219627"><ele>1383.8</ele></trkpt>
      <trkpt lat="49.170928" lon="20.219637"><ele>1385.0</ele></trkpt>
      <trkpt lat="49.170947" lon="20.219654"><ele>1385.4</ele></trkpt>
      <trkpt lat="49.170966" lon="20.219667"><ele>1385.8</ele></trkpt>
      <trkpt lat="49.170989" lon="20.219683"><ele>1386.2</ele></trkpt>
      <trkpt lat="49.171014" lon="20.219694"><ele>1386.2</ele></trkpt>
      <trkpt lat="49.171037" lon="20.219709"><ele>1386.6</ele></trkpt>
      <trkpt lat="49.171056" lon="20.219702"><ele>1387.0</ele></trkpt>
      <trkpt lat="49.171078" lon="20.219696"><ele>1387.2</ele></trkpt>
      <trkpt lat="49.171107" lon="20.219704"><ele>1387.4</ele></trkpt>
      <trkpt lat="49.171136" lon="20.219707"><ele>1387.8</ele></trkpt>
      <trkpt lat="49.171149" lon="20.219742"><ele>1388.0</ele></trkpt>
      <trkpt lat="49.171155" lon="20.219774"><ele>1388.6</ele></trkpt>
      <trkpt lat="49.171174" lon="20.219779"><ele>1389.4</ele></trkpt>
      <trkpt lat="49.171197" lon="20.219758"><ele>1390.8</ele></trkpt>
      <trkpt lat="49.171216" lon="20.219752"><ele>1392.8</ele></trkpt>
      <trkpt lat="49.171235" lon="20.219733"><ele>1393.8</ele></trkpt>
      <trkpt lat="49.171254" lon="20.219714"><ele>1394.8</ele></trkpt>
      <trkpt lat="49.171274" lon="20.219733"><ele>1396.8</ele></trkpt>
      <trkpt lat="49.171296" lon="20.219747"><ele>1398.4</ele></trkpt>
      <trkpt lat="49.171315" lon="20.219725"><ele>1400.0</ele></trkpt>
      <trkpt lat="49.171334" lon="20.219707"><ele>1400.2</ele></trkpt>
      <trkpt lat="49.171354" lon="20.219709"><ele>1400.4</ele></trkpt>
      <trkpt lat="49.171379" lon="20.219698"><ele>1400.6</ele></trkpt>
      <trkpt lat="49.171395" lon="20.219685"><ele>1400.8</ele></trkpt>
      <trkpt lat="49.171414" lon="20.219656"><ele>1400.8</ele></trkpt>
      <trkpt lat="49.171434" lon="20.219627"><ele>1401.0</ele></trkpt>
      <trkpt lat="49.171446" lon="20.219606"><ele>1401.2</ele></trkpt>
      <trkpt lat="49.171466" lon="20.219578"><ele>1401.6</ele></trkpt>
      <trkpt lat="49.171494" lon="20.219555"><ele>1401.8</ele></trkpt>
      <trkpt lat="49.171517" lon="20.219534"><ele>1402.2</ele></trkpt>
      <trkpt lat="49.171539" lon="20.219515"><ele>1402.6</ele></trkpt>
      <trkpt lat="49.171555" lon="20.219496"><ele>1403.0</ele></trkpt>
      <trkpt lat="49.171578" lon="20.219475"><ele>1403.8</ele></trkpt>
      <trkpt lat="49.171597" lon="20.219464"><ele>1404.2</ele></trkpt>
      <trkpt lat="49.171613" lon="20.219437"><ele>1404.6</ele></trkpt>
      <trkpt lat="49.171622" lon="20.219400"><ele>1405.0</ele></trkpt>
      <trkpt lat="49.171645" lon="20.219378"><ele>1405.2</ele></trkpt>
      <trkpt lat="49.171677" lon="20.219378"><ele>1405.6</ele></trkpt>
      <trkpt lat="49.171702" lon="20.219358"><ele>1406.2</ele></trkpt>
      <trkpt lat="49.171715" lon="20.219338"><ele>1406.4</ele></trkpt>
      <trkpt lat="49.171741" lon="20.219317"><ele>1407.0</ele></trkpt>
      <trkpt lat="49.171770" lon="20.219310"><ele>1407.4</ele></trkpt>
      <trkpt lat="49.171792" lon="20.219322"><ele>1407.4</ele></trkpt>
      <trkpt lat="49.171811" lon="20.219342"><ele>1407.8</ele></trkpt>
      <trkpt lat="49.171818" lon="20.219378"><ele>1408.2</ele></trkpt>
      <trkpt lat="49.171821" lon="20.219406"><ele>1408.4</ele></trkpt>
      <trkpt lat="49.171837" lon="20.219427"><ele>1408.6</ele></trkpt>
      <trkpt lat="49.171853" lon="20.219456"><ele>1409.0</ele></trkpt>
      <trkpt lat="49.171872" lon="20.219483"><ele>1409.2</ele></trkpt>
      <trkpt lat="49.171875" lon="20.219523"><ele>1409.4</ele></trkpt>
      <trkpt lat="49.171875" lon="20.219557"><ele>1409.6</ele></trkpt>
      <trkpt lat="49.171875" lon="20.219597"><ele>1409.8</ele></trkpt>
      <trkpt lat="49.171875" lon="20.219627"><ele>1410.2</ele></trkpt>
      <trkpt lat="49.171894" lon="20.219618"><ele>1410.6</ele></trkpt>
      <trkpt lat="49.171914" lon="20.219598"><ele>1411.2</ele></trkpt>
      <trkpt lat="49.171923" lon="20.219563"><ele>1411.8</ele></trkpt>
      <trkpt lat="49.171939" lon="20.219538"><ele>1412.6</ele></trkpt>
      <trkpt lat="49.171949" lon="20.219578"><ele>1413.8</ele></trkpt>
      <trkpt lat="49.171949" lon="20.219619"><ele>1414.2</ele></trkpt>
      <trkpt lat="49.171949" lon="20.219658"><ele>1414.8</ele></trkpt>
      <trkpt lat="49.171939" lon="20.219693"><ele>1415.2</ele></trkpt>
      <trkpt lat="49.171955" lon="20.219707"><ele>1415.8</ele></trkpt>
      <trkpt lat="49.171974" lon="20.219686"><ele>1416.6</ele></trkpt>
      <trkpt lat="49.171994" lon="20.219669"><ele>1417.0</ele></trkpt>
      <trkpt lat="49.172010" lon="20.219645"><ele>1417.8</ele></trkpt>
      <trkpt lat="49.172010" lon="20.219608"><ele>1418.4</ele></trkpt>
      <trkpt lat="49.172013" lon="20.219578"><ele>1419.0</ele></trkpt>
      <trkpt lat="49.172042" lon="20.219541"><ele>1419.2</ele></trkpt>
      <trkpt lat="49.172051" lon="20.219517"><ele>1420.2</ele></trkpt>
      <trkpt lat="49.172070" lon="20.219490"><ele>1420.8</ele></trkpt>
      <trkpt lat="49.172099" lon="20.219459"><ele>1421.2</ele></trkpt>
      <trkpt lat="49.172122" lon="20.219445"><ele>1421.6</ele></trkpt>
      <trkpt lat="49.172147" lon="20.219418"><ele>1422.0</ele></trkpt>
      <trkpt lat="49.172166" lon="20.219392"><ele>1422.2</ele></trkpt>
      <trkpt lat="49.172189" lon="20.219365"><ele>1422.4</ele></trkpt>
      <trkpt lat="49.172198" lon="20.219328"><ele>1423.0</ele></trkpt>
      <trkpt lat="49.172211" lon="20.219306"><ele>1423.2</ele></trkpt>
      <trkpt lat="49.172230" lon="20.219290"><ele>1423.8</ele></trkpt>
      <trkpt lat="49.172256" lon="20.219278"><ele>1424.4</ele></trkpt>
      <trkpt lat="49.172294" lon="20.219259"><ele>1424.6</ele></trkpt>
      <trkpt lat="49.172314" lon="20.219246"><ele>1425.2</ele></trkpt>
      <trkpt lat="49.172346" lon="20.219222"><ele>1425.6</ele></trkpt>
      <trkpt lat="49.172365" lon="20.219211"><ele>1426.2</ele></trkpt>
      <trkpt lat="49.172378" lon="20.219190"><ele>1426.8</ele></trkpt>
      <trkpt lat="49.172387" lon="20.219166"><ele>1427.4</ele></trkpt>
      <trkpt lat="49.172413" lon="20.219139"><ele>1428.2</ele></trkpt>
      <trkpt lat="49.172432" lon="20.219126"><ele>1428.8</ele></trkpt>
      <trkpt lat="49.172458" lon="20.219104"><ele>1429.4</ele></trkpt>
      <trkpt lat="49.172480" lon="20.219077"><ele>1430.0</ele></trkpt>
      <trkpt lat="49.172496" lon="20.219046"><ele>1430.6</ele></trkpt>
      <trkpt lat="49.172490" lon="20.219014"><ele>1431.2</ele></trkpt>
      <trkpt lat="49.172477" lon="20.218990"><ele>1432.2</ele></trkpt>
      <trkpt lat="49.172477" lon="20.218955"><ele>1433.4</ele></trkpt>
      <trkpt lat="49.172486" lon="20.218928"><ele>1435.6</ele></trkpt>
      <trkpt lat="49.172509" lon="20.218930"><ele>1436.2</ele></trkpt>
      <trkpt lat="49.172534" lon="20.218941"><ele>1436.8</ele></trkpt>
      <trkpt lat="49.172554" lon="20.218949"><ele>1437.4</ele></trkpt>
      <trkpt lat="49.172573" lon="20.218947"><ele>1438.4</ele></trkpt>
      <trkpt lat="49.172598" lon="20.218930"><ele>1439.0</ele></trkpt>
      <trkpt lat="49.172618" lon="20.218918"><ele>1439.4</ele></trkpt>
      <trkpt lat="49.172637" lon="20.218918"><ele>1439.8</ele></trkpt>
      <trkpt lat="49.172653" lon="20.218898"><ele>1440.0</ele></trkpt>
      <trkpt lat="49.172672" lon="20.218882"><ele>1440.4</ele></trkpt>
      <trkpt lat="49.172688" lon="20.218869"><ele>1441.6</ele></trkpt>
      <trkpt lat="49.172707" lon="20.218869"><ele>1442.8</ele></trkpt>
      <trkpt lat="49.172714" lon="20.218838"><ele>1443.2</ele></trkpt>
      <trkpt lat="49.172730" lon="20.218819"><ele>1443.8</ele></trkpt>
      <trkpt lat="49.172746" lon="20.218805"><ele>1443.8</ele></trkpt>
      <trkpt lat="49.172765" lon="20.218808"><ele>1444.2</ele></trkpt>
      <trkpt lat="49.172790" lon="20.218800"><ele>1444.4</ele></trkpt>
      <trkpt lat="49.172813" lon="20.218813"><ele>1444.8</ele></trkpt>
      <trkpt lat="49.172829" lon="20.218838"><ele>1445.2</ele></trkpt>
      <trkpt lat="49.172851" lon="20.218840"><ele>1446.0</ele></trkpt>
      <trkpt lat="49.172870" lon="20.218838"><ele>1446.6</ele></trkpt>
      <trkpt lat="49.172890" lon="20.218826"><ele>1447.4</ele></trkpt>
      <trkpt lat="49.172906" lon="20.218811"><ele>1448.2</ele></trkpt>
      <trkpt lat="49.172922" lon="20.218779"><ele>1448.8</ele></trkpt>
      <trkpt lat="49.172944" lon="20.218766"><ele>1449.2</ele></trkpt>
      <trkpt lat="49.172957" lon="20.218736"><ele>1449.4</ele></trkpt>
      <trkpt lat="49.172986" lon="20.218712"><ele>1449.8</ele></trkpt>
      <trkpt lat="49.173008" lon="20.218712"><ele>1450.6</ele></trkpt>
      <trkpt lat="49.173027" lon="20.218736"><ele>1451.0</ele></trkpt>
      <trkpt lat="49.173050" lon="20.218739"><ele>1451.8</ele></trkpt>
      <trkpt lat="49.173075" lon="20.218714"><ele>1452.2</ele></trkpt>
      <trkpt lat="49.173088" lon="20.218690"><ele>1453.0</ele></trkpt>
      <trkpt lat="49.173110" lon="20.218690"><ele>1453.6</ele></trkpt>
      <trkpt lat="49.173139" lon="20.218704"><ele>1454.0</ele></trkpt>
      <trkpt lat="49.173168" lon="20.218709"><ele>1454.6</ele></trkpt>
      <trkpt lat="49.173187" lon="20.218722"><ele>1455.2</ele></trkpt>
      <trkpt lat="49.173213" lon="20.218725"><ele>1455.6</ele></trkpt>
      <trkpt lat="49.173232" lon="20.218736"><ele>1456.0</ele></trkpt>
      <trkpt lat="49.173245" lon="20.218776"><ele>1456.8</ele></trkpt>
      <trkpt lat="49.173248" lon="20.218821"><ele>1457.2</ele></trkpt>
      <trkpt lat="49.173264" lon="20.218851"><ele>1457.6</ele></trkpt>
      <trkpt lat="49.173286" lon="20.218875"><ele>1458.4</ele></trkpt>
      <trkpt lat="49.173306" lon="20.218898"><ele>1458.8</ele></trkpt>
      <trkpt lat="49.173322" lon="20.218930"><ele>1459.2</ele></trkpt>
      <trkpt lat="49.173328" lon="20.218958"><ele>1459.6</ele></trkpt>
      <trkpt lat="49.173347" lon="20.218979"><ele>1459.8</ele></trkpt>
      <trkpt lat="49.173373" lon="20.218984"><ele>1460.0</ele></trkpt>
      <trkpt lat="49.173398" lon="20.219008"><ele>1460.4</ele></trkpt>
      <trkpt lat="49.173421" lon="20.219034"><ele>1460.6</ele></trkpt>
      <trkpt lat="49.173443" lon="20.219064"><ele>1460.8</ele></trkpt>
      <trkpt lat="49.173466" lon="20.219099"><ele>1461.0</ele></trkpt>
      <trkpt lat="49.173485" lon="20.219130"><ele>1461.2</ele></trkpt>
      <trkpt lat="49.173501" lon="20.219166"><ele>1461.4</ele></trkpt>
      <trkpt lat="49.173517" lon="20.219218"><ele>1461.6</ele></trkpt>
      <trkpt lat="49.173533" lon="20.219238"><ele>1462.2</ele></trkpt>
      <trkpt lat="49.173549" lon="20.219262"><ele>1462.4</ele></trkpt>
      <trkpt lat="49.173562" lon="20.219291"><ele>1462.6</ele></trkpt>
      <trkpt lat="49.173581" lon="20.219318"><ele>1463.0</ele></trkpt>
      <trkpt lat="49.173597" lon="20.219336"><ele>1463.4</ele></trkpt>
      <trkpt lat="49.173616" lon="20.219357"><ele>1463.8</ele></trkpt>
      <trkpt lat="49.173629" lon="20.219384"><ele>1463.6</ele></trkpt>
      <trkpt lat="49.173651" lon="20.219371"><ele>1463.4</ele></trkpt>
      <trkpt lat="49.173680" lon="20.219349"><ele>1463.6</ele></trkpt>
      <trkpt lat="49.173706" lon="20.219330"><ele>1464.0</ele></trkpt>
      <trkpt lat="49.173728" lon="20.219320"><ele>1464.4</ele></trkpt>
      <trkpt lat="49.173747" lon="20.219318"><ele>1464.4</ele></trkpt>
      <trkpt lat="49.173770" lon="20.219307"><ele>1464.6</ele></trkpt>
      <trkpt lat="49.173795" lon="20.219285"><ele>1464.8</ele></trkpt>
      <trkpt lat="49.173818" lon="20.219261"><ele>1465.0</ele></trkpt>
      <trkpt lat="49.173850" lon="20.219253"><ele>1465.2</ele></trkpt>
      <trkpt lat="49.173878" lon="20.219246"><ele>1465.8</ele></trkpt>
      <trkpt lat="49.173898" lon="20.219227"><ele>1466.2</ele></trkpt>
      <trkpt lat="49.173917" lon="20.219213"><ele>1466.6</ele></trkpt>
      <trkpt lat="49.173939" lon="20.219200"><ele>1467.0</ele></trkpt>
      <trkpt lat="49.173949" lon="20.219176"><ele>1468.0</ele></trkpt>
      <trkpt lat="49.173962" lon="20.219149"><ele>1468.2</ele></trkpt>
      <trkpt lat="49.173974" lon="20.219128"><ele>1468.4</ele></trkpt>
      <trkpt lat="49.173987" lon="20.219086"><ele>1468.8</ele></trkpt>
      <trkpt lat="49.174000" lon="20.219051"><ele>1469.2</ele></trkpt>
      <trkpt lat="49.174019" lon="20.219008"><ele>1469.6</ele></trkpt>
      <trkpt lat="49.174029" lon="20.218981"><ele>1470.2</ele></trkpt>
      <trkpt lat="49.174042" lon="20.218952"><ele>1470.6</ele></trkpt>
      <trkpt lat="49.174054" lon="20.218923"><ele>1471.0</ele></trkpt>
      <trkpt lat="49.174067" lon="20.218893"><ele>1471.2</ele></trkpt>
      <trkpt lat="49.174064" lon="20.218862"><ele>1471.8</ele></trkpt>
      <trkpt lat="49.174054" lon="20.218834"><ele>1472.0</ele></trkpt>
      <trkpt lat="49.174042" lon="20.218808"><ele>1472.2</ele></trkpt>
      <trkpt lat="49.174042" lon="20.218770"><ele>1472.8</ele></trkpt>
      <trkpt lat="49.174035" lon="20.218734"><ele>1473.8</ele></trkpt>
      <trkpt lat="49.174019" lon="20.218712"><ele>1474.2</ele></trkpt>
      <trkpt lat="49.174006" lon="20.218677"><ele>1474.6</ele></trkpt>
      <trkpt lat="49.173987" lon="20.218650"><ele>1475.2</ele></trkpt>
      <trkpt lat="49.173978" lon="20.218626"><ele>1475.4</ele></trkpt>
      <trkpt lat="49.173981" lon="20.218597"><ele>1475.6</ele></trkpt>
      <trkpt lat="49.174000" lon="20.218573"><ele>1475.8</ele></trkpt>
      <trkpt lat="49.174013" lon="20.218546"><ele>1476.0</ele></trkpt>
      <trkpt lat="49.174038" lon="20.218514"><ele>1476.4</ele></trkpt>
      <trkpt lat="49.174054" lon="20.218485"><ele>1476.6</ele></trkpt>
      <trkpt lat="49.174067" lon="20.218443"><ele>1477.0</ele></trkpt>
      <trkpt lat="49.174086" lon="20.218435"><ele>1477.2</ele></trkpt>
      <trkpt lat="49.174106" lon="20.218429"><ele>1477.4</ele></trkpt>
      <trkpt lat="49.174125" lon="20.218416"><ele>1477.6</ele></trkpt>
      <trkpt lat="49.174144" lon="20.218403"><ele>1477.6</ele></trkpt>
      <trkpt lat="49.174154" lon="20.218366"><ele>1478.4</ele></trkpt>
      <trkpt lat="49.174154" lon="20.218328"><ele>1478.6</ele></trkpt>
      <trkpt lat="49.174179" lon="20.218294"><ele>1478.8</ele></trkpt>
      <trkpt lat="49.174195" lon="20.218278"><ele>1478.8</ele></trkpt>
      <trkpt lat="49.174218" lon="20.218253"><ele>1479.0</ele></trkpt>
      <trkpt lat="49.174240" lon="20.218240"><ele>1479.0</ele></trkpt>
      <trkpt lat="49.174266" lon="20.218216"><ele>1479.2</ele></trkpt>
      <trkpt lat="49.174294" lon="20.218176"><ele>1479.2</ele></trkpt>
      <trkpt lat="49.174307" lon="20.218150"><ele>1479.4</ele></trkpt>
      <trkpt lat="49.174323" lon="20.218133"><ele>1479.6</ele></trkpt>
      <trkpt lat="49.174339" lon="20.218106"><ele>1479.6</ele></trkpt>
      <trkpt lat="49.174358" lon="20.218083"><ele>1479.8</ele></trkpt>
      <trkpt lat="49.174371" lon="20.218061"><ele>1479.8</ele></trkpt>
      <trkpt lat="49.174378" lon="20.218018"><ele>1480.2</ele></trkpt>
      <trkpt lat="49.174394" lon="20.217970"><ele>1480.4</ele></trkpt>
      <trkpt lat="49.174406" lon="20.217942"><ele>1480.4</ele></trkpt>
      <trkpt lat="49.174406" lon="20.217910"><ele>1480.8</ele></trkpt>
      <trkpt lat="49.174406" lon="20.217872"><ele>1481.0</ele></trkpt>
      <trkpt lat="49.174400" lon="20.217827"><ele>1481.0</ele></trkpt>
      <trkpt lat="49.174400" lon="20.217776"><ele>1481.2</ele></trkpt>
      <trkpt lat="49.174400" lon="20.217717"><ele>1481.2</ele></trkpt>
      <trkpt lat="49.174406" lon="20.217674"><ele>1481.6</ele></trkpt>
      <trkpt lat="49.174413" lon="20.217634"><ele>1482.0</ele></trkpt>
      <trkpt lat="49.174413" lon="20.217582"><ele>1482.4</ele></trkpt>
      <trkpt lat="49.174413" lon="20.217552"><ele>1482.6</ele></trkpt>
      <trkpt lat="49.174419" lon="20.217490"><ele>1482.8</ele></trkpt>
      <trkpt lat="49.174435" lon="20.217475"><ele>1483.2</ele></trkpt>
      <trkpt lat="49.174461" lon="20.217480"><ele>1483.4</ele></trkpt>
      <trkpt lat="49.174480" lon="20.217494"><ele>1483.6</ele></trkpt>
      <trkpt lat="49.174502" lon="20.217490"><ele>1483.8</ele></trkpt>
      <trkpt lat="49.174531" lon="20.217512"><ele>1484.6</ele></trkpt>
      <trkpt lat="49.174557" lon="20.217515"><ele>1485.0</ele></trkpt>
      <trkpt lat="49.174576" lon="20.217515"><ele>1485.8</ele></trkpt>
      <trkpt lat="49.174595" lon="20.217501"><ele>1486.2</ele></trkpt>
      <trkpt lat="49.174611" lon="20.217528"><ele>1486.2</ele></trkpt>
      <trkpt lat="49.174643" lon="20.217547"><ele>1486.4</ele></trkpt>
      <trkpt lat="49.174675" lon="20.217523"><ele>1486.8</ele></trkpt>
      <trkpt lat="49.174694" lon="20.217514"><ele>1487.0</ele></trkpt>
      <trkpt lat="49.174717" lon="20.217509"><ele>1487.0</ele></trkpt>
      <trkpt lat="49.174755" lon="20.217515"><ele>1487.2</ele></trkpt>
      <trkpt lat="49.174774" lon="20.217525"><ele>1487.4</ele></trkpt>
      <trkpt lat="49.174797" lon="20.217539"><ele>1487.4</ele></trkpt>
      <trkpt lat="49.174819" lon="20.217542"><ele>1487.8</ele></trkpt>
      <trkpt lat="49.174835" lon="20.217573"><ele>1488.0</ele></trkpt>
      <trkpt lat="49.174854" lon="20.217581"><ele>1488.0</ele></trkpt>
      <trkpt lat="49.174877" lon="20.217570"><ele>1488.2</ele></trkpt>
      <trkpt lat="49.174899" lon="20.217582"><ele>1488.6</ele></trkpt>
      <trkpt lat="49.174922" lon="20.217614"><ele>1489.0</ele></trkpt>
      <trkpt lat="49.174941" lon="20.217638"><ele>1489.2</ele></trkpt>
      <trkpt lat="49.174966" lon="20.217658"><ele>1489.2</ele></trkpt>
      <trkpt lat="49.174989" lon="20.217669"><ele>1489.6</ele></trkpt>
      <trkpt lat="49.175011" lon="20.217691"><ele>1489.8</ele></trkpt>
      <trkpt lat="49.175034" lon="20.217722"><ele>1490.0</ele></trkpt>
      <trkpt lat="49.175056" lon="20.217717"><ele>1490.6</ele></trkpt>
      <trkpt lat="49.175082" lon="20.217710"><ele>1491.2</ele></trkpt>
      <trkpt lat="49.175110" lon="20.217718"><ele>1491.8</ele></trkpt>
      <trkpt lat="49.175136" lon="20.217718"><ele>1492.6</ele></trkpt>
      <trkpt lat="49.175165" lon="20.217723"><ele>1493.0</ele></trkpt>
      <trkpt lat="49.175190" lon="20.217739"><ele>1493.6</ele></trkpt>
      <trkpt lat="49.175216" lon="20.217754"><ele>1494.0</ele></trkpt>
      <trkpt lat="49.175235" lon="20.217742"><ele>1494.4</ele></trkpt>
      <trkpt lat="49.175254" lon="20.217730"><ele>1495.4</ele></trkpt>
      <trkpt lat="49.175267" lon="20.217701"><ele>1496.0</ele></trkpt>
      <trkpt lat="49.175296" lon="20.217696"><ele>1497.4</ele></trkpt>
      <trkpt lat="49.175318" lon="20.217688"><ele>1498.4</ele></trkpt>
      <trkpt lat="49.175334" lon="20.217674"><ele>1499.0</ele></trkpt>
      <trkpt lat="49.175350" lon="20.217661"><ele>1499.4</ele></trkpt>
      <trkpt lat="49.175370" lon="20.217651"><ele>1499.6</ele></trkpt>
      <trkpt lat="49.175392" lon="20.217638"><ele>1499.8</ele></trkpt>
      <trkpt lat="49.175424" lon="20.217624"><ele>1500.0</ele></trkpt>
      <trkpt lat="49.175453" lon="20.217614"><ele>1500.2</ele></trkpt>
      <trkpt lat="49.175478" lon="20.217594"><ele>1500.4</ele></trkpt>
      <trkpt lat="49.175498" lon="20.217570"><ele>1501.0</ele></trkpt>
      <trkpt lat="49.175526" lon="20.217558"><ele>1501.2</ele></trkpt>
      <trkpt lat="49.175549" lon="20.217562"><ele>1501.8</ele></trkpt>
      <trkpt lat="49.175568" lon="20.217563"><ele>1502.0</ele></trkpt>
      <trkpt lat="49.175594" lon="20.217571"><ele>1502.4</ele></trkpt>
      <trkpt lat="49.175613" lon="20.217581"><ele>1502.6</ele></trkpt>
      <trkpt lat="49.175648" lon="20.217581"><ele>1503.2</ele></trkpt>
      <trkpt lat="49.175658" lon="20.217554"><ele>1503.6</ele></trkpt>
      <trkpt lat="49.175683" lon="20.217554"><ele>1504.6</ele></trkpt>
      <trkpt lat="49.175712" lon="20.217560"><ele>1505.0</ele></trkpt>
      <trkpt lat="49.175731" lon="20.217563"><ele>1505.6</ele></trkpt>
      <trkpt lat="49.175754" lon="20.217579"><ele>1506.4</ele></trkpt>
      <trkpt lat="49.175786" lon="20.217594"><ele>1507.0</ele></trkpt>
      <trkpt lat="49.175821" lon="20.217598"><ele>1507.6</ele></trkpt>
      <trkpt lat="49.175840" lon="20.217579"><ele>1508.2</ele></trkpt>
      <trkpt lat="49.175850" lon="20.217533"><ele>1508.6</ele></trkpt>
      <trkpt lat="49.175856" lon="20.217504"><ele>1508.8</ele></trkpt>
      <trkpt lat="49.175875" lon="20.217482"><ele>1509.4</ele></trkpt>
      <trkpt lat="49.175894" lon="20.217474"><ele>1509.8</ele></trkpt>
      <trkpt lat="49.175914" lon="20.217469"><ele>1510.4</ele></trkpt>
      <trkpt lat="49.175946" lon="20.217464"><ele>1510.8</ele></trkpt>
      <trkpt lat="49.175968" lon="20.217450"><ele>1511.4</ele></trkpt>
      <trkpt lat="49.175987" lon="20.217435"><ele>1511.8</ele></trkpt>
      <trkpt lat="49.176006" lon="20.217424"><ele>1512.2</ele></trkpt>
      <trkpt lat="49.176038" lon="20.217414"><ele>1512.4</ele></trkpt>
      <trkpt lat="49.176070" lon="20.217403"><ele>1512.8</ele></trkpt>
      <trkpt lat="49.176102" lon="20.217395"><ele>1513.2</ele></trkpt>
      <trkpt lat="49.176122" lon="20.217398"><ele>1513.8</ele></trkpt>
      <trkpt lat="49.176141" lon="20.217394"><ele>1514.0</ele></trkpt>
      <trkpt lat="49.176160" lon="20.217408"><ele>1514.4</ele></trkpt>
      <trkpt lat="49.176179" lon="20.217413"><ele>1515.0</ele></trkpt>
      <trkpt lat="49.176208" lon="20.217410"><ele>1515.8</ele></trkpt>
      <trkpt lat="49.176230" lon="20.217403"><ele>1516.4</ele></trkpt>
      <trkpt lat="49.176253" lon="20.217402"><ele>1516.8</ele></trkpt>
      <trkpt lat="49.176282" lon="20.217394"><ele>1517.2</ele></trkpt>
      <trkpt lat="49.176310" lon="20.217381"><ele>1517.6</ele></trkpt>
      <trkpt lat="49.176330" lon="20.217374"><ele>1517.6</ele></trkpt>
      <trkpt lat="49.176349" lon="20.217374"><ele>1517.8</ele></trkpt>
      <trkpt lat="49.176378" lon="20.217379"><ele>1518.2</ele></trkpt>
      <trkpt lat="49.176400" lon="20.217381"><ele>1518.6</ele></trkpt>
      <trkpt lat="49.176419" lon="20.217376"><ele>1519.0</ele></trkpt>
      <trkpt lat="49.176445" lon="20.217386"><ele>1519.2</ele></trkpt>
      <trkpt lat="49.176470" lon="20.217395"><ele>1519.4</ele></trkpt>
      <trkpt lat="49.176499" lon="20.217395"><ele>1519.6</ele></trkpt>
      <trkpt lat="49.176525" lon="20.217384"><ele>1519.8</ele></trkpt>
      <trkpt lat="49.176550" lon="20.217370"><ele>1520.2</ele></trkpt>
      <trkpt lat="49.176570" lon="20.217352"><ele>1520.4</ele></trkpt>
      <trkpt lat="49.176589" lon="20.217344"><ele>1520.6</ele></trkpt>
      <trkpt lat="49.176614" lon="20.217331"><ele>1521.2</ele></trkpt>
      <trkpt lat="49.176646" lon="20.217333"><ele>1521.8</ele></trkpt>
      <trkpt lat="49.176678" lon="20.217325"><ele>1522.0</ele></trkpt>
      <trkpt lat="49.176698" lon="20.217326"><ele>1522.2</ele></trkpt>
      <trkpt lat="49.176730" lon="20.217336"><ele>1522.6</ele></trkpt>
      <trkpt lat="49.176762" lon="20.217326"><ele>1522.8</ele></trkpt>
      <trkpt lat="49.176787" lon="20.217315"><ele>1523.0</ele></trkpt>
      <trkpt lat="49.176806" lon="20.217314"><ele>1523.4</ele></trkpt>
      <trkpt lat="49.176806" lon="20.217280"><ele>1524.0</ele></trkpt>
      <trkpt lat="49.176813" lon="20.217234"><ele>1524.4</ele></trkpt>
      <trkpt lat="49.176813" lon="20.217197"><ele>1524.8</ele></trkpt>
      <trkpt lat="49.176822" lon="20.217171"><ele>1525.2</ele></trkpt>
      <trkpt lat="49.176838" lon="20.217147"><ele>1525.4</ele></trkpt>
      <trkpt lat="49.176854" lon="20.217131"><ele>1525.8</ele></trkpt>
      <trkpt lat="49.176874" lon="20.217114"><ele>1526.4</ele></trkpt>
      <trkpt lat="49.176896" lon="20.217115"><ele>1526.6</ele></trkpt>
      <trkpt lat="49.176915" lon="20.217146"><ele>1527.6</ele></trkpt>
      <trkpt lat="49.176928" lon="20.217171"><ele>1528.2</ele></trkpt>
      <trkpt lat="49.176947" lon="20.217184"><ele>1528.8</ele></trkpt>
      <trkpt lat="49.176979" lon="20.217184"><ele>1529.2</ele></trkpt>
      <trkpt lat="49.176998" lon="20.217184"><ele>1529.6</ele></trkpt>
      <trkpt lat="49.177018" lon="20.217171"><ele>1530.0</ele></trkpt>
      <trkpt lat="49.177034" lon="20.217146"><ele>1530.4</ele></trkpt>
      <trkpt lat="49.177046" lon="20.217123"><ele>1530.8</ele></trkpt>
      <trkpt lat="49.177066" lon="20.217096"><ele>1531.2</ele></trkpt>
      <trkpt lat="49.177085" lon="20.217082"><ele>1531.4</ele></trkpt>
      <trkpt lat="49.177107" lon="20.217058"><ele>1532.0</ele></trkpt>
      <trkpt lat="49.177133" lon="20.217054"><ele>1532.6</ele></trkpt>
      <trkpt lat="49.177158" lon="20.217070"><ele>1533.0</ele></trkpt>
      <trkpt lat="49.177181" lon="20.217072"><ele>1534.2</ele></trkpt>
      <trkpt lat="49.177206" lon="20.217077"><ele>1534.8</ele></trkpt>
      <trkpt lat="49.177238" lon="20.217082"><ele>1535.2</ele></trkpt>
      <trkpt lat="49.177258" lon="20.217093"><ele>1536.0</ele></trkpt>
      <trkpt lat="49.177280" lon="20.217098"><ele>1536.6</ele></trkpt>
      <trkpt lat="49.177302" lon="20.217114"><ele>1537.2</ele></trkpt>
      <trkpt lat="49.177325" lon="20.217114"><ele>1537.8</ele></trkpt>
      <trkpt lat="49.177354" lon="20.217115"><ele>1538.2</ele></trkpt>
      <trkpt lat="49.177376" lon="20.217120"><ele>1538.8</ele></trkpt>
      <trkpt lat="49.177398" lon="20.217114"><ele>1539.4</ele></trkpt>
      <trkpt lat="49.177414" lon="20.217096"><ele>1540.0</ele></trkpt>
      <trkpt lat="49.177437" lon="20.217070"><ele>1540.6</ele></trkpt>
      <trkpt lat="49.177450" lon="20.217046"><ele>1541.0</ele></trkpt>
      <trkpt lat="49.177469" lon="20.217024"><ele>1541.4</ele></trkpt>
      <trkpt lat="49.177482" lon="20.216998"><ele>1541.8</ele></trkpt>
      <trkpt lat="49.177478" lon="20.216971"><ele>1542.2</ele></trkpt>
      <trkpt lat="49.177475" lon="20.216925"><ele>1542.6</ele></trkpt>
      <trkpt lat="49.177475" lon="20.216872"><ele>1543.0</ele></trkpt>
      <trkpt lat="49.177475" lon="20.216840"><ele>1543.0</ele></trkpt>
      <trkpt lat="49.177482" lon="20.216808"><ele>1543.2</ele></trkpt>
      <trkpt lat="49.177491" lon="20.216760"><ele>1543.4</ele></trkpt>
      <trkpt lat="49.177498" lon="20.216725"><ele>1543.6</ele></trkpt>
      <trkpt lat="49.177501" lon="20.216698"><ele>1543.8</ele></trkpt>
      <trkpt lat="49.177504" lon="20.216667"><ele>1544.2</ele></trkpt>
      <trkpt lat="49.177520" lon="20.216638"><ele>1544.6</ele></trkpt>
      <trkpt lat="49.177539" lon="20.216619"><ele>1545.0</ele></trkpt>
      <trkpt lat="49.177555" lon="20.216605"><ele>1545.6</ele></trkpt>
      <trkpt lat="49.177574" lon="20.216578"><ele>1546.2</ele></trkpt>
      <trkpt lat="49.177597" lon="20.216578"><ele>1546.8</ele></trkpt>
      <trkpt lat="49.177619" lon="20.216586"><ele>1547.6</ele></trkpt>
      <trkpt lat="49.177642" lon="20.216579"><ele>1548.2</ele></trkpt>
      <trkpt lat="49.177654" lon="20.216552"><ele>1548.6</ele></trkpt>
      <trkpt lat="49.177683" lon="20.216538"><ele>1549.2</ele></trkpt>
      <trkpt lat="49.177712" lon="20.216528"><ele>1549.4</ele></trkpt>
      <trkpt lat="49.177738" lon="20.216522"><ele>1549.8</ele></trkpt>
      <trkpt lat="49.177766" lon="20.216510"><ele>1550.2</ele></trkpt>
      <trkpt lat="49.177782" lon="20.216498"><ele>1550.6</ele></trkpt>
      <trkpt lat="49.177811" lon="20.216482"><ele>1550.8</ele></trkpt>
      <trkpt lat="49.177837" lon="20.216470"><ele>1551.0</ele></trkpt>
      <trkpt lat="49.177866" lon="20.216445"><ele>1551.2</ele></trkpt>
      <trkpt lat="49.177878" lon="20.216421"><ele>1551.4</ele></trkpt>
      <trkpt lat="49.177898" lon="20.216402"><ele>1551.4</ele></trkpt>
      <trkpt lat="49.177926" lon="20.216381"><ele>1551.8</ele></trkpt>
      <trkpt lat="49.177952" lon="20.216366"><ele>1552.2</ele></trkpt>
      <trkpt lat="49.177981" lon="20.216352"><ele>1552.8</ele></trkpt>
      <trkpt lat="49.178013" lon="20.216338"><ele>1553.0</ele></trkpt>
      <trkpt lat="49.178032" lon="20.216317"><ele>1553.4</ele></trkpt>
      <trkpt lat="49.178051" lon="20.216301"><ele>1554.0</ele></trkpt>
      <trkpt lat="49.178070" lon="20.216291"><ele>1554.2</ele></trkpt>
      <trkpt lat="49.178096" lon="20.216286"><ele>1554.6</ele></trkpt>
      <trkpt lat="49.178128" lon="20.216277"><ele>1554.8</ele></trkpt>
      <trkpt lat="49.178150" lon="20.216269"><ele>1555.2</ele></trkpt>
      <trkpt lat="49.178173" lon="20.216248"><ele>1555.4</ele></trkpt>
      <trkpt lat="49.178189" lon="20.216227"><ele>1555.8</ele></trkpt>
      <trkpt lat="49.178205" lon="20.216198"><ele>1556.2</ele></trkpt>
      <trkpt lat="49.178224" lon="20.216168"><ele>1556.4</ele></trkpt>
      <trkpt lat="49.178237" lon="20.216142"><ele>1556.6</ele></trkpt>
      <trkpt lat="49.178253" lon="20.216102"><ele>1557.0</ele></trkpt>
      <trkpt lat="49.178262" lon="20.216053"><ele>1557.2</ele></trkpt>
      <trkpt lat="49.178275" lon="20.216011"><ele>1557.4</ele></trkpt>
      <trkpt lat="49.178278" lon="20.215973"><ele>1557.8</ele></trkpt>
      <trkpt lat="49.178291" lon="20.215934"><ele>1558.0</ele></trkpt>
      <trkpt lat="49.178307" lon="20.215902"><ele>1558.4</ele></trkpt>
      <trkpt lat="49.178323" lon="20.215874"><ele>1558.8</ele></trkpt>
      <trkpt lat="49.178330" lon="20.215840"><ele>1559.0</ele></trkpt>
      <trkpt lat="49.178336" lon="20.215813"><ele>1559.2</ele></trkpt>
      <trkpt lat="49.178352" lon="20.215778"><ele>1559.2</ele></trkpt>
      <trkpt lat="49.178358" lon="20.215733"><ele>1559.4</ele></trkpt>
      <trkpt lat="49.178371" lon="20.215686"><ele>1559.4</ele></trkpt>
      <trkpt lat="49.178368" lon="20.215632"><ele>1559.4</ele></trkpt>
      <trkpt lat="49.178371" lon="20.215587"><ele>1559.6</ele></trkpt>
      <trkpt lat="49.178378" lon="20.215552"><ele>1559.8</ele></trkpt>
      <trkpt lat="49.178403" lon="20.215534"><ele>1560.0</ele></trkpt>
      <trkpt lat="49.178422" lon="20.215502"><ele>1560.0</ele></trkpt>
      <trkpt lat="49.178445" lon="20.215469"><ele>1560.0</ele></trkpt>
      <trkpt lat="49.178470" lon="20.215443"><ele>1560.2</ele></trkpt>
      <trkpt lat="49.178490" lon="20.215434"><ele>1560.2</ele></trkpt>
      <trkpt lat="49.178509" lon="20.215405"><ele>1560.4</ele></trkpt>
      <trkpt lat="49.178531" lon="20.215379"><ele>1560.8</ele></trkpt>
      <trkpt lat="49.178550" lon="20.215357"><ele>1561.2</ele></trkpt>
      <trkpt lat="49.178573" lon="20.215349"><ele>1561.8</ele></trkpt>
      <trkpt lat="49.178589" lon="20.215336"><ele>1562.0</ele></trkpt>
      <trkpt lat="49.178608" lon="20.215296"><ele>1562.4</ele></trkpt>
      <trkpt lat="49.178611" lon="20.215254"><ele>1562.6</ele></trkpt>
      <trkpt lat="49.178621" lon="20.215227"><ele>1562.6</ele></trkpt>
      <trkpt lat="49.178627" lon="20.215190"><ele>1562.8</ele></trkpt>
      <trkpt lat="49.178643" lon="20.215157"><ele>1562.6</ele></trkpt>
      <trkpt lat="49.178662" lon="20.215118"><ele>1562.4</ele></trkpt>
      <trkpt lat="49.178685" lon="20.215086"><ele>1562.4</ele></trkpt>
      <trkpt lat="49.178694" lon="20.215058"><ele>1562.2</ele></trkpt>
      <trkpt lat="49.178704" lon="20.215030"><ele>1562.2</ele></trkpt>
      <trkpt lat="49.178714" lon="20.214989"><ele>1562.0</ele></trkpt>
      <trkpt lat="49.178730" lon="20.214957"><ele>1562.0</ele></trkpt>
      <trkpt lat="49.178742" lon="20.214936"><ele>1562.2</ele></trkpt>
      <trkpt lat="49.178755" lon="20.214893"><ele>1562.4</ele></trkpt>
      <trkpt lat="49.178762" lon="20.214853"><ele>1562.8</ele></trkpt>
      <trkpt lat="49.178774" lon="20.214813"><ele>1563.2</ele></trkpt>
      <trkpt lat="49.178784" lon="20.214768"><ele>1563.6</ele></trkpt>
      <trkpt lat="49.178800" lon="20.214734"><ele>1564.2</ele></trkpt>
      <trkpt lat="49.178813" lon="20.214698"><ele>1564.6</ele></trkpt>
      <trkpt lat="49.178832" lon="20.214674"><ele>1564.8</ele></trkpt>
      <trkpt lat="49.178848" lon="20.214653"><ele>1565.4</ele></trkpt>
      <trkpt lat="49.178861" lon="20.214626"><ele>1566.0</ele></trkpt>
      <trkpt lat="49.178867" lon="20.214595"><ele>1566.4</ele></trkpt>
      <trkpt lat="49.178886" lon="20.214570"><ele>1567.0</ele></trkpt>
      <trkpt lat="49.178909" lon="20.214550"><ele>1567.4</ele></trkpt>
      <trkpt lat="49.178922" lon="20.214514"><ele>1567.8</ele></trkpt>
      <trkpt lat="49.178928" lon="20.214475"><ele>1568.0</ele></trkpt>
      <trkpt lat="49.178950" lon="20.214456"><ele>1568.6</ele></trkpt>
      <trkpt lat="49.178970" lon="20.214427"><ele>1569.0</ele></trkpt>
      <trkpt lat="49.178989" lon="20.214406"><ele>1569.6</ele></trkpt>
      <trkpt lat="49.179005" lon="20.214373"><ele>1569.6</ele></trkpt>
      <trkpt lat="49.179021" lon="20.214341"><ele>1569.8</ele></trkpt>
      <trkpt lat="49.179040" lon="20.214312"><ele>1569.8</ele></trkpt>
      <trkpt lat="49.179050" lon="20.214278"><ele>1570.2</ele></trkpt>
      <trkpt lat="49.179062" lon="20.214254"><ele>1570.4</ele></trkpt>
      <trkpt lat="49.179069" lon="20.214213"><ele>1570.6</ele></trkpt>
      <trkpt lat="49.179082" lon="20.214182"><ele>1570.8</ele></trkpt>
      <trkpt lat="49.179091" lon="20.214146"><ele>1570.6</ele></trkpt>
      <trkpt lat="49.179107" lon="20.214106"><ele>1570.8</ele></trkpt>
      <trkpt lat="49.179107" lon="20.214054"><ele>1571.0</ele></trkpt>
      <trkpt lat="49.179110" lon="20.214013"><ele>1571.2</ele></trkpt>
      <trkpt lat="49.179126" lon="20.213997"><ele>1571.2</ele></trkpt>
      <trkpt lat="49.179126" lon="20.213957"><ele>1571.4</ele></trkpt>
      <trkpt lat="49.179146" lon="20.213918"><ele>1571.4</ele></trkpt>
      <trkpt lat="49.179158" lon="20.213877"><ele>1571.4</ele></trkpt>
      <trkpt lat="49.179162" lon="20.213834"><ele>1571.6</ele></trkpt>
      <trkpt lat="49.179171" lon="20.213802"><ele>1571.8</ele></trkpt>
      <trkpt lat="49.179187" lon="20.213768"><ele>1571.8</ele></trkpt>
      <trkpt lat="49.179203" lon="20.213747"><ele>1572.0</ele></trkpt>
      <trkpt lat="49.179226" lon="20.213717"><ele>1572.2</ele></trkpt>
      <trkpt lat="49.179245" lon="20.213694"><ele>1572.4</ele></trkpt>
      <trkpt lat="49.179258" lon="20.213672"><ele>1572.4</ele></trkpt>
      <trkpt lat="49.179280" lon="20.213642"><ele>1572.6</ele></trkpt>
      <trkpt lat="49.179280" lon="20.213606"><ele>1573.0</ele></trkpt>
      <trkpt lat="49.179283" lon="20.213579"><ele>1573.0</ele></trkpt>
      <trkpt lat="49.179296" lon="20.213552"><ele>1573.2</ele></trkpt>
      <trkpt lat="49.179306" lon="20.213523"><ele>1573.2</ele></trkpt>
      <trkpt lat="49.179315" lon="20.213493"><ele>1573.0</ele></trkpt>
      <trkpt lat="49.179338" lon="20.213470"><ele>1573.0</ele></trkpt>
      <trkpt lat="49.179357" lon="20.213437"><ele>1573.2</ele></trkpt>
      <trkpt lat="49.179379" lon="20.213408"><ele>1573.6</ele></trkpt>
      <trkpt lat="49.179389" lon="20.213371"><ele>1574.0</ele></trkpt>
      <trkpt lat="49.179405" lon="20.213334"><ele>1574.4</ele></trkpt>
      <trkpt lat="49.179424" lon="20.213302"><ele>1574.6</ele></trkpt>
      <trkpt lat="49.179440" lon="20.213280"><ele>1575.0</ele></trkpt>
      <trkpt lat="49.179459" lon="20.213250"><ele>1575.2</ele></trkpt>
      <trkpt lat="49.179482" lon="20.213234"><ele>1575.6</ele></trkpt>
      <trkpt lat="49.179498" lon="20.213221"><ele>1575.8</ele></trkpt>
      <trkpt lat="49.179514" lon="20.213179"><ele>1576.2</ele></trkpt>
      <trkpt lat="49.179536" lon="20.213155"><ele>1576.4</ele></trkpt>
      <trkpt lat="49.179549" lon="20.213130"><ele>1576.8</ele></trkpt>
      <trkpt lat="49.179568" lon="20.213101"><ele>1576.8</ele></trkpt>
      <trkpt lat="49.179594" lon="20.213072"><ele>1577.0</ele></trkpt>
      <trkpt lat="49.179606" lon="20.213051"><ele>1577.2</ele></trkpt>
      <trkpt lat="49.179629" lon="20.213021"><ele>1577.4</ele></trkpt>
      <trkpt lat="49.179645" lon="20.213002"><ele>1577.4</ele></trkpt>
      <trkpt lat="49.179667" lon="20.212973"><ele>1577.4</ele></trkpt>
      <trkpt lat="49.179680" lon="20.212946"><ele>1577.6</ele></trkpt>
      <trkpt lat="49.179686" lon="20.212910"><ele>1577.6</ele></trkpt>
      <trkpt lat="49.179699" lon="20.212870"><ele>1577.8</ele></trkpt>
      <trkpt lat="49.179725" lon="20.212826"><ele>1578.0</ele></trkpt>
      <trkpt lat="49.179744" lon="20.212806"><ele>1578.2</ele></trkpt>
      <trkpt lat="49.179773" lon="20.212786"><ele>1578.2</ele></trkpt>
      <trkpt lat="49.179792" lon="20.212776"><ele>1578.2</ele></trkpt>
      <trkpt lat="49.179814" lon="20.212757"><ele>1578.2</ele></trkpt>
      <trkpt lat="49.179834" lon="20.212738"><ele>1578.4</ele></trkpt>
      <trkpt lat="49.179859" lon="20.212715"><ele>1578.6</ele></trkpt>
      <trkpt lat="49.179882" lon="20.212694"><ele>1579.0</ele></trkpt>
      <trkpt lat="49.179907" lon="20.212675"><ele>1579.2</ele></trkpt>
      <trkpt lat="49.179933" lon="20.212666"><ele>1579.4</ele></trkpt>
      <trkpt lat="49.179952" lon="20.212640"><ele>1579.6</ele></trkpt>
      <trkpt lat="49.179962" lon="20.212614"><ele>1579.8</ele></trkpt>
      <trkpt lat="49.179984" lon="20.212590"><ele>1580.2</ele></trkpt>
      <trkpt lat="49.180000" lon="20.212576"><ele>1580.4</ele></trkpt>
      <trkpt lat="49.180026" lon="20.212558"><ele>1580.6</ele></trkpt>
      <trkpt lat="49.180045" lon="20.212547"><ele>1580.8</ele></trkpt>
      <trkpt lat="49.180070" lon="20.212523"><ele>1581.0</ele></trkpt>
      <trkpt lat="49.180093" lon="20.212499"><ele>1581.2</ele></trkpt>
      <trkpt lat="49.180122" lon="20.212491"><ele>1581.4</ele></trkpt>
      <trkpt lat="49.180138" lon="20.212478"><ele>1581.6</ele></trkpt>
      <trkpt lat="49.180157" lon="20.212461"><ele>1581.6</ele></trkpt>
      <trkpt lat="49.180182" lon="20.212429"><ele>1581.8</ele></trkpt>
      <trkpt lat="49.180205" lon="20.212410"><ele>1582.0</ele></trkpt>
      <trkpt lat="49.180224" lon="20.212386"><ele>1582.2</ele></trkpt>
      <trkpt lat="49.180243" lon="20.212357"><ele>1582.4</ele></trkpt>
      <trkpt lat="49.180259" lon="20.212325"><ele>1582.6</ele></trkpt>
      <trkpt lat="49.180275" lon="20.212294"><ele>1583.0</ele></trkpt>
      <trkpt lat="49.180291" lon="20.212267"><ele>1583.2</ele></trkpt>
      <trkpt lat="49.180310" lon="20.212246"><ele>1583.4</ele></trkpt>
      <trkpt lat="49.180330" lon="20.212240"><ele>1583.6</ele></trkpt>
      <trkpt lat="49.180355" lon="20.212230"><ele>1584.0</ele></trkpt>
      <trkpt lat="49.180378" lon="20.212211"><ele>1584.2</ele></trkpt>
      <trkpt lat="49.180397" lon="20.212200"><ele>1584.6</ele></trkpt>
      <trkpt lat="49.180419" lon="20.212189"><ele>1585.0</ele></trkpt>
      <trkpt lat="49.180438" lon="20.212163"><ele>1585.0</ele></trkpt>
      <trkpt lat="49.180461" lon="20.212133"><ele>1585.2</ele></trkpt>
      <trkpt lat="49.180474" lon="20.212112"><ele>1585.2</ele></trkpt>
      <trkpt lat="49.180483" lon="20.212074"><ele>1585.2</ele></trkpt>
      <trkpt lat="49.180490" lon="20.212037"><ele>1585.4</ele></trkpt>
      <trkpt lat="49.180502" lon="20.212002"><ele>1585.2</ele></trkpt>
      <trkpt lat="49.180512" lon="20.211957"><ele>1585.2</ele></trkpt>
      <trkpt lat="49.180509" lon="20.211914"><ele>1585.6</ele></trkpt>
      <trkpt lat="49.180512" lon="20.211870"><ele>1585.8</ele></trkpt>
      <trkpt lat="49.180522" lon="20.211829"><ele>1585.8</ele></trkpt>
      <trkpt lat="49.180528" lon="20.211795"><ele>1585.8</ele></trkpt>
      <trkpt lat="49.180547" lon="20.211755"><ele>1585.8</ele></trkpt>
      <trkpt lat="49.180538" lon="20.211718"><ele>1585.8</ele></trkpt>
      <trkpt lat="49.180541" lon="20.211691"><ele>1585.8</ele></trkpt>
      <trkpt lat="49.180554" lon="20.211651"><ele>1586.2</ele></trkpt>
      <trkpt lat="49.180566" lon="20.211622"><ele>1586.6</ele></trkpt>
      <trkpt lat="49.180576" lon="20.211582"><ele>1587.0</ele></trkpt>
      <trkpt lat="49.180608" lon="20.211538"><ele>1587.2</ele></trkpt>
      <trkpt lat="49.180618" lon="20.211512"><ele>1587.2</ele></trkpt>
      <trkpt lat="49.180634" lon="20.211494"><ele>1587.0</ele></trkpt>
      <trkpt lat="49.180650" lon="20.211467"><ele>1587.0</ele></trkpt>
      <trkpt lat="49.180669" lon="20.211434"><ele>1586.2</ele></trkpt>
      <trkpt lat="49.180682" lon="20.211403"><ele>1586.4</ele></trkpt>
      <trkpt lat="49.180710" lon="20.211378"><ele>1586.4</ele></trkpt>
      <trkpt lat="49.180733" lon="20.211358"><ele>1586.4</ele></trkpt>
      <trkpt lat="49.180755" lon="20.211352"><ele>1586.6</ele></trkpt>
      <trkpt lat="49.180774" lon="20.211349"><ele>1587.0</ele></trkpt>
      <trkpt lat="49.180790" lon="20.211331"><ele>1587.6</ele></trkpt>
      <trkpt lat="49.180800" lon="20.211307"><ele>1588.0</ele></trkpt>
      <trkpt lat="49.180810" lon="20.211283"><ele>1588.2</ele></trkpt>
      <trkpt lat="49.180819" lon="20.211259"><ele>1588.2</ele></trkpt>
      <trkpt lat="49.180832" lon="20.211226"><ele>1588.6</ele></trkpt>
      <trkpt lat="49.180858" lon="20.211214"><ele>1589.2</ele></trkpt>
      <trkpt lat="49.180886" lon="20.211200"><ele>1589.4</ele></trkpt>
      <trkpt lat="49.180909" lon="20.211178"><ele>1589.8</ele></trkpt>
      <trkpt lat="49.180925" lon="20.211133"><ele>1590.2</ele></trkpt>
      <trkpt lat="49.180944" lon="20.211126"><ele>1591.0</ele></trkpt>
      <trkpt lat="49.180963" lon="20.211120"><ele>1591.6</ele></trkpt>
      <trkpt lat="49.180976" lon="20.211094"><ele>1592.2</ele></trkpt>
      <trkpt lat="49.180986" lon="20.211059"><ele>1593.2</ele></trkpt>
      <trkpt lat="49.181005" lon="20.211051"><ele>1594.0</ele></trkpt>
      <trkpt lat="49.181027" lon="20.211043"><ele>1594.8</ele></trkpt>
      <trkpt lat="49.181046" lon="20.211040"><ele>1595.4</ele></trkpt>
      <trkpt lat="49.181072" lon="20.211046"><ele>1596.0</ele></trkpt>
      <trkpt lat="49.181094" lon="20.211043"><ele>1596.6</ele></trkpt>
      <trkpt lat="49.181117" lon="20.211019"><ele>1597.0</ele></trkpt>
      <trkpt lat="49.181149" lon="20.211006"><ele>1597.4</ele></trkpt>
      <trkpt lat="49.181171" lon="20.210986"><ele>1598.0</ele></trkpt>
      <trkpt lat="49.181190" lon="20.210981"><ele>1598.0</ele></trkpt>
      <trkpt lat="49.181210" lon="20.210978"><ele>1598.2</ele></trkpt>
      <trkpt lat="49.181229" lon="20.210986"><ele>1598.6</ele></trkpt>
      <trkpt lat="49.181251" lon="20.210989"><ele>1598.8</ele></trkpt>
      <trkpt lat="49.181277" lon="20.210970"><ele>1599.2</ele></trkpt>
      <trkpt lat="49.181309" lon="20.210968"><ele>1599.6</ele></trkpt>
      <trkpt lat="49.181334" lon="20.210974"><ele>1600.0</ele></trkpt>
      <trkpt lat="49.181354" lon="20.210971"><ele>1600.2</ele></trkpt>
      <trkpt lat="49.181376" lon="20.210970"><ele>1600.6</ele></trkpt>
      <trkpt lat="49.181402" lon="20.210947"><ele>1600.8</ele></trkpt>
      <trkpt lat="49.181427" lon="20.210930"><ele>1601.0</ele></trkpt>
      <trkpt lat="49.181462" lon="20.210925"><ele>1601.2</ele></trkpt>
      <trkpt lat="49.181482" lon="20.210925"><ele>1601.4</ele></trkpt>
      <trkpt lat="49.181510" lon="20.210922"><ele>1601.6</ele></trkpt>
      <trkpt lat="49.181539" lon="20.210917"><ele>1602.2</ele></trkpt>
      <trkpt lat="49.181562" lon="20.210910"><ele>1602.6</ele></trkpt>
      <trkpt lat="49.181584" lon="20.210896"><ele>1603.0</ele></trkpt>
      <trkpt lat="49.181606" lon="20.210882"><ele>1603.2</ele></trkpt>
      <trkpt lat="49.181632" lon="20.210867"><ele>1603.6</ele></trkpt>
      <trkpt lat="49.181664" lon="20.210842"><ele>1604.2</ele></trkpt>
      <trkpt lat="49.181680" lon="20.210822"><ele>1604.6</ele></trkpt>
      <trkpt lat="49.181706" lon="20.210806"><ele>1605.0</ele></trkpt>
      <trkpt lat="49.181731" lon="20.210789"><ele>1605.2</ele></trkpt>
      <trkpt lat="49.181754" lon="20.210760"><ele>1605.4</ele></trkpt>
      <trkpt lat="49.181773" lon="20.210752"><ele>1605.6</ele></trkpt>
      <trkpt lat="49.181792" lon="20.210733"><ele>1605.8</ele></trkpt>
      <trkpt lat="49.181818" lon="20.210720"><ele>1606.0</ele></trkpt>
      <trkpt lat="49.181843" lon="20.210718"><ele>1606.2</ele></trkpt>
      <trkpt lat="49.181866" lon="20.210714"><ele>1606.4</ele></trkpt>
      <trkpt lat="49.181885" lon="20.210698"><ele>1606.8</ele></trkpt>
      <trkpt lat="49.181901" lon="20.210683"><ele>1607.0</ele></trkpt>
      <trkpt lat="49.181920" lon="20.210648"><ele>1607.6</ele></trkpt>
      <trkpt lat="49.181933" lon="20.210624"><ele>1608.0</ele></trkpt>
      <trkpt lat="49.181962" lon="20.210603"><ele>1608.2</ele></trkpt>
      <trkpt lat="49.181981" lon="20.210581"><ele>1608.6</ele></trkpt>
      <trkpt lat="49.182000" lon="20.210554"><ele>1609.0</ele></trkpt>
      <trkpt lat="49.182016" lon="20.210518"><ele>1609.2</ele></trkpt>
      <trkpt lat="49.182029" lon="20.210475"><ele>1609.6</ele></trkpt>
      <trkpt lat="49.182048" lon="20.210438"><ele>1609.8</ele></trkpt>
      <trkpt lat="49.182064" lon="20.210422"><ele>1610.0</ele></trkpt>
      <trkpt lat="49.182096" lon="20.210389"><ele>1610.2</ele></trkpt>
      <trkpt lat="49.182096" lon="20.210352"><ele>1610.4</ele></trkpt>
      <trkpt lat="49.182115" lon="20.210314"><ele>1610.8</ele></trkpt>
      <trkpt lat="49.182144" lon="20.210285"><ele>1611.4</ele></trkpt>
      <trkpt lat="49.182166" lon="20.210262"><ele>1611.8</ele></trkpt>
      <trkpt lat="49.182198" lon="20.210240"><ele>1612.2</ele></trkpt>
      <trkpt lat="49.182205" lon="20.210213"><ele>1612.6</ele></trkpt>
      <trkpt lat="49.182221" lon="20.210197"><ele>1612.8</ele></trkpt>
      <trkpt lat="49.182237" lon="20.210176"><ele>1613.0</ele></trkpt>
      <trkpt lat="49.182256" lon="20.210155"><ele>1613.4</ele></trkpt>
      <trkpt lat="49.182262" lon="20.210112"><ele>1613.6</ele></trkpt>
      <trkpt lat="49.182282" lon="20.210086"><ele>1614.0</ele></trkpt>
      <trkpt lat="49.182314" lon="20.210074"><ele>1614.8</ele></trkpt>
      <trkpt lat="49.182330" lon="20.210053"><ele>1615.2</ele></trkpt>
      <trkpt lat="49.182342" lon="20.210030"><ele>1615.0</ele></trkpt>
      <trkpt lat="49.182349" lon="20.209997"><ele>1615.2</ele></trkpt>
      <trkpt lat="49.182374" lon="20.209962"><ele>1615.2</ele></trkpt>
      <trkpt lat="49.182394" lon="20.209925"><ele>1615.4</ele></trkpt>
      <trkpt lat="49.182419" lon="20.209894"><ele>1615.4</ele></trkpt>
      <trkpt lat="49.182454" lon="20.209885"><ele>1615.2</ele></trkpt>
      <trkpt lat="49.182474" lon="20.209894"><ele>1615.0</ele></trkpt>
      <trkpt lat="49.182493" lon="20.209899"><ele>1614.8</ele></trkpt>
      <trkpt lat="49.182528" lon="20.209902"><ele>1614.6</ele></trkpt>
      <trkpt lat="49.182554" lon="20.209882"><ele>1614.6</ele></trkpt>
      <trkpt lat="49.182573" lon="20.209862"><ele>1614.4</ele></trkpt>
      <trkpt lat="49.182595" lon="20.209838"><ele>1614.4</ele></trkpt>
      <trkpt lat="49.182602" lon="20.209798"><ele>1614.4</ele></trkpt>
      <trkpt lat="49.182618" lon="20.209782"><ele>1614.4</ele></trkpt>
      <trkpt lat="49.182634" lon="20.209757"><ele>1614.4</ele></trkpt>
      <trkpt lat="49.182653" lon="20.209728"><ele>1614.4</ele></trkpt>
      <trkpt lat="49.182666" lon="20.209701"><ele>1614.2</ele></trkpt>
      <trkpt lat="49.182691" lon="20.209680"><ele>1614.2</ele></trkpt>
      <trkpt lat="49.182698" lon="20.209643"><ele>1614.0</ele></trkpt>
      <trkpt lat="49.182720" lon="20.209614"><ele>1613.8</ele></trkpt>
      <trkpt lat="49.182736" lon="20.209587"><ele>1613.6</ele></trkpt>
      <trkpt lat="49.182752" lon="20.209550"><ele>1613.6</ele></trkpt>
      <trkpt lat="49.182771" lon="20.209536"><ele>1613.8</ele></trkpt>
      <trkpt lat="49.182794" lon="20.209509"><ele>1614.0</ele></trkpt>
      <trkpt lat="49.182816" lon="20.209477"><ele>1614.4</ele></trkpt>
      <trkpt lat="49.182835" lon="20.209451"><ele>1614.8</ele></trkpt>
      <trkpt lat="49.182845" lon="20.209408"><ele>1615.0</ele></trkpt>
      <trkpt lat="49.182858" lon="20.209373"><ele>1615.2</ele></trkpt>
      <trkpt lat="49.182877" lon="20.209350"><ele>1615.6</ele></trkpt>
      <trkpt lat="49.182893" lon="20.209331"><ele>1616.0</ele></trkpt>
      <trkpt lat="49.182915" lon="20.209317"><ele>1616.4</ele></trkpt>
      <trkpt lat="49.182941" lon="20.209296"><ele>1617.0</ele></trkpt>
      <trkpt lat="49.182950" lon="20.209248"><ele>1617.4</ele></trkpt>
      <trkpt lat="49.182979" lon="20.209213"><ele>1617.6</ele></trkpt>
      <trkpt lat="49.182995" lon="20.209181"><ele>1618.2</ele></trkpt>
      <trkpt lat="49.183011" lon="20.209160"><ele>1618.6</ele></trkpt>
      <trkpt lat="49.183034" lon="20.209141"><ele>1619.0</ele></trkpt>
      <trkpt lat="49.183050" lon="20.209120"><ele>1619.4</ele></trkpt>
      <trkpt lat="49.183069" lon="20.209104"><ele>1619.6</ele></trkpt>
      <trkpt lat="49.183094" lon="20.209099"><ele>1619.8</ele></trkpt>
      <trkpt lat="49.183120" lon="20.209090"><ele>1620.2</ele></trkpt>
      <trkpt lat="49.183133" lon="20.209066"><ele>1620.8</ele></trkpt>
      <trkpt lat="49.183158" lon="20.209040"><ele>1621.2</ele></trkpt>
      <trkpt lat="49.183178" lon="20.209022"><ele>1621.6</ele></trkpt>
      <trkpt lat="49.183200" lon="20.209008"><ele>1622.2</ele></trkpt>
      <trkpt lat="49.183219" lon="20.208998"><ele>1622.8</ele></trkpt>
      <trkpt lat="49.183242" lon="20.208995"><ele>1623.6</ele></trkpt>
      <trkpt lat="49.183261" lon="20.208973"><ele>1624.0</ele></trkpt>
      <trkpt lat="49.183277" lon="20.208954"><ele>1624.6</ele></trkpt>
      <trkpt lat="49.183296" lon="20.208942"><ele>1625.0</ele></trkpt>
      <trkpt lat="49.183315" lon="20.208942"><ele>1625.4</ele></trkpt>
      <trkpt lat="49.183338" lon="20.208930"><ele>1626.0</ele></trkpt>
      <trkpt lat="49.183360" lon="20.208909"><ele>1626.8</ele></trkpt>
      <trkpt lat="49.183382" lon="20.208877"><ele>1627.4</ele></trkpt>
      <trkpt lat="49.183408" lon="20.208861"><ele>1627.8</ele></trkpt>
      <trkpt lat="49.183418" lon="20.208832"><ele>1628.2</ele></trkpt>
      <trkpt lat="49.183440" lon="20.208794"><ele>1628.4</ele></trkpt>
      <trkpt lat="49.183469" lon="20.208762"><ele>1628.6</ele></trkpt>
      <trkpt lat="49.183488" lon="20.208734"><ele>1629.2</ele></trkpt>
      <trkpt lat="49.183514" lon="20.208728"><ele>1629.6</ele></trkpt>
      <trkpt lat="49.183539" lon="20.208722"><ele>1629.8</ele></trkpt>
      <trkpt lat="49.183558" lon="20.208688"><ele>1629.8</ele></trkpt>
      <trkpt lat="49.183578" lon="20.208654"><ele>1630.2</ele></trkpt>
      <trkpt lat="49.183606" lon="20.208637"><ele>1630.4</ele></trkpt>
      <trkpt lat="49.183638" lon="20.208630"><ele>1630.4</ele></trkpt>
      <trkpt lat="49.183658" lon="20.208613"><ele>1630.8</ele></trkpt>
      <trkpt lat="49.183677" lon="20.208602"><ele>1630.8</ele></trkpt>
      <trkpt lat="49.183696" lon="20.208602"><ele>1631.0</ele></trkpt>
      <trkpt lat="49.183731" lon="20.208603"><ele>1631.4</ele></trkpt>
      <trkpt lat="49.183747" lon="20.208586"><ele>1631.6</ele></trkpt>
      <trkpt lat="49.183770" lon="20.208576"><ele>1631.8</ele></trkpt>
      <trkpt lat="49.183770" lon="20.208531"><ele>1632.2</ele></trkpt>
      <trkpt lat="49.183770" lon="20.208498"><ele>1632.4</ele></trkpt>
      <trkpt lat="49.183776" lon="20.208462"><ele>1632.8</ele></trkpt>
      <trkpt lat="49.183789" lon="20.208434"><ele>1633.2</ele></trkpt>
      <trkpt lat="49.183792" lon="20.208400"><ele>1633.2</ele></trkpt>
      <trkpt lat="49.183798" lon="20.208370"><ele>1633.6</ele></trkpt>
      <trkpt lat="49.183814" lon="20.208339"><ele>1634.0</ele></trkpt>
      <trkpt lat="49.183827" lon="20.208318"><ele>1634.4</ele></trkpt>
      <trkpt lat="49.183846" lon="20.208277"><ele>1635.2</ele></trkpt>
      <trkpt lat="49.183866" lon="20.208235"><ele>1635.8</ele></trkpt>
      <trkpt lat="49.183888" lon="20.208210"><ele>1636.2</ele></trkpt>
      <trkpt lat="49.183907" lon="20.208194"><ele>1636.8</ele></trkpt>
      <trkpt lat="49.183926" lon="20.208178"><ele>1637.2</ele></trkpt>
      <trkpt lat="49.183952" lon="20.208160"><ele>1637.8</ele></trkpt>
      <trkpt lat="49.183984" lon="20.208144"><ele>1638.0</ele></trkpt>
      <trkpt lat="49.184010" lon="20.208112"><ele>1638.8</ele></trkpt>
      <trkpt lat="49.184022" lon="20.208069"><ele>1639.4</ele></trkpt>
      <trkpt lat="49.184035" lon="20.208021"><ele>1639.6</ele></trkpt>
      <trkpt lat="49.184070" lon="20.208008"><ele>1639.8</ele></trkpt>
      <trkpt lat="49.184086" lon="20.207995"><ele>1640.0</ele></trkpt>
      <trkpt lat="49.184112" lon="20.207970"><ele>1640.4</ele></trkpt>
      <trkpt lat="49.184141" lon="20.207957"><ele>1640.8</ele></trkpt>
      <trkpt lat="49.184163" lon="20.207930"><ele>1641.2</ele></trkpt>
      <trkpt lat="49.184176" lon="20.207902"><ele>1641.6</ele></trkpt>
      <trkpt lat="49.184205" lon="20.207896"><ele>1642.2</ele></trkpt>
      <trkpt lat="49.184227" lon="20.207888"><ele>1642.4</ele></trkpt>
      <trkpt lat="49.184250" lon="20.207888"><ele>1642.8</ele></trkpt>
      <trkpt lat="49.184272" lon="20.207886"><ele>1643.4</ele></trkpt>
      <trkpt lat="49.184294" lon="20.207886"><ele>1643.8</ele></trkpt>
      <trkpt lat="49.184314" lon="20.207888"><ele>1644.0</ele></trkpt>
      <trkpt lat="49.184333" lon="20.207880"><ele>1644.6</ele></trkpt>
      <trkpt lat="49.184355" lon="20.207883"><ele>1645.2</ele></trkpt>
      <trkpt lat="49.184381" lon="20.207877"><ele>1645.6</ele></trkpt>
      <trkpt lat="49.184410" lon="20.207859"><ele>1646.2</ele></trkpt>
      <trkpt lat="49.184429" lon="20.207859"><ele>1646.4</ele></trkpt>
      <trkpt lat="49.184454" lon="20.207848"><ele>1647.0</ele></trkpt>
      <trkpt lat="49.184474" lon="20.207837"><ele>1647.2</ele></trkpt>
      <trkpt lat="49.184506" lon="20.207848"><ele>1647.8</ele></trkpt>
      <trkpt lat="49.184528" lon="20.207851"><ele>1648.0</ele></trkpt>
      <trkpt lat="49.184547" lon="20.207853"><ele>1648.0</ele></trkpt>
      <trkpt lat="49.184566" lon="20.207840"><ele>1648.4</ele></trkpt>
      <trkpt lat="49.184582" lon="20.207813"><ele>1649.0</ele></trkpt>
      <trkpt lat="49.184608" lon="20.207790"><ele>1649.8</ele></trkpt>
      <trkpt lat="49.184634" lon="20.207773"><ele>1650.4</ele></trkpt>
      <trkpt lat="49.184653" lon="20.207754"><ele>1650.8</ele></trkpt>
      <trkpt lat="49.184682" lon="20.207754"><ele>1651.2</ele></trkpt>
      <trkpt lat="49.184704" lon="20.207754"><ele>1651.4</ele></trkpt>
      <trkpt lat="49.184726" lon="20.207750"><ele>1652.0</ele></trkpt>
      <trkpt lat="49.184752" lon="20.207762"><ele>1652.6</ele></trkpt>
      <trkpt lat="49.184784" lon="20.207760"><ele>1653.0</ele></trkpt>
      <trkpt lat="49.184806" lon="20.207754"><ele>1653.2</ele></trkpt>
      <trkpt lat="49.184832" lon="20.207750"><ele>1653.6</ele></trkpt>
      <trkpt lat="49.184864" lon="20.207754"><ele>1654.4</ele></trkpt>
      <trkpt lat="49.184883" lon="20.207754"><ele>1655.0</ele></trkpt>
      <trkpt lat="49.184915" lon="20.207757"><ele>1655.8</ele></trkpt>
      <trkpt lat="49.184944" lon="20.207768"><ele>1656.2</ele></trkpt>
      <trkpt lat="49.184970" lon="20.207757"><ele>1656.6</ele></trkpt>
      <trkpt lat="49.184998" lon="20.207762"><ele>1656.8</ele></trkpt>
      <trkpt lat="49.185021" lon="20.207765"><ele>1657.2</ele></trkpt>
      <trkpt lat="49.185050" lon="20.207760"><ele>1657.8</ele></trkpt>
      <trkpt lat="49.185078" lon="20.207749"><ele>1658.2</ele></trkpt>
      <trkpt lat="49.185098" lon="20.207733"><ele>1658.8</ele></trkpt>
      <trkpt lat="49.185120" lon="20.207712"><ele>1659.0</ele></trkpt>
      <trkpt lat="49.185149" lon="20.207698"><ele>1659.4</ele></trkpt>
      <trkpt lat="49.185174" lon="20.207701"><ele>1659.8</ele></trkpt>
      <trkpt lat="49.185203" lon="20.207712"><ele>1659.8</ele></trkpt>
      <trkpt lat="49.185222" lon="20.207714"><ele>1660.0</ele></trkpt>
      <trkpt lat="49.185254" lon="20.207714"><ele>1660.2</ele></trkpt>
      <trkpt lat="49.185274" lon="20.207728"><ele>1660.6</ele></trkpt>
      <trkpt lat="49.185293" lon="20.207731"><ele>1661.2</ele></trkpt>
      <trkpt lat="49.185315" lon="20.207723"><ele>1661.6</ele></trkpt>
      <trkpt lat="49.185338" lon="20.207714"><ele>1662.0</ele></trkpt>
      <trkpt lat="49.185360" lon="20.207691"><ele>1662.2</ele></trkpt>
      <trkpt lat="49.185379" lon="20.207693"><ele>1662.6</ele></trkpt>
      <trkpt lat="49.185398" lon="20.207710"><ele>1663.2</ele></trkpt>
      <trkpt lat="49.185424" lon="20.207709"><ele>1663.4</ele></trkpt>
      <trkpt lat="49.185456" lon="20.207712"><ele>1663.8</ele></trkpt>
      <trkpt lat="49.185485" lon="20.207730"><ele>1664.0</ele></trkpt>
      <trkpt lat="49.185507" lon="20.207725"><ele>1664.8</ele></trkpt>
      <trkpt lat="49.185526" lon="20.207741"><ele>1665.4</ele></trkpt>
      <trkpt lat="49.185552" lon="20.207771"><ele>1666.0</ele></trkpt>
      <trkpt lat="49.185574" lon="20.207797"><ele>1666.8</ele></trkpt>
      <trkpt lat="49.185597" lon="20.207800"><ele>1667.6</ele></trkpt>
      <trkpt lat="49.185622" lon="20.207821"><ele>1667.8</ele></trkpt>
      <trkpt lat="49.185642" lon="20.207814"><ele>1668.0</ele></trkpt>
      <trkpt lat="49.185661" lon="20.207797"><ele>1668.4</ele></trkpt>
      <trkpt lat="49.185683" lon="20.207787"><ele>1668.4</ele></trkpt>
      <trkpt lat="49.185702" lon="20.207754"><ele>1668.4</ele></trkpt>
      <trkpt lat="49.185706" lon="20.207715"><ele>1668.2</ele></trkpt>
      <trkpt lat="49.185706" lon="20.207685"><ele>1668.0</ele></trkpt>
      <trkpt lat="49.185699" lon="20.207651"><ele>1668.0</ele></trkpt>
      <trkpt lat="49.185693" lon="20.207613"><ele>1668.0</ele></trkpt>
      <trkpt lat="49.185715" lon="20.207582"><ele>1668.0</ele></trkpt>
      <trkpt lat="49.185731" lon="20.207558"><ele>1668.2</ele></trkpt>
      <trkpt lat="49.185754" lon="20.207525"><ele>1668.8</ele></trkpt>
      <trkpt lat="49.185773" lon="20.207501"><ele>1669.2</ele></trkpt>
      <trkpt lat="49.185798" lon="20.207483"><ele>1669.8</ele></trkpt>
      <trkpt lat="49.185818" lon="20.207475"><ele>1670.8</ele></trkpt>
      <trkpt lat="49.185837" lon="20.207477"><ele>1672.0</ele></trkpt>
      <trkpt lat="49.185856" lon="20.207453"><ele>1673.0</ele></trkpt>
      <trkpt lat="49.185878" lon="20.207445"><ele>1674.4</ele></trkpt>
      <trkpt lat="49.185901" lon="20.207426"><ele>1675.4</ele></trkpt>
      <trkpt lat="49.185923" lon="20.207416"><ele>1676.8</ele></trkpt>
      <trkpt lat="49.185949" lon="20.207411"><ele>1677.4</ele></trkpt>
      <trkpt lat="49.185968" lon="20.207387"><ele>1677.2</ele></trkpt>
      <trkpt lat="49.185962" lon="20.207344"><ele>1677.2</ele></trkpt>
      <trkpt lat="49.185968" lon="20.207315"><ele>1677.0</ele></trkpt>
      <trkpt lat="49.185971" lon="20.207282"><ele>1677.2</ele></trkpt>
      <trkpt lat="49.185968" lon="20.207253"><ele>1677.6</ele></trkpt>
      <trkpt lat="49.185971" lon="20.207203"><ele>1678.2</ele></trkpt>
      <trkpt lat="49.185981" lon="20.207166"><ele>1678.2</ele></trkpt>
      <trkpt lat="49.185997" lon="20.207134"><ele>1678.4</ele></trkpt>
      <trkpt lat="49.185997" lon="20.207106"><ele>1678.6</ele></trkpt>
      <trkpt lat="49.186019" lon="20.207072"><ele>1678.8</ele></trkpt>
      <trkpt lat="49.186042" lon="20.207059"><ele>1679.4</ele></trkpt>
      <trkpt lat="49.186067" lon="20.207027"><ele>1680.4</ele></trkpt>
      <trkpt lat="49.186096" lon="20.207006"><ele>1681.6</ele></trkpt>
      <trkpt lat="49.186115" lon="20.206995"><ele>1682.0</ele></trkpt>
      <trkpt lat="49.186138" lon="20.206990"><ele>1683.4</ele></trkpt>
      <trkpt lat="49.186157" lon="20.206982"><ele>1685.6</ele></trkpt>
      <trkpt lat="49.186179" lon="20.206966"><ele>1685.2</ele></trkpt>
      <trkpt lat="49.186192" lon="20.206930"><ele>1683.8</ele></trkpt>
      <trkpt lat="49.186211" lon="20.206909"><ele>1684.0</ele></trkpt>
      <trkpt lat="49.186237" lon="20.206899"><ele>1684.4</ele></trkpt>
      <trkpt lat="49.186259" lon="20.206901"><ele>1684.6</ele></trkpt>
      <trkpt lat="49.186291" lon="20.206907"><ele>1684.6</ele></trkpt>
      <trkpt lat="49.186317" lon="20.206914"><ele>1684.8</ele></trkpt>
      <trkpt lat="49.186336" lon="20.206909"><ele>1683.6</ele></trkpt>
      <trkpt lat="49.186358" lon="20.206880"><ele>1682.4</ele></trkpt>
      <trkpt lat="49.186390" lon="20.206877"><ele>1682.0</ele></trkpt>
      <trkpt lat="49.186413" lon="20.206859"><ele>1682.0</ele></trkpt>
      <trkpt lat="49.186432" lon="20.206858"><ele>1682.0</ele></trkpt>
      <trkpt lat="49.186464" lon="20.206850"><ele>1682.0</ele></trkpt>
      <trkpt lat="49.186496" lon="20.206851"><ele>1681.4</ele></trkpt>
      <trkpt lat="49.186525" lon="20.206840"><ele>1681.6</ele></trkpt>
      <trkpt lat="49.186547" lon="20.206864"><ele>1681.6</ele></trkpt>
      <trkpt lat="49.186528" lon="20.206877"><ele>1680.2</ele></trkpt>
      <trkpt lat="49.186544" lon="20.206899"><ele>1682.6</ele></trkpt>
      <trkpt lat="49.186560" lon="20.206914"><ele>1682.8</ele></trkpt>
      <trkpt lat="49.186586" lon="20.206909"><ele>1682.8</ele></trkpt>
      <trkpt lat="49.186605" lon="20.206890"><ele>1682.2</ele></trkpt>
      <trkpt lat="49.186627" lon="20.206861"><ele>1682.0</ele></trkpt>
      <trkpt lat="49.186643" lon="20.206880"><ele>1682.0</ele></trkpt>
      <trkpt lat="49.186669" lon="20.206880"><ele>1683.8</ele></trkpt>
      <trkpt lat="49.186669" lon="20.206837"><ele>1683.4</ele></trkpt>
      <trkpt lat="49.186698" lon="20.206805"><ele>1683.2</ele></trkpt>
      <trkpt lat="49.186707" lon="20.206779"><ele>1683.2</ele></trkpt>
      <trkpt lat="49.186723" lon="20.206738"><ele>1683.2</ele></trkpt>
      <trkpt lat="49.186736" lon="20.206712"><ele>1683.4</ele></trkpt>
      <trkpt lat="49.186755" lon="20.206717"><ele>1683.6</ele></trkpt>
      <trkpt lat="49.186774" lon="20.206707"><ele>1684.2</ele></trkpt>
      <trkpt lat="49.186797" lon="20.206694"><ele>1684.8</ele></trkpt>
      <trkpt lat="49.186816" lon="20.206678"><ele>1685.0</ele></trkpt>
      <trkpt lat="49.186829" lon="20.206642"><ele>1685.6</ele></trkpt>
      <trkpt lat="49.186845" lon="20.206627"><ele>1685.8</ele></trkpt>
      <trkpt lat="49.186864" lon="20.206595"><ele>1686.0</ele></trkpt>
      <trkpt lat="49.186883" lon="20.206586"><ele>1686.0</ele></trkpt>
      <trkpt lat="49.186893" lon="20.206557"><ele>1686.2</ele></trkpt>
      <trkpt lat="49.186896" lon="20.206526"><ele>1686.2</ele></trkpt>
      <trkpt lat="49.186915" lon="20.206499"><ele>1686.6</ele></trkpt>
      <trkpt lat="49.186931" lon="20.206483"><ele>1686.6</ele></trkpt>
      <trkpt lat="49.186947" lon="20.206469"><ele>1686.6</ele></trkpt>
      <trkpt lat="49.186963" lon="20.206451"><ele>1686.6</ele></trkpt>
      <trkpt lat="49.186982" lon="20.206427"><ele>1686.8</ele></trkpt>
      <trkpt lat="49.187008" lon="20.206421"><ele>1686.8</ele></trkpt>
      <trkpt lat="49.187030" lon="20.206430"><ele>1687.0</ele></trkpt>
      <trkpt lat="49.187053" lon="20.206429"><ele>1687.2</ele></trkpt>
      <trkpt lat="49.187069" lon="20.206413"><ele>1687.6</ele></trkpt>
      <trkpt lat="49.187088" lon="20.206387"><ele>1687.6</ele></trkpt>
      <trkpt lat="49.187104" lon="20.206365"><ele>1687.8</ele></trkpt>
      <trkpt lat="49.187120" lon="20.206352"><ele>1688.0</ele></trkpt>
      <trkpt lat="49.187142" lon="20.206325"><ele>1688.0</ele></trkpt>
      <trkpt lat="49.187155" lon="20.206299"><ele>1688.0</ele></trkpt>
      <trkpt lat="49.187152" lon="20.206269"><ele>1688.2</ele></trkpt>
      <trkpt lat="49.187141" lon="20.206230"><ele>1688.2</ele></trkpt>
      <trkpt lat="49.187129" lon="20.206191"><ele>1689.2</ele></trkpt>
      <trkpt lat="49.187122" lon="20.206165"><ele>1689.8</ele></trkpt>
      <trkpt lat="49.187114" lon="20.206138"><ele>1690.6</ele></trkpt>
      <trkpt lat="49.187107" lon="20.206112"><ele>1691.0</ele></trkpt>
      <trkpt lat="49.187099" lon="20.206086"><ele>1691.8</ele></trkpt>
      <trkpt lat="49.187091" lon="20.206060"><ele>1692.0</ele></trkpt>
      <trkpt lat="49.187084" lon="20.206034"><ele>1692.8</ele></trkpt>
      <trkpt lat="49.187076" lon="20.206008"><ele>1693.2</ele></trkpt>
      <trkpt lat="49.187069" lon="20.205982"><ele>1693.6</ele></trkpt>
      <trkpt lat="49.187061" lon="20.205956"><ele>1694.4</ele></trkpt>
      <trkpt lat="49.187054" lon="20.205929"><ele>1695.2</ele></trkpt>
      <trkpt lat="49.187046" lon="20.205903"><ele>1695.6</ele></trkpt>
      <trkpt lat="49.187038" lon="20.205877"><ele>1696.2</ele></trkpt>
      <trkpt lat="49.187027" lon="20.205838"><ele>1696.8</ele></trkpt>
      <trkpt lat="49.187030" lon="20.205810"><ele>1697.0</ele></trkpt>
      <trkpt lat="49.187032" lon="20.205789"><ele>1699.0</ele></trkpt>
      <trkpt lat="49.187035" lon="20.205768"><ele>1699.8</ele></trkpt>
      <trkpt lat="49.187037" lon="20.205747"><ele>1700.6</ele></trkpt>
      <trkpt lat="49.187039" lon="20.205725"><ele>1701.0</ele></trkpt>
      <trkpt lat="49.187043" lon="20.205697"><ele>1701.6</ele></trkpt>
      <trkpt lat="49.187045" lon="20.205676"><ele>1702.4</ele></trkpt>
      <trkpt lat="49.187047" lon="20.205655"><ele>1703.0</ele></trkpt>
      <trkpt lat="49.187050" lon="20.205627"><ele>1703.6</ele></trkpt>
      <trkpt lat="49.187053" lon="20.205606"><ele>1704.0</ele></trkpt>
      <trkpt lat="49.187055" lon="20.205585"><ele>1704.4</ele></trkpt>
      <trkpt lat="49.187058" lon="20.205557"><ele>1705.2</ele></trkpt>
      <trkpt lat="49.187061" lon="20.205535"><ele>1705.6</ele></trkpt>
      <trkpt lat="49.187064" lon="20.205507"><ele>1706.4</ele></trkpt>
      <trkpt lat="49.187066" lon="20.205486"><ele>1706.8</ele></trkpt>
      <trkpt lat="49.187068" lon="20.205465"><ele>1707.4</ele></trkpt>
      <trkpt lat="49.187071" lon="20.205444"><ele>1707.8</ele></trkpt>
      <trkpt lat="49.187073" lon="20.205423"><ele>1708.4</ele></trkpt>
      <trkpt lat="49.187076" lon="20.205395"><ele>1709.2</ele></trkpt>
      <trkpt lat="49.187079" lon="20.205367"><ele>1710.0</ele></trkpt>
      <trkpt lat="49.187082" lon="20.205345"><ele>1710.4</ele></trkpt>
      <trkpt lat="49.187085" lon="20.205317"><ele>1710.6</ele></trkpt>
      <trkpt lat="49.187088" lon="20.205289"><ele>1710.8</ele></trkpt>
      <trkpt lat="49.187091" lon="20.205261"><ele>1711.4</ele></trkpt>
      <trkpt lat="49.187072" lon="20.205226"><ele>1712.0</ele></trkpt>
      <trkpt lat="49.187056" lon="20.205200"><ele>1712.0</ele></trkpt>
      <trkpt lat="49.187050" lon="20.205157"><ele>1712.6</ele></trkpt>
      <trkpt lat="49.187062" lon="20.205122"><ele>1712.8</ele></trkpt>
      <trkpt lat="49.187082" lon="20.205123"><ele>1713.2</ele></trkpt>
      <trkpt lat="49.187104" lon="20.205152"><ele>1713.6</ele></trkpt>
      <trkpt lat="49.187120" lon="20.205173"><ele>1714.0</ele></trkpt>
      <trkpt lat="49.187114" lon="20.205139"><ele>1716.4</ele></trkpt>
      <trkpt lat="49.187130" lon="20.205120"><ele>1717.4</ele></trkpt>
      <trkpt lat="49.187133" lon="20.205083"><ele>1718.4</ele></trkpt>
      <trkpt lat="49.187146" lon="20.205053"><ele>1719.8</ele></trkpt>
      <trkpt lat="49.187162" lon="20.205019"><ele>1720.6</ele></trkpt>
      <trkpt lat="49.187174" lon="20.204990"><ele>1721.2</ele></trkpt>
      <trkpt lat="49.187181" lon="20.204954"><ele>1721.8</ele></trkpt>
      <trkpt lat="49.187187" lon="20.204918"><ele>1722.8</ele></trkpt>
      <trkpt lat="49.187187" lon="20.204890"><ele>1723.4</ele></trkpt>
      <trkpt lat="49.187181" lon="20.204858"><ele>1724.4</ele></trkpt>
      <trkpt lat="49.187210" lon="20.204830"><ele>1725.8</ele></trkpt>
      <trkpt lat="49.187222" lon="20.204792"><ele>1726.6</ele></trkpt>
      <trkpt lat="49.187248" lon="20.204779"><ele>1726.8</ele></trkpt>
      <trkpt lat="49.187232" lon="20.204752"><ele>1727.0</ele></trkpt>
      <trkpt lat="49.187222" lon="20.204726"><ele>1727.0</ele></trkpt>
      <trkpt lat="49.187219" lon="20.204691"><ele>1727.2</ele></trkpt>
      <trkpt lat="49.187229" lon="20.204664"><ele>1727.8</ele></trkpt>
      <trkpt lat="49.187229" lon="20.204634"><ele>1728.2</ele></trkpt>
      <trkpt lat="49.187248" lon="20.204624"><ele>1728.8</ele></trkpt>
      <trkpt lat="49.187254" lon="20.204592"><ele>1729.4</ele></trkpt>
      <trkpt lat="49.187274" lon="20.204566"><ele>1730.0</ele></trkpt>
      <trkpt lat="49.187290" lon="20.204538"><ele>1730.4</ele></trkpt>
      <trkpt lat="49.187309" lon="20.204514"><ele>1731.2</ele></trkpt>
      <trkpt lat="49.187331" lon="20.204510"><ele>1731.4</ele></trkpt>
      <trkpt lat="49.187341" lon="20.204467"><ele>1731.8</ele></trkpt>
      <trkpt lat="49.187363" lon="20.204445"><ele>1732.2</ele></trkpt>
      <trkpt lat="49.187386" lon="20.204438"><ele>1732.6</ele></trkpt>
      <trkpt lat="49.187408" lon="20.204426"><ele>1732.8</ele></trkpt>
      <trkpt lat="49.187408" lon="20.204395"><ele>1733.2</ele></trkpt>
      <trkpt lat="49.187421" lon="20.204358"><ele>1733.6</ele></trkpt>
      <trkpt lat="49.187427" lon="20.204323"><ele>1734.4</ele></trkpt>
      <trkpt lat="49.187430" lon="20.204294"><ele>1735.2</ele></trkpt>
      <trkpt lat="49.187434" lon="20.204266"><ele>1735.6</ele></trkpt>
      <trkpt lat="49.187446" lon="20.204240"><ele>1736.0</ele></trkpt>
      <trkpt lat="49.187459" lon="20.204214"><ele>1736.4</ele></trkpt>
      <trkpt lat="49.187478" lon="20.204214"><ele>1736.6</ele></trkpt>
      <trkpt lat="49.187488" lon="20.204182"><ele>1736.8</ele></trkpt>
      <trkpt lat="49.187491" lon="20.204150"><ele>1737.0</ele></trkpt>
      <trkpt lat="49.187507" lon="20.204125"><ele>1737.2</ele></trkpt>
      <trkpt lat="49.187539" lon="20.204098"><ele>1737.2</ele></trkpt>
      <trkpt lat="49.187542" lon="20.204064"><ele>1737.0</ele></trkpt>
      <trkpt lat="49.187552" lon="20.204030"><ele>1736.8</ele></trkpt>
      <trkpt lat="49.187565" lon="20.204000"><ele>1736.8</ele></trkpt>
      <trkpt lat="49.187581" lon="20.203986"><ele>1736.8</ele></trkpt>
      <trkpt lat="49.187597" lon="20.203971"><ele>1736.8</ele></trkpt>
      <trkpt lat="49.187613" lon="20.203957"><ele>1736.8</ele></trkpt>
      <trkpt lat="49.187629" lon="20.203942"><ele>1737.2</ele></trkpt>
      <trkpt lat="49.187645" lon="20.203928"><ele>1737.0</ele></trkpt>
      <trkpt lat="49.187661" lon="20.203913"><ele>1736.8</ele></trkpt>
      <trkpt lat="49.187677" lon="20.203899"><ele>1736.6</ele></trkpt>
      <trkpt lat="49.187693" lon="20.203884"><ele>1736.4</ele></trkpt>
      <trkpt lat="49.187709" lon="20.203870"><ele>1736.2</ele></trkpt>
      <trkpt lat="49.187728" lon="20.203856"><ele>1736.2</ele></trkpt>
      <trkpt lat="49.187750" lon="20.203813"><ele>1736.6</ele></trkpt>
      <trkpt lat="49.187764" lon="20.203785"><ele>1736.8</ele></trkpt>
      <trkpt lat="49.187781" lon="20.203749"><ele>1737.2</ele></trkpt>
      <trkpt lat="49.187792" lon="20.203728"><ele>1737.4</ele></trkpt>
      <trkpt lat="49.187802" lon="20.203707"><ele>1737.6</ele></trkpt>
      <trkpt lat="49.187805" lon="20.203678"><ele>1737.8</ele></trkpt>
      <trkpt lat="49.187802" lon="20.203640"><ele>1738.2</ele></trkpt>
      <trkpt lat="49.187798" lon="20.203608"><ele>1738.2</ele></trkpt>
      <trkpt lat="49.187786" lon="20.203562"><ele>1738.8</ele></trkpt>
      <trkpt lat="49.187763" lon="20.203530"><ele>1738.8</ele></trkpt>
      <trkpt lat="49.187747" lon="20.203482"><ele>1739.4</ele></trkpt>
      <trkpt lat="49.187721" lon="20.203429"><ele>1739.6</ele></trkpt>
      <trkpt lat="49.187709" lon="20.203403"><ele>1740.6</ele></trkpt>
      <trkpt lat="49.187696" lon="20.203376"><ele>1740.8</ele></trkpt>
      <trkpt lat="49.187683" lon="20.203350"><ele>1741.2</ele></trkpt>
      <trkpt lat="49.187664" lon="20.203310"><ele>1741.6</ele></trkpt>
      <trkpt lat="49.187648" lon="20.203264"><ele>1742.6</ele></trkpt>
      <trkpt lat="49.187619" lon="20.203224"><ele>1742.8</ele></trkpt>
      <trkpt lat="49.187606" lon="20.203194"><ele>1743.0</ele></trkpt>
      <trkpt lat="49.187606" lon="20.203165"><ele>1743.6</ele></trkpt>
      <trkpt lat="49.187600" lon="20.203136"><ele>1744.6</ele></trkpt>
      <trkpt lat="49.187581" lon="20.203122"><ele>1745.6</ele></trkpt>
      <trkpt lat="49.187565" lon="20.203106"><ele>1746.2</ele></trkpt>
      <trkpt lat="49.187549" lon="20.203085"><ele>1746.6</ele></trkpt>
      <trkpt lat="49.187517" lon="20.203032"><ele>1747.2</ele></trkpt>
      <trkpt lat="49.187498" lon="20.203021"><ele>1748.8</ele></trkpt>
      <trkpt lat="49.187478" lon="20.203005"><ele>1749.2</ele></trkpt>
      <trkpt lat="49.187459" lon="20.202994"><ele>1750.2</ele></trkpt>
      <trkpt lat="49.187427" lon="20.202958"><ele>1750.4</ele></trkpt>
      <trkpt lat="49.187402" lon="20.202966"><ele>1751.4</ele></trkpt>
      <trkpt lat="49.187379" lon="20.202955"><ele>1752.2</ele></trkpt>
      <trkpt lat="49.187347" lon="20.202928"><ele>1752.6</ele></trkpt>
      <trkpt lat="49.187325" lon="20.202907"><ele>1753.2</ele></trkpt>
      <trkpt lat="49.187306" lon="20.202907"><ele>1754.2</ele></trkpt>
      <trkpt lat="49.187286" lon="20.202896"><ele>1755.4</ele></trkpt>
      <trkpt lat="49.187274" lon="20.202869"><ele>1756.8</ele></trkpt>
      <trkpt lat="49.187254" lon="20.202850"><ele>1757.2</ele></trkpt>
      <trkpt lat="49.187232" lon="20.202850"><ele>1757.6</ele></trkpt>
      <trkpt lat="49.187213" lon="20.202827"><ele>1758.0</ele></trkpt>
      <trkpt lat="49.187184" lon="20.202800"><ele>1758.6</ele></trkpt>
      <trkpt lat="49.187168" lon="20.202787"><ele>1759.2</ele></trkpt>
      <trkpt lat="49.187149" lon="20.202770"><ele>1759.8</ele></trkpt>
      <trkpt lat="49.187126" lon="20.202736"><ele>1761.0</ele></trkpt>
      <trkpt lat="49.187094" lon="20.202718"><ele>1761.4</ele></trkpt>
      <trkpt lat="49.187066" lon="20.202706"><ele>1762.0</ele></trkpt>
      <trkpt lat="49.187043" lon="20.202696"><ele>1762.2</ele></trkpt>
      <trkpt lat="49.187024" lon="20.202677"><ele>1762.8</ele></trkpt>
      <trkpt lat="49.187008" lon="20.202659"><ele>1763.4</ele></trkpt>
      <trkpt lat="49.186986" lon="20.202651"><ele>1764.8</ele></trkpt>
      <trkpt lat="49.186963" lon="20.202640"><ele>1765.6</ele></trkpt>
      <trkpt lat="49.186934" lon="20.202629"><ele>1766.4</ele></trkpt>
      <trkpt lat="49.186906" lon="20.202616"><ele>1767.0</ele></trkpt>
      <trkpt lat="49.186883" lon="20.202600"><ele>1768.4</ele></trkpt>
      <trkpt lat="49.186870" lon="20.202578"><ele>1769.8</ele></trkpt>
      <trkpt lat="49.186845" lon="20.202570"><ele>1770.4</ele></trkpt>
      <trkpt lat="49.186826" lon="20.202560"><ele>1770.6</ele></trkpt>
      <trkpt lat="49.186806" lon="20.202547"><ele>1770.8</ele></trkpt>
      <trkpt lat="49.186778" lon="20.202541"><ele>1771.4</ele></trkpt>
      <trkpt lat="49.186755" lon="20.202534"><ele>1772.2</ele></trkpt>
      <trkpt lat="49.186736" lon="20.202517"><ele>1773.2</ele></trkpt>
      <trkpt lat="49.186717" lon="20.202509"><ele>1773.6</ele></trkpt>
      <trkpt lat="49.186688" lon="20.202512"><ele>1774.2</ele></trkpt>
      <trkpt lat="49.186669" lon="20.202509"><ele>1774.4</ele></trkpt>
      <trkpt lat="49.186650" lon="20.202501"><ele>1774.6</ele></trkpt>
      <trkpt lat="49.186627" lon="20.202496"><ele>1775.2</ele></trkpt>
      <trkpt lat="49.186608" lon="20.202485"><ele>1775.4</ele></trkpt>
      <trkpt lat="49.186586" lon="20.202477"><ele>1776.6</ele></trkpt>
      <trkpt lat="49.186554" lon="20.202440"><ele>1777.0</ele></trkpt>
      <trkpt lat="49.186534" lon="20.202418"><ele>1778.6</ele></trkpt>
      <trkpt lat="49.186518" lon="20.202387"><ele>1779.2</ele></trkpt>
      <trkpt lat="49.186506" lon="20.202357"><ele>1779.8</ele></trkpt>
      <trkpt lat="49.186499" lon="20.202328"><ele>1780.4</ele></trkpt>
      <trkpt lat="49.186515" lon="20.202310"><ele>1781.2</ele></trkpt>
      <trkpt lat="49.186534" lon="20.202299"><ele>1781.6</ele></trkpt>
      <trkpt lat="49.186550" lon="20.202283"><ele>1782.4</ele></trkpt>
      <trkpt lat="49.186534" lon="20.202264"><ele>1783.2</ele></trkpt>
      <trkpt lat="49.186518" lon="20.202248"><ele>1784.2</ele></trkpt>
      <trkpt lat="49.186499" lon="20.202250"><ele>1785.8</ele></trkpt>
      <trkpt lat="49.186509" lon="20.202221"><ele>1786.6</ele></trkpt>
      <trkpt lat="49.186534" lon="20.202208"><ele>1787.6</ele></trkpt>
      <trkpt lat="49.186544" lon="20.202181"><ele>1788.8</ele></trkpt>
      <trkpt lat="49.186573" lon="20.202170"><ele>1789.4</ele></trkpt>
      <trkpt lat="49.186598" lon="20.202162"><ele>1789.8</ele></trkpt>
      <trkpt lat="49.186611" lon="20.202141"><ele>1790.2</ele></trkpt>
      <trkpt lat="49.186624" lon="20.202120"><ele>1790.6</ele></trkpt>
      <trkpt lat="49.186643" lon="20.202107"><ele>1790.8</ele></trkpt>
      <trkpt lat="49.186666" lon="20.202090"><ele>1791.6</ele></trkpt>
      <trkpt lat="49.186669" lon="20.202062"><ele>1792.4</ele></trkpt>
      <trkpt lat="49.186688" lon="20.202051"><ele>1793.2</ele></trkpt>
      <trkpt lat="49.186710" lon="20.202035"><ele>1793.8</ele></trkpt>
      <trkpt lat="49.186736" lon="20.202032"><ele>1794.0</ele></trkpt>
      <trkpt lat="49.186749" lon="20.202008"><ele>1794.8</ele></trkpt>
      <trkpt lat="49.186765" lon="20.201994"><ele>1795.6</ele></trkpt>
      <trkpt lat="49.186784" lon="20.201981"><ele>1796.0</ele></trkpt>
      <trkpt lat="49.186806" lon="20.201976"><ele>1796.8</ele></trkpt>
      <trkpt lat="49.186826" lon="20.201986"><ele>1797.0</ele></trkpt>
      <trkpt lat="49.186848" lon="20.201963"><ele>1798.0</ele></trkpt>
      <trkpt lat="49.186867" lon="20.201949"><ele>1798.6</ele></trkpt>
      <trkpt lat="49.186886" lon="20.201936"><ele>1799.0</ele></trkpt>
      <trkpt lat="49.186867" lon="20.201891"><ele>1799.4</ele></trkpt>
      <trkpt lat="49.186906" lon="20.201885"><ele>1799.8</ele></trkpt>
      <trkpt lat="49.186912" lon="20.201854"><ele>1800.6</ele></trkpt>
      <trkpt lat="49.186934" lon="20.201846"><ele>1801.4</ele></trkpt>
      <trkpt lat="49.186954" lon="20.201842"><ele>1802.0</ele></trkpt>
      <trkpt lat="49.186970" lon="20.201824"><ele>1802.4</ele></trkpt>
      <trkpt lat="49.186995" lon="20.201813"><ele>1803.0</ele></trkpt>
      <trkpt lat="49.187011" lon="20.201797"><ele>1803.6</ele></trkpt>
      <trkpt lat="49.187030" lon="20.201797"><ele>1804.2</ele></trkpt>
      <trkpt lat="49.187053" lon="20.201797"><ele>1804.8</ele></trkpt>
      <trkpt lat="49.187072" lon="20.201782"><ele>1805.2</ele></trkpt>
      <trkpt lat="49.187094" lon="20.201779"><ele>1805.6</ele></trkpt>
      <trkpt lat="49.187114" lon="20.201784"><ele>1805.8</ele></trkpt>
      <trkpt lat="49.187139" lon="20.201765"><ele>1806.4</ele></trkpt>
      <trkpt lat="49.187146" lon="20.201731"><ele>1807.0</ele></trkpt>
      <trkpt lat="49.187165" lon="20.201715"><ele>1807.8</ele></trkpt>
      <trkpt lat="49.187181" lon="20.201701"><ele>1808.6</ele></trkpt>
      <trkpt lat="49.187203" lon="20.201677"><ele>1809.0</ele></trkpt>
      <trkpt lat="49.187226" lon="20.201666"><ele>1809.4</ele></trkpt>
      <trkpt lat="49.187229" lon="20.201637"><ele>1810.4</ele></trkpt>
      <trkpt lat="49.187206" lon="20.201637"><ele>1811.6</ele></trkpt>
      <trkpt lat="49.187184" lon="20.201627"><ele>1812.2</ele></trkpt>
      <trkpt lat="49.187165" lon="20.201616"><ele>1812.6</ele></trkpt>
      <trkpt lat="49.187142" lon="20.201597"><ele>1813.4</ele></trkpt>
      <trkpt lat="49.187123" lon="20.201586"><ele>1813.8</ele></trkpt>
      <trkpt lat="49.187107" lon="20.201573"><ele>1814.6</ele></trkpt>
      <trkpt lat="49.187094" lon="20.201564"><ele>1814.8</ele></trkpt>
      <trkpt lat="49.187072" lon="20.201549"><ele>1815.4</ele></trkpt>
      <trkpt lat="49.187053" lon="20.201549"><ele>1816.0</ele></trkpt>
      <trkpt lat="49.187024" lon="20.201546"><ele>1817.2</ele></trkpt>
      <trkpt lat="49.186995" lon="20.201534"><ele>1817.6</ele></trkpt>
      <trkpt lat="49.186973" lon="20.201534"><ele>1818.4</ele></trkpt>
      <trkpt lat="49.186950" lon="20.201531"><ele>1819.4</ele></trkpt>
      <trkpt lat="49.186931" lon="20.201522"><ele>1820.2</ele></trkpt>
      <trkpt lat="49.186912" lon="20.201499"><ele>1820.8</ele></trkpt>
      <trkpt lat="49.186890" lon="20.201494"><ele>1821.4</ele></trkpt>
      <trkpt lat="49.186870" lon="20.201496"><ele>1822.0</ele></trkpt>
      <trkpt lat="49.186845" lon="20.201486"><ele>1822.6</ele></trkpt>
      <trkpt lat="49.186822" lon="20.201482"><ele>1823.0</ele></trkpt>
      <trkpt lat="49.186803" lon="20.201467"><ele>1823.2</ele></trkpt>
      <trkpt lat="49.186787" lon="20.201448"><ele>1823.6</ele></trkpt>
      <trkpt lat="49.186774" lon="20.201427"><ele>1824.4</ele></trkpt>
      <trkpt lat="49.186749" lon="20.201413"><ele>1826.0</ele></trkpt>
      <trkpt lat="49.186733" lon="20.201376"><ele>1828.8</ele></trkpt>
      <trkpt lat="49.186752" lon="20.201370"><ele>1829.2</ele></trkpt>
      <trkpt lat="49.186768" lon="20.201357"><ele>1829.2</ele></trkpt>
      <trkpt lat="49.186787" lon="20.201339"><ele>1830.0</ele></trkpt>
      <trkpt lat="49.186810" lon="20.201325"><ele>1830.6</ele></trkpt>
      <trkpt lat="49.186803" lon="20.201277"><ele>1831.6</ele></trkpt>
      <trkpt lat="49.186803" lon="20.201248"><ele>1832.0</ele></trkpt>
      <trkpt lat="49.186826" lon="20.201227"><ele>1832.4</ele></trkpt>
      <trkpt lat="49.186845" lon="20.201238"><ele>1832.6</ele></trkpt>
      <trkpt lat="49.186867" lon="20.201230"><ele>1833.0</ele></trkpt>
      <trkpt lat="49.186874" lon="20.201202"><ele>1833.4</ele></trkpt>
      <trkpt lat="49.186906" lon="20.201189"><ele>1833.8</ele></trkpt>
      <trkpt lat="49.186934" lon="20.201202"><ele>1834.0</ele></trkpt>
      <trkpt lat="49.186941" lon="20.201171"><ele>1834.2</ele></trkpt>
      <trkpt lat="49.186957" lon="20.201184"><ele>1834.4</ele></trkpt>
      <trkpt lat="49.186973" lon="20.201158"><ele>1834.8</ele></trkpt>
      <trkpt lat="49.186995" lon="20.201154"><ele>1836.0</ele></trkpt>
      <trkpt lat="49.186989" lon="20.201120"><ele>1837.2</ele></trkpt>
      <trkpt lat="49.186986" lon="20.201090"><ele>1838.4</ele></trkpt>
      <trkpt lat="49.186970" lon="20.201075"><ele>1839.2</ele></trkpt>
      <trkpt lat="49.186950" lon="20.201070"><ele>1840.4</ele></trkpt>
      <trkpt lat="49.186928" lon="20.201066"><ele>1841.2</ele></trkpt>
      <trkpt lat="49.186912" lon="20.201050"><ele>1841.8</ele></trkpt>
      <trkpt lat="49.186893" lon="20.201050"><ele>1842.2</ele></trkpt>
      <trkpt lat="49.186870" lon="20.201045"><ele>1842.8</ele></trkpt>
      <trkpt lat="49.186848" lon="20.201032"><ele>1843.4</ele></trkpt>
      <trkpt lat="49.186829" lon="20.201021"><ele>1843.8</ele></trkpt>
      <trkpt lat="49.186826" lon="20.200990"><ele>1844.8</ele></trkpt>
      <trkpt lat="49.186822" lon="20.200962"><ele>1845.4</ele></trkpt>
      <trkpt lat="49.186835" lon="20.200938"><ele>1846.2</ele></trkpt>
      <trkpt lat="49.186851" lon="20.200923"><ele>1846.6</ele></trkpt>
      <trkpt lat="49.186877" lon="20.200912"><ele>1847.2</ele></trkpt>
      <trkpt lat="49.186909" lon="20.200917"><ele>1847.6</ele></trkpt>
      <trkpt lat="49.186928" lon="20.200907"><ele>1848.4</ele></trkpt>
      <trkpt lat="49.186944" lon="20.200886"><ele>1849.2</ele></trkpt>
      <trkpt lat="49.186976" lon="20.200882"><ele>1850.0</ele></trkpt>
      <trkpt lat="49.186995" lon="20.200878"><ele>1850.4</ele></trkpt>
      <trkpt lat="49.187021" lon="20.200880"><ele>1851.2</ele></trkpt>
      <trkpt lat="49.187040" lon="20.200886"><ele>1851.4</ele></trkpt>
      <trkpt lat="49.187062" lon="20.200861"><ele>1852.4</ele></trkpt>
      <trkpt lat="49.187085" lon="20.200842"><ele>1853.0</ele></trkpt>
      <trkpt lat="49.187082" lon="20.200806"><ele>1853.6</ele></trkpt>
      <trkpt lat="49.187088" lon="20.200773"><ele>1854.4</ele></trkpt>
      <trkpt lat="49.187104" lon="20.200747"><ele>1855.2</ele></trkpt>
      <trkpt lat="49.187126" lon="20.200749"><ele>1856.0</ele></trkpt>
      <trkpt lat="49.187149" lon="20.200754"><ele>1856.8</ele></trkpt>
      <trkpt lat="49.187146" lon="20.200723"><ele>1857.8</ele></trkpt>
      <trkpt lat="49.187162" lon="20.200710"><ele>1858.4</ele></trkpt>
      <trkpt lat="49.187162" lon="20.200674"><ele>1859.0</ele></trkpt>
      <trkpt lat="49.187168" lon="20.200642"><ele>1859.6</ele></trkpt>
      <trkpt lat="49.187184" lon="20.200622"><ele>1860.2</ele></trkpt>
      <trkpt lat="49.187206" lon="20.200610"><ele>1861.0</ele></trkpt>
      <trkpt lat="49.187219" lon="20.200582"><ele>1862.0</ele></trkpt>
      <trkpt lat="49.187206" lon="20.200562"><ele>1862.6</ele></trkpt>
      <trkpt lat="49.187184" lon="20.200573"><ele>1863.4</ele></trkpt>
      <trkpt lat="49.187194" lon="20.200541"><ele>1865.4</ele></trkpt>
      <trkpt lat="49.187210" lon="20.200515"><ele>1866.2</ele></trkpt>
      <trkpt lat="49.187222" lon="20.200493"><ele>1866.6</ele></trkpt>
      <trkpt lat="49.187219" lon="20.200459"><ele>1866.8</ele></trkpt>
      <trkpt lat="49.187222" lon="20.200430"><ele>1867.4</ele></trkpt>
      <trkpt lat="49.187242" lon="20.200397"><ele>1867.8</ele></trkpt>
      <trkpt lat="49.187261" lon="20.200387"><ele>1868.2</ele></trkpt>
      <trkpt lat="49.187280" lon="20.200382"><ele>1868.6</ele></trkpt>
      <trkpt lat="49.187293" lon="20.200352"><ele>1869.2</ele></trkpt>
      <trkpt lat="49.187318" lon="20.200325"><ele>1870.0</ele></trkpt>
      <trkpt lat="49.187331" lon="20.200301"><ele>1870.4</ele></trkpt>
      <trkpt lat="49.187341" lon="20.200266"><ele>1870.8</ele></trkpt>
      <trkpt lat="49.187360" lon="20.200274"><ele>1870.8</ele></trkpt>
      <trkpt lat="49.187382" lon="20.200270"><ele>1871.2</ele></trkpt>
      <trkpt lat="49.187402" lon="20.200266"><ele>1871.6</ele></trkpt>
      <trkpt lat="49.187405" lon="20.200237"><ele>1872.6</ele></trkpt>
      <trkpt lat="49.187411" lon="20.200206"><ele>1873.4</ele></trkpt>
      <trkpt lat="49.187430" lon="20.200186"><ele>1874.2</ele></trkpt>
      <trkpt lat="49.187459" lon="20.200168"><ele>1875.0</ele></trkpt>
      <trkpt lat="49.187459" lon="20.200136"><ele>1875.8</ele></trkpt>
      <trkpt lat="49.187453" lon="20.200109"><ele>1876.4</ele></trkpt>
      <trkpt lat="49.187453" lon="20.200074"><ele>1877.2</ele></trkpt>
      <trkpt lat="49.187453" lon="20.200042"><ele>1877.8</ele></trkpt>
      <trkpt lat="49.187462" lon="20.200008"><ele>1878.6</ele></trkpt>
      <trkpt lat="49.187491" lon="20.200000"><ele>1879.2</ele></trkpt>
      <trkpt lat="49.187510" lon="20.199998"><ele>1879.4</ele></trkpt>
      <trkpt lat="49.187530" lon="20.199997"><ele>1879.6</ele></trkpt>
      <trkpt lat="49.187552" lon="20.199994"><ele>1879.8</ele></trkpt>
      <trkpt lat="49.187578" lon="20.199960"><ele>1880.2</ele></trkpt>
      <trkpt lat="49.187597" lon="20.199963"><ele>1880.2</ele></trkpt>
      <trkpt lat="49.187619" lon="20.199965"><ele>1880.4</ele></trkpt>
      <trkpt lat="49.187645" lon="20.199958"><ele>1880.8</ele></trkpt>
      <trkpt lat="49.187661" lon="20.199933"><ele>1881.4</ele></trkpt>
      <trkpt lat="49.187661" lon="20.199896"><ele>1882.2</ele></trkpt>
      <trkpt lat="49.187683" lon="20.199888"><ele>1882.8</ele></trkpt>
      <trkpt lat="49.187683" lon="20.199850"><ele>1883.6</ele></trkpt>
      <trkpt lat="49.187699" lon="20.199829"><ele>1884.2</ele></trkpt>
      <trkpt lat="49.187699" lon="20.199790"><ele>1885.0</ele></trkpt>
      <trkpt lat="49.187699" lon="20.199754"><ele>1885.6</ele></trkpt>
      <trkpt lat="49.187718" lon="20.199720"><ele>1886.4</ele></trkpt>
      <trkpt lat="49.187718" lon="20.199686"><ele>1887.0</ele></trkpt>
      <trkpt lat="49.187709" lon="20.199658"><ele>1887.4</ele></trkpt>
      <trkpt lat="49.187725" lon="20.199630"><ele>1888.0</ele></trkpt>
      <trkpt lat="49.187728" lon="20.199590"><ele>1888.6</ele></trkpt>
      <trkpt lat="49.187741" lon="20.199566"><ele>1889.0</ele></trkpt>
      <trkpt lat="49.187744" lon="20.199539"><ele>1889.4</ele></trkpt>
      <trkpt lat="49.187741" lon="20.199512"><ele>1889.6</ele></trkpt>
      <trkpt lat="49.187741" lon="20.199477"><ele>1889.8</ele></trkpt>
      <trkpt lat="49.187757" lon="20.199453"><ele>1890.4</ele></trkpt>
      <trkpt lat="49.187760" lon="20.199418"><ele>1891.0</ele></trkpt>
      <trkpt lat="49.187782" lon="20.199402"><ele>1891.6</ele></trkpt>
      <trkpt lat="49.187786" lon="20.199363"><ele>1892.4</ele></trkpt>
      <trkpt lat="49.187818" lon="20.199350"><ele>1893.0</ele></trkpt>
      <trkpt lat="49.187837" lon="20.199350"><ele>1893.2</ele></trkpt>
      <trkpt lat="49.187846" lon="20.199325"><ele>1894.0</ele></trkpt>
      <trkpt lat="49.187846" lon="20.199280"><ele>1894.6</ele></trkpt>
      <trkpt lat="49.187856" lon="20.199248"><ele>1895.6</ele></trkpt>
      <trkpt lat="49.187859" lon="20.199210"><ele>1896.2</ele></trkpt>
      <trkpt lat="49.187856" lon="20.199179"><ele>1896.6</ele></trkpt>
      <trkpt lat="49.187846" lon="20.199142"><ele>1897.4</ele></trkpt>
      <trkpt lat="49.187837" lon="20.199115"><ele>1897.6</ele></trkpt>
      <trkpt lat="49.187821" lon="20.199062"><ele>1897.8</ele></trkpt>
      <trkpt lat="49.187821" lon="20.199029"><ele>1898.8</ele></trkpt>
      <trkpt lat="49.187808" lon="20.199005"><ele>1899.4</ele></trkpt>
      <trkpt lat="49.187789" lon="20.198963"><ele>1899.8</ele></trkpt>
      <trkpt lat="49.187779" lon="20.198931"><ele>1900.2</ele></trkpt>
      <trkpt lat="49.187779" lon="20.198896"><ele>1901.0</ele></trkpt>
      <trkpt lat="49.187776" lon="20.198866"><ele>1901.4</ele></trkpt>
      <trkpt lat="49.187763" lon="20.198843"><ele>1901.6</ele></trkpt>
      <trkpt lat="49.187750" lon="20.198814"><ele>1902.0</ele></trkpt>
      <trkpt lat="49.187760" lon="20.198778"><ele>1902.4</ele></trkpt>
      <trkpt lat="49.187757" lon="20.198747"><ele>1902.6</ele></trkpt>
      <trkpt lat="49.187763" lon="20.198706"><ele>1903.2</ele></trkpt>
      <trkpt lat="49.187770" lon="20.198672"><ele>1903.6</ele></trkpt>
      <trkpt lat="49.187789" lon="20.198672"><ele>1903.8</ele></trkpt>
      <trkpt lat="49.187805" lon="20.198658"><ele>1904.0</ele></trkpt>
      <trkpt lat="49.187827" lon="20.198650"><ele>1904.0</ele></trkpt>
      <trkpt lat="49.187846" lon="20.198624"><ele>1904.2</ele></trkpt>
      <trkpt lat="49.187869" lon="20.198616"><ele>1904.2</ele></trkpt>
      <trkpt lat="49.187898" lon="20.198603"><ele>1904.4</ele></trkpt>
      <trkpt lat="49.187923" lon="20.198600"><ele>1904.6</ele></trkpt>
      <trkpt lat="49.187958" lon="20.198598"><ele>1904.8</ele></trkpt>
      <trkpt lat="49.187981" lon="20.198589"><ele>1905.0</ele></trkpt>
      <trkpt lat="49.187987" lon="20.198560"><ele>1905.4</ele></trkpt>
      <trkpt lat="49.187987" lon="20.198530"><ele>1905.6</ele></trkpt>
      <trkpt lat="49.188003" lon="20.198509"><ele>1906.0</ele></trkpt>
      <trkpt lat="49.188022" lon="20.198507"><ele>1906.6</ele></trkpt>
      <trkpt lat="49.188035" lon="20.198480"><ele>1907.0</ele></trkpt>
      <trkpt lat="49.188022" lon="20.198458"><ele>1907.4</ele></trkpt>
      <trkpt lat="49.188042" lon="20.198443"><ele>1908.4</ele></trkpt>
      <trkpt lat="49.188074" lon="20.198438"><ele>1908.8</ele></trkpt>
      <trkpt lat="49.188093" lon="20.198424"><ele>1909.4</ele></trkpt>
      <trkpt lat="49.188096" lon="20.198390"><ele>1911.0</ele></trkpt>
      <trkpt lat="49.188115" lon="20.198384"><ele>1911.2</ele></trkpt>
      <trkpt lat="49.188128" lon="20.198355"><ele>1912.2</ele></trkpt>
      <trkpt lat="49.188154" lon="20.198334"><ele>1912.8</ele></trkpt>
      <trkpt lat="49.188179" lon="20.198347"><ele>1913.4</ele></trkpt>
      <trkpt lat="49.188182" lon="20.198320"><ele>1914.2</ele></trkpt>
      <trkpt lat="49.188195" lon="20.198299"><ele>1914.6</ele></trkpt>
      <trkpt lat="49.188221" lon="20.198282"><ele>1915.0</ele></trkpt>
      <trkpt lat="49.188240" lon="20.198272"><ele>1915.2</ele></trkpt>
      <trkpt lat="49.188237" lon="20.198245"><ele>1915.6</ele></trkpt>
      <trkpt lat="49.188237" lon="20.198202"><ele>1916.2</ele></trkpt>
      <trkpt lat="49.188234" lon="20.198166"><ele>1916.4</ele></trkpt>
      <trkpt lat="49.188246" lon="20.198139"><ele>1917.2</ele></trkpt>
      <trkpt lat="49.188275" lon="20.198155"><ele>1917.4</ele></trkpt>
      <trkpt lat="49.188291" lon="20.198171"><ele>1917.6</ele></trkpt>
      <trkpt lat="49.188304" lon="20.198200"><ele>1918.2</ele></trkpt>
      <trkpt lat="49.188339" lon="20.198221"><ele>1918.4</ele></trkpt>
      <trkpt lat="49.188371" lon="20.198240"><ele>1918.4</ele></trkpt>
      <trkpt lat="49.188390" lon="20.198245"><ele>1918.4</ele></trkpt>
      <trkpt lat="49.188374" lon="20.198219"><ele>1918.6</ele></trkpt>
      <trkpt lat="49.188355" lon="20.198197"><ele>1919.2</ele></trkpt>
      <trkpt lat="49.188374" lon="20.198179"><ele>1920.2</ele></trkpt>
      <trkpt lat="49.188406" lon="20.198187"><ele>1921.2</ele></trkpt>
      <trkpt lat="49.188426" lon="20.198170"><ele>1922.4</ele></trkpt>
      <trkpt lat="49.188445" lon="20.198150"><ele>1923.4</ele></trkpt>
      <trkpt lat="49.188464" lon="20.198150"><ele>1924.2</ele></trkpt>
      <trkpt lat="49.188483" lon="20.198149"><ele>1924.8</ele></trkpt>
      <trkpt lat="49.188502" lon="20.198157"><ele>1925.6</ele></trkpt>
      <trkpt lat="49.188515" lon="20.198210"><ele>1925.8</ele></trkpt>
      <trkpt lat="49.188531" lon="20.198261"><ele>1926.8</ele></trkpt>
      <trkpt lat="49.188531" lon="20.198298"><ele>1928.0</ele></trkpt>
      <trkpt lat="49.188544" lon="20.198330"><ele>1928.4</ele></trkpt>
      <trkpt lat="49.188538" lon="20.198365"><ele>1928.6</ele></trkpt>
      <trkpt lat="49.188557" lon="20.198403"><ele>1929.6</ele></trkpt>
      <trkpt lat="49.188579" lon="20.198408"><ele>1930.0</ele></trkpt>
      <trkpt lat="49.188605" lon="20.198406"><ele>1930.6</ele></trkpt>
      <trkpt lat="49.188621" lon="20.198387"><ele>1932.0</ele></trkpt>
      <trkpt lat="49.188656" lon="20.198378"><ele>1932.6</ele></trkpt>
      <trkpt lat="49.188675" lon="20.198358"><ele>1933.0</ele></trkpt>
      <trkpt lat="49.188691" lon="20.198338"><ele>1933.8</ele></trkpt>
      <trkpt lat="49.188714" lon="20.198325"><ele>1934.2</ele></trkpt>
      <trkpt lat="49.188733" lon="20.198326"><ele>1934.6</ele></trkpt>
      <trkpt lat="49.188720" lon="20.198298"><ele>1935.6</ele></trkpt>
      <trkpt lat="49.188717" lon="20.198261"><ele>1936.0</ele></trkpt>
      <trkpt lat="49.188755" lon="20.198282"><ele>1936.2</ele></trkpt>
      <trkpt lat="49.188781" lon="20.198288"><ele>1936.8</ele></trkpt>
      <trkpt lat="49.188803" lon="20.198294"><ele>1937.6</ele></trkpt>
      <trkpt lat="49.188819" lon="20.198309"><ele>1938.4</ele></trkpt>
      <trkpt lat="49.188835" lon="20.198346"><ele>1939.2</ele></trkpt>
      <trkpt lat="49.188848" lon="20.198378"><ele>1939.4</ele></trkpt>
      <trkpt lat="49.188861" lon="20.198414"><ele>1939.8</ele></trkpt>
      <trkpt lat="49.188877" lon="20.198443"><ele>1939.6</ele></trkpt>
      <trkpt lat="49.188893" lon="20.198466"><ele>1940.0</ele></trkpt>
      <trkpt lat="49.188893" lon="20.198501"><ele>1940.6</ele></trkpt>
      <trkpt lat="49.188899" lon="20.198533"><ele>1941.0</ele></trkpt>
      <trkpt lat="49.188902" lon="20.198566"><ele>1941.4</ele></trkpt>
      <trkpt lat="49.188918" lon="20.198586"><ele>1941.6</ele></trkpt>
      <trkpt lat="49.188928" lon="20.198613"><ele>1942.4</ele></trkpt>
      <trkpt lat="49.188938" lon="20.198638"><ele>1942.8</ele></trkpt>
      <trkpt lat="49.188928" lon="20.198669"><ele>1943.4</ele></trkpt>
      <trkpt lat="49.188912" lon="20.198704"><ele>1944.6</ele></trkpt>
      <trkpt lat="49.188899" lon="20.198736"><ele>1945.2</ele></trkpt>
      <trkpt lat="49.188896" lon="20.198774"><ele>1945.8</ele></trkpt>
      <trkpt lat="49.188880" lon="20.198802"><ele>1946.2</ele></trkpt>
      <trkpt lat="49.188874" lon="20.198834"><ele>1946.6</ele></trkpt>
      <trkpt lat="49.188861" lon="20.198864"><ele>1946.8</ele></trkpt>
      <trkpt lat="49.188851" lon="20.198894"><ele>1947.0</ele></trkpt>
      <trkpt lat="49.188851" lon="20.198930"><ele>1947.0</ele></trkpt>
      <trkpt lat="49.188822" lon="20.198931"><ele>1947.2</ele></trkpt>
      <trkpt lat="49.188800" lon="20.198974"><ele>1947.4</ele></trkpt>
      <trkpt lat="49.188778" lon="20.199000"><ele>1947.4</ele></trkpt>
      <trkpt lat="49.188755" lon="20.199024"><ele>1947.6</ele></trkpt>
      <trkpt lat="49.188752" lon="20.199054"><ele>1947.6</ele></trkpt>
      <trkpt lat="49.188742" lon="20.199085"><ele>1947.8</ele></trkpt>
      <trkpt lat="49.188739" lon="20.199114"><ele>1949.0</ele></trkpt>
      <trkpt lat="49.188755" lon="20.199130"><ele>1950.4</ele></trkpt>
      <trkpt lat="49.188774" lon="20.199131"><ele>1952.6</ele></trkpt>
      <trkpt lat="49.188778" lon="20.199170"><ele>1952.6</ele></trkpt>
      <trkpt lat="49.188790" lon="20.199190"><ele>1952.6</ele></trkpt>
      <trkpt lat="49.188813" lon="20.199218"><ele>1953.4</ele></trkpt>
      <trkpt lat="49.188829" lon="20.199240"><ele>1954.8</ele></trkpt>
      <trkpt lat="49.188848" lon="20.199270"><ele>1957.4</ele></trkpt>
      <trkpt lat="49.188861" lon="20.199291"><ele>1958.2</ele></trkpt>
      <trkpt lat="49.188877" lon="20.199322"><ele>1959.0</ele></trkpt>
      <trkpt lat="49.188893" lon="20.199344"><ele>1959.4</ele></trkpt>
      <trkpt lat="49.188912" lon="20.199368"><ele>1959.8</ele></trkpt>
      <trkpt lat="49.188915" lon="20.199333"><ele>1960.4</ele></trkpt>
      <trkpt lat="49.188928" lon="20.199312"><ele>1961.0</ele></trkpt>
      <trkpt lat="49.188966" lon="20.199304"><ele>1961.2</ele></trkpt>
      <trkpt lat="49.188976" lon="20.199278"><ele>1961.8</ele></trkpt>
      <trkpt lat="49.188992" lon="20.199258"><ele>1962.4</ele></trkpt>
      <trkpt lat="49.189002" lon="20.199229"><ele>1963.0</ele></trkpt>
      <trkpt lat="49.189021" lon="20.199214"><ele>1963.2</ele></trkpt>
      <trkpt lat="49.189050" lon="20.199214"><ele>1963.2</ele></trkpt>
      <trkpt lat="49.189056" lon="20.199186"><ele>1963.4</ele></trkpt>
      <trkpt lat="49.189072" lon="20.199158"><ele>1964.2</ele></trkpt>
      <trkpt lat="49.189091" lon="20.199139"><ele>1964.6</ele></trkpt>
      <trkpt lat="49.189107" lon="20.199123"><ele>1964.8</ele></trkpt>
      <trkpt lat="49.189126" lon="20.199115"><ele>1965.0</ele></trkpt>
      <trkpt lat="49.189146" lon="20.199099"><ele>1965.6</ele></trkpt>
      <trkpt lat="49.189146" lon="20.199070"><ele>1966.2</ele></trkpt>
      <trkpt lat="49.189165" lon="20.199083"><ele>1966.6</ele></trkpt>
      <trkpt lat="49.189174" lon="20.199109"><ele>1967.2</ele></trkpt>
      <trkpt lat="49.189178" lon="20.199141"><ele>1967.6</ele></trkpt>
      <trkpt lat="49.189190" lon="20.199170"><ele>1968.2</ele></trkpt>
      <trkpt lat="49.189194" lon="20.199198"><ele>1968.6</ele></trkpt>
      <trkpt lat="49.189197" lon="20.199235"><ele>1969.2</ele></trkpt>
      <trkpt lat="49.189219" lon="20.199261"><ele>1969.6</ele></trkpt>
      <trkpt lat="49.189248" lon="20.199264"><ele>1970.2</ele></trkpt>
      <trkpt lat="49.189245" lon="20.199235"><ele>1970.6</ele></trkpt>
      <trkpt lat="49.189270" lon="20.199222"><ele>1971.4</ele></trkpt>
      <trkpt lat="49.189274" lon="20.199195"><ele>1972.0</ele></trkpt>
      <trkpt lat="49.189280" lon="20.199154"><ele>1972.8</ele></trkpt>
      <trkpt lat="49.189296" lon="20.199133"><ele>1973.2</ele></trkpt>
      <trkpt lat="49.189325" lon="20.199136"><ele>1974.0</ele></trkpt>
      <trkpt lat="49.189344" lon="20.199149"><ele>1974.2</ele></trkpt>
      <trkpt lat="49.189366" lon="20.199171"><ele>1975.2</ele></trkpt>
      <trkpt lat="49.189373" lon="20.199198"><ele>1975.8</ele></trkpt>
      <trkpt lat="49.189373" lon="20.199229"><ele>1976.6</ele></trkpt>
      <trkpt lat="49.189379" lon="20.199264"><ele>1977.4</ele></trkpt>
      <trkpt lat="49.189376" lon="20.199294"><ele>1977.8</ele></trkpt>
      <trkpt lat="49.189389" lon="20.199325"><ele>1978.2</ele></trkpt>
      <trkpt lat="49.189398" lon="20.199358"><ele>1978.8</ele></trkpt>
      <trkpt lat="49.189430" lon="20.199360"><ele>1979.6</ele></trkpt>
      <trkpt lat="49.189446" lon="20.199347"><ele>1980.4</ele></trkpt>
      <trkpt lat="49.189456" lon="20.199371"><ele>1981.8</ele></trkpt>
      <trkpt lat="49.189453" lon="20.199411"><ele>1983.2</ele></trkpt>
      <trkpt lat="49.189456" lon="20.199440"><ele>1984.4</ele></trkpt>
      <trkpt lat="49.189469" lon="20.199464"><ele>1984.6</ele></trkpt>
      <trkpt lat="49.189478" lon="20.199491"><ele>1985.6</ele></trkpt>
      <trkpt lat="49.189507" lon="20.199522"><ele>1987.0</ele></trkpt>
      <trkpt lat="49.189514" lon="20.199552"><ele>1987.2</ele></trkpt>
      <trkpt lat="49.189514" lon="20.199592"><ele>1987.6</ele></trkpt>
      <trkpt lat="49.189526" lon="20.199622"><ele>1987.8</ele></trkpt>
      <trkpt lat="49.189533" lon="20.199658"><ele>1988.2</ele></trkpt>
      <trkpt lat="49.189549" lon="20.199678"><ele>1988.2</ele></trkpt>
      <trkpt lat="49.189568" lon="20.199694"><ele>1988.8</ele></trkpt>
      <trkpt lat="49.189584" lon="20.199718"><ele>1989.4</ele></trkpt>
      <trkpt lat="49.189597" lon="20.199744"><ele>1989.6</ele></trkpt>
      <trkpt lat="49.189610" lon="20.199765"><ele>1990.0</ele></trkpt>
      <trkpt lat="49.189626" lon="20.199778"><ele>1990.0</ele></trkpt>
      <trkpt lat="49.189645" lon="20.199768"><ele>1990.8</ele></trkpt>
      <trkpt lat="49.189664" lon="20.199778"><ele>1991.2</ele></trkpt>
      <trkpt lat="49.189677" lon="20.199802"><ele>1991.6</ele></trkpt>
      <trkpt lat="49.189693" lon="20.199829"><ele>1991.6</ele></trkpt>
      <trkpt lat="49.189706" lon="20.199859"><ele>1992.2</ele></trkpt>
      <trkpt lat="49.189722" lon="20.199875"><ele>1992.4</ele></trkpt>
      <trkpt lat="49.189741" lon="20.199904"><ele>1993.2</ele></trkpt>
      <trkpt lat="49.189763" lon="20.199923"><ele>1994.4</ele></trkpt>
      <trkpt lat="49.189786" lon="20.199934"><ele>1994.8</ele></trkpt>
      <trkpt lat="49.189808" lon="20.199934"><ele>1995.2</ele></trkpt>
      <trkpt lat="49.189824" lon="20.199915"><ele>1996.2</ele></trkpt>
      <trkpt lat="49.189850" lon="20.199936"><ele>1998.6</ele></trkpt>
      <trkpt lat="49.189872" lon="20.199960"><ele>1999.8</ele></trkpt>
      <trkpt lat="49.189882" lon="20.199986"><ele>2000.8</ele></trkpt>
      <trkpt lat="49.189894" lon="20.200008"><ele>2003.2</ele></trkpt>
      <trkpt lat="49.189920" lon="20.200003"><ele>2004.0</ele></trkpt>
      <trkpt lat="49.189936" lon="20.199974"><ele>2004.8</ele></trkpt>
      <trkpt lat="49.189936" lon="20.199942"><ele>2005.2</ele></trkpt>
      <trkpt lat="49.189926" lon="20.199910"><ele>2006.2</ele></trkpt>
      <trkpt lat="49.189926" lon="20.199875"><ele>2006.2</ele></trkpt>
      <trkpt lat="49.189920" lon="20.199845"><ele>2006.6</ele></trkpt>
      <trkpt lat="49.189910" lon="20.199816"><ele>2007.4</ele></trkpt>
      <trkpt lat="49.189907" lon="20.199786"><ele>2007.6</ele></trkpt>
      <trkpt lat="49.189923" lon="20.199762"><ele>2008.2</ele></trkpt>
      <trkpt lat="49.189942" lon="20.199746"><ele>2009.0</ele></trkpt>
      <trkpt lat="49.189955" lon="20.199710"><ele>2009.6</ele></trkpt>
      <trkpt lat="49.189984" lon="20.199715"><ele>2009.6</ele></trkpt>
      <trkpt lat="49.189987" lon="20.199672"><ele>2009.4</ele></trkpt>
      <trkpt lat="49.189994" lon="20.199637"><ele>2009.0</ele></trkpt>
      <trkpt lat="49.190006" lon="20.199605"><ele>2008.8</ele></trkpt>
      <trkpt lat="49.190035" lon="20.199589"><ele>2008.4</ele></trkpt>
      <trkpt lat="49.190051" lon="20.199557"><ele>2008.0</ele></trkpt>
      <trkpt lat="49.190064" lon="20.199523"><ele>2008.2</ele></trkpt>
      <trkpt lat="49.190064" lon="20.199493"><ele>2008.8</ele></trkpt>
      <trkpt lat="49.190067" lon="20.199458"><ele>2009.4</ele></trkpt>
      <trkpt lat="49.190086" lon="20.199416"><ele>2010.0</ele></trkpt>
      <trkpt lat="49.190090" lon="20.199360"><ele>2010.2</ele></trkpt>
      <trkpt lat="49.190090" lon="20.199331"><ele>2010.2</ele></trkpt>
      <trkpt lat="49.190090" lon="20.199298"><ele>2010.2</ele></trkpt>
      <trkpt lat="49.190090" lon="20.199262"><ele>2010.8</ele></trkpt>
      <trkpt lat="49.190086" lon="20.199235"><ele>2011.0</ele></trkpt>
      <trkpt lat="49.190080" lon="20.199200"><ele>2011.8</ele></trkpt>
      <trkpt lat="49.190080" lon="20.199168"><ele>2012.4</ele></trkpt>
      <trkpt lat="49.190102" lon="20.199155"><ele>2013.4</ele></trkpt>
      <trkpt lat="49.190112" lon="20.199131"><ele>2013.8</ele></trkpt>
      <trkpt lat="49.190093" lon="20.199160"><ele>2015.8</ele></trkpt>
      <trkpt lat="49.190134" lon="20.199158"><ele>2015.8</ele></trkpt>
      <trkpt lat="49.190148" lon="20.199157"><ele>2014.2</ele></trkpt>
      <trkpt lat="49.190175" lon="20.199155"><ele>2014.8</ele></trkpt>
      <trkpt lat="49.190189" lon="20.199155"><ele>2015.0</ele></trkpt>
      <trkpt lat="49.190216" lon="20.199153"><ele>2015.6</ele></trkpt>
      <trkpt lat="49.190243" lon="20.199152"><ele>2015.8</ele></trkpt>
      <trkpt lat="49.190271" lon="20.199150"><ele>2016.2</ele></trkpt>
      <trkpt lat="49.190298" lon="20.199149"><ele>2016.6</ele></trkpt>
      <trkpt lat="49.190346" lon="20.199146"><ele>2016.8</ele></trkpt>
      <trkpt lat="49.190340" lon="20.199125"><ele>2016.6</ele></trkpt>
      <trkpt lat="49.190333" lon="20.199104"><ele>2016.4</ele></trkpt>
      <trkpt lat="49.190317" lon="20.199056"><ele>2016.2</ele></trkpt>
      <trkpt lat="49.190333" lon="20.199019"><ele>2015.8</ele></trkpt>
      <trkpt lat="49.190349" lon="20.198984"><ele>2015.8</ele></trkpt>
      <trkpt lat="49.190381" lon="20.198954"><ele>2015.8</ele></trkpt>
      <trkpt lat="49.190400" lon="20.198941"><ele>2016.0</ele></trkpt>
      <trkpt lat="49.190422" lon="20.198907"><ele>2016.4</ele></trkpt>
      <trkpt lat="49.190451" lon="20.198872"><ele>2016.6</ele></trkpt>
      <trkpt lat="49.190467" lon="20.198858"><ele>2016.8</ele></trkpt>
      <trkpt lat="49.190496" lon="20.198837"><ele>2017.2</ele></trkpt>
      <trkpt lat="49.190509" lon="20.198806"><ele>2017.6</ele></trkpt>
      <trkpt lat="49.190522" lon="20.198782"><ele>2017.8</ele></trkpt>
      <trkpt lat="49.190531" lon="20.198758"><ele>2018.0</ele></trkpt>
      <trkpt lat="49.190550" lon="20.198744"><ele>2018.0</ele></trkpt>
      <trkpt lat="49.190563" lon="20.198722"><ele>2018.6</ele></trkpt>
      <trkpt lat="49.190566" lon="20.198682"><ele>2019.0</ele></trkpt>
      <trkpt lat="49.190563" lon="20.198637"><ele>2019.0</ele></trkpt>
      <trkpt lat="49.190560" lon="20.198594"><ele>2018.8</ele></trkpt>
      <trkpt lat="49.190570" lon="20.198566"><ele>2018.8</ele></trkpt>
      <trkpt lat="49.190586" lon="20.198554"><ele>2018.8</ele></trkpt>
      <trkpt lat="49.190605" lon="20.198536"><ele>2018.8</ele></trkpt>
      <trkpt lat="49.190618" lon="20.198504"><ele>2019.0</ele></trkpt>
      <trkpt lat="49.190611" lon="20.198474"><ele>2019.4</ele></trkpt>
      <trkpt lat="49.190624" lon="20.198435"><ele>2020.0</ele></trkpt>
      <trkpt lat="49.190640" lon="20.198411"><ele>2020.2</ele></trkpt>
      <trkpt lat="49.190656" lon="20.198394"><ele>2020.0</ele></trkpt>
      <trkpt lat="49.190682" lon="20.198368"><ele>2019.8</ele></trkpt>
      <trkpt lat="49.190707" lon="20.198346"><ele>2019.4</ele></trkpt>
      <trkpt lat="49.190736" lon="20.198325"><ele>2019.0</ele></trkpt>
      <trkpt lat="49.190755" lon="20.198285"><ele>2018.6</ele></trkpt>
      <trkpt lat="49.190768" lon="20.198259"><ele>2018.2</ele></trkpt>
      <trkpt lat="49.190781" lon="20.198230"><ele>2018.0</ele></trkpt>
      <trkpt lat="49.190784" lon="20.198197"><ele>2017.6</ele></trkpt>
      <trkpt lat="49.190784" lon="20.198166"><ele>2017.4</ele></trkpt>
      <trkpt lat="49.190787" lon="20.198136"><ele>2017.0</ele></trkpt>
      <trkpt lat="49.190800" lon="20.198112"><ele>2016.8</ele></trkpt>
      <trkpt lat="49.190816" lon="20.198061"><ele>2016.8</ele></trkpt>
      <trkpt lat="49.190816" lon="20.198021"><ele>2017.2</ele></trkpt>
      <trkpt lat="49.190826" lon="20.197994"><ele>2017.2</ele></trkpt>
      <trkpt lat="49.190835" lon="20.197962"><ele>2017.0</ele></trkpt>
      <trkpt lat="49.190848" lon="20.197930"><ele>2016.6</ele></trkpt>
      <trkpt lat="49.190858" lon="20.197899"><ele>2016.0</ele></trkpt>
      <trkpt lat="49.190877" lon="20.197874"><ele>2015.2</ele></trkpt>
      <trkpt lat="49.190893" lon="20.197851"><ele>2014.6</ele></trkpt>
      <trkpt lat="49.190902" lon="20.197810"><ele>2014.0</ele></trkpt>
      <trkpt lat="49.190915" lon="20.197776"><ele>2013.6</ele></trkpt>
      <trkpt lat="49.190928" lon="20.197754"><ele>2013.2</ele></trkpt>
      <trkpt lat="49.190928" lon="20.197720"><ele>2013.0</ele></trkpt>
      <trkpt lat="49.190934" lon="20.197674"><ele>2012.6</ele></trkpt>
      <trkpt lat="49.190941" lon="20.197626"><ele>2012.6</ele></trkpt>
      <trkpt lat="49.190954" lon="20.197571"><ele>2012.8</ele></trkpt>
      <trkpt lat="49.190960" lon="20.197530"><ele>2013.0</ele></trkpt>
      <trkpt lat="49.190960" lon="20.197488"><ele>2013.6</ele></trkpt>
      <trkpt lat="49.190957" lon="20.197445"><ele>2013.8</ele></trkpt>
      <trkpt lat="49.190963" lon="20.197403"><ele>2013.4</ele></trkpt>
      <trkpt lat="49.190957" lon="20.197371"><ele>2013.6</ele></trkpt>
      <trkpt lat="49.190954" lon="20.197328"><ele>2013.6</ele></trkpt>
      <trkpt lat="49.190973" lon="20.197294"><ele>2012.6</ele></trkpt>
      <trkpt lat="49.190992" lon="20.197272"><ele>2012.2</ele></trkpt>
      <trkpt lat="49.191014" lon="20.197250"><ele>2011.8</ele></trkpt>
      <trkpt lat="49.191037" lon="20.197248"><ele>2011.4</ele></trkpt>
      <trkpt lat="49.191062" lon="20.197243"><ele>2010.8</ele></trkpt>
      <trkpt lat="49.191094" lon="20.197227"><ele>2010.4</ele></trkpt>
      <trkpt lat="49.191120" lon="20.197206"><ele>2010.2</ele></trkpt>
      <trkpt lat="49.191133" lon="20.197182"><ele>2009.6</ele></trkpt>
      <trkpt lat="49.191146" lon="20.197155"><ele>2009.6</ele></trkpt>
      <trkpt lat="49.191152" lon="20.197120"><ele>2010.2</ele></trkpt>
      <trkpt lat="49.191162" lon="20.197077"><ele>2010.8</ele></trkpt>
      <trkpt lat="49.191174" lon="20.197038"><ele>2011.2</ele></trkpt>
      <trkpt lat="49.191200" lon="20.197021"><ele>2011.6</ele></trkpt>
      <trkpt lat="49.191222" lon="20.197008"><ele>2012.0</ele></trkpt>
      <trkpt lat="49.191238" lon="20.196994"><ele>2012.0</ele></trkpt>
      <trkpt lat="49.191245" lon="20.196950"><ele>2011.8</ele></trkpt>
      <trkpt lat="49.191251" lon="20.196899"><ele>2011.8</ele></trkpt>
      <trkpt lat="49.191251" lon="20.196866"><ele>2011.8</ele></trkpt>
      <trkpt lat="49.191245" lon="20.196821"><ele>2012.0</ele></trkpt>
      <trkpt lat="49.191242" lon="20.196786"><ele>2012.6</ele></trkpt>
      <trkpt lat="49.191238" lon="20.196750"><ele>2012.8</ele></trkpt>
      <trkpt lat="49.191222" lon="20.196717"><ele>2013.2</ele></trkpt>
      <trkpt lat="49.191206" lon="20.196670"><ele>2014.0</ele></trkpt>
      <trkpt lat="49.191203" lon="20.196616"><ele>2014.0</ele></trkpt>
      <trkpt lat="49.191200" lon="20.196562"><ele>2013.2</ele></trkpt>
      <trkpt lat="49.191190" lon="20.196525"><ele>2012.8</ele></trkpt>
      <trkpt lat="49.191181" lon="20.196488"><ele>2012.6</ele></trkpt>
      <trkpt lat="49.191181" lon="20.196451"><ele>2012.6</ele></trkpt>
      <trkpt lat="49.191178" lon="20.196418"><ele>2012.4</ele></trkpt>
      <trkpt lat="49.191174" lon="20.196374"><ele>2012.4</ele></trkpt>
      <trkpt lat="49.191174" lon="20.196330"><ele>2012.6</ele></trkpt>
      <trkpt lat="49.191181" lon="20.196283"><ele>2012.8</ele></trkpt>
      <trkpt lat="49.191190" lon="20.196234"><ele>2013.0</ele></trkpt>
      <trkpt lat="49.191200" lon="20.196190"><ele>2013.2</ele></trkpt>
      <trkpt lat="49.191203" lon="20.196150"><ele>2013.6</ele></trkpt>
      <trkpt lat="49.191213" lon="20.196120"><ele>2013.8</ele></trkpt>
      <trkpt lat="49.191213" lon="20.196083"><ele>2014.2</ele></trkpt>
      <trkpt lat="49.191203" lon="20.196043"><ele>2014.6</ele></trkpt>
      <trkpt lat="49.191197" lon="20.196003"><ele>2015.0</ele></trkpt>
      <trkpt lat="49.191190" lon="20.195971"><ele>2015.0</ele></trkpt>
      <trkpt lat="49.191184" lon="20.195933"><ele>2015.4</ele></trkpt>
      <trkpt lat="49.191181" lon="20.195886"><ele>2016.4</ele></trkpt>
      <trkpt lat="49.191174" lon="20.195853"><ele>2017.2</ele></trkpt>
      <trkpt lat="49.191174" lon="20.195818"><ele>2017.6</ele></trkpt>
      <trkpt lat="49.191181" lon="20.195784"><ele>2018.2</ele></trkpt>
      <trkpt lat="49.191190" lon="20.195747"><ele>2019.2</ele></trkpt>
      <trkpt lat="49.191197" lon="20.195707"><ele>2019.2</ele></trkpt>
      <trkpt lat="49.191194" lon="20.195669"><ele>2020.0</ele></trkpt>
      <trkpt lat="49.191190" lon="20.195637"><ele>2021.2</ele></trkpt>
      <trkpt lat="49.191184" lon="20.195605"><ele>2022.8</ele></trkpt>
      <trkpt lat="49.191184" lon="20.195576"><ele>2023.8</ele></trkpt>
      <trkpt lat="49.191181" lon="20.195547"><ele>2024.2</ele></trkpt>
      <trkpt lat="49.191178" lon="20.195517"><ele>2024.8</ele></trkpt>
      <trkpt lat="49.191181" lon="20.195485"><ele>2025.2</ele></trkpt>
      <trkpt lat="49.191184" lon="20.195454"><ele>2025.6</ele></trkpt>
      <trkpt lat="49.191197" lon="20.195430"><ele>2025.8</ele></trkpt>
      <trkpt lat="49.191197" lon="20.195397"><ele>2026.0</ele></trkpt>
      <trkpt lat="49.191190" lon="20.195368"><ele>2026.2</ele></trkpt>
      <trkpt lat="49.191178" lon="20.195347"><ele>2026.4</ele></trkpt>
      <trkpt lat="49.191178" lon="20.195318"><ele>2027.2</ele></trkpt>
      <trkpt lat="49.191184" lon="20.195288"><ele>2028.4</ele></trkpt>
      <trkpt lat="49.191181" lon="20.195258"><ele>2029.6</ele></trkpt>
      <trkpt lat="49.191190" lon="20.195229"><ele>2031.0</ele></trkpt>
      <trkpt lat="49.191190" lon="20.195200"><ele>2031.6</ele></trkpt>
      <trkpt lat="49.191197" lon="20.195173"><ele>2031.2</ele></trkpt>
      <trkpt lat="49.191203" lon="20.195141"><ele>2031.6</ele></trkpt>
      <trkpt lat="49.191206" lon="20.195114"><ele>2032.0</ele></trkpt>
      <trkpt lat="49.191213" lon="20.195074"><ele>2033.0</ele></trkpt>
      <trkpt lat="49.191203" lon="20.195034"><ele>2034.4</ele></trkpt>
      <trkpt lat="49.191213" lon="20.194995"><ele>2035.8</ele></trkpt>
      <trkpt lat="49.191216" lon="20.194963"><ele>2036.6</ele></trkpt>
      <trkpt lat="49.191226" lon="20.194939"><ele>2037.2</ele></trkpt>
      <trkpt lat="49.191232" lon="20.194912"><ele>2037.8</ele></trkpt>
      <trkpt lat="49.191226" lon="20.194878"><ele>2038.0</ele></trkpt>
      <trkpt lat="49.191232" lon="20.194851"><ele>2038.6</ele></trkpt>
      <trkpt lat="49.191245" lon="20.194830"><ele>2039.4</ele></trkpt>
      <trkpt lat="49.191251" lon="20.194803"><ele>2040.0</ele></trkpt>
      <trkpt lat="49.191251" lon="20.194770"><ele>2039.8</ele></trkpt>
      <trkpt lat="49.191235" lon="20.194755"><ele>2039.8</ele></trkpt>
      <trkpt lat="49.191216" lon="20.194757"><ele>2040.6</ele></trkpt>
      <trkpt lat="49.191194" lon="20.194762"><ele>2041.2</ele></trkpt>
      <trkpt lat="49.191174" lon="20.194766"><ele>2041.2</ele></trkpt>
      <trkpt lat="49.191155" lon="20.194765"><ele>2042.0</ele></trkpt>
      <trkpt lat="49.191136" lon="20.194765"><ele>2042.6</ele></trkpt>
      <trkpt lat="49.191117" lon="20.194766"><ele>2043.4</ele></trkpt>
      <trkpt lat="49.191098" lon="20.194779"><ele>2044.0</ele></trkpt>
      <trkpt lat="49.191078" lon="20.194779"><ele>2045.0</ele></trkpt>
      <trkpt lat="49.191059" lon="20.194773"><ele>2046.0</ele></trkpt>
      <trkpt lat="49.191037" lon="20.194762"><ele>2047.0</ele></trkpt>
      <trkpt lat="49.191014" lon="20.194750"><ele>2047.6</ele></trkpt>
      <trkpt lat="49.190995" lon="20.194734"><ele>2048.2</ele></trkpt>
      <trkpt lat="49.190976" lon="20.194722"><ele>2048.6</ele></trkpt>
      <trkpt lat="49.190947" lon="20.194714"><ele>2048.8</ele></trkpt>
      <trkpt lat="49.190928" lon="20.194707"><ele>2049.0</ele></trkpt>
      <trkpt lat="49.190906" lon="20.194710"><ele>2049.6</ele></trkpt>
      <trkpt lat="49.190883" lon="20.194701"><ele>2050.4</ele></trkpt>
      <trkpt lat="49.190867" lon="20.194680"><ele>2050.8</ele></trkpt>
      <trkpt lat="49.190842" lon="20.194667"><ele>2051.0</ele></trkpt>
      <trkpt lat="49.190810" lon="20.194656"><ele>2051.4</ele></trkpt>
      <trkpt lat="49.190800" lon="20.194618"><ele>2051.4</ele></trkpt>
      <trkpt lat="49.190787" lon="20.194574"><ele>2051.0</ele></trkpt>
      <trkpt lat="49.190774" lon="20.194541"><ele>2050.8</ele></trkpt>
      <trkpt lat="49.190758" lon="20.194507"><ele>2050.8</ele></trkpt>
      <trkpt lat="49.190749" lon="20.194464"><ele>2050.6</ele></trkpt>
      <trkpt lat="49.190736" lon="20.194427"><ele>2050.4</ele></trkpt>
      <trkpt lat="49.190726" lon="20.194387"><ele>2050.2</ele></trkpt>
      <trkpt lat="49.190726" lon="20.194338"><ele>2050.4</ele></trkpt>
      <trkpt lat="49.190730" lon="20.194293"><ele>2051.0</ele></trkpt>
      <trkpt lat="49.190742" lon="20.194250"><ele>2051.2</ele></trkpt>
      <trkpt lat="49.190762" lon="20.194214"><ele>2050.8</ele></trkpt>
      <trkpt lat="49.190762" lon="20.194171"><ele>2050.0</ele></trkpt>
      <trkpt lat="49.190755" lon="20.194125"><ele>2049.2</ele></trkpt>
      <trkpt lat="49.190749" lon="20.194098"><ele>2049.0</ele></trkpt>
      <trkpt lat="49.190746" lon="20.194070"><ele>2048.6</ele></trkpt>
      <trkpt lat="49.190746" lon="20.194038"><ele>2048.0</ele></trkpt>
      <trkpt lat="49.190755" lon="20.194008"><ele>2047.8</ele></trkpt>
      <trkpt lat="49.190778" lon="20.193976"><ele>2048.0</ele></trkpt>
      <trkpt lat="49.190800" lon="20.193949"><ele>2048.4</ele></trkpt>
      <trkpt lat="49.190819" lon="20.193922"><ele>2048.8</ele></trkpt>
      <trkpt lat="49.190829" lon="20.193883"><ele>2049.2</ele></trkpt>
      <trkpt lat="49.190829" lon="20.193843"><ele>2048.8</ele></trkpt>
      <trkpt lat="49.190826" lon="20.193808"><ele>2048.4</ele></trkpt>
      <trkpt lat="49.190819" lon="20.193770"><ele>2047.4</ele></trkpt>
      <trkpt lat="49.190797" lon="20.193758"><ele>2046.2</ele></trkpt>
      <trkpt lat="49.190778" lon="20.193750"><ele>2045.8</ele></trkpt>
      <trkpt lat="49.190758" lon="20.193742"><ele>2045.6</ele></trkpt>
      <trkpt lat="49.190730" lon="20.193752"><ele>2045.4</ele></trkpt>
      <trkpt lat="49.190717" lon="20.193723"><ele>2044.6</ele></trkpt>
      <trkpt lat="49.190707" lon="20.193691"><ele>2044.6</ele></trkpt>
      <trkpt lat="49.190707" lon="20.193661"><ele>2046.2</ele></trkpt>
      <trkpt lat="49.190717" lon="20.193630"><ele>2048.4</ele></trkpt>
      <trkpt lat="49.190730" lon="20.193600"><ele>2051.6</ele></trkpt>
      <trkpt lat="49.190710" lon="20.193581"><ele>2052.4</ele></trkpt>
      <trkpt lat="49.190723" lon="20.193554"><ele>2054.4</ele></trkpt>
      <trkpt lat="49.190720" lon="20.193522"><ele>2056.2</ele></trkpt>
      <trkpt lat="49.190717" lon="20.193490"><ele>2058.0</ele></trkpt>
      <trkpt lat="49.190704" lon="20.193466"><ele>2060.6</ele></trkpt>
      <trkpt lat="49.190682" lon="20.193480"><ele>2061.6</ele></trkpt>
      <trkpt lat="49.190666" lon="20.193514"><ele>2062.8</ele></trkpt>
      <trkpt lat="49.190646" lon="20.193528"><ele>2064.2</ele></trkpt>
      <trkpt lat="49.190627" lon="20.193541"><ele>2065.2</ele></trkpt>
      <trkpt lat="49.190608" lon="20.193536"><ele>2065.8</ele></trkpt>
      <trkpt lat="49.190595" lon="20.193514"><ele>2066.6</ele></trkpt>
      <trkpt lat="49.190595" lon="20.193483"><ele>2068.0</ele></trkpt>
      <trkpt lat="49.190598" lon="20.193445"><ele>2068.0</ele></trkpt>
      <trkpt lat="49.190605" lon="20.193414"><ele>2068.4</ele></trkpt>
      <trkpt lat="49.190611" lon="20.193384"><ele>2068.8</ele></trkpt>
      <trkpt lat="49.190627" lon="20.193352"><ele>2069.6</ele></trkpt>
      <trkpt lat="49.190630" lon="20.193325"><ele>2070.2</ele></trkpt>
      <trkpt lat="49.190637" lon="20.193285"><ele>2070.8</ele></trkpt>
      <trkpt lat="49.190656" lon="20.193258"><ele>2071.8</ele></trkpt>
      <trkpt lat="49.190643" lon="20.193234"><ele>2072.8</ele></trkpt>
      <trkpt lat="49.190637" lon="20.193205"><ele>2073.6</ele></trkpt>
      <trkpt lat="49.190630" lon="20.193173"><ele>2074.6</ele></trkpt>
      <trkpt lat="49.190643" lon="20.193138"><ele>2075.4</ele></trkpt>
      <trkpt lat="49.190640" lon="20.193107"><ele>2076.6</ele></trkpt>
      <trkpt lat="49.190618" lon="20.193122"><ele>2078.8</ele></trkpt>
      <trkpt lat="49.190605" lon="20.193149"><ele>2079.4</ele></trkpt>
      <trkpt lat="49.190589" lon="20.193173"><ele>2080.0</ele></trkpt>
      <trkpt lat="49.190582" lon="20.193205"><ele>2081.8</ele></trkpt>
      <trkpt lat="49.190570" lon="20.193226"><ele>2084.6</ele></trkpt>
      <trkpt lat="49.190550" lon="20.193240"><ele>2087.0</ele></trkpt>
      <trkpt lat="49.190538" lon="20.193264"><ele>2089.0</ele></trkpt>
      <trkpt lat="49.190515" lon="20.193282"><ele>2090.0</ele></trkpt>
      <trkpt lat="49.190499" lon="20.193296"><ele>2091.0</ele></trkpt>
      <trkpt lat="49.190477" lon="20.193312"><ele>2091.8</ele></trkpt>
      <trkpt lat="49.190451" lon="20.193323"><ele>2092.8</ele></trkpt>
      <trkpt lat="49.190432" lon="20.193304"><ele>2093.2</ele></trkpt>
      <trkpt lat="49.190410" lon="20.193302"><ele>2093.8</ele></trkpt>
      <trkpt lat="49.190400" lon="20.193275"><ele>2094.6</ele></trkpt>
      <trkpt lat="49.190378" lon="20.193275"><ele>2095.4</ele></trkpt>
      <trkpt lat="49.190352" lon="20.193285"><ele>2096.0</ele></trkpt>
      <trkpt lat="49.190330" lon="20.193291"><ele>2096.4</ele></trkpt>
      <trkpt lat="49.190310" lon="20.193294"><ele>2096.8</ele></trkpt>
      <trkpt lat="49.190288" lon="20.193286"><ele>2097.4</ele></trkpt>
      <trkpt lat="49.190262" lon="20.193280"><ele>2097.6</ele></trkpt>
      <trkpt lat="49.190240" lon="20.193264"><ele>2098.2</ele></trkpt>
      <trkpt lat="49.190221" lon="20.193254"><ele>2098.6</ele></trkpt>
      <trkpt lat="49.190192" lon="20.193243"><ele>2099.0</ele></trkpt>
      <trkpt lat="49.190173" lon="20.193235"><ele>2099.8</ele></trkpt>
      <trkpt lat="49.190154" lon="20.193226"><ele>2100.2</ele></trkpt>
      <trkpt lat="49.190131" lon="20.193213"><ele>2100.4</ele></trkpt>
      <trkpt lat="49.190112" lon="20.193198"><ele>2101.2</ele></trkpt>
      <trkpt lat="49.190099" lon="20.193174"><ele>2101.6</ele></trkpt>
      <trkpt lat="49.190086" lon="20.193144"><ele>2103.4</ele></trkpt>
      <trkpt lat="49.190083" lon="20.193117"><ele>2104.2</ele></trkpt>
      <trkpt lat="49.190064" lon="20.193104"><ele>2106.4</ele></trkpt>
      <trkpt lat="49.190080" lon="20.193082"><ele>2108.4</ele></trkpt>
      <trkpt lat="49.190086" lon="20.193054"><ele>2109.8</ele></trkpt>
      <trkpt lat="49.190102" lon="20.193032"><ele>2113.2</ele></trkpt>
      <trkpt lat="49.190118" lon="20.193016"><ele>2115.4</ele></trkpt>
      <trkpt lat="49.190122" lon="20.192979"><ele>2117.4</ele></trkpt>
      <trkpt lat="49.190141" lon="20.192966"><ele>2118.4</ele></trkpt>
      <trkpt lat="49.190163" lon="20.192955"><ele>2119.2</ele></trkpt>
      <trkpt lat="49.190186" lon="20.192939"><ele>2119.4</ele></trkpt>
      <trkpt lat="49.190208" lon="20.192923"><ele>2120.2</ele></trkpt>
      <trkpt lat="49.190224" lon="20.192909"><ele>2121.0</ele></trkpt>
      <trkpt lat="49.190240" lon="20.192874"><ele>2121.8</ele></trkpt>
      <trkpt lat="49.190253" lon="20.192853"><ele>2123.4</ele></trkpt>
      <trkpt lat="49.190240" lon="20.192827"><ele>2124.4</ele></trkpt>
      <trkpt lat="49.190211" lon="20.192834"><ele>2125.0</ele></trkpt>
      <trkpt lat="49.190192" lon="20.192834"><ele>2125.0</ele></trkpt>
      <trkpt lat="49.190170" lon="20.192816"><ele>2125.2</ele></trkpt>
      <trkpt lat="49.190150" lon="20.192798"><ele>2125.6</ele></trkpt>
      <trkpt lat="49.190131" lon="20.192784"><ele>2126.0</ele></trkpt>
      <trkpt lat="49.190112" lon="20.192776"><ele>2126.0</ele></trkpt>
      <trkpt lat="49.190093" lon="20.192766"><ele>2125.4</ele></trkpt>
      <trkpt lat="49.190070" lon="20.192765"><ele>2125.6</ele></trkpt>
      <trkpt lat="49.190048" lon="20.192760"><ele>2126.0</ele></trkpt>
      <trkpt lat="49.190022" lon="20.192738"><ele>2126.4</ele></trkpt>
      <trkpt lat="49.190003" lon="20.192717"><ele>2127.0</ele></trkpt>
      <trkpt lat="49.189987" lon="20.192694"><ele>2127.6</ele></trkpt>
      <trkpt lat="49.189971" lon="20.192662"><ele>2128.8</ele></trkpt>
      <trkpt lat="49.189955" lon="20.192629"><ele>2129.8</ele></trkpt>
      <trkpt lat="49.189952" lon="20.192602"><ele>2130.4</ele></trkpt>
      <trkpt lat="49.189955" lon="20.192566"><ele>2131.4</ele></trkpt>
      <trkpt lat="49.189949" lon="20.192531"><ele>2132.2</ele></trkpt>
      <trkpt lat="49.189946" lon="20.192499"><ele>2133.0</ele></trkpt>
      <trkpt lat="49.189933" lon="20.192467"><ele>2134.0</ele></trkpt>
      <trkpt lat="49.189923" lon="20.192432"><ele>2135.4</ele></trkpt>
      <trkpt lat="49.189914" lon="20.192398"><ele>2136.8</ele></trkpt>
      <trkpt lat="49.189920" lon="20.192366"><ele>2137.4</ele></trkpt>
      <trkpt lat="49.189910" lon="20.192328"><ele>2137.8</ele></trkpt>
      <trkpt lat="49.189894" lon="20.192304"><ele>2138.0</ele></trkpt>
      <trkpt lat="49.189882" lon="20.192264"><ele>2137.6</ele></trkpt>
      <trkpt lat="49.189875" lon="20.192234"><ele>2137.6</ele></trkpt>
      <trkpt lat="49.189875" lon="20.192195"><ele>2138.0</ele></trkpt>
      <trkpt lat="49.189888" lon="20.192162"><ele>2139.0</ele></trkpt>
      <trkpt lat="49.189907" lon="20.192160"><ele>2139.8</ele></trkpt>
      <trkpt lat="49.189926" lon="20.192170"><ele>2140.0</ele></trkpt>
      <trkpt lat="49.189949" lon="20.192178"><ele>2141.4</ele></trkpt>
      <trkpt lat="49.189968" lon="20.192181"><ele>2142.4</ele></trkpt>
      <trkpt lat="49.189987" lon="20.192163"><ele>2142.8</ele></trkpt>
      <trkpt lat="49.190006" lon="20.192146"><ele>2144.4</ele></trkpt>
      <trkpt lat="49.190029" lon="20.192158"><ele>2145.6</ele></trkpt>
      <trkpt lat="49.190048" lon="20.192162"><ele>2146.0</ele></trkpt>
      <trkpt lat="49.190070" lon="20.192160"><ele>2146.8</ele></trkpt>
      <trkpt lat="49.190083" lon="20.192134"><ele>2148.0</ele></trkpt>
      <trkpt lat="49.190099" lon="20.192122"><ele>2148.2</ele></trkpt>
      <trkpt lat="49.190102" lon="20.192091"><ele>2148.8</ele></trkpt>
      <trkpt lat="49.190106" lon="20.192062"><ele>2149.6</ele></trkpt>
      <trkpt lat="49.190109" lon="20.192032"><ele>2150.8</ele></trkpt>
      <trkpt lat="49.190128" lon="20.192011"><ele>2151.4</ele></trkpt>
      <trkpt lat="49.190141" lon="20.191986"><ele>2152.8</ele></trkpt>
      <trkpt lat="49.190150" lon="20.191955"><ele>2153.6</ele></trkpt>
      <trkpt lat="49.190160" lon="20.191925"><ele>2154.4</ele></trkpt>
      <trkpt lat="49.190160" lon="20.191896"><ele>2155.0</ele></trkpt>
      <trkpt lat="49.190160" lon="20.191864"><ele>2156.0</ele></trkpt>
      <trkpt lat="49.190163" lon="20.191837"><ele>2156.8</ele></trkpt>
      <trkpt lat="49.190160" lon="20.191805"><ele>2157.6</ele></trkpt>
      <trkpt lat="49.190147" lon="20.191773"><ele>2158.4</ele></trkpt>
      <trkpt lat="49.190134" lon="20.191741"><ele>2159.0</ele></trkpt>
      <trkpt lat="49.190141" lon="20.191704"><ele>2159.4</ele></trkpt>
      <trkpt lat="49.190144" lon="20.191667"><ele>2159.8</ele></trkpt>
      <trkpt lat="49.190147" lon="20.191632"><ele>2160.8</ele></trkpt>
      <trkpt lat="49.190144" lon="20.191600"><ele>2161.6</ele></trkpt>
      <trkpt lat="49.190150" lon="20.191565"><ele>2162.6</ele></trkpt>
      <trkpt lat="49.190166" lon="20.191542"><ele>2163.2</ele></trkpt>
      <trkpt lat="49.190179" lon="20.191510"><ele>2163.8</ele></trkpt>
      <trkpt lat="49.190186" lon="20.191477"><ele>2164.2</ele></trkpt>
      <trkpt lat="49.190205" lon="20.191453"><ele>2164.4</ele></trkpt>
      <trkpt lat="49.190208" lon="20.191426"><ele>2164.4</ele></trkpt>
      <trkpt lat="49.190224" lon="20.191394"><ele>2164.6</ele></trkpt>
      <trkpt lat="49.190246" lon="20.191376"><ele>2164.6</ele></trkpt>
      <trkpt lat="49.190259" lon="20.191354"><ele>2164.6</ele></trkpt>
      <trkpt lat="49.190285" lon="20.191318"><ele>2164.4</ele></trkpt>
      <trkpt lat="49.190301" lon="20.191298"><ele>2164.2</ele></trkpt>
      <trkpt lat="49.190304" lon="20.191259"><ele>2163.8</ele></trkpt>
      <trkpt lat="49.190317" lon="20.191226"><ele>2163.4</ele></trkpt>
      <trkpt lat="49.190346" lon="20.191208"><ele>2163.2</ele></trkpt>
      <trkpt lat="49.190368" lon="20.191192"><ele>2163.0</ele></trkpt>
      <trkpt lat="49.190390" lon="20.191173"><ele>2162.6</ele></trkpt>
      <trkpt lat="49.190406" lon="20.191150"><ele>2162.6</ele></trkpt>
      <trkpt lat="49.190432" lon="20.191141"><ele>2162.4</ele></trkpt>
      <trkpt lat="49.190458" lon="20.191126"><ele>2162.6</ele></trkpt>
      <trkpt lat="49.190461" lon="20.191096"><ele>2162.4</ele></trkpt>
      <trkpt lat="49.190477" lon="20.191078"><ele>2162.2</ele></trkpt>
      <trkpt lat="49.190502" lon="20.191067"><ele>2161.8</ele></trkpt>
      <trkpt lat="49.190528" lon="20.191040"><ele>2160.8</ele></trkpt>
      <trkpt lat="49.190550" lon="20.191006"><ele>2159.8</ele></trkpt>
      <trkpt lat="49.190566" lon="20.190992"><ele>2159.4</ele></trkpt>
      <trkpt lat="49.190582" lon="20.190968"><ele>2159.2</ele></trkpt>
      <trkpt lat="49.190605" lon="20.190928"><ele>2159.0</ele></trkpt>
      <trkpt lat="49.190630" lon="20.190891"><ele>2158.4</ele></trkpt>
      <trkpt lat="49.190646" lon="20.190872"><ele>2158.0</ele></trkpt>
      <trkpt lat="49.190662" lon="20.190842"><ele>2157.8</ele></trkpt>
      <trkpt lat="49.190678" lon="20.190810"><ele>2157.6</ele></trkpt>
      <trkpt lat="49.190688" lon="20.190773"><ele>2157.2</ele></trkpt>
      <trkpt lat="49.190701" lon="20.190739"><ele>2156.8</ele></trkpt>
      <trkpt lat="49.190717" lon="20.190704"><ele>2156.6</ele></trkpt>
      <trkpt lat="49.190730" lon="20.190674"><ele>2156.0</ele></trkpt>
      <trkpt lat="49.190742" lon="20.190640"><ele>2155.6</ele></trkpt>
      <trkpt lat="49.190749" lon="20.190600"><ele>2155.2</ele></trkpt>
      <trkpt lat="49.190762" lon="20.190566"><ele>2154.8</ele></trkpt>
      <trkpt lat="49.190768" lon="20.190530"><ele>2154.4</ele></trkpt>
      <trkpt lat="49.190768" lon="20.190490"><ele>2154.0</ele></trkpt>
      <trkpt lat="49.190778" lon="20.190448"><ele>2153.6</ele></trkpt>
      <trkpt lat="49.190784" lon="20.190408"><ele>2153.2</ele></trkpt>
      <trkpt lat="49.190797" lon="20.190371"><ele>2153.0</ele></trkpt>
      <trkpt lat="49.190806" lon="20.190333"><ele>2152.6</ele></trkpt>
      <trkpt lat="49.190810" lon="20.190296"><ele>2152.4</ele></trkpt>
      <trkpt lat="49.190806" lon="20.190259"><ele>2152.4</ele></trkpt>
      <trkpt lat="49.190803" lon="20.190226"><ele>2152.4</ele></trkpt>
      <trkpt lat="49.190797" lon="20.190192"><ele>2152.4</ele></trkpt>
      <trkpt lat="49.190800" lon="20.190163"><ele>2152.6</ele></trkpt>
      <trkpt lat="49.190797" lon="20.190114"><ele>2153.0</ele></trkpt>
      <trkpt lat="49.190797" lon="20.190069"><ele>2153.6</ele></trkpt>
      <trkpt lat="49.190797" lon="20.190029"><ele>2154.2</ele></trkpt>
      <trkpt lat="49.190800" lon="20.189998"><ele>2154.4</ele></trkpt>
      <trkpt lat="49.190806" lon="20.189947"><ele>2154.8</ele></trkpt>
      <trkpt lat="49.190816" lon="20.189918"><ele>2155.0</ele></trkpt>
      <trkpt lat="49.190816" lon="20.189869"><ele>2155.4</ele></trkpt>
      <trkpt lat="49.190816" lon="20.189822"><ele>2155.8</ele></trkpt>
      <trkpt lat="49.190810" lon="20.189778"><ele>2156.0</ele></trkpt>
      <trkpt lat="49.190816" lon="20.189739"><ele>2156.2</ele></trkpt>
      <trkpt lat="49.190806" lon="20.189706"><ele>2156.0</ele></trkpt>
      <trkpt lat="49.190797" lon="20.189662"><ele>2155.6</ele></trkpt>
      <trkpt lat="49.190778" lon="20.189622"><ele>2155.2</ele></trkpt>
      <trkpt lat="49.190765" lon="20.189594"><ele>2155.0</ele></trkpt>
      <trkpt lat="49.190755" lon="20.189563"><ele>2154.2</ele></trkpt>
      <trkpt lat="49.190746" lon="20.189530"><ele>2153.6</ele></trkpt>
      <trkpt lat="49.190726" lon="20.189488"><ele>2153.4</ele></trkpt>
      <trkpt lat="49.190723" lon="20.189461"><ele>2153.0</ele></trkpt>
      <trkpt lat="49.190717" lon="20.189418"><ele>2152.2</ele></trkpt>
      <trkpt lat="49.190710" lon="20.189390"><ele>2152.0</ele></trkpt>
      <trkpt lat="49.190701" lon="20.189341"><ele>2151.0</ele></trkpt>
      <trkpt lat="49.190694" lon="20.189304"><ele>2150.4</ele></trkpt>
      <trkpt lat="49.190675" lon="20.189275"><ele>2149.2</ele></trkpt>
      <trkpt lat="49.190656" lon="20.189242"><ele>2148.2</ele></trkpt>
      <trkpt lat="49.190640" lon="20.189211"><ele>2147.2</ele></trkpt>
      <trkpt lat="49.190618" lon="20.189189"><ele>2146.4</ele></trkpt>
      <trkpt lat="49.190605" lon="20.189144"><ele>2145.6</ele></trkpt>
      <trkpt lat="49.190602" lon="20.189117"><ele>2145.2</ele></trkpt>
      <trkpt lat="49.190595" lon="20.189072"><ele>2144.2</ele></trkpt>
      <trkpt lat="49.190598" lon="20.189030"><ele>2143.4</ele></trkpt>
      <trkpt lat="49.190605" lon="20.188982"><ele>2142.2</ele></trkpt>
      <trkpt lat="49.190608" lon="20.188954"><ele>2141.8</ele></trkpt>
      <trkpt lat="49.190605" lon="20.188912"><ele>2141.2</ele></trkpt>
      <trkpt lat="49.190598" lon="20.188866"><ele>2140.8</ele></trkpt>
      <trkpt lat="49.190605" lon="20.188835"><ele>2140.6</ele></trkpt>
      <trkpt lat="49.190605" lon="20.188802"><ele>2140.4</ele></trkpt>
      <trkpt lat="49.190608" lon="20.188770"><ele>2140.0</ele></trkpt>
      <trkpt lat="49.190608" lon="20.188739"><ele>2139.8</ele></trkpt>
      <trkpt lat="49.190605" lon="20.188706"><ele>2139.4</ele></trkpt>
      <trkpt lat="49.190602" lon="20.188678"><ele>2139.0</ele></trkpt>
      <trkpt lat="49.190598" lon="20.188629"><ele>2138.6</ele></trkpt>
      <trkpt lat="49.190598" lon="20.188576"><ele>2138.4</ele></trkpt>
      <trkpt lat="49.190595" lon="20.188530"><ele>2138.0</ele></trkpt>
      <trkpt lat="49.190602" lon="20.188496"><ele>2137.6</ele></trkpt>
      <trkpt lat="49.190608" lon="20.188442"><ele>2137.0</ele></trkpt>
      <trkpt lat="49.190608" lon="20.188406"><ele>2136.6</ele></trkpt>
      <trkpt lat="49.190618" lon="20.188355"><ele>2136.0</ele></trkpt>
      <trkpt lat="49.190621" lon="20.188326"><ele>2135.8</ele></trkpt>
      <trkpt lat="49.190624" lon="20.188299"><ele>2135.6</ele></trkpt>
      <trkpt lat="49.190621" lon="20.188259"><ele>2135.4</ele></trkpt>
      <trkpt lat="49.190624" lon="20.188224"><ele>2135.4</ele></trkpt>
      <trkpt lat="49.190627" lon="20.188194"><ele>2135.2</ele></trkpt>
      <trkpt lat="49.190630" lon="20.188144"><ele>2135.2</ele></trkpt>
      <trkpt lat="49.190637" lon="20.188091"><ele>2135.0</ele></trkpt>
      <trkpt lat="49.190637" lon="20.188045"><ele>2135.0</ele></trkpt>
      <trkpt lat="49.190637" lon="20.188000"><ele>2135.2</ele></trkpt>
      <trkpt lat="49.190637" lon="20.187955"><ele>2135.4</ele></trkpt>
      <trkpt lat="49.190637" lon="20.187915"><ele>2135.4</ele></trkpt>
      <trkpt lat="49.190630" lon="20.187886"><ele>2135.2</ele></trkpt>
      <trkpt lat="49.190630" lon="20.187854"><ele>2135.6</ele></trkpt>
      <trkpt lat="49.190627" lon="20.187824"><ele>2136.0</ele></trkpt>
      <trkpt lat="49.190618" lon="20.187797"><ele>2135.8</ele></trkpt>
      <trkpt lat="49.190608" lon="20.187773"><ele>2135.6</ele></trkpt>
      <trkpt lat="49.190589" lon="20.187754"><ele>2134.2</ele></trkpt>
      <trkpt lat="49.190563" lon="20.187750"><ele>2133.0</ele></trkpt>
      <trkpt lat="49.190541" lon="20.187731"><ele>2132.2</ele></trkpt>
      <trkpt lat="49.190518" lon="20.187726"><ele>2131.6</ele></trkpt>
      <trkpt lat="49.190496" lon="20.187706"><ele>2130.8</ele></trkpt>
      <trkpt lat="49.190470" lon="20.187691"><ele>2130.2</ele></trkpt>
      <trkpt lat="49.190448" lon="20.187674"><ele>2129.4</ele></trkpt>
      <trkpt lat="49.190426" lon="20.187653"><ele>2128.4</ele></trkpt>
      <trkpt lat="49.190403" lon="20.187627"><ele>2128.4</ele></trkpt>
      <trkpt lat="49.190384" lon="20.187597"><ele>2128.8</ele></trkpt>
      <trkpt lat="49.190368" lon="20.187573"><ele>2128.2</ele></trkpt>
      <trkpt lat="49.190358" lon="20.187546"><ele>2127.8</ele></trkpt>
      <trkpt lat="49.190330" lon="20.187538"><ele>2127.4</ele></trkpt>
      <trkpt lat="49.190310" lon="20.187534"><ele>2127.0</ele></trkpt>
      <trkpt lat="49.190285" lon="20.187533"><ele>2126.4</ele></trkpt>
      <trkpt lat="49.190266" lon="20.187533"><ele>2125.8</ele></trkpt>
      <trkpt lat="49.190250" lon="20.187514"><ele>2124.8</ele></trkpt>
      <trkpt lat="49.190224" lon="20.187517"><ele>2123.8</ele></trkpt>
      <trkpt lat="49.190202" lon="20.187507"><ele>2123.8</ele></trkpt>
      <trkpt lat="49.190186" lon="20.187485"><ele>2123.6</ele></trkpt>
      <trkpt lat="49.190166" lon="20.187464"><ele>2123.8</ele></trkpt>
      <trkpt lat="49.190144" lon="20.187459"><ele>2123.8</ele></trkpt>
      <trkpt lat="49.190125" lon="20.187456"><ele>2124.0</ele></trkpt>
      <trkpt lat="49.190106" lon="20.187462"><ele>2124.6</ele></trkpt>
      <trkpt lat="49.190083" lon="20.187454"><ele>2125.0</ele></trkpt>
      <trkpt lat="49.190070" lon="20.187434"><ele>2125.6</ele></trkpt>
      <trkpt lat="49.190051" lon="20.187403"><ele>2126.4</ele></trkpt>
      <trkpt lat="49.190035" lon="20.187389"><ele>2126.6</ele></trkpt>
      <trkpt lat="49.190019" lon="20.187402"><ele>2125.8</ele></trkpt>
      <trkpt lat="49.190003" lon="20.187379"><ele>2127.2</ele></trkpt>
      <trkpt lat="49.189984" lon="20.187386"><ele>2128.0</ele></trkpt>
      <trkpt lat="49.190000" lon="20.187365"><ele>2128.6</ele></trkpt>
      <trkpt lat="49.190003" lon="20.187334"><ele>2130.6</ele></trkpt>
      <trkpt lat="49.190019" lon="20.187354"><ele>2132.2</ele></trkpt>
      <trkpt lat="49.190026" lon="20.187384"><ele>2132.2</ele></trkpt>
      <trkpt lat="49.190010" lon="20.187405"><ele>2131.2</ele></trkpt>
      <trkpt lat="49.189994" lon="20.187443"><ele>2130.2</ele></trkpt>
      <trkpt lat="49.189974" lon="20.187467"><ele>2129.8</ele></trkpt>
      <trkpt lat="49.189955" lon="20.187482"><ele>2129.4</ele></trkpt>
      <trkpt lat="49.189933" lon="20.187515"><ele>2131.2</ele></trkpt>
      <trkpt lat="49.189930" lon="20.187557"><ele>2131.6</ele></trkpt>
      <trkpt lat="49.189904" lon="20.187582"><ele>2131.8</ele></trkpt>
      <trkpt lat="49.189885" lon="20.187582"><ele>2132.6</ele></trkpt>
      <trkpt lat="49.189862" lon="20.187598"><ele>2133.0</ele></trkpt>
      <trkpt lat="49.189840" lon="20.187606"><ele>2133.8</ele></trkpt>
      <trkpt lat="49.189814" lon="20.187614"><ele>2134.2</ele></trkpt>
      <trkpt lat="49.189795" lon="20.187640"><ele>2134.4</ele></trkpt>
      <trkpt lat="49.189776" lon="20.187653"><ele>2134.4</ele></trkpt>
      <trkpt lat="49.189757" lon="20.187667"><ele>2134.8</ele></trkpt>
      <trkpt lat="49.189741" lon="20.187702"><ele>2135.4</ele></trkpt>
      <trkpt lat="49.189712" lon="20.187717"><ele>2135.6</ele></trkpt>
      <trkpt lat="49.189693" lon="20.187723"><ele>2135.6</ele></trkpt>
      <trkpt lat="49.189674" lon="20.187726"><ele>2135.8</ele></trkpt>
      <trkpt lat="49.189654" lon="20.187741"><ele>2136.0</ele></trkpt>
      <trkpt lat="49.189632" lon="20.187744"><ele>2136.6</ele></trkpt>
      <trkpt lat="49.189610" lon="20.187747"><ele>2137.0</ele></trkpt>
      <trkpt lat="49.189587" lon="20.187757"><ele>2137.6</ele></trkpt>
      <trkpt lat="49.189565" lon="20.187779"><ele>2138.2</ele></trkpt>
      <trkpt lat="49.189546" lon="20.187797"><ele>2138.6</ele></trkpt>
      <trkpt lat="49.189523" lon="20.187811"><ele>2138.6</ele></trkpt>
      <trkpt lat="49.189504" lon="20.187824"><ele>2138.6</ele></trkpt>
      <trkpt lat="49.189478" lon="20.187842"><ele>2138.6</ele></trkpt>
      <trkpt lat="49.189459" lon="20.187853"><ele>2139.0</ele></trkpt>
      <trkpt lat="49.189443" lon="20.187880"><ele>2139.2</ele></trkpt>
      <trkpt lat="49.189418" lon="20.187893"><ele>2139.6</ele></trkpt>
      <trkpt lat="49.189395" lon="20.187912"><ele>2139.8</ele></trkpt>
      <trkpt lat="49.189376" lon="20.187933"><ele>2140.0</ele></trkpt>
      <trkpt lat="49.189357" lon="20.187941"><ele>2140.2</ele></trkpt>
      <trkpt lat="49.189331" lon="20.187942"><ele>2140.4</ele></trkpt>
      <trkpt lat="49.189315" lon="20.187915"><ele>2141.4</ele></trkpt>
      <trkpt lat="49.189334" lon="20.187890"><ele>2142.0</ele></trkpt>
      <trkpt lat="49.189347" lon="20.187864"><ele>2142.6</ele></trkpt>
      <trkpt lat="49.189360" lon="20.187843"><ele>2143.4</ele></trkpt>
      <trkpt lat="49.189366" lon="20.187811"><ele>2143.4</ele></trkpt>
      <trkpt lat="49.189370" lon="20.187774"><ele>2143.8</ele></trkpt>
      <trkpt lat="49.189386" lon="20.187750"><ele>2145.2</ele></trkpt>
      <trkpt lat="49.189392" lon="20.187720"><ele>2146.4</ele></trkpt>
      <trkpt lat="49.189405" lon="20.187694"><ele>2147.8</ele></trkpt>
      <trkpt lat="49.189414" lon="20.187658"><ele>2149.0</ele></trkpt>
      <trkpt lat="49.189408" lon="20.187614"><ele>2149.8</ele></trkpt>
      <trkpt lat="49.189411" lon="20.187573"><ele>2150.6</ele></trkpt>
      <trkpt lat="49.189414" lon="20.187546"><ele>2152.0</ele></trkpt>
      <trkpt lat="49.189414" lon="20.187507"><ele>2153.4</ele></trkpt>
      <trkpt lat="49.189424" lon="20.187482"><ele>2155.0</ele></trkpt>
      <trkpt lat="49.189414" lon="20.187442"><ele>2155.6</ele></trkpt>
      <trkpt lat="49.189427" lon="20.187408"><ele>2156.0</ele></trkpt>
      <trkpt lat="49.189418" lon="20.187355"><ele>2156.4</ele></trkpt>
      <trkpt lat="49.189418" lon="20.187320"><ele>2156.8</ele></trkpt>
      <trkpt lat="49.189408" lon="20.187285"><ele>2157.0</ele></trkpt>
      <trkpt lat="49.189389" lon="20.187269"><ele>2157.6</ele></trkpt>
      <trkpt lat="49.189390" lon="20.187241"><ele>2158.4</ele></trkpt>
      <trkpt lat="49.189391" lon="20.187214"><ele>2159.2</ele></trkpt>
      <trkpt lat="49.189393" lon="20.187186"><ele>2160.0</ele></trkpt>
      <trkpt lat="49.189394" lon="20.187159"><ele>2161.0</ele></trkpt>
      <trkpt lat="49.189395" lon="20.187131"><ele>2161.6</ele></trkpt>
      <trkpt lat="49.189396" lon="20.187104"><ele>2162.4</ele></trkpt>
      <trkpt lat="49.189397" lon="20.187076"><ele>2163.2</ele></trkpt>
      <trkpt lat="49.189408" lon="20.187029"><ele>2164.8</ele></trkpt>
      <trkpt lat="49.189414" lon="20.186990"><ele>2166.8</ele></trkpt>
      <trkpt lat="49.189408" lon="20.186957"><ele>2167.8</ele></trkpt>
      <trkpt lat="49.189411" lon="20.186930"><ele>2168.2</ele></trkpt>
      <trkpt lat="49.189418" lon="20.186896"><ele>2168.6</ele></trkpt>
      <trkpt lat="49.189430" lon="20.186866"><ele>2168.8</ele></trkpt>
      <trkpt lat="49.189430" lon="20.186822"><ele>2170.0</ele></trkpt>
      <trkpt lat="49.189437" lon="20.186782"><ele>2170.4</ele></trkpt>
      <trkpt lat="49.189469" lon="20.186768"><ele>2173.2</ele></trkpt>
      <trkpt lat="49.189446" lon="20.186762"><ele>2175.2</ele></trkpt>
      <trkpt lat="49.189427" lon="20.186760"><ele>2176.0</ele></trkpt>
      <trkpt lat="49.189405" lon="20.186757"><ele>2177.0</ele></trkpt>
      <trkpt lat="49.189379" lon="20.186747"><ele>2178.8</ele></trkpt>
      <trkpt lat="49.189360" lon="20.186741"><ele>2179.4</ele></trkpt>
      <trkpt lat="49.189347" lon="20.186763"><ele>2180.0</ele></trkpt>
      <trkpt lat="49.189331" lon="20.186779"><ele>2180.2</ele></trkpt>
      <trkpt lat="49.189312" lon="20.186782"><ele>2180.6</ele></trkpt>
      <trkpt lat="49.189290" lon="20.186781"><ele>2180.6</ele></trkpt>
      <trkpt lat="49.189290" lon="20.186749"><ele>2180.6</ele></trkpt>
      <trkpt lat="49.189274" lon="20.186734"><ele>2181.0</ele></trkpt>
      <trkpt lat="49.189258" lon="20.186747"><ele>2185.6</ele></trkpt>
      <trkpt lat="49.189238" lon="20.186742"><ele>2190.4</ele></trkpt>
      <trkpt lat="49.189219" lon="20.186752"><ele>2190.2</ele></trkpt>
      <trkpt lat="49.189206" lon="20.186731"><ele>2189.8</ele></trkpt>
      <trkpt lat="49.189190" lon="20.186718"><ele>2190.6</ele></trkpt>
      <trkpt lat="49.189181" lon="20.186691"><ele>2191.4</ele></trkpt>
      <trkpt lat="49.189171" lon="20.186664"><ele>2192.6</ele></trkpt>
      <trkpt lat="49.189152" lon="20.186648"><ele>2196.2</ele></trkpt>
      <trkpt lat="49.189149" lon="20.186614"><ele>2198.0</ele></trkpt>
      <trkpt lat="49.189152" lon="20.186586"><ele>2199.8</ele></trkpt>
      <trkpt lat="49.189133" lon="20.186573"><ele>2202.8</ele></trkpt>
      <trkpt lat="49.189126" lon="20.186544"><ele>2204.6</ele></trkpt>
      <trkpt lat="49.189110" lon="20.186530"><ele>2206.6</ele></trkpt>
      <trkpt lat="49.189110" lon="20.186501"><ele>2208.0</ele></trkpt>
      <trkpt lat="49.189107" lon="20.186474"><ele>2208.6</ele></trkpt>
      <trkpt lat="49.189101" lon="20.186446"><ele>2209.6</ele></trkpt>
      <trkpt lat="49.189098" lon="20.186414"><ele>2210.2</ele></trkpt>
      <trkpt lat="49.189107" lon="20.186389"><ele>2210.6</ele></trkpt>
      <trkpt lat="49.189078" lon="20.186432"><ele>2210.8</ele></trkpt>
      <trkpt lat="49.189078" lon="20.186397"><ele>2207.2</ele></trkpt>
      <trkpt lat="49.189091" lon="20.186365"><ele>2207.6</ele></trkpt>
      <trkpt lat="49.189098" lon="20.186334"><ele>2208.4</ele></trkpt>
      <trkpt lat="49.189098" lon="20.186304"><ele>2210.2</ele></trkpt>
      <trkpt lat="49.189117" lon="20.186277"><ele>2212.0</ele></trkpt>
      <trkpt lat="49.189130" lon="20.186235"><ele>2212.2</ele></trkpt>
      <trkpt lat="49.189133" lon="20.186208"><ele>2214.2</ele></trkpt>
      <trkpt lat="49.189120" lon="20.186186"><ele>2216.0</ele></trkpt>
      <trkpt lat="49.189117" lon="20.186158"><ele>2217.2</ele></trkpt>
      <trkpt lat="49.189117" lon="20.186128"><ele>2217.6</ele></trkpt>
      <trkpt lat="49.189117" lon="20.186096"><ele>2219.0</ele></trkpt>
      <trkpt lat="49.189126" lon="20.186067"><ele>2227.4</ele></trkpt>
      <trkpt lat="49.189124" lon="20.186045"><ele>2228.8</ele></trkpt>
      <trkpt lat="49.189122" lon="20.186023"><ele>2230.2</ele></trkpt>
      <trkpt lat="49.189120" lon="20.186002"><ele>2232.4</ele></trkpt>
      <trkpt lat="49.189118" lon="20.185980"><ele>2233.2</ele></trkpt>
      <trkpt lat="49.189126" lon="20.185942"><ele>2234.6</ele></trkpt>
      <trkpt lat="49.189117" lon="20.185918"><ele>2235.2</ele></trkpt>
      <trkpt lat="49.189114" lon="20.185890"><ele>2235.2</ele></trkpt>
      <trkpt lat="49.189110" lon="20.185854"><ele>2235.6</ele></trkpt>
      <trkpt lat="49.189114" lon="20.185827"><ele>2236.2</ele></trkpt>
      <trkpt lat="49.189120" lon="20.185856"><ele>2237.2</ele></trkpt>
      <trkpt lat="49.189101" lon="20.185858"><ele>2238.2</ele></trkpt>
      <trkpt lat="49.189082" lon="20.185867"><ele>2239.4</ele></trkpt>
      <trkpt lat="49.189059" lon="20.185845"><ele>2240.6</ele></trkpt>
      <trkpt lat="49.189050" lon="20.185874"><ele>2244.0</ele></trkpt>
      <trkpt lat="49.189034" lon="20.185853"><ele>2247.4</ele></trkpt>
      <trkpt lat="49.189053" lon="20.185843"><ele>2249.4</ele></trkpt>
      <trkpt lat="49.189072" lon="20.185824"><ele>2250.4</ele></trkpt>
      <trkpt lat="49.189059" lon="20.185854"><ele>2251.0</ele></trkpt>
      <trkpt lat="49.189053" lon="20.185826"><ele>2253.0</ele></trkpt>
      <trkpt lat="49.189046" lon="20.185786"><ele>2253.0</ele></trkpt>
      <trkpt lat="49.189040" lon="20.185754"><ele>2252.8</ele></trkpt>
      <trkpt lat="49.189021" lon="20.185760"><ele>2253.0</ele></trkpt>
      <trkpt lat="49.189002" lon="20.185749"><ele>2253.4</ele></trkpt>
      <trkpt lat="49.189008" lon="20.185718"><ele>2255.0</ele></trkpt>
      <trkpt lat="49.188992" lon="20.185734"><ele>2255.4</ele></trkpt>
      <trkpt lat="49.188982" lon="20.185704"><ele>2256.2</ele></trkpt>
      <trkpt lat="49.188966" lon="20.185690"><ele>2256.6</ele></trkpt>
      <trkpt lat="49.188947" lon="20.185685"><ele>2257.8</ele></trkpt>
      <trkpt lat="49.188938" lon="20.185659"><ele>2258.2</ele></trkpt>
      <trkpt lat="49.188918" lon="20.185638"><ele>2260.6</ele></trkpt>
      <trkpt lat="49.188922" lon="20.185608"><ele>2262.4</ele></trkpt>
      <trkpt lat="49.188931" lon="20.185581"><ele>2264.2</ele></trkpt>
      <trkpt lat="49.188954" lon="20.185571"><ele>2264.4</ele></trkpt>
      <trkpt lat="49.188966" lon="20.185549"><ele>2264.8</ele></trkpt>
      <trkpt lat="49.188970" lon="20.185518"><ele>2265.6</ele></trkpt>
      <trkpt lat="49.188947" lon="20.185518"><ele>2267.0</ele></trkpt>
      <trkpt lat="49.188928" lon="20.185517"><ele>2268.2</ele></trkpt>
      <trkpt lat="49.188934" lon="20.185547"><ele>2268.8</ele></trkpt>
      <trkpt lat="49.188918" lon="20.185560"><ele>2269.0</ele></trkpt>
      <trkpt lat="49.188928" lon="20.185526"><ele>2270.0</ele></trkpt>
      <trkpt lat="49.188922" lon="20.185499"><ele>2271.2</ele></trkpt>
      <trkpt lat="49.188902" lon="20.185522"><ele>2272.0</ele></trkpt>
      <trkpt lat="49.188912" lon="20.185496"><ele>2271.8</ele></trkpt>
      <trkpt lat="49.188928" lon="20.185469"><ele>2271.8</ele></trkpt>
      <trkpt lat="49.188928" lon="20.185440"><ele>2272.2</ele></trkpt>
      <trkpt lat="49.188902" lon="20.185432"><ele>2279.8</ele></trkpt>
      <trkpt lat="49.188883" lon="20.185416"><ele>2280.8</ele></trkpt>
      <trkpt lat="49.188861" lon="20.185403"><ele>2282.2</ele></trkpt>
      <trkpt lat="49.188870" lon="20.185378"><ele>2286.4</ele></trkpt>
      <trkpt lat="49.188851" lon="20.185368"><ele>2287.0</ele></trkpt>
      <trkpt lat="49.188832" lon="20.185370"><ele>2287.8</ele></trkpt>
      <trkpt lat="49.188835" lon="20.185342"><ele>2289.6</ele></trkpt>
      <trkpt lat="49.188819" lon="20.185318"><ele>2294.2</ele></trkpt>
      <trkpt lat="49.188813" lon="20.185283"><ele>2294.8</ele></trkpt>
      <trkpt lat="49.188810" lon="20.185248"><ele>2295.4</ele></trkpt>
      <trkpt lat="49.188829" lon="20.185222"><ele>2297.6</ele></trkpt>
      <trkpt lat="49.188819" lon="20.185194"><ele>2299.8</ele></trkpt>
      <trkpt lat="49.188810" lon="20.185165"><ele>2300.4</ele></trkpt>
      <trkpt lat="49.188816" lon="20.185130"><ele>2301.6</ele></trkpt>
      <trkpt lat="49.188810" lon="20.185101"><ele>2303.4</ele></trkpt>
      <trkpt lat="49.188794" lon="20.185114"><ele>2305.2</ele></trkpt>
      <trkpt lat="49.188778" lon="20.185141"><ele>2305.4</ele></trkpt>
      <trkpt lat="49.188762" lon="20.185120"><ele>2305.4</ele></trkpt>
      <trkpt lat="49.188762" lon="20.185088"><ele>2307.0</ele></trkpt>
      <trkpt lat="49.188774" lon="20.185042"><ele>2307.4</ele></trkpt>
      <trkpt lat="49.188767" lon="20.185024"><ele>2310.8</ele></trkpt>
      <trkpt lat="49.188760" lon="20.185006"><ele>2309.0</ele></trkpt>
      <trkpt lat="49.188753" lon="20.184988"><ele>2309.4</ele></trkpt>
      <trkpt lat="49.188745" lon="20.184971"><ele>2308.2</ele></trkpt>
      <trkpt lat="49.188738" lon="20.184953"><ele>2304.4</ele></trkpt>
      <trkpt lat="49.188717" lon="20.184915"><ele>2301.6</ele></trkpt>
      <trkpt lat="49.188698" lon="20.184886"><ele>2301.0</ele></trkpt>
      <trkpt lat="49.188682" lon="20.184853"><ele>2300.4</ele></trkpt>
      <trkpt lat="49.188675" lon="20.184818"><ele>2299.4</ele></trkpt>
      <trkpt lat="49.188675" lon="20.184787"><ele>2298.8</ele></trkpt>
      <trkpt lat="49.188662" lon="20.184747"><ele>2298.8</ele></trkpt>
      <trkpt lat="49.188659" lon="20.184718"><ele>2299.0</ele></trkpt>
      <trkpt lat="49.188643" lon="20.184701"><ele>2299.8</ele></trkpt>
      <trkpt lat="49.188621" lon="20.184706"><ele>2300.0</ele></trkpt>
      <trkpt lat="49.188598" lon="20.184693"><ele>2299.2</ele></trkpt>
      <trkpt lat="49.188579" lon="20.184707"><ele>2297.4</ele></trkpt>
      <trkpt lat="49.188573" lon="20.184744"><ele>2297.2</ele></trkpt>
      <trkpt lat="49.188576" lon="20.184771"><ele>2294.6</ele></trkpt>
      <trkpt lat="49.188586" lon="20.184808"><ele>2291.2</ele></trkpt>
      <trkpt lat="49.188592" lon="20.184840"><ele>2290.8</ele></trkpt>
      <trkpt lat="49.188602" lon="20.184872"><ele>2290.6</ele></trkpt>
      <trkpt lat="49.188611" lon="20.184901"><ele>2290.6</ele></trkpt>
      <trkpt lat="49.188614" lon="20.184933"><ele>2291.0</ele></trkpt>
      <trkpt lat="49.188611" lon="20.184963"><ele>2291.0</ele></trkpt>
      <trkpt lat="49.188605" lon="20.184994"><ele>2290.4</ele></trkpt>
      <trkpt lat="49.188592" lon="20.185019"><ele>2289.6</ele></trkpt>
      <trkpt lat="49.188595" lon="20.185050"><ele>2287.4</ele></trkpt>
      <trkpt lat="49.188586" lon="20.185080"><ele>2286.2</ele></trkpt>
      <trkpt lat="49.188570" lon="20.185096"><ele>2285.6</ele></trkpt>
      <trkpt lat="49.188550" lon="20.185104"><ele>2285.2</ele></trkpt>
      <trkpt lat="49.188531" lon="20.185114"><ele>2283.0</ele></trkpt>
      <trkpt lat="49.188512" lon="20.185109"><ele>2281.6</ele></trkpt>
      <trkpt lat="49.188493" lon="20.185106"><ele>2281.0</ele></trkpt>
      <trkpt lat="49.188474" lon="20.185091"><ele>2280.2</ele></trkpt>
      <trkpt lat="49.188461" lon="20.185064"><ele>2278.0</ele></trkpt>
      <trkpt lat="49.188451" lon="20.185035"><ele>2275.8</ele></trkpt>
      <trkpt lat="49.188438" lon="20.185011"><ele>2274.2</ele></trkpt>
      <trkpt lat="49.188419" lon="20.184995"><ele>2272.8</ele></trkpt>
      <trkpt lat="49.188397" lon="20.185003"><ele>2272.0</ele></trkpt>
      <trkpt lat="49.188378" lon="20.185024"><ele>2270.8</ele></trkpt>
      <trkpt lat="49.188358" lon="20.185011"><ele>2269.8</ele></trkpt>
      <trkpt lat="49.188342" lon="20.185034"><ele>2268.8</ele></trkpt>
      <trkpt lat="49.188326" lon="20.185013"><ele>2268.2</ele></trkpt>
      <trkpt lat="49.188304" lon="20.185002"><ele>2263.6</ele></trkpt>
      <trkpt lat="49.188285" lon="20.184992"><ele>2263.2</ele></trkpt>
      <trkpt lat="49.188266" lon="20.184971"><ele>2262.6</ele></trkpt>
      <trkpt lat="49.188246" lon="20.184976"><ele>2259.4</ele></trkpt>
      <trkpt lat="49.188227" lon="20.184965"><ele>2258.8</ele></trkpt>
      <trkpt lat="49.188214" lon="20.184944"><ele>2256.4</ele></trkpt>
      <trkpt lat="49.188208" lon="20.184917"><ele>2255.0</ele></trkpt>
      <trkpt lat="49.188202" lon="20.184885"><ele>2254.8</ele></trkpt>
      <trkpt lat="49.188179" lon="20.184885"><ele>2252.4</ele></trkpt>
      <trkpt lat="49.188160" lon="20.184907"><ele>2251.2</ele></trkpt>
      <trkpt lat="49.188134" lon="20.184912"><ele>2250.4</ele></trkpt>
      <trkpt lat="49.188115" lon="20.184901"><ele>2250.0</ele></trkpt>
      <trkpt lat="49.188102" lon="20.184930"><ele>2248.0</ele></trkpt>
      <trkpt lat="49.188086" lon="20.184915"><ele>2247.2</ele></trkpt>
      <trkpt lat="49.188074" lon="20.184877"><ele>2245.6</ele></trkpt>
      <trkpt lat="49.188074" lon="20.184842"><ele>2244.6</ele></trkpt>
      <trkpt lat="49.188058" lon="20.184822"><ele>2243.4</ele></trkpt>
      <trkpt lat="49.188048" lon="20.184861"><ele>2242.4</ele></trkpt>
      <trkpt lat="49.188026" lon="20.184840"><ele>2242.2</ele></trkpt>
      <trkpt lat="49.188026" lon="20.184811"><ele>2241.4</ele></trkpt>
      <trkpt lat="49.188035" lon="20.184787"><ele>2241.0</ele></trkpt>
      <trkpt lat="49.188042" lon="20.184755"><ele>2240.6</ele></trkpt>
      <trkpt lat="49.188029" lon="20.184733"><ele>2239.2</ele></trkpt>
      <trkpt lat="49.188035" lon="20.184702"><ele>2238.6</ele></trkpt>
      <trkpt lat="49.188042" lon="20.184667"><ele>2238.0</ele></trkpt>
      <trkpt lat="49.188054" lon="20.184637"><ele>2238.0</ele></trkpt>
      <trkpt lat="49.188067" lon="20.184610"><ele>2238.2</ele></trkpt>
      <trkpt lat="49.188086" lon="20.184608"><ele>2238.4</ele></trkpt>
      <trkpt lat="49.188102" lon="20.184587"><ele>2235.8</ele></trkpt>
      <trkpt lat="49.188106" lon="20.184560"><ele>2234.0</ele></trkpt>
      <trkpt lat="49.188118" lon="20.184528"><ele>2233.6</ele></trkpt>
      <trkpt lat="49.188128" lon="20.184494"><ele>2233.2</ele></trkpt>
      <trkpt lat="49.188128" lon="20.184459"><ele>2233.0</ele></trkpt>
      <trkpt lat="49.188125" lon="20.184424"><ele>2233.0</ele></trkpt>
      <trkpt lat="49.188125" lon="20.184387"><ele>2233.0</ele></trkpt>
      <trkpt lat="49.188128" lon="20.184344"><ele>2233.0</ele></trkpt>
      <trkpt lat="49.188144" lon="20.184310"><ele>2233.0</ele></trkpt>
      <trkpt lat="49.188147" lon="20.184277"><ele>2233.0</ele></trkpt>
      <trkpt lat="49.188154" lon="20.184242"><ele>2233.2</ele></trkpt>
      <trkpt lat="49.188160" lon="20.184200"><ele>2233.2</ele></trkpt>
      <trkpt lat="49.188160" lon="20.184166"><ele>2233.2</ele></trkpt>
      <trkpt lat="49.188157" lon="20.184139"><ele>2233.0</ele></trkpt>
      <trkpt lat="49.188154" lon="20.184101"><ele>2233.2</ele></trkpt>
      <trkpt lat="49.188147" lon="20.184058"><ele>2233.0</ele></trkpt>
      <trkpt lat="49.188144" lon="20.184016"><ele>2233.0</ele></trkpt>
      <trkpt lat="49.188154" lon="20.183979"><ele>2233.6</ele></trkpt>
      <trkpt lat="49.188147" lon="20.183944"><ele>2234.0</ele></trkpt>
      <trkpt lat="49.188154" lon="20.183907"><ele>2234.2</ele></trkpt>
      <trkpt lat="49.188154" lon="20.183864"><ele>2234.2</ele></trkpt>
      <trkpt lat="49.188157" lon="20.183832"><ele>2234.2</ele></trkpt>
      <trkpt lat="49.188157" lon="20.183802"><ele>2234.2</ele></trkpt>
      <trkpt lat="49.188147" lon="20.183770"><ele>2234.0</ele></trkpt>
      <trkpt lat="49.188144" lon="20.183741"><ele>2233.6</ele></trkpt>
      <trkpt lat="49.188141" lon="20.183704"><ele>2233.0</ele></trkpt>
      <trkpt lat="49.188144" lon="20.183664"><ele>2232.6</ele></trkpt>
      <trkpt lat="49.188141" lon="20.183629"><ele>2232.6</ele></trkpt>
      <trkpt lat="49.188138" lon="20.183597"><ele>2232.2</ele></trkpt>
      <trkpt lat="49.188134" lon="20.183546"><ele>2231.8</ele></trkpt>
      <trkpt lat="49.188128" lon="20.183498"><ele>2230.8</ele></trkpt>
      <trkpt lat="49.188134" lon="20.183467"><ele>2229.8</ele></trkpt>
      <trkpt lat="49.188138" lon="20.183434"><ele>2228.6</ele></trkpt>
      <trkpt lat="49.188125" lon="20.183394"><ele>2227.6</ele></trkpt>
      <trkpt lat="49.188109" lon="20.183373"><ele>2226.6</ele></trkpt>
      <trkpt lat="49.188106" lon="20.183333"><ele>2225.8</ele></trkpt>
      <trkpt lat="49.188109" lon="20.183301"><ele>2225.2</ele></trkpt>
      <trkpt lat="49.188115" lon="20.183258"><ele>2224.8</ele></trkpt>
      <trkpt lat="49.188118" lon="20.183227"><ele>2224.6</ele></trkpt>
      <trkpt lat="49.188109" lon="20.183192"><ele>2224.0</ele></trkpt>
      <trkpt lat="49.188122" lon="20.183166"><ele>2223.8</ele></trkpt>
      <trkpt lat="49.188125" lon="20.183139"><ele>2223.6</ele></trkpt>
      <trkpt lat="49.188118" lon="20.183099"><ele>2223.2</ele></trkpt>
      <trkpt lat="49.188122" lon="20.183070"><ele>2222.6</ele></trkpt>
      <trkpt lat="49.188138" lon="20.183043"><ele>2222.0</ele></trkpt>
      <trkpt lat="49.188147" lon="20.183010"><ele>2221.4</ele></trkpt>
      <trkpt lat="49.188138" lon="20.182971"><ele>2220.8</ele></trkpt>
      <trkpt lat="49.188144" lon="20.182941"><ele>2219.6</ele></trkpt>
      <trkpt lat="49.188147" lon="20.182907"><ele>2219.0</ele></trkpt>
      <trkpt lat="49.188157" lon="20.182877"><ele>2218.6</ele></trkpt>
      <trkpt lat="49.188166" lon="20.182842"><ele>2218.0</ele></trkpt>
      <trkpt lat="49.188163" lon="20.182814"><ele>2217.6</ele></trkpt>
      <trkpt lat="49.188163" lon="20.182776"><ele>2217.2</ele></trkpt>
      <trkpt lat="49.188154" lon="20.182750"><ele>2217.0</ele></trkpt>
      <trkpt lat="49.188147" lon="20.182723"><ele>2216.6</ele></trkpt>
      <trkpt lat="49.188147" lon="20.182693"><ele>2215.8</ele></trkpt>
      <trkpt lat="49.188141" lon="20.182659"><ele>2213.4</ele></trkpt>
      <trkpt lat="49.188144" lon="20.182616"><ele>2213.0</ele></trkpt>
      <trkpt lat="49.188147" lon="20.182579"><ele>2212.8</ele></trkpt>
      <trkpt lat="49.188141" lon="20.182530"><ele>2213.0</ele></trkpt>
      <trkpt lat="49.188134" lon="20.182491"><ele>2213.0</ele></trkpt>
      <trkpt lat="49.188128" lon="20.182459"><ele>2213.0</ele></trkpt>
      <trkpt lat="49.188128" lon="20.182424"><ele>2212.6</ele></trkpt>
      <trkpt lat="49.188125" lon="20.182394"><ele>2212.0</ele></trkpt>
      <trkpt lat="49.188122" lon="20.182355"><ele>2211.8</ele></trkpt>
      <trkpt lat="49.188118" lon="20.182315"><ele>2211.4</ele></trkpt>
      <trkpt lat="49.188125" lon="20.182288"><ele>2211.0</ele></trkpt>
      <trkpt lat="49.188128" lon="20.182250"><ele>2210.4</ele></trkpt>
      <trkpt lat="49.188122" lon="20.182213"><ele>2209.4</ele></trkpt>
      <trkpt lat="49.188118" lon="20.182184"><ele>2209.0</ele></trkpt>
      <trkpt lat="49.188122" lon="20.182152"><ele>2208.6</ele></trkpt>
      <trkpt lat="49.188134" lon="20.182117"><ele>2208.6</ele></trkpt>
      <trkpt lat="49.188138" lon="20.182090"><ele>2208.6</ele></trkpt>
      <trkpt lat="49.188134" lon="20.182058"><ele>2208.6</ele></trkpt>
      <trkpt lat="49.188125" lon="20.182030"><ele>2208.4</ele></trkpt>
      <trkpt lat="49.188122" lon="20.182000"><ele>2208.2</ele></trkpt>
      <trkpt lat="49.188106" lon="20.181963"><ele>2207.8</ele></trkpt>
      <trkpt lat="49.188096" lon="20.181931"><ele>2207.4</ele></trkpt>
      <trkpt lat="49.188083" lon="20.181906"><ele>2207.0</ele></trkpt>
      <trkpt lat="49.188067" lon="20.181893"><ele>2206.0</ele></trkpt>
      <trkpt lat="49.188045" lon="20.181894"><ele>2205.2</ele></trkpt>
      <trkpt lat="49.188026" lon="20.181875"><ele>2204.0</ele></trkpt>
      <trkpt lat="49.188003" lon="20.181874"><ele>2203.6</ele></trkpt>
      <trkpt lat="49.187978" lon="20.181862"><ele>2203.6</ele></trkpt>
      <trkpt lat="49.187958" lon="20.181846"><ele>2203.4</ele></trkpt>
      <trkpt lat="49.187949" lon="20.181814"><ele>2203.0</ele></trkpt>
      <trkpt lat="49.187930" lon="20.181792"><ele>2202.6</ele></trkpt>
      <trkpt lat="49.187917" lon="20.181752"><ele>2202.2</ele></trkpt>
      <trkpt lat="49.187907" lon="20.181709"><ele>2202.0</ele></trkpt>
      <trkpt lat="49.187894" lon="20.181678"><ele>2201.8</ele></trkpt>
      <trkpt lat="49.187878" lon="20.181637"><ele>2201.4</ele></trkpt>
      <trkpt lat="49.187866" lon="20.181616"><ele>2201.4</ele></trkpt>
      <trkpt lat="49.187859" lon="20.181589"><ele>2201.2</ele></trkpt>
      <trkpt lat="49.187850" lon="20.181563"><ele>2201.2</ele></trkpt>
      <trkpt lat="49.187840" lon="20.181539"><ele>2201.0</ele></trkpt>
      <trkpt lat="49.187818" lon="20.181506"><ele>2200.6</ele></trkpt>
      <trkpt lat="49.187808" lon="20.181469"><ele>2200.2</ele></trkpt>
      <trkpt lat="49.187789" lon="20.181442"><ele>2199.6</ele></trkpt>
      <trkpt lat="49.187779" lon="20.181416"><ele>2199.4</ele></trkpt>
      <trkpt lat="49.187763" lon="20.181400"><ele>2199.4</ele></trkpt>
      <trkpt lat="49.187747" lon="20.181379"><ele>2199.4</ele></trkpt>
      <trkpt lat="49.187728" lon="20.181349"><ele>2199.2</ele></trkpt>
      <trkpt lat="49.187722" lon="20.181317"><ele>2198.8</ele></trkpt>
      <trkpt lat="49.187706" lon="20.181278"><ele>2198.4</ele></trkpt>
      <trkpt lat="49.187683" lon="20.181246"><ele>2198.0</ele></trkpt>
      <trkpt lat="49.187664" lon="20.181221"><ele>2198.0</ele></trkpt>
      <trkpt lat="49.187651" lon="20.181198"><ele>2197.8</ele></trkpt>
      <trkpt lat="49.187642" lon="20.181171"><ele>2197.8</ele></trkpt>
      <trkpt lat="49.187632" lon="20.181147"><ele>2197.8</ele></trkpt>
      <trkpt lat="49.187629" lon="20.181117"><ele>2197.8</ele></trkpt>
      <trkpt lat="49.187622" lon="20.181088"><ele>2197.8</ele></trkpt>
      <trkpt lat="49.187619" lon="20.181061"><ele>2198.0</ele></trkpt>
      <trkpt lat="49.187603" lon="20.181032"><ele>2198.0</ele></trkpt>
      <trkpt lat="49.187590" lon="20.181005"><ele>2197.8</ele></trkpt>
      <trkpt lat="49.187578" lon="20.180958"><ele>2197.4</ele></trkpt>
      <trkpt lat="49.187562" lon="20.180930"><ele>2196.8</ele></trkpt>
      <trkpt lat="49.187546" lon="20.180915"><ele>2196.8</ele></trkpt>
      <trkpt lat="49.187520" lon="20.180878"><ele>2196.6</ele></trkpt>
      <trkpt lat="49.187498" lon="20.180842"><ele>2196.4</ele></trkpt>
      <trkpt lat="49.187482" lon="20.180826"><ele>2195.6</ele></trkpt>
      <trkpt lat="49.187466" lon="20.180813"><ele>2195.8</ele></trkpt>
      <trkpt lat="49.187440" lon="20.180805"><ele>2195.6</ele></trkpt>
      <trkpt lat="49.187418" lon="20.180842"><ele>2194.4</ele></trkpt>
      <trkpt lat="49.187389" lon="20.180869"><ele>2193.2</ele></trkpt>
      <trkpt lat="49.187370" lon="20.180878"><ele>2192.6</ele></trkpt>
      <trkpt lat="49.187341" lon="20.180875"><ele>2192.0</ele></trkpt>
      <trkpt lat="49.187312" lon="20.180870"><ele>2191.2</ele></trkpt>
      <trkpt lat="49.187286" lon="20.180850"><ele>2190.4</ele></trkpt>
      <trkpt lat="49.187270" lon="20.180835"><ele>2190.0</ele></trkpt>
      <trkpt lat="49.187254" lon="20.180821"><ele>2189.4</ele></trkpt>
      <trkpt lat="49.187235" lon="20.180786"><ele>2188.6</ele></trkpt>
      <trkpt lat="49.187229" lon="20.180755"><ele>2187.2</ele></trkpt>
      <trkpt lat="49.187210" lon="20.180739"><ele>2186.2</ele></trkpt>
      <trkpt lat="49.187181" lon="20.180723"><ele>2185.2</ele></trkpt>
      <trkpt lat="49.187155" lon="20.180691"><ele>2184.4</ele></trkpt>
      <trkpt lat="49.187142" lon="20.180640"><ele>2183.8</ele></trkpt>
      <trkpt lat="49.187130" lon="20.180613"><ele>2183.4</ele></trkpt>
      <trkpt lat="49.187123" lon="20.180586"><ele>2183.0</ele></trkpt>
      <trkpt lat="49.187110" lon="20.180557"><ele>2182.8</ele></trkpt>
      <trkpt lat="49.187104" lon="20.180525"><ele>2182.6</ele></trkpt>
      <trkpt lat="49.187104" lon="20.180496"><ele>2182.6</ele></trkpt>
      <trkpt lat="49.187104" lon="20.180467"><ele>2182.4</ele></trkpt>
      <trkpt lat="49.187094" lon="20.180418"><ele>2182.0</ele></trkpt>
      <trkpt lat="49.187088" lon="20.180389"><ele>2181.8</ele></trkpt>
      <trkpt lat="49.187072" lon="20.180346"><ele>2180.6</ele></trkpt>
      <trkpt lat="49.187056" lon="20.180323"><ele>2179.8</ele></trkpt>
      <trkpt lat="49.187046" lon="20.180285"><ele>2178.8</ele></trkpt>
      <trkpt lat="49.187034" lon="20.180253"><ele>2178.2</ele></trkpt>
      <trkpt lat="49.187021" lon="20.180227"><ele>2177.4</ele></trkpt>
      <trkpt lat="49.186995" lon="20.180219"><ele>2176.4</ele></trkpt>
      <trkpt lat="49.186976" lon="20.180218"><ele>2175.4</ele></trkpt>
      <trkpt lat="49.186922" lon="20.180155"><ele>2174.4</ele></trkpt>
      <trkpt lat="49.186915" lon="20.180117"><ele>2171.8</ele></trkpt>
      <trkpt lat="49.186896" lon="20.180101"><ele>2170.8</ele></trkpt>
      <trkpt lat="49.186874" lon="20.180088"><ele>2169.8</ele></trkpt>
      <trkpt lat="49.186851" lon="20.180069"><ele>2169.2</ele></trkpt>
      <trkpt lat="49.186832" lon="20.180067"><ele>2168.4</ele></trkpt>
      <trkpt lat="49.186810" lon="20.180067"><ele>2168.2</ele></trkpt>
      <trkpt lat="49.186787" lon="20.180051"><ele>2169.2</ele></trkpt>
      <trkpt lat="49.186765" lon="20.180032"><ele>2170.8</ele></trkpt>
      <trkpt lat="49.186746" lon="20.180040"><ele>2169.0</ele></trkpt>
      <trkpt lat="49.186723" lon="20.180054"><ele>2167.6</ele></trkpt>
      <trkpt lat="49.186707" lon="20.180038"><ele>2165.2</ele></trkpt>
      <trkpt lat="49.186688" lon="20.180026"><ele>2163.4</ele></trkpt>
      <trkpt lat="49.186669" lon="20.180011"><ele>2161.4</ele></trkpt>
      <trkpt lat="49.186650" lon="20.180011"><ele>2159.2</ele></trkpt>
      <trkpt lat="49.186630" lon="20.180030"><ele>2157.2</ele></trkpt>
      <trkpt lat="49.186608" lon="20.180030"><ele>2155.8</ele></trkpt>
      <trkpt lat="49.186592" lon="20.180018"><ele>2154.8</ele></trkpt>
      <trkpt lat="49.186566" lon="20.180005"><ele>2153.6</ele></trkpt>
      <trkpt lat="49.186538" lon="20.179982"><ele>2152.6</ele></trkpt>
      <trkpt lat="49.186525" lon="20.179950"><ele>2151.6</ele></trkpt>
      <trkpt lat="49.186506" lon="20.179926"><ele>2150.4</ele></trkpt>
      <trkpt lat="49.186480" lon="20.179893"><ele>2149.4</ele></trkpt>
      <trkpt lat="49.186470" lon="20.179859"><ele>2148.2</ele></trkpt>
      <trkpt lat="49.186454" lon="20.179813"><ele>2147.2</ele></trkpt>
      <trkpt lat="49.186432" lon="20.179782"><ele>2146.2</ele></trkpt>
      <trkpt lat="49.186410" lon="20.179770"><ele>2145.0</ele></trkpt>
      <trkpt lat="49.186390" lon="20.179760"><ele>2143.8</ele></trkpt>
      <trkpt lat="49.186352" lon="20.179762"><ele>2143.4</ele></trkpt>
      <trkpt lat="49.186336" lon="20.179749"><ele>2142.6</ele></trkpt>
      <trkpt lat="49.186310" lon="20.179710"><ele>2142.2</ele></trkpt>
      <trkpt lat="49.186298" lon="20.179669"><ele>2140.6</ele></trkpt>
      <trkpt lat="49.186288" lon="20.179638"><ele>2140.0</ele></trkpt>
      <trkpt lat="49.186269" lon="20.179608"><ele>2139.8</ele></trkpt>
      <trkpt lat="49.186246" lon="20.179579"><ele>2139.6</ele></trkpt>
      <trkpt lat="49.186221" lon="20.179542"><ele>2139.4</ele></trkpt>
      <trkpt lat="49.186214" lon="20.179515"><ele>2139.2</ele></trkpt>
      <trkpt lat="49.186192" lon="20.179496"><ele>2138.8</ele></trkpt>
      <trkpt lat="49.186170" lon="20.179480"><ele>2138.2</ele></trkpt>
      <trkpt lat="49.186150" lon="20.179446"><ele>2137.4</ele></trkpt>
      <trkpt lat="49.186141" lon="20.179421"><ele>2136.4</ele></trkpt>
      <trkpt lat="49.186118" lon="20.179410"><ele>2134.2</ele></trkpt>
      <trkpt lat="49.186099" lon="20.179389"><ele>2133.2</ele></trkpt>
      <trkpt lat="49.186074" lon="20.179374"><ele>2131.8</ele></trkpt>
      <trkpt lat="49.186051" lon="20.179355"><ele>2130.8</ele></trkpt>
      <trkpt lat="49.186029" lon="20.179320"><ele>2129.6</ele></trkpt>
      <trkpt lat="49.186016" lon="20.179277"><ele>2128.6</ele></trkpt>
      <trkpt lat="49.186013" lon="20.179234"><ele>2127.6</ele></trkpt>
      <trkpt lat="49.186013" lon="20.179205"><ele>2126.0</ele></trkpt>
      <trkpt lat="49.185990" lon="20.179195"><ele>2125.0</ele></trkpt>
      <trkpt lat="49.185968" lon="20.179173"><ele>2124.0</ele></trkpt>
      <trkpt lat="49.185952" lon="20.179158"><ele>2123.0</ele></trkpt>
      <trkpt lat="49.185923" lon="20.179173"><ele>2121.6</ele></trkpt>
      <trkpt lat="49.185901" lon="20.179173"><ele>2121.0</ele></trkpt>
      <trkpt lat="49.185878" lon="20.179176"><ele>2120.0</ele></trkpt>
      <trkpt lat="49.185859" lon="20.179178"><ele>2119.6</ele></trkpt>
      <trkpt lat="49.185834" lon="20.179176"><ele>2118.6</ele></trkpt>
      <trkpt lat="49.185811" lon="20.179174"><ele>2117.8</ele></trkpt>
      <trkpt lat="49.185792" lon="20.179186"><ele>2117.2</ele></trkpt>
      <trkpt lat="49.185776" lon="20.179206"><ele>2116.2</ele></trkpt>
      <trkpt lat="49.185754" lon="20.179224"><ele>2115.4</ele></trkpt>
      <trkpt lat="49.185731" lon="20.179226"><ele>2114.8</ele></trkpt>
      <trkpt lat="49.185702" lon="20.179214"><ele>2114.0</ele></trkpt>
      <trkpt lat="49.185683" lon="20.179202"><ele>2113.6</ele></trkpt>
      <trkpt lat="49.185658" lon="20.179218"><ele>2113.2</ele></trkpt>
      <trkpt lat="49.185626" lon="20.179234"><ele>2112.8</ele></trkpt>
      <trkpt lat="49.185597" lon="20.179242"><ele>2112.2</ele></trkpt>
      <trkpt lat="49.185578" lon="20.179240"><ele>2112.2</ele></trkpt>
      <trkpt lat="49.185546" lon="20.179224"><ele>2111.8</ele></trkpt>
      <trkpt lat="49.185526" lon="20.179213"><ele>2111.8</ele></trkpt>
      <trkpt lat="49.185494" lon="20.179184"><ele>2111.6</ele></trkpt>
      <trkpt lat="49.185478" lon="20.179158"><ele>2111.0</ele></trkpt>
      <trkpt lat="49.185459" lon="20.179136"><ele>2110.6</ele></trkpt>
      <trkpt lat="49.185443" lon="20.179114"><ele>2110.0</ele></trkpt>
      <trkpt lat="49.185421" lon="20.179083"><ele>2109.0</ele></trkpt>
      <trkpt lat="49.185392" lon="20.179077"><ele>2108.6</ele></trkpt>
      <trkpt lat="49.185360" lon="20.179062"><ele>2108.0</ele></trkpt>
      <trkpt lat="49.185334" lon="20.179038"><ele>2107.8</ele></trkpt>
      <trkpt lat="49.185306" lon="20.179018"><ele>2107.4</ele></trkpt>
      <trkpt lat="49.185283" lon="20.178992"><ele>2107.4</ele></trkpt>
      <trkpt lat="49.185267" lon="20.178973"><ele>2107.4</ele></trkpt>
      <trkpt lat="49.185254" lon="20.178942"><ele>2107.6</ele></trkpt>
      <trkpt lat="49.185242" lon="20.178912"><ele>2107.6</ele></trkpt>
      <trkpt lat="49.185226" lon="20.178888"><ele>2107.8</ele></trkpt>
      <trkpt lat="49.185210" lon="20.178864"><ele>2107.6</ele></trkpt>
      <trkpt lat="49.185194" lon="20.178838"><ele>2107.6</ele></trkpt>
      <trkpt lat="49.185178" lon="20.178814"><ele>2107.6</ele></trkpt>
      <trkpt lat="49.185162" lon="20.178787"><ele>2107.4</ele></trkpt>
      <trkpt lat="49.185158" lon="20.178754"><ele>2106.6</ele></trkpt>
      <trkpt lat="49.185155" lon="20.178722"><ele>2105.4</ele></trkpt>
      <trkpt lat="49.185146" lon="20.178694"><ele>2104.4</ele></trkpt>
      <trkpt lat="49.185136" lon="20.178669"><ele>2103.8</ele></trkpt>
      <trkpt lat="49.185123" lon="20.178646"><ele>2103.8</ele></trkpt>
      <trkpt lat="49.185107" lon="20.178622"><ele>2103.4</ele></trkpt>
      <trkpt lat="49.185085" lon="20.178578"><ele>2103.0</ele></trkpt>
      <trkpt lat="49.185069" lon="20.178541"><ele>2103.6</ele></trkpt>
      <trkpt lat="49.185062" lon="20.178498"><ele>2103.6</ele></trkpt>
      <trkpt lat="49.185059" lon="20.178470"><ele>2103.4</ele></trkpt>
      <trkpt lat="49.185062" lon="20.178440"><ele>2103.0</ele></trkpt>
      <trkpt lat="49.185066" lon="20.178410"><ele>2102.4</ele></trkpt>
      <trkpt lat="49.185069" lon="20.178362"><ele>2101.4</ele></trkpt>
      <trkpt lat="49.185069" lon="20.178333"><ele>2101.2</ele></trkpt>
      <trkpt lat="49.185069" lon="20.178302"><ele>2101.0</ele></trkpt>
      <trkpt lat="49.185075" lon="20.178274"><ele>2100.6</ele></trkpt>
      <trkpt lat="49.185078" lon="20.178230"><ele>2099.6</ele></trkpt>
      <trkpt lat="49.185078" lon="20.178194"><ele>2099.2</ele></trkpt>
      <trkpt lat="49.185082" lon="20.178160"><ele>2098.4</ele></trkpt>
      <trkpt lat="49.185075" lon="20.178109"><ele>2098.2</ele></trkpt>
      <trkpt lat="49.185078" lon="20.178082"><ele>2097.8</ele></trkpt>
      <trkpt lat="49.185088" lon="20.178035"><ele>2097.8</ele></trkpt>
      <trkpt lat="49.185098" lon="20.177992"><ele>2098.4</ele></trkpt>
      <trkpt lat="49.185117" lon="20.177952"><ele>2098.6</ele></trkpt>
      <trkpt lat="49.185149" lon="20.177922"><ele>2098.8</ele></trkpt>
      <trkpt lat="49.185187" lon="20.177917"><ele>2099.8</ele></trkpt>
      <trkpt lat="49.185210" lon="20.177915"><ele>2099.8</ele></trkpt>
      <trkpt lat="49.185229" lon="20.177907"><ele>2099.6</ele></trkpt>
      <trkpt lat="49.185254" lon="20.177894"><ele>2098.8</ele></trkpt>
      <trkpt lat="49.185280" lon="20.177877"><ele>2098.0</ele></trkpt>
      <trkpt lat="49.185306" lon="20.177851"><ele>2097.4</ele></trkpt>
      <trkpt lat="49.185334" lon="20.177813"><ele>2097.2</ele></trkpt>
      <trkpt lat="49.185354" lon="20.177800"><ele>2096.6</ele></trkpt>
      <trkpt lat="49.185376" lon="20.177786"><ele>2096.4</ele></trkpt>
      <trkpt lat="49.185395" lon="20.177771"><ele>2096.4</ele></trkpt>
      <trkpt lat="49.185414" lon="20.177754"><ele>2096.4</ele></trkpt>
      <trkpt lat="49.185427" lon="20.177718"><ele>2095.6</ele></trkpt>
      <trkpt lat="49.185443" lon="20.177688"><ele>2095.0</ele></trkpt>
      <trkpt lat="49.185453" lon="20.177646"><ele>2095.0</ele></trkpt>
      <trkpt lat="49.185446" lon="20.177598"><ele>2094.8</ele></trkpt>
      <trkpt lat="49.185440" lon="20.177555"><ele>2094.6</ele></trkpt>
      <trkpt lat="49.185440" lon="20.177520"><ele>2094.4</ele></trkpt>
      <trkpt lat="49.185443" lon="20.177493"><ele>2093.4</ele></trkpt>
      <trkpt lat="49.185424" lon="20.177486"><ele>2092.8</ele></trkpt>
      <trkpt lat="49.185402" lon="20.177475"><ele>2092.4</ele></trkpt>
      <trkpt lat="49.185386" lon="20.177445"><ele>2090.6</ele></trkpt>
      <trkpt lat="49.185382" lon="20.177414"><ele>2089.6</ele></trkpt>
      <trkpt lat="49.185382" lon="20.177376"><ele>2088.6</ele></trkpt>
      <trkpt lat="49.185398" lon="20.177339"><ele>2087.8</ele></trkpt>
      <trkpt lat="49.185395" lon="20.177310"><ele>2087.0</ele></trkpt>
      <trkpt lat="49.185379" lon="20.177272"><ele>2086.4</ele></trkpt>
      <trkpt lat="49.185376" lon="20.177221"><ele>2086.2</ele></trkpt>
      <trkpt lat="49.185376" lon="20.177187"><ele>2085.6</ele></trkpt>
      <trkpt lat="49.185360" lon="20.177162"><ele>2085.2</ele></trkpt>
      <trkpt lat="49.185341" lon="20.177150"><ele>2085.0</ele></trkpt>
      <trkpt lat="49.185325" lon="20.177133"><ele>2085.0</ele></trkpt>
      <trkpt lat="49.185299" lon="20.177110"><ele>2084.6</ele></trkpt>
      <trkpt lat="49.185280" lon="20.177088"><ele>2084.2</ele></trkpt>
      <trkpt lat="49.185264" lon="20.177058"><ele>2083.2</ele></trkpt>
      <trkpt lat="49.185254" lon="20.177030"><ele>2082.2</ele></trkpt>
      <trkpt lat="49.185235" lon="20.177040"><ele>2081.2</ele></trkpt>
      <trkpt lat="49.185216" lon="20.177030"><ele>2079.8</ele></trkpt>
      <trkpt lat="49.185206" lon="20.176997"><ele>2078.6</ele></trkpt>
      <trkpt lat="49.185206" lon="20.176960"><ele>2077.0</ele></trkpt>
      <trkpt lat="49.185203" lon="20.176930"><ele>2076.0</ele></trkpt>
      <trkpt lat="49.185181" lon="20.176931"><ele>2075.4</ele></trkpt>
      <trkpt lat="49.185165" lon="20.176944"><ele>2075.2</ele></trkpt>
      <trkpt lat="49.185142" lon="20.176926"><ele>2074.4</ele></trkpt>
      <trkpt lat="49.185130" lon="20.176898"><ele>2072.6</ele></trkpt>
      <trkpt lat="49.185110" lon="20.176878"><ele>2070.6</ele></trkpt>
      <trkpt lat="49.185082" lon="20.176872"><ele>2068.4</ele></trkpt>
      <trkpt lat="49.185062" lon="20.176864"><ele>2067.6</ele></trkpt>
      <trkpt lat="49.185043" lon="20.176851"><ele>2066.2</ele></trkpt>
      <trkpt lat="49.185024" lon="20.176821"><ele>2065.0</ele></trkpt>
      <trkpt lat="49.185024" lon="20.176789"><ele>2064.2</ele></trkpt>
      <trkpt lat="49.185030" lon="20.176758"><ele>2063.4</ele></trkpt>
      <trkpt lat="49.185027" lon="20.176722"><ele>2061.8</ele></trkpt>
      <trkpt lat="49.185014" lon="20.176696"><ele>2061.0</ele></trkpt>
      <trkpt lat="49.184995" lon="20.176690"><ele>2060.2</ele></trkpt>
      <trkpt lat="49.184970" lon="20.176704"><ele>2059.4</ele></trkpt>
      <trkpt lat="49.184950" lon="20.176718"><ele>2058.4</ele></trkpt>
      <trkpt lat="49.184925" lon="20.176720"><ele>2057.2</ele></trkpt>
      <trkpt lat="49.184906" lon="20.176714"><ele>2056.6</ele></trkpt>
      <trkpt lat="49.184886" lon="20.176715"><ele>2056.4</ele></trkpt>
      <trkpt lat="49.184851" lon="20.176725"><ele>2055.8</ele></trkpt>
      <trkpt lat="49.184832" lon="20.176723"><ele>2055.4</ele></trkpt>
      <trkpt lat="49.184800" lon="20.176730"><ele>2054.6</ele></trkpt>
      <trkpt lat="49.184765" lon="20.176730"><ele>2053.8</ele></trkpt>
      <trkpt lat="49.184746" lon="20.176730"><ele>2053.6</ele></trkpt>
      <trkpt lat="49.184717" lon="20.176733"><ele>2053.0</ele></trkpt>
      <trkpt lat="49.184691" lon="20.176738"><ele>2052.2</ele></trkpt>
      <trkpt lat="49.184669" lon="20.176738"><ele>2051.4</ele></trkpt>
      <trkpt lat="49.184646" lon="20.176739"><ele>2051.0</ele></trkpt>
      <trkpt lat="49.184627" lon="20.176741"><ele>2051.0</ele></trkpt>
      <trkpt lat="49.184608" lon="20.176750"><ele>2050.8</ele></trkpt>
      <trkpt lat="49.184586" lon="20.176758"><ele>2049.8</ele></trkpt>
      <trkpt lat="49.184566" lon="20.176770"><ele>2049.2</ele></trkpt>
      <trkpt lat="49.184541" lon="20.176770"><ele>2048.0</ele></trkpt>
      <trkpt lat="49.184518" lon="20.176770"><ele>2047.4</ele></trkpt>
      <trkpt lat="49.184486" lon="20.176765"><ele>2047.0</ele></trkpt>
      <trkpt lat="49.184467" lon="20.176755"><ele>2046.4</ele></trkpt>
      <trkpt lat="49.184448" lon="20.176749"><ele>2045.8</ele></trkpt>
      <trkpt lat="49.184429" lon="20.176730"><ele>2045.4</ele></trkpt>
      <trkpt lat="49.184435" lon="20.176701"><ele>2045.0</ele></trkpt>
      <trkpt lat="49.184448" lon="20.176680"><ele>2044.2</ele></trkpt>
      <trkpt lat="49.184461" lon="20.176656"><ele>2043.6</ele></trkpt>
      <trkpt lat="49.184451" lon="20.176630"><ele>2042.4</ele></trkpt>
      <trkpt lat="49.184432" lon="20.176629"><ele>2041.8</ele></trkpt>
      <trkpt lat="49.184413" lon="20.176605"><ele>2041.4</ele></trkpt>
      <trkpt lat="49.184406" lon="20.176571"><ele>2040.6</ele></trkpt>
      <trkpt lat="49.184381" lon="20.176549"><ele>2039.4</ele></trkpt>
      <trkpt lat="49.184371" lon="20.176522"><ele>2038.8</ele></trkpt>
      <trkpt lat="49.184387" lon="20.176493"><ele>2037.0</ele></trkpt>
      <trkpt lat="49.184371" lon="20.176467"><ele>2035.8</ele></trkpt>
      <trkpt lat="49.184355" lon="20.176445"><ele>2034.6</ele></trkpt>
      <trkpt lat="49.184352" lon="20.176414"><ele>2033.4</ele></trkpt>
      <trkpt lat="49.184330" lon="20.176402"><ele>2032.6</ele></trkpt>
      <trkpt lat="49.184314" lon="20.176381"><ele>2031.8</ele></trkpt>
      <trkpt lat="49.184307" lon="20.176350"><ele>2030.2</ele></trkpt>
      <trkpt lat="49.184294" lon="20.176326"><ele>2028.6</ele></trkpt>
      <trkpt lat="49.184285" lon="20.176301"><ele>2027.2</ele></trkpt>
      <trkpt lat="49.184272" lon="20.176272"><ele>2026.2</ele></trkpt>
      <trkpt lat="49.184262" lon="20.176245"><ele>2025.0</ele></trkpt>
      <trkpt lat="49.184246" lon="20.176227"><ele>2023.6</ele></trkpt>
      <trkpt lat="49.184227" lon="20.176213"><ele>2022.6</ele></trkpt>
      <trkpt lat="49.184208" lon="20.176198"><ele>2021.4</ele></trkpt>
      <trkpt lat="49.184189" lon="20.176184"><ele>2020.6</ele></trkpt>
      <trkpt lat="49.184176" lon="20.176154"><ele>2018.8</ele></trkpt>
      <trkpt lat="49.184157" lon="20.176120"><ele>2018.0</ele></trkpt>
      <trkpt lat="49.184141" lon="20.176107"><ele>2017.2</ele></trkpt>
      <trkpt lat="49.184115" lon="20.176093"><ele>2016.6</ele></trkpt>
      <trkpt lat="49.184086" lon="20.176078"><ele>2016.0</ele></trkpt>
      <trkpt lat="49.184054" lon="20.176069"><ele>2015.4</ele></trkpt>
      <trkpt lat="49.184035" lon="20.176067"><ele>2015.4</ele></trkpt>
      <trkpt lat="49.184006" lon="20.176059"><ele>2015.2</ele></trkpt>
      <trkpt lat="49.183978" lon="20.176054"><ele>2014.6</ele></trkpt>
      <trkpt lat="49.183958" lon="20.176048"><ele>2014.4</ele></trkpt>
      <trkpt lat="49.183936" lon="20.176034"><ele>2014.2</ele></trkpt>
      <trkpt lat="49.183910" lon="20.176003"><ele>2014.2</ele></trkpt>
      <trkpt lat="49.183891" lon="20.175989"><ele>2014.2</ele></trkpt>
      <trkpt lat="49.183872" lon="20.175978"><ele>2014.2</ele></trkpt>
      <trkpt lat="49.183846" lon="20.175958"><ele>2014.4</ele></trkpt>
      <trkpt lat="49.183827" lon="20.175931"><ele>2014.2</ele></trkpt>
      <trkpt lat="49.183798" lon="20.175894"><ele>2014.4</ele></trkpt>
      <trkpt lat="49.183770" lon="20.175859"><ele>2014.8</ele></trkpt>
      <trkpt lat="49.183754" lon="20.175837"><ele>2014.6</ele></trkpt>
      <trkpt lat="49.183738" lon="20.175816"><ele>2014.6</ele></trkpt>
      <trkpt lat="49.183712" lon="20.175789"><ele>2014.4</ele></trkpt>
      <trkpt lat="49.183690" lon="20.175760"><ele>2014.0</ele></trkpt>
      <trkpt lat="49.183670" lon="20.175731"><ele>2013.4</ele></trkpt>
      <trkpt lat="49.183645" lon="20.175710"><ele>2013.2</ele></trkpt>
      <trkpt lat="49.183616" lon="20.175677"><ele>2013.2</ele></trkpt>
      <trkpt lat="49.183590" lon="20.175634"><ele>2012.8</ele></trkpt>
      <trkpt lat="49.183558" lon="20.175597"><ele>2012.0</ele></trkpt>
      <trkpt lat="49.183536" lon="20.175573"><ele>2011.0</ele></trkpt>
      <trkpt lat="49.183517" lon="20.175554"><ele>2011.2</ele></trkpt>
      <trkpt lat="49.183498" lon="20.175531"><ele>2011.2</ele></trkpt>
      <trkpt lat="49.183482" lon="20.175510"><ele>2011.2</ele></trkpt>
      <trkpt lat="49.183469" lon="20.175490"><ele>2011.0</ele></trkpt>
      <trkpt lat="49.183453" lon="20.175477"><ele>2011.0</ele></trkpt>
      <trkpt lat="49.183434" lon="20.175464"><ele>2010.8</ele></trkpt>
      <trkpt lat="49.183408" lon="20.175443"><ele>2011.2</ele></trkpt>
      <trkpt lat="49.183392" lon="20.175430"><ele>2011.2</ele></trkpt>
      <trkpt lat="49.183370" lon="20.175398"><ele>2011.6</ele></trkpt>
      <trkpt lat="49.183354" lon="20.175355"><ele>2011.2</ele></trkpt>
      <trkpt lat="49.183354" lon="20.175304"><ele>2010.6</ele></trkpt>
      <trkpt lat="49.183354" lon="20.175266"><ele>2009.6</ele></trkpt>
      <trkpt lat="49.183350" lon="20.175235"><ele>2008.8</ele></trkpt>
      <trkpt lat="49.183347" lon="20.175198"><ele>2008.8</ele></trkpt>
      <trkpt lat="49.183338" lon="20.175160"><ele>2009.4</ele></trkpt>
      <trkpt lat="49.183331" lon="20.175110"><ele>2010.0</ele></trkpt>
      <trkpt lat="49.183318" lon="20.175062"><ele>2010.4</ele></trkpt>
      <trkpt lat="49.183312" lon="20.175022"><ele>2010.6</ele></trkpt>
      <trkpt lat="49.183309" lon="20.174987"><ele>2011.6</ele></trkpt>
      <trkpt lat="49.183312" lon="20.174952"><ele>2012.2</ele></trkpt>
      <trkpt lat="49.183312" lon="20.174917"><ele>2013.0</ele></trkpt>
      <trkpt lat="49.183328" lon="20.174888"><ele>2013.4</ele></trkpt>
      <trkpt lat="49.183334" lon="20.174846"><ele>2015.0</ele></trkpt>
      <trkpt lat="49.183328" lon="20.174808"><ele>2014.8</ele></trkpt>
      <trkpt lat="49.183322" lon="20.174770"><ele>2014.6</ele></trkpt>
      <trkpt lat="49.183328" lon="20.174742"><ele>2015.2</ele></trkpt>
      <trkpt lat="49.183328" lon="20.174702"><ele>2017.0</ele></trkpt>
      <trkpt lat="49.183309" lon="20.174669"><ele>2018.4</ele></trkpt>
      <trkpt lat="49.183293" lon="20.174638"><ele>2020.2</ele></trkpt>
      <trkpt lat="49.183280" lon="20.174603"><ele>2020.0</ele></trkpt>
      <trkpt lat="49.183274" lon="20.174568"><ele>2019.4</ele></trkpt>
      <trkpt lat="49.183274" lon="20.174536"><ele>2018.6</ele></trkpt>
      <trkpt lat="49.183274" lon="20.174498"><ele>2018.0</ele></trkpt>
      <trkpt lat="49.183270" lon="20.174459"><ele>2018.0</ele></trkpt>
      <trkpt lat="49.183258" lon="20.174426"><ele>2019.8</ele></trkpt>
      <trkpt lat="49.183251" lon="20.174392"><ele>2020.8</ele></trkpt>
      <trkpt lat="49.183242" lon="20.174352"><ele>2019.4</ele></trkpt>
      <trkpt lat="49.183238" lon="20.174320"><ele>2019.8</ele></trkpt>
      <trkpt lat="49.183235" lon="20.174286"><ele>2019.2</ele></trkpt>
      <trkpt lat="49.183222" lon="20.174256"><ele>2020.0</ele></trkpt>
      <trkpt lat="49.183216" lon="20.174227"><ele>2022.4</ele></trkpt>
      <trkpt lat="49.183213" lon="20.174200"><ele>2021.2</ele></trkpt>
      <trkpt lat="49.183200" lon="20.174179"><ele>2022.2</ele></trkpt>
      <trkpt lat="49.183184" lon="20.174147"><ele>2023.8</ele></trkpt>
      <trkpt lat="49.183181" lon="20.174109"><ele>2022.4</ele></trkpt>
      <trkpt lat="49.183184" lon="20.174074"><ele>2020.6</ele></trkpt>
      <trkpt lat="49.183181" lon="20.174038"><ele>2020.8</ele></trkpt>
      <trkpt lat="49.183158" lon="20.174014"><ele>2022.2</ele></trkpt>
      <trkpt lat="49.183152" lon="20.173987"><ele>2022.4</ele></trkpt>
      <trkpt lat="49.183139" lon="20.173942"><ele>2021.8</ele></trkpt>
      <trkpt lat="49.183139" lon="20.173902"><ele>2020.6</ele></trkpt>
      <trkpt lat="49.183152" lon="20.173878"><ele>2019.8</ele></trkpt>
      <trkpt lat="49.183162" lon="20.173845"><ele>2019.6</ele></trkpt>
      <trkpt lat="49.183158" lon="20.173811"><ele>2020.4</ele></trkpt>
      <trkpt lat="49.183162" lon="20.173771"><ele>2020.6</ele></trkpt>
      <trkpt lat="49.183168" lon="20.173742"><ele>2020.8</ele></trkpt>
      <trkpt lat="49.183174" lon="20.173710"><ele>2022.4</ele></trkpt>
      <trkpt lat="49.183181" lon="20.173674"><ele>2021.4</ele></trkpt>
      <trkpt lat="49.183194" lon="20.173645"><ele>2021.8</ele></trkpt>
      <trkpt lat="49.183210" lon="20.173622"><ele>2021.8</ele></trkpt>
      <trkpt lat="49.183219" lon="20.173595"><ele>2021.8</ele></trkpt>
      <trkpt lat="49.183222" lon="20.173562"><ele>2021.8</ele></trkpt>
      <trkpt lat="49.183216" lon="20.173525"><ele>2021.0</ele></trkpt>
      <trkpt lat="49.183213" lon="20.173493"><ele>2020.8</ele></trkpt>
      <trkpt lat="49.183210" lon="20.173466"><ele>2020.0</ele></trkpt>
      <trkpt lat="49.183190" lon="20.173438"><ele>2019.6</ele></trkpt>
      <trkpt lat="49.183158" lon="20.173419"><ele>2020.4</ele></trkpt>
      <trkpt lat="49.183139" lon="20.173413"><ele>2020.4</ele></trkpt>
      <trkpt lat="49.183123" lon="20.173397"><ele>2020.0</ele></trkpt>
      <trkpt lat="49.183104" lon="20.173376"><ele>2019.8</ele></trkpt>
      <trkpt lat="49.183091" lon="20.173355"><ele>2019.4</ele></trkpt>
      <trkpt lat="49.183078" lon="20.173333"><ele>2019.2</ele></trkpt>
      <trkpt lat="49.183062" lon="20.173306"><ele>2018.8</ele></trkpt>
      <trkpt lat="49.183040" lon="20.173288"><ele>2018.2</ele></trkpt>
      <trkpt lat="49.183018" lon="20.173299"><ele>2017.4</ele></trkpt>
      <trkpt lat="49.182992" lon="20.173288"><ele>2016.2</ele></trkpt>
      <trkpt lat="49.182979" lon="20.173267"><ele>2015.0</ele></trkpt>
      <trkpt lat="49.182960" lon="20.173270"><ele>2014.4</ele></trkpt>
      <trkpt lat="49.182941" lon="20.173269"><ele>2014.0</ele></trkpt>
      <trkpt lat="49.182918" lon="20.173235"><ele>2013.0</ele></trkpt>
      <trkpt lat="49.182893" lon="20.173235"><ele>2012.4</ele></trkpt>
      <trkpt lat="49.182874" lon="20.173237"><ele>2012.0</ele></trkpt>
      <trkpt lat="49.182854" lon="20.173219"><ele>2011.8</ele></trkpt>
      <trkpt lat="49.182838" lon="20.173205"><ele>2011.8</ele></trkpt>
      <trkpt lat="49.182826" lon="20.173170"><ele>2010.0</ele></trkpt>
      <trkpt lat="49.182803" lon="20.173149"><ele>2010.2</ele></trkpt>
      <trkpt lat="49.182778" lon="20.173128"><ele>2010.2</ele></trkpt>
      <trkpt lat="49.182758" lon="20.173109"><ele>2009.8</ele></trkpt>
      <trkpt lat="49.182736" lon="20.173077"><ele>2008.8</ele></trkpt>
      <trkpt lat="49.182717" lon="20.173051"><ele>2007.6</ele></trkpt>
      <trkpt lat="49.182701" lon="20.173024"><ele>2006.2</ele></trkpt>
      <trkpt lat="49.182678" lon="20.173005"><ele>2005.2</ele></trkpt>
      <trkpt lat="49.182656" lon="20.172978"><ele>2004.2</ele></trkpt>
      <trkpt lat="49.182634" lon="20.172950"><ele>2003.2</ele></trkpt>
      <trkpt lat="49.182614" lon="20.172917"><ele>2002.2</ele></trkpt>
      <trkpt lat="49.182586" lon="20.172880"><ele>2001.8</ele></trkpt>
      <trkpt lat="49.182563" lon="20.172851"><ele>2000.8</ele></trkpt>
      <trkpt lat="49.182534" lon="20.172816"><ele>2000.6</ele></trkpt>
      <trkpt lat="49.182509" lon="20.172779"><ele>1999.8</ele></trkpt>
      <trkpt lat="49.182483" lon="20.172752"><ele>1999.2</ele></trkpt>
      <trkpt lat="49.182467" lon="20.172739"><ele>1999.0</ele></trkpt>
      <trkpt lat="49.182442" lon="20.172712"><ele>1998.4</ele></trkpt>
      <trkpt lat="49.182419" lon="20.172686"><ele>1998.0</ele></trkpt>
      <trkpt lat="49.182400" lon="20.172658"><ele>1997.2</ele></trkpt>
      <trkpt lat="49.182400" lon="20.172629"><ele>1996.2</ele></trkpt>
      <trkpt lat="49.182394" lon="20.172594"><ele>1995.2</ele></trkpt>
      <trkpt lat="49.182387" lon="20.172562"><ele>1995.2</ele></trkpt>
      <trkpt lat="49.182381" lon="20.172528"><ele>1995.4</ele></trkpt>
      <trkpt lat="49.182378" lon="20.172496"><ele>1995.8</ele></trkpt>
      <trkpt lat="49.182368" lon="20.172454"><ele>1995.6</ele></trkpt>
      <trkpt lat="49.182365" lon="20.172406"><ele>1995.2</ele></trkpt>
      <trkpt lat="49.182362" lon="20.172363"><ele>1994.6</ele></trkpt>
      <trkpt lat="49.182355" lon="20.172330"><ele>1994.4</ele></trkpt>
      <trkpt lat="49.182355" lon="20.172285"><ele>1994.0</ele></trkpt>
      <trkpt lat="49.182349" lon="20.172250"><ele>1993.8</ele></trkpt>
      <trkpt lat="49.182346" lon="20.172214"><ele>1994.0</ele></trkpt>
      <trkpt lat="49.182349" lon="20.172181"><ele>1992.8</ele></trkpt>
      <trkpt lat="49.182349" lon="20.172150"><ele>1993.6</ele></trkpt>
      <trkpt lat="49.182339" lon="20.172118"><ele>1993.6</ele></trkpt>
      <trkpt lat="49.182346" lon="20.172085"><ele>1993.0</ele></trkpt>
      <trkpt lat="49.182368" lon="20.172066"><ele>1992.4</ele></trkpt>
      <trkpt lat="49.182381" lon="20.172043"><ele>1991.8</ele></trkpt>
      <trkpt lat="49.182387" lon="20.172014"><ele>1991.8</ele></trkpt>
      <trkpt lat="49.182400" lon="20.171992"><ele>1991.6</ele></trkpt>
      <trkpt lat="49.182419" lon="20.171979"><ele>1992.0</ele></trkpt>
      <trkpt lat="49.182410" lon="20.171947"><ele>1992.8</ele></trkpt>
      <trkpt lat="49.182403" lon="20.171918"><ele>1993.4</ele></trkpt>
      <trkpt lat="49.182397" lon="20.171875"><ele>1994.0</ele></trkpt>
      <trkpt lat="49.182397" lon="20.171840"><ele>1994.4</ele></trkpt>
      <trkpt lat="49.182394" lon="20.171795"><ele>1994.8</ele></trkpt>
      <trkpt lat="49.182387" lon="20.171757"><ele>1994.8</ele></trkpt>
      <trkpt lat="49.182387" lon="20.171728"><ele>1994.8</ele></trkpt>
      <trkpt lat="49.182394" lon="20.171698"><ele>1995.4</ele></trkpt>
      <trkpt lat="49.182387" lon="20.171669"><ele>1996.0</ele></trkpt>
      <trkpt lat="49.182387" lon="20.171638"><ele>1996.8</ele></trkpt>
      <trkpt lat="49.182394" lon="20.171608"><ele>1997.8</ele></trkpt>
      <trkpt lat="49.182400" lon="20.171576"><ele>1998.6</ele></trkpt>
      <trkpt lat="49.182400" lon="20.171547"><ele>1999.2</ele></trkpt>
      <trkpt lat="49.182403" lon="20.171515"><ele>1999.6</ele></trkpt>
      <trkpt lat="49.182403" lon="20.171478"><ele>2000.0</ele></trkpt>
      <trkpt lat="49.182406" lon="20.171443"><ele>2000.0</ele></trkpt>
      <trkpt lat="49.182416" lon="20.171418"><ele>2000.0</ele></trkpt>
      <trkpt lat="49.182435" lon="20.171390"><ele>2000.2</ele></trkpt>
      <trkpt lat="49.182445" lon="20.171349"><ele>2000.8</ele></trkpt>
      <trkpt lat="49.182454" lon="20.171317"><ele>2001.0</ele></trkpt>
      <trkpt lat="49.182454" lon="20.171280"><ele>2001.8</ele></trkpt>
      <trkpt lat="49.182464" lon="20.171248"><ele>2002.4</ele></trkpt>
      <trkpt lat="49.182467" lon="20.171211"><ele>2003.4</ele></trkpt>
      <trkpt lat="49.182486" lon="20.171174"><ele>2003.8</ele></trkpt>
      <trkpt lat="49.182499" lon="20.171144"><ele>2003.6</ele></trkpt>
      <trkpt lat="49.182515" lon="20.171115"><ele>2003.8</ele></trkpt>
      <trkpt lat="49.182528" lon="20.171083"><ele>2004.6</ele></trkpt>
      <trkpt lat="49.182547" lon="20.171075"><ele>2005.2</ele></trkpt>
      <trkpt lat="49.182560" lon="20.171051"><ele>2006.0</ele></trkpt>
      <trkpt lat="49.182579" lon="20.171029"><ele>2006.8</ele></trkpt>
      <trkpt lat="49.182602" lon="20.171013"><ele>2008.4</ele></trkpt>
      <trkpt lat="49.182624" lon="20.171011"><ele>2010.2</ele></trkpt>
      <trkpt lat="49.182643" lon="20.171002"><ele>2011.0</ele></trkpt>
      <trkpt lat="49.182666" lon="20.170989"><ele>2011.0</ele></trkpt>
      <trkpt lat="49.182675" lon="20.170965"><ele>2010.6</ele></trkpt>
      <trkpt lat="49.182682" lon="20.170934"><ele>2011.4</ele></trkpt>
      <trkpt lat="49.182666" lon="20.170917"><ele>2012.8</ele></trkpt>
      <trkpt lat="49.182646" lon="20.170891"><ele>2012.6</ele></trkpt>
      <trkpt lat="49.182640" lon="20.170864"><ele>2011.8</ele></trkpt>
      <trkpt lat="49.182624" lon="20.170843"><ele>2011.4</ele></trkpt>
      <trkpt lat="49.182614" lon="20.170816"><ele>2010.2</ele></trkpt>
      <trkpt lat="49.182608" lon="20.170784"><ele>2009.6</ele></trkpt>
      <trkpt lat="49.182618" lon="20.170757"><ele>2009.0</ele></trkpt>
      <trkpt lat="49.182634" lon="20.170725"><ele>2008.0</ele></trkpt>
      <trkpt lat="49.182656" lon="20.170698"><ele>2007.6</ele></trkpt>
      <trkpt lat="49.182666" lon="20.170674"><ele>2006.8</ele></trkpt>
      <trkpt lat="49.182666" lon="20.170643"><ele>2006.0</ele></trkpt>
      <trkpt lat="49.182672" lon="20.170608"><ele>2005.6</ele></trkpt>
      <trkpt lat="49.182672" lon="20.170573"><ele>2005.2</ele></trkpt>
      <trkpt lat="49.182662" lon="20.170534"><ele>2004.6</ele></trkpt>
      <trkpt lat="49.182662" lon="20.170496"><ele>2003.6</ele></trkpt>
      <trkpt lat="49.182666" lon="20.170454"><ele>2002.8</ele></trkpt>
      <trkpt lat="49.182678" lon="20.170429"><ele>2002.0</ele></trkpt>
      <trkpt lat="49.182691" lon="20.170395"><ele>2001.4</ele></trkpt>
      <trkpt lat="49.182694" lon="20.170366"><ele>2001.0</ele></trkpt>
      <trkpt lat="49.182694" lon="20.170338"><ele>2000.8</ele></trkpt>
      <trkpt lat="49.182701" lon="20.170309"><ele>2000.4</ele></trkpt>
      <trkpt lat="49.182704" lon="20.170270"><ele>2000.0</ele></trkpt>
      <trkpt lat="49.182723" lon="20.170235"><ele>2000.0</ele></trkpt>
      <trkpt lat="49.182736" lon="20.170205"><ele>2000.0</ele></trkpt>
      <trkpt lat="49.182746" lon="20.170178"><ele>2000.0</ele></trkpt>
      <trkpt lat="49.182765" lon="20.170157"><ele>2000.0</ele></trkpt>
      <trkpt lat="49.182778" lon="20.170133"><ele>1999.4</ele></trkpt>
      <trkpt lat="49.182794" lon="20.170101"><ele>1999.2</ele></trkpt>
      <trkpt lat="49.182813" lon="20.170070"><ele>1998.0</ele></trkpt>
      <trkpt lat="49.182838" lon="20.170053"><ele>1997.6</ele></trkpt>
      <trkpt lat="49.182864" lon="20.170027"><ele>1997.4</ele></trkpt>
      <trkpt lat="49.182877" lon="20.170003"><ele>1997.4</ele></trkpt>
      <trkpt lat="49.182890" lon="20.169963"><ele>1997.4</ele></trkpt>
      <trkpt lat="49.182893" lon="20.169920"><ele>1997.2</ele></trkpt>
      <trkpt lat="49.182906" lon="20.169878"><ele>1997.2</ele></trkpt>
      <trkpt lat="49.182915" lon="20.169845"><ele>1996.8</ele></trkpt>
      <trkpt lat="49.182918" lon="20.169810"><ele>1996.2</ele></trkpt>
      <trkpt lat="49.182931" lon="20.169778"><ele>1995.8</ele></trkpt>
      <trkpt lat="49.182941" lon="20.169749"><ele>1995.0</ele></trkpt>
      <trkpt lat="49.182957" lon="20.169720"><ele>1994.4</ele></trkpt>
      <trkpt lat="49.182973" lon="20.169694"><ele>1993.6</ele></trkpt>
      <trkpt lat="49.182982" lon="20.169661"><ele>1992.8</ele></trkpt>
      <trkpt lat="49.183005" lon="20.169630"><ele>1992.2</ele></trkpt>
      <trkpt lat="49.183018" lon="20.169610"><ele>1991.8</ele></trkpt>
      <trkpt lat="49.183037" lon="20.169560"><ele>1991.4</ele></trkpt>
      <trkpt lat="49.183050" lon="20.169536"><ele>1990.8</ele></trkpt>
      <trkpt lat="49.183062" lon="20.169514"><ele>1990.6</ele></trkpt>
      <trkpt lat="49.183075" lon="20.169491"><ele>1990.4</ele></trkpt>
      <trkpt lat="49.183091" lon="20.169467"><ele>1990.4</ele></trkpt>
      <trkpt lat="49.183117" lon="20.169427"><ele>1990.2</ele></trkpt>
      <trkpt lat="49.183136" lon="20.169387"><ele>1990.4</ele></trkpt>
      <trkpt lat="49.183152" lon="20.169346"><ele>1990.8</ele></trkpt>
      <trkpt lat="49.183162" lon="20.169302"><ele>1991.2</ele></trkpt>
      <trkpt lat="49.183171" lon="20.169277"><ele>1991.2</ele></trkpt>
      <trkpt lat="49.183184" lon="20.169238"><ele>1991.4</ele></trkpt>
      <trkpt lat="49.183203" lon="20.169202"><ele>1991.6</ele></trkpt>
      <trkpt lat="49.183219" lon="20.169186"><ele>1991.8</ele></trkpt>
      <trkpt lat="49.183251" lon="20.169162"><ele>1991.8</ele></trkpt>
      <trkpt lat="49.183267" lon="20.169125"><ele>1991.8</ele></trkpt>
      <trkpt lat="49.183274" lon="20.169094"><ele>1991.6</ele></trkpt>
      <trkpt lat="49.183280" lon="20.169056"><ele>1991.2</ele></trkpt>
      <trkpt lat="49.183290" lon="20.169005"><ele>1990.8</ele></trkpt>
      <trkpt lat="49.183290" lon="20.168963"><ele>1990.6</ele></trkpt>
      <trkpt lat="49.183280" lon="20.168926"><ele>1990.2</ele></trkpt>
      <trkpt lat="49.183290" lon="20.168890"><ele>1990.0</ele></trkpt>
      <trkpt lat="49.183312" lon="20.168885"><ele>1990.0</ele></trkpt>
      <trkpt lat="49.183334" lon="20.168869"><ele>1990.0</ele></trkpt>
      <trkpt lat="49.183338" lon="20.168830"><ele>1990.2</ele></trkpt>
      <trkpt lat="49.183341" lon="20.168802"><ele>1990.2</ele></trkpt>
      <trkpt lat="49.183360" lon="20.168776"><ele>1990.2</ele></trkpt>
      <trkpt lat="49.183373" lon="20.168750"><ele>1990.2</ele></trkpt>
      <trkpt lat="49.183389" lon="20.168718"><ele>1990.2</ele></trkpt>
      <trkpt lat="49.183408" lon="20.168706"><ele>1990.4</ele></trkpt>
      <trkpt lat="49.183421" lon="20.168678"><ele>1990.8</ele></trkpt>
      <trkpt lat="49.183437" lon="20.168659"><ele>1991.2</ele></trkpt>
      <trkpt lat="49.183456" lon="20.168626"><ele>1991.8</ele></trkpt>
      <trkpt lat="49.183472" lon="20.168606"><ele>1992.4</ele></trkpt>
      <trkpt lat="49.183475" lon="20.168573"><ele>1992.8</ele></trkpt>
      <trkpt lat="49.183482" lon="20.168531"><ele>1993.0</ele></trkpt>
      <trkpt lat="49.183507" lon="20.168533"><ele>1992.6</ele></trkpt>
      <trkpt lat="49.183526" lon="20.168501"><ele>1992.8</ele></trkpt>
      <trkpt lat="49.183533" lon="20.168470"><ele>1993.0</ele></trkpt>
      <trkpt lat="49.183536" lon="20.168434"><ele>1994.0</ele></trkpt>
      <trkpt lat="49.183536" lon="20.168395"><ele>1994.6</ele></trkpt>
      <trkpt lat="49.183536" lon="20.168365"><ele>1994.8</ele></trkpt>
      <trkpt lat="49.183530" lon="20.168333"><ele>1995.0</ele></trkpt>
      <trkpt lat="49.183533" lon="20.168293"><ele>1995.6</ele></trkpt>
      <trkpt lat="49.183539" lon="20.168256"><ele>1996.2</ele></trkpt>
      <trkpt lat="49.183536" lon="20.168224"><ele>1996.6</ele></trkpt>
      <trkpt lat="49.183536" lon="20.168182"><ele>1996.8</ele></trkpt>
      <trkpt lat="49.183552" lon="20.168139"><ele>1997.0</ele></trkpt>
      <trkpt lat="49.183552" lon="20.168096"><ele>1997.2</ele></trkpt>
      <trkpt lat="49.183552" lon="20.168064"><ele>1997.2</ele></trkpt>
      <trkpt lat="49.183552" lon="20.168018"><ele>1997.2</ele></trkpt>
      <trkpt lat="49.183565" lon="20.167997"><ele>1997.2</ele></trkpt>
      <trkpt lat="49.183565" lon="20.167955"><ele>1997.4</ele></trkpt>
      <trkpt lat="49.183568" lon="20.167918"><ele>1997.4</ele></trkpt>
      <trkpt lat="49.183565" lon="20.167874"><ele>1997.4</ele></trkpt>
      <trkpt lat="49.183558" lon="20.167838"><ele>1997.6</ele></trkpt>
      <trkpt lat="49.183555" lon="20.167797"><ele>1997.8</ele></trkpt>
      <trkpt lat="49.183552" lon="20.167763"><ele>1997.8</ele></trkpt>
      <trkpt lat="49.183552" lon="20.167728"><ele>1997.8</ele></trkpt>
      <trkpt lat="49.183558" lon="20.167694"><ele>1998.4</ele></trkpt>
      <trkpt lat="49.183568" lon="20.167669"><ele>1998.6</ele></trkpt>
      <trkpt lat="49.183571" lon="20.167624"><ele>1999.2</ele></trkpt>
      <trkpt lat="49.183574" lon="20.167589"><ele>1999.6</ele></trkpt>
      <trkpt lat="49.183578" lon="20.167549"><ele>1999.6</ele></trkpt>
      <trkpt lat="49.183587" lon="20.167510"><ele>1999.8</ele></trkpt>
      <trkpt lat="49.183594" lon="20.167470"><ele>1999.6</ele></trkpt>
      <trkpt lat="49.183600" lon="20.167421"><ele>1999.6</ele></trkpt>
      <trkpt lat="49.183606" lon="20.167387"><ele>1999.6</ele></trkpt>
      <trkpt lat="49.183613" lon="20.167342"><ele>1999.6</ele></trkpt>
      <trkpt lat="49.183616" lon="20.167293"><ele>1999.8</ele></trkpt>
      <trkpt lat="49.183626" lon="20.167246"><ele>1999.6</ele></trkpt>
      <trkpt lat="49.183629" lon="20.167211"><ele>1999.6</ele></trkpt>
      <trkpt lat="49.183645" lon="20.167171"><ele>1999.6</ele></trkpt>
      <trkpt lat="49.183645" lon="20.167133"><ele>1999.8</ele></trkpt>
      <trkpt lat="49.183638" lon="20.167099"><ele>2000.0</ele></trkpt>
      <trkpt lat="49.183635" lon="20.167061"><ele>2000.2</ele></trkpt>
      <trkpt lat="49.183635" lon="20.167002"><ele>2000.2</ele></trkpt>
      <trkpt lat="49.183645" lon="20.166968"><ele>2000.2</ele></trkpt>
      <trkpt lat="49.183667" lon="20.166918"><ele>2000.2</ele></trkpt>
      <trkpt lat="49.183670" lon="20.166891"><ele>2000.0</ele></trkpt>
      <trkpt lat="49.183674" lon="20.166862"><ele>2000.0</ele></trkpt>
      <trkpt lat="49.183670" lon="20.166835"><ele>2000.0</ele></trkpt>
      <trkpt lat="49.183670" lon="20.166795"><ele>2000.0</ele></trkpt>
      <trkpt lat="49.183670" lon="20.166757"><ele>1999.8</ele></trkpt>
      <trkpt lat="49.183670" lon="20.166722"><ele>2000.0</ele></trkpt>
      <trkpt lat="49.183677" lon="20.166685"><ele>2000.2</ele></trkpt>
      <trkpt lat="49.183686" lon="20.166643"><ele>2000.6</ele></trkpt>
      <trkpt lat="49.183693" lon="20.166600"><ele>2000.8</ele></trkpt>
      <trkpt lat="49.183693" lon="20.166557"><ele>2001.0</ele></trkpt>
      <trkpt lat="49.183693" lon="20.166517"><ele>2001.0</ele></trkpt>
      <trkpt lat="49.183696" lon="20.166478"><ele>2001.0</ele></trkpt>
      <trkpt lat="49.183696" lon="20.166432"><ele>2000.6</ele></trkpt>
      <trkpt lat="49.183699" lon="20.166379"><ele>2000.4</ele></trkpt>
      <trkpt lat="49.183709" lon="20.166354"><ele>2000.4</ele></trkpt>
      <trkpt lat="49.183718" lon="20.166304"><ele>2000.6</ele></trkpt>
      <trkpt lat="49.183725" lon="20.166258"><ele>2000.4</ele></trkpt>
      <trkpt lat="49.183731" lon="20.166216"><ele>2000.2</ele></trkpt>
      <trkpt lat="49.183734" lon="20.166176"><ele>2000.6</ele></trkpt>
      <trkpt lat="49.183738" lon="20.166131"><ele>2001.2</ele></trkpt>
      <trkpt lat="49.183757" lon="20.166094"><ele>2001.4</ele></trkpt>
      <trkpt lat="49.183779" lon="20.166064"><ele>2001.8</ele></trkpt>
      <trkpt lat="49.183792" lon="20.166040"><ele>2002.0</ele></trkpt>
      <trkpt lat="49.183805" lon="20.166016"><ele>2002.2</ele></trkpt>
      <trkpt lat="49.183824" lon="20.165968"><ele>2002.2</ele></trkpt>
      <trkpt lat="49.183843" lon="20.165928"><ele>2002.6</ele></trkpt>
      <trkpt lat="49.183859" lon="20.165888"><ele>2002.6</ele></trkpt>
      <trkpt lat="49.183878" lon="20.165858"><ele>2002.8</ele></trkpt>
      <trkpt lat="49.183891" lon="20.165837"><ele>2002.8</ele></trkpt>
      <trkpt lat="49.183904" lon="20.165813"><ele>2003.0</ele></trkpt>
      <trkpt lat="49.183926" lon="20.165762"><ele>2003.2</ele></trkpt>
      <trkpt lat="49.183946" lon="20.165739"><ele>2003.6</ele></trkpt>
      <trkpt lat="49.183958" lon="20.165710"><ele>2003.6</ele></trkpt>
      <trkpt lat="49.183965" lon="20.165680"><ele>2003.6</ele></trkpt>
      <trkpt lat="49.183968" lon="20.165634"><ele>2003.6</ele></trkpt>
      <trkpt lat="49.183968" lon="20.165602"><ele>2003.6</ele></trkpt>
      <trkpt lat="49.183978" lon="20.165555"><ele>2003.6</ele></trkpt>
      <trkpt lat="49.183997" lon="20.165528"><ele>2003.6</ele></trkpt>
      <trkpt lat="49.184013" lon="20.165490"><ele>2003.4</ele></trkpt>
      <trkpt lat="49.184022" lon="20.165450"><ele>2003.6</ele></trkpt>
      <trkpt lat="49.184022" lon="20.165413"><ele>2003.6</ele></trkpt>
      <trkpt lat="49.184013" lon="20.165382"><ele>2003.6</ele></trkpt>
      <trkpt lat="49.184010" lon="20.165339"><ele>2003.8</ele></trkpt>
      <trkpt lat="49.183997" lon="20.165291"><ele>2004.0</ele></trkpt>
      <trkpt lat="49.183990" lon="20.165264"><ele>2004.0</ele></trkpt>
      <trkpt lat="49.183984" lon="20.165234"><ele>2004.0</ele></trkpt>
      <trkpt lat="49.183978" lon="20.165206"><ele>2004.0</ele></trkpt>
      <trkpt lat="49.183974" lon="20.165173"><ele>2004.2</ele></trkpt>
      <trkpt lat="49.183958" lon="20.165141"><ele>2004.2</ele></trkpt>
      <trkpt lat="49.183946" lon="20.165115"><ele>2004.0</ele></trkpt>
      <trkpt lat="49.183930" lon="20.165086"><ele>2003.8</ele></trkpt>
      <trkpt lat="49.183914" lon="20.165064"><ele>2003.6</ele></trkpt>
      <trkpt lat="49.183898" lon="20.165042"><ele>2003.4</ele></trkpt>
      <trkpt lat="49.183878" lon="20.165005"><ele>2002.8</ele></trkpt>
      <trkpt lat="49.183859" lon="20.164984"><ele>2002.6</ele></trkpt>
      <trkpt lat="49.183843" lon="20.164955"><ele>2002.6</ele></trkpt>
      <trkpt lat="49.183818" lon="20.164944"><ele>2002.8</ele></trkpt>
      <trkpt lat="49.183789" lon="20.164918"><ele>2003.0</ele></trkpt>
      <trkpt lat="49.183766" lon="20.164893"><ele>2003.4</ele></trkpt>
      <trkpt lat="49.183738" lon="20.164877"><ele>2003.6</ele></trkpt>
      <trkpt lat="49.183706" lon="20.164883"><ele>2003.2</ele></trkpt>
      <trkpt lat="49.183677" lon="20.164885"><ele>2003.0</ele></trkpt>
      <trkpt lat="49.183654" lon="20.164883"><ele>2002.6</ele></trkpt>
      <trkpt lat="49.183632" lon="20.164902"><ele>2002.0</ele></trkpt>
      <trkpt lat="49.183600" lon="20.164930"><ele>2001.8</ele></trkpt>
      <trkpt lat="49.183578" lon="20.164955"><ele>2001.2</ele></trkpt>
      <trkpt lat="49.183552" lon="20.164968"><ele>2000.8</ele></trkpt>
      <trkpt lat="49.183520" lon="20.164987"><ele>2000.4</ele></trkpt>
      <trkpt lat="49.183501" lon="20.165006"><ele>2000.2</ele></trkpt>
      <trkpt lat="49.183482" lon="20.165022"><ele>2000.0</ele></trkpt>
      <trkpt lat="49.183450" lon="20.165032"><ele>1999.8</ele></trkpt>
      <trkpt lat="49.183427" lon="20.165054"><ele>1999.2</ele></trkpt>
      <trkpt lat="49.183398" lon="20.165078"><ele>1998.8</ele></trkpt>
      <trkpt lat="49.183382" lon="20.165093"><ele>1998.6</ele></trkpt>
      <trkpt lat="49.183366" lon="20.165118"><ele>1998.0</ele></trkpt>
      <trkpt lat="49.183354" lon="20.165150"><ele>1997.8</ele></trkpt>
      <trkpt lat="49.183338" lon="20.165182"><ele>1997.8</ele></trkpt>
      <trkpt lat="49.183322" lon="20.165206"><ele>1997.8</ele></trkpt>
      <trkpt lat="49.183299" lon="20.165230"><ele>1997.8</ele></trkpt>
      <trkpt lat="49.183283" lon="20.165253"><ele>1997.8</ele></trkpt>
      <trkpt lat="49.183270" lon="20.165283"><ele>1998.0</ele></trkpt>
      <trkpt lat="49.183254" lon="20.165304"><ele>1998.0</ele></trkpt>
      <trkpt lat="49.183235" lon="20.165331"><ele>1998.2</ele></trkpt>
      <trkpt lat="49.183219" lon="20.165352"><ele>1998.0</ele></trkpt>
      <trkpt lat="49.183184" lon="20.165386"><ele>1997.8</ele></trkpt>
      <trkpt lat="49.183155" lon="20.165410"><ele>1997.0</ele></trkpt>
      <trkpt lat="49.183123" lon="20.165430"><ele>1996.4</ele></trkpt>
      <trkpt lat="49.183094" lon="20.165462"><ele>1996.0</ele></trkpt>
      <trkpt lat="49.183078" lon="20.165480"><ele>1995.8</ele></trkpt>
      <trkpt lat="49.183062" lon="20.165498"><ele>1995.6</ele></trkpt>
      <trkpt lat="49.183040" lon="20.165509"><ele>1995.2</ele></trkpt>
      <trkpt lat="49.183021" lon="20.165520"><ele>1994.8</ele></trkpt>
      <trkpt lat="49.183002" lon="20.165525"><ele>1994.4</ele></trkpt>
      <trkpt lat="49.182979" lon="20.165531"><ele>1993.8</ele></trkpt>
      <trkpt lat="49.182957" lon="20.165534"><ele>1993.6</ele></trkpt>
      <trkpt lat="49.182931" lon="20.165552"><ele>1993.6</ele></trkpt>
      <trkpt lat="49.182899" lon="20.165573"><ele>1993.8</ele></trkpt>
      <trkpt lat="49.182877" lon="20.165582"><ele>1994.0</ele></trkpt>
      <trkpt lat="49.182842" lon="20.165594"><ele>1994.4</ele></trkpt>
      <trkpt lat="49.182813" lon="20.165613"><ele>1994.8</ele></trkpt>
      <trkpt lat="49.182794" lon="20.165632"><ele>1995.0</ele></trkpt>
      <trkpt lat="49.182778" lon="20.165650"><ele>1995.4</ele></trkpt>
      <trkpt lat="49.182758" lon="20.165669"><ele>1995.8</ele></trkpt>
      <trkpt lat="49.182723" lon="20.165691"><ele>1996.0</ele></trkpt>
      <trkpt lat="49.182694" lon="20.165699"><ele>1996.4</ele></trkpt>
      <trkpt lat="49.182675" lon="20.165688"><ele>1996.2</ele></trkpt>
      <trkpt lat="49.182643" lon="20.165693"><ele>1995.8</ele></trkpt>
      <trkpt lat="49.182618" lon="20.165709"><ele>1996.0</ele></trkpt>
      <trkpt lat="49.182598" lon="20.165714"><ele>1996.0</ele></trkpt>
      <trkpt lat="49.182579" lon="20.165718"><ele>1996.0</ele></trkpt>
      <trkpt lat="49.182563" lon="20.165736"><ele>1996.6</ele></trkpt>
      <trkpt lat="49.182544" lon="20.165758"><ele>1997.6</ele></trkpt>
      <trkpt lat="49.182522" lon="20.165781"><ele>1998.2</ele></trkpt>
      <trkpt lat="49.182499" lon="20.165790"><ele>1998.8</ele></trkpt>
      <trkpt lat="49.182480" lon="20.165786"><ele>1999.2</ele></trkpt>
      <trkpt lat="49.182461" lon="20.165786"><ele>1999.8</ele></trkpt>
      <trkpt lat="49.182442" lon="20.165792"><ele>2000.6</ele></trkpt>
      <trkpt lat="49.182422" lon="20.165800"><ele>2001.2</ele></trkpt>
      <trkpt lat="49.182403" lon="20.165806"><ele>2002.2</ele></trkpt>
      <trkpt lat="49.182384" lon="20.165819"><ele>2003.0</ele></trkpt>
      <trkpt lat="49.182362" lon="20.165835"><ele>2004.0</ele></trkpt>
      <trkpt lat="49.182339" lon="20.165840"><ele>2004.6</ele></trkpt>
      <trkpt lat="49.182314" lon="20.165851"><ele>2005.4</ele></trkpt>
      <trkpt lat="49.182285" lon="20.165862"><ele>2006.0</ele></trkpt>
      <trkpt lat="49.182256" lon="20.165875"><ele>2006.8</ele></trkpt>
      <trkpt lat="49.182237" lon="20.165885"><ele>2007.2</ele></trkpt>
      <trkpt lat="49.182218" lon="20.165880"><ele>2007.2</ele></trkpt>
      <trkpt lat="49.182195" lon="20.165870"><ele>2007.2</ele></trkpt>
      <trkpt lat="49.182163" lon="20.165867"><ele>2007.4</ele></trkpt>
      <trkpt lat="49.182138" lon="20.165872"><ele>2008.0</ele></trkpt>
      <trkpt lat="49.182109" lon="20.165896"><ele>2008.0</ele></trkpt>
      <trkpt lat="49.182083" lon="20.165917"><ele>2008.2</ele></trkpt>
      <trkpt lat="49.182064" lon="20.165931"><ele>2008.2</ele></trkpt>
      <trkpt lat="49.182045" lon="20.165950"><ele>2008.2</ele></trkpt>
      <trkpt lat="49.182026" lon="20.165966"><ele>2008.2</ele></trkpt>
      <trkpt lat="49.182006" lon="20.165978"><ele>2008.2</ele></trkpt>
      <trkpt lat="49.181990" lon="20.165990"><ele>2008.2</ele></trkpt>
      <trkpt lat="49.181962" lon="20.166019"><ele>2008.4</ele></trkpt>
      <trkpt lat="49.181946" lon="20.166035"><ele>2008.4</ele></trkpt>
      <trkpt lat="49.181910" lon="20.166051"><ele>2008.4</ele></trkpt>
      <trkpt lat="49.181882" lon="20.166066"><ele>2008.8</ele></trkpt>
      <trkpt lat="49.181846" lon="20.166075"><ele>2008.8</ele></trkpt>
      <trkpt lat="49.181818" lon="20.166080"><ele>2008.8</ele></trkpt>
      <trkpt lat="49.181782" lon="20.166091"><ele>2008.8</ele></trkpt>
      <trkpt lat="49.181754" lon="20.166109"><ele>2009.4</ele></trkpt>
      <trkpt lat="49.181728" lon="20.166128"><ele>2010.6</ele></trkpt>
      <trkpt lat="49.181702" lon="20.166147"><ele>2011.6</ele></trkpt>
      <trkpt lat="49.181674" lon="20.166168"><ele>2013.8</ele></trkpt>
      <trkpt lat="49.181642" lon="20.166206"><ele>2014.6</ele></trkpt>
      <trkpt lat="49.181619" lon="20.166224"><ele>2014.6</ele></trkpt>
      <trkpt lat="49.181594" lon="20.166237"><ele>2014.4</ele></trkpt>
      <trkpt lat="49.181562" lon="20.166266"><ele>2014.2</ele></trkpt>
      <trkpt lat="49.181542" lon="20.166278"><ele>2013.6</ele></trkpt>
      <trkpt lat="49.181507" lon="20.166307"><ele>2013.6</ele></trkpt>
      <trkpt lat="49.181485" lon="20.166325"><ele>2013.4</ele></trkpt>
      <trkpt lat="49.181462" lon="20.166339"><ele>2013.2</ele></trkpt>
      <trkpt lat="49.181434" lon="20.166349"><ele>2012.8</ele></trkpt>
      <trkpt lat="49.181411" lon="20.166354"><ele>2012.2</ele></trkpt>
      <trkpt lat="49.181392" lon="20.166357"><ele>2011.4</ele></trkpt>
      <trkpt lat="49.181373" lon="20.166362"><ele>2010.6</ele></trkpt>
      <trkpt lat="49.181350" lon="20.166366"><ele>2010.2</ele></trkpt>
      <trkpt lat="49.181331" lon="20.166370"><ele>2010.2</ele></trkpt>
      <trkpt lat="49.181306" lon="20.166362"><ele>2010.2</ele></trkpt>
      <trkpt lat="49.181274" lon="20.166355"><ele>2008.8</ele></trkpt>
      <trkpt lat="49.181251" lon="20.166352"><ele>2008.4</ele></trkpt>
      <trkpt lat="49.181232" lon="20.166349"><ele>2008.0</ele></trkpt>
      <trkpt lat="49.181203" lon="20.166363"><ele>2008.8</ele></trkpt>
      <trkpt lat="49.181184" lon="20.166366"><ele>2009.6</ele></trkpt>
      <trkpt lat="49.181158" lon="20.166373"><ele>2010.4</ele></trkpt>
      <trkpt lat="49.181117" lon="20.166387"><ele>2010.8</ele></trkpt>
      <trkpt lat="49.181094" lon="20.166389"><ele>2011.0</ele></trkpt>
      <trkpt lat="49.181072" lon="20.166386"><ele>2011.0</ele></trkpt>
      <trkpt lat="49.181053" lon="20.166378"><ele>2010.8</ele></trkpt>
      <trkpt lat="49.181030" lon="20.166376"><ele>2010.4</ele></trkpt>
      <trkpt lat="49.181008" lon="20.166374"><ele>2010.0</ele></trkpt>
      <trkpt lat="49.180989" lon="20.166374"><ele>2009.4</ele></trkpt>
      <trkpt lat="49.180966" lon="20.166376"><ele>2009.0</ele></trkpt>
      <trkpt lat="49.180944" lon="20.166386"><ele>2008.8</ele></trkpt>
      <trkpt lat="49.180925" lon="20.166394"><ele>2008.2</ele></trkpt>
      <trkpt lat="49.180906" lon="20.166398"><ele>2007.6</ele></trkpt>
      <trkpt lat="49.180886" lon="20.166405"><ele>2007.2</ele></trkpt>
      <trkpt lat="49.180864" lon="20.166414"><ele>2007.0</ele></trkpt>
      <trkpt lat="49.180845" lon="20.166424"><ele>2006.6</ele></trkpt>
      <trkpt lat="49.180816" lon="20.166427"><ele>2006.4</ele></trkpt>
      <trkpt lat="49.180794" lon="20.166434"><ele>2005.6</ele></trkpt>
      <trkpt lat="49.180774" lon="20.166445"><ele>2004.8</ele></trkpt>
      <trkpt lat="49.180752" lon="20.166453"><ele>2004.2</ele></trkpt>
      <trkpt lat="49.180730" lon="20.166456"><ele>2003.6</ele></trkpt>
      <trkpt lat="49.180707" lon="20.166461"><ele>2002.8</ele></trkpt>
      <trkpt lat="49.180678" lon="20.166466"><ele>2002.2</ele></trkpt>
      <trkpt lat="49.180656" lon="20.166467"><ele>2001.4</ele></trkpt>
      <trkpt lat="49.180627" lon="20.166466"><ele>2000.4</ele></trkpt>
      <trkpt lat="49.180608" lon="20.166456"><ele>2000.2</ele></trkpt>
      <trkpt lat="49.180589" lon="20.166442"><ele>2000.0</ele></trkpt>
      <trkpt lat="49.180573" lon="20.166426"><ele>1999.6</ele></trkpt>
      <trkpt lat="49.180557" lon="20.166408"><ele>1999.2</ele></trkpt>
      <trkpt lat="49.180531" lon="20.166362"><ele>1998.8</ele></trkpt>
      <trkpt lat="49.180518" lon="20.166336"><ele>1998.4</ele></trkpt>
      <trkpt lat="49.180502" lon="20.166315"><ele>1998.2</ele></trkpt>
      <trkpt lat="49.180477" lon="20.166278"><ele>1998.2</ele></trkpt>
      <trkpt lat="49.180451" lon="20.166245"><ele>1997.4</ele></trkpt>
      <trkpt lat="49.180435" lon="20.166224"><ele>1997.0</ele></trkpt>
      <trkpt lat="49.180419" lon="20.166198"><ele>1996.6</ele></trkpt>
      <trkpt lat="49.180403" lon="20.166174"><ele>1996.4</ele></trkpt>
      <trkpt lat="49.180381" lon="20.166149"><ele>1996.2</ele></trkpt>
      <trkpt lat="49.180362" lon="20.166123"><ele>1995.8</ele></trkpt>
      <trkpt lat="49.180339" lon="20.166096"><ele>1995.6</ele></trkpt>
      <trkpt lat="49.180330" lon="20.166066"><ele>1995.2</ele></trkpt>
      <trkpt lat="49.180310" lon="20.166037"><ele>1994.6</ele></trkpt>
      <trkpt lat="49.180294" lon="20.166006"><ele>1994.0</ele></trkpt>
      <trkpt lat="49.180278" lon="20.165978"><ele>1993.6</ele></trkpt>
      <trkpt lat="49.180269" lon="20.165950"><ele>1993.4</ele></trkpt>
      <trkpt lat="49.180253" lon="20.165926"><ele>1993.0</ele></trkpt>
      <trkpt lat="49.180237" lon="20.165907"><ele>1992.8</ele></trkpt>
      <trkpt lat="49.180211" lon="20.165867"><ele>1992.6</ele></trkpt>
      <trkpt lat="49.180195" lon="20.165840"><ele>1991.2</ele></trkpt>
      <trkpt lat="49.180182" lon="20.165808"><ele>1990.4</ele></trkpt>
      <trkpt lat="49.180176" lon="20.165776"><ele>1990.0</ele></trkpt>
      <trkpt lat="49.180160" lon="20.165749"><ele>1989.8</ele></trkpt>
      <trkpt lat="49.180141" lon="20.165714"><ele>1989.8</ele></trkpt>
      <trkpt lat="49.180122" lon="20.165682"><ele>1990.0</ele></trkpt>
      <trkpt lat="49.180106" lon="20.165648"><ele>1990.0</ele></trkpt>
      <trkpt lat="49.180090" lon="20.165611"><ele>1990.0</ele></trkpt>
      <trkpt lat="49.180080" lon="20.165579"><ele>1989.8</ele></trkpt>
      <trkpt lat="49.180070" lon="20.165533"><ele>1989.8</ele></trkpt>
      <trkpt lat="49.180064" lon="20.165494"><ele>1990.0</ele></trkpt>
      <trkpt lat="49.180051" lon="20.165448"><ele>1989.6</ele></trkpt>
      <trkpt lat="49.180022" lon="20.165413"><ele>1990.2</ele></trkpt>
      <trkpt lat="49.180006" lon="20.165395"><ele>1991.2</ele></trkpt>
      <trkpt lat="49.179981" lon="20.165360"><ele>1991.2</ele></trkpt>
      <trkpt lat="49.179952" lon="20.165360"><ele>1990.8</ele></trkpt>
      <trkpt lat="49.179933" lon="20.165352"><ele>1990.6</ele></trkpt>
      <trkpt lat="49.179901" lon="20.165331"><ele>1990.4</ele></trkpt>
      <trkpt lat="49.179885" lon="20.165317"><ele>1990.4</ele></trkpt>
      <trkpt lat="49.179866" lon="20.165306"><ele>1990.4</ele></trkpt>
      <trkpt lat="49.179837" lon="20.165270"><ele>1990.4</ele></trkpt>
      <trkpt lat="49.179818" lon="20.165237"><ele>1990.6</ele></trkpt>
      <trkpt lat="49.179795" lon="20.165205"><ele>1991.0</ele></trkpt>
      <trkpt lat="49.179793" lon="20.165150"><ele>1991.4</ele></trkpt>
      <trkpt lat="49.179792" lon="20.165122"><ele>1992.0</ele></trkpt>
      <trkpt lat="49.179786" lon="20.165093"><ele>1992.6</ele></trkpt>
      <trkpt lat="49.179779" lon="20.165066"><ele>1992.8</ele></trkpt>
      <trkpt lat="49.179773" lon="20.165038"><ele>1993.0</ele></trkpt>
      <trkpt lat="49.179773" lon="20.164979"><ele>1992.8</ele></trkpt>
      <trkpt lat="49.179763" lon="20.164952"><ele>1992.8</ele></trkpt>
      <trkpt lat="49.179754" lon="20.164926"><ele>1992.8</ele></trkpt>
      <trkpt lat="49.179741" lon="20.164906"><ele>1992.8</ele></trkpt>
      <trkpt lat="49.179715" lon="20.164888"><ele>1992.8</ele></trkpt>
      <trkpt lat="49.179696" lon="20.164890"><ele>1992.8</ele></trkpt>
      <trkpt lat="49.179677" lon="20.164894"><ele>1992.8</ele></trkpt>
      <trkpt lat="49.179654" lon="20.164894"><ele>1992.6</ele></trkpt>
      <trkpt lat="49.179629" lon="20.164898"><ele>1992.4</ele></trkpt>
      <trkpt lat="49.179594" lon="20.164914"><ele>1992.2</ele></trkpt>
      <trkpt lat="49.179568" lon="20.164914"><ele>1992.2</ele></trkpt>
      <trkpt lat="49.179549" lon="20.164912"><ele>1992.0</ele></trkpt>
      <trkpt lat="49.179530" lon="20.164907"><ele>1992.2</ele></trkpt>
      <trkpt lat="49.179498" lon="20.164890"><ele>1992.2</ele></trkpt>
      <trkpt lat="49.179478" lon="20.164862"><ele>1992.6</ele></trkpt>
      <trkpt lat="49.179456" lon="20.164843"><ele>1993.2</ele></trkpt>
      <trkpt lat="49.179418" lon="20.164826"><ele>1993.6</ele></trkpt>
      <trkpt lat="49.179395" lon="20.164826"><ele>1993.2</ele></trkpt>
      <trkpt lat="49.179376" lon="20.164829"><ele>1992.8</ele></trkpt>
      <trkpt lat="49.179350" lon="20.164829"><ele>1992.4</ele></trkpt>
      <trkpt lat="49.179331" lon="20.164829"><ele>1992.4</ele></trkpt>
      <trkpt lat="49.179302" lon="20.164829"><ele>1992.0</ele></trkpt>
      <trkpt lat="49.179283" lon="20.164818"><ele>1991.6</ele></trkpt>
      <trkpt lat="49.179264" lon="20.164816"><ele>1991.4</ele></trkpt>
      <trkpt lat="49.179242" lon="20.164813"><ele>1991.4</ele></trkpt>
      <trkpt lat="49.179219" lon="20.164806"><ele>1991.2</ele></trkpt>
      <trkpt lat="49.179200" lon="20.164806"><ele>1991.2</ele></trkpt>
      <trkpt lat="49.179181" lon="20.164810"><ele>1991.6</ele></trkpt>
      <trkpt lat="49.179152" lon="20.164826"><ele>1992.6</ele></trkpt>
      <trkpt lat="49.179126" lon="20.164829"><ele>1994.0</ele></trkpt>
      <trkpt lat="49.179107" lon="20.164827"><ele>1993.6</ele></trkpt>
      <trkpt lat="49.179085" lon="20.164816"><ele>1993.6</ele></trkpt>
      <trkpt lat="49.179062" lon="20.164805"><ele>1993.6</ele></trkpt>
      <trkpt lat="49.179034" lon="20.164803"><ele>1994.2</ele></trkpt>
      <trkpt lat="49.179011" lon="20.164810"><ele>1994.8</ele></trkpt>
      <trkpt lat="49.178992" lon="20.164814"><ele>1995.4</ele></trkpt>
      <trkpt lat="49.178966" lon="20.164829"><ele>1996.2</ele></trkpt>
      <trkpt lat="49.178947" lon="20.164856"><ele>1996.6</ele></trkpt>
      <trkpt lat="49.178928" lon="20.164877"><ele>1996.8</ele></trkpt>
      <trkpt lat="49.178912" lon="20.164894"><ele>1996.6</ele></trkpt>
      <trkpt lat="49.178886" lon="20.164899"><ele>1996.6</ele></trkpt>
      <trkpt lat="49.178867" lon="20.164898"><ele>1996.2</ele></trkpt>
      <trkpt lat="49.178848" lon="20.164894"><ele>1996.0</ele></trkpt>
      <trkpt lat="49.178813" lon="20.164885"><ele>1995.6</ele></trkpt>
      <trkpt lat="49.178787" lon="20.164877"><ele>1995.2</ele></trkpt>
      <trkpt lat="49.178765" lon="20.164867"><ele>1994.8</ele></trkpt>
      <trkpt lat="49.178742" lon="20.164858"><ele>1994.6</ele></trkpt>
      <trkpt lat="49.178720" lon="20.164843"><ele>1994.0</ele></trkpt>
      <trkpt lat="49.178694" lon="20.164829"><ele>1993.6</ele></trkpt>
      <trkpt lat="49.178675" lon="20.164818"><ele>1993.2</ele></trkpt>
      <trkpt lat="49.178653" lon="20.164810"><ele>1992.6</ele></trkpt>
      <trkpt lat="49.178630" lon="20.164798"><ele>1992.2</ele></trkpt>
      <trkpt lat="49.178611" lon="20.164789"><ele>1991.8</ele></trkpt>
      <trkpt lat="49.178589" lon="20.164779"><ele>1991.4</ele></trkpt>
      <trkpt lat="49.178566" lon="20.164768"><ele>1990.8</ele></trkpt>
      <trkpt lat="49.178544" lon="20.164758"><ele>1990.6</ele></trkpt>
      <trkpt lat="49.178522" lon="20.164750"><ele>1990.4</ele></trkpt>
      <trkpt lat="49.178496" lon="20.164747"><ele>1990.4</ele></trkpt>
      <trkpt lat="49.178477" lon="20.164741"><ele>1990.4</ele></trkpt>
      <trkpt lat="49.178454" lon="20.164749"><ele>1990.4</ele></trkpt>
      <trkpt lat="49.178435" lon="20.164768"><ele>1990.4</ele></trkpt>
      <trkpt lat="49.178416" lon="20.164781"><ele>1990.4</ele></trkpt>
      <trkpt lat="49.178397" lon="20.164789"><ele>1990.6</ele></trkpt>
      <trkpt lat="49.178368" lon="20.164813"><ele>1990.6</ele></trkpt>
      <trkpt lat="49.178349" lon="20.164829"><ele>1990.6</ele></trkpt>
      <trkpt lat="49.178330" lon="20.164853"><ele>1990.6</ele></trkpt>
      <trkpt lat="49.178310" lon="20.164867"><ele>1990.6</ele></trkpt>
      <trkpt lat="49.178291" lon="20.164880"><ele>1990.6</ele></trkpt>
      <trkpt lat="49.178272" lon="20.164894"><ele>1990.6</ele></trkpt>
      <trkpt lat="49.178253" lon="20.164914"><ele>1990.6</ele></trkpt>
      <trkpt lat="49.178234" lon="20.164936"><ele>1990.4</ele></trkpt>
      <trkpt lat="49.178218" lon="20.164963"><ele>1990.2</ele></trkpt>
      <trkpt lat="49.178205" lon="20.164992"><ele>1990.0</ele></trkpt>
      <trkpt lat="49.178189" lon="20.165018"><ele>1989.8</ele></trkpt>
      <trkpt lat="49.178173" lon="20.165042"><ele>1989.4</ele></trkpt>
      <trkpt lat="49.178150" lon="20.165066"><ele>1989.0</ele></trkpt>
      <trkpt lat="49.178134" lon="20.165085"><ele>1988.6</ele></trkpt>
      <trkpt lat="49.178112" lon="20.165104"><ele>1988.4</ele></trkpt>
      <trkpt lat="49.178093" lon="20.165117"><ele>1988.0</ele></trkpt>
      <trkpt lat="49.178074" lon="20.165131"><ele>1987.8</ele></trkpt>
      <trkpt lat="49.178058" lon="20.165146"><ele>1987.4</ele></trkpt>
      <trkpt lat="49.178038" lon="20.165166"><ele>1987.0</ele></trkpt>
      <trkpt lat="49.178016" lon="20.165184"><ele>1986.6</ele></trkpt>
      <trkpt lat="49.177987" lon="20.165197"><ele>1986.4</ele></trkpt>
      <trkpt lat="49.177958" lon="20.165200"><ele>1986.0</ele></trkpt>
      <trkpt lat="49.177936" lon="20.165194"><ele>1985.8</ele></trkpt>
      <trkpt lat="49.177917" lon="20.165190"><ele>1985.6</ele></trkpt>
      <trkpt lat="49.177898" lon="20.165187"><ele>1985.2</ele></trkpt>
      <trkpt lat="49.177878" lon="20.165197"><ele>1985.2</ele></trkpt>
      <trkpt lat="49.177853" lon="20.165222"><ele>1984.8</ele></trkpt>
      <trkpt lat="49.177834" lon="20.165264"><ele>1984.4</ele></trkpt>
      <trkpt lat="49.177818" lon="20.165315"><ele>1984.0</ele></trkpt>
      <trkpt lat="49.177802" lon="20.165336"><ele>1983.4</ele></trkpt>
      <trkpt lat="49.177782" lon="20.165360"><ele>1983.0</ele></trkpt>
      <trkpt lat="49.177770" lon="20.165382"><ele>1982.6</ele></trkpt>
      <trkpt lat="49.177747" lon="20.165413"><ele>1982.0</ele></trkpt>
      <trkpt lat="49.177728" lon="20.165443"><ele>1981.0</ele></trkpt>
      <trkpt lat="49.177712" lon="20.165475"><ele>1979.0</ele></trkpt>
      <trkpt lat="49.177712" lon="20.165510"><ele>1978.6</ele></trkpt>
      <trkpt lat="49.177715" lon="20.165554"><ele>1978.0</ele></trkpt>
      <trkpt lat="49.177709" lon="20.165600"><ele>1977.0</ele></trkpt>
      <trkpt lat="49.177709" lon="20.165645"><ele>1976.2</ele></trkpt>
      <trkpt lat="49.177718" lon="20.165677"><ele>1975.4</ele></trkpt>
      <trkpt lat="49.177718" lon="20.165722"><ele>1974.6</ele></trkpt>
      <trkpt lat="49.177715" lon="20.165770"><ele>1973.8</ele></trkpt>
      <trkpt lat="49.177712" lon="20.165829"><ele>1973.4</ele></trkpt>
      <trkpt lat="49.177699" lon="20.165867"><ele>1972.8</ele></trkpt>
      <trkpt lat="49.177690" lon="20.165899"><ele>1972.4</ele></trkpt>
      <trkpt lat="49.177674" lon="20.165930"><ele>1972.2</ele></trkpt>
      <trkpt lat="49.177661" lon="20.165958"><ele>1971.8</ele></trkpt>
      <trkpt lat="49.177642" lon="20.165979"><ele>1971.2</ele></trkpt>
      <trkpt lat="49.177610" lon="20.166018"><ele>1970.8</ele></trkpt>
      <trkpt lat="49.177590" lon="20.166037"><ele>1970.8</ele></trkpt>
      <trkpt lat="49.177571" lon="20.166056"><ele>1970.6</ele></trkpt>
      <trkpt lat="49.177555" lon="20.166077"><ele>1970.6</ele></trkpt>
      <trkpt lat="49.177539" lon="20.166104"><ele>1970.2</ele></trkpt>
      <trkpt lat="49.177520" lon="20.166136"><ele>1969.8</ele></trkpt>
      <trkpt lat="49.177504" lon="20.166174"><ele>1969.6</ele></trkpt>
      <trkpt lat="49.177491" lon="20.166206"><ele>1969.6</ele></trkpt>
      <trkpt lat="49.177475" lon="20.166245"><ele>1969.6</ele></trkpt>
      <trkpt lat="49.177459" lon="20.166283"><ele>1969.4</ele></trkpt>
      <trkpt lat="49.177443" lon="20.166317"><ele>1969.2</ele></trkpt>
      <trkpt lat="49.177430" lon="20.166349"><ele>1969.0</ele></trkpt>
      <trkpt lat="49.177418" lon="20.166382"><ele>1969.0</ele></trkpt>
      <trkpt lat="49.177411" lon="20.166411"><ele>1969.2</ele></trkpt>
      <trkpt lat="49.177395" lon="20.166432"><ele>1969.2</ele></trkpt>
      <trkpt lat="49.177376" lon="20.166445"><ele>1969.2</ele></trkpt>
      <trkpt lat="49.177357" lon="20.166458"><ele>1969.2</ele></trkpt>
      <trkpt lat="49.177334" lon="20.166478"><ele>1969.0</ele></trkpt>
      <trkpt lat="49.177315" lon="20.166510"><ele>1969.0</ele></trkpt>
      <trkpt lat="49.177302" lon="20.166534"><ele>1968.8</ele></trkpt>
      <trkpt lat="49.177290" lon="20.166573"><ele>1968.6</ele></trkpt>
      <trkpt lat="49.177277" lon="20.166602"><ele>1968.4</ele></trkpt>
      <trkpt lat="49.177270" lon="20.166637"><ele>1968.2</ele></trkpt>
      <trkpt lat="49.177258" lon="20.166666"><ele>1968.0</ele></trkpt>
      <trkpt lat="49.177258" lon="20.166701"><ele>1967.8</ele></trkpt>
      <trkpt lat="49.177258" lon="20.166734"><ele>1967.6</ele></trkpt>
      <trkpt lat="49.177258" lon="20.166766"><ele>1967.2</ele></trkpt>
      <trkpt lat="49.177238" lon="20.166794"><ele>1966.6</ele></trkpt>
      <trkpt lat="49.177219" lon="20.166784"><ele>1966.4</ele></trkpt>
      <trkpt lat="49.177206" lon="20.166805"><ele>1967.0</ele></trkpt>
      <trkpt lat="49.177200" lon="20.166840"><ele>1968.0</ele></trkpt>
      <trkpt lat="49.177200" lon="20.166870"><ele>1968.2</ele></trkpt>
      <trkpt lat="49.177197" lon="20.166898"><ele>1968.8</ele></trkpt>
      <trkpt lat="49.177181" lon="20.166931"><ele>1969.4</ele></trkpt>
      <trkpt lat="49.177178" lon="20.166981"><ele>1970.0</ele></trkpt>
      <trkpt lat="49.177171" lon="20.167024"><ele>1970.4</ele></trkpt>
      <trkpt lat="49.177162" lon="20.167058"><ele>1970.6</ele></trkpt>
      <trkpt lat="49.177155" lon="20.167086"><ele>1970.8</ele></trkpt>
      <trkpt lat="49.177146" lon="20.167112"><ele>1971.0</ele></trkpt>
      <trkpt lat="49.177123" lon="20.167133"><ele>1971.2</ele></trkpt>
      <trkpt lat="49.177101" lon="20.167141"><ele>1971.8</ele></trkpt>
      <trkpt lat="49.177098" lon="20.167182"><ele>1973.4</ele></trkpt>
      <trkpt lat="49.177098" lon="20.167229"><ele>1974.4</ele></trkpt>
      <trkpt lat="49.177094" lon="20.167259"><ele>1974.8</ele></trkpt>
      <trkpt lat="49.177094" lon="20.167291"><ele>1975.0</ele></trkpt>
      <trkpt lat="49.177091" lon="20.167347"><ele>1975.2</ele></trkpt>
      <trkpt lat="49.177066" lon="20.167379"><ele>1975.4</ele></trkpt>
      <trkpt lat="49.177034" lon="20.167387"><ele>1975.4</ele></trkpt>
      <trkpt lat="49.177005" lon="20.167410"><ele>1975.4</ele></trkpt>
      <trkpt lat="49.176986" lon="20.167418"><ele>1975.4</ele></trkpt>
      <trkpt lat="49.176966" lon="20.167418"><ele>1975.4</ele></trkpt>
      <trkpt lat="49.176934" lon="20.167427"><ele>1974.8</ele></trkpt>
      <trkpt lat="49.176902" lon="20.167442"><ele>1974.2</ele></trkpt>
      <trkpt lat="49.176867" lon="20.167448"><ele>1974.0</ele></trkpt>
      <trkpt lat="49.176845" lon="20.167480"><ele>1974.6</ele></trkpt>
      <trkpt lat="49.176835" lon="20.167523"><ele>1975.6</ele></trkpt>
      <trkpt lat="49.176816" lon="20.167549"><ele>1975.6</ele></trkpt>
      <trkpt lat="49.176797" lon="20.167550"><ele>1975.0</ele></trkpt>
      <trkpt lat="49.176768" lon="20.167558"><ele>1973.4</ele></trkpt>
      <trkpt lat="49.176739" lon="20.167558"><ele>1973.2</ele></trkpt>
      <trkpt lat="49.176707" lon="20.167560"><ele>1972.0</ele></trkpt>
      <trkpt lat="49.176688" lon="20.167558"><ele>1971.6</ele></trkpt>
      <trkpt lat="49.176669" lon="20.167565"><ele>1971.0</ele></trkpt>
      <trkpt lat="49.176646" lon="20.167570"><ele>1970.6</ele></trkpt>
      <trkpt lat="49.176627" lon="20.167576"><ele>1970.0</ele></trkpt>
      <trkpt lat="49.176602" lon="20.167576"><ele>1969.6</ele></trkpt>
      <trkpt lat="49.176576" lon="20.167576"><ele>1969.0</ele></trkpt>
      <trkpt lat="49.176557" lon="20.167574"><ele>1968.6</ele></trkpt>
      <trkpt lat="49.176630" lon="20.167614"><ele>1968.4</ele></trkpt>
      <trkpt lat="49.176662" lon="20.167598"><ele>1961.4</ele></trkpt>
      <trkpt lat="49.176701" lon="20.167589"><ele>1961.4</ele></trkpt>
      <trkpt lat="49.176730" lon="20.167586"><ele>1961.4</ele></trkpt>
      <trkpt lat="49.176762" lon="20.167584"><ele>1961.8</ele></trkpt>
      <trkpt lat="49.176781" lon="20.167576"><ele>1962.2</ele></trkpt>
      <trkpt lat="49.176800" lon="20.167568"><ele>1962.6</ele></trkpt>
      <trkpt lat="49.176819" lon="20.167555"><ele>1962.8</ele></trkpt>
      <trkpt lat="49.176835" lon="20.167531"><ele>1964.0</ele></trkpt>
      <trkpt lat="49.176822" lon="20.167507"><ele>1966.2</ele></trkpt>
      <trkpt lat="49.176813" lon="20.167477"><ele>1966.8</ele></trkpt>
      <trkpt lat="49.176803" lon="20.167442"><ele>1967.6</ele></trkpt>
      <trkpt lat="49.176806" lon="20.167390"><ele>1968.0</ele></trkpt>
      <trkpt lat="49.176816" lon="20.167342"><ele>1967.8</ele></trkpt>
      <trkpt lat="49.176819" lon="20.167298"><ele>1967.6</ele></trkpt>
      <trkpt lat="49.176826" lon="20.167259"><ele>1967.4</ele></trkpt>
      <trkpt lat="49.176826" lon="20.167211"><ele>1967.2</ele></trkpt>
      <trkpt lat="49.176826" lon="20.167179"><ele>1966.8</ele></trkpt>
      <trkpt lat="49.176822" lon="20.167117"><ele>1966.6</ele></trkpt>
      <trkpt lat="49.176822" lon="20.167082"><ele>1966.2</ele></trkpt>
      <trkpt lat="49.176822" lon="20.167038"><ele>1966.2</ele></trkpt>
      <trkpt lat="49.176826" lon="20.166990"><ele>1966.2</ele></trkpt>
      <trkpt lat="49.176826" lon="20.166949"><ele>1966.0</ele></trkpt>
      <trkpt lat="49.176829" lon="20.166910"><ele>1966.0</ele></trkpt>
      <trkpt lat="49.176838" lon="20.166878"><ele>1965.8</ele></trkpt>
      <trkpt lat="49.176842" lon="20.166834"><ele>1965.8</ele></trkpt>
      <trkpt lat="49.176854" lon="20.166795"><ele>1965.6</ele></trkpt>
      <trkpt lat="49.176861" lon="20.166762"><ele>1965.6</ele></trkpt>
      <trkpt lat="49.176867" lon="20.166731"><ele>1965.8</ele></trkpt>
      <trkpt lat="49.176880" lon="20.166702"><ele>1965.8</ele></trkpt>
      <trkpt lat="49.176896" lon="20.166680"><ele>1966.0</ele></trkpt>
      <trkpt lat="49.176912" lon="20.166662"><ele>1966.0</ele></trkpt>
      <trkpt lat="49.176925" lon="20.166621"><ele>1966.2</ele></trkpt>
      <trkpt lat="49.176944" lon="20.166586"><ele>1966.2</ele></trkpt>
      <trkpt lat="49.176960" lon="20.166560"><ele>1966.4</ele></trkpt>
      <trkpt lat="49.176979" lon="20.166528"><ele>1966.6</ele></trkpt>
      <trkpt lat="49.176995" lon="20.166486"><ele>1967.0</ele></trkpt>
      <trkpt lat="49.176998" lon="20.166458"><ele>1967.4</ele></trkpt>
      <trkpt lat="49.176986" lon="20.166419"><ele>1968.2</ele></trkpt>
      <trkpt lat="49.176992" lon="20.166370"><ele>1968.2</ele></trkpt>
      <trkpt lat="49.177014" lon="20.166334"><ele>1968.4</ele></trkpt>
      <trkpt lat="49.177027" lon="20.166307"><ele>1968.4</ele></trkpt>
      <trkpt lat="49.177053" lon="20.166264"><ele>1968.4</ele></trkpt>
      <trkpt lat="49.177082" lon="20.166256"><ele>1968.2</ele></trkpt>
      <trkpt lat="49.177107" lon="20.166278"><ele>1968.2</ele></trkpt>
      <trkpt lat="49.177139" lon="20.166280"><ele>1968.2</ele></trkpt>
      <trkpt lat="49.177158" lon="20.166278"><ele>1966.8</ele></trkpt>
      <trkpt lat="49.177142" lon="20.166256"><ele>1968.0</ele></trkpt>
      <trkpt lat="49.177139" lon="20.166213"><ele>1968.2</ele></trkpt>
      <trkpt lat="49.177139" lon="20.166163"><ele>1968.8</ele></trkpt>
      <trkpt lat="49.177146" lon="20.166107"><ele>1969.4</ele></trkpt>
      <trkpt lat="49.177146" lon="20.166077"><ele>1969.8</ele></trkpt>
      <trkpt lat="49.177142" lon="20.166045"><ele>1969.8</ele></trkpt>
      <trkpt lat="49.177139" lon="20.166014"><ele>1969.0</ele></trkpt>
      <trkpt lat="49.177139" lon="20.165981"><ele>1967.8</ele></trkpt>
      <trkpt lat="49.177146" lon="20.165950"><ele>1966.8</ele></trkpt>
      <trkpt lat="49.177158" lon="20.165915"><ele>1964.6</ele></trkpt>
      <trkpt lat="49.177171" lon="20.165866"><ele>1962.2</ele></trkpt>
      <trkpt lat="49.177178" lon="20.165838"><ele>1961.2</ele></trkpt>
      <trkpt lat="49.177178" lon="20.165782"><ele>1960.6</ele></trkpt>
      <trkpt lat="49.177181" lon="20.165754"><ele>1960.8</ele></trkpt>
      <trkpt lat="49.177197" lon="20.165709"><ele>1961.2</ele></trkpt>
      <trkpt lat="49.177216" lon="20.165683"><ele>1961.2</ele></trkpt>
      <trkpt lat="49.177226" lon="20.165654"><ele>1961.0</ele></trkpt>
      <trkpt lat="49.177226" lon="20.165602"><ele>1961.0</ele></trkpt>
      <trkpt lat="49.177226" lon="20.165573"><ele>1961.0</ele></trkpt>
      <trkpt lat="49.177235" lon="20.165539"><ele>1961.0</ele></trkpt>
      <trkpt lat="49.177242" lon="20.165512"><ele>1961.0</ele></trkpt>
      <trkpt lat="49.177251" lon="20.165483"><ele>1960.8</ele></trkpt>
      <trkpt lat="49.177242" lon="20.165459"><ele>1960.6</ele></trkpt>
      <trkpt lat="49.177242" lon="20.165429"><ele>1960.6</ele></trkpt>
      <trkpt lat="49.177238" lon="20.165376"><ele>1961.0</ele></trkpt>
      <trkpt lat="49.177235" lon="20.165331"><ele>1961.2</ele></trkpt>
      <trkpt lat="49.177238" lon="20.165277"><ele>1960.6</ele></trkpt>
      <trkpt lat="49.177238" lon="20.165246"><ele>1960.4</ele></trkpt>
      <trkpt lat="49.177242" lon="20.165200"><ele>1960.4</ele></trkpt>
      <trkpt lat="49.177264" lon="20.165155"><ele>1960.4</ele></trkpt>
      <trkpt lat="49.177277" lon="20.165128"><ele>1960.4</ele></trkpt>
      <trkpt lat="49.177290" lon="20.165083"><ele>1960.4</ele></trkpt>
      <trkpt lat="49.177302" lon="20.165061"><ele>1960.4</ele></trkpt>
      <trkpt lat="49.177312" lon="20.165032"><ele>1960.2</ele></trkpt>
      <trkpt lat="49.177306" lon="20.165002"><ele>1960.0</ele></trkpt>
      <trkpt lat="49.177296" lon="20.164978"><ele>1960.0</ele></trkpt>
      <trkpt lat="49.177293" lon="20.164947"><ele>1960.2</ele></trkpt>
      <trkpt lat="49.177293" lon="20.164914"><ele>1960.4</ele></trkpt>
      <trkpt lat="49.177302" lon="20.164880"><ele>1960.6</ele></trkpt>
      <trkpt lat="49.177296" lon="20.164829"><ele>1960.6</ele></trkpt>
      <trkpt lat="49.177293" lon="20.164800"><ele>1960.4</ele></trkpt>
      <trkpt lat="49.177283" lon="20.164746"><ele>1960.4</ele></trkpt>
      <trkpt lat="49.177290" lon="20.164682"><ele>1961.4</ele></trkpt>
      <trkpt lat="49.177293" lon="20.164630"><ele>1962.4</ele></trkpt>
      <trkpt lat="49.177302" lon="20.164589"><ele>1961.6</ele></trkpt>
      <trkpt lat="49.177315" lon="20.164550"><ele>1961.4</ele></trkpt>
      <trkpt lat="49.177331" lon="20.164517"><ele>1961.4</ele></trkpt>
      <trkpt lat="49.177357" lon="20.164485"><ele>1961.8</ele></trkpt>
      <trkpt lat="49.177373" lon="20.164459"><ele>1962.2</ele></trkpt>
      <trkpt lat="49.177382" lon="20.164432"><ele>1962.8</ele></trkpt>
      <trkpt lat="49.177411" lon="20.164413"><ele>1964.0</ele></trkpt>
      <trkpt lat="49.177424" lon="20.164379"><ele>1965.0</ele></trkpt>
      <trkpt lat="49.177440" lon="20.164357"><ele>1965.2</ele></trkpt>
      <trkpt lat="49.177453" lon="20.164333"><ele>1965.4</ele></trkpt>
      <trkpt lat="49.177459" lon="20.164299"><ele>1966.0</ele></trkpt>
      <trkpt lat="49.177475" lon="20.164267"><ele>1966.2</ele></trkpt>
      <trkpt lat="49.177494" lon="20.164243"><ele>1966.4</ele></trkpt>
      <trkpt lat="49.177510" lon="20.164222"><ele>1967.0</ele></trkpt>
      <trkpt lat="49.177520" lon="20.164190"><ele>1967.6</ele></trkpt>
      <trkpt lat="49.177523" lon="20.164147"><ele>1968.2</ele></trkpt>
      <trkpt lat="49.177536" lon="20.164115"><ele>1968.8</ele></trkpt>
      <trkpt lat="49.177555" lon="20.164085"><ele>1970.0</ele></trkpt>
      <trkpt lat="49.177568" lon="20.164059"><ele>1970.6</ele></trkpt>
      <trkpt lat="49.177578" lon="20.164021"><ele>1971.2</ele></trkpt>
      <trkpt lat="49.177590" lon="20.163982"><ele>1971.8</ele></trkpt>
      <trkpt lat="49.177597" lon="20.163939"><ele>1972.2</ele></trkpt>
      <trkpt lat="49.177597" lon="20.163894"><ele>1972.6</ele></trkpt>
      <trkpt lat="49.177590" lon="20.163856"><ele>1973.0</ele></trkpt>
      <trkpt lat="49.177581" lon="20.163805"><ele>1973.0</ele></trkpt>
      <trkpt lat="49.177581" lon="20.163760"><ele>1973.0</ele></trkpt>
      <trkpt lat="49.177581" lon="20.163731"><ele>1973.0</ele></trkpt>
      <trkpt lat="49.177594" lon="20.163704"><ele>1973.2</ele></trkpt>
      <trkpt lat="49.177590" lon="20.163677"><ele>1973.4</ele></trkpt>
      <trkpt lat="49.177594" lon="20.163638"><ele>1973.6</ele></trkpt>
      <trkpt lat="49.177603" lon="20.163608"><ele>1974.2</ele></trkpt>
      <trkpt lat="49.177622" lon="20.163582"><ele>1974.4</ele></trkpt>
      <trkpt lat="49.177642" lon="20.163595"><ele>1975.2</ele></trkpt>
      <trkpt lat="49.177658" lon="20.163619"><ele>1975.8</ele></trkpt>
      <trkpt lat="49.177680" lon="20.163624"><ele>1976.2</ele></trkpt>
      <trkpt lat="49.177709" lon="20.163626"><ele>1976.4</ele></trkpt>
      <trkpt lat="49.177738" lon="20.163627"><ele>1976.8</ele></trkpt>
      <trkpt lat="49.177766" lon="20.163606"><ele>1977.2</ele></trkpt>
      <trkpt lat="49.177789" lon="20.163574"><ele>1977.6</ele></trkpt>
      <trkpt lat="49.177802" lon="20.163523"><ele>1977.4</ele></trkpt>
      <trkpt lat="49.177802" lon="20.163464"><ele>1977.6</ele></trkpt>
      <trkpt lat="49.177808" lon="20.163437"><ele>1977.4</ele></trkpt>
      <trkpt lat="49.177821" lon="20.163386"><ele>1977.6</ele></trkpt>
      <trkpt lat="49.177830" lon="20.163357"><ele>1977.6</ele></trkpt>
      <trkpt lat="49.177846" lon="20.163320"><ele>1977.6</ele></trkpt>
      <trkpt lat="49.177859" lon="20.163278"><ele>1977.8</ele></trkpt>
      <trkpt lat="49.177856" lon="20.163226"><ele>1977.8</ele></trkpt>
      <trkpt lat="49.177840" lon="20.163205"><ele>1978.0</ele></trkpt>
      <trkpt lat="49.177814" lon="20.163165"><ele>1977.8</ele></trkpt>
      <trkpt lat="49.177798" lon="20.163141"><ele>1977.6</ele></trkpt>
      <trkpt lat="49.177792" lon="20.163110"><ele>1977.4</ele></trkpt>
      <trkpt lat="49.177808" lon="20.163072"><ele>1977.4</ele></trkpt>
      <trkpt lat="49.177834" lon="20.163021"><ele>1977.2</ele></trkpt>
      <trkpt lat="49.177840" lon="20.162994"><ele>1976.6</ele></trkpt>
      <trkpt lat="49.177850" lon="20.162963"><ele>1976.2</ele></trkpt>
      <trkpt lat="49.177859" lon="20.162931"><ele>1976.0</ele></trkpt>
      <trkpt lat="49.177869" lon="20.162904"><ele>1976.0</ele></trkpt>
      <trkpt lat="49.177875" lon="20.162848"><ele>1976.0</ele></trkpt>
      <trkpt lat="49.177878" lon="20.162821"><ele>1975.6</ele></trkpt>
      <trkpt lat="49.177875" lon="20.162773"><ele>1976.0</ele></trkpt>
      <trkpt lat="49.177878" lon="20.162733"><ele>1976.4</ele></trkpt>
      <trkpt lat="49.177888" lon="20.162706"><ele>1975.4</ele></trkpt>
      <trkpt lat="49.177898" lon="20.162650"><ele>1974.8</ele></trkpt>
      <trkpt lat="49.177898" lon="20.162606"><ele>1974.0</ele></trkpt>
      <trkpt lat="49.177891" lon="20.162544"><ele>1973.6</ele></trkpt>
      <trkpt lat="49.177894" lon="20.162502"><ele>1973.0</ele></trkpt>
      <trkpt lat="49.177894" lon="20.162472"><ele>1972.6</ele></trkpt>
      <trkpt lat="49.177891" lon="20.162445"><ele>1971.8</ele></trkpt>
      <trkpt lat="49.177888" lon="20.162416"><ele>1971.2</ele></trkpt>
      <trkpt lat="49.177888" lon="20.162374"><ele>1971.0</ele></trkpt>
      <trkpt lat="49.177888" lon="20.162342"><ele>1970.6</ele></trkpt>
      <trkpt lat="49.177872" lon="20.162293"><ele>1969.2</ele></trkpt>
      <trkpt lat="49.177856" lon="20.162238"><ele>1968.8</ele></trkpt>
      <trkpt lat="49.177846" lon="20.162174"><ele>1969.0</ele></trkpt>
      <trkpt lat="49.177846" lon="20.162146"><ele>1969.0</ele></trkpt>
      <trkpt lat="49.177834" lon="20.162122"><ele>1969.2</ele></trkpt>
      <trkpt lat="49.177827" lon="20.162094"><ele>1969.2</ele></trkpt>
      <trkpt lat="49.177818" lon="20.162045"><ele>1969.0</ele></trkpt>
      <trkpt lat="49.177811" lon="20.162000"><ele>1968.8</ele></trkpt>
      <trkpt lat="49.177789" lon="20.161966"><ele>1968.2</ele></trkpt>
      <trkpt lat="49.177770" lon="20.161944"><ele>1967.2</ele></trkpt>
      <trkpt lat="49.177760" lon="20.161920"><ele>1966.0</ele></trkpt>
      <trkpt lat="49.177750" lon="20.161896"><ele>1964.8</ele></trkpt>
      <trkpt lat="49.177738" lon="20.161875"><ele>1964.0</ele></trkpt>
      <trkpt lat="49.177718" lon="20.161850"><ele>1963.2</ele></trkpt>
      <trkpt lat="49.177709" lon="20.161810"><ele>1962.0</ele></trkpt>
      <trkpt lat="49.177709" lon="20.161774"><ele>1960.6</ele></trkpt>
      <trkpt lat="49.177702" lon="20.161728"><ele>1959.4</ele></trkpt>
      <trkpt lat="49.177699" lon="20.161680"><ele>1957.8</ele></trkpt>
      <trkpt lat="49.177702" lon="20.161646"><ele>1957.0</ele></trkpt>
      <trkpt lat="49.177715" lon="20.161619"><ele>1956.4</ele></trkpt>
      <trkpt lat="49.177728" lon="20.161594"><ele>1956.0</ele></trkpt>
      <trkpt lat="49.177757" lon="20.161568"><ele>1955.6</ele></trkpt>
      <trkpt lat="49.177760" lon="20.161528"><ele>1955.6</ele></trkpt>
      <trkpt lat="49.177738" lon="20.161493"><ele>1955.8</ele></trkpt>
      <trkpt lat="49.177715" lon="20.161459"><ele>1956.0</ele></trkpt>
      <trkpt lat="49.177702" lon="20.161421"><ele>1956.2</ele></trkpt>
      <trkpt lat="49.177690" lon="20.161381"><ele>1956.2</ele></trkpt>
      <trkpt lat="49.177680" lon="20.161349"><ele>1956.6</ele></trkpt>
      <trkpt lat="49.177680" lon="20.161315"><ele>1957.0</ele></trkpt>
      <trkpt lat="49.177674" lon="20.161288"><ele>1957.4</ele></trkpt>
      <trkpt lat="49.177658" lon="20.161274"><ele>1958.0</ele></trkpt>
      <trkpt lat="49.177635" lon="20.161270"><ele>1958.8</ele></trkpt>
      <trkpt lat="49.177610" lon="20.161269"><ele>1959.6</ele></trkpt>
      <trkpt lat="49.177590" lon="20.161262"><ele>1960.4</ele></trkpt>
      <trkpt lat="49.177568" lon="20.161272"><ele>1961.4</ele></trkpt>
      <trkpt lat="49.177542" lon="20.161261"><ele>1962.2</ele></trkpt>
      <trkpt lat="49.177530" lon="20.161238"><ele>1962.6</ele></trkpt>
      <trkpt lat="49.177514" lon="20.161226"><ele>1962.8</ele></trkpt>
      <trkpt lat="49.177491" lon="20.161211"><ele>1962.8</ele></trkpt>
      <trkpt lat="49.177475" lon="20.161182"><ele>1963.2</ele></trkpt>
      <trkpt lat="49.177462" lon="20.161160"><ele>1963.4</ele></trkpt>
      <trkpt lat="49.177453" lon="20.161134"><ele>1963.2</ele></trkpt>
      <trkpt lat="49.177443" lon="20.161110"><ele>1963.0</ele></trkpt>
      <trkpt lat="49.177421" lon="20.161074"><ele>1962.4</ele></trkpt>
      <trkpt lat="49.177405" lon="20.161027"><ele>1962.4</ele></trkpt>
      <trkpt lat="49.177382" lon="20.160997"><ele>1962.4</ele></trkpt>
      <trkpt lat="49.177350" lon="20.160973"><ele>1963.4</ele></trkpt>
      <trkpt lat="49.177331" lon="20.160962"><ele>1963.8</ele></trkpt>
      <trkpt lat="49.177312" lon="20.160950"><ele>1964.2</ele></trkpt>
      <trkpt lat="49.177296" lon="20.160934"><ele>1964.6</ele></trkpt>
      <trkpt lat="49.177270" lon="20.160901"><ele>1964.8</ele></trkpt>
      <trkpt lat="49.177238" lon="20.160882"><ele>1964.8</ele></trkpt>
      <trkpt lat="49.177219" lon="20.160872"><ele>1964.6</ele></trkpt>
      <trkpt lat="49.177203" lon="20.160854"><ele>1964.4</ele></trkpt>
      <trkpt lat="49.177171" lon="20.160822"><ele>1964.4</ele></trkpt>
      <trkpt lat="49.177152" lon="20.160805"><ele>1963.8</ele></trkpt>
      <trkpt lat="49.177133" lon="20.160789"><ele>1963.4</ele></trkpt>
      <trkpt lat="49.177117" lon="20.160776"><ele>1963.2</ele></trkpt>
      <trkpt lat="49.177098" lon="20.160762"><ele>1963.2</ele></trkpt>
      <trkpt lat="49.177078" lon="20.160747"><ele>1963.2</ele></trkpt>
      <trkpt lat="49.177059" lon="20.160736"><ele>1963.0</ele></trkpt>
      <trkpt lat="49.177037" lon="20.160725"><ele>1963.0</ele></trkpt>
      <trkpt lat="49.177014" lon="20.160714"><ele>1963.0</ele></trkpt>
      <trkpt lat="49.176995" lon="20.160707"><ele>1963.0</ele></trkpt>
      <trkpt lat="49.176979" lon="20.160694"><ele>1962.8</ele></trkpt>
      <trkpt lat="49.176960" lon="20.160683"><ele>1962.6</ele></trkpt>
      <trkpt lat="49.176941" lon="20.160669"><ele>1962.6</ele></trkpt>
      <trkpt lat="49.176925" lon="20.160653"><ele>1962.6</ele></trkpt>
      <trkpt lat="49.176893" lon="20.160619"><ele>1962.6</ele></trkpt>
      <trkpt lat="49.176877" lon="20.160603"><ele>1962.6</ele></trkpt>
      <trkpt lat="49.176858" lon="20.160587"><ele>1962.8</ele></trkpt>
      <trkpt lat="49.176842" lon="20.160568"><ele>1963.2</ele></trkpt>
      <trkpt lat="49.176822" lon="20.160538"><ele>1963.4</ele></trkpt>
      <trkpt lat="49.176794" lon="20.160518"><ele>1963.6</ele></trkpt>
      <trkpt lat="49.176765" lon="20.160509"><ele>1963.6</ele></trkpt>
      <trkpt lat="49.176749" lon="20.160474"><ele>1964.2</ele></trkpt>
      <trkpt lat="49.176736" lon="20.160450"><ele>1964.6</ele></trkpt>
      <trkpt lat="49.176717" lon="20.160429"><ele>1965.6</ele></trkpt>
      <trkpt lat="49.176704" lon="20.160405"><ele>1966.2</ele></trkpt>
      <trkpt lat="49.176694" lon="20.160371"><ele>1967.4</ele></trkpt>
      <trkpt lat="49.176685" lon="20.160347"><ele>1968.2</ele></trkpt>
      <trkpt lat="49.176675" lon="20.160307"><ele>1969.2</ele></trkpt>
      <trkpt lat="49.176662" lon="20.160278"><ele>1969.4</ele></trkpt>
      <trkpt lat="49.176646" lon="20.160243"><ele>1970.4</ele></trkpt>
      <trkpt lat="49.176637" lon="20.160210"><ele>1971.0</ele></trkpt>
      <trkpt lat="49.176618" lon="20.160192"><ele>1971.8</ele></trkpt>
      <trkpt lat="49.176614" lon="20.160158"><ele>1972.8</ele></trkpt>
      <trkpt lat="49.176614" lon="20.160128"><ele>1973.0</ele></trkpt>
      <trkpt lat="49.176605" lon="20.160096"><ele>1973.4</ele></trkpt>
      <trkpt lat="49.176602" lon="20.160067"><ele>1973.8</ele></trkpt>
      <trkpt lat="49.176603" lon="20.160046"><ele>1974.0</ele></trkpt>
      <trkpt lat="49.176605" lon="20.160008"><ele>1974.2</ele></trkpt>
      <trkpt lat="49.176605" lon="20.159973"><ele>1974.0</ele></trkpt>
      <trkpt lat="49.176602" lon="20.159944"><ele>1974.6</ele></trkpt>
      <trkpt lat="49.176605" lon="20.159915"><ele>1974.8</ele></trkpt>
      <trkpt lat="49.176605" lon="20.159875"><ele>1975.4</ele></trkpt>
      <trkpt lat="49.176598" lon="20.159840"><ele>1976.4</ele></trkpt>
      <trkpt lat="49.176579" lon="20.159814"><ele>1977.4</ele></trkpt>
      <trkpt lat="49.176589" lon="20.159779"><ele>1978.4</ele></trkpt>
      <trkpt lat="49.176589" lon="20.159733"><ele>1979.0</ele></trkpt>
      <trkpt lat="49.176576" lon="20.159712"><ele>1979.8</ele></trkpt>
      <trkpt lat="49.176563" lon="20.159686"><ele>1980.6</ele></trkpt>
      <trkpt lat="49.176550" lon="20.159659"><ele>1981.0</ele></trkpt>
      <trkpt lat="49.176541" lon="20.159627"><ele>1981.4</ele></trkpt>
      <trkpt lat="49.176525" lon="20.159614"><ele>1982.0</ele></trkpt>
      <trkpt lat="49.176502" lon="20.159582"><ele>1983.2</ele></trkpt>
      <trkpt lat="49.176486" lon="20.159557"><ele>1983.8</ele></trkpt>
      <trkpt lat="49.176477" lon="20.159528"><ele>1984.6</ele></trkpt>
      <trkpt lat="49.176470" lon="20.159498"><ele>1985.6</ele></trkpt>
      <trkpt lat="49.176451" lon="20.159491"><ele>1986.4</ele></trkpt>
      <trkpt lat="49.176426" lon="20.159498"><ele>1986.6</ele></trkpt>
      <trkpt lat="49.176400" lon="20.159502"><ele>1987.0</ele></trkpt>
      <trkpt lat="49.176381" lon="20.159506"><ele>1988.0</ele></trkpt>
      <trkpt lat="49.176352" lon="20.159504"><ele>1988.8</ele></trkpt>
      <trkpt lat="49.176326" lon="20.159496"><ele>1989.6</ele></trkpt>
      <trkpt lat="49.176307" lon="20.159493"><ele>1990.8</ele></trkpt>
      <trkpt lat="49.176285" lon="20.159470"><ele>1991.4</ele></trkpt>
      <trkpt lat="49.176266" lon="20.159442"><ele>1992.0</ele></trkpt>
      <trkpt lat="49.176246" lon="20.159402"><ele>1993.2</ele></trkpt>
      <trkpt lat="49.176240" lon="20.159374"><ele>1993.6</ele></trkpt>
      <trkpt lat="49.176211" lon="20.159342"><ele>1993.6</ele></trkpt>
      <trkpt lat="49.176198" lon="20.159299"><ele>1993.0</ele></trkpt>
      <trkpt lat="49.176182" lon="20.159272"><ele>1992.6</ele></trkpt>
      <trkpt lat="49.176170" lon="20.159246"><ele>1992.6</ele></trkpt>
      <trkpt lat="49.176150" lon="20.159208"><ele>1992.8</ele></trkpt>
      <trkpt lat="49.176131" lon="20.159179"><ele>1993.2</ele></trkpt>
      <trkpt lat="49.176118" lon="20.159144"><ele>1993.6</ele></trkpt>
      <trkpt lat="49.176102" lon="20.159117"><ele>1993.8</ele></trkpt>
      <trkpt lat="49.176086" lon="20.159088"><ele>1994.4</ele></trkpt>
      <trkpt lat="49.176083" lon="20.159058"><ele>1994.6</ele></trkpt>
      <trkpt lat="49.176074" lon="20.159026"><ele>1995.0</ele></trkpt>
      <trkpt lat="49.176061" lon="20.159005"><ele>1995.6</ele></trkpt>
      <trkpt lat="49.176051" lon="20.158978"><ele>1996.2</ele></trkpt>
      <trkpt lat="49.176054" lon="20.158950"><ele>1996.8</ele></trkpt>
      <trkpt lat="49.176045" lon="20.158912"><ele>1997.6</ele></trkpt>
      <trkpt lat="49.176054" lon="20.158877"><ele>1998.6</ele></trkpt>
      <trkpt lat="49.176061" lon="20.158848"><ele>1999.0</ele></trkpt>
      <trkpt lat="49.176042" lon="20.158821"><ele>1999.8</ele></trkpt>
      <trkpt lat="49.176019" lon="20.158813"><ele>2000.2</ele></trkpt>
      <trkpt lat="49.176010" lon="20.158776"><ele>2000.6</ele></trkpt>
      <trkpt lat="49.176006" lon="20.158739"><ele>2000.6</ele></trkpt>
      <trkpt lat="49.176003" lon="20.158704"><ele>2000.6</ele></trkpt>
      <trkpt lat="49.175990" lon="20.158672"><ele>2000.8</ele></trkpt>
      <trkpt lat="49.175987" lon="20.158634"><ele>2001.2</ele></trkpt>
      <trkpt lat="49.175974" lon="20.158603"><ele>2001.8</ele></trkpt>
      <trkpt lat="49.175952" lon="20.158573"><ele>2003.6</ele></trkpt>
      <trkpt lat="49.175942" lon="20.158539"><ele>2004.4</ele></trkpt>
      <trkpt lat="49.175942" lon="20.158502"><ele>2004.2</ele></trkpt>
      <trkpt lat="49.175930" lon="20.158475"><ele>2002.8</ele></trkpt>
      <trkpt lat="49.175920" lon="20.158451"><ele>2002.6</ele></trkpt>
      <trkpt lat="49.175926" lon="20.158410"><ele>2003.0</ele></trkpt>
      <trkpt lat="49.175942" lon="20.158373"><ele>2003.2</ele></trkpt>
      <trkpt lat="49.175942" lon="20.158336"><ele>2004.2</ele></trkpt>
      <trkpt lat="49.175930" lon="20.158304"><ele>2004.8</ele></trkpt>
      <trkpt lat="49.175933" lon="20.158272"><ele>2005.4</ele></trkpt>
      <trkpt lat="49.175942" lon="20.158232"><ele>2006.2</ele></trkpt>
      <trkpt lat="49.175946" lon="20.158202"><ele>2007.0</ele></trkpt>
      <trkpt lat="49.175942" lon="20.158163"><ele>2008.0</ele></trkpt>
      <trkpt lat="49.175939" lon="20.158136"><ele>2008.8</ele></trkpt>
      <trkpt lat="49.175926" lon="20.158107"><ele>2010.0</ele></trkpt>
      <trkpt lat="49.175923" lon="20.158066"><ele>2010.6</ele></trkpt>
      <trkpt lat="49.175914" lon="20.158029"><ele>2011.0</ele></trkpt>
      <trkpt lat="49.175907" lon="20.157994"><ele>2011.4</ele></trkpt>
      <trkpt lat="49.175894" lon="20.157963"><ele>2012.0</ele></trkpt>
      <trkpt lat="49.175882" lon="20.157939"><ele>2012.0</ele></trkpt>
      <trkpt lat="49.175869" lon="20.157915"><ele>2012.4</ele></trkpt>
      <trkpt lat="49.175866" lon="20.157877"><ele>2012.8</ele></trkpt>
      <trkpt lat="49.175846" lon="20.157840"><ele>2013.2</ele></trkpt>
      <trkpt lat="49.175821" lon="20.157814"><ele>2013.2</ele></trkpt>
      <trkpt lat="49.175795" lon="20.157805"><ele>2013.2</ele></trkpt>
      <trkpt lat="49.175770" lon="20.157768"><ele>2013.4</ele></trkpt>
      <trkpt lat="49.175786" lon="20.157723"><ele>2014.2</ele></trkpt>
      <trkpt lat="49.175789" lon="20.157696"><ele>2014.2</ele></trkpt>
      <trkpt lat="49.175792" lon="20.157666"><ele>2014.0</ele></trkpt>
      <trkpt lat="49.175786" lon="20.157627"><ele>2014.2</ele></trkpt>
      <trkpt lat="49.175770" lon="20.157592"><ele>2014.8</ele></trkpt>
      <trkpt lat="49.175770" lon="20.157558"><ele>2015.2</ele></trkpt>
      <trkpt lat="49.175766" lon="20.157528"><ele>2015.8</ele></trkpt>
      <trkpt lat="49.175757" lon="20.157498"><ele>2016.4</ele></trkpt>
      <trkpt lat="49.175754" lon="20.157459"><ele>2017.0</ele></trkpt>
      <trkpt lat="49.175757" lon="20.157411"><ele>2017.4</ele></trkpt>
      <trkpt lat="49.175766" lon="20.157352"><ele>2017.4</ele></trkpt>
      <trkpt lat="49.175770" lon="20.157310"><ele>2017.6</ele></trkpt>
      <trkpt lat="49.175776" lon="20.157282"><ele>2016.8</ele></trkpt>
      <trkpt lat="49.175776" lon="20.157248"><ele>2016.6</ele></trkpt>
      <trkpt lat="49.175750" lon="20.157238"><ele>2017.4</ele></trkpt>
      <trkpt lat="49.175734" lon="20.157208"><ele>2018.0</ele></trkpt>
      <trkpt lat="49.175741" lon="20.157178"><ele>2018.4</ele></trkpt>
      <trkpt lat="49.175725" lon="20.157138"><ele>2018.6</ele></trkpt>
      <trkpt lat="49.175715" lon="20.157114"><ele>2018.8</ele></trkpt>
      <trkpt lat="49.175696" lon="20.157078"><ele>2019.4</ele></trkpt>
      <trkpt lat="49.175693" lon="20.157030"><ele>2019.0</ele></trkpt>
      <trkpt lat="49.175706" lon="20.156982"><ele>2019.4</ele></trkpt>
      <trkpt lat="49.175706" lon="20.156931"><ele>2019.4</ele></trkpt>
      <trkpt lat="49.175709" lon="20.156901"><ele>2019.8</ele></trkpt>
      <trkpt lat="49.175722" lon="20.156854"><ele>2020.0</ele></trkpt>
      <trkpt lat="49.175728" lon="20.156811"><ele>2019.6</ele></trkpt>
      <trkpt lat="49.175734" lon="20.156776"><ele>2019.4</ele></trkpt>
      <trkpt lat="49.175741" lon="20.156738"><ele>2018.8</ele></trkpt>
      <trkpt lat="49.175744" lon="20.156701"><ele>2018.6</ele></trkpt>
      <trkpt lat="49.175750" lon="20.156666"><ele>2019.0</ele></trkpt>
      <trkpt lat="49.175747" lon="20.156626"><ele>2019.2</ele></trkpt>
      <trkpt lat="49.175744" lon="20.156573"><ele>2019.4</ele></trkpt>
      <trkpt lat="49.175747" lon="20.156530"><ele>2019.6</ele></trkpt>
      <trkpt lat="49.175763" lon="20.156498"><ele>2020.0</ele></trkpt>
      <trkpt lat="49.175763" lon="20.156466"><ele>2020.4</ele></trkpt>
      <trkpt lat="49.175757" lon="20.156438"><ele>2020.6</ele></trkpt>
      <trkpt lat="49.175766" lon="20.156413"><ele>2021.0</ele></trkpt>
      <trkpt lat="49.175766" lon="20.156358"><ele>2021.0</ele></trkpt>
      <trkpt lat="49.175766" lon="20.156330"><ele>2021.2</ele></trkpt>
      <trkpt lat="49.175754" lon="20.156291"><ele>2021.6</ele></trkpt>
      <trkpt lat="49.175734" lon="20.156256"><ele>2022.0</ele></trkpt>
      <trkpt lat="49.175728" lon="20.156205"><ele>2022.0</ele></trkpt>
      <trkpt lat="49.175722" lon="20.156165"><ele>2021.8</ele></trkpt>
      <trkpt lat="49.175725" lon="20.156112"><ele>2021.6</ele></trkpt>
      <trkpt lat="49.175734" lon="20.156069"><ele>2021.8</ele></trkpt>
      <trkpt lat="49.175744" lon="20.156037"><ele>2021.8</ele></trkpt>
      <trkpt lat="49.175750" lon="20.155992"><ele>2022.0</ele></trkpt>
      <trkpt lat="49.175763" lon="20.155966"><ele>2022.0</ele></trkpt>
      <trkpt lat="49.175766" lon="20.155928"><ele>2022.6</ele></trkpt>
      <trkpt lat="49.175766" lon="20.155896"><ele>2023.6</ele></trkpt>
      <trkpt lat="49.175763" lon="20.155864"><ele>2024.6</ele></trkpt>
      <trkpt lat="49.175766" lon="20.155832"><ele>2025.2</ele></trkpt>
      <trkpt lat="49.175757" lon="20.155803"><ele>2025.6</ele></trkpt>
      <trkpt lat="49.175750" lon="20.155774"><ele>2025.8</ele></trkpt>
      <trkpt lat="49.175731" lon="20.155741"><ele>2026.2</ele></trkpt>
      <trkpt lat="49.175741" lon="20.155701"><ele>2027.6</ele></trkpt>
      <trkpt lat="49.175744" lon="20.155661"><ele>2028.0</ele></trkpt>
      <trkpt lat="49.175734" lon="20.155621"><ele>2028.0</ele></trkpt>
      <trkpt lat="49.175731" lon="20.155584"><ele>2028.0</ele></trkpt>
      <trkpt lat="49.175741" lon="20.155558"><ele>2028.2</ele></trkpt>
      <trkpt lat="49.175744" lon="20.155525"><ele>2028.4</ele></trkpt>
      <trkpt lat="49.175747" lon="20.155491"><ele>2028.8</ele></trkpt>
      <trkpt lat="49.175744" lon="20.155464"><ele>2029.4</ele></trkpt>
      <trkpt lat="49.175731" lon="20.155437"><ele>2029.8</ele></trkpt>
      <trkpt lat="49.175715" lon="20.155421"><ele>2029.8</ele></trkpt>
      <trkpt lat="49.175722" lon="20.155373"><ele>2030.4</ele></trkpt>
      <trkpt lat="49.175728" lon="20.155336"><ele>2030.8</ele></trkpt>
      <trkpt lat="49.175731" lon="20.155293"><ele>2031.0</ele></trkpt>
      <trkpt lat="49.175731" lon="20.155254"><ele>2031.0</ele></trkpt>
      <trkpt lat="49.175741" lon="20.155213"><ele>2031.0</ele></trkpt>
      <trkpt lat="49.175754" lon="20.155174"><ele>2031.2</ele></trkpt>
      <trkpt lat="49.175731" lon="20.155144"><ele>2031.4</ele></trkpt>
      <trkpt lat="49.175725" lon="20.155104"><ele>2031.6</ele></trkpt>
      <trkpt lat="49.175715" lon="20.155074"><ele>2031.6</ele></trkpt>
      <trkpt lat="49.175722" lon="20.155034"><ele>2031.6</ele></trkpt>
      <trkpt lat="49.175731" lon="20.155000"><ele>2031.0</ele></trkpt>
      <trkpt lat="49.175744" lon="20.154970"><ele>2030.8</ele></trkpt>
      <trkpt lat="49.175757" lon="20.154930"><ele>2030.6</ele></trkpt>
      <trkpt lat="49.175773" lon="20.154891"><ele>2030.4</ele></trkpt>
      <trkpt lat="49.175786" lon="20.154858"><ele>2030.0</ele></trkpt>
      <trkpt lat="49.175789" lon="20.154826"><ele>2029.8</ele></trkpt>
      <trkpt lat="49.175789" lon="20.154792"><ele>2029.6</ele></trkpt>
      <trkpt lat="49.175792" lon="20.154762"><ele>2029.4</ele></trkpt>
      <trkpt lat="49.175792" lon="20.154728"><ele>2029.6</ele></trkpt>
      <trkpt lat="49.175795" lon="20.154698"><ele>2029.6</ele></trkpt>
      <trkpt lat="49.175802" lon="20.154670"><ele>2029.8</ele></trkpt>
      <trkpt lat="49.175802" lon="20.154632"><ele>2030.0</ele></trkpt>
      <trkpt lat="49.175789" lon="20.154600"><ele>2030.2</ele></trkpt>
      <trkpt lat="49.175782" lon="20.154571"><ele>2030.6</ele></trkpt>
      <trkpt lat="49.175773" lon="20.154539"><ele>2030.6</ele></trkpt>
      <trkpt lat="49.175766" lon="20.154510"><ele>2030.8</ele></trkpt>
      <trkpt lat="49.175766" lon="20.154461"><ele>2031.2</ele></trkpt>
      <trkpt lat="49.175770" lon="20.154430"><ele>2032.2</ele></trkpt>
      <trkpt lat="49.175766" lon="20.154398"><ele>2032.4</ele></trkpt>
      <trkpt lat="49.175744" lon="20.154381"><ele>2032.0</ele></trkpt>
      <trkpt lat="49.175731" lon="20.154339"><ele>2031.4</ele></trkpt>
      <trkpt lat="49.175731" lon="20.154307"><ele>2031.0</ele></trkpt>
      <trkpt lat="49.175728" lon="20.154278"><ele>2030.4</ele></trkpt>
      <trkpt lat="49.175728" lon="20.154250"><ele>2030.0</ele></trkpt>
      <trkpt lat="49.175722" lon="20.154221"><ele>2029.8</ele></trkpt>
      <trkpt lat="49.175712" lon="20.154173"><ele>2029.2</ele></trkpt>
      <trkpt lat="49.175690" lon="20.154131"><ele>2028.8</ele></trkpt>
      <trkpt lat="49.175677" lon="20.154106"><ele>2028.6</ele></trkpt>
      <trkpt lat="49.175690" lon="20.154051"><ele>2028.4</ele></trkpt>
      <trkpt lat="49.175696" lon="20.154022"><ele>2027.8</ele></trkpt>
      <trkpt lat="49.175709" lon="20.153997"><ele>2027.4</ele></trkpt>
      <trkpt lat="49.175722" lon="20.153976"><ele>2027.2</ele></trkpt>
      <trkpt lat="49.175734" lon="20.153938"><ele>2027.2</ele></trkpt>
      <trkpt lat="49.175747" lon="20.153915"><ele>2027.2</ele></trkpt>
      <trkpt lat="49.175766" lon="20.153882"><ele>2027.2</ele></trkpt>
      <trkpt lat="49.175782" lon="20.153846"><ele>2027.4</ele></trkpt>
      <trkpt lat="49.175786" lon="20.153795"><ele>2027.2</ele></trkpt>
      <trkpt lat="49.175789" lon="20.153754"><ele>2027.2</ele></trkpt>
      <trkpt lat="49.175789" lon="20.153722"><ele>2027.2</ele></trkpt>
      <trkpt lat="49.175786" lon="20.153674"><ele>2027.2</ele></trkpt>
      <trkpt lat="49.175773" lon="20.153632"><ele>2027.0</ele></trkpt>
      <trkpt lat="49.175776" lon="20.153589"><ele>2027.0</ele></trkpt>
      <trkpt lat="49.175773" lon="20.153544"><ele>2027.0</ele></trkpt>
      <trkpt lat="49.175786" lon="20.153518"><ele>2027.0</ele></trkpt>
      <trkpt lat="49.175808" lon="20.153469"><ele>2027.2</ele></trkpt>
      <trkpt lat="49.175824" lon="20.153430"><ele>2028.0</ele></trkpt>
      <trkpt lat="49.175814" lon="20.153397"><ele>2028.2</ele></trkpt>
      <trkpt lat="49.175814" lon="20.153365"><ele>2028.6</ele></trkpt>
      <trkpt lat="49.175811" lon="20.153318"><ele>2028.6</ele></trkpt>
      <trkpt lat="49.175808" lon="20.153282"><ele>2028.8</ele></trkpt>
      <trkpt lat="49.175811" lon="20.153251"><ele>2028.8</ele></trkpt>
      <trkpt lat="49.175805" lon="20.153222"><ele>2029.0</ele></trkpt>
      <trkpt lat="49.175792" lon="20.153202"><ele>2029.6</ele></trkpt>
      <trkpt lat="49.175795" lon="20.153166"><ele>2030.8</ele></trkpt>
      <trkpt lat="49.175795" lon="20.153138"><ele>2032.2</ele></trkpt>
      <trkpt lat="49.175802" lon="20.153104"><ele>2032.8</ele></trkpt>
      <trkpt lat="49.175814" lon="20.153072"><ele>2033.2</ele></trkpt>
      <trkpt lat="49.175834" lon="20.153058"><ele>2033.6</ele></trkpt>
      <trkpt lat="49.175856" lon="20.153034"><ele>2034.4</ele></trkpt>
      <trkpt lat="49.175862" lon="20.152997"><ele>2035.2</ele></trkpt>
      <trkpt lat="49.175882" lon="20.152963"><ele>2036.0</ele></trkpt>
      <trkpt lat="49.175904" lon="20.152928"><ele>2036.6</ele></trkpt>
      <trkpt lat="49.175910" lon="20.152893"><ele>2036.6</ele></trkpt>
      <trkpt lat="49.175904" lon="20.152853"><ele>2036.8</ele></trkpt>
      <trkpt lat="49.175907" lon="20.152816"><ele>2037.4</ele></trkpt>
      <trkpt lat="49.175926" lon="20.152792"><ele>2038.0</ele></trkpt>
      <trkpt lat="49.175946" lon="20.152770"><ele>2037.8</ele></trkpt>
      <trkpt lat="49.175968" lon="20.152760"><ele>2037.6</ele></trkpt>
      <trkpt lat="49.175984" lon="20.152742"><ele>2037.6</ele></trkpt>
      <trkpt lat="49.176003" lon="20.152704"><ele>2037.8</ele></trkpt>
      <trkpt lat="49.176019" lon="20.152675"><ele>2038.0</ele></trkpt>
      <trkpt lat="49.176029" lon="20.152640"><ele>2038.0</ele></trkpt>
      <trkpt lat="49.176038" lon="20.152610"><ele>2038.0</ele></trkpt>
      <trkpt lat="49.176048" lon="20.152565"><ele>2038.0</ele></trkpt>
      <trkpt lat="49.176067" lon="20.152526"><ele>2038.0</ele></trkpt>
      <trkpt lat="49.176102" lon="20.152496"><ele>2038.0</ele></trkpt>
      <trkpt lat="49.176118" lon="20.152478"><ele>2039.0</ele></trkpt>
      <trkpt lat="49.176138" lon="20.152437"><ele>2039.8</ele></trkpt>
      <trkpt lat="49.176141" lon="20.152406"><ele>2040.2</ele></trkpt>
      <trkpt lat="49.176138" lon="20.152368"><ele>2040.6</ele></trkpt>
      <trkpt lat="49.176141" lon="20.152336"><ele>2041.0</ele></trkpt>
      <trkpt lat="49.176163" lon="20.152309"><ele>2041.4</ele></trkpt>
      <trkpt lat="49.176179" lon="20.152282"><ele>2042.0</ele></trkpt>
      <trkpt lat="49.176192" lon="20.152253"><ele>2042.8</ele></trkpt>
      <trkpt lat="49.176192" lon="20.152214"><ele>2043.2</ele></trkpt>
      <trkpt lat="49.176192" lon="20.152182"><ele>2043.8</ele></trkpt>
      <trkpt lat="49.176192" lon="20.152139"><ele>2044.0</ele></trkpt>
      <trkpt lat="49.176202" lon="20.152096"><ele>2043.8</ele></trkpt>
      <trkpt lat="49.176205" lon="20.152048"><ele>2043.6</ele></trkpt>
      <trkpt lat="49.176205" lon="20.152018"><ele>2043.6</ele></trkpt>
      <trkpt lat="49.176205" lon="20.151979"><ele>2043.6</ele></trkpt>
      <trkpt lat="49.176192" lon="20.151950"><ele>2043.6</ele></trkpt>
      <trkpt lat="49.176189" lon="20.151912"><ele>2044.4</ele></trkpt>
      <trkpt lat="49.176202" lon="20.151888"><ele>2044.8</ele></trkpt>
      <trkpt lat="49.176218" lon="20.151856"><ele>2045.6</ele></trkpt>
      <trkpt lat="49.176227" lon="20.151830"><ele>2046.8</ele></trkpt>
      <trkpt lat="49.176234" lon="20.151782"><ele>2047.6</ele></trkpt>
      <trkpt lat="49.176243" lon="20.151758"><ele>2047.8</ele></trkpt>
      <trkpt lat="49.176240" lon="20.151723"><ele>2048.0</ele></trkpt>
      <trkpt lat="49.176243" lon="20.151680"><ele>2048.4</ele></trkpt>
      <trkpt lat="49.176234" lon="20.151650"><ele>2048.4</ele></trkpt>
      <trkpt lat="49.176250" lon="20.151630"><ele>2048.4</ele></trkpt>
      <trkpt lat="49.176250" lon="20.151597"><ele>2048.4</ele></trkpt>
      <trkpt lat="49.176250" lon="20.151562"><ele>2049.0</ele></trkpt>
      <trkpt lat="49.176262" lon="20.151525"><ele>2049.2</ele></trkpt>
      <trkpt lat="49.176262" lon="20.151488"><ele>2049.4</ele></trkpt>
      <trkpt lat="49.176269" lon="20.151461"><ele>2049.6</ele></trkpt>
      <trkpt lat="49.176272" lon="20.151416"><ele>2050.0</ele></trkpt>
      <trkpt lat="49.176288" lon="20.151371"><ele>2050.4</ele></trkpt>
      <trkpt lat="49.176291" lon="20.151344"><ele>2050.6</ele></trkpt>
      <trkpt lat="49.176288" lon="20.151317"><ele>2051.0</ele></trkpt>
      <trkpt lat="49.176272" lon="20.151291"><ele>2051.2</ele></trkpt>
      <trkpt lat="49.176253" lon="20.151264"><ele>2051.8</ele></trkpt>
      <trkpt lat="49.176240" lon="20.151224"><ele>2051.8</ele></trkpt>
      <trkpt lat="49.176224" lon="20.151197"><ele>2051.8</ele></trkpt>
      <trkpt lat="49.176208" lon="20.151170"><ele>2051.8</ele></trkpt>
      <trkpt lat="49.176202" lon="20.151136"><ele>2051.6</ele></trkpt>
      <trkpt lat="49.176192" lon="20.151107"><ele>2051.6</ele></trkpt>
      <trkpt lat="49.176186" lon="20.151061"><ele>2052.0</ele></trkpt>
      <trkpt lat="49.176173" lon="20.151034"><ele>2052.0</ele></trkpt>
      <trkpt lat="49.176147" lon="20.150997"><ele>2052.0</ele></trkpt>
      <trkpt lat="49.176131" lon="20.150973"><ele>2052.0</ele></trkpt>
      <trkpt lat="49.176144" lon="20.150946"><ele>2051.6</ele></trkpt>
      <trkpt lat="49.176154" lon="20.150904"><ele>2051.4</ele></trkpt>
      <trkpt lat="49.176154" lon="20.150874"><ele>2051.0</ele></trkpt>
      <trkpt lat="49.176154" lon="20.150838"><ele>2051.0</ele></trkpt>
      <trkpt lat="49.176154" lon="20.150803"><ele>2051.2</ele></trkpt>
      <trkpt lat="49.176154" lon="20.150773"><ele>2051.6</ele></trkpt>
      <trkpt lat="49.176163" lon="20.150739"><ele>2051.6</ele></trkpt>
      <trkpt lat="49.176182" lon="20.150718"><ele>2051.8</ele></trkpt>
      <trkpt lat="49.176179" lon="20.150685"><ele>2052.8</ele></trkpt>
      <trkpt lat="49.176182" lon="20.150650"><ele>2053.8</ele></trkpt>
      <trkpt lat="49.176186" lon="20.150618"><ele>2054.0</ele></trkpt>
      <trkpt lat="49.176186" lon="20.150584"><ele>2054.2</ele></trkpt>
      <trkpt lat="49.176170" lon="20.150557"><ele>2054.4</ele></trkpt>
      <trkpt lat="49.176163" lon="20.150526"><ele>2055.0</ele></trkpt>
      <trkpt lat="49.176154" lon="20.150494"><ele>2055.8</ele></trkpt>
      <trkpt lat="49.176144" lon="20.150461"><ele>2056.4</ele></trkpt>
      <trkpt lat="49.176128" lon="20.150442"><ele>2057.0</ele></trkpt>
      <trkpt lat="49.176122" lon="20.150408"><ele>2057.8</ele></trkpt>
      <trkpt lat="49.176109" lon="20.150376"><ele>2058.4</ele></trkpt>
      <trkpt lat="49.176090" lon="20.150349"><ele>2059.4</ele></trkpt>
      <trkpt lat="49.176118" lon="20.150331"><ele>2060.6</ele></trkpt>
      <trkpt lat="49.176125" lon="20.150301"><ele>2061.0</ele></trkpt>
      <trkpt lat="49.176128" lon="20.150272"><ele>2061.4</ele></trkpt>
      <trkpt lat="49.176128" lon="20.150237"><ele>2061.6</ele></trkpt>
      <trkpt lat="49.176131" lon="20.150210"><ele>2061.8</ele></trkpt>
      <trkpt lat="49.176147" lon="20.150181"><ele>2062.0</ele></trkpt>
      <trkpt lat="49.176154" lon="20.150150"><ele>2062.2</ele></trkpt>
      <trkpt lat="49.176150" lon="20.150120"><ele>2062.6</ele></trkpt>
      <trkpt lat="49.176141" lon="20.150091"><ele>2063.0</ele></trkpt>
      <trkpt lat="49.176128" lon="20.150062"><ele>2063.4</ele></trkpt>
      <trkpt lat="49.176125" lon="20.150030"><ele>2063.8</ele></trkpt>
      <trkpt lat="49.176141" lon="20.149998"><ele>2064.8</ele></trkpt>
      <trkpt lat="49.176147" lon="20.149971"><ele>2066.2</ele></trkpt>
      <trkpt lat="49.176147" lon="20.149941"><ele>2067.6</ele></trkpt>
      <trkpt lat="49.176128" lon="20.149925"><ele>2068.0</ele></trkpt>
      <trkpt lat="49.176128" lon="20.149894"><ele>2068.8</ele></trkpt>
      <trkpt lat="49.176141" lon="20.149872"><ele>2069.6</ele></trkpt>
      <trkpt lat="49.176147" lon="20.149837"><ele>2070.4</ele></trkpt>
      <trkpt lat="49.176163" lon="20.149800"><ele>2071.8</ele></trkpt>
      <trkpt lat="49.176166" lon="20.149771"><ele>2072.0</ele></trkpt>
      <trkpt lat="49.176163" lon="20.149738"><ele>2072.4</ele></trkpt>
      <trkpt lat="49.176147" lon="20.149720"><ele>2072.6</ele></trkpt>
      <trkpt lat="49.176141" lon="20.149686"><ele>2073.0</ele></trkpt>
      <trkpt lat="49.176144" lon="20.149658"><ele>2073.8</ele></trkpt>
      <trkpt lat="49.176141" lon="20.149629"><ele>2074.0</ele></trkpt>
      <trkpt lat="49.176141" lon="20.149598"><ele>2074.2</ele></trkpt>
      <trkpt lat="49.176154" lon="20.149568"><ele>2074.6</ele></trkpt>
      <trkpt lat="49.176147" lon="20.149534"><ele>2074.8</ele></trkpt>
      <trkpt lat="49.176154" lon="20.149496"><ele>2075.6</ele></trkpt>
      <trkpt lat="49.176141" lon="20.149453"><ele>2075.8</ele></trkpt>
      <trkpt lat="49.176141" lon="20.149419"><ele>2075.8</ele></trkpt>
      <trkpt lat="49.176150" lon="20.149389"><ele>2076.0</ele></trkpt>
      <trkpt lat="49.176170" lon="20.149363"><ele>2076.2</ele></trkpt>
      <trkpt lat="49.176182" lon="20.149341"><ele>2076.2</ele></trkpt>
      <trkpt lat="49.176189" lon="20.149296"><ele>2076.4</ele></trkpt>
      <trkpt lat="49.176202" lon="20.149274"><ele>2076.6</ele></trkpt>
      <trkpt lat="49.176221" lon="20.149250"><ele>2076.8</ele></trkpt>
      <trkpt lat="49.176230" lon="20.149218"><ele>2077.4</ele></trkpt>
      <trkpt lat="49.176246" lon="20.149194"><ele>2078.0</ele></trkpt>
      <trkpt lat="49.176266" lon="20.149176"><ele>2078.2</ele></trkpt>
      <trkpt lat="49.176278" lon="20.149141"><ele>2078.6</ele></trkpt>
      <trkpt lat="49.176301" lon="20.149117"><ele>2079.0</ele></trkpt>
      <trkpt lat="49.176320" lon="20.149094"><ele>2079.6</ele></trkpt>
      <trkpt lat="49.176333" lon="20.149053"><ele>2080.6</ele></trkpt>
      <trkpt lat="49.176339" lon="20.149026"><ele>2081.0</ele></trkpt>
      <trkpt lat="49.176352" lon="20.149002"><ele>2081.4</ele></trkpt>
      <trkpt lat="49.176349" lon="20.148971"><ele>2082.2</ele></trkpt>
      <trkpt lat="49.176358" lon="20.148941"><ele>2083.0</ele></trkpt>
      <trkpt lat="49.176371" lon="20.148912"><ele>2083.6</ele></trkpt>
      <trkpt lat="49.176390" lon="20.148896"><ele>2084.0</ele></trkpt>
      <trkpt lat="49.176400" lon="20.148869"><ele>2084.2</ele></trkpt>
      <trkpt lat="49.176416" lon="20.148851"><ele>2084.8</ele></trkpt>
      <trkpt lat="49.176429" lon="20.148829"><ele>2086.4</ele></trkpt>
      <trkpt lat="49.176432" lon="20.148802"><ele>2087.6</ele></trkpt>
      <trkpt lat="49.176445" lon="20.148778"><ele>2088.4</ele></trkpt>
      <trkpt lat="49.176464" lon="20.148765"><ele>2089.4</ele></trkpt>
      <trkpt lat="49.176486" lon="20.148754"><ele>2090.6</ele></trkpt>
      <trkpt lat="49.176509" lon="20.148749"><ele>2091.6</ele></trkpt>
      <trkpt lat="49.176528" lon="20.148730"><ele>2092.2</ele></trkpt>
      <trkpt lat="49.176560" lon="20.148718"><ele>2092.6</ele></trkpt>
      <trkpt lat="49.176576" lon="20.148701"><ele>2092.6</ele></trkpt>
      <trkpt lat="49.176595" lon="20.148690"><ele>2093.0</ele></trkpt>
      <trkpt lat="49.176624" lon="20.148675"><ele>2093.4</ele></trkpt>
      <trkpt lat="49.176650" lon="20.148675"><ele>2094.2</ele></trkpt>
      <trkpt lat="49.176678" lon="20.148674"><ele>2094.8</ele></trkpt>
      <trkpt lat="49.176698" lon="20.148675"><ele>2095.0</ele></trkpt>
      <trkpt lat="49.176723" lon="20.148672"><ele>2095.8</ele></trkpt>
      <trkpt lat="49.176736" lon="20.148651"><ele>2096.4</ele></trkpt>
      <trkpt lat="49.176762" lon="20.148630"><ele>2097.8</ele></trkpt>
      <trkpt lat="49.176781" lon="20.148622"><ele>2098.0</ele></trkpt>
      <trkpt lat="49.176803" lon="20.148613"><ele>2098.6</ele></trkpt>
      <trkpt lat="49.176822" lon="20.148614"><ele>2099.2</ele></trkpt>
      <trkpt lat="49.176835" lon="20.148586"><ele>2100.0</ele></trkpt>
      <trkpt lat="49.176838" lon="20.148552"><ele>2100.2</ele></trkpt>
      <trkpt lat="49.176858" lon="20.148534"><ele>2100.4</ele></trkpt>
      <trkpt lat="49.176874" lon="20.148520"><ele>2100.8</ele></trkpt>
      <trkpt lat="49.176886" lon="20.148490"><ele>2101.4</ele></trkpt>
      <trkpt lat="49.176902" lon="20.148459"><ele>2102.4</ele></trkpt>
      <trkpt lat="49.176922" lon="20.148445"><ele>2102.6</ele></trkpt>
      <trkpt lat="49.176938" lon="20.148427"><ele>2103.0</ele></trkpt>
      <trkpt lat="49.176954" lon="20.148413"><ele>2103.4</ele></trkpt>
      <trkpt lat="49.176960" lon="20.148384"><ele>2104.2</ele></trkpt>
      <trkpt lat="49.176976" lon="20.148360"><ele>2104.8</ele></trkpt>
      <trkpt lat="49.176992" lon="20.148346"><ele>2105.2</ele></trkpt>
      <trkpt lat="49.177014" lon="20.148333"><ele>2105.8</ele></trkpt>
      <trkpt lat="49.177037" lon="20.148314"><ele>2107.4</ele></trkpt>
      <trkpt lat="49.177037" lon="20.148283"><ele>2110.4</ele></trkpt>
      <trkpt lat="49.177040" lon="20.148253"><ele>2112.0</ele></trkpt>
      <trkpt lat="49.177018" lon="20.148253"><ele>2112.6</ele></trkpt>
      <trkpt lat="49.176998" lon="20.148238"><ele>2111.8</ele></trkpt>
      <trkpt lat="49.176979" lon="20.148222"><ele>2112.6</ele></trkpt>
      <trkpt lat="49.176963" lon="20.148202"><ele>2113.8</ele></trkpt>
      <trkpt lat="49.176960" lon="20.148166"><ele>2116.0</ele></trkpt>
      <trkpt lat="49.176938" lon="20.148138"><ele>2116.0</ele></trkpt>
      <trkpt lat="49.176915" lon="20.148122"><ele>2115.6</ele></trkpt>
      <trkpt lat="49.176899" lon="20.148093"><ele>2116.2</ele></trkpt>
      <trkpt lat="49.176880" lon="20.148075"><ele>2116.8</ele></trkpt>
      <trkpt lat="49.176861" lon="20.148064"><ele>2118.0</ele></trkpt>
      <trkpt lat="49.176848" lon="20.148037"><ele>2119.2</ele></trkpt>
      <trkpt lat="49.176848" lon="20.148003"><ele>2120.0</ele></trkpt>
      <trkpt lat="49.176861" lon="20.147974"><ele>2120.4</ele></trkpt>
      <trkpt lat="49.176867" lon="20.147947"><ele>2122.2</ele></trkpt>
      <trkpt lat="49.176874" lon="20.147920"><ele>2122.8</ele></trkpt>
      <trkpt lat="49.176867" lon="20.147886"><ele>2124.0</ele></trkpt>
      <trkpt lat="49.176867" lon="20.147856"><ele>2126.0</ele></trkpt>
      <trkpt lat="49.176864" lon="20.147818"><ele>2130.4</ele></trkpt>
      <trkpt lat="49.176861" lon="20.147790"><ele>2131.2</ele></trkpt>
      <trkpt lat="49.176842" lon="20.147770"><ele>2131.6</ele></trkpt>
      <trkpt lat="49.176829" lon="20.147747"><ele>2131.6</ele></trkpt>
      <trkpt lat="49.176806" lon="20.147699"><ele>2131.8</ele></trkpt>
      <trkpt lat="49.176822" lon="20.147685"><ele>2133.4</ele></trkpt>
      <trkpt lat="49.176806" lon="20.147661"><ele>2134.2</ele></trkpt>
      <trkpt lat="49.176787" lon="20.147638"><ele>2134.8</ele></trkpt>
      <trkpt lat="49.176797" lon="20.147611"><ele>2135.8</ele></trkpt>
      <trkpt lat="49.176819" lon="20.147592"><ele>2136.4</ele></trkpt>
      <trkpt lat="49.176835" lon="20.147562"><ele>2137.2</ele></trkpt>
      <trkpt lat="49.176858" lon="20.147550"><ele>2138.0</ele></trkpt>
      <trkpt lat="49.176877" lon="20.147550"><ele>2138.2</ele></trkpt>
      <trkpt lat="49.176880" lon="20.147522"><ele>2139.0</ele></trkpt>
      <trkpt lat="49.176883" lon="20.147488"><ele>2140.6</ele></trkpt>
      <trkpt lat="49.176880" lon="20.147461"><ele>2141.4</ele></trkpt>
      <trkpt lat="49.176867" lon="20.147438"><ele>2142.0</ele></trkpt>
      <trkpt lat="49.176848" lon="20.147421"><ele>2142.6</ele></trkpt>
      <trkpt lat="49.176826" lon="20.147403"><ele>2143.2</ele></trkpt>
      <trkpt lat="49.176816" lon="20.147368"><ele>2143.8</ele></trkpt>
      <trkpt lat="49.176800" lon="20.147342"><ele>2144.6</ele></trkpt>
      <trkpt lat="49.176784" lon="20.147323"><ele>2145.6</ele></trkpt>
      <trkpt lat="49.176778" lon="20.147293"><ele>2146.6</ele></trkpt>
      <trkpt lat="49.176768" lon="20.147262"><ele>2147.2</ele></trkpt>
      <trkpt lat="49.176781" lon="20.147240"><ele>2148.4</ele></trkpt>
      <trkpt lat="49.176778" lon="20.147213"><ele>2149.0</ele></trkpt>
      <trkpt lat="49.176762" lon="20.147195"><ele>2149.4</ele></trkpt>
      <trkpt lat="49.176730" lon="20.147184"><ele>2149.6</ele></trkpt>
      <trkpt lat="49.176714" lon="20.147163"><ele>2150.8</ele></trkpt>
      <trkpt lat="49.176707" lon="20.147136"><ele>2151.8</ele></trkpt>
      <trkpt lat="49.176688" lon="20.147139"><ele>2152.6</ele></trkpt>
      <trkpt lat="49.176669" lon="20.147134"><ele>2153.2</ele></trkpt>
      <trkpt lat="49.176656" lon="20.147114"><ele>2154.4</ele></trkpt>
      <trkpt lat="49.176637" lon="20.147091"><ele>2155.6</ele></trkpt>
      <trkpt lat="49.176656" lon="20.147070"><ele>2157.0</ele></trkpt>
      <trkpt lat="49.176643" lon="20.147045"><ele>2157.8</ele></trkpt>
      <trkpt lat="49.176630" lon="20.147024"><ele>2158.8</ele></trkpt>
      <trkpt lat="49.176627" lon="20.146997"><ele>2160.2</ele></trkpt>
      <trkpt lat="49.176643" lon="20.146978"><ele>2161.0</ele></trkpt>
      <trkpt lat="49.176643" lon="20.146947"><ele>2161.8</ele></trkpt>
      <trkpt lat="49.176656" lon="20.146925"><ele>2162.4</ele></trkpt>
      <trkpt lat="49.176678" lon="20.146946"><ele>2163.0</ele></trkpt>
      <trkpt lat="49.176698" lon="20.146955"><ele>2163.6</ele></trkpt>
      <trkpt lat="49.176717" lon="20.146960"><ele>2164.2</ele></trkpt>
      <trkpt lat="49.176736" lon="20.146960"><ele>2165.8</ele></trkpt>
      <trkpt lat="49.176758" lon="20.146957"><ele>2167.0</ele></trkpt>
      <trkpt lat="49.176778" lon="20.146938"><ele>2168.4</ele></trkpt>
      <trkpt lat="49.176800" lon="20.146938"><ele>2168.4</ele></trkpt>
      <trkpt lat="49.176819" lon="20.146941"><ele>2169.2</ele></trkpt>
      <trkpt lat="49.176845" lon="20.146933"><ele>2170.8</ele></trkpt>
      <trkpt lat="49.176861" lon="20.146907"><ele>2171.2</ele></trkpt>
      <trkpt lat="49.176867" lon="20.146877"><ele>2171.8</ele></trkpt>
      <trkpt lat="49.176886" lon="20.146862"><ele>2172.2</ele></trkpt>
      <trkpt lat="49.176906" lon="20.146853"><ele>2172.4</ele></trkpt>
      <trkpt lat="49.176928" lon="20.146853"><ele>2172.8</ele></trkpt>
      <trkpt lat="49.176947" lon="20.146845"><ele>2173.4</ele></trkpt>
      <trkpt lat="49.176941" lon="20.146814"><ele>2175.6</ele></trkpt>
      <trkpt lat="49.176960" lon="20.146803"><ele>2177.2</ele></trkpt>
      <trkpt lat="49.176982" lon="20.146808"><ele>2177.8</ele></trkpt>
      <trkpt lat="49.177002" lon="20.146798"><ele>2178.0</ele></trkpt>
      <trkpt lat="49.177024" lon="20.146798"><ele>2178.0</ele></trkpt>
      <trkpt lat="49.177043" lon="20.146794"><ele>2177.6</ele></trkpt>
      <trkpt lat="49.177040" lon="20.146765"><ele>2177.6</ele></trkpt>
      <trkpt lat="49.177018" lon="20.146734"><ele>2178.8</ele></trkpt>
      <trkpt lat="49.176998" lon="20.146715"><ele>2179.2</ele></trkpt>
      <trkpt lat="49.177014" lon="20.146690"><ele>2180.4</ele></trkpt>
      <trkpt lat="49.177005" lon="20.146666"><ele>2183.0</ele></trkpt>
      <trkpt lat="49.176995" lon="20.146640"><ele>2184.4</ele></trkpt>
      <trkpt lat="49.176979" lon="20.146627"><ele>2185.6</ele></trkpt>
      <trkpt lat="49.176966" lon="20.146595"><ele>2187.4</ele></trkpt>
      <trkpt lat="49.176944" lon="20.146587"><ele>2188.0</ele></trkpt>
      <trkpt lat="49.176925" lon="20.146589"><ele>2188.4</ele></trkpt>
      <trkpt lat="49.176906" lon="20.146594"><ele>2189.2</ele></trkpt>
      <trkpt lat="49.176893" lon="20.146566"><ele>2191.2</ele></trkpt>
      <trkpt lat="49.176874" lon="20.146541"><ele>2192.2</ele></trkpt>
      <trkpt lat="49.176858" lon="20.146528"><ele>2192.6</ele></trkpt>
      <trkpt lat="49.176848" lon="20.146501"><ele>2194.2</ele></trkpt>
      <trkpt lat="49.176864" lon="20.146486"><ele>2194.8</ele></trkpt>
      <trkpt lat="49.176883" lon="20.146478"><ele>2196.0</ele></trkpt>
      <trkpt lat="49.176893" lon="20.146448"><ele>2197.2</ele></trkpt>
      <trkpt lat="49.176896" lon="20.146419"><ele>2198.4</ele></trkpt>
      <trkpt lat="49.176896" lon="20.146379"><ele>2199.4</ele></trkpt>
      <trkpt lat="49.176886" lon="20.146350"><ele>2200.2</ele></trkpt>
      <trkpt lat="49.176877" lon="20.146325"><ele>2201.2</ele></trkpt>
      <trkpt lat="49.176896" lon="20.146315"><ele>2202.0</ele></trkpt>
      <trkpt lat="49.176899" lon="20.146286"><ele>2204.2</ele></trkpt>
      <trkpt lat="49.176922" lon="20.146288"><ele>2205.6</ele></trkpt>
      <trkpt lat="49.176947" lon="20.146282"><ele>2207.8</ele></trkpt>
      <trkpt lat="49.176960" lon="20.146259"><ele>2209.8</ele></trkpt>
      <trkpt lat="49.176976" lon="20.146246"><ele>2211.0</ele></trkpt>
      <trkpt lat="49.176954" lon="20.146238"><ele>2210.4</ele></trkpt>
      <trkpt lat="49.176928" lon="20.146210"><ele>2211.2</ele></trkpt>
      <trkpt lat="49.176906" lon="20.146189"><ele>2211.4</ele></trkpt>
      <trkpt lat="49.176902" lon="20.146160"><ele>2213.0</ele></trkpt>
      <trkpt lat="49.176902" lon="20.146130"><ele>2214.6</ele></trkpt>
      <trkpt lat="49.176922" lon="20.146130"><ele>2214.2</ele></trkpt>
      <trkpt lat="49.176938" lon="20.146110"><ele>2214.8</ele></trkpt>
      <trkpt lat="49.176941" lon="20.146074"><ele>2216.2</ele></trkpt>
      <trkpt lat="49.176944" lon="20.146043"><ele>2217.4</ele></trkpt>
      <trkpt lat="49.176960" lon="20.146029"><ele>2218.8</ele></trkpt>
      <trkpt lat="49.176973" lon="20.146008"><ele>2220.6</ele></trkpt>
      <trkpt lat="49.176976" lon="20.145979"><ele>2222.6</ele></trkpt>
      <trkpt lat="49.176995" lon="20.145962"><ele>2223.8</ele></trkpt>
      <trkpt lat="49.177014" lon="20.145942"><ele>2224.6</ele></trkpt>
      <trkpt lat="49.177007" lon="20.145922"><ele>2225.8</ele></trkpt>
      <trkpt lat="49.177000" lon="20.145903"><ele>2228.2</ele></trkpt>
      <trkpt lat="49.176993" lon="20.145883"><ele>2230.6</ele></trkpt>
      <trkpt lat="49.176986" lon="20.145863"><ele>2233.2</ele></trkpt>
      <trkpt lat="49.176960" lon="20.145824"><ele>2235.0</ele></trkpt>
      <trkpt lat="49.176944" lon="20.145811"><ele>2235.6</ele></trkpt>
      <trkpt lat="49.176925" lon="20.145792"><ele>2236.2</ele></trkpt>
      <trkpt lat="49.176906" lon="20.145776"><ele>2236.6</ele></trkpt>
      <trkpt lat="49.176896" lon="20.145750"><ele>2238.0</ele></trkpt>
      <trkpt lat="49.176893" lon="20.145714"><ele>2238.8</ele></trkpt>
      <trkpt lat="49.176906" lon="20.145691"><ele>2240.2</ele></trkpt>
      <trkpt lat="49.176925" lon="20.145690"><ele>2241.4</ele></trkpt>
      <trkpt lat="49.176930" lon="20.145669"><ele>2242.6</ele></trkpt>
      <trkpt lat="49.176935" lon="20.145648"><ele>2244.4</ele></trkpt>
      <trkpt lat="49.176940" lon="20.145627"><ele>2245.8</ele></trkpt>
      <trkpt lat="49.176945" lon="20.145606"><ele>2247.0</ele></trkpt>
      <trkpt lat="49.176950" lon="20.145585"><ele>2248.4</ele></trkpt>
      <trkpt lat="49.176955" lon="20.145564"><ele>2250.2</ele></trkpt>
      <trkpt lat="49.176959" lon="20.145543"><ele>2251.2</ele></trkpt>
      <trkpt lat="49.176966" lon="20.145501"><ele>2252.8</ele></trkpt>
      <trkpt lat="49.176966" lon="20.145454"><ele>2253.6</ele></trkpt>
      <trkpt lat="49.176979" lon="20.145432"><ele>2254.2</ele></trkpt>
      <trkpt lat="49.176966" lon="20.145408"><ele>2255.8</ele></trkpt>
      <trkpt lat="49.176957" lon="20.145382"><ele>2256.8</ele></trkpt>
      <trkpt lat="49.176944" lon="20.145347"><ele>2257.2</ele></trkpt>
      <trkpt lat="49.176944" lon="20.145312"><ele>2258.4</ele></trkpt>
      <trkpt lat="49.176934" lon="20.145283"><ele>2259.6</ele></trkpt>
      <trkpt lat="49.176918" lon="20.145269"><ele>2260.2</ele></trkpt>
      <trkpt lat="49.176902" lon="20.145246"><ele>2261.0</ele></trkpt>
      <trkpt lat="49.176893" lon="20.145219"><ele>2262.0</ele></trkpt>
      <trkpt lat="49.176893" lon="20.145189"><ele>2263.4</ele></trkpt>
      <trkpt lat="49.176877" lon="20.145166"><ele>2264.6</ele></trkpt>
      <trkpt lat="49.176867" lon="20.145138"><ele>2265.8</ele></trkpt>
      <trkpt lat="49.176886" lon="20.145118"><ele>2266.4</ele></trkpt>
      <trkpt lat="49.176874" lon="20.145088"><ele>2268.2</ele></trkpt>
      <trkpt lat="49.176883" lon="20.145056"><ele>2269.8</ele></trkpt>
      <trkpt lat="49.176902" lon="20.145043"><ele>2270.4</ele></trkpt>
      <trkpt lat="49.176918" lon="20.145021"><ele>2271.0</ele></trkpt>
      <trkpt lat="49.176934" lon="20.145000"><ele>2272.2</ele></trkpt>
      <trkpt lat="49.176934" lon="20.144971"><ele>2274.2</ele></trkpt>
      <trkpt lat="49.176944" lon="20.144941"><ele>2275.2</ele></trkpt>
      <trkpt lat="49.176960" lon="20.144928"><ele>2276.2</ele></trkpt>
      <trkpt lat="49.176947" lon="20.144907"><ele>2278.0</ele></trkpt>
      <trkpt lat="49.176954" lon="20.144880"><ele>2279.6</ele></trkpt>
      <trkpt lat="49.176947" lon="20.144851"><ele>2281.6</ele></trkpt>
      <trkpt lat="49.176957" lon="20.144837"><ele>2287.0</ele></trkpt>
      <trkpt lat="49.176967" lon="20.144823"><ele>2288.8</ele></trkpt>
      <trkpt lat="49.176977" lon="20.144809"><ele>2287.6</ele></trkpt>
      <trkpt lat="49.176987" lon="20.144794"><ele>2285.8</ele></trkpt>
      <trkpt lat="49.176997" lon="20.144780"><ele>2285.0</ele></trkpt>
      <trkpt lat="49.177002" lon="20.144738"><ele>2278.4</ele></trkpt>
      <trkpt lat="49.176979" lon="20.144709"><ele>2276.8</ele></trkpt>
      <trkpt lat="49.176957" lon="20.144667"><ele>2276.0</ele></trkpt>
      <trkpt lat="49.176945" lon="20.144654"><ele>2276.2</ele></trkpt>
      <trkpt lat="49.176932" lon="20.144642"><ele>2274.4</ele></trkpt>
      <trkpt lat="49.176920" lon="20.144629"><ele>2274.0</ele></trkpt>
      <trkpt lat="49.176893" lon="20.144613"><ele>2272.4</ele></trkpt>
      <trkpt lat="49.176912" lon="20.144598"><ele>2268.8</ele></trkpt>
      <trkpt lat="49.176938" lon="20.144594"><ele>2267.8</ele></trkpt>
      <trkpt lat="49.176957" lon="20.144582"><ele>2267.4</ele></trkpt>
      <trkpt lat="49.176944" lon="20.144552"><ele>2267.2</ele></trkpt>
      <trkpt lat="49.176925" lon="20.144544"><ele>2266.6</ele></trkpt>
      <trkpt lat="49.176906" lon="20.144528"><ele>2264.2</ele></trkpt>
      <trkpt lat="49.176886" lon="20.144533"><ele>2262.0</ele></trkpt>
      <trkpt lat="49.176886" lon="20.144502"><ele>2256.0</ele></trkpt>
      <trkpt lat="49.176877" lon="20.144478"><ele>2255.6</ele></trkpt>
      <trkpt lat="49.176861" lon="20.144448"><ele>2255.6</ele></trkpt>
      <trkpt lat="49.176848" lon="20.144426"><ele>2255.2</ele></trkpt>
      <trkpt lat="49.176826" lon="20.144403"><ele>2255.2</ele></trkpt>
      <trkpt lat="49.176800" lon="20.144379"><ele>2255.6</ele></trkpt>
      <trkpt lat="49.176778" lon="20.144341"><ele>2256.4</ele></trkpt>
      <trkpt lat="49.176768" lon="20.144314"><ele>2253.2</ele></trkpt>
      <trkpt lat="49.176758" lon="20.144283"><ele>2253.0</ele></trkpt>
      <trkpt lat="49.176742" lon="20.144264"><ele>2248.0</ele></trkpt>
      <trkpt lat="49.176723" lon="20.144285"><ele>2246.4</ele></trkpt>
      <trkpt lat="49.176704" lon="20.144290"><ele>2244.6</ele></trkpt>
      <trkpt lat="49.176688" lon="20.144310"><ele>2244.0</ele></trkpt>
      <trkpt lat="49.176685" lon="20.144283"><ele>2241.6</ele></trkpt>
      <trkpt lat="49.176669" lon="20.144264"><ele>2238.8</ele></trkpt>
      <trkpt lat="49.176650" lon="20.144262"><ele>2238.2</ele></trkpt>
      <trkpt lat="49.176640" lon="20.144227"><ele>2237.0</ele></trkpt>
      <trkpt lat="49.176618" lon="20.144235"><ele>2235.8</ele></trkpt>
      <trkpt lat="49.176605" lon="20.144213"><ele>2234.0</ele></trkpt>
      <trkpt lat="49.176595" lon="20.144187"><ele>2232.6</ele></trkpt>
      <trkpt lat="49.176586" lon="20.144163"><ele>2229.8</ele></trkpt>
      <trkpt lat="49.176566" lon="20.144162"><ele>2228.8</ele></trkpt>
      <trkpt lat="49.176544" lon="20.144157"><ele>2228.2</ele></trkpt>
      <trkpt lat="49.176528" lon="20.144136"><ele>2228.0</ele></trkpt>
      <trkpt lat="49.176518" lon="20.144110"><ele>2226.0</ele></trkpt>
      <trkpt lat="49.176502" lon="20.144093"><ele>2225.2</ele></trkpt>
      <trkpt lat="49.176502" lon="20.144061"><ele>2224.4</ele></trkpt>
      <trkpt lat="49.176483" lon="20.144053"><ele>2222.8</ele></trkpt>
      <trkpt lat="49.176470" lon="20.144026"><ele>2222.0</ele></trkpt>
      <trkpt lat="49.176445" lon="20.144037"><ele>2220.4</ele></trkpt>
      <trkpt lat="49.176432" lon="20.144005"><ele>2217.0</ele></trkpt>
      <trkpt lat="49.176416" lon="20.143986"><ele>2216.2</ele></trkpt>
      <trkpt lat="49.176400" lon="20.143973"><ele>2216.0</ele></trkpt>
      <trkpt lat="49.176381" lon="20.143965"><ele>2215.0</ele></trkpt>
      <trkpt lat="49.176371" lon="20.143936"><ele>2214.6</ele></trkpt>
      <trkpt lat="49.176378" lon="20.143909"><ele>2214.4</ele></trkpt>
      <trkpt lat="49.176390" lon="20.143874"><ele>2213.8</ele></trkpt>
      <trkpt lat="49.176384" lon="20.143846"><ele>2212.2</ele></trkpt>
      <trkpt lat="49.176387" lon="20.143814"><ele>2211.4</ele></trkpt>
      <trkpt lat="49.176368" lon="20.143800"><ele>2210.2</ele></trkpt>
      <trkpt lat="49.176349" lon="20.143814"><ele>2209.6</ele></trkpt>
      <trkpt lat="49.176333" lon="20.143794"><ele>2208.8</ele></trkpt>
      <trkpt lat="49.176346" lon="20.143760"><ele>2207.6</ele></trkpt>
      <trkpt lat="49.176349" lon="20.143728"><ele>2206.0</ele></trkpt>
      <trkpt lat="49.176330" lon="20.143718"><ele>2205.6</ele></trkpt>
      <trkpt lat="49.176326" lon="20.143688"><ele>2204.8</ele></trkpt>
      <trkpt lat="49.176339" lon="20.143651"><ele>2203.0</ele></trkpt>
      <trkpt lat="49.176326" lon="20.143629"><ele>2202.0</ele></trkpt>
      <trkpt lat="49.176307" lon="20.143626"><ele>2200.0</ele></trkpt>
      <trkpt lat="49.176288" lon="20.143629"><ele>2199.2</ele></trkpt>
      <trkpt lat="49.176285" lon="20.143581"><ele>2198.4</ele></trkpt>
      <trkpt lat="49.176262" lon="20.143571"><ele>2196.0</ele></trkpt>
      <trkpt lat="49.176243" lon="20.143574"><ele>2195.0</ele></trkpt>
      <trkpt lat="49.176224" lon="20.143576"><ele>2193.8</ele></trkpt>
      <trkpt lat="49.176189" lon="20.143560"><ele>2193.4</ele></trkpt>
      <trkpt lat="49.176170" lon="20.143539"><ele>2192.0</ele></trkpt>
      <trkpt lat="49.176150" lon="20.143530"><ele>2191.4</ele></trkpt>
      <trkpt lat="49.176138" lon="20.143550"><ele>2188.6</ele></trkpt>
      <trkpt lat="49.176118" lon="20.143557"><ele>2187.6</ele></trkpt>
      <trkpt lat="49.176122" lon="20.143522"><ele>2184.8</ele></trkpt>
      <trkpt lat="49.176112" lon="20.143482"><ele>2183.2</ele></trkpt>
      <trkpt lat="49.176122" lon="20.143458"><ele>2182.4</ele></trkpt>
      <trkpt lat="49.176102" lon="20.143426"><ele>2181.6</ele></trkpt>
      <trkpt lat="49.176080" lon="20.143411"><ele>2181.0</ele></trkpt>
      <trkpt lat="49.176083" lon="20.143362"><ele>2180.2</ele></trkpt>
      <trkpt lat="49.176102" lon="20.143328"><ele>2179.2</ele></trkpt>
      <trkpt lat="49.176086" lon="20.143309"><ele>2177.8</ele></trkpt>
      <trkpt lat="49.176090" lon="20.143282"><ele>2177.2</ele></trkpt>
      <trkpt lat="49.176083" lon="20.143251"><ele>2175.6</ele></trkpt>
      <trkpt lat="49.176083" lon="20.143211"><ele>2175.0</ele></trkpt>
      <trkpt lat="49.176054" lon="20.143192"><ele>2173.6</ele></trkpt>
      <trkpt lat="49.176054" lon="20.143157"><ele>2172.4</ele></trkpt>
      <trkpt lat="49.176026" lon="20.143170"><ele>2171.2</ele></trkpt>
      <trkpt lat="49.175994" lon="20.143178"><ele>2170.6</ele></trkpt>
      <trkpt lat="49.175971" lon="20.143160"><ele>2169.8</ele></trkpt>
      <trkpt lat="49.175955" lon="20.143120"><ele>2169.0</ele></trkpt>
      <trkpt lat="49.175926" lon="20.143141"><ele>2165.6</ele></trkpt>
      <trkpt lat="49.175907" lon="20.143144"><ele>2165.4</ele></trkpt>
      <trkpt lat="49.175888" lon="20.143149"><ele>2165.2</ele></trkpt>
      <trkpt lat="49.175869" lon="20.143150"><ele>2165.0</ele></trkpt>
      <trkpt lat="49.175843" lon="20.143150"><ele>2164.8</ele></trkpt>
      <trkpt lat="49.175821" lon="20.143139"><ele>2164.4</ele></trkpt>
      <trkpt lat="49.175802" lon="20.143128"><ele>2163.8</ele></trkpt>
      <trkpt lat="49.175782" lon="20.143118"><ele>2163.4</ele></trkpt>
      <trkpt lat="49.175750" lon="20.143101"><ele>2163.0</ele></trkpt>
      <trkpt lat="49.175722" lon="20.143082"><ele>2162.2</ele></trkpt>
      <trkpt lat="49.175693" lon="20.143067"><ele>2161.4</ele></trkpt>
      <trkpt lat="49.175690" lon="20.143035"><ele>2160.6</ele></trkpt>
      <trkpt lat="49.175670" lon="20.143011"><ele>2160.0</ele></trkpt>
      <trkpt lat="49.175651" lon="20.143002"><ele>2159.6</ele></trkpt>
      <trkpt lat="49.175645" lon="20.142971"><ele>2158.8</ele></trkpt>
      <trkpt lat="49.175626" lon="20.142970"><ele>2158.6</ele></trkpt>
      <trkpt lat="49.175606" lon="20.142939"><ele>2157.6</ele></trkpt>
      <trkpt lat="49.175597" lon="20.142901"><ele>2156.6</ele></trkpt>
      <trkpt lat="49.175590" lon="20.142864"><ele>2155.8</ele></trkpt>
      <trkpt lat="49.175587" lon="20.142835"><ele>2155.0</ele></trkpt>
      <trkpt lat="49.175574" lon="20.142814"><ele>2154.2</ele></trkpt>
      <trkpt lat="49.175555" lon="20.142805"><ele>2153.0</ele></trkpt>
      <trkpt lat="49.175536" lon="20.142795"><ele>2152.6</ele></trkpt>
      <trkpt lat="49.175517" lon="20.142778"><ele>2151.8</ele></trkpt>
      <trkpt lat="49.175514" lon="20.142744"><ele>2151.2</ele></trkpt>
      <trkpt lat="49.175494" lon="20.142733"><ele>2150.8</ele></trkpt>
      <trkpt lat="49.175475" lon="20.142706"><ele>2149.6</ele></trkpt>
      <trkpt lat="49.175462" lon="20.142685"><ele>2149.0</ele></trkpt>
      <trkpt lat="49.175443" lon="20.142672"><ele>2148.6</ele></trkpt>
      <trkpt lat="49.175427" lon="20.142658"><ele>2148.2</ele></trkpt>
      <trkpt lat="49.175408" lon="20.142651"><ele>2147.8</ele></trkpt>
      <trkpt lat="49.175389" lon="20.142638"><ele>2147.6</ele></trkpt>
      <trkpt lat="49.175363" lon="20.142621"><ele>2147.4</ele></trkpt>
      <trkpt lat="49.175338" lon="20.142602"><ele>2147.2</ele></trkpt>
      <trkpt lat="49.175328" lon="20.142573"><ele>2147.0</ele></trkpt>
      <trkpt lat="49.175334" lon="20.142536"><ele>2146.8</ele></trkpt>
      <trkpt lat="49.175312" lon="20.142515"><ele>2146.4</ele></trkpt>
      <trkpt lat="49.175296" lon="20.142494"><ele>2145.8</ele></trkpt>
      <trkpt lat="49.175286" lon="20.142453"><ele>2145.4</ele></trkpt>
      <trkpt lat="49.175277" lon="20.142414"><ele>2145.0</ele></trkpt>
      <trkpt lat="49.175270" lon="20.142387"><ele>2144.4</ele></trkpt>
      <trkpt lat="49.175258" lon="20.142365"><ele>2144.0</ele></trkpt>
      <trkpt lat="49.175235" lon="20.142342"><ele>2143.6</ele></trkpt>
      <trkpt lat="49.175232" lon="20.142298"><ele>2143.2</ele></trkpt>
      <trkpt lat="49.175213" lon="20.142269"><ele>2142.6</ele></trkpt>
      <trkpt lat="49.175197" lon="20.142221"><ele>2141.8</ele></trkpt>
      <trkpt lat="49.175190" lon="20.142178"><ele>2141.0</ele></trkpt>
      <trkpt lat="49.175171" lon="20.142149"><ele>2140.2</ele></trkpt>
      <trkpt lat="49.175165" lon="20.142110"><ele>2140.4</ele></trkpt>
      <trkpt lat="49.175155" lon="20.142080"><ele>2140.6</ele></trkpt>
      <trkpt lat="49.175139" lon="20.142056"><ele>2140.6</ele></trkpt>
      <trkpt lat="49.175126" lon="20.142030"><ele>2140.0</ele></trkpt>
      <trkpt lat="49.175114" lon="20.141998"><ele>2138.8</ele></trkpt>
      <trkpt lat="49.175098" lon="20.141979"><ele>2137.6</ele></trkpt>
      <trkpt lat="49.175091" lon="20.141947"><ele>2136.4</ele></trkpt>
      <trkpt lat="49.175082" lon="20.141918"><ele>2135.4</ele></trkpt>
      <trkpt lat="49.175075" lon="20.141888"><ele>2135.0</ele></trkpt>
      <trkpt lat="49.175056" lon="20.141867"><ele>2134.6</ele></trkpt>
      <trkpt lat="49.175040" lon="20.141842"><ele>2134.0</ele></trkpt>
      <trkpt lat="49.175037" lon="20.141808"><ele>2133.6</ele></trkpt>
      <trkpt lat="49.175037" lon="20.141778"><ele>2133.2</ele></trkpt>
      <trkpt lat="49.175021" lon="20.141752"><ele>2132.6</ele></trkpt>
      <trkpt lat="49.174998" lon="20.141741"><ele>2132.2</ele></trkpt>
      <trkpt lat="49.174970" lon="20.141731"><ele>2131.6</ele></trkpt>
      <trkpt lat="49.174960" lon="20.141704"><ele>2131.2</ele></trkpt>
      <trkpt lat="49.174947" lon="20.141662"><ele>2130.4</ele></trkpt>
      <trkpt lat="49.174938" lon="20.141635"><ele>2130.2</ele></trkpt>
      <trkpt lat="49.174915" lon="20.141622"><ele>2128.8</ele></trkpt>
      <trkpt lat="49.174899" lon="20.141595"><ele>2127.6</ele></trkpt>
      <trkpt lat="49.174877" lon="20.141603"><ele>2127.6</ele></trkpt>
      <trkpt lat="49.174861" lon="20.141589"><ele>2127.2</ele></trkpt>
      <trkpt lat="49.174848" lon="20.141562"><ele>2126.4</ele></trkpt>
      <trkpt lat="49.174822" lon="20.141562"><ele>2125.8</ele></trkpt>
      <trkpt lat="49.174810" lon="20.141520"><ele>2125.0</ele></trkpt>
      <trkpt lat="49.174803" lon="20.141493"><ele>2124.6</ele></trkpt>
      <trkpt lat="49.174787" lon="20.141462"><ele>2123.8</ele></trkpt>
      <trkpt lat="49.174768" lon="20.141435"><ele>2122.8</ele></trkpt>
      <trkpt lat="49.174758" lon="20.141405"><ele>2122.4</ele></trkpt>
      <trkpt lat="49.174742" lon="20.141382"><ele>2121.8</ele></trkpt>
      <trkpt lat="49.174730" lon="20.141334"><ele>2120.6</ele></trkpt>
      <trkpt lat="49.174714" lon="20.141320"><ele>2120.0</ele></trkpt>
      <trkpt lat="49.174704" lon="20.141294"><ele>2119.4</ele></trkpt>
      <trkpt lat="49.174691" lon="20.141258"><ele>2118.4</ele></trkpt>
      <trkpt lat="49.174694" lon="20.141211"><ele>2117.4</ele></trkpt>
      <trkpt lat="49.174688" lon="20.141182"><ele>2116.4</ele></trkpt>
      <trkpt lat="49.174672" lon="20.141162"><ele>2115.4</ele></trkpt>
      <trkpt lat="49.174653" lon="20.141134"><ele>2114.4</ele></trkpt>
      <trkpt lat="49.174640" lon="20.141107"><ele>2113.8</ele></trkpt>
      <trkpt lat="49.174630" lon="20.141082"><ele>2113.2</ele></trkpt>
      <trkpt lat="49.174621" lon="20.141058"><ele>2112.6</ele></trkpt>
      <trkpt lat="49.174611" lon="20.141029"><ele>2111.4</ele></trkpt>
      <trkpt lat="49.174598" lon="20.140995"><ele>2110.6</ele></trkpt>
      <trkpt lat="49.174595" lon="20.140968"><ele>2110.6</ele></trkpt>
      <trkpt lat="49.174592" lon="20.140939"><ele>2110.8</ele></trkpt>
      <trkpt lat="49.174582" lon="20.140909"><ele>2110.6</ele></trkpt>
      <trkpt lat="49.174573" lon="20.140885"><ele>2110.0</ele></trkpt>
      <trkpt lat="49.174557" lon="20.140858"><ele>2110.2</ele></trkpt>
      <trkpt lat="49.174541" lon="20.140838"><ele>2111.0</ele></trkpt>
      <trkpt lat="49.174525" lon="20.140824"><ele>2111.4</ele></trkpt>
      <trkpt lat="49.174506" lon="20.140816"><ele>2112.0</ele></trkpt>
      <trkpt lat="49.174483" lon="20.140814"><ele>2112.8</ele></trkpt>
      <trkpt lat="49.174461" lon="20.140814"><ele>2113.4</ele></trkpt>
      <trkpt lat="49.174454" lon="20.140778"><ele>2113.8</ele></trkpt>
      <trkpt lat="49.174451" lon="20.140738"><ele>2114.0</ele></trkpt>
      <trkpt lat="49.174438" lon="20.140717"><ele>2114.0</ele></trkpt>
      <trkpt lat="49.174419" lon="20.140685"><ele>2114.0</ele></trkpt>
      <trkpt lat="49.174397" lon="20.140658"><ele>2114.2</ele></trkpt>
      <trkpt lat="49.174384" lon="20.140629"><ele>2114.4</ele></trkpt>
      <trkpt lat="49.174374" lon="20.140597"><ele>2114.8</ele></trkpt>
      <trkpt lat="49.174365" lon="20.140566"><ele>2114.8</ele></trkpt>
      <trkpt lat="49.174358" lon="20.140539"><ele>2114.8</ele></trkpt>
      <trkpt lat="49.174355" lon="20.140507"><ele>2114.8</ele></trkpt>
      <trkpt lat="49.174355" lon="20.140472"><ele>2114.8</ele></trkpt>
      <trkpt lat="49.174352" lon="20.140440"><ele>2114.4</ele></trkpt>
      <trkpt lat="49.174342" lon="20.140408"><ele>2113.8</ele></trkpt>
      <trkpt lat="49.174333" lon="20.140374"><ele>2113.4</ele></trkpt>
      <trkpt lat="49.174326" lon="20.140344"><ele>2112.6</ele></trkpt>
      <trkpt lat="49.174336" lon="20.140312"><ele>2112.0</ele></trkpt>
      <trkpt lat="49.174346" lon="20.140278"><ele>2111.2</ele></trkpt>
      <trkpt lat="49.174339" lon="20.140250"><ele>2110.4</ele></trkpt>
      <trkpt lat="49.174323" lon="20.140234"><ele>2109.6</ele></trkpt>
      <trkpt lat="49.174314" lon="20.140202"><ele>2109.2</ele></trkpt>
      <trkpt lat="49.174294" lon="20.140160"><ele>2108.8</ele></trkpt>
      <trkpt lat="49.174291" lon="20.140125"><ele>2108.8</ele></trkpt>
      <trkpt lat="49.174282" lon="20.140096"><ele>2108.6</ele></trkpt>
      <trkpt lat="49.174275" lon="20.140059"><ele>2108.6</ele></trkpt>
      <trkpt lat="49.174275" lon="20.140011"><ele>2108.6</ele></trkpt>
      <trkpt lat="49.174266" lon="20.139979"><ele>2108.4</ele></trkpt>
      <trkpt lat="49.174253" lon="20.139934"><ele>2108.2</ele></trkpt>
      <trkpt lat="49.174240" lon="20.139898"><ele>2108.0</ele></trkpt>
      <trkpt lat="49.174237" lon="20.139866"><ele>2107.8</ele></trkpt>
      <trkpt lat="49.174227" lon="20.139838"><ele>2107.4</ele></trkpt>
      <trkpt lat="49.174214" lon="20.139797"><ele>2106.8</ele></trkpt>
      <trkpt lat="49.174198" lon="20.139773"><ele>2106.6</ele></trkpt>
      <trkpt lat="49.174182" lon="20.139746"><ele>2107.0</ele></trkpt>
      <trkpt lat="49.174179" lon="20.139718"><ele>2107.4</ele></trkpt>
      <trkpt lat="49.174176" lon="20.139682"><ele>2107.8</ele></trkpt>
      <trkpt lat="49.174166" lon="20.139642"><ele>2108.0</ele></trkpt>
      <trkpt lat="49.174157" lon="20.139616"><ele>2108.4</ele></trkpt>
      <trkpt lat="49.174144" lon="20.139592"><ele>2108.6</ele></trkpt>
      <trkpt lat="49.174144" lon="20.139547"><ele>2108.8</ele></trkpt>
      <trkpt lat="49.174141" lon="20.139510"><ele>2109.0</ele></trkpt>
      <trkpt lat="49.174144" lon="20.139478"><ele>2109.4</ele></trkpt>
      <trkpt lat="49.174138" lon="20.139450"><ele>2111.4</ele></trkpt>
      <trkpt lat="49.174134" lon="20.139418"><ele>2111.8</ele></trkpt>
      <trkpt lat="49.174128" lon="20.139389"><ele>2111.8</ele></trkpt>
      <trkpt lat="49.174125" lon="20.139362"><ele>2112.8</ele></trkpt>
      <trkpt lat="49.174106" lon="20.139346"><ele>2115.0</ele></trkpt>
      <trkpt lat="49.174096" lon="20.139320"><ele>2116.2</ele></trkpt>
      <trkpt lat="49.174083" lon="20.139291"><ele>2117.2</ele></trkpt>
      <trkpt lat="49.174074" lon="20.139262"><ele>2118.4</ele></trkpt>
      <trkpt lat="49.174061" lon="20.139240"><ele>2120.0</ele></trkpt>
      <trkpt lat="49.174045" lon="20.139219"><ele>2120.6</ele></trkpt>
      <trkpt lat="49.174026" lon="20.139222"><ele>2121.0</ele></trkpt>
      <trkpt lat="49.174003" lon="20.139250"><ele>2121.8</ele></trkpt>
      <trkpt lat="49.173984" lon="20.139237"><ele>2124.8</ele></trkpt>
      <trkpt lat="49.173981" lon="20.139206"><ele>2126.0</ele></trkpt>
      <trkpt lat="49.173968" lon="20.139186"><ele>2128.2</ele></trkpt>
      <trkpt lat="49.173949" lon="20.139170"><ele>2131.4</ele></trkpt>
      <trkpt lat="49.173930" lon="20.139158"><ele>2134.8</ele></trkpt>
      <trkpt lat="49.173907" lon="20.139142"><ele>2136.6</ele></trkpt>
      <trkpt lat="49.173898" lon="20.139114"><ele>2138.4</ele></trkpt>
      <trkpt lat="49.173878" lon="20.139102"><ele>2140.2</ele></trkpt>
      <trkpt lat="49.173859" lon="20.139102"><ele>2140.8</ele></trkpt>
      <trkpt lat="49.173840" lon="20.139098"><ele>2142.2</ele></trkpt>
      <trkpt lat="49.173821" lon="20.139074"><ele>2142.2</ele></trkpt>
      <trkpt lat="49.173843" lon="20.139110"><ele>2142.2</ele></trkpt>
      <trkpt lat="49.173841" lon="20.139132"><ele>2142.4</ele></trkpt>
      <trkpt lat="49.173839" lon="20.139154"><ele>2145.8</ele></trkpt>
      <trkpt lat="49.173837" lon="20.139177"><ele>2148.4</ele></trkpt>
      <trkpt lat="49.173818" lon="20.139192"><ele>2149.6</ele></trkpt>
      <trkpt lat="49.173802" lon="20.139213"><ele>2150.6</ele></trkpt>
      <trkpt lat="49.173779" lon="20.139235"><ele>2151.4</ele></trkpt>
      <trkpt lat="49.173757" lon="20.139240"><ele>2153.2</ele></trkpt>
      <trkpt lat="49.173750" lon="20.139270"><ele>2154.6</ele></trkpt>
      <trkpt lat="49.173738" lon="20.139296"><ele>2155.6</ele></trkpt>
      <trkpt lat="49.173728" lon="20.139325"><ele>2156.4</ele></trkpt>
      <trkpt lat="49.173725" lon="20.139358"><ele>2157.6</ele></trkpt>
      <trkpt lat="49.173718" lon="20.139387"><ele>2158.0</ele></trkpt>
      <trkpt lat="49.173725" lon="20.139416"><ele>2159.4</ele></trkpt>
      <trkpt lat="49.173702" lon="20.139411"><ele>2161.0</ele></trkpt>
      <trkpt lat="49.173690" lon="20.139378"><ele>2163.0</ele></trkpt>
      <trkpt lat="49.173680" lon="20.139338"><ele>2163.4</ele></trkpt>
      <trkpt lat="49.173664" lon="20.139310"><ele>2163.8</ele></trkpt>
      <trkpt lat="49.173648" lon="20.139294"><ele>2164.6</ele></trkpt>
      <trkpt lat="49.173632" lon="20.139278"><ele>2165.6</ele></trkpt>
      <trkpt lat="49.173610" lon="20.139258"><ele>2167.0</ele></trkpt>
      <trkpt lat="49.173600" lon="20.139227"><ele>2168.0</ele></trkpt>
      <trkpt lat="49.173597" lon="20.139195"><ele>2169.0</ele></trkpt>
      <trkpt lat="49.173584" lon="20.139171"><ele>2169.6</ele></trkpt>
      <trkpt lat="49.173571" lon="20.139150"><ele>2170.4</ele></trkpt>
      <trkpt lat="49.173552" lon="20.139162"><ele>2171.0</ele></trkpt>
      <trkpt lat="49.173542" lon="20.139190"><ele>2172.4</ele></trkpt>
      <trkpt lat="49.173530" lon="20.139213"><ele>2173.8</ele></trkpt>
      <trkpt lat="49.173517" lon="20.139240"><ele>2173.8</ele></trkpt>
      <trkpt lat="49.173501" lon="20.139269"><ele>2174.2</ele></trkpt>
      <trkpt lat="49.173491" lon="20.139296"><ele>2173.8</ele></trkpt>
      <trkpt lat="49.173498" lon="20.139328"><ele>2173.6</ele></trkpt>
      <trkpt lat="49.173517" lon="20.139365"><ele>2173.4</ele></trkpt>
      <trkpt lat="49.173526" lon="20.139398"><ele>2173.2</ele></trkpt>
      <trkpt lat="49.173533" lon="20.139434"><ele>2172.6</ele></trkpt>
      <trkpt lat="49.173533" lon="20.139466"><ele>2174.0</ele></trkpt>
      <trkpt lat="49.173539" lon="20.139499"><ele>2175.0</ele></trkpt>
      <trkpt lat="49.173539" lon="20.139530"><ele>2176.0</ele></trkpt>
      <trkpt lat="49.173539" lon="20.139563"><ele>2177.2</ele></trkpt>
      <trkpt lat="49.173542" lon="20.139595"><ele>2178.0</ele></trkpt>
      <trkpt lat="49.173546" lon="20.139622"><ele>2178.2</ele></trkpt>
      <trkpt lat="49.173552" lon="20.139653"><ele>2179.2</ele></trkpt>
      <trkpt lat="49.173552" lon="20.139694"><ele>2180.4</ele></trkpt>
      <trkpt lat="49.173552" lon="20.139725"><ele>2181.4</ele></trkpt>
      <trkpt lat="49.173558" lon="20.139754"><ele>2182.8</ele></trkpt>
      <trkpt lat="49.173558" lon="20.139782"><ele>2184.0</ele></trkpt>
      <trkpt lat="49.173565" lon="20.139818"><ele>2185.2</ele></trkpt>
      <trkpt lat="49.173565" lon="20.139846"><ele>2185.8</ele></trkpt>
      <trkpt lat="49.173571" lon="20.139883"><ele>2186.8</ele></trkpt>
      <trkpt lat="49.173578" lon="20.139914"><ele>2187.8</ele></trkpt>
      <trkpt lat="49.173571" lon="20.139944"><ele>2189.2</ele></trkpt>
      <trkpt lat="49.173565" lon="20.139976"><ele>2190.8</ele></trkpt>
      <trkpt lat="49.173568" lon="20.140005"><ele>2191.6</ele></trkpt>
      <trkpt lat="49.173562" lon="20.140035"><ele>2192.8</ele></trkpt>
      <trkpt lat="49.173549" lon="20.140061"><ele>2195.0</ele></trkpt>
      <trkpt lat="49.173539" lon="20.140090"><ele>2196.4</ele></trkpt>
      <trkpt lat="49.173539" lon="20.140130"><ele>2197.0</ele></trkpt>
      <trkpt lat="49.173533" lon="20.140170"><ele>2197.4</ele></trkpt>
      <trkpt lat="49.173526" lon="20.140198"><ele>2198.0</ele></trkpt>
      <trkpt lat="49.173510" lon="20.140213"><ele>2198.6</ele></trkpt>
      <trkpt lat="49.173491" lon="20.140245"><ele>2200.8</ele></trkpt>
      <trkpt lat="49.173485" lon="20.140283"><ele>2201.4</ele></trkpt>
      <trkpt lat="49.173469" lon="20.140334"><ele>2201.4</ele></trkpt>
      <trkpt lat="49.173462" lon="20.140362"><ele>2201.4</ele></trkpt>
      <trkpt lat="49.173453" lon="20.140403"><ele>2201.2</ele></trkpt>
      <trkpt lat="49.173446" lon="20.140448"><ele>2201.2</ele></trkpt>
      <trkpt lat="49.173430" lon="20.140469"><ele>2201.8</ele></trkpt>
      <trkpt lat="49.173443" lon="20.140509"><ele>2203.8</ele></trkpt>
      <trkpt lat="49.173446" lon="20.140541"><ele>2204.2</ele></trkpt>
      <trkpt lat="49.173466" lon="20.140566"><ele>2204.4</ele></trkpt>
      <trkpt lat="49.173478" lon="20.140602"><ele>2204.6</ele></trkpt>
      <trkpt lat="49.173472" lon="20.140638"><ele>2205.0</ele></trkpt>
      <trkpt lat="49.173466" lon="20.140682"><ele>2205.4</ele></trkpt>
      <trkpt lat="49.173472" lon="20.140728"><ele>2205.6</ele></trkpt>
      <trkpt lat="49.173466" lon="20.140765"><ele>2205.6</ele></trkpt>
      <trkpt lat="49.173462" lon="20.140805"><ele>2206.0</ele></trkpt>
      <trkpt lat="49.173446" lon="20.140830"><ele>2206.8</ele></trkpt>
      <trkpt lat="49.173453" lon="20.140869"><ele>2207.6</ele></trkpt>
      <trkpt lat="49.173462" lon="20.140894"><ele>2208.2</ele></trkpt>
      <trkpt lat="49.173472" lon="20.140920"><ele>2209.0</ele></trkpt>
      <trkpt lat="49.173466" lon="20.140949"><ele>2210.2</ele></trkpt>
      <trkpt lat="49.173462" lon="20.140986"><ele>2211.8</ele></trkpt>
      <trkpt lat="49.173469" lon="20.141018"><ele>2213.4</ele></trkpt>
      <trkpt lat="49.173482" lon="20.141050"><ele>2214.2</ele></trkpt>
      <trkpt lat="49.173488" lon="20.141082"><ele>2215.6</ele></trkpt>
      <trkpt lat="49.173507" lon="20.141094"><ele>2216.4</ele></trkpt>
      <trkpt lat="49.173526" lon="20.141104"><ele>2216.8</ele></trkpt>
      <trkpt lat="49.173542" lon="20.141117"><ele>2217.4</ele></trkpt>
      <trkpt lat="49.173549" lon="20.141146"><ele>2218.2</ele></trkpt>
      <trkpt lat="49.173562" lon="20.141168"><ele>2219.0</ele></trkpt>
      <trkpt lat="49.173578" lon="20.141197"><ele>2220.4</ele></trkpt>
      <trkpt lat="49.173587" lon="20.141221"><ele>2222.0</ele></trkpt>
      <trkpt lat="49.173590" lon="20.141251"><ele>2223.4</ele></trkpt>
      <trkpt lat="49.173597" lon="20.141280"><ele>2223.8</ele></trkpt>
      <trkpt lat="49.173616" lon="20.141294"><ele>2225.2</ele></trkpt>
      <trkpt lat="49.173638" lon="20.141296"><ele>2227.6</ele></trkpt>
      <trkpt lat="49.173651" lon="20.141336"><ele>2230.2</ele></trkpt>
      <trkpt lat="49.173658" lon="20.141363"><ele>2230.2</ele></trkpt>
      <trkpt lat="49.173667" lon="20.141392"><ele>2230.4</ele></trkpt>
      <trkpt lat="49.173683" lon="20.141443"><ele>2230.4</ele></trkpt>
      <trkpt lat="49.173699" lon="20.141491"><ele>2230.4</ele></trkpt>
      <trkpt lat="49.173722" lon="20.141530"><ele>2230.4</ele></trkpt>
      <trkpt lat="49.173731" lon="20.141555"><ele>2231.0</ele></trkpt>
      <trkpt lat="49.173725" lon="20.141592"><ele>2231.8</ele></trkpt>
      <trkpt lat="49.173722" lon="20.141622"><ele>2232.6</ele></trkpt>
      <trkpt lat="49.173738" lon="20.141638"><ele>2233.8</ele></trkpt>
      <trkpt lat="49.173750" lon="20.141659"><ele>2236.8</ele></trkpt>
      <trkpt lat="49.173738" lon="20.141680"><ele>2238.2</ele></trkpt>
      <trkpt lat="49.173731" lon="20.141709"><ele>2239.4</ele></trkpt>
      <trkpt lat="49.173741" lon="20.141739"><ele>2240.0</ele></trkpt>
      <trkpt lat="49.173744" lon="20.141771"><ele>2241.6</ele></trkpt>
      <trkpt lat="49.173747" lon="20.141800"><ele>2242.6</ele></trkpt>
      <trkpt lat="49.173757" lon="20.141824"><ele>2243.4</ele></trkpt>
      <trkpt lat="49.173750" lon="20.141851"><ele>2245.0</ele></trkpt>
      <trkpt lat="49.173763" lon="20.141872"><ele>2245.4</ele></trkpt>
      <trkpt lat="49.173782" lon="20.141872"><ele>2247.0</ele></trkpt>
      <trkpt lat="49.173779" lon="20.141907"><ele>2249.0</ele></trkpt>
      <trkpt lat="49.173763" lon="20.141923"><ele>2249.6</ele></trkpt>
      <trkpt lat="49.173750" lon="20.141962"><ele>2253.0</ele></trkpt>
      <trkpt lat="49.173738" lon="20.141982"><ele>2253.4</ele></trkpt>
      <trkpt lat="49.173728" lon="20.142006"><ele>2253.6</ele></trkpt>
      <trkpt lat="49.173731" lon="20.142042"><ele>2254.0</ele></trkpt>
      <trkpt lat="49.173747" lon="20.142059"><ele>2254.6</ele></trkpt>
      <trkpt lat="49.173766" lon="20.142061"><ele>2258.4</ele></trkpt>
      <trkpt lat="49.173779" lon="20.142082"><ele>2260.2</ele></trkpt>
      <trkpt lat="49.173789" lon="20.142107"><ele>2261.6</ele></trkpt>
      <trkpt lat="49.173798" lon="20.142138"><ele>2266.2</ele></trkpt>
      <trkpt lat="49.173821" lon="20.142176"><ele>2266.6</ele></trkpt>
      <trkpt lat="49.173827" lon="20.142216"><ele>2267.0</ele></trkpt>
      <trkpt lat="49.173837" lon="20.142246"><ele>2267.2</ele></trkpt>
      <trkpt lat="49.173840" lon="20.142283"><ele>2267.4</ele></trkpt>
      <trkpt lat="49.173859" lon="20.142296"><ele>2268.4</ele></trkpt>
      <trkpt lat="49.173859" lon="20.142334"><ele>2269.6</ele></trkpt>
      <trkpt lat="49.173850" lon="20.142374"><ele>2270.6</ele></trkpt>
      <trkpt lat="49.173866" lon="20.142398"><ele>2271.4</ele></trkpt>
      <trkpt lat="49.173894" lon="20.142416"><ele>2272.6</ele></trkpt>
      <trkpt lat="49.173907" lon="20.142438"><ele>2273.0</ele></trkpt>
      <trkpt lat="49.173923" lon="20.142456"><ele>2273.4</ele></trkpt>
      <trkpt lat="49.173936" lon="20.142478"><ele>2273.8</ele></trkpt>
      <trkpt lat="49.173949" lon="20.142499"><ele>2275.6</ele></trkpt>
      <trkpt lat="49.173958" lon="20.142525"><ele>2276.8</ele></trkpt>
      <trkpt lat="49.173949" lon="20.142555"><ele>2279.2</ele></trkpt>
      <trkpt lat="49.173962" lon="20.142582"><ele>2280.4</ele></trkpt>
      <trkpt lat="49.173974" lon="20.142605"><ele>2281.2</ele></trkpt>
      <trkpt lat="49.173984" lon="20.142637"><ele>2282.6</ele></trkpt>
      <trkpt lat="49.173987" lon="20.142666"><ele>2282.8</ele></trkpt>
      <trkpt lat="49.173994" lon="20.142696"><ele>2283.0</ele></trkpt>
      <trkpt lat="49.174003" lon="20.142723"><ele>2283.6</ele></trkpt>
      <trkpt lat="49.174003" lon="20.142755"><ele>2284.2</ele></trkpt>
      <trkpt lat="49.174000" lon="20.142784"><ele>2284.8</ele></trkpt>
      <trkpt lat="49.174003" lon="20.142816"><ele>2286.0</ele></trkpt>
      <trkpt lat="49.174016" lon="20.142843"><ele>2287.4</ele></trkpt>
      <trkpt lat="49.174035" lon="20.142851"><ele>2288.6</ele></trkpt>
      <trkpt lat="49.174054" lon="20.142842"><ele>2289.4</ele></trkpt>
      <trkpt lat="49.174061" lon="20.142869"><ele>2291.6</ele></trkpt>
      <trkpt lat="49.174064" lon="20.142901"><ele>2292.4</ele></trkpt>
      <trkpt lat="49.174077" lon="20.142925"><ele>2292.6</ele></trkpt>
      <trkpt lat="49.174086" lon="20.142952"><ele>2293.4</ele></trkpt>
      <trkpt lat="49.174102" lon="20.142974"><ele>2294.2</ele></trkpt>
      <trkpt lat="49.174102" lon="20.143003"><ele>2295.8</ele></trkpt>
      <trkpt lat="49.174106" lon="20.143035"><ele>2297.4</ele></trkpt>
      <trkpt lat="49.174125" lon="20.143050"><ele>2301.2</ele></trkpt>
      <trkpt lat="49.174141" lon="20.143075"><ele>2302.6</ele></trkpt>
      <trkpt lat="49.174160" lon="20.143075"><ele>2303.0</ele></trkpt>
      <trkpt lat="49.174179" lon="20.143101"><ele>2303.4</ele></trkpt>
      <trkpt lat="49.174195" lon="20.143120"><ele>2304.6</ele></trkpt>
      <trkpt lat="49.174218" lon="20.143115"><ele>2305.8</ele></trkpt>
      <trkpt lat="49.174227" lon="20.143091"><ele>2307.0</ele></trkpt>
      <trkpt lat="49.174253" lon="20.143101"><ele>2308.0</ele></trkpt>
      <trkpt lat="49.174275" lon="20.143110"><ele>2308.6</ele></trkpt>
      <trkpt lat="49.174294" lon="20.143128"><ele>2309.0</ele></trkpt>
      <trkpt lat="49.174294" lon="20.143158"><ele>2310.0</ele></trkpt>
      <trkpt lat="49.174298" lon="20.143189"><ele>2311.4</ele></trkpt>
      <trkpt lat="49.174320" lon="20.143192"><ele>2312.2</ele></trkpt>
      <trkpt lat="49.174333" lon="20.143213"><ele>2313.4</ele></trkpt>
      <trkpt lat="49.174342" lon="20.143242"><ele>2315.2</ele></trkpt>
      <trkpt lat="49.174346" lon="20.143269"><ele>2316.0</ele></trkpt>
      <trkpt lat="49.174358" lon="20.143298"><ele>2316.6</ele></trkpt>
      <trkpt lat="49.174355" lon="20.143326"><ele>2317.4</ele></trkpt>
      <trkpt lat="49.174352" lon="20.143362"><ele>2318.2</ele></trkpt>
      <trkpt lat="49.174371" lon="20.143387"><ele>2319.8</ele></trkpt>
      <trkpt lat="49.174374" lon="20.143429"><ele>2320.8</ele></trkpt>
      <trkpt lat="49.174384" lon="20.143461"><ele>2321.6</ele></trkpt>
      <trkpt lat="49.174384" lon="20.143490"><ele>2322.6</ele></trkpt>
      <trkpt lat="49.174400" lon="20.143512"><ele>2324.0</ele></trkpt>
      <trkpt lat="49.174400" lon="20.143550"><ele>2325.2</ele></trkpt>
      <trkpt lat="49.174397" lon="20.143587"><ele>2325.8</ele></trkpt>
      <trkpt lat="49.174397" lon="20.143624"><ele>2326.2</ele></trkpt>
      <trkpt lat="49.174403" lon="20.143661"><ele>2326.4</ele></trkpt>
      <trkpt lat="49.174397" lon="20.143690"><ele>2327.0</ele></trkpt>
      <trkpt lat="49.174406" lon="20.143718"><ele>2328.4</ele></trkpt>
      <trkpt lat="49.174422" lon="20.143736"><ele>2328.8</ele></trkpt>
      <trkpt lat="49.174438" lon="20.143763"><ele>2329.4</ele></trkpt>
      <trkpt lat="49.174438" lon="20.143797"><ele>2330.0</ele></trkpt>
      <trkpt lat="49.174435" lon="20.143832"><ele>2330.6</ele></trkpt>
      <trkpt lat="49.174426" lon="20.143862"><ele>2331.2</ele></trkpt>
      <trkpt lat="49.174426" lon="20.143896"><ele>2331.6</ele></trkpt>
      <trkpt lat="49.174419" lon="20.143931"><ele>2331.8</ele></trkpt>
      <trkpt lat="49.174419" lon="20.143971"><ele>2332.2</ele></trkpt>
      <trkpt lat="49.174403" lon="20.144008"><ele>2332.8</ele></trkpt>
      <trkpt lat="49.174403" lon="20.144043"><ele>2333.8</ele></trkpt>
      <trkpt lat="49.174416" lon="20.144066"><ele>2334.6</ele></trkpt>
      <trkpt lat="49.174422" lon="20.144098"><ele>2335.4</ele></trkpt>
      <trkpt lat="49.174432" lon="20.144131"><ele>2336.8</ele></trkpt>
      <trkpt lat="49.174435" lon="20.144166"><ele>2337.8</ele></trkpt>
      <trkpt lat="49.174435" lon="20.144195"><ele>2338.4</ele></trkpt>
      <trkpt lat="49.174438" lon="20.144226"><ele>2339.6</ele></trkpt>
      <trkpt lat="49.174422" lon="20.144242"><ele>2340.8</ele></trkpt>
      <trkpt lat="49.174416" lon="20.144274"><ele>2342.2</ele></trkpt>
      <trkpt lat="49.174432" lon="20.144291"><ele>2342.8</ele></trkpt>
      <trkpt lat="49.174451" lon="20.144320"><ele>2344.0</ele></trkpt>
      <trkpt lat="49.174474" lon="20.144331"><ele>2343.8</ele></trkpt>
      <trkpt lat="49.174480" lon="20.144360"><ele>2344.0</ele></trkpt>
      <trkpt lat="49.174477" lon="20.144389"><ele>2345.2</ele></trkpt>
      <trkpt lat="49.174490" lon="20.144413"><ele>2345.8</ele></trkpt>
      <trkpt lat="49.174496" lon="20.144445"><ele>2346.8</ele></trkpt>
      <trkpt lat="49.174512" lon="20.144469"><ele>2349.4</ele></trkpt>
      <trkpt lat="49.174531" lon="20.144461"><ele>2350.2</ele></trkpt>
      <trkpt lat="49.174541" lon="20.144485"><ele>2351.4</ele></trkpt>
      <trkpt lat="49.174541" lon="20.144514"><ele>2351.8</ele></trkpt>
      <trkpt lat="49.174550" lon="20.144544"><ele>2353.2</ele></trkpt>
      <trkpt lat="49.174541" lon="20.144579"><ele>2354.4</ele></trkpt>
      <trkpt lat="49.174541" lon="20.144608"><ele>2354.8</ele></trkpt>
      <trkpt lat="49.174554" lon="20.144637"><ele>2355.2</ele></trkpt>
      <trkpt lat="49.174570" lon="20.144659"><ele>2355.4</ele></trkpt>
      <trkpt lat="49.174563" lon="20.144691"><ele>2357.0</ele></trkpt>
      <trkpt lat="49.174570" lon="20.144720"><ele>2359.4</ele></trkpt>
      <trkpt lat="49.174576" lon="20.144752"><ele>2359.4</ele></trkpt>
      <trkpt lat="49.174595" lon="20.144766"><ele>2360.0</ele></trkpt>
      <trkpt lat="49.174618" lon="20.144773"><ele>2360.2</ele></trkpt>
      <trkpt lat="49.174624" lon="20.144806"><ele>2362.6</ele></trkpt>
      <trkpt lat="49.174643" lon="20.144816"><ele>2363.4</ele></trkpt>
      <trkpt lat="49.174662" lon="20.144830"><ele>2366.0</ele></trkpt>
      <trkpt lat="49.174675" lon="20.144858"><ele>2367.2</ele></trkpt>
      <trkpt lat="49.174698" lon="20.144859"><ele>2367.8</ele></trkpt>
      <trkpt lat="49.174704" lon="20.144890"><ele>2369.6</ele></trkpt>
      <trkpt lat="49.174701" lon="20.144918"><ele>2371.0</ele></trkpt>
      <trkpt lat="49.174720" lon="20.144898"><ele>2371.2</ele></trkpt>
      <trkpt lat="49.174739" lon="20.144901"><ele>2372.6</ele></trkpt>
      <trkpt lat="49.174758" lon="20.144888"><ele>2374.2</ele></trkpt>
      <trkpt lat="49.174781" lon="20.144886"><ele>2374.6</ele></trkpt>
      <trkpt lat="49.174794" lon="20.144910"><ele>2375.6</ele></trkpt>
      <trkpt lat="49.174810" lon="20.144898"><ele>2376.8</ele></trkpt>
      <trkpt lat="49.174829" lon="20.144890"><ele>2378.4</ele></trkpt>
      <trkpt lat="49.174848" lon="20.144901"><ele>2380.2</ele></trkpt>
      <trkpt lat="49.174838" lon="20.144931"><ele>2382.6</ele></trkpt>
      <trkpt lat="49.174835" lon="20.144962"><ele>2383.6</ele></trkpt>
      <trkpt lat="49.174849" lon="20.144971"><ele>2385.4</ele></trkpt>
      <trkpt lat="49.174862" lon="20.144979"><ele>2387.6</ele></trkpt>
      <trkpt lat="49.174875" lon="20.144987"><ele>2389.6</ele></trkpt>
      <trkpt lat="49.174888" lon="20.144995"><ele>2390.8</ele></trkpt>
      <trkpt lat="49.174901" lon="20.145003"><ele>2392.2</ele></trkpt>
      <trkpt lat="49.174914" lon="20.145011"><ele>2394.0</ele></trkpt>
      <trkpt lat="49.174947" lon="20.145014"><ele>2395.6</ele></trkpt>
      <trkpt lat="49.174966" lon="20.145016"><ele>2395.8</ele></trkpt>
      <trkpt lat="49.175002" lon="20.145029"><ele>2395.8</ele></trkpt>
      <trkpt lat="49.175027" lon="20.145038"><ele>2396.4</ele></trkpt>
      <trkpt lat="49.175037" lon="20.145064"><ele>2397.4</ele></trkpt>
      <trkpt lat="49.175037" lon="20.145094"><ele>2397.6</ele></trkpt>
      <trkpt lat="49.175037" lon="20.145130"><ele>2398.4</ele></trkpt>
      <trkpt lat="49.175056" lon="20.145150"><ele>2400.8</ele></trkpt>
      <trkpt lat="49.175072" lon="20.145138"><ele>2401.4</ele></trkpt>
      <trkpt lat="49.175091" lon="20.145150"><ele>2405.8</ele></trkpt>
      <trkpt lat="49.175110" lon="20.145165"><ele>2406.4</ele></trkpt>
      <trkpt lat="49.175130" lon="20.145179"><ele>2407.6</ele></trkpt>
      <trkpt lat="49.175126" lon="20.145210"><ele>2408.6</ele></trkpt>
      <trkpt lat="49.175136" lon="20.145235"><ele>2409.6</ele></trkpt>
      <trkpt lat="49.175139" lon="20.145266"><ele>2410.6</ele></trkpt>
      <trkpt lat="49.175148" lon="20.145284"><ele>2412.4</ele></trkpt>
      <trkpt lat="49.175156" lon="20.145301"><ele>2413.2</ele></trkpt>
      <trkpt lat="49.175165" lon="20.145319"><ele>2415.4</ele></trkpt>
      <trkpt lat="49.175173" lon="20.145336"><ele>2417.6</ele></trkpt>
      <trkpt lat="49.175194" lon="20.145358"><ele>2418.6</ele></trkpt>
      <trkpt lat="49.175213" lon="20.145373"><ele>2418.8</ele></trkpt>
      <trkpt lat="49.175232" lon="20.145403"><ele>2420.2</ele></trkpt>
      <trkpt lat="49.175251" lon="20.145427"><ele>2421.0</ele></trkpt>
      <trkpt lat="49.175270" lon="20.145453"><ele>2423.4</ele></trkpt>
      <trkpt lat="49.175267" lon="20.145483"><ele>2423.8</ele></trkpt>
      <trkpt lat="49.175270" lon="20.145453"><ele>2422.4</ele></trkpt>
      <trkpt lat="49.175263" lon="20.145434"><ele>2421.6</ele></trkpt>
      <trkpt lat="49.175256" lon="20.145414"><ele>2421.2</ele></trkpt>
      <trkpt lat="49.175249" lon="20.145395"><ele>2420.8</ele></trkpt>
      <trkpt lat="49.175243" lon="20.145376"><ele>2419.0</ele></trkpt>
      <trkpt lat="49.175219" lon="20.145352"><ele>2417.0</ele></trkpt>
      <trkpt lat="49.175206" lon="20.145325"><ele>2416.0</ele></trkpt>
      <trkpt lat="49.175187" lon="20.145299"><ele>2415.0</ele></trkpt>
      <trkpt lat="49.175187" lon="20.145266"><ele>2413.8</ele></trkpt>
      <trkpt lat="49.175178" lon="20.145240"><ele>2411.0</ele></trkpt>
      <trkpt lat="49.175158" lon="20.145226"><ele>2408.6</ele></trkpt>
      <trkpt lat="49.175139" lon="20.145227"><ele>2407.2</ele></trkpt>
      <trkpt lat="49.175126" lon="20.145221"><ele>2405.2</ele></trkpt>
      <trkpt lat="49.175112" lon="20.145216"><ele>2403.4</ele></trkpt>
      <trkpt lat="49.175099" lon="20.145210"><ele>2401.2</ele></trkpt>
      <trkpt lat="49.175072" lon="20.145187"><ele>2398.2</ele></trkpt>
      <trkpt lat="49.175053" lon="20.145176"><ele>2398.0</ele></trkpt>
      <trkpt lat="49.175034" lon="20.145166"><ele>2397.6</ele></trkpt>
      <trkpt lat="49.175018" lon="20.145142"><ele>2397.2</ele></trkpt>
      <trkpt lat="49.175018" lon="20.145114"><ele>2396.6</ele></trkpt>
      <trkpt lat="49.175018" lon="20.145070"><ele>2395.8</ele></trkpt>
      <trkpt lat="49.175002" lon="20.145056"><ele>2393.4</ele></trkpt>
      <trkpt lat="49.174982" lon="20.145029"><ele>2392.4</ele></trkpt>
      <trkpt lat="49.174979" lon="20.144998"><ele>2391.0</ele></trkpt>
      <trkpt lat="49.174960" lon="20.144987"><ele>2388.0</ele></trkpt>
      <trkpt lat="49.174941" lon="20.144987"><ele>2385.6</ele></trkpt>
      <trkpt lat="49.174922" lon="20.144997"><ele>2384.2</ele></trkpt>
      <trkpt lat="49.174902" lon="20.145018"><ele>2383.4</ele></trkpt>
      <trkpt lat="49.174883" lon="20.145029"><ele>2382.8</ele></trkpt>
      <trkpt lat="49.174867" lon="20.145048"><ele>2382.0</ele></trkpt>
      <trkpt lat="49.174851" lon="20.145035"><ele>2381.2</ele></trkpt>
      <trkpt lat="49.174835" lon="20.145018"><ele>2380.2</ele></trkpt>
      <trkpt lat="49.174829" lon="20.144990"><ele>2379.2</ele></trkpt>
      <trkpt lat="49.174813" lon="20.144968"><ele>2378.8</ele></trkpt>
      <trkpt lat="49.174797" lon="20.144949"><ele>2378.6</ele></trkpt>
      <trkpt lat="49.174778" lon="20.144946"><ele>2378.0</ele></trkpt>
      <trkpt lat="49.174758" lon="20.144958"><ele>2377.4</ele></trkpt>
      <trkpt lat="49.174739" lon="20.144960"><ele>2375.2</ele></trkpt>
      <trkpt lat="49.174720" lon="20.144957"><ele>2374.4</ele></trkpt>
      <trkpt lat="49.174694" lon="20.144952"><ele>2373.6</ele></trkpt>
      <trkpt lat="49.174678" lon="20.144938"><ele>2372.0</ele></trkpt>
      <trkpt lat="49.174659" lon="20.144944"><ele>2371.0</ele></trkpt>
      <trkpt lat="49.174653" lon="20.144910"><ele>2370.0</ele></trkpt>
      <trkpt lat="49.174653" lon="20.144872"><ele>2369.4</ele></trkpt>
      <trkpt lat="49.174650" lon="20.144835"><ele>2368.4</ele></trkpt>
      <trkpt lat="49.174630" lon="20.144819"><ele>2366.4</ele></trkpt>
      <trkpt lat="49.174611" lon="20.144797"><ele>2363.6</ele></trkpt>
      <trkpt lat="49.174602" lon="20.144768"><ele>2362.0</ele></trkpt>
      <trkpt lat="49.174579" lon="20.144747"><ele>2360.6</ele></trkpt>
      <trkpt lat="49.174563" lon="20.144726"><ele>2359.4</ele></trkpt>
      <trkpt lat="49.174563" lon="20.144691"><ele>2358.6</ele></trkpt>
      <trkpt lat="49.174563" lon="20.144658"><ele>2357.4</ele></trkpt>
      <trkpt lat="49.174563" lon="20.144629"><ele>2355.8</ele></trkpt>
      <trkpt lat="49.174544" lon="20.144606"><ele>2354.8</ele></trkpt>
      <trkpt lat="49.174541" lon="20.144579"><ele>2353.4</ele></trkpt>
      <trkpt lat="49.174531" lon="20.144542"><ele>2353.0</ele></trkpt>
      <trkpt lat="49.174531" lon="20.144502"><ele>2351.8</ele></trkpt>
      <trkpt lat="49.174515" lon="20.144482"><ele>2350.4</ele></trkpt>
      <trkpt lat="49.174493" lon="20.144462"><ele>2349.2</ele></trkpt>
      <trkpt lat="49.174490" lon="20.144435"><ele>2348.0</ele></trkpt>
      <trkpt lat="49.174474" lon="20.144413"><ele>2346.0</ele></trkpt>
      <trkpt lat="49.174464" lon="20.144379"><ele>2345.0</ele></trkpt>
      <trkpt lat="49.174454" lon="20.144342"><ele>2344.2</ele></trkpt>
      <trkpt lat="49.174438" lon="20.144330"><ele>2343.2</ele></trkpt>
      <trkpt lat="49.174435" lon="20.144296"><ele>2341.6</ele></trkpt>
      <trkpt lat="49.174413" lon="20.144280"><ele>2340.6</ele></trkpt>
      <trkpt lat="49.174403" lon="20.144253"><ele>2338.6</ele></trkpt>
      <trkpt lat="49.174394" lon="20.144227"><ele>2338.0</ele></trkpt>
      <trkpt lat="49.174378" lon="20.144240"><ele>2336.4</ele></trkpt>
      <trkpt lat="49.174397" lon="20.144205"><ele>2337.4</ele></trkpt>
      <trkpt lat="49.174394" lon="20.144176"><ele>2337.0</ele></trkpt>
      <trkpt lat="49.174390" lon="20.144136"><ele>2335.8</ele></trkpt>
      <trkpt lat="49.174394" lon="20.144088"><ele>2334.8</ele></trkpt>
      <trkpt lat="49.174397" lon="20.144061"><ele>2334.4</ele></trkpt>
      <trkpt lat="49.174400" lon="20.144026"><ele>2333.8</ele></trkpt>
      <trkpt lat="49.174406" lon="20.143989"><ele>2333.4</ele></trkpt>
      <trkpt lat="49.174413" lon="20.143958"><ele>2333.0</ele></trkpt>
      <trkpt lat="49.174416" lon="20.143907"><ele>2332.0</ele></trkpt>
      <trkpt lat="49.174416" lon="20.143854"><ele>2331.4</ele></trkpt>
      <trkpt lat="49.174413" lon="20.143827"><ele>2331.2</ele></trkpt>
      <trkpt lat="49.174406" lon="20.143786"><ele>2330.6</ele></trkpt>
      <trkpt lat="49.174400" lon="20.143749"><ele>2330.0</ele></trkpt>
      <trkpt lat="49.174403" lon="20.143704"><ele>2329.4</ele></trkpt>
      <trkpt lat="49.174403" lon="20.143666"><ele>2329.0</ele></trkpt>
      <trkpt lat="49.174413" lon="20.143637"><ele>2328.6</ele></trkpt>
      <trkpt lat="49.174419" lon="20.143590"><ele>2327.8</ele></trkpt>
      <trkpt lat="49.174419" lon="20.143546"><ele>2327.0</ele></trkpt>
      <trkpt lat="49.174406" lon="20.143515"><ele>2325.8</ele></trkpt>
      <trkpt lat="49.174384" lon="20.143485"><ele>2325.0</ele></trkpt>
      <trkpt lat="49.174371" lon="20.143446"><ele>2324.0</ele></trkpt>
      <trkpt lat="49.174362" lon="20.143422"><ele>2322.6</ele></trkpt>
      <trkpt lat="49.174355" lon="20.143381"><ele>2321.6</ele></trkpt>
      <trkpt lat="49.174352" lon="20.143341"><ele>2320.6</ele></trkpt>
      <trkpt lat="49.174346" lon="20.143306"><ele>2319.2</ele></trkpt>
      <trkpt lat="49.174342" lon="20.143267"><ele>2318.4</ele></trkpt>
      <trkpt lat="49.174339" lon="20.143234"><ele>2317.8</ele></trkpt>
      <trkpt lat="49.174317" lon="20.143222"><ele>2315.8</ele></trkpt>
      <trkpt lat="49.174301" lon="20.143203"><ele>2314.4</ele></trkpt>
      <trkpt lat="49.174278" lon="20.143208"><ele>2313.0</ele></trkpt>
      <trkpt lat="49.174262" lon="20.143194"><ele>2310.8</ele></trkpt>
      <trkpt lat="49.174253" lon="20.143154"><ele>2310.2</ele></trkpt>
      <trkpt lat="49.174234" lon="20.143142"><ele>2308.8</ele></trkpt>
      <trkpt lat="49.174208" lon="20.143149"><ele>2308.0</ele></trkpt>
      <trkpt lat="49.174192" lon="20.143168"><ele>2306.4</ele></trkpt>
      <trkpt lat="49.174176" lon="20.143154"><ele>2305.2</ele></trkpt>
      <trkpt lat="49.174173" lon="20.143120"><ele>2303.8</ele></trkpt>
      <trkpt lat="49.174160" lon="20.143099"><ele>2302.4</ele></trkpt>
      <trkpt lat="49.174141" lon="20.143107"><ele>2301.6</ele></trkpt>
      <trkpt lat="49.174122" lon="20.143094"><ele>2300.6</ele></trkpt>
      <trkpt lat="49.174122" lon="20.143062"><ele>2299.4</ele></trkpt>
      <trkpt lat="49.174115" lon="20.143034"><ele>2298.6</ele></trkpt>
      <trkpt lat="49.174106" lon="20.143010"><ele>2297.6</ele></trkpt>
      <trkpt lat="49.174083" lon="20.142989"><ele>2296.2</ele></trkpt>
      <trkpt lat="49.174061" lon="20.142973"><ele>2295.0</ele></trkpt>
      <trkpt lat="49.174042" lon="20.142971"><ele>2294.2</ele></trkpt>
      <trkpt lat="49.174029" lon="20.142950"><ele>2293.0</ele></trkpt>
      <trkpt lat="49.174035" lon="20.142922"><ele>2292.2</ele></trkpt>
      <trkpt lat="49.174019" lon="20.142886"><ele>2290.6</ele></trkpt>
      <trkpt lat="49.174006" lon="20.142853"><ele>2290.2</ele></trkpt>
      <trkpt lat="49.174006" lon="20.142814"><ele>2289.4</ele></trkpt>
      <trkpt lat="49.174003" lon="20.142774"><ele>2288.4</ele></trkpt>
      <trkpt lat="49.173997" lon="20.142744"><ele>2287.4</ele></trkpt>
      <trkpt lat="49.174000" lon="20.142704"><ele>2286.0</ele></trkpt>
      <trkpt lat="49.173994" lon="20.142667"><ele>2285.0</ele></trkpt>
      <trkpt lat="49.173984" lon="20.142632"><ele>2283.8</ele></trkpt>
      <trkpt lat="49.173974" lon="20.142598"><ele>2282.6</ele></trkpt>
      <trkpt lat="49.173965" lon="20.142574"><ele>2281.6</ele></trkpt>
      <trkpt lat="49.173962" lon="20.142544"><ele>2279.8</ele></trkpt>
      <trkpt lat="49.173958" lon="20.142509"><ele>2278.0</ele></trkpt>
      <trkpt lat="49.173939" lon="20.142514"><ele>2276.8</ele></trkpt>
      <trkpt lat="49.173926" lon="20.142534"><ele>2275.8</ele></trkpt>
      <trkpt lat="49.173907" lon="20.142531"><ele>2274.8</ele></trkpt>
      <trkpt lat="49.173888" lon="20.142546"><ele>2274.0</ele></trkpt>
      <trkpt lat="49.173869" lon="20.142538"><ele>2273.0</ele></trkpt>
      <trkpt lat="49.173862" lon="20.142509"><ele>2272.2</ele></trkpt>
      <trkpt lat="49.173862" lon="20.142467"><ele>2271.2</ele></trkpt>
      <trkpt lat="49.173850" lon="20.142437"><ele>2269.6</ele></trkpt>
      <trkpt lat="49.173843" lon="20.142400"><ele>2268.8</ele></trkpt>
      <trkpt lat="49.173846" lon="20.142363"><ele>2267.8</ele></trkpt>
      <trkpt lat="49.173843" lon="20.142323"><ele>2267.4</ele></trkpt>
      <trkpt lat="49.173827" lon="20.142293"><ele>2267.2</ele></trkpt>
      <trkpt lat="49.173821" lon="20.142261"><ele>2266.8</ele></trkpt>
      <trkpt lat="49.173821" lon="20.142227"><ele>2266.2</ele></trkpt>
      <trkpt lat="49.173843" lon="20.142218"><ele>2265.8</ele></trkpt>
      <trkpt lat="49.173827" lon="20.142205"><ele>2265.0</ele></trkpt>
      <trkpt lat="49.173808" lon="20.142186"><ele>2264.6</ele></trkpt>
      <trkpt lat="49.173798" lon="20.142152"><ele>2263.8</ele></trkpt>
      <trkpt lat="49.173782" lon="20.142125"><ele>2260.4</ele></trkpt>
      <trkpt lat="49.173789" lon="20.142070"><ele>2260.2</ele></trkpt>
      <trkpt lat="49.173798" lon="20.142029"><ele>2252.0</ele></trkpt>
      <trkpt lat="49.173795" lon="20.141981"><ele>2251.6</ele></trkpt>
      <trkpt lat="49.173789" lon="20.141941"><ele>2251.2</ele></trkpt>
      <trkpt lat="49.173802" lon="20.141918"><ele>2250.4</ele></trkpt>
      <trkpt lat="49.173802" lon="20.141890"><ele>2248.6</ele></trkpt>
      <trkpt lat="49.173782" lon="20.141878"><ele>2247.2</ele></trkpt>
      <trkpt lat="49.173760" lon="20.141862"><ele>2246.6</ele></trkpt>
      <trkpt lat="49.173763" lon="20.141832"><ele>2245.0</ele></trkpt>
      <trkpt lat="49.173770" lon="20.141798"><ele>2243.2</ele></trkpt>
      <trkpt lat="49.173766" lon="20.141771"><ele>2240.8</ele></trkpt>
      <trkpt lat="49.173747" lon="20.141760"><ele>2239.0</ele></trkpt>
      <trkpt lat="49.173725" lon="20.141741"><ele>2238.4</ele></trkpt>
      <trkpt lat="49.173715" lon="20.141714"><ele>2237.2</ele></trkpt>
      <trkpt lat="49.173722" lon="20.141683"><ele>2235.8</ele></trkpt>
      <trkpt lat="49.173741" lon="20.141669"><ele>2235.2</ele></trkpt>
      <trkpt lat="49.173738" lon="20.141642"><ele>2235.6</ele></trkpt>
      <trkpt lat="49.173728" lon="20.141614"><ele>2235.0</ele></trkpt>
      <trkpt lat="49.173722" lon="20.141576"><ele>2233.8</ele></trkpt>
      <trkpt lat="49.173702" lon="20.141542"><ele>2232.4</ele></trkpt>
      <trkpt lat="49.173696" lon="20.141502"><ele>2231.2</ele></trkpt>
      <trkpt lat="49.173680" lon="20.141480"><ele>2230.4</ele></trkpt>
      <trkpt lat="49.173683" lon="20.141451"><ele>2229.6</ele></trkpt>
      <trkpt lat="49.173677" lon="20.141411"><ele>2230.6</ele></trkpt>
      <trkpt lat="49.173664" lon="20.141379"><ele>2231.4</ele></trkpt>
      <trkpt lat="49.173658" lon="20.141352"><ele>2231.4</ele></trkpt>
      <trkpt lat="49.173658" lon="20.141315"><ele>2231.4</ele></trkpt>
      <trkpt lat="49.173642" lon="20.141298"><ele>2230.8</ele></trkpt>
      <trkpt lat="49.173626" lon="20.141283"><ele>2228.4</ele></trkpt>
      <trkpt lat="49.173619" lon="20.141256"><ele>2227.2</ele></trkpt>
      <trkpt lat="49.173597" lon="20.141254"><ele>2225.6</ele></trkpt>
      <trkpt lat="49.173584" lon="20.141234"><ele>2224.2</ele></trkpt>
      <trkpt lat="49.173584" lon="20.141198"><ele>2222.8</ele></trkpt>
      <trkpt lat="49.173587" lon="20.141168"><ele>2222.2</ele></trkpt>
      <trkpt lat="49.173581" lon="20.141139"><ele>2220.8</ele></trkpt>
      <trkpt lat="49.173562" lon="20.141117"><ele>2219.2</ele></trkpt>
      <trkpt lat="49.173539" lon="20.141107"><ele>2217.6</ele></trkpt>
      <trkpt lat="49.173507" lon="20.141107"><ele>2216.4</ele></trkpt>
      <trkpt lat="49.173488" lon="20.141099"><ele>2216.2</ele></trkpt>
      <trkpt lat="49.173478" lon="20.141072"><ele>2215.2</ele></trkpt>
      <trkpt lat="49.173472" lon="20.141027"><ele>2214.8</ele></trkpt>
      <trkpt lat="49.173478" lon="20.140987"><ele>2214.0</ele></trkpt>
      <trkpt lat="49.173472" lon="20.140957"><ele>2213.0</ele></trkpt>
      <trkpt lat="49.173466" lon="20.140920"><ele>2211.6</ele></trkpt>
      <trkpt lat="49.173462" lon="20.140888"><ele>2210.4</ele></trkpt>
      <trkpt lat="49.173469" lon="20.140861"><ele>2208.6</ele></trkpt>
      <trkpt lat="49.173482" lon="20.140837"><ele>2207.8</ele></trkpt>
      <trkpt lat="49.173478" lon="20.140779"><ele>2207.6</ele></trkpt>
      <trkpt lat="49.173472" lon="20.140730"><ele>2207.0</ele></trkpt>
      <trkpt lat="49.173466" lon="20.140685"><ele>2206.2</ele></trkpt>
      <trkpt lat="49.173450" lon="20.140645"><ele>2205.6</ele></trkpt>
      <trkpt lat="49.173440" lon="20.140602"><ele>2205.2</ele></trkpt>
      <trkpt lat="49.173446" lon="20.140566"><ele>2204.6</ele></trkpt>
      <trkpt lat="49.173459" lon="20.140538"><ele>2204.2</ele></trkpt>
      <trkpt lat="49.173462" lon="20.140507"><ele>2203.0</ele></trkpt>
      <trkpt lat="49.173450" lon="20.140474"><ele>2202.6</ele></trkpt>
      <trkpt lat="49.173459" lon="20.140422"><ele>2202.0</ele></trkpt>
      <trkpt lat="49.173466" lon="20.140394"><ele>2201.8</ele></trkpt>
      <trkpt lat="49.173472" lon="20.140366"><ele>2202.0</ele></trkpt>
      <trkpt lat="49.173482" lon="20.140328"><ele>2201.8</ele></trkpt>
      <trkpt lat="49.173459" lon="20.140282"><ele>2201.6</ele></trkpt>
      <trkpt lat="49.173446" lon="20.140258"><ele>2201.4</ele></trkpt>
      <trkpt lat="49.173437" lon="20.140288"><ele>2199.2</ele></trkpt>
      <trkpt lat="49.173424" lon="20.140312"><ele>2198.4</ele></trkpt>
      <trkpt lat="49.173411" lon="20.140339"><ele>2197.4</ele></trkpt>
      <trkpt lat="49.173398" lon="20.140360"><ele>2195.2</ele></trkpt>
      <trkpt lat="49.173382" lon="20.140382"><ele>2194.4</ele></trkpt>
      <trkpt lat="49.173366" lon="20.140400"><ele>2194.2</ele></trkpt>
      <trkpt lat="49.173350" lon="20.140418"><ele>2189.0</ele></trkpt>
      <trkpt lat="49.173322" lon="20.140446"><ele>2188.6</ele></trkpt>
      <trkpt lat="49.173302" lon="20.140467"><ele>2188.2</ele></trkpt>
      <trkpt lat="49.173280" lon="20.140478"><ele>2187.2</ele></trkpt>
      <trkpt lat="49.173261" lon="20.140490"><ele>2186.2</ele></trkpt>
      <trkpt lat="49.173248" lon="20.140467"><ele>2185.0</ele></trkpt>
      <trkpt lat="49.173232" lon="20.140490"><ele>2184.0</ele></trkpt>
      <trkpt lat="49.173229" lon="20.140517"><ele>2182.8</ele></trkpt>
      <trkpt lat="49.173222" lon="20.140547"><ele>2182.2</ele></trkpt>
      <trkpt lat="49.173222" lon="20.140582"><ele>2182.0</ele></trkpt>
      <trkpt lat="49.173222" lon="20.140616"><ele>2180.4</ele></trkpt>
      <trkpt lat="49.173206" lon="20.140648"><ele>2177.6</ele></trkpt>
      <trkpt lat="49.173200" lon="20.140678"><ele>2176.8</ele></trkpt>
      <trkpt lat="49.173194" lon="20.140710"><ele>2176.0</ele></trkpt>
      <trkpt lat="49.173184" lon="20.140738"><ele>2175.6</ele></trkpt>
      <trkpt lat="49.173165" lon="20.140755"><ele>2175.4</ele></trkpt>
      <trkpt lat="49.173152" lon="20.140790"><ele>2174.6</ele></trkpt>
      <trkpt lat="49.173146" lon="20.140826"><ele>2174.2</ele></trkpt>
      <trkpt lat="49.173139" lon="20.140861"><ele>2174.0</ele></trkpt>
      <trkpt lat="49.173130" lon="20.140896"><ele>2173.6</ele></trkpt>
      <trkpt lat="49.173126" lon="20.140936"><ele>2173.4</ele></trkpt>
      <trkpt lat="49.173120" lon="20.140966"><ele>2173.0</ele></trkpt>
      <trkpt lat="49.173107" lon="20.141008"><ele>2172.4</ele></trkpt>
      <trkpt lat="49.173101" lon="20.141042"><ele>2171.8</ele></trkpt>
      <trkpt lat="49.173088" lon="20.141077"><ele>2171.2</ele></trkpt>
      <trkpt lat="49.173082" lon="20.141107"><ele>2170.0</ele></trkpt>
      <trkpt lat="49.173082" lon="20.141139"><ele>2169.0</ele></trkpt>
      <trkpt lat="49.173075" lon="20.141171"><ele>2168.0</ele></trkpt>
      <trkpt lat="49.173066" lon="20.141198"><ele>2167.0</ele></trkpt>
      <trkpt lat="49.173050" lon="20.141230"><ele>2166.0</ele></trkpt>
      <trkpt lat="49.173030" lon="20.141258"><ele>2166.0</ele></trkpt>
      <trkpt lat="49.173011" lon="20.141261"><ele>2165.8</ele></trkpt>
      <trkpt lat="49.172995" lon="20.141235"><ele>2164.8</ele></trkpt>
      <trkpt lat="49.172976" lon="20.141248"><ele>2162.6</ele></trkpt>
      <trkpt lat="49.172957" lon="20.141254"><ele>2161.6</ele></trkpt>
      <trkpt lat="49.172944" lon="20.141226"><ele>2160.8</ele></trkpt>
      <trkpt lat="49.172941" lon="20.141186"><ele>2159.4</ele></trkpt>
      <trkpt lat="49.172925" lon="20.141163"><ele>2158.2</ele></trkpt>
      <trkpt lat="49.172906" lon="20.141147"><ele>2156.6</ele></trkpt>
      <trkpt lat="49.172883" lon="20.141142"><ele>2155.4</ele></trkpt>
      <trkpt lat="49.172854" lon="20.141138"><ele>2154.4</ele></trkpt>
      <trkpt lat="49.172842" lon="20.141165"><ele>2153.4</ele></trkpt>
      <trkpt lat="49.172826" lon="20.141198"><ele>2152.0</ele></trkpt>
      <trkpt lat="49.172816" lon="20.141226"><ele>2151.2</ele></trkpt>
      <trkpt lat="49.172813" lon="20.141253"><ele>2150.6</ele></trkpt>
      <trkpt lat="49.172803" lon="20.141296"><ele>2149.0</ele></trkpt>
      <trkpt lat="49.172797" lon="20.141336"><ele>2147.6</ele></trkpt>
      <trkpt lat="49.172784" lon="20.141365"><ele>2145.4</ele></trkpt>
      <trkpt lat="49.172765" lon="20.141384"><ele>2144.0</ele></trkpt>
      <trkpt lat="49.172749" lon="20.141414"><ele>2143.0</ele></trkpt>
      <trkpt lat="49.172726" lon="20.141430"><ele>2142.2</ele></trkpt>
      <trkpt lat="49.172707" lon="20.141451"><ele>2141.2</ele></trkpt>
      <trkpt lat="49.172685" lon="20.141472"><ele>2140.6</ele></trkpt>
      <trkpt lat="49.172666" lon="20.141475"><ele>2139.2</ele></trkpt>
      <trkpt lat="49.172646" lon="20.141456"><ele>2137.2</ele></trkpt>
      <trkpt lat="49.172624" lon="20.141472"><ele>2136.0</ele></trkpt>
      <trkpt lat="49.172592" lon="20.141490"><ele>2135.0</ele></trkpt>
      <trkpt lat="49.172570" lon="20.141490"><ele>2133.8</ele></trkpt>
      <trkpt lat="49.172554" lon="20.141502"><ele>2132.4</ele></trkpt>
      <trkpt lat="49.172528" lon="20.141518"><ele>2131.2</ele></trkpt>
      <trkpt lat="49.172512" lon="20.141502"><ele>2129.8</ele></trkpt>
      <trkpt lat="49.172496" lon="20.141485"><ele>2128.4</ele></trkpt>
      <trkpt lat="49.172480" lon="20.141464"><ele>2127.4</ele></trkpt>
      <trkpt lat="49.172464" lon="20.141482"><ele>2126.2</ele></trkpt>
      <trkpt lat="49.172438" lon="20.141480"><ele>2125.0</ele></trkpt>
      <trkpt lat="49.172426" lon="20.141454"><ele>2124.0</ele></trkpt>
      <trkpt lat="49.172400" lon="20.141474"><ele>2122.4</ele></trkpt>
      <trkpt lat="49.172374" lon="20.141496"><ele>2121.2</ele></trkpt>
      <trkpt lat="49.172349" lon="20.141485"><ele>2119.8</ele></trkpt>
      <trkpt lat="49.172320" lon="20.141506"><ele>2119.4</ele></trkpt>
      <trkpt lat="49.172298" lon="20.141518"><ele>2119.0</ele></trkpt>
      <trkpt lat="49.172278" lon="20.141512"><ele>2118.4</ele></trkpt>
      <trkpt lat="49.172250" lon="20.141490"><ele>2116.8</ele></trkpt>
      <trkpt lat="49.172218" lon="20.141514"><ele>2115.8</ele></trkpt>
      <trkpt lat="49.172192" lon="20.141560"><ele>2115.4</ele></trkpt>
      <trkpt lat="49.172160" lon="20.141594"><ele>2114.4</ele></trkpt>
      <trkpt lat="49.172134" lon="20.141608"><ele>2113.4</ele></trkpt>
      <trkpt lat="49.172118" lon="20.141622"><ele>2112.8</ele></trkpt>
      <trkpt lat="49.172096" lon="20.141662"><ele>2111.8</ele></trkpt>
      <trkpt lat="49.172077" lon="20.141688"><ele>2111.2</ele></trkpt>
      <trkpt lat="49.172058" lon="20.141710"><ele>2110.8</ele></trkpt>
      <trkpt lat="49.172042" lon="20.141725"><ele>2110.4</ele></trkpt>
      <trkpt lat="49.172013" lon="20.141742"><ele>2109.2</ele></trkpt>
      <trkpt lat="49.171990" lon="20.141752"><ele>2108.0</ele></trkpt>
      <trkpt lat="49.171974" lon="20.141768"><ele>2107.2</ele></trkpt>
      <trkpt lat="49.171958" lon="20.141790"><ele>2106.8</ele></trkpt>
      <trkpt lat="49.171942" lon="20.141808"><ele>2106.4</ele></trkpt>
      <trkpt lat="49.171920" lon="20.141822"><ele>2105.8</ele></trkpt>
      <trkpt lat="49.171898" lon="20.141846"><ele>2104.8</ele></trkpt>
      <trkpt lat="49.171878" lon="20.141864"><ele>2104.4</ele></trkpt>
      <trkpt lat="49.171862" lon="20.141883"><ele>2104.2</ele></trkpt>
      <trkpt lat="49.171834" lon="20.141912"><ele>2103.2</ele></trkpt>
      <trkpt lat="49.171814" lon="20.141931"><ele>2102.8</ele></trkpt>
      <trkpt lat="49.171795" lon="20.141952"><ele>2102.6</ele></trkpt>
      <trkpt lat="49.171773" lon="20.141986"><ele>2102.8</ele></trkpt>
      <trkpt lat="49.171744" lon="20.142008"><ele>2102.6</ele></trkpt>
      <trkpt lat="49.171725" lon="20.142026"><ele>2102.4</ele></trkpt>
      <trkpt lat="49.171702" lon="20.142070"><ele>2101.8</ele></trkpt>
      <trkpt lat="49.171677" lon="20.142115"><ele>2100.2</ele></trkpt>
      <trkpt lat="49.171670" lon="20.142144"><ele>2099.0</ele></trkpt>
      <trkpt lat="49.171658" lon="20.142178"><ele>2098.4</ele></trkpt>
      <trkpt lat="49.171651" lon="20.142206"><ele>2097.8</ele></trkpt>
      <trkpt lat="49.171638" lon="20.142237"><ele>2097.2</ele></trkpt>
      <trkpt lat="49.171626" lon="20.142264"><ele>2096.8</ele></trkpt>
      <trkpt lat="49.171613" lon="20.142286"><ele>2096.4</ele></trkpt>
      <trkpt lat="49.171590" lon="20.142309"><ele>2095.8</ele></trkpt>
      <trkpt lat="49.171571" lon="20.142325"><ele>2095.0</ele></trkpt>
      <trkpt lat="49.171552" lon="20.142336"><ele>2094.2</ele></trkpt>
      <trkpt lat="49.171533" lon="20.142338"><ele>2093.4</ele></trkpt>
      <trkpt lat="49.171514" lon="20.142334"><ele>2092.8</ele></trkpt>
      <trkpt lat="49.171478" lon="20.142336"><ele>2092.0</ele></trkpt>
      <trkpt lat="49.171443" lon="20.142320"><ele>2091.0</ele></trkpt>
      <trkpt lat="49.171414" lon="20.142307"><ele>2088.8</ele></trkpt>
      <trkpt lat="49.171395" lon="20.142301"><ele>2088.0</ele></trkpt>
      <trkpt lat="49.171373" lon="20.142299"><ele>2087.6</ele></trkpt>
      <trkpt lat="49.171354" lon="20.142304"><ele>2087.0</ele></trkpt>
      <trkpt lat="49.171322" lon="20.142326"><ele>2086.6</ele></trkpt>
      <trkpt lat="49.171302" lon="20.142363"><ele>2086.0</ele></trkpt>
      <trkpt lat="49.171286" lon="20.142378"><ele>2085.8</ele></trkpt>
      <trkpt lat="49.171267" lon="20.142392"><ele>2085.2</ele></trkpt>
      <trkpt lat="49.171235" lon="20.142419"><ele>2084.8</ele></trkpt>
      <trkpt lat="49.171216" lon="20.142435"><ele>2083.4</ele></trkpt>
      <trkpt lat="49.171197" lon="20.142445"><ele>2082.6</ele></trkpt>
      <trkpt lat="49.171174" lon="20.142466"><ele>2081.4</ele></trkpt>
      <trkpt lat="49.171158" lon="20.142446"><ele>2079.4</ele></trkpt>
      <trkpt lat="49.171178" lon="20.142422"><ele>2077.8</ele></trkpt>
      <trkpt lat="49.171187" lon="20.142397"><ele>2077.2</ele></trkpt>
      <trkpt lat="49.171197" lon="20.142347"><ele>2075.8</ele></trkpt>
      <trkpt lat="49.171181" lon="20.142317"><ele>2075.4</ele></trkpt>
      <trkpt lat="49.171149" lon="20.142336"><ele>2074.8</ele></trkpt>
      <trkpt lat="49.171130" lon="20.142344"><ele>2074.6</ele></trkpt>
      <trkpt lat="49.171101" lon="20.142355"><ele>2074.8</ele></trkpt>
      <trkpt lat="49.171078" lon="20.142363"><ele>2074.0</ele></trkpt>
      <trkpt lat="49.171056" lon="20.142370"><ele>2073.0</ele></trkpt>
      <trkpt lat="49.171024" lon="20.142363"><ele>2071.8</ele></trkpt>
      <trkpt lat="49.171002" lon="20.142363"><ele>2071.4</ele></trkpt>
      <trkpt lat="49.170970" lon="20.142363"><ele>2070.4</ele></trkpt>
      <trkpt lat="49.170938" lon="20.142358"><ele>2068.8</ele></trkpt>
      <trkpt lat="49.170906" lon="20.142347"><ele>2067.4</ele></trkpt>
      <trkpt lat="49.170870" lon="20.142349"><ele>2066.4</ele></trkpt>
      <trkpt lat="49.170848" lon="20.142349"><ele>2065.2</ele></trkpt>
      <trkpt lat="49.170826" lon="20.142354"><ele>2064.6</ele></trkpt>
      <trkpt lat="49.170803" lon="20.142360"><ele>2064.4</ele></trkpt>
      <trkpt lat="49.170784" lon="20.142370"><ele>2064.2</ele></trkpt>
      <trkpt lat="49.170758" lon="20.142379"><ele>2063.8</ele></trkpt>
      <trkpt lat="49.170730" lon="20.142387"><ele>2063.2</ele></trkpt>
      <trkpt lat="49.170710" lon="20.142397"><ele>2062.6</ele></trkpt>
      <trkpt lat="49.170691" lon="20.142405"><ele>2062.2</ele></trkpt>
      <trkpt lat="49.170672" lon="20.142413"><ele>2061.8</ele></trkpt>
      <trkpt lat="49.170643" lon="20.142429"><ele>2060.6</ele></trkpt>
      <trkpt lat="49.170621" lon="20.142437"><ele>2060.2</ele></trkpt>
      <trkpt lat="49.170602" lon="20.142440"><ele>2060.0</ele></trkpt>
      <trkpt lat="49.170582" lon="20.142440"><ele>2060.0</ele></trkpt>
      <trkpt lat="49.170554" lon="20.142427"><ele>2059.0</ele></trkpt>
      <trkpt lat="49.170525" lon="20.142414"><ele>2057.8</ele></trkpt>
      <trkpt lat="49.170490" lon="20.142400"><ele>2057.2</ele></trkpt>
      <trkpt lat="49.170464" lon="20.142389"><ele>2055.0</ele></trkpt>
      <trkpt lat="49.170445" lon="20.142387"><ele>2053.8</ele></trkpt>
      <trkpt lat="49.170422" lon="20.142378"><ele>2052.8</ele></trkpt>
      <trkpt lat="49.170403" lon="20.142374"><ele>2052.4</ele></trkpt>
      <trkpt lat="49.170384" lon="20.142363"><ele>2052.0</ele></trkpt>
      <trkpt lat="49.170362" lon="20.142350"><ele>2051.4</ele></trkpt>
      <trkpt lat="49.170339" lon="20.142350"><ele>2051.0</ele></trkpt>
      <trkpt lat="49.170326" lon="20.142323"><ele>2050.8</ele></trkpt>
      <trkpt lat="49.170320" lon="20.142294"><ele>2050.4</ele></trkpt>
      <trkpt lat="49.170304" lon="20.142277"><ele>2049.4</ele></trkpt>
      <trkpt lat="49.170275" lon="20.142267"><ele>2048.8</ele></trkpt>
      <trkpt lat="49.170250" lon="20.142266"><ele>2048.2</ele></trkpt>
      <trkpt lat="49.170224" lon="20.142269"><ele>2047.8</ele></trkpt>
      <trkpt lat="49.170202" lon="20.142269"><ele>2046.8</ele></trkpt>
      <trkpt lat="49.170173" lon="20.142277"><ele>2045.6</ele></trkpt>
      <trkpt lat="49.170154" lon="20.142275"><ele>2044.6</ele></trkpt>
      <trkpt lat="49.170122" lon="20.142274"><ele>2043.8</ele></trkpt>
      <trkpt lat="49.170102" lon="20.142269"><ele>2043.0</ele></trkpt>
      <trkpt lat="49.170070" lon="20.142267"><ele>2042.0</ele></trkpt>
      <trkpt lat="49.170051" lon="20.142266"><ele>2041.2</ele></trkpt>
      <trkpt lat="49.170026" lon="20.142274"><ele>2040.4</ele></trkpt>
      <trkpt lat="49.170006" lon="20.142283"><ele>2039.6</ele></trkpt>
      <trkpt lat="49.169971" lon="20.142298"><ele>2038.8</ele></trkpt>
      <trkpt lat="49.169949" lon="20.142294"><ele>2036.4</ele></trkpt>
      <trkpt lat="49.169917" lon="20.142283"><ele>2035.2</ele></trkpt>
      <trkpt lat="49.169898" lon="20.142278"><ele>2034.6</ele></trkpt>
      <trkpt lat="49.169869" lon="20.142261"><ele>2033.4</ele></trkpt>
      <trkpt lat="49.169837" lon="20.142258"><ele>2032.0</ele></trkpt>
      <trkpt lat="49.169808" lon="20.142256"><ele>2030.6</ele></trkpt>
      <trkpt lat="49.169789" lon="20.142251"><ele>2030.0</ele></trkpt>
      <trkpt lat="49.169757" lon="20.142237"><ele>2028.8</ele></trkpt>
      <trkpt lat="49.169725" lon="20.142237"><ele>2027.8</ele></trkpt>
      <trkpt lat="49.169690" lon="20.142237"><ele>2026.4</ele></trkpt>
      <trkpt lat="49.169654" lon="20.142250"><ele>2026.0</ele></trkpt>
      <trkpt lat="49.169635" lon="20.142275"><ele>2024.6</ele></trkpt>
      <trkpt lat="49.169610" lon="20.142293"><ele>2023.6</ele></trkpt>
      <trkpt lat="49.169578" lon="20.142314"><ele>2022.8</ele></trkpt>
      <trkpt lat="49.169558" lon="20.142330"><ele>2022.4</ele></trkpt>
      <trkpt lat="49.169533" lon="20.142349"><ele>2021.4</ele></trkpt>
      <trkpt lat="49.169507" lon="20.142350"><ele>2020.4</ele></trkpt>
      <trkpt lat="49.169482" lon="20.142349"><ele>2020.0</ele></trkpt>
      <trkpt lat="49.169446" lon="20.142346"><ele>2019.4</ele></trkpt>
      <trkpt lat="49.169414" lon="20.142344"><ele>2017.6</ele></trkpt>
      <trkpt lat="49.169395" lon="20.142349"><ele>2017.0</ele></trkpt>
      <trkpt lat="49.169360" lon="20.142363"><ele>2016.4</ele></trkpt>
      <trkpt lat="49.169328" lon="20.142366"><ele>2014.2</ele></trkpt>
      <trkpt lat="49.169293" lon="20.142378"><ele>2012.6</ele></trkpt>
      <trkpt lat="49.169274" lon="20.142384"><ele>2011.8</ele></trkpt>
      <trkpt lat="49.169251" lon="20.142394"><ele>2011.8</ele></trkpt>
      <trkpt lat="49.169219" lon="20.142403"><ele>2010.4</ele></trkpt>
      <trkpt lat="49.169200" lon="20.142406"><ele>2009.8</ele></trkpt>
      <trkpt lat="49.169178" lon="20.142413"><ele>2009.2</ele></trkpt>
      <trkpt lat="49.169155" lon="20.142418"><ele>2008.6</ele></trkpt>
      <trkpt lat="49.169133" lon="20.142435"><ele>2007.4</ele></trkpt>
      <trkpt lat="49.169104" lon="20.142448"><ele>2006.4</ele></trkpt>
      <trkpt lat="49.169082" lon="20.142458"><ele>2005.0</ele></trkpt>
      <trkpt lat="49.169059" lon="20.142458"><ele>2004.2</ele></trkpt>
      <trkpt lat="49.169024" lon="20.142486"><ele>2003.8</ele></trkpt>
      <trkpt lat="49.169002" lon="20.142490"><ele>2003.0</ele></trkpt>
      <trkpt lat="49.168982" lon="20.142493"><ele>2002.6</ele></trkpt>
      <trkpt lat="49.168957" lon="20.142494"><ele>2001.4</ele></trkpt>
      <trkpt lat="49.168938" lon="20.142494"><ele>2000.8</ele></trkpt>
      <trkpt lat="49.168902" lon="20.142506"><ele>2000.2</ele></trkpt>
      <trkpt lat="49.168883" lon="20.142514"><ele>1999.0</ele></trkpt>
      <trkpt lat="49.168858" lon="20.142526"><ele>1998.0</ele></trkpt>
      <trkpt lat="49.168826" lon="20.142542"><ele>1997.2</ele></trkpt>
      <trkpt lat="49.168800" lon="20.142539"><ele>1996.4</ele></trkpt>
      <trkpt lat="49.168771" lon="20.142547"><ele>1995.2</ele></trkpt>
      <trkpt lat="49.168752" lon="20.142549"><ele>1994.8</ele></trkpt>
      <trkpt lat="49.168717" lon="20.142554"><ele>1993.8</ele></trkpt>
      <trkpt lat="49.168698" lon="20.142554"><ele>1992.6</ele></trkpt>
      <trkpt lat="49.168659" lon="20.142549"><ele>1992.2</ele></trkpt>
      <trkpt lat="49.168637" lon="20.142554"><ele>1991.2</ele></trkpt>
      <trkpt lat="49.168614" lon="20.142555"><ele>1990.8</ele></trkpt>
      <trkpt lat="49.168582" lon="20.142562"><ele>1990.0</ele></trkpt>
      <trkpt lat="49.168554" lon="20.142578"><ele>1989.2</ele></trkpt>
      <trkpt lat="49.168525" lon="20.142598"><ele>1988.2</ele></trkpt>
      <trkpt lat="49.168499" lon="20.142622"><ele>1987.4</ele></trkpt>
      <trkpt lat="49.168480" lon="20.142632"><ele>1987.0</ele></trkpt>
      <trkpt lat="49.168461" lon="20.142643"><ele>1986.6</ele></trkpt>
      <trkpt lat="49.168435" lon="20.142658"><ele>1985.8</ele></trkpt>
      <trkpt lat="49.168413" lon="20.142662"><ele>1984.6</ele></trkpt>
      <trkpt lat="49.168387" lon="20.142675"><ele>1983.6</ele></trkpt>
      <trkpt lat="49.168365" lon="20.142693"><ele>1982.4</ele></trkpt>
      <trkpt lat="49.168330" lon="20.142710"><ele>1982.0</ele></trkpt>
      <trkpt lat="49.168298" lon="20.142730"><ele>1980.2</ele></trkpt>
      <trkpt lat="49.168263" lon="20.142748"><ele>1979.6</ele></trkpt>
      <trkpt lat="49.168246" lon="20.142757"><ele>1979.2</ele></trkpt>
      <trkpt lat="49.168218" lon="20.142770"><ele>1977.2</ele></trkpt>
      <trkpt lat="49.168189" lon="20.142786"><ele>1975.8</ele></trkpt>
      <trkpt lat="49.168170" lon="20.142802"><ele>1975.0</ele></trkpt>
      <trkpt lat="49.168150" lon="20.142827"><ele>1974.4</ele></trkpt>
      <trkpt lat="49.168118" lon="20.142854"><ele>1973.6</ele></trkpt>
      <trkpt lat="49.168099" lon="20.142874"><ele>1972.4</ele></trkpt>
      <trkpt lat="49.168080" lon="20.142899"><ele>1971.8</ele></trkpt>
      <trkpt lat="49.168061" lon="20.142920"><ele>1971.2</ele></trkpt>
      <trkpt lat="49.168045" lon="20.142942"><ele>1970.8</ele></trkpt>
      <trkpt lat="49.168026" lon="20.142965"><ele>1970.4</ele></trkpt>
      <trkpt lat="49.168006" lon="20.142986"><ele>1970.0</ele></trkpt>
      <trkpt lat="49.167990" lon="20.143022"><ele>1968.8</ele></trkpt>
      <trkpt lat="49.167965" lon="20.143045"><ele>1968.4</ele></trkpt>
      <trkpt lat="49.167936" lon="20.143058"><ele>1968.0</ele></trkpt>
      <trkpt lat="49.167907" lon="20.143070"><ele>1967.6</ele></trkpt>
      <trkpt lat="49.167888" lon="20.143088"><ele>1967.6</ele></trkpt>
      <trkpt lat="49.167872" lon="20.143109"><ele>1967.4</ele></trkpt>
      <trkpt lat="49.167846" lon="20.143144"><ele>1967.4</ele></trkpt>
      <trkpt lat="49.167821" lon="20.143181"><ele>1967.2</ele></trkpt>
      <trkpt lat="49.167802" lon="20.143198"><ele>1966.8</ele></trkpt>
      <trkpt lat="49.167782" lon="20.143210"><ele>1966.6</ele></trkpt>
      <trkpt lat="49.167763" lon="20.143230"><ele>1966.4</ele></trkpt>
      <trkpt lat="49.167738" lon="20.143240"><ele>1966.0</ele></trkpt>
      <trkpt lat="49.167712" lon="20.143237"><ele>1965.6</ele></trkpt>
      <trkpt lat="49.167693" lon="20.143232"><ele>1965.2</ele></trkpt>
      <trkpt lat="49.167674" lon="20.143240"><ele>1965.0</ele></trkpt>
      <trkpt lat="49.167638" lon="20.143250"><ele>1964.8</ele></trkpt>
      <trkpt lat="49.167600" lon="20.143262"><ele>1964.0</ele></trkpt>
      <trkpt lat="49.167574" lon="20.143272"><ele>1963.4</ele></trkpt>
      <trkpt lat="49.167552" lon="20.143288"><ele>1963.0</ele></trkpt>
      <trkpt lat="49.167530" lon="20.143293"><ele>1962.4</ele></trkpt>
      <trkpt lat="49.167514" lon="20.143307"><ele>1962.0</ele></trkpt>
      <trkpt lat="49.167491" lon="20.143323"><ele>1961.6</ele></trkpt>
      <trkpt lat="49.167472" lon="20.143339"><ele>1961.4</ele></trkpt>
      <trkpt lat="49.167456" lon="20.143360"><ele>1961.2</ele></trkpt>
      <trkpt lat="49.167440" lon="20.143378"><ele>1961.0</ele></trkpt>
      <trkpt lat="49.167424" lon="20.143402"><ele>1960.6</ele></trkpt>
      <trkpt lat="49.167402" lon="20.143437"><ele>1960.2</ele></trkpt>
      <trkpt lat="49.167376" lon="20.143462"><ele>1959.6</ele></trkpt>
      <trkpt lat="49.167347" lon="20.143491"><ele>1959.2</ele></trkpt>
      <trkpt lat="49.167331" lon="20.143512"><ele>1958.8</ele></trkpt>
      <trkpt lat="49.167306" lon="20.143544"><ele>1957.8</ele></trkpt>
      <trkpt lat="49.167277" lon="20.143565"><ele>1957.4</ele></trkpt>
      <trkpt lat="49.167251" lon="20.143587"><ele>1957.2</ele></trkpt>
      <trkpt lat="49.167235" lon="20.143605"><ele>1956.8</ele></trkpt>
      <trkpt lat="49.167194" lon="20.143646"><ele>1956.6</ele></trkpt>
      <trkpt lat="49.167178" lon="20.143667"><ele>1955.8</ele></trkpt>
      <trkpt lat="49.167165" lon="20.143690"><ele>1955.4</ele></trkpt>
      <trkpt lat="49.167146" lon="20.143717"><ele>1955.2</ele></trkpt>
      <trkpt lat="49.167133" lon="20.143739"><ele>1955.0</ele></trkpt>
      <trkpt lat="49.167094" lon="20.143765"><ele>1954.8</ele></trkpt>
      <trkpt lat="49.167075" lon="20.143776"><ele>1954.4</ele></trkpt>
      <trkpt lat="49.167043" lon="20.143800"><ele>1954.2</ele></trkpt>
      <trkpt lat="49.167014" lon="20.143818"><ele>1954.2</ele></trkpt>
      <trkpt lat="49.166992" lon="20.143837"><ele>1954.0</ele></trkpt>
      <trkpt lat="49.166973" lon="20.143850"><ele>1953.8</ele></trkpt>
      <trkpt lat="49.166957" lon="20.143867"><ele>1953.6</ele></trkpt>
      <trkpt lat="49.166931" lon="20.143904"><ele>1953.4</ele></trkpt>
      <trkpt lat="49.166912" lon="20.143917"><ele>1953.2</ele></trkpt>
      <trkpt lat="49.166880" lon="20.143939"><ele>1952.8</ele></trkpt>
      <trkpt lat="49.166858" lon="20.143962"><ele>1952.6</ele></trkpt>
      <trkpt lat="49.166835" lon="20.143981"><ele>1952.2</ele></trkpt>
      <trkpt lat="49.166813" lon="20.143998"><ele>1952.0</ele></trkpt>
      <trkpt lat="49.166781" lon="20.144021"><ele>1951.6</ele></trkpt>
      <trkpt lat="49.166758" lon="20.144032"><ele>1951.4</ele></trkpt>
      <trkpt lat="49.166739" lon="20.144038"><ele>1951.0</ele></trkpt>
      <trkpt lat="49.166714" lon="20.144043"><ele>1950.8</ele></trkpt>
      <trkpt lat="49.166691" lon="20.144053"><ele>1950.4</ele></trkpt>
      <trkpt lat="49.166656" lon="20.144066"><ele>1950.2</ele></trkpt>
      <trkpt lat="49.166630" lon="20.144077"><ele>1949.4</ele></trkpt>
      <trkpt lat="49.166602" lon="20.144093"><ele>1948.8</ele></trkpt>
      <trkpt lat="49.166570" lon="20.144122"><ele>1948.6</ele></trkpt>
      <trkpt lat="49.166550" lon="20.144138"><ele>1948.0</ele></trkpt>
      <trkpt lat="49.166531" lon="20.144154"><ele>1947.6</ele></trkpt>
      <trkpt lat="49.166512" lon="20.144166"><ele>1947.4</ele></trkpt>
      <trkpt lat="49.166486" lon="20.144184"><ele>1947.4</ele></trkpt>
      <trkpt lat="49.166458" lon="20.144203"><ele>1947.0</ele></trkpt>
      <trkpt lat="49.166435" lon="20.144222"><ele>1946.8</ele></trkpt>
      <trkpt lat="49.166413" lon="20.144237"><ele>1946.6</ele></trkpt>
      <trkpt lat="49.166387" lon="20.144254"><ele>1946.2</ele></trkpt>
      <trkpt lat="49.166362" lon="20.144270"><ele>1946.0</ele></trkpt>
      <trkpt lat="49.166330" lon="20.144304"><ele>1945.8</ele></trkpt>
      <trkpt lat="49.166310" lon="20.144322"><ele>1945.4</ele></trkpt>
      <trkpt lat="49.166291" lon="20.144339"><ele>1945.0</ele></trkpt>
      <trkpt lat="49.166259" lon="20.144371"><ele>1944.8</ele></trkpt>
      <trkpt lat="49.166240" lon="20.144389"><ele>1944.4</ele></trkpt>
      <trkpt lat="49.166214" lon="20.144410"><ele>1944.0</ele></trkpt>
      <trkpt lat="49.166195" lon="20.144424"><ele>1943.6</ele></trkpt>
      <trkpt lat="49.166157" lon="20.144440"><ele>1943.2</ele></trkpt>
      <trkpt lat="49.166134" lon="20.144445"><ele>1942.4</ele></trkpt>
      <trkpt lat="49.166112" lon="20.144458"><ele>1942.0</ele></trkpt>
      <trkpt lat="49.166077" lon="20.144461"><ele>1941.8</ele></trkpt>
      <trkpt lat="49.166054" lon="20.144454"><ele>1941.4</ele></trkpt>
      <trkpt lat="49.166032" lon="20.144459"><ele>1941.2</ele></trkpt>
      <trkpt lat="49.166003" lon="20.144458"><ele>1941.0</ele></trkpt>
      <trkpt lat="49.165984" lon="20.144458"><ele>1940.6</ele></trkpt>
      <trkpt lat="49.165955" lon="20.144464"><ele>1940.2</ele></trkpt>
      <trkpt lat="49.165936" lon="20.144474"><ele>1939.8</ele></trkpt>
      <trkpt lat="49.165914" lon="20.144488"><ele>1939.6</ele></trkpt>
      <trkpt lat="49.165882" lon="20.144501"><ele>1939.2</ele></trkpt>
      <trkpt lat="49.165856" lon="20.144514"><ele>1939.0</ele></trkpt>
      <trkpt lat="49.165827" lon="20.144523"><ele>1938.6</ele></trkpt>
      <trkpt lat="49.165805" lon="20.144520"><ele>1938.2</ele></trkpt>
      <trkpt lat="49.165786" lon="20.144514"><ele>1937.8</ele></trkpt>
      <trkpt lat="49.165766" lon="20.144514"><ele>1937.4</ele></trkpt>
      <trkpt lat="49.165738" lon="20.144525"><ele>1937.0</ele></trkpt>
      <trkpt lat="49.165699" lon="20.144541"><ele>1936.8</ele></trkpt>
      <trkpt lat="49.165680" lon="20.144552"><ele>1936.4</ele></trkpt>
      <trkpt lat="49.165654" lon="20.144568"><ele>1936.2</ele></trkpt>
      <trkpt lat="49.165626" lon="20.144598"><ele>1936.0</ele></trkpt>
      <trkpt lat="49.165600" lon="20.144634"><ele>1935.6</ele></trkpt>
      <trkpt lat="49.165584" lon="20.144651"><ele>1935.6</ele></trkpt>
      <trkpt lat="49.165568" lon="20.144669"><ele>1935.6</ele></trkpt>
      <trkpt lat="49.165539" lon="20.144706"><ele>1935.6</ele></trkpt>
      <trkpt lat="49.165523" lon="20.144726"><ele>1935.4</ele></trkpt>
      <trkpt lat="49.165507" lon="20.144742"><ele>1935.0</ele></trkpt>
      <trkpt lat="49.165488" lon="20.144760"><ele>1935.0</ele></trkpt>
      <trkpt lat="49.165469" lon="20.144776"><ele>1934.8</ele></trkpt>
      <trkpt lat="49.165446" lon="20.144782"><ele>1934.6</ele></trkpt>
      <trkpt lat="49.165427" lon="20.144789"><ele>1934.4</ele></trkpt>
      <trkpt lat="49.165408" lon="20.144795"><ele>1934.2</ele></trkpt>
      <trkpt lat="49.165389" lon="20.144802"><ele>1934.0</ele></trkpt>
      <trkpt lat="49.165370" lon="20.144813"><ele>1934.0</ele></trkpt>
      <trkpt lat="49.165350" lon="20.144832"><ele>1933.8</ele></trkpt>
      <trkpt lat="49.165331" lon="20.144858"><ele>1933.8</ele></trkpt>
      <trkpt lat="49.165306" lon="20.144888"><ele>1933.6</ele></trkpt>
      <trkpt lat="49.165286" lon="20.144922"><ele>1933.4</ele></trkpt>
      <trkpt lat="49.165270" lon="20.144955"><ele>1933.2</ele></trkpt>
      <trkpt lat="49.165258" lon="20.144994"><ele>1933.0</ele></trkpt>
      <trkpt lat="49.165242" lon="20.145037"><ele>1932.8</ele></trkpt>
      <trkpt lat="49.165229" lon="20.145059"><ele>1932.8</ele></trkpt>
      <trkpt lat="49.165206" lon="20.145093"><ele>1932.4</ele></trkpt>
      <trkpt lat="49.165203" lon="20.145120"><ele>1932.2</ele></trkpt>
      <trkpt lat="49.165197" lon="20.145158"><ele>1931.8</ele></trkpt>
      <trkpt lat="49.165187" lon="20.145203"><ele>1931.4</ele></trkpt>
      <trkpt lat="49.165184" lon="20.145232"><ele>1931.4</ele></trkpt>
      <trkpt lat="49.165181" lon="20.145267"><ele>1931.2</ele></trkpt>
      <trkpt lat="49.165181" lon="20.145322"><ele>1931.0</ele></trkpt>
      <trkpt lat="49.165184" lon="20.145349"><ele>1930.8</ele></trkpt>
      <trkpt lat="49.165187" lon="20.145381"><ele>1930.8</ele></trkpt>
      <trkpt lat="49.165200" lon="20.145426"><ele>1930.8</ele></trkpt>
      <trkpt lat="49.165200" lon="20.145477"><ele>1931.4</ele></trkpt>
      <trkpt lat="49.165197" lon="20.145515"><ele>1931.6</ele></trkpt>
      <trkpt lat="49.165184" lon="20.145546"><ele>1931.8</ele></trkpt>
      <trkpt lat="49.165171" lon="20.145571"><ele>1932.0</ele></trkpt>
      <trkpt lat="49.165152" lon="20.145606"><ele>1932.0</ele></trkpt>
      <trkpt lat="49.165130" lon="20.145643"><ele>1932.2</ele></trkpt>
      <trkpt lat="49.165117" lon="20.145677"><ele>1932.2</ele></trkpt>
      <trkpt lat="49.165107" lon="20.145701"><ele>1932.4</ele></trkpt>
      <trkpt lat="49.165091" lon="20.145734"><ele>1932.4</ele></trkpt>
      <trkpt lat="49.165078" lon="20.145763"><ele>1932.2</ele></trkpt>
      <trkpt lat="49.165059" lon="20.145792"><ele>1932.0</ele></trkpt>
      <trkpt lat="49.165030" lon="20.145826"><ele>1932.0</ele></trkpt>
      <trkpt lat="49.165018" lon="20.145862"><ele>1931.8</ele></trkpt>
      <trkpt lat="49.165005" lon="20.145901"><ele>1931.8</ele></trkpt>
      <trkpt lat="49.164989" lon="20.145939"><ele>1931.6</ele></trkpt>
      <trkpt lat="49.164973" lon="20.145970"><ele>1931.4</ele></trkpt>
      <trkpt lat="49.164954" lon="20.145997"><ele>1931.2</ele></trkpt>
      <trkpt lat="49.164941" lon="20.146019"><ele>1931.0</ele></trkpt>
      <trkpt lat="49.164925" lon="20.146040"><ele>1931.0</ele></trkpt>
      <trkpt lat="49.164912" lon="20.146061"><ele>1931.2</ele></trkpt>
      <trkpt lat="49.164912" lon="20.146117"><ele>1931.2</ele></trkpt>
      <trkpt lat="49.164912" lon="20.146179"><ele>1931.4</ele></trkpt>
      <trkpt lat="49.164909" lon="20.146206"><ele>1931.4</ele></trkpt>
      <trkpt lat="49.164909" lon="20.146235"><ele>1931.4</ele></trkpt>
      <trkpt lat="49.164912" lon="20.146266"><ele>1931.2</ele></trkpt>
      <trkpt lat="49.164925" lon="20.146294"><ele>1931.0</ele></trkpt>
      <trkpt lat="49.164941" lon="20.146320"><ele>1930.8</ele></trkpt>
      <trkpt lat="49.164954" lon="20.146358"><ele>1930.4</ele></trkpt>
      <trkpt lat="49.164973" lon="20.146398"><ele>1930.2</ele></trkpt>
      <trkpt lat="49.164992" lon="20.146427"><ele>1929.8</ele></trkpt>
      <trkpt lat="49.165008" lon="20.146443"><ele>1929.4</ele></trkpt>
      <trkpt lat="49.165024" lon="20.146483"><ele>1928.2</ele></trkpt>
      <trkpt lat="49.165043" lon="20.146523"><ele>1926.4</ele></trkpt>
      <trkpt lat="49.165059" lon="20.146547"><ele>1925.2</ele></trkpt>
      <trkpt lat="49.165072" lon="20.146584"><ele>1923.6</ele></trkpt>
      <trkpt lat="49.165088" lon="20.146618"><ele>1922.6</ele></trkpt>
      <trkpt lat="49.165101" lon="20.146656"><ele>1921.6</ele></trkpt>
      <trkpt lat="49.165117" lon="20.146677"><ele>1921.0</ele></trkpt>
      <trkpt lat="49.165136" lon="20.146725"><ele>1920.4</ele></trkpt>
      <trkpt lat="49.165139" lon="20.146752"><ele>1919.2</ele></trkpt>
      <trkpt lat="49.165149" lon="20.146798"><ele>1918.0</ele></trkpt>
      <trkpt lat="49.165158" lon="20.146824"><ele>1917.4</ele></trkpt>
      <trkpt lat="49.165165" lon="20.146853"><ele>1916.8</ele></trkpt>
      <trkpt lat="49.165171" lon="20.146902"><ele>1915.8</ele></trkpt>
      <trkpt lat="49.165171" lon="20.146936"><ele>1915.4</ele></trkpt>
      <trkpt lat="49.165181" lon="20.146965"><ele>1914.8</ele></trkpt>
      <trkpt lat="49.165190" lon="20.146997"><ele>1914.0</ele></trkpt>
      <trkpt lat="49.165190" lon="20.147026"><ele>1913.2</ele></trkpt>
      <trkpt lat="49.165190" lon="20.147056"><ele>1912.6</ele></trkpt>
      <trkpt lat="49.165197" lon="20.147086"><ele>1911.8</ele></trkpt>
      <trkpt lat="49.165203" lon="20.147115"><ele>1911.0</ele></trkpt>
      <trkpt lat="49.165206" lon="20.147165"><ele>1909.6</ele></trkpt>
      <trkpt lat="49.165219" lon="20.147192"><ele>1909.0</ele></trkpt>
      <trkpt lat="49.165242" lon="20.147250"><ele>1908.6</ele></trkpt>
      <trkpt lat="49.165251" lon="20.147275"><ele>1907.2</ele></trkpt>
      <trkpt lat="49.165264" lon="20.147312"><ele>1906.6</ele></trkpt>
      <trkpt lat="49.165270" lon="20.147341"><ele>1905.8</ele></trkpt>
      <trkpt lat="49.165280" lon="20.147371"><ele>1905.0</ele></trkpt>
      <trkpt lat="49.165290" lon="20.147402"><ele>1904.2</ele></trkpt>
      <trkpt lat="49.165283" lon="20.147429"><ele>1903.6</ele></trkpt>
      <trkpt lat="49.165286" lon="20.147456"><ele>1902.8</ele></trkpt>
      <trkpt lat="49.165302" lon="20.147486"><ele>1902.2</ele></trkpt>
      <trkpt lat="49.165318" lon="20.147512"><ele>1901.6</ele></trkpt>
      <trkpt lat="49.165328" lon="20.147542"><ele>1901.2</ele></trkpt>
      <trkpt lat="49.165338" lon="20.147573"><ele>1900.6</ele></trkpt>
      <trkpt lat="49.165350" lon="20.147606"><ele>1900.0</ele></trkpt>
      <trkpt lat="49.165363" lon="20.147640"><ele>1899.6</ele></trkpt>
      <trkpt lat="49.165376" lon="20.147677"><ele>1899.2</ele></trkpt>
      <trkpt lat="49.165389" lon="20.147710"><ele>1898.6</ele></trkpt>
      <trkpt lat="49.165402" lon="20.147749"><ele>1898.0</ele></trkpt>
      <trkpt lat="49.165418" lon="20.147789"><ele>1897.6</ele></trkpt>
      <trkpt lat="49.165418" lon="20.147829"><ele>1897.0</ele></trkpt>
      <trkpt lat="49.165418" lon="20.147875"><ele>1896.8</ele></trkpt>
      <trkpt lat="49.165418" lon="20.147938"><ele>1896.4</ele></trkpt>
      <trkpt lat="49.165427" lon="20.147966"><ele>1895.4</ele></trkpt>
      <trkpt lat="49.165443" lon="20.147989"><ele>1894.8</ele></trkpt>
      <trkpt lat="49.165456" lon="20.148014"><ele>1894.2</ele></trkpt>
      <trkpt lat="49.165475" lon="20.148078"><ele>1893.6</ele></trkpt>
      <trkpt lat="49.165482" lon="20.148122"><ele>1892.4</ele></trkpt>
      <trkpt lat="49.165485" lon="20.148168"><ele>1891.8</ele></trkpt>
      <trkpt lat="49.165488" lon="20.148214"><ele>1891.0</ele></trkpt>
      <trkpt lat="49.165494" lon="20.148272"><ele>1890.4</ele></trkpt>
      <trkpt lat="49.165488" lon="20.148310"><ele>1889.8</ele></trkpt>
      <trkpt lat="49.165485" lon="20.148357"><ele>1889.2</ele></trkpt>
      <trkpt lat="49.165475" lon="20.148402"><ele>1888.8</ele></trkpt>
      <trkpt lat="49.165469" lon="20.148443"><ele>1888.6</ele></trkpt>
      <trkpt lat="49.165469" lon="20.148491"><ele>1888.2</ele></trkpt>
      <trkpt lat="49.165466" lon="20.148518"><ele>1888.0</ele></trkpt>
      <trkpt lat="49.165466" lon="20.148555"><ele>1887.6</ele></trkpt>
      <trkpt lat="49.165459" lon="20.148605"><ele>1887.4</ele></trkpt>
      <trkpt lat="49.165450" lon="20.148659"><ele>1887.0</ele></trkpt>
      <trkpt lat="49.165440" lon="20.148685"><ele>1886.8</ele></trkpt>
      <trkpt lat="49.165427" lon="20.148725"><ele>1886.6</ele></trkpt>
      <trkpt lat="49.165424" lon="20.148768"><ele>1886.4</ele></trkpt>
      <trkpt lat="49.165421" lon="20.148810"><ele>1886.2</ele></trkpt>
      <trkpt lat="49.165421" lon="20.148850"><ele>1886.0</ele></trkpt>
      <trkpt lat="49.165424" lon="20.148891"><ele>1885.8</ele></trkpt>
      <trkpt lat="49.165427" lon="20.148933"><ele>1885.6</ele></trkpt>
      <trkpt lat="49.165430" lon="20.148978"><ele>1885.4</ele></trkpt>
      <trkpt lat="49.165427" lon="20.149022"><ele>1885.2</ele></trkpt>
      <trkpt lat="49.165421" lon="20.149056"><ele>1885.0</ele></trkpt>
      <trkpt lat="49.165414" lon="20.149090"><ele>1884.8</ele></trkpt>
      <trkpt lat="49.165402" lon="20.149125"><ele>1884.6</ele></trkpt>
      <trkpt lat="49.165408" lon="20.149165"><ele>1884.6</ele></trkpt>
      <trkpt lat="49.165421" lon="20.149190"><ele>1884.4</ele></trkpt>
      <trkpt lat="49.165427" lon="20.149218"><ele>1884.2</ele></trkpt>
      <trkpt lat="49.165437" lon="20.149246"><ele>1884.0</ele></trkpt>
      <trkpt lat="49.165421" lon="20.149294"><ele>1883.2</ele></trkpt>
      <trkpt lat="49.165398" lon="20.149323"><ele>1883.0</ele></trkpt>
      <trkpt lat="49.165379" lon="20.149349"><ele>1883.0</ele></trkpt>
      <trkpt lat="49.165363" lon="20.149373"><ele>1883.0</ele></trkpt>
      <trkpt lat="49.165347" lon="20.149400"><ele>1883.0</ele></trkpt>
      <trkpt lat="49.165338" lon="20.149426"><ele>1883.0</ele></trkpt>
      <trkpt lat="49.165322" lon="20.149450"><ele>1883.2</ele></trkpt>
      <trkpt lat="49.165306" lon="20.149482"><ele>1883.0</ele></trkpt>
      <trkpt lat="49.165290" lon="20.149506"><ele>1882.8</ele></trkpt>
      <trkpt lat="49.165267" lon="20.149523"><ele>1882.6</ele></trkpt>
      <trkpt lat="49.165245" lon="20.149534"><ele>1882.4</ele></trkpt>
      <trkpt lat="49.165226" lon="20.149546"><ele>1882.4</ele></trkpt>
      <trkpt lat="49.165206" lon="20.149562"><ele>1882.2</ele></trkpt>
      <trkpt lat="49.165181" lon="20.149584"><ele>1882.0</ele></trkpt>
      <trkpt lat="49.165149" lon="20.149611"><ele>1881.8</ele></trkpt>
      <trkpt lat="49.165123" lon="20.149629"><ele>1881.4</ele></trkpt>
      <trkpt lat="49.165098" lon="20.149642"><ele>1881.0</ele></trkpt>
      <trkpt lat="49.165066" lon="20.149656"><ele>1880.6</ele></trkpt>
      <trkpt lat="49.165027" lon="20.149664"><ele>1880.4</ele></trkpt>
      <trkpt lat="49.165005" lon="20.149667"><ele>1879.4</ele></trkpt>
      <trkpt lat="49.164982" lon="20.149662"><ele>1878.8</ele></trkpt>
      <trkpt lat="49.164960" lon="20.149651"><ele>1878.4</ele></trkpt>
      <trkpt lat="49.164941" lon="20.149645"><ele>1878.0</ele></trkpt>
      <trkpt lat="49.164912" lon="20.149666"><ele>1877.2</ele></trkpt>
      <trkpt lat="49.164893" lon="20.149694"><ele>1876.8</ele></trkpt>
      <trkpt lat="49.164864" lon="20.149722"><ele>1876.6</ele></trkpt>
      <trkpt lat="49.164832" lon="20.149731"><ele>1876.4</ele></trkpt>
      <trkpt lat="49.164810" lon="20.149725"><ele>1876.2</ele></trkpt>
      <trkpt lat="49.164787" lon="20.149712"><ele>1876.0</ele></trkpt>
      <trkpt lat="49.164768" lon="20.149706"><ele>1875.8</ele></trkpt>
      <trkpt lat="49.164739" lon="20.149723"><ele>1875.2</ele></trkpt>
      <trkpt lat="49.164714" lon="20.149757"><ele>1874.6</ele></trkpt>
      <trkpt lat="49.164688" lon="20.149774"><ele>1873.6</ele></trkpt>
      <trkpt lat="49.164666" lon="20.149794"><ele>1872.4</ele></trkpt>
      <trkpt lat="49.164650" lon="20.149811"><ele>1872.0</ele></trkpt>
      <trkpt lat="49.164624" lon="20.149846"><ele>1870.6</ele></trkpt>
      <trkpt lat="49.164595" lon="20.149866"><ele>1869.6</ele></trkpt>
      <trkpt lat="49.164576" lon="20.149870"><ele>1869.0</ele></trkpt>
      <trkpt lat="49.164550" lon="20.149869"><ele>1868.6</ele></trkpt>
      <trkpt lat="49.164531" lon="20.149859"><ele>1867.8</ele></trkpt>
      <trkpt lat="49.164506" lon="20.149843"><ele>1866.6</ele></trkpt>
      <trkpt lat="49.164486" lon="20.149832"><ele>1866.2</ele></trkpt>
      <trkpt lat="49.164467" lon="20.149824"><ele>1865.6</ele></trkpt>
      <trkpt lat="49.164435" lon="20.149827"><ele>1865.2</ele></trkpt>
      <trkpt lat="49.164413" lon="20.149826"><ele>1864.8</ele></trkpt>
      <trkpt lat="49.164387" lon="20.149851"><ele>1864.0</ele></trkpt>
      <trkpt lat="49.164371" lon="20.149864"><ele>1863.6</ele></trkpt>
      <trkpt lat="49.164352" lon="20.149890"><ele>1863.2</ele></trkpt>
      <trkpt lat="49.164336" lon="20.149912"><ele>1862.8</ele></trkpt>
      <trkpt lat="49.164323" lon="20.149939"><ele>1862.4</ele></trkpt>
      <trkpt lat="49.164310" lon="20.149970"><ele>1862.2</ele></trkpt>
      <trkpt lat="49.164304" lon="20.150005"><ele>1861.8</ele></trkpt>
      <trkpt lat="49.164291" lon="20.150040"><ele>1861.2</ele></trkpt>
      <trkpt lat="49.164278" lon="20.150074"><ele>1860.6</ele></trkpt>
      <trkpt lat="49.164278" lon="20.150107"><ele>1860.0</ele></trkpt>
      <trkpt lat="49.164278" lon="20.150138"><ele>1859.6</ele></trkpt>
      <trkpt lat="49.164269" lon="20.150163"><ele>1859.2</ele></trkpt>
      <trkpt lat="49.164253" lon="20.150192"><ele>1858.6</ele></trkpt>
      <trkpt lat="49.164237" lon="20.150218"><ele>1858.0</ele></trkpt>
      <trkpt lat="49.164218" lon="20.150243"><ele>1857.6</ele></trkpt>
      <trkpt lat="49.164208" lon="20.150286"><ele>1856.4</ele></trkpt>
      <trkpt lat="49.164205" lon="20.150314"><ele>1856.0</ele></trkpt>
      <trkpt lat="49.164198" lon="20.150342"><ele>1855.8</ele></trkpt>
      <trkpt lat="49.164205" lon="20.150387"><ele>1854.8</ele></trkpt>
      <trkpt lat="49.164198" lon="20.150421"><ele>1854.2</ele></trkpt>
      <trkpt lat="49.164189" lon="20.150469"><ele>1853.2</ele></trkpt>
      <trkpt lat="49.164179" lon="20.150498"><ele>1851.8</ele></trkpt>
      <trkpt lat="49.164173" lon="20.150538"><ele>1850.4</ele></trkpt>
      <trkpt lat="49.164154" lon="20.150568"><ele>1850.0</ele></trkpt>
      <trkpt lat="49.164134" lon="20.150590"><ele>1849.6</ele></trkpt>
      <trkpt lat="49.164118" lon="20.150629"><ele>1849.0</ele></trkpt>
      <trkpt lat="49.164118" lon="20.150678"><ele>1848.0</ele></trkpt>
      <trkpt lat="49.164134" lon="20.150717"><ele>1846.8</ele></trkpt>
      <trkpt lat="49.164138" lon="20.150744"><ele>1846.2</ele></trkpt>
      <trkpt lat="49.164138" lon="20.150773"><ele>1845.6</ele></trkpt>
      <trkpt lat="49.164128" lon="20.150805"><ele>1845.2</ele></trkpt>
      <trkpt lat="49.164125" lon="20.150834"><ele>1844.8</ele></trkpt>
      <trkpt lat="49.164125" lon="20.150862"><ele>1844.0</ele></trkpt>
      <trkpt lat="49.164125" lon="20.150894"><ele>1843.4</ele></trkpt>
      <trkpt lat="49.164138" lon="20.150923"><ele>1842.8</ele></trkpt>
      <trkpt lat="49.164157" lon="20.150947"><ele>1842.2</ele></trkpt>
      <trkpt lat="49.164173" lon="20.150966"><ele>1841.6</ele></trkpt>
      <trkpt lat="49.164186" lon="20.150987"><ele>1841.0</ele></trkpt>
      <trkpt lat="49.164192" lon="20.151038"><ele>1839.8</ele></trkpt>
      <trkpt lat="49.164189" lon="20.151070"><ele>1839.4</ele></trkpt>
      <trkpt lat="49.164186" lon="20.151123"><ele>1838.4</ele></trkpt>
      <trkpt lat="49.164179" lon="20.151176"><ele>1837.6</ele></trkpt>
      <trkpt lat="49.164173" lon="20.151206"><ele>1837.0</ele></trkpt>
      <trkpt lat="49.164170" lon="20.151240"><ele>1836.4</ele></trkpt>
      <trkpt lat="49.164157" lon="20.151264"><ele>1835.8</ele></trkpt>
      <trkpt lat="49.164147" lon="20.151293"><ele>1835.4</ele></trkpt>
      <trkpt lat="49.164134" lon="20.151325"><ele>1834.8</ele></trkpt>
      <trkpt lat="49.164125" lon="20.151358"><ele>1834.2</ele></trkpt>
      <trkpt lat="49.164109" lon="20.151392"><ele>1833.6</ele></trkpt>
      <trkpt lat="49.164096" lon="20.151421"><ele>1833.0</ele></trkpt>
      <trkpt lat="49.164086" lon="20.151453"><ele>1832.2</ele></trkpt>
      <trkpt lat="49.164086" lon="20.151490"><ele>1831.4</ele></trkpt>
      <trkpt lat="49.164086" lon="20.151525"><ele>1830.6</ele></trkpt>
      <trkpt lat="49.164086" lon="20.151560"><ele>1829.6</ele></trkpt>
      <trkpt lat="49.164090" lon="20.151600"><ele>1829.0</ele></trkpt>
      <trkpt lat="49.164090" lon="20.151638"><ele>1828.4</ele></trkpt>
      <trkpt lat="49.164086" lon="20.151669"><ele>1828.0</ele></trkpt>
      <trkpt lat="49.164077" lon="20.151699"><ele>1827.4</ele></trkpt>
      <trkpt lat="49.164070" lon="20.151728"><ele>1827.0</ele></trkpt>
      <trkpt lat="49.164058" lon="20.151754"><ele>1826.8</ele></trkpt>
      <trkpt lat="49.164054" lon="20.151787"><ele>1826.6</ele></trkpt>
      <trkpt lat="49.164029" lon="20.151827"><ele>1826.4</ele></trkpt>
      <trkpt lat="49.164006" lon="20.151837"><ele>1825.6</ele></trkpt>
      <trkpt lat="49.163978" lon="20.151861"><ele>1824.2</ele></trkpt>
      <trkpt lat="49.163971" lon="20.151888"><ele>1823.4</ele></trkpt>
      <trkpt lat="49.163968" lon="20.151925"><ele>1822.8</ele></trkpt>
      <trkpt lat="49.163968" lon="20.151968"><ele>1822.0</ele></trkpt>
      <trkpt lat="49.163958" lon="20.152019"><ele>1821.2</ele></trkpt>
      <trkpt lat="49.163936" lon="20.152064"><ele>1820.4</ele></trkpt>
      <trkpt lat="49.163920" lon="20.152101"><ele>1819.8</ele></trkpt>
      <trkpt lat="49.163910" lon="20.152139"><ele>1819.6</ele></trkpt>
      <trkpt lat="49.163898" lon="20.152176"><ele>1819.2</ele></trkpt>
      <trkpt lat="49.163888" lon="20.152206"><ele>1819.2</ele></trkpt>
      <trkpt lat="49.163875" lon="20.152243"><ele>1819.0</ele></trkpt>
      <trkpt lat="49.163856" lon="20.152274"><ele>1819.0</ele></trkpt>
      <trkpt lat="49.163830" lon="20.152294"><ele>1819.0</ele></trkpt>
      <trkpt lat="49.163802" lon="20.152315"><ele>1818.8</ele></trkpt>
      <trkpt lat="49.163779" lon="20.152334"><ele>1818.8</ele></trkpt>
      <trkpt lat="49.163757" lon="20.152358"><ele>1819.0</ele></trkpt>
      <trkpt lat="49.163734" lon="20.152389"><ele>1819.0</ele></trkpt>
      <trkpt lat="49.163712" lon="20.152427"><ele>1819.0</ele></trkpt>
      <trkpt lat="49.163696" lon="20.152464"><ele>1819.0</ele></trkpt>
      <trkpt lat="49.163677" lon="20.152498"><ele>1819.2</ele></trkpt>
      <trkpt lat="49.163658" lon="20.152533"><ele>1819.4</ele></trkpt>
      <trkpt lat="49.163648" lon="20.152571"><ele>1819.4</ele></trkpt>
      <trkpt lat="49.163632" lon="20.152602"><ele>1819.6</ele></trkpt>
      <trkpt lat="49.163613" lon="20.152637"><ele>1819.6</ele></trkpt>
      <trkpt lat="49.163597" lon="20.152667"><ele>1819.6</ele></trkpt>
      <trkpt lat="49.163581" lon="20.152704"><ele>1819.4</ele></trkpt>
      <trkpt lat="49.163571" lon="20.152749"><ele>1819.4</ele></trkpt>
      <trkpt lat="49.163558" lon="20.152784"><ele>1819.2</ele></trkpt>
      <trkpt lat="49.163555" lon="20.152822"><ele>1819.2</ele></trkpt>
      <trkpt lat="49.163549" lon="20.152861"><ele>1819.0</ele></trkpt>
      <trkpt lat="49.163536" lon="20.152890"><ele>1818.6</ele></trkpt>
      <trkpt lat="49.163523" lon="20.152918"><ele>1818.2</ele></trkpt>
      <trkpt lat="49.163517" lon="20.152954"><ele>1818.0</ele></trkpt>
      <trkpt lat="49.163510" lon="20.152989"><ele>1818.0</ele></trkpt>
      <trkpt lat="49.163501" lon="20.153019"><ele>1817.8</ele></trkpt>
      <trkpt lat="49.163494" lon="20.153051"><ele>1817.8</ele></trkpt>
      <trkpt lat="49.163491" lon="20.153088"><ele>1817.6</ele></trkpt>
      <trkpt lat="49.163482" lon="20.153126"><ele>1817.2</ele></trkpt>
      <trkpt lat="49.163469" lon="20.153162"><ele>1817.0</ele></trkpt>
      <trkpt lat="49.163450" lon="20.153190"><ele>1816.4</ele></trkpt>
      <trkpt lat="49.163424" lon="20.153219"><ele>1815.8</ele></trkpt>
      <trkpt lat="49.163411" lon="20.153246"><ele>1815.4</ele></trkpt>
      <trkpt lat="49.163382" lon="20.153272"><ele>1815.0</ele></trkpt>
      <trkpt lat="49.163357" lon="20.153302"><ele>1814.4</ele></trkpt>
      <trkpt lat="49.163331" lon="20.153326"><ele>1813.8</ele></trkpt>
      <trkpt lat="49.163302" lon="20.153346"><ele>1813.2</ele></trkpt>
      <trkpt lat="49.163277" lon="20.153362"><ele>1812.8</ele></trkpt>
      <trkpt lat="49.163251" lon="20.153387"><ele>1812.4</ele></trkpt>
      <trkpt lat="49.163222" lon="20.153408"><ele>1811.8</ele></trkpt>
      <trkpt lat="49.163197" lon="20.153426"><ele>1811.2</ele></trkpt>
      <trkpt lat="49.163171" lon="20.153442"><ele>1810.8</ele></trkpt>
      <trkpt lat="49.163142" lon="20.153459"><ele>1810.2</ele></trkpt>
      <trkpt lat="49.163120" lon="20.153478"><ele>1809.8</ele></trkpt>
      <trkpt lat="49.163094" lon="20.153499"><ele>1809.4</ele></trkpt>
      <trkpt lat="49.163066" lon="20.153526"><ele>1808.8</ele></trkpt>
      <trkpt lat="49.163040" lon="20.153550"><ele>1808.2</ele></trkpt>
      <trkpt lat="49.163014" lon="20.153566"><ele>1807.8</ele></trkpt>
      <trkpt lat="49.162982" lon="20.153590"><ele>1807.4</ele></trkpt>
      <trkpt lat="49.162957" lon="20.153613"><ele>1807.0</ele></trkpt>
      <trkpt lat="49.162925" lon="20.153627"><ele>1806.6</ele></trkpt>
      <trkpt lat="49.162899" lon="20.153643"><ele>1806.2</ele></trkpt>
      <trkpt lat="49.162877" lon="20.153656"><ele>1806.0</ele></trkpt>
      <trkpt lat="49.162848" lon="20.153672"><ele>1805.8</ele></trkpt>
      <trkpt lat="49.162826" lon="20.153685"><ele>1805.8</ele></trkpt>
      <trkpt lat="49.162803" lon="20.153702"><ele>1805.6</ele></trkpt>
      <trkpt lat="49.162781" lon="20.153718"><ele>1805.6</ele></trkpt>
      <trkpt lat="49.162758" lon="20.153734"><ele>1805.6</ele></trkpt>
      <trkpt lat="49.162736" lon="20.153749"><ele>1805.6</ele></trkpt>
      <trkpt lat="49.162720" lon="20.153762"><ele>1805.4</ele></trkpt>
      <trkpt lat="49.162704" lon="20.153774"><ele>1805.4</ele></trkpt>
      <trkpt lat="49.162688" lon="20.153792"><ele>1805.2</ele></trkpt>
      <trkpt lat="49.162669" lon="20.153774"><ele>1804.2</ele></trkpt>
      <trkpt lat="49.162659" lon="20.153803"><ele>1804.4</ele></trkpt>
      <trkpt lat="49.162640" lon="20.153816"><ele>1804.6</ele></trkpt>
      <trkpt lat="49.162627" lon="20.153837"><ele>1804.8</ele></trkpt>
      <trkpt lat="49.162605" lon="20.153867"><ele>1804.8</ele></trkpt>
      <trkpt lat="49.162579" lon="20.153882"><ele>1804.6</ele></trkpt>
      <trkpt lat="49.162557" lon="20.153898"><ele>1804.6</ele></trkpt>
      <trkpt lat="49.162538" lon="20.153910"><ele>1804.6</ele></trkpt>
      <trkpt lat="49.162515" lon="20.153928"><ele>1804.6</ele></trkpt>
      <trkpt lat="49.162483" lon="20.153960"><ele>1804.4</ele></trkpt>
      <trkpt lat="49.162464" lon="20.153976"><ele>1804.4</ele></trkpt>
      <trkpt lat="49.162429" lon="20.154000"><ele>1804.2</ele></trkpt>
      <trkpt lat="49.162410" lon="20.154013"><ele>1804.0</ele></trkpt>
      <trkpt lat="49.162384" lon="20.154034"><ele>1803.8</ele></trkpt>
      <trkpt lat="49.162362" lon="20.154046"><ele>1803.6</ele></trkpt>
      <trkpt lat="49.162339" lon="20.154054"><ele>1803.6</ele></trkpt>
      <trkpt lat="49.162317" lon="20.154070"><ele>1803.6</ele></trkpt>
      <trkpt lat="49.162278" lon="20.154099"><ele>1803.6</ele></trkpt>
      <trkpt lat="49.162259" lon="20.154110"><ele>1803.6</ele></trkpt>
      <trkpt lat="49.162230" lon="20.154123"><ele>1803.8</ele></trkpt>
      <trkpt lat="49.162211" lon="20.154131"><ele>1803.8</ele></trkpt>
      <trkpt lat="49.162189" lon="20.154144"><ele>1803.8</ele></trkpt>
      <trkpt lat="49.162166" lon="20.154174"><ele>1803.6</ele></trkpt>
      <trkpt lat="49.162150" lon="20.154200"><ele>1803.6</ele></trkpt>
      <trkpt lat="49.162138" lon="20.154226"><ele>1803.4</ele></trkpt>
      <trkpt lat="49.162118" lon="20.154253"><ele>1803.2</ele></trkpt>
      <trkpt lat="49.162099" lon="20.154275"><ele>1803.0</ele></trkpt>
      <trkpt lat="49.162080" lon="20.154291"><ele>1803.0</ele></trkpt>
      <trkpt lat="49.162061" lon="20.154304"><ele>1803.0</ele></trkpt>
      <trkpt lat="49.162042" lon="20.154320"><ele>1803.0</ele></trkpt>
      <trkpt lat="49.162022" lon="20.154334"><ele>1802.8</ele></trkpt>
      <trkpt lat="49.162006" lon="20.154347"><ele>1802.8</ele></trkpt>
      <trkpt lat="49.161984" lon="20.154354"><ele>1802.6</ele></trkpt>
      <trkpt lat="49.161965" lon="20.154357"><ele>1802.4</ele></trkpt>
      <trkpt lat="49.161952" lon="20.154381"><ele>1801.8</ele></trkpt>
      <trkpt lat="49.161939" lon="20.154405"><ele>1801.2</ele></trkpt>
      <trkpt lat="49.161910" lon="20.154422"><ele>1800.6</ele></trkpt>
      <trkpt lat="49.161888" lon="20.154443"><ele>1800.0</ele></trkpt>
      <trkpt lat="49.161869" lon="20.154459"><ele>1799.8</ele></trkpt>
      <trkpt lat="49.161850" lon="20.154470"><ele>1799.6</ele></trkpt>
      <trkpt lat="49.161830" lon="20.154483"><ele>1799.4</ele></trkpt>
      <trkpt lat="49.161811" lon="20.154498"><ele>1799.4</ele></trkpt>
      <trkpt lat="49.161792" lon="20.154517"><ele>1799.0</ele></trkpt>
      <trkpt lat="49.161776" lon="20.154538"><ele>1798.8</ele></trkpt>
      <trkpt lat="49.161760" lon="20.154586"><ele>1798.4</ele></trkpt>
      <trkpt lat="49.161747" lon="20.154610"><ele>1798.2</ele></trkpt>
      <trkpt lat="49.161741" lon="20.154640"><ele>1798.0</ele></trkpt>
      <trkpt lat="49.161725" lon="20.154661"><ele>1797.6</ele></trkpt>
      <trkpt lat="49.161706" lon="20.154677"><ele>1797.4</ele></trkpt>
      <trkpt lat="49.161683" lon="20.154690"><ele>1797.2</ele></trkpt>
      <trkpt lat="49.161661" lon="20.154710"><ele>1796.8</ele></trkpt>
      <trkpt lat="49.161642" lon="20.154731"><ele>1796.2</ele></trkpt>
      <trkpt lat="49.161629" lon="20.154757"><ele>1795.6</ele></trkpt>
      <trkpt lat="49.161622" lon="20.154790"><ele>1795.0</ele></trkpt>
      <trkpt lat="49.161613" lon="20.154824"><ele>1794.4</ele></trkpt>
      <trkpt lat="49.161606" lon="20.154854"><ele>1794.0</ele></trkpt>
      <trkpt lat="49.161590" lon="20.154878"><ele>1793.6</ele></trkpt>
      <trkpt lat="49.161574" lon="20.154896"><ele>1793.2</ele></trkpt>
      <trkpt lat="49.161536" lon="20.154917"><ele>1793.2</ele></trkpt>
      <trkpt lat="49.161510" lon="20.154938"><ele>1792.6</ele></trkpt>
      <trkpt lat="49.161488" lon="20.154925"><ele>1791.8</ele></trkpt>
      <trkpt lat="49.161485" lon="20.154896"><ele>1791.4</ele></trkpt>
      <trkpt lat="49.161475" lon="20.154870"><ele>1791.0</ele></trkpt>
      <trkpt lat="49.161453" lon="20.154866"><ele>1789.8</ele></trkpt>
      <trkpt lat="49.161430" lon="20.154885"><ele>1789.0</ele></trkpt>
      <trkpt lat="49.161405" lon="20.154917"><ele>1788.0</ele></trkpt>
      <trkpt lat="49.161386" lon="20.154933"><ele>1787.6</ele></trkpt>
      <trkpt lat="49.161366" lon="20.154976"><ele>1786.4</ele></trkpt>
      <trkpt lat="49.161366" lon="20.155006"><ele>1786.0</ele></trkpt>
      <trkpt lat="49.161363" lon="20.155038"><ele>1785.4</ele></trkpt>
      <trkpt lat="49.161357" lon="20.155072"><ele>1785.2</ele></trkpt>
      <trkpt lat="49.161354" lon="20.155106"><ele>1784.8</ele></trkpt>
      <trkpt lat="49.161347" lon="20.155138"><ele>1784.6</ele></trkpt>
      <trkpt lat="49.161344" lon="20.155171"><ele>1784.2</ele></trkpt>
      <trkpt lat="49.161334" lon="20.155202"><ele>1784.0</ele></trkpt>
      <trkpt lat="49.161328" lon="20.155232"><ele>1783.6</ele></trkpt>
      <trkpt lat="49.161325" lon="20.155261"><ele>1783.4</ele></trkpt>
      <trkpt lat="49.161312" lon="20.155291"><ele>1783.0</ele></trkpt>
      <trkpt lat="49.161296" lon="20.155314"><ele>1782.8</ele></trkpt>
      <trkpt lat="49.161280" lon="20.155338"><ele>1782.6</ele></trkpt>
      <trkpt lat="49.161264" lon="20.155362"><ele>1782.2</ele></trkpt>
      <trkpt lat="49.161245" lon="20.155386"><ele>1782.0</ele></trkpt>
      <trkpt lat="49.161229" lon="20.155416"><ele>1781.6</ele></trkpt>
      <trkpt lat="49.161213" lon="20.155446"><ele>1781.2</ele></trkpt>
      <trkpt lat="49.161197" lon="20.155482"><ele>1781.0</ele></trkpt>
      <trkpt lat="49.161190" lon="20.155533"><ele>1780.2</ele></trkpt>
      <trkpt lat="49.161168" lon="20.155558"><ele>1779.4</ele></trkpt>
      <trkpt lat="49.161133" lon="20.155536"><ele>1779.2</ele></trkpt>
      <trkpt lat="49.161120" lon="20.155514"><ele>1778.2</ele></trkpt>
      <trkpt lat="49.161101" lon="20.155466"><ele>1777.6</ele></trkpt>
      <trkpt lat="49.161098" lon="20.155418"><ele>1776.0</ele></trkpt>
      <trkpt lat="49.161088" lon="20.155363"><ele>1775.2</ele></trkpt>
      <trkpt lat="49.161085" lon="20.155331"><ele>1773.8</ele></trkpt>
      <trkpt lat="49.161066" lon="20.155286"><ele>1772.8</ele></trkpt>
      <trkpt lat="49.161056" lon="20.155253"><ele>1772.4</ele></trkpt>
      <trkpt lat="49.161053" lon="20.155222"><ele>1771.8</ele></trkpt>
      <trkpt lat="49.161056" lon="20.155194"><ele>1771.0</ele></trkpt>
      <trkpt lat="49.161056" lon="20.155163"><ele>1770.2</ele></trkpt>
      <trkpt lat="49.161056" lon="20.155134"><ele>1769.6</ele></trkpt>
      <trkpt lat="49.161053" lon="20.155107"><ele>1769.2</ele></trkpt>
      <trkpt lat="49.161056" lon="20.155080"><ele>1768.2</ele></trkpt>
      <trkpt lat="49.161046" lon="20.155117"><ele>1767.2</ele></trkpt>
      <trkpt lat="49.161030" lon="20.155134"><ele>1766.2</ele></trkpt>
      <trkpt lat="49.161011" lon="20.155144"><ele>1765.4</ele></trkpt>
      <trkpt lat="49.160992" lon="20.155165"><ele>1764.4</ele></trkpt>
      <trkpt lat="49.160973" lon="20.155202"><ele>1763.6</ele></trkpt>
      <trkpt lat="49.160954" lon="20.155213"><ele>1763.2</ele></trkpt>
      <trkpt lat="49.160928" lon="20.155226"><ele>1762.4</ele></trkpt>
      <trkpt lat="49.160912" lon="20.155206"><ele>1761.0</ele></trkpt>
      <trkpt lat="49.160899" lon="20.155186"><ele>1759.6</ele></trkpt>
      <trkpt lat="49.160880" lon="20.155194"><ele>1758.6</ele></trkpt>
      <trkpt lat="49.160867" lon="20.155214"><ele>1757.4</ele></trkpt>
      <trkpt lat="49.160861" lon="20.155242"><ele>1756.4</ele></trkpt>
      <trkpt lat="49.160848" lon="20.155278"><ele>1755.6</ele></trkpt>
      <trkpt lat="49.160851" lon="20.155306"><ele>1755.2</ele></trkpt>
      <trkpt lat="49.160848" lon="20.155338"><ele>1754.8</ele></trkpt>
      <trkpt lat="49.160848" lon="20.155370"><ele>1754.4</ele></trkpt>
      <trkpt lat="49.160854" lon="20.155414"><ele>1753.8</ele></trkpt>
      <trkpt lat="49.160851" lon="20.155459"><ele>1753.2</ele></trkpt>
      <trkpt lat="49.160848" lon="20.155494"><ele>1752.8</ele></trkpt>
      <trkpt lat="49.160848" lon="20.155526"><ele>1752.0</ele></trkpt>
      <trkpt lat="49.160835" lon="20.155554"><ele>1751.4</ele></trkpt>
      <trkpt lat="49.160822" lon="20.155582"><ele>1750.8</ele></trkpt>
      <trkpt lat="49.160819" lon="20.155616"><ele>1749.8</ele></trkpt>
      <trkpt lat="49.160813" lon="20.155661"><ele>1749.0</ele></trkpt>
      <trkpt lat="49.160816" lon="20.155693"><ele>1748.6</ele></trkpt>
      <trkpt lat="49.160819" lon="20.155734"><ele>1748.2</ele></trkpt>
      <trkpt lat="49.160822" lon="20.155784"><ele>1747.8</ele></trkpt>
      <trkpt lat="49.160838" lon="20.155832"><ele>1747.6</ele></trkpt>
      <trkpt lat="49.160851" lon="20.155858"><ele>1747.4</ele></trkpt>
      <trkpt lat="49.160858" lon="20.155888"><ele>1747.2</ele></trkpt>
      <trkpt lat="49.160874" lon="20.155909"><ele>1747.0</ele></trkpt>
      <trkpt lat="49.160902" lon="20.155926"><ele>1746.8</ele></trkpt>
      <trkpt lat="49.160918" lon="20.155939"><ele>1746.6</ele></trkpt>
      <trkpt lat="49.160947" lon="20.155966"><ele>1746.2</ele></trkpt>
      <trkpt lat="49.160966" lon="20.155997"><ele>1745.6</ele></trkpt>
      <trkpt lat="49.160986" lon="20.156010"><ele>1745.0</ele></trkpt>
      <trkpt lat="49.160979" lon="20.156037"><ele>1744.2</ele></trkpt>
      <trkpt lat="49.160992" lon="20.156070"><ele>1743.2</ele></trkpt>
      <trkpt lat="49.160995" lon="20.156112"><ele>1742.2</ele></trkpt>
      <trkpt lat="49.160973" lon="20.156168"><ele>1742.0</ele></trkpt>
      <trkpt lat="49.160957" lon="20.156192"><ele>1741.4</ele></trkpt>
      <trkpt lat="49.160928" lon="20.156200"><ele>1740.8</ele></trkpt>
      <trkpt lat="49.160899" lon="20.156227"><ele>1739.8</ele></trkpt>
      <trkpt lat="49.160880" lon="20.156254"><ele>1739.2</ele></trkpt>
      <trkpt lat="49.160861" lon="20.156306"><ele>1738.8</ele></trkpt>
      <trkpt lat="49.160854" lon="20.156336"><ele>1737.8</ele></trkpt>
      <trkpt lat="49.160848" lon="20.156363"><ele>1737.4</ele></trkpt>
      <trkpt lat="49.160838" lon="20.156389"><ele>1737.2</ele></trkpt>
      <trkpt lat="49.160832" lon="20.156419"><ele>1736.6</ele></trkpt>
      <trkpt lat="49.160822" lon="20.156445"><ele>1736.2</ele></trkpt>
      <trkpt lat="49.160819" lon="20.156477"><ele>1735.6</ele></trkpt>
      <trkpt lat="49.160800" lon="20.156533"><ele>1735.0</ele></trkpt>
      <trkpt lat="49.160794" lon="20.156565"><ele>1733.0</ele></trkpt>
      <trkpt lat="49.160781" lon="20.156613"><ele>1731.4</ele></trkpt>
      <trkpt lat="49.160771" lon="20.156658"><ele>1729.8</ele></trkpt>
      <trkpt lat="49.160758" lon="20.156706"><ele>1728.4</ele></trkpt>
      <trkpt lat="49.160752" lon="20.156747"><ele>1726.6</ele></trkpt>
      <trkpt lat="49.160742" lon="20.156778"><ele>1726.0</ele></trkpt>
      <trkpt lat="49.160730" lon="20.156806"><ele>1725.2</ele></trkpt>
      <trkpt lat="49.160714" lon="20.156840"><ele>1724.6</ele></trkpt>
      <trkpt lat="49.160701" lon="20.156877"><ele>1723.0</ele></trkpt>
      <trkpt lat="49.160694" lon="20.156917"><ele>1721.6</ele></trkpt>
      <trkpt lat="49.160682" lon="20.156955"><ele>1721.2</ele></trkpt>
      <trkpt lat="49.160669" lon="20.156989"><ele>1720.6</ele></trkpt>
      <trkpt lat="49.160650" lon="20.157022"><ele>1720.2</ele></trkpt>
      <trkpt lat="49.160634" lon="20.157054"><ele>1719.6</ele></trkpt>
      <trkpt lat="49.160621" lon="20.157085"><ele>1719.2</ele></trkpt>
      <trkpt lat="49.160602" lon="20.157115"><ele>1718.8</ele></trkpt>
      <trkpt lat="49.160589" lon="20.157162"><ele>1718.2</ele></trkpt>
      <trkpt lat="49.160573" lon="20.157194"><ele>1718.2</ele></trkpt>
      <trkpt lat="49.160563" lon="20.157222"><ele>1718.0</ele></trkpt>
      <trkpt lat="49.160560" lon="20.157254"><ele>1717.8</ele></trkpt>
      <trkpt lat="49.160541" lon="20.157277"><ele>1717.6</ele></trkpt>
      <trkpt lat="49.160518" lon="20.157298"><ele>1717.4</ele></trkpt>
      <trkpt lat="49.160499" lon="20.157299"><ele>1717.4</ele></trkpt>
      <trkpt lat="49.160477" lon="20.157293"><ele>1716.8</ele></trkpt>
      <trkpt lat="49.160442" lon="20.157288"><ele>1716.0</ele></trkpt>
      <trkpt lat="49.160416" lon="20.157277"><ele>1715.2</ele></trkpt>
      <trkpt lat="49.160397" lon="20.157290"><ele>1714.8</ele></trkpt>
      <trkpt lat="49.160378" lon="20.157293"><ele>1713.8</ele></trkpt>
      <trkpt lat="49.160358" lon="20.157280"><ele>1712.4</ele></trkpt>
      <trkpt lat="49.160333" lon="20.157272"><ele>1711.4</ele></trkpt>
      <trkpt lat="49.160298" lon="20.157286"><ele>1711.0</ele></trkpt>
      <trkpt lat="49.160275" lon="20.157290"><ele>1710.0</ele></trkpt>
      <trkpt lat="49.160253" lon="20.157291"><ele>1709.4</ele></trkpt>
      <trkpt lat="49.160234" lon="20.157299"><ele>1708.8</ele></trkpt>
      <trkpt lat="49.160214" lon="20.157309"><ele>1708.4</ele></trkpt>
      <trkpt lat="49.160195" lon="20.157320"><ele>1707.8</ele></trkpt>
      <trkpt lat="49.160166" lon="20.157330"><ele>1706.8</ele></trkpt>
      <trkpt lat="49.160141" lon="20.157346"><ele>1705.8</ele></trkpt>
      <trkpt lat="49.160106" lon="20.157362"><ele>1705.4</ele></trkpt>
      <trkpt lat="49.160083" lon="20.157376"><ele>1704.6</ele></trkpt>
      <trkpt lat="49.160045" lon="20.157398"><ele>1704.0</ele></trkpt>
      <trkpt lat="49.160022" lon="20.157410"><ele>1703.0</ele></trkpt>
      <trkpt lat="49.160000" lon="20.157419"><ele>1702.6</ele></trkpt>
      <trkpt lat="49.159974" lon="20.157430"><ele>1702.2</ele></trkpt>
      <trkpt lat="49.159942" lon="20.157445"><ele>1701.6</ele></trkpt>
      <trkpt lat="49.159917" lon="20.157453"><ele>1701.0</ele></trkpt>
      <trkpt lat="49.159894" lon="20.157467"><ele>1700.6</ele></trkpt>
      <trkpt lat="49.159869" lon="20.157477"><ele>1700.0</ele></trkpt>
      <trkpt lat="49.159846" lon="20.157482"><ele>1699.6</ele></trkpt>
      <trkpt lat="49.159827" lon="20.157486"><ele>1699.2</ele></trkpt>
      <trkpt lat="49.159802" lon="20.157485"><ele>1698.8</ele></trkpt>
      <trkpt lat="49.159776" lon="20.157456"><ele>1697.8</ele></trkpt>
      <trkpt lat="49.159744" lon="20.157446"><ele>1697.0</ele></trkpt>
      <trkpt lat="49.159725" lon="20.157416"><ele>1696.4</ele></trkpt>
      <trkpt lat="49.159709" lon="20.157366"><ele>1695.8</ele></trkpt>
      <trkpt lat="49.159702" lon="20.157331"><ele>1694.4</ele></trkpt>
      <trkpt lat="49.159706" lon="20.157288"><ele>1693.8</ele></trkpt>
      <trkpt lat="49.159709" lon="20.157254"><ele>1693.4</ele></trkpt>
      <trkpt lat="49.159718" lon="20.157208"><ele>1692.6</ele></trkpt>
      <trkpt lat="49.159744" lon="20.157173"><ele>1691.8</ele></trkpt>
      <trkpt lat="49.159770" lon="20.157158"><ele>1691.6</ele></trkpt>
      <trkpt lat="49.159795" lon="20.157144"><ele>1691.2</ele></trkpt>
      <trkpt lat="49.159818" lon="20.157122"><ele>1690.8</ele></trkpt>
      <trkpt lat="49.159843" lon="20.157099"><ele>1690.4</ele></trkpt>
      <trkpt lat="49.159859" lon="20.157072"><ele>1689.8</ele></trkpt>
      <trkpt lat="49.159878" lon="20.157038"><ele>1689.6</ele></trkpt>
      <trkpt lat="49.159898" lon="20.157014"><ele>1689.2</ele></trkpt>
      <trkpt lat="49.159914" lon="20.156998"><ele>1689.2</ele></trkpt>
      <trkpt lat="49.159939" lon="20.156966"><ele>1689.0</ele></trkpt>
      <trkpt lat="49.159955" lon="20.156941"><ele>1689.0</ele></trkpt>
      <trkpt lat="49.159965" lon="20.156906"><ele>1688.8</ele></trkpt>
      <trkpt lat="49.159974" lon="20.156872"><ele>1688.8</ele></trkpt>
      <trkpt lat="49.159981" lon="20.156840"><ele>1688.6</ele></trkpt>
      <trkpt lat="49.159987" lon="20.156811"><ele>1688.6</ele></trkpt>
      <trkpt lat="49.159997" lon="20.156784"><ele>1688.4</ele></trkpt>
      <trkpt lat="49.160000" lon="20.156734"><ele>1688.4</ele></trkpt>
      <trkpt lat="49.160003" lon="20.156691"><ele>1687.8</ele></trkpt>
      <trkpt lat="49.159997" lon="20.156651"><ele>1687.4</ele></trkpt>
      <trkpt lat="49.159981" lon="20.156638"><ele>1687.0</ele></trkpt>
      <trkpt lat="49.159962" lon="20.156638"><ele>1686.6</ele></trkpt>
      <trkpt lat="49.159942" lon="20.156642"><ele>1686.0</ele></trkpt>
      <trkpt lat="49.159920" lon="20.156638"><ele>1685.8</ele></trkpt>
      <trkpt lat="49.159901" lon="20.156629"><ele>1685.4</ele></trkpt>
      <trkpt lat="49.159878" lon="20.156627"><ele>1685.0</ele></trkpt>
      <trkpt lat="49.159856" lon="20.156627"><ele>1684.6</ele></trkpt>
      <trkpt lat="49.159837" lon="20.156626"><ele>1684.2</ele></trkpt>
      <trkpt lat="49.159818" lon="20.156627"><ele>1683.6</ele></trkpt>
      <trkpt lat="49.159782" lon="20.156618"><ele>1683.2</ele></trkpt>
      <trkpt lat="49.159760" lon="20.156587"><ele>1681.2</ele></trkpt>
      <trkpt lat="49.159741" lon="20.156584"><ele>1680.6</ele></trkpt>
      <trkpt lat="49.159702" lon="20.156571"><ele>1680.2</ele></trkpt>
      <trkpt lat="49.159683" lon="20.156565"><ele>1679.0</ele></trkpt>
      <trkpt lat="49.159658" lon="20.156554"><ele>1678.6</ele></trkpt>
      <trkpt lat="49.159635" lon="20.156539"><ele>1678.0</ele></trkpt>
      <trkpt lat="49.159597" lon="20.156523"><ele>1677.4</ele></trkpt>
      <trkpt lat="49.159562" lon="20.156502"><ele>1676.4</ele></trkpt>
      <trkpt lat="49.159539" lon="20.156496"><ele>1675.2</ele></trkpt>
      <trkpt lat="49.159517" lon="20.156493"><ele>1674.8</ele></trkpt>
      <trkpt lat="49.159498" lon="20.156477"><ele>1674.2</ele></trkpt>
      <trkpt lat="49.159472" lon="20.156462"><ele>1673.8</ele></trkpt>
      <trkpt lat="49.159446" lon="20.156456"><ele>1672.8</ele></trkpt>
      <trkpt lat="49.159424" lon="20.156464"><ele>1672.4</ele></trkpt>
      <trkpt lat="49.159402" lon="20.156459"><ele>1672.0</ele></trkpt>
      <trkpt lat="49.159382" lon="20.156454"><ele>1671.6</ele></trkpt>
      <trkpt lat="49.159341" lon="20.156454"><ele>1671.2</ele></trkpt>
      <trkpt lat="49.159306" lon="20.156445"><ele>1669.8</ele></trkpt>
      <trkpt lat="49.159286" lon="20.156440"><ele>1669.2</ele></trkpt>
      <trkpt lat="49.159267" lon="20.156440"><ele>1668.8</ele></trkpt>
      <trkpt lat="49.159229" lon="20.156440"><ele>1668.4</ele></trkpt>
      <trkpt lat="49.159210" lon="20.156440"><ele>1667.6</ele></trkpt>
      <trkpt lat="49.159184" lon="20.156445"><ele>1667.2</ele></trkpt>
      <trkpt lat="49.159149" lon="20.156435"><ele>1666.6</ele></trkpt>
      <trkpt lat="49.159126" lon="20.156429"><ele>1666.2</ele></trkpt>
      <trkpt lat="49.159101" lon="20.156410"><ele>1665.8</ele></trkpt>
      <trkpt lat="49.159050" lon="20.156389"><ele>1665.4</ele></trkpt>
      <trkpt lat="49.159030" lon="20.156378"><ele>1664.4</ele></trkpt>
      <trkpt lat="49.159011" lon="20.156373"><ele>1663.8</ele></trkpt>
      <trkpt lat="49.158989" lon="20.156365"><ele>1663.2</ele></trkpt>
      <trkpt lat="49.158970" lon="20.156354"><ele>1662.8</ele></trkpt>
      <trkpt lat="49.158954" lon="20.156339"><ele>1662.4</ele></trkpt>
      <trkpt lat="49.158922" lon="20.156310"><ele>1662.0</ele></trkpt>
      <trkpt lat="49.158902" lon="20.156296"><ele>1661.0</ele></trkpt>
      <trkpt lat="49.158874" lon="20.156291"><ele>1660.4</ele></trkpt>
      <trkpt lat="49.158851" lon="20.156288"><ele>1660.0</ele></trkpt>
      <trkpt lat="49.158826" lon="20.156290"><ele>1659.4</ele></trkpt>
      <trkpt lat="49.158794" lon="20.156298"><ele>1659.0</ele></trkpt>
      <trkpt lat="49.158771" lon="20.156309"><ele>1658.6</ele></trkpt>
      <trkpt lat="49.158749" lon="20.156317"><ele>1658.2</ele></trkpt>
      <trkpt lat="49.158710" lon="20.156326"><ele>1658.0</ele></trkpt>
      <trkpt lat="49.158688" lon="20.156328"><ele>1657.8</ele></trkpt>
      <trkpt lat="49.158666" lon="20.156333"><ele>1657.6</ele></trkpt>
      <trkpt lat="49.158637" lon="20.156326"><ele>1657.8</ele></trkpt>
      <trkpt lat="49.158614" lon="20.156326"><ele>1657.8</ele></trkpt>
      <trkpt lat="49.158589" lon="20.156336"><ele>1658.0</ele></trkpt>
      <trkpt lat="49.158566" lon="20.156339"><ele>1658.0</ele></trkpt>
      <trkpt lat="49.158538" lon="20.156338"><ele>1658.0</ele></trkpt>
      <trkpt lat="49.158518" lon="20.156336"><ele>1657.8</ele></trkpt>
      <trkpt lat="49.158486" lon="20.156338"><ele>1657.8</ele></trkpt>
      <trkpt lat="49.158467" lon="20.156339"><ele>1657.6</ele></trkpt>
      <trkpt lat="49.158445" lon="20.156334"><ele>1657.6</ele></trkpt>
      <trkpt lat="49.158416" lon="20.156323"><ele>1657.6</ele></trkpt>
      <trkpt lat="49.158390" lon="20.156309"><ele>1657.6</ele></trkpt>
      <trkpt lat="49.158368" lon="20.156299"><ele>1657.6</ele></trkpt>
      <trkpt lat="49.158336" lon="20.156294"><ele>1657.4</ele></trkpt>
      <trkpt lat="49.158314" lon="20.156285"><ele>1657.4</ele></trkpt>
      <trkpt lat="49.158291" lon="20.156283"><ele>1657.2</ele></trkpt>
      <trkpt lat="49.158272" lon="20.156283"><ele>1657.0</ele></trkpt>
      <trkpt lat="49.158234" lon="20.156286"><ele>1657.0</ele></trkpt>
      <trkpt lat="49.158211" lon="20.156296"><ele>1656.6</ele></trkpt>
      <trkpt lat="49.158179" lon="20.156306"><ele>1656.8</ele></trkpt>
      <trkpt lat="49.158141" lon="20.156304"><ele>1657.0</ele></trkpt>
      <trkpt lat="49.158112" lon="20.156315"><ele>1656.8</ele></trkpt>
      <trkpt lat="49.158080" lon="20.156328"><ele>1656.6</ele></trkpt>
      <trkpt lat="49.158058" lon="20.156338"><ele>1656.6</ele></trkpt>
      <trkpt lat="49.158038" lon="20.156344"><ele>1656.6</ele></trkpt>
      <trkpt lat="49.158016" lon="20.156349"><ele>1656.8</ele></trkpt>
      <trkpt lat="49.157994" lon="20.156360"><ele>1656.8</ele></trkpt>
      <trkpt lat="49.157968" lon="20.156370"><ele>1656.6</ele></trkpt>
      <trkpt lat="49.157949" lon="20.156379"><ele>1656.6</ele></trkpt>
      <trkpt lat="49.157923" lon="20.156394"><ele>1656.6</ele></trkpt>
      <trkpt lat="49.157901" lon="20.156403"><ele>1656.8</ele></trkpt>
      <trkpt lat="49.157875" lon="20.156410"><ele>1656.8</ele></trkpt>
      <trkpt lat="49.157837" lon="20.156413"><ele>1656.8</ele></trkpt>
      <trkpt lat="49.157811" lon="20.156416"><ele>1656.8</ele></trkpt>
      <trkpt lat="49.157770" lon="20.156427"><ele>1657.0</ele></trkpt>
      <trkpt lat="49.157750" lon="20.156434"><ele>1656.8</ele></trkpt>
      <trkpt lat="49.157712" lon="20.156445"><ele>1657.0</ele></trkpt>
      <trkpt lat="49.157683" lon="20.156459"><ele>1657.0</ele></trkpt>
      <trkpt lat="49.157658" lon="20.156474"><ele>1657.0</ele></trkpt>
      <trkpt lat="49.157632" lon="20.156485"><ele>1657.2</ele></trkpt>
      <trkpt lat="49.157613" lon="20.156494"><ele>1657.2</ele></trkpt>
      <trkpt lat="49.157581" lon="20.156506"><ele>1657.2</ele></trkpt>
      <trkpt lat="49.157558" lon="20.156507"><ele>1657.2</ele></trkpt>
      <trkpt lat="49.157536" lon="20.156518"><ele>1657.2</ele></trkpt>
      <trkpt lat="49.157510" lon="20.156528"><ele>1657.2</ele></trkpt>
      <trkpt lat="49.157478" lon="20.156534"><ele>1657.4</ele></trkpt>
      <trkpt lat="49.157453" lon="20.156542"><ele>1657.6</ele></trkpt>
      <trkpt lat="49.157424" lon="20.156557"><ele>1657.8</ele></trkpt>
      <trkpt lat="49.157398" lon="20.156579"><ele>1658.0</ele></trkpt>
      <trkpt lat="49.157379" lon="20.156592"><ele>1658.0</ele></trkpt>
      <trkpt lat="49.157354" lon="20.156602"><ele>1658.2</ele></trkpt>
      <trkpt lat="49.157325" lon="20.156608"><ele>1658.4</ele></trkpt>
      <trkpt lat="49.157299" lon="20.156621"><ele>1658.6</ele></trkpt>
      <trkpt lat="49.157267" lon="20.156637"><ele>1658.8</ele></trkpt>
      <trkpt lat="49.157248" lon="20.156648"><ele>1658.8</ele></trkpt>
      <trkpt lat="49.157222" lon="20.156664"><ele>1658.8</ele></trkpt>
      <trkpt lat="49.157200" lon="20.156672"><ele>1658.8</ele></trkpt>
      <trkpt lat="49.157178" lon="20.156678"><ele>1658.8</ele></trkpt>
      <trkpt lat="49.157155" lon="20.156686"><ele>1659.0</ele></trkpt>
      <trkpt lat="49.157136" lon="20.156693"><ele>1659.0</ele></trkpt>
      <trkpt lat="49.157098" lon="20.156693"><ele>1659.2</ele></trkpt>
      <trkpt lat="49.157075" lon="20.156694"><ele>1659.4</ele></trkpt>
      <trkpt lat="49.157056" lon="20.156698"><ele>1659.6</ele></trkpt>
      <trkpt lat="49.157037" lon="20.156694"><ele>1659.6</ele></trkpt>
      <trkpt lat="49.157008" lon="20.156694"><ele>1659.6</ele></trkpt>
      <trkpt lat="49.156979" lon="20.156702"><ele>1659.6</ele></trkpt>
      <trkpt lat="49.156950" lon="20.156707"><ele>1659.6</ele></trkpt>
      <trkpt lat="49.156918" lon="20.156707"><ele>1659.6</ele></trkpt>
      <trkpt lat="49.156890" lon="20.156722"><ele>1659.4</ele></trkpt>
      <trkpt lat="49.156851" lon="20.156747"><ele>1659.4</ele></trkpt>
      <trkpt lat="49.156816" lon="20.156773"><ele>1659.4</ele></trkpt>
      <trkpt lat="49.156771" lon="20.156800"><ele>1659.0</ele></trkpt>
      <trkpt lat="49.156752" lon="20.156811"><ele>1658.8</ele></trkpt>
      <trkpt lat="49.156726" lon="20.156824"><ele>1658.8</ele></trkpt>
      <trkpt lat="49.156704" lon="20.156830"><ele>1659.0</ele></trkpt>
      <trkpt lat="49.156672" lon="20.156850"><ele>1659.0</ele></trkpt>
      <trkpt lat="49.156653" lon="20.156866"><ele>1659.0</ele></trkpt>
      <trkpt lat="49.156637" lon="20.156883"><ele>1659.0</ele></trkpt>
      <trkpt lat="49.156621" lon="20.156901"><ele>1658.8</ele></trkpt>
      <trkpt lat="49.156579" lon="20.156930"><ele>1658.8</ele></trkpt>
      <trkpt lat="49.156550" lon="20.156941"><ele>1658.8</ele></trkpt>
      <trkpt lat="49.156528" lon="20.156949"><ele>1658.6</ele></trkpt>
      <trkpt lat="49.156509" lon="20.156960"><ele>1658.6</ele></trkpt>
      <trkpt lat="49.156486" lon="20.156970"><ele>1658.6</ele></trkpt>
      <trkpt lat="49.156445" lon="20.156992"><ele>1658.6</ele></trkpt>
      <trkpt lat="49.156419" lon="20.157011"><ele>1658.6</ele></trkpt>
      <trkpt lat="49.156394" lon="20.157021"><ele>1658.8</ele></trkpt>
      <trkpt lat="49.156368" lon="20.157035"><ele>1658.8</ele></trkpt>
      <trkpt lat="49.156342" lon="20.157050"><ele>1658.8</ele></trkpt>
      <trkpt lat="49.156310" lon="20.157070"><ele>1658.8</ele></trkpt>
      <trkpt lat="49.156282" lon="20.157083"><ele>1658.8</ele></trkpt>
      <trkpt lat="49.156250" lon="20.157104"><ele>1658.8</ele></trkpt>
      <trkpt lat="49.156224" lon="20.157115"><ele>1658.8</ele></trkpt>
      <trkpt lat="49.156205" lon="20.157128"><ele>1658.8</ele></trkpt>
      <trkpt lat="49.156186" lon="20.157131"><ele>1658.8</ele></trkpt>
      <trkpt lat="49.156147" lon="20.157138"><ele>1658.8</ele></trkpt>
      <trkpt lat="49.156115" lon="20.157154"><ele>1658.8</ele></trkpt>
      <trkpt lat="49.156093" lon="20.157154"><ele>1658.8</ele></trkpt>
      <trkpt lat="49.156077" lon="20.157131"><ele>1658.8</ele></trkpt>
      <trkpt lat="49.156054" lon="20.157072"><ele>1659.0</ele></trkpt>
      <trkpt lat="49.156042" lon="20.157035"><ele>1659.0</ele></trkpt>
      <trkpt lat="49.156026" lon="20.157011"><ele>1659.0</ele></trkpt>
      <trkpt lat="49.156010" lon="20.156973"><ele>1659.2</ele></trkpt>
      <trkpt lat="49.156003" lon="20.156931"><ele>1659.4</ele></trkpt>
      <trkpt lat="49.155990" lon="20.156899"><ele>1659.4</ele></trkpt>
      <trkpt lat="49.155987" lon="20.156861"><ele>1659.6</ele></trkpt>
      <trkpt lat="49.155987" lon="20.156822"><ele>1659.6</ele></trkpt>
      <trkpt lat="49.155990" lon="20.156786"><ele>1660.0</ele></trkpt>
      <trkpt lat="49.156006" lon="20.156746"><ele>1660.6</ele></trkpt>
      <trkpt lat="49.156026" lon="20.156731"><ele>1661.0</ele></trkpt>
      <trkpt lat="49.156010" lon="20.156755"><ele>1661.6</ele></trkpt>
      <trkpt lat="49.155987" lon="20.156784"><ele>1661.6</ele></trkpt>
      <trkpt lat="49.155997" lon="20.156726"><ele>1661.8</ele></trkpt>
      <trkpt lat="49.155973" lon="20.156759"><ele>1661.4</ele></trkpt>
      <trkpt lat="49.155961" lon="20.156776"><ele>1660.4</ele></trkpt>
      <trkpt lat="49.155971" lon="20.156803"><ele>1660.6</ele></trkpt>
      <trkpt lat="49.155987" lon="20.156845"><ele>1660.6</ele></trkpt>
      <trkpt lat="49.156016" lon="20.156902"><ele>1660.4</ele></trkpt>
      <trkpt lat="49.156032" lon="20.156955"><ele>1660.4</ele></trkpt>
      <trkpt lat="49.156051" lon="20.157016"><ele>1660.4</ele></trkpt>
      <trkpt lat="49.156067" lon="20.157064"><ele>1660.4</ele></trkpt>
      <trkpt lat="49.156074" lon="20.157102"><ele>1660.2</ele></trkpt>
      <trkpt lat="49.156109" lon="20.157141"><ele>1659.8</ele></trkpt>
      <trkpt lat="49.156128" lon="20.157178"><ele>1659.6</ele></trkpt>
      <trkpt lat="49.156128" lon="20.157221"><ele>1659.0</ele></trkpt>
      <trkpt lat="49.156102" lon="20.157243"><ele>1658.8</ele></trkpt>
      <trkpt lat="49.156096" lon="20.157278"><ele>1658.6</ele></trkpt>
      <trkpt lat="49.156090" lon="20.157320"><ele>1658.2</ele></trkpt>
      <trkpt lat="49.156077" lon="20.157362"><ele>1657.8</ele></trkpt>
      <trkpt lat="49.156093" lon="20.157392"><ele>1657.2</ele></trkpt>
      <trkpt lat="49.156090" lon="20.157437"><ele>1656.6</ele></trkpt>
      <trkpt lat="49.156083" lon="20.157469"><ele>1656.4</ele></trkpt>
      <trkpt lat="49.156083" lon="20.157498"><ele>1656.2</ele></trkpt>
      <trkpt lat="49.156067" lon="20.157525"><ele>1655.4</ele></trkpt>
      <trkpt lat="49.156035" lon="20.157547"><ele>1654.8</ele></trkpt>
      <trkpt lat="49.156016" lon="20.157562"><ele>1654.4</ele></trkpt>
      <trkpt lat="49.155990" lon="20.157584"><ele>1654.0</ele></trkpt>
      <trkpt lat="49.155962" lon="20.157605"><ele>1653.4</ele></trkpt>
      <trkpt lat="49.155936" lon="20.157629"><ele>1653.0</ele></trkpt>
      <trkpt lat="49.155917" lon="20.157651"><ele>1652.8</ele></trkpt>
      <trkpt lat="49.155898" lon="20.157674"><ele>1652.4</ele></trkpt>
      <trkpt lat="49.155869" lon="20.157701"><ele>1651.8</ele></trkpt>
      <trkpt lat="49.155850" lon="20.157715"><ele>1651.6</ele></trkpt>
      <trkpt lat="49.155837" lon="20.157746"><ele>1651.0</ele></trkpt>
      <trkpt lat="49.155811" lon="20.157776"><ele>1650.4</ele></trkpt>
      <trkpt lat="49.155789" lon="20.157789"><ele>1649.6</ele></trkpt>
      <trkpt lat="49.155779" lon="20.157813"><ele>1648.6</ele></trkpt>
      <trkpt lat="49.155770" lon="20.157843"><ele>1648.2</ele></trkpt>
      <trkpt lat="49.155750" lon="20.157859"><ele>1647.4</ele></trkpt>
      <trkpt lat="49.155734" lon="20.157875"><ele>1646.6</ele></trkpt>
      <trkpt lat="49.155706" lon="20.157888"><ele>1646.0</ele></trkpt>
      <trkpt lat="49.155683" lon="20.157922"><ele>1645.4</ele></trkpt>
      <trkpt lat="49.155658" lon="20.157934"><ele>1645.2</ele></trkpt>
      <trkpt lat="49.155635" lon="20.157936"><ele>1645.0</ele></trkpt>
      <trkpt lat="49.155610" lon="20.157936"><ele>1644.6</ele></trkpt>
      <trkpt lat="49.155594" lon="20.157957"><ele>1644.0</ele></trkpt>
      <trkpt lat="49.155574" lon="20.157971"><ele>1643.8</ele></trkpt>
      <trkpt lat="49.155552" lon="20.157982"><ele>1643.4</ele></trkpt>
      <trkpt lat="49.155539" lon="20.158011"><ele>1643.0</ele></trkpt>
      <trkpt lat="49.155526" lon="20.158038"><ele>1642.4</ele></trkpt>
      <trkpt lat="49.155510" lon="20.158053"><ele>1642.0</ele></trkpt>
      <trkpt lat="49.155488" lon="20.158066"><ele>1641.6</ele></trkpt>
      <trkpt lat="49.155469" lon="20.158082"><ele>1641.4</ele></trkpt>
      <trkpt lat="49.155450" lon="20.158107"><ele>1640.8</ele></trkpt>
      <trkpt lat="49.155434" lon="20.158133"><ele>1640.0</ele></trkpt>
      <trkpt lat="49.155411" lon="20.158150"><ele>1639.6</ele></trkpt>
      <trkpt lat="49.155376" lon="20.158173"><ele>1638.8</ele></trkpt>
      <trkpt lat="49.155357" lon="20.158174"><ele>1638.4</ele></trkpt>
      <trkpt lat="49.155328" lon="20.158184"><ele>1637.8</ele></trkpt>
      <trkpt lat="49.155309" lon="20.158192"><ele>1637.6</ele></trkpt>
      <trkpt lat="49.155286" lon="20.158200"><ele>1637.2</ele></trkpt>
      <trkpt lat="49.155258" lon="20.158211"><ele>1637.0</ele></trkpt>
      <trkpt lat="49.155238" lon="20.158230"><ele>1636.8</ele></trkpt>
      <trkpt lat="49.155219" lon="20.158246"><ele>1636.4</ele></trkpt>
      <trkpt lat="49.155187" lon="20.158256"><ele>1635.8</ele></trkpt>
      <trkpt lat="49.155158" lon="20.158254"><ele>1635.0</ele></trkpt>
      <trkpt lat="49.155139" lon="20.158259"><ele>1634.6</ele></trkpt>
      <trkpt lat="49.155110" lon="20.158270"><ele>1634.0</ele></trkpt>
      <trkpt lat="49.155088" lon="20.158294"><ele>1633.4</ele></trkpt>
      <trkpt lat="49.155062" lon="20.158299"><ele>1632.8</ele></trkpt>
      <trkpt lat="49.155040" lon="20.158304"><ele>1632.4</ele></trkpt>
      <trkpt lat="49.155011" lon="20.158331"><ele>1632.0</ele></trkpt>
      <trkpt lat="49.154992" lon="20.158349"><ele>1631.8</ele></trkpt>
      <trkpt lat="49.154973" lon="20.158363"><ele>1631.4</ele></trkpt>
      <trkpt lat="49.154954" lon="20.158374"><ele>1631.4</ele></trkpt>
      <trkpt lat="49.154934" lon="20.158384"><ele>1631.2</ele></trkpt>
      <trkpt lat="49.154912" lon="20.158400"><ele>1630.6</ele></trkpt>
      <trkpt lat="49.154890" lon="20.158432"><ele>1630.2</ele></trkpt>
      <trkpt lat="49.154874" lon="20.158458"><ele>1629.6</ele></trkpt>
      <trkpt lat="49.154858" lon="20.158488"><ele>1629.0</ele></trkpt>
      <trkpt lat="49.154826" lon="20.158515"><ele>1628.2</ele></trkpt>
      <trkpt lat="49.154794" lon="20.158531"><ele>1627.6</ele></trkpt>
      <trkpt lat="49.154771" lon="20.158550"><ele>1627.0</ele></trkpt>
      <trkpt lat="49.154739" lon="20.158571"><ele>1626.4</ele></trkpt>
      <trkpt lat="49.154710" lon="20.158594"><ele>1625.8</ele></trkpt>
      <trkpt lat="49.154694" lon="20.158610"><ele>1625.6</ele></trkpt>
      <trkpt lat="49.154666" lon="20.158634"><ele>1625.2</ele></trkpt>
      <trkpt lat="49.154637" lon="20.158648"><ele>1624.8</ele></trkpt>
      <trkpt lat="49.154618" lon="20.158662"><ele>1624.6</ele></trkpt>
      <trkpt lat="49.154602" lon="20.158680"><ele>1624.4</ele></trkpt>
      <trkpt lat="49.154577" lon="20.158700"><ele>1624.2</ele></trkpt>
      <trkpt lat="49.154560" lon="20.158714"><ele>1624.0</ele></trkpt>
      <trkpt lat="49.154534" lon="20.158730"><ele>1623.6</ele></trkpt>
      <trkpt lat="49.154518" lon="20.158747"><ele>1623.2</ele></trkpt>
      <trkpt lat="49.154502" lon="20.158787"><ele>1622.6</ele></trkpt>
      <trkpt lat="49.154483" lon="20.158819"><ele>1622.6</ele></trkpt>
      <trkpt lat="49.154467" lon="20.158846"><ele>1622.4</ele></trkpt>
      <trkpt lat="49.154454" lon="20.158870"><ele>1622.2</ele></trkpt>
      <trkpt lat="49.154437" lon="20.158892"><ele>1622.2</ele></trkpt>
      <trkpt lat="49.154426" lon="20.158907"><ele>1622.2</ele></trkpt>
      <trkpt lat="49.154406" lon="20.158939"><ele>1621.6</ele></trkpt>
      <trkpt lat="49.154387" lon="20.158966"><ele>1620.8</ele></trkpt>
      <trkpt lat="49.154368" lon="20.158986"><ele>1620.0</ele></trkpt>
      <trkpt lat="49.154342" lon="20.159006"><ele>1619.0</ele></trkpt>
      <trkpt lat="49.154326" lon="20.159021"><ele>1618.6</ele></trkpt>
      <trkpt lat="49.154314" lon="20.159045"><ele>1618.2</ele></trkpt>
      <trkpt lat="49.154298" lon="20.159059"><ele>1617.6</ele></trkpt>
      <trkpt lat="49.154269" lon="20.159088"><ele>1616.6</ele></trkpt>
      <trkpt lat="49.154237" lon="20.159128"><ele>1615.6</ele></trkpt>
      <trkpt lat="49.154218" lon="20.159150"><ele>1615.0</ele></trkpt>
      <trkpt lat="49.154186" lon="20.159194"><ele>1614.6</ele></trkpt>
      <trkpt lat="49.154157" lon="20.159224"><ele>1614.2</ele></trkpt>
      <trkpt lat="49.154134" lon="20.159253"><ele>1613.8</ele></trkpt>
      <trkpt lat="49.154118" lon="20.159280"><ele>1613.6</ele></trkpt>
      <trkpt lat="49.154106" lon="20.159306"><ele>1613.2</ele></trkpt>
      <trkpt lat="49.154083" lon="20.159334"><ele>1612.6</ele></trkpt>
      <trkpt lat="49.154067" lon="20.159355"><ele>1612.2</ele></trkpt>
      <trkpt lat="49.154051" lon="20.159373"><ele>1611.8</ele></trkpt>
      <trkpt lat="49.154026" lon="20.159406"><ele>1610.8</ele></trkpt>
      <trkpt lat="49.154003" lon="20.159448"><ele>1610.2</ele></trkpt>
      <trkpt lat="49.153987" lon="20.159493"><ele>1609.4</ele></trkpt>
      <trkpt lat="49.153965" lon="20.159533"><ele>1608.6</ele></trkpt>
      <trkpt lat="49.153949" lon="20.159560"><ele>1608.2</ele></trkpt>
      <trkpt lat="49.153936" lon="20.159584"><ele>1607.4</ele></trkpt>
      <trkpt lat="49.153910" lon="20.159605"><ele>1606.6</ele></trkpt>
      <trkpt lat="49.153891" lon="20.159624"><ele>1605.8</ele></trkpt>
      <trkpt lat="49.153885" lon="20.159666"><ele>1604.8</ele></trkpt>
      <trkpt lat="49.153866" lon="20.159704"><ele>1604.4</ele></trkpt>
      <trkpt lat="49.153843" lon="20.159739"><ele>1603.8</ele></trkpt>
      <trkpt lat="49.153824" lon="20.159766"><ele>1603.0</ele></trkpt>
      <trkpt lat="49.153805" lon="20.159789"><ele>1602.2</ele></trkpt>
      <trkpt lat="49.153789" lon="20.159808"><ele>1601.8</ele></trkpt>
      <trkpt lat="49.153773" lon="20.159824"><ele>1601.6</ele></trkpt>
      <trkpt lat="49.153757" lon="20.159840"><ele>1601.2</ele></trkpt>
      <trkpt lat="49.153741" lon="20.159856"><ele>1600.8</ele></trkpt>
      <trkpt lat="49.153712" lon="20.159890"><ele>1600.0</ele></trkpt>
      <trkpt lat="49.153683" lon="20.159930"><ele>1599.4</ele></trkpt>
      <trkpt lat="49.153661" lon="20.159960"><ele>1598.8</ele></trkpt>
      <trkpt lat="49.153638" lon="20.159994"><ele>1598.0</ele></trkpt>
      <trkpt lat="49.153629" lon="20.160018"><ele>1597.8</ele></trkpt>
      <trkpt lat="49.153603" lon="20.160043"><ele>1597.0</ele></trkpt>
      <trkpt lat="49.153571" lon="20.160061"><ele>1596.4</ele></trkpt>
      <trkpt lat="49.153558" lon="20.160082"><ele>1595.8</ele></trkpt>
      <trkpt lat="49.153542" lon="20.160117"><ele>1595.2</ele></trkpt>
      <trkpt lat="49.153530" lon="20.160138"><ele>1594.8</ele></trkpt>
      <trkpt lat="49.153514" lon="20.160157"><ele>1594.6</ele></trkpt>
      <trkpt lat="49.153488" lon="20.160192"><ele>1594.0</ele></trkpt>
      <trkpt lat="49.153472" lon="20.160222"><ele>1593.4</ele></trkpt>
      <trkpt lat="49.153446" lon="20.160259"><ele>1592.8</ele></trkpt>
      <trkpt lat="49.153430" lon="20.160275"><ele>1592.6</ele></trkpt>
      <trkpt lat="49.153408" lon="20.160307"><ele>1592.2</ele></trkpt>
      <trkpt lat="49.153386" lon="20.160330"><ele>1591.8</ele></trkpt>
      <trkpt lat="49.153376" lon="20.160365"><ele>1591.4</ele></trkpt>
      <trkpt lat="49.153354" lon="20.160402"><ele>1590.6</ele></trkpt>
      <trkpt lat="49.153328" lon="20.160434"><ele>1590.0</ele></trkpt>
      <trkpt lat="49.153302" lon="20.160458"><ele>1589.6</ele></trkpt>
      <trkpt lat="49.153286" lon="20.160485"><ele>1589.0</ele></trkpt>
      <trkpt lat="49.153267" lon="20.160517"><ele>1588.4</ele></trkpt>
      <trkpt lat="49.153251" lon="20.160536"><ele>1588.0</ele></trkpt>
      <trkpt lat="49.153242" lon="20.160563"><ele>1587.8</ele></trkpt>
      <trkpt lat="49.153226" lon="20.160586"><ele>1587.4</ele></trkpt>
      <trkpt lat="49.153213" lon="20.160606"><ele>1587.0</ele></trkpt>
      <trkpt lat="49.153197" lon="20.160629"><ele>1586.6</ele></trkpt>
      <trkpt lat="49.153180" lon="20.160649"><ele>1586.2</ele></trkpt>
      <trkpt lat="49.153168" lon="20.160662"><ele>1585.8</ele></trkpt>
      <trkpt lat="49.153152" lon="20.160677"><ele>1585.4</ele></trkpt>
      <trkpt lat="49.153136" lon="20.160693"><ele>1585.0</ele></trkpt>
      <trkpt lat="49.153114" lon="20.160730"><ele>1584.2</ele></trkpt>
      <trkpt lat="49.153098" lon="20.160746"><ele>1583.8</ele></trkpt>
      <trkpt lat="49.153083" lon="20.160777"><ele>1583.4</ele></trkpt>
      <trkpt lat="49.153050" lon="20.160834"><ele>1581.8</ele></trkpt>
      <trkpt lat="49.153027" lon="20.160867"><ele>1581.0</ele></trkpt>
      <trkpt lat="49.153005" lon="20.160896"><ele>1580.0</ele></trkpt>
      <trkpt lat="49.152986" lon="20.160933"><ele>1579.2</ele></trkpt>
      <trkpt lat="49.152963" lon="20.160973"><ele>1578.6</ele></trkpt>
      <trkpt lat="49.152950" lon="20.160994"><ele>1578.4</ele></trkpt>
      <trkpt lat="49.152928" lon="20.161037"><ele>1577.6</ele></trkpt>
      <trkpt lat="49.152912" lon="20.161062"><ele>1577.4</ele></trkpt>
      <trkpt lat="49.152896" lon="20.161080"><ele>1577.0</ele></trkpt>
      <trkpt lat="49.152879" lon="20.161104"><ele>1576.8</ele></trkpt>
      <trkpt lat="49.152867" lon="20.161120"><ele>1576.6</ele></trkpt>
      <trkpt lat="49.152848" lon="20.161142"><ele>1576.2</ele></trkpt>
      <trkpt lat="49.152832" lon="20.161162"><ele>1576.0</ele></trkpt>
      <trkpt lat="49.152819" lon="20.161184"><ele>1575.8</ele></trkpt>
      <trkpt lat="49.152797" lon="20.161222"><ele>1575.0</ele></trkpt>
      <trkpt lat="49.152774" lon="20.161250"><ele>1574.4</ele></trkpt>
      <trkpt lat="49.152752" lon="20.161274"><ele>1573.8</ele></trkpt>
      <trkpt lat="49.152733" lon="20.161302"><ele>1573.2</ele></trkpt>
      <trkpt lat="49.152707" lon="20.161330"><ele>1572.6</ele></trkpt>
      <trkpt lat="49.152691" lon="20.161344"><ele>1572.4</ele></trkpt>
      <trkpt lat="49.152678" lon="20.161365"><ele>1572.0</ele></trkpt>
      <trkpt lat="49.152675" lon="20.161413"><ele>1571.0</ele></trkpt>
      <trkpt lat="49.152666" lon="20.161446"><ele>1570.6</ele></trkpt>
      <trkpt lat="49.152650" lon="20.161470"><ele>1570.0</ele></trkpt>
      <trkpt lat="49.152634" lon="20.161493"><ele>1569.6</ele></trkpt>
      <trkpt lat="49.152614" lon="20.161507"><ele>1569.2</ele></trkpt>
      <trkpt lat="49.152600" lon="20.161516"><ele>1568.8</ele></trkpt>
      <trkpt lat="49.152579" lon="20.161530"><ele>1568.4</ele></trkpt>
      <trkpt lat="49.152570" lon="20.161554"><ele>1568.2</ele></trkpt>
      <trkpt lat="49.152557" lon="20.161581"><ele>1567.8</ele></trkpt>
      <trkpt lat="49.152541" lon="20.161611"><ele>1567.6</ele></trkpt>
      <trkpt lat="49.152522" lon="20.161642"><ele>1567.2</ele></trkpt>
      <trkpt lat="49.152502" lon="20.161667"><ele>1566.8</ele></trkpt>
      <trkpt lat="49.152486" lon="20.161691"><ele>1566.4</ele></trkpt>
      <trkpt lat="49.152474" lon="20.161720"><ele>1566.2</ele></trkpt>
      <trkpt lat="49.152458" lon="20.161746"><ele>1565.8</ele></trkpt>
      <trkpt lat="49.152448" lon="20.161766"><ele>1565.4</ele></trkpt>
      <trkpt lat="49.152432" lon="20.161795"><ele>1565.0</ele></trkpt>
      <trkpt lat="49.152419" lon="20.161824"><ele>1565.0</ele></trkpt>
      <trkpt lat="49.152400" lon="20.161851"><ele>1565.0</ele></trkpt>
      <trkpt lat="49.152387" lon="20.161880"><ele>1564.8</ele></trkpt>
      <trkpt lat="49.152368" lon="20.161907"><ele>1564.6</ele></trkpt>
      <trkpt lat="49.152352" lon="20.161936"><ele>1564.2</ele></trkpt>
      <trkpt lat="49.152333" lon="20.161966"><ele>1563.8</ele></trkpt>
      <trkpt lat="49.152320" lon="20.161995"><ele>1563.6</ele></trkpt>
      <trkpt lat="49.152307" lon="20.162022"><ele>1563.2</ele></trkpt>
      <trkpt lat="49.152291" lon="20.162050"><ele>1563.0</ele></trkpt>
      <trkpt lat="49.152275" lon="20.162080"><ele>1562.6</ele></trkpt>
      <trkpt lat="49.152259" lon="20.162107"><ele>1562.4</ele></trkpt>
      <trkpt lat="49.152249" lon="20.162126"><ele>1562.0</ele></trkpt>
      <trkpt lat="49.152234" lon="20.162155"><ele>1561.8</ele></trkpt>
      <trkpt lat="49.152214" lon="20.162179"><ele>1561.4</ele></trkpt>
      <trkpt lat="49.152195" lon="20.162203"><ele>1561.2</ele></trkpt>
      <trkpt lat="49.152182" lon="20.162226"><ele>1561.0</ele></trkpt>
      <trkpt lat="49.152163" lon="20.162243"><ele>1560.6</ele></trkpt>
      <trkpt lat="49.152141" lon="20.162256"><ele>1560.4</ele></trkpt>
      <trkpt lat="49.152118" lon="20.162262"><ele>1560.0</ele></trkpt>
      <trkpt lat="49.152096" lon="20.162275"><ele>1559.6</ele></trkpt>
      <trkpt lat="49.152077" lon="20.162286"><ele>1559.0</ele></trkpt>
      <trkpt lat="49.152051" lon="20.162322"><ele>1558.4</ele></trkpt>
      <trkpt lat="49.152038" lon="20.162350"><ele>1558.0</ele></trkpt>
      <trkpt lat="49.152022" lon="20.162374"><ele>1557.6</ele></trkpt>
      <trkpt lat="49.152003" lon="20.162405"><ele>1557.2</ele></trkpt>
      <trkpt lat="49.151984" lon="20.162432"><ele>1556.8</ele></trkpt>
      <trkpt lat="49.151965" lon="20.162451"><ele>1556.6</ele></trkpt>
      <trkpt lat="49.151952" lon="20.162472"><ele>1556.4</ele></trkpt>
      <trkpt lat="49.151939" lon="20.162504"><ele>1556.0</ele></trkpt>
      <trkpt lat="49.151936" lon="20.162539"><ele>1555.6</ele></trkpt>
      <trkpt lat="49.151917" lon="20.162570"><ele>1555.6</ele></trkpt>
      <trkpt lat="49.151904" lon="20.162605"><ele>1555.2</ele></trkpt>
      <trkpt lat="49.151894" lon="20.162650"><ele>1555.2</ele></trkpt>
      <trkpt lat="49.151891" lon="20.162694"><ele>1555.2</ele></trkpt>
      <trkpt lat="49.151882" lon="20.162720"><ele>1555.2</ele></trkpt>
      <trkpt lat="49.151870" lon="20.162749"><ele>1555.2</ele></trkpt>
      <trkpt lat="49.151862" lon="20.162768"><ele>1555.2</ele></trkpt>
      <trkpt lat="49.151853" lon="20.162814"><ele>1555.0</ele></trkpt>
      <trkpt lat="49.151837" lon="20.162848"><ele>1555.0</ele></trkpt>
      <trkpt lat="49.151824" lon="20.162886"><ele>1554.8</ele></trkpt>
      <trkpt lat="49.151821" lon="20.162917"><ele>1555.0</ele></trkpt>
      <trkpt lat="49.151814" lon="20.162947"><ele>1555.2</ele></trkpt>
      <trkpt lat="49.151814" lon="20.162976"><ele>1555.4</ele></trkpt>
      <trkpt lat="49.151802" lon="20.163006"><ele>1555.8</ele></trkpt>
      <trkpt lat="49.151786" lon="20.163046"><ele>1556.2</ele></trkpt>
      <trkpt lat="49.151779" lon="20.163077"><ele>1556.6</ele></trkpt>
      <trkpt lat="49.151773" lon="20.163110"><ele>1557.4</ele></trkpt>
      <trkpt lat="49.151760" lon="20.163138"><ele>1558.0</ele></trkpt>
      <trkpt lat="49.151741" lon="20.163178"><ele>1558.6</ele></trkpt>
      <trkpt lat="49.151734" lon="20.163219"><ele>1559.0</ele></trkpt>
      <trkpt lat="49.151738" lon="20.163266"><ele>1559.6</ele></trkpt>
      <trkpt lat="49.151738" lon="20.163299"><ele>1559.8</ele></trkpt>
      <trkpt lat="49.151738" lon="20.163339"><ele>1560.0</ele></trkpt>
      <trkpt lat="49.151725" lon="20.163360"><ele>1560.0</ele></trkpt>
      <trkpt lat="49.151715" lon="20.163384"><ele>1559.8</ele></trkpt>
      <trkpt lat="49.151702" lon="20.163410"><ele>1559.6</ele></trkpt>
      <trkpt lat="49.151686" lon="20.163434"><ele>1559.4</ele></trkpt>
      <trkpt lat="49.151674" lon="20.163454"><ele>1559.2</ele></trkpt>
      <trkpt lat="49.151658" lon="20.163478"><ele>1558.8</ele></trkpt>
      <trkpt lat="49.151638" lon="20.163509"><ele>1558.6</ele></trkpt>
      <trkpt lat="49.151619" lon="20.163536"><ele>1558.4</ele></trkpt>
      <trkpt lat="49.151600" lon="20.163573"><ele>1557.8</ele></trkpt>
      <trkpt lat="49.151587" lon="20.163598"><ele>1557.4</ele></trkpt>
      <trkpt lat="49.151549" lon="20.163627"><ele>1556.8</ele></trkpt>
      <trkpt lat="49.151520" lon="20.163638"><ele>1556.6</ele></trkpt>
      <trkpt lat="49.151504" lon="20.163654"><ele>1556.4</ele></trkpt>
      <trkpt lat="49.151491" lon="20.163682"><ele>1556.0</ele></trkpt>
      <trkpt lat="49.151482" lon="20.163701"><ele>1555.8</ele></trkpt>
      <trkpt lat="49.151462" lon="20.163726"><ele>1555.6</ele></trkpt>
      <trkpt lat="49.151443" lon="20.163750"><ele>1555.4</ele></trkpt>
      <trkpt lat="49.151424" lon="20.163766"><ele>1555.2</ele></trkpt>
      <trkpt lat="49.151402" lon="20.163782"><ele>1555.0</ele></trkpt>
      <trkpt lat="49.151376" lon="20.163805"><ele>1554.6</ele></trkpt>
      <trkpt lat="49.151350" lon="20.163842"><ele>1554.2</ele></trkpt>
      <trkpt lat="49.151334" lon="20.163859"><ele>1554.2</ele></trkpt>
      <trkpt lat="49.151309" lon="20.163874"><ele>1554.0</ele></trkpt>
      <trkpt lat="49.151290" lon="20.163885"><ele>1553.8</ele></trkpt>
      <trkpt lat="49.151264" lon="20.163920"><ele>1553.6</ele></trkpt>
      <trkpt lat="49.151251" lon="20.163944"><ele>1553.4</ele></trkpt>
      <trkpt lat="49.151238" lon="20.163966"><ele>1553.2</ele></trkpt>
      <trkpt lat="49.151229" lon="20.163992"><ele>1553.2</ele></trkpt>
      <trkpt lat="49.151206" lon="20.164026"><ele>1553.0</ele></trkpt>
      <trkpt lat="49.151181" lon="20.164059"><ele>1553.0</ele></trkpt>
      <trkpt lat="49.151165" lon="20.164080"><ele>1553.0</ele></trkpt>
      <trkpt lat="49.151142" lon="20.164102"><ele>1553.0</ele></trkpt>
      <trkpt lat="49.151120" lon="20.164131"><ele>1553.0</ele></trkpt>
      <trkpt lat="49.151107" lon="20.164171"><ele>1553.0</ele></trkpt>
      <trkpt lat="49.151091" lon="20.164197"><ele>1553.2</ele></trkpt>
      <trkpt lat="49.151078" lon="20.164218"><ele>1553.2</ele></trkpt>
      <trkpt lat="49.151066" lon="20.164243"><ele>1553.4</ele></trkpt>
      <trkpt lat="49.151053" lon="20.164264"><ele>1553.4</ele></trkpt>
      <trkpt lat="49.151050" lon="20.164304"><ele>1553.8</ele></trkpt>
      <trkpt lat="49.151046" lon="20.164354"><ele>1554.0</ele></trkpt>
      <trkpt lat="49.151027" lon="20.164400"><ele>1554.2</ele></trkpt>
      <trkpt lat="49.151011" lon="20.164426"><ele>1554.4</ele></trkpt>
      <trkpt lat="49.150992" lon="20.164450"><ele>1554.4</ele></trkpt>
      <trkpt lat="49.150982" lon="20.164478"><ele>1554.4</ele></trkpt>
      <trkpt lat="49.150970" lon="20.164506"><ele>1554.2</ele></trkpt>
      <trkpt lat="49.150967" lon="20.164530"><ele>1554.2</ele></trkpt>
      <trkpt lat="49.150963" lon="20.164565"><ele>1554.0</ele></trkpt>
      <trkpt lat="49.150947" lon="20.164595"><ele>1554.0</ele></trkpt>
      <trkpt lat="49.150925" lon="20.164616"><ele>1554.0</ele></trkpt>
      <trkpt lat="49.150906" lon="20.164630"><ele>1553.8</ele></trkpt>
      <trkpt lat="49.150890" lon="20.164648"><ele>1553.6</ele></trkpt>
      <trkpt lat="49.150870" lon="20.164677"><ele>1553.4</ele></trkpt>
      <trkpt lat="49.150842" lon="20.164706"><ele>1553.0</ele></trkpt>
      <trkpt lat="49.150822" lon="20.164723"><ele>1552.8</ele></trkpt>
      <trkpt lat="49.150806" lon="20.164741"><ele>1552.6</ele></trkpt>
      <trkpt lat="49.150781" lon="20.164776"><ele>1552.2</ele></trkpt>
      <trkpt lat="49.150752" lon="20.164813"><ele>1551.8</ele></trkpt>
      <trkpt lat="49.150714" lon="20.164846"><ele>1551.4</ele></trkpt>
      <trkpt lat="49.150688" lon="20.164878"><ele>1550.8</ele></trkpt>
      <trkpt lat="49.150672" lon="20.164909"><ele>1550.4</ele></trkpt>
      <trkpt lat="49.150650" lon="20.164942"><ele>1549.8</ele></trkpt>
      <trkpt lat="49.150634" lon="20.164965"><ele>1549.4</ele></trkpt>
      <trkpt lat="49.150624" lon="20.164989"><ele>1549.2</ele></trkpt>
      <trkpt lat="49.150611" lon="20.165013"><ele>1549.0</ele></trkpt>
      <trkpt lat="49.150589" lon="20.165053"><ele>1548.4</ele></trkpt>
      <trkpt lat="49.150576" lon="20.165075"><ele>1548.2</ele></trkpt>
      <trkpt lat="49.150560" lon="20.165122"><ele>1548.0</ele></trkpt>
      <trkpt lat="49.150544" lon="20.165144"><ele>1547.8</ele></trkpt>
      <trkpt lat="49.150515" lon="20.165173"><ele>1547.6</ele></trkpt>
      <trkpt lat="49.150486" lon="20.165205"><ele>1547.2</ele></trkpt>
      <trkpt lat="49.150464" lon="20.165235"><ele>1546.6</ele></trkpt>
      <trkpt lat="49.150445" lon="20.165270"><ele>1546.4</ele></trkpt>
      <trkpt lat="49.150426" lon="20.165293"><ele>1546.0</ele></trkpt>
      <trkpt lat="49.150410" lon="20.165306"><ele>1545.8</ele></trkpt>
      <trkpt lat="49.150378" lon="20.165325"><ele>1545.2</ele></trkpt>
      <trkpt lat="49.150352" lon="20.165341"><ele>1544.8</ele></trkpt>
      <trkpt lat="49.150333" lon="20.165349"><ele>1544.6</ele></trkpt>
      <trkpt lat="49.150304" lon="20.165362"><ele>1544.2</ele></trkpt>
      <trkpt lat="49.150275" lon="20.165398"><ele>1543.6</ele></trkpt>
      <trkpt lat="49.150256" lon="20.165414"><ele>1543.2</ele></trkpt>
      <trkpt lat="49.150237" lon="20.165432"><ele>1543.0</ele></trkpt>
      <trkpt lat="49.150225" lon="20.165449"><ele>1542.8</ele></trkpt>
      <trkpt lat="49.150208" lon="20.165475"><ele>1542.6</ele></trkpt>
      <trkpt lat="49.150195" lon="20.165504"><ele>1542.6</ele></trkpt>
      <trkpt lat="49.150176" lon="20.165538"><ele>1542.4</ele></trkpt>
      <trkpt lat="49.150163" lon="20.165570"><ele>1542.4</ele></trkpt>
      <trkpt lat="49.150144" lon="20.165598"><ele>1542.2</ele></trkpt>
      <trkpt lat="49.150118" lon="20.165621"><ele>1542.0</ele></trkpt>
      <trkpt lat="49.150090" lon="20.165645"><ele>1542.0</ele></trkpt>
      <trkpt lat="49.150067" lon="20.165670"><ele>1541.8</ele></trkpt>
      <trkpt lat="49.150038" lon="20.165694"><ele>1541.8</ele></trkpt>
      <trkpt lat="49.150024" lon="20.165721"><ele>1541.8</ele></trkpt>
      <trkpt lat="49.150013" lon="20.165741"><ele>1541.6</ele></trkpt>
      <trkpt lat="49.149997" lon="20.165770"><ele>1541.6</ele></trkpt>
      <trkpt lat="49.149984" lon="20.165797"><ele>1541.4</ele></trkpt>
      <trkpt lat="49.149968" lon="20.165819"><ele>1541.4</ele></trkpt>
      <trkpt lat="49.149952" lon="20.165850"><ele>1541.2</ele></trkpt>
      <trkpt lat="49.149926" lon="20.165872"><ele>1541.2</ele></trkpt>
      <trkpt lat="49.149910" lon="20.165898"><ele>1541.0</ele></trkpt>
      <trkpt lat="49.149891" lon="20.165922"><ele>1540.8</ele></trkpt>
      <trkpt lat="49.149875" lon="20.165947"><ele>1540.6</ele></trkpt>
      <trkpt lat="49.149856" lon="20.165971"><ele>1540.4</ele></trkpt>
      <trkpt lat="49.149846" lon="20.166000"><ele>1540.2</ele></trkpt>
      <trkpt lat="49.149830" lon="20.166026"><ele>1539.8</ele></trkpt>
      <trkpt lat="49.149814" lon="20.166045"><ele>1539.6</ele></trkpt>
      <trkpt lat="49.149792" lon="20.166085"><ele>1539.2</ele></trkpt>
      <trkpt lat="49.149776" lon="20.166106"><ele>1539.0</ele></trkpt>
      <trkpt lat="49.149759" lon="20.166135"><ele>1538.8</ele></trkpt>
      <trkpt lat="49.149738" lon="20.166170"><ele>1538.4</ele></trkpt>
      <trkpt lat="49.149722" lon="20.166190"><ele>1538.2</ele></trkpt>
      <trkpt lat="49.149709" lon="20.166216"><ele>1537.8</ele></trkpt>
      <trkpt lat="49.149690" lon="20.166243"><ele>1537.6</ele></trkpt>
      <trkpt lat="49.149677" lon="20.166267"><ele>1537.4</ele></trkpt>
      <trkpt lat="49.149666" lon="20.166295"><ele>1537.2</ele></trkpt>
      <trkpt lat="49.149658" lon="20.166314"><ele>1537.0</ele></trkpt>
      <trkpt lat="49.149658" lon="20.166344"><ele>1536.8</ele></trkpt>
      <trkpt lat="49.149649" lon="20.166373"><ele>1536.6</ele></trkpt>
      <trkpt lat="49.149642" lon="20.166394"><ele>1536.4</ele></trkpt>
      <trkpt lat="49.149632" lon="20.166422"><ele>1536.2</ele></trkpt>
      <trkpt lat="49.149629" lon="20.166453"><ele>1536.0</ele></trkpt>
      <trkpt lat="49.149619" lon="20.166483"><ele>1535.8</ele></trkpt>
      <trkpt lat="49.149613" lon="20.166517"><ele>1535.6</ele></trkpt>
      <trkpt lat="49.149600" lon="20.166544"><ele>1535.4</ele></trkpt>
      <trkpt lat="49.149603" lon="20.166573"><ele>1535.2</ele></trkpt>
      <trkpt lat="49.149616" lon="20.166610"><ele>1535.0</ele></trkpt>
      <trkpt lat="49.149611" lon="20.166632"><ele>1534.8</ele></trkpt>
      <trkpt lat="49.149603" lon="20.166664"><ele>1534.8</ele></trkpt>
      <trkpt lat="49.149590" lon="20.166690"><ele>1534.6</ele></trkpt>
      <trkpt lat="49.149574" lon="20.166717"><ele>1534.4</ele></trkpt>
      <trkpt lat="49.149558" lon="20.166744"><ele>1534.0</ele></trkpt>
      <trkpt lat="49.149552" lon="20.166774"><ele>1533.8</ele></trkpt>
      <trkpt lat="49.149539" lon="20.166805"><ele>1533.6</ele></trkpt>
      <trkpt lat="49.149530" lon="20.166829"><ele>1533.6</ele></trkpt>
      <trkpt lat="49.149517" lon="20.166851"><ele>1533.4</ele></trkpt>
      <trkpt lat="49.149508" lon="20.166877"><ele>1533.2</ele></trkpt>
      <trkpt lat="49.149498" lon="20.166902"><ele>1533.2</ele></trkpt>
      <trkpt lat="49.149478" lon="20.166920"><ele>1533.0</ele></trkpt>
      <trkpt lat="49.149459" lon="20.166934"><ele>1532.8</ele></trkpt>
      <trkpt lat="49.149443" lon="20.166954"><ele>1532.4</ele></trkpt>
      <trkpt lat="49.149430" lon="20.166981"><ele>1532.0</ele></trkpt>
      <trkpt lat="49.149414" lon="20.167008"><ele>1531.8</ele></trkpt>
      <trkpt lat="49.149402" lon="20.167029"><ele>1531.6</ele></trkpt>
      <trkpt lat="49.149388" lon="20.167049"><ele>1531.4</ele></trkpt>
      <trkpt lat="49.149373" lon="20.167069"><ele>1531.2</ele></trkpt>
      <trkpt lat="49.149350" lon="20.167088"><ele>1531.0</ele></trkpt>
      <trkpt lat="49.149331" lon="20.167107"><ele>1530.8</ele></trkpt>
      <trkpt lat="49.149315" lon="20.167126"><ele>1530.6</ele></trkpt>
      <trkpt lat="49.149299" lon="20.167144"><ele>1530.6</ele></trkpt>
      <trkpt lat="49.149283" lon="20.167163"><ele>1530.2</ele></trkpt>
      <trkpt lat="49.149266" lon="20.167185"><ele>1530.0</ele></trkpt>
      <trkpt lat="49.149254" lon="20.167200"><ele>1529.8</ele></trkpt>
      <trkpt lat="49.149238" lon="20.167218"><ele>1529.4</ele></trkpt>
      <trkpt lat="49.149222" lon="20.167243"><ele>1528.4</ele></trkpt>
      <trkpt lat="49.149194" lon="20.167286"><ele>1527.8</ele></trkpt>
      <trkpt lat="49.149174" lon="20.167312"><ele>1527.4</ele></trkpt>
      <trkpt lat="49.149162" lon="20.167342"><ele>1527.2</ele></trkpt>
      <trkpt lat="49.149146" lon="20.167378"><ele>1526.8</ele></trkpt>
      <trkpt lat="49.149126" lon="20.167405"><ele>1526.6</ele></trkpt>
      <trkpt lat="49.149110" lon="20.167426"><ele>1526.2</ele></trkpt>
      <trkpt lat="49.149094" lon="20.167446"><ele>1526.0</ele></trkpt>
      <trkpt lat="49.149072" lon="20.167470"><ele>1525.6</ele></trkpt>
      <trkpt lat="49.149046" lon="20.167486"><ele>1525.2</ele></trkpt>
      <trkpt lat="49.149027" lon="20.167509"><ele>1525.0</ele></trkpt>
      <trkpt lat="49.149012" lon="20.167540"><ele>1524.6</ele></trkpt>
      <trkpt lat="49.148995" lon="20.167605"><ele>1523.8</ele></trkpt>
      <trkpt lat="49.148995" lon="20.167640"><ele>1523.4</ele></trkpt>
      <trkpt lat="49.148995" lon="20.167675"><ele>1523.0</ele></trkpt>
      <trkpt lat="49.148986" lon="20.167707"><ele>1522.8</ele></trkpt>
      <trkpt lat="49.148982" lon="20.167742"><ele>1522.6</ele></trkpt>
      <trkpt lat="49.148979" lon="20.167778"><ele>1522.6</ele></trkpt>
      <trkpt lat="49.148973" lon="20.167806"><ele>1522.4</ele></trkpt>
      <trkpt lat="49.148960" lon="20.167834"><ele>1522.4</ele></trkpt>
      <trkpt lat="49.148947" lon="20.167854"><ele>1522.4</ele></trkpt>
      <trkpt lat="49.148928" lon="20.167874"><ele>1522.4</ele></trkpt>
      <trkpt lat="49.148914" lon="20.167892"><ele>1522.4</ele></trkpt>
      <trkpt lat="49.148899" lon="20.167910"><ele>1522.2</ele></trkpt>
      <trkpt lat="49.148886" lon="20.167933"><ele>1522.2</ele></trkpt>
      <trkpt lat="49.148858" lon="20.167960"><ele>1521.8</ele></trkpt>
      <trkpt lat="49.148826" lon="20.167986"><ele>1521.4</ele></trkpt>
      <trkpt lat="49.148797" lon="20.168013"><ele>1520.8</ele></trkpt>
      <trkpt lat="49.148784" lon="20.168034"><ele>1520.4</ele></trkpt>
      <trkpt lat="49.148755" lon="20.168066"><ele>1519.6</ele></trkpt>
      <trkpt lat="49.148736" lon="20.168082"><ele>1519.2</ele></trkpt>
      <trkpt lat="49.148714" lon="20.168104"><ele>1519.0</ele></trkpt>
      <trkpt lat="49.148694" lon="20.168126"><ele>1518.6</ele></trkpt>
      <trkpt lat="49.148678" lon="20.168152"><ele>1518.2</ele></trkpt>
      <trkpt lat="49.148656" lon="20.168173"><ele>1517.8</ele></trkpt>
      <trkpt lat="49.148634" lon="20.168192"><ele>1517.6</ele></trkpt>
      <trkpt lat="49.148614" lon="20.168216"><ele>1517.2</ele></trkpt>
      <trkpt lat="49.148598" lon="20.168248"><ele>1517.0</ele></trkpt>
      <trkpt lat="49.148582" lon="20.168272"><ele>1516.6</ele></trkpt>
      <trkpt lat="49.148570" lon="20.168298"><ele>1516.2</ele></trkpt>
      <trkpt lat="49.148556" lon="20.168329"><ele>1516.0</ele></trkpt>
      <trkpt lat="49.148547" lon="20.168349"><ele>1515.8</ele></trkpt>
      <trkpt lat="49.148534" lon="20.168373"><ele>1515.4</ele></trkpt>
      <trkpt lat="49.148515" lon="20.168394"><ele>1515.2</ele></trkpt>
      <trkpt lat="49.148499" lon="20.168408"><ele>1515.0</ele></trkpt>
      <trkpt lat="49.148480" lon="20.168432"><ele>1514.8</ele></trkpt>
      <trkpt lat="49.148461" lon="20.168461"><ele>1514.2</ele></trkpt>
      <trkpt lat="49.148445" lon="20.168501"><ele>1513.8</ele></trkpt>
      <trkpt lat="49.148435" lon="20.168533"><ele>1513.8</ele></trkpt>
      <trkpt lat="49.148426" lon="20.168560"><ele>1514.0</ele></trkpt>
      <trkpt lat="49.148416" lon="20.168586"><ele>1514.0</ele></trkpt>
      <trkpt lat="49.148403" lon="20.168613"><ele>1514.2</ele></trkpt>
      <trkpt lat="49.148390" lon="20.168648"><ele>1514.2</ele></trkpt>
      <trkpt lat="49.148371" lon="20.168677"><ele>1514.4</ele></trkpt>
      <trkpt lat="49.148352" lon="20.168712"><ele>1514.4</ele></trkpt>
      <trkpt lat="49.148339" lon="20.168747"><ele>1514.4</ele></trkpt>
      <trkpt lat="49.148310" lon="20.168792"><ele>1514.6</ele></trkpt>
      <trkpt lat="49.148301" lon="20.168832"><ele>1514.6</ele></trkpt>
      <trkpt lat="49.148278" lon="20.168878"><ele>1514.4</ele></trkpt>
      <trkpt lat="49.148262" lon="20.168918"><ele>1514.2</ele></trkpt>
      <trkpt lat="49.148243" lon="20.168936"><ele>1514.0</ele></trkpt>
      <trkpt lat="49.148173" lon="20.168947"><ele>1513.8</ele></trkpt>
      <trkpt lat="49.148122" lon="20.168968"><ele>1513.6</ele></trkpt>
      <trkpt lat="49.148102" lon="20.169003"><ele>1513.4</ele></trkpt>
      <trkpt lat="49.148061" lon="20.169030"><ele>1513.4</ele></trkpt>
      <trkpt lat="49.148038" lon="20.169059"><ele>1513.2</ele></trkpt>
      <trkpt lat="49.148019" lon="20.169077"><ele>1513.0</ele></trkpt>
      <trkpt lat="49.148000" lon="20.169086"><ele>1512.6</ele></trkpt>
      <trkpt lat="49.147974" lon="20.169112"><ele>1512.6</ele></trkpt>
      <trkpt lat="49.147968" lon="20.169152"><ele>1512.0</ele></trkpt>
      <trkpt lat="49.147958" lon="20.169178"><ele>1511.6</ele></trkpt>
      <trkpt lat="49.147942" lon="20.169208"><ele>1511.4</ele></trkpt>
      <trkpt lat="49.147933" lon="20.169237"><ele>1510.4</ele></trkpt>
      <trkpt lat="49.147904" lon="20.169227"><ele>1509.0</ele></trkpt>
      <trkpt lat="49.147885" lon="20.169237"><ele>1508.6</ele></trkpt>
      <trkpt lat="49.147862" lon="20.169238"><ele>1508.2</ele></trkpt>
      <trkpt lat="49.147840" lon="20.169246"><ele>1508.0</ele></trkpt>
      <trkpt lat="49.147821" lon="20.169263"><ele>1507.6</ele></trkpt>
      <trkpt lat="49.147808" lon="20.169274"><ele>1507.4</ele></trkpt>
      <trkpt lat="49.147789" lon="20.169310"><ele>1506.8</ele></trkpt>
      <trkpt lat="49.147770" lon="20.169360"><ele>1506.6</ele></trkpt>
      <trkpt lat="49.147747" lon="20.169384"><ele>1506.4</ele></trkpt>
      <trkpt lat="49.147728" lon="20.169411"><ele>1506.4</ele></trkpt>
      <trkpt lat="49.147709" lon="20.169445"><ele>1506.4</ele></trkpt>
      <trkpt lat="49.147693" lon="20.169475"><ele>1506.4</ele></trkpt>
      <trkpt lat="49.147683" lon="20.169526"><ele>1506.4</ele></trkpt>
      <trkpt lat="49.147674" lon="20.169550"><ele>1506.4</ele></trkpt>
      <trkpt lat="49.147654" lon="20.169571"><ele>1506.2</ele></trkpt>
      <trkpt lat="49.147629" lon="20.169598"><ele>1506.0</ele></trkpt>
      <trkpt lat="49.147610" lon="20.169621"><ele>1505.8</ele></trkpt>
      <trkpt lat="49.147584" lon="20.169650"><ele>1505.0</ele></trkpt>
      <trkpt lat="49.147552" lon="20.169653"><ele>1504.4</ele></trkpt>
      <trkpt lat="49.147530" lon="20.169654"><ele>1504.0</ele></trkpt>
      <trkpt lat="49.147498" lon="20.169662"><ele>1503.6</ele></trkpt>
      <trkpt lat="49.147475" lon="20.169670"><ele>1502.8</ele></trkpt>
      <trkpt lat="49.147443" lon="20.169693"><ele>1502.0</ele></trkpt>
      <trkpt lat="49.147418" lon="20.169706"><ele>1501.6</ele></trkpt>
      <trkpt lat="49.147394" lon="20.169717"><ele>1501.2</ele></trkpt>
      <trkpt lat="49.147376" lon="20.169725"><ele>1501.0</ele></trkpt>
      <trkpt lat="49.147362" lon="20.169742"><ele>1500.8</ele></trkpt>
      <trkpt lat="49.147347" lon="20.169760"><ele>1500.6</ele></trkpt>
      <trkpt lat="49.147328" lon="20.169778"><ele>1500.4</ele></trkpt>
      <trkpt lat="49.147306" lon="20.169792"><ele>1500.0</ele></trkpt>
      <trkpt lat="49.147283" lon="20.169794"><ele>1499.8</ele></trkpt>
      <trkpt lat="49.147258" lon="20.169803"><ele>1499.4</ele></trkpt>
      <trkpt lat="49.147245" lon="20.169815"><ele>1499.0</ele></trkpt>
      <trkpt lat="49.147226" lon="20.169834"><ele>1498.8</ele></trkpt>
      <trkpt lat="49.147213" lon="20.169862"><ele>1497.8</ele></trkpt>
      <trkpt lat="49.147206" lon="20.169904"><ele>1497.0</ele></trkpt>
      <trkpt lat="49.147190" lon="20.169930"><ele>1496.4</ele></trkpt>
      <trkpt lat="49.147158" lon="20.169952"><ele>1496.2</ele></trkpt>
      <trkpt lat="49.147126" lon="20.169994"><ele>1495.6</ele></trkpt>
      <trkpt lat="49.147114" lon="20.170019"><ele>1495.4</ele></trkpt>
      <trkpt lat="49.147098" lon="20.170066"><ele>1494.8</ele></trkpt>
      <trkpt lat="49.147072" lon="20.170106"><ele>1494.4</ele></trkpt>
      <trkpt lat="49.147046" lon="20.170120"><ele>1494.2</ele></trkpt>
      <trkpt lat="49.147018" lon="20.170149"><ele>1493.6</ele></trkpt>
      <trkpt lat="49.146989" lon="20.170171"><ele>1493.0</ele></trkpt>
      <trkpt lat="49.146970" lon="20.170192"><ele>1492.2</ele></trkpt>
      <trkpt lat="49.146957" lon="20.170218"><ele>1491.0</ele></trkpt>
      <trkpt lat="49.146934" lon="20.170226"><ele>1490.2</ele></trkpt>
      <trkpt lat="49.146915" lon="20.170238"><ele>1489.8</ele></trkpt>
      <trkpt lat="49.146896" lon="20.170278"><ele>1489.0</ele></trkpt>
      <trkpt lat="49.146874" lon="20.170306"><ele>1488.4</ele></trkpt>
      <trkpt lat="49.146854" lon="20.170323"><ele>1488.2</ele></trkpt>
      <trkpt lat="49.146835" lon="20.170339"><ele>1487.8</ele></trkpt>
      <trkpt lat="49.146819" lon="20.170355"><ele>1487.4</ele></trkpt>
      <trkpt lat="49.146800" lon="20.170375"><ele>1487.0</ele></trkpt>
      <trkpt lat="49.146781" lon="20.170394"><ele>1486.6</ele></trkpt>
      <trkpt lat="49.146762" lon="20.170406"><ele>1486.0</ele></trkpt>
      <trkpt lat="49.146739" lon="20.170426"><ele>1485.6</ele></trkpt>
      <trkpt lat="49.146723" lon="20.170438"><ele>1485.2</ele></trkpt>
      <trkpt lat="49.146701" lon="20.170454"><ele>1484.8</ele></trkpt>
      <trkpt lat="49.146688" lon="20.170477"><ele>1484.4</ele></trkpt>
      <trkpt lat="49.146675" lon="20.170499"><ele>1483.8</ele></trkpt>
      <trkpt lat="49.146643" lon="20.170530"><ele>1483.4</ele></trkpt>
      <trkpt lat="49.146624" lon="20.170557"><ele>1483.0</ele></trkpt>
      <trkpt lat="49.146607" lon="20.170586"><ele>1482.6</ele></trkpt>
      <trkpt lat="49.146595" lon="20.170608"><ele>1482.2</ele></trkpt>
      <trkpt lat="49.146576" lon="20.170637"><ele>1481.4</ele></trkpt>
      <trkpt lat="49.146554" lon="20.170658"><ele>1480.8</ele></trkpt>
      <trkpt lat="49.146538" lon="20.170693"><ele>1480.4</ele></trkpt>
      <trkpt lat="49.146518" lon="20.170733"><ele>1479.6</ele></trkpt>
      <trkpt lat="49.146499" lon="20.170762"><ele>1479.4</ele></trkpt>
      <trkpt lat="49.146477" lon="20.170786"><ele>1479.0</ele></trkpt>
      <trkpt lat="49.146458" lon="20.170806"><ele>1478.8</ele></trkpt>
      <trkpt lat="49.146442" lon="20.170827"><ele>1478.4</ele></trkpt>
      <trkpt lat="49.146426" lon="20.170853"><ele>1478.2</ele></trkpt>
      <trkpt lat="49.146403" lon="20.170877"><ele>1478.0</ele></trkpt>
      <trkpt lat="49.146352" lon="20.170926"><ele>1477.8</ele></trkpt>
      <trkpt lat="49.146320" lon="20.170960"><ele>1477.6</ele></trkpt>
      <trkpt lat="49.146285" lon="20.170998"><ele>1477.4</ele></trkpt>
      <trkpt lat="49.146246" lon="20.171029"><ele>1477.2</ele></trkpt>
      <trkpt lat="49.146224" lon="20.171050"><ele>1476.8</ele></trkpt>
      <trkpt lat="49.146198" lon="20.171074"><ele>1476.2</ele></trkpt>
      <trkpt lat="49.146163" lon="20.171102"><ele>1475.6</ele></trkpt>
      <trkpt lat="49.146144" lon="20.171120"><ele>1475.2</ele></trkpt>
      <trkpt lat="49.146122" lon="20.171134"><ele>1475.0</ele></trkpt>
      <trkpt lat="49.146102" lon="20.171146"><ele>1474.4</ele></trkpt>
      <trkpt lat="49.146080" lon="20.171158"><ele>1474.0</ele></trkpt>
      <trkpt lat="49.146061" lon="20.171170"><ele>1473.6</ele></trkpt>
      <trkpt lat="49.146032" lon="20.171181"><ele>1473.0</ele></trkpt>
      <trkpt lat="49.146006" lon="20.171194"><ele>1472.4</ele></trkpt>
      <trkpt lat="49.145990" lon="20.171216"><ele>1471.8</ele></trkpt>
      <trkpt lat="49.145974" lon="20.171238"><ele>1471.4</ele></trkpt>
      <trkpt lat="49.145946" lon="20.171269"><ele>1470.8</ele></trkpt>
      <trkpt lat="49.145926" lon="20.171301"><ele>1470.4</ele></trkpt>
      <trkpt lat="49.145904" lon="20.171331"><ele>1470.0</ele></trkpt>
      <trkpt lat="49.145869" lon="20.171366"><ele>1469.6</ele></trkpt>
      <trkpt lat="49.145827" lon="20.171413"><ele>1469.4</ele></trkpt>
      <trkpt lat="49.145789" lon="20.171470"><ele>1469.0</ele></trkpt>
      <trkpt lat="49.145763" lon="20.171525"><ele>1468.8</ele></trkpt>
      <trkpt lat="49.145738" lon="20.171555"><ele>1468.4</ele></trkpt>
      <trkpt lat="49.145699" lon="20.171600"><ele>1468.2</ele></trkpt>
      <trkpt lat="49.145667" lon="20.171642"><ele>1468.0</ele></trkpt>
      <trkpt lat="49.145638" lon="20.171680"><ele>1467.8</ele></trkpt>
      <trkpt lat="49.145597" lon="20.171723"><ele>1467.4</ele></trkpt>
      <trkpt lat="49.145558" lon="20.171765"><ele>1467.2</ele></trkpt>
      <trkpt lat="49.145526" lon="20.171800"><ele>1467.0</ele></trkpt>
      <trkpt lat="49.145507" lon="20.171826"><ele>1466.8</ele></trkpt>
      <trkpt lat="49.145482" lon="20.171843"><ele>1466.4</ele></trkpt>
      <trkpt lat="49.145482" lon="20.171890"><ele>1465.8</ele></trkpt>
      <trkpt lat="49.145450" lon="20.171890"><ele>1465.0</ele></trkpt>
      <trkpt lat="49.145424" lon="20.171888"><ele>1464.2</ele></trkpt>
      <trkpt lat="49.145398" lon="20.171909"><ele>1463.4</ele></trkpt>
      <trkpt lat="49.145379" lon="20.171934"><ele>1462.4</ele></trkpt>
      <trkpt lat="49.145350" lon="20.171976"><ele>1461.4</ele></trkpt>
      <trkpt lat="49.145338" lon="20.172024"><ele>1460.6</ele></trkpt>
      <trkpt lat="49.145328" lon="20.172053"><ele>1460.4</ele></trkpt>
      <trkpt lat="49.145306" lon="20.172094"><ele>1459.8</ele></trkpt>
      <trkpt lat="49.145299" lon="20.172123"><ele>1459.6</ele></trkpt>
      <trkpt lat="49.145283" lon="20.172154"><ele>1459.4</ele></trkpt>
      <trkpt lat="49.145267" lon="20.172176"><ele>1459.0</ele></trkpt>
      <trkpt lat="49.145248" lon="20.172195"><ele>1458.8</ele></trkpt>
      <trkpt lat="49.145229" lon="20.172218"><ele>1458.4</ele></trkpt>
      <trkpt lat="49.145213" lon="20.172242"><ele>1458.2</ele></trkpt>
      <trkpt lat="49.145200" lon="20.172264"><ele>1457.8</ele></trkpt>
      <trkpt lat="49.145187" lon="20.172285"><ele>1457.4</ele></trkpt>
      <trkpt lat="49.145171" lon="20.172306"><ele>1457.0</ele></trkpt>
      <trkpt lat="49.145158" lon="20.172331"><ele>1456.8</ele></trkpt>
      <trkpt lat="49.145142" lon="20.172354"><ele>1456.6</ele></trkpt>
      <trkpt lat="49.145130" lon="20.172374"><ele>1456.2</ele></trkpt>
      <trkpt lat="49.145130" lon="20.172413"><ele>1455.6</ele></trkpt>
      <trkpt lat="49.145133" lon="20.172453"><ele>1454.6</ele></trkpt>
      <trkpt lat="49.145133" lon="20.172488"><ele>1454.2</ele></trkpt>
      <trkpt lat="49.145133" lon="20.172523"><ele>1453.6</ele></trkpt>
      <trkpt lat="49.145107" lon="20.172555"><ele>1453.0</ele></trkpt>
      <trkpt lat="49.145101" lon="20.172587"><ele>1452.6</ele></trkpt>
      <trkpt lat="49.145091" lon="20.172614"><ele>1452.4</ele></trkpt>
      <trkpt lat="49.145082" lon="20.172658"><ele>1452.4</ele></trkpt>
      <trkpt lat="49.145066" lon="20.172678"><ele>1452.6</ele></trkpt>
      <trkpt lat="49.145053" lon="20.172702"><ele>1452.4</ele></trkpt>
      <trkpt lat="49.145043" lon="20.172752"><ele>1452.4</ele></trkpt>
      <trkpt lat="49.145030" lon="20.172779"><ele>1452.2</ele></trkpt>
      <trkpt lat="49.145021" lon="20.172803"><ele>1452.0</ele></trkpt>
      <trkpt lat="49.145008" lon="20.172826"><ele>1451.6</ele></trkpt>
      <trkpt lat="49.144995" lon="20.172867"><ele>1451.0</ele></trkpt>
      <trkpt lat="49.144995" lon="20.172918"><ele>1450.6</ele></trkpt>
      <trkpt lat="49.144992" lon="20.172949"><ele>1450.2</ele></trkpt>
      <trkpt lat="49.144989" lon="20.172976"><ele>1449.8</ele></trkpt>
      <trkpt lat="49.144989" lon="20.173019"><ele>1449.4</ele></trkpt>
      <trkpt lat="49.144992" lon="20.173051"><ele>1449.4</ele></trkpt>
      <trkpt lat="49.144989" lon="20.173080"><ele>1449.2</ele></trkpt>
      <trkpt lat="49.144986" lon="20.173107"><ele>1449.2</ele></trkpt>
      <trkpt lat="49.144992" lon="20.173136"><ele>1449.2</ele></trkpt>
      <trkpt lat="49.144995" lon="20.173168"><ele>1449.2</ele></trkpt>
      <trkpt lat="49.144989" lon="20.173203"><ele>1449.2</ele></trkpt>
      <trkpt lat="49.144976" lon="20.173230"><ele>1449.2</ele></trkpt>
      <trkpt lat="49.144966" lon="20.173262"><ele>1449.2</ele></trkpt>
      <trkpt lat="49.144954" lon="20.173309"><ele>1449.2</ele></trkpt>
      <trkpt lat="49.144941" lon="20.173349"><ele>1448.8</ele></trkpt>
      <trkpt lat="49.144928" lon="20.173386"><ele>1448.0</ele></trkpt>
      <trkpt lat="49.144922" lon="20.173414"><ele>1447.8</ele></trkpt>
      <trkpt lat="49.144906" lon="20.173445"><ele>1447.4</ele></trkpt>
      <trkpt lat="49.144896" lon="20.173475"><ele>1447.2</ele></trkpt>
      <trkpt lat="49.144890" lon="20.173506"><ele>1447.0</ele></trkpt>
      <trkpt lat="49.144877" lon="20.173536"><ele>1446.6</ele></trkpt>
      <trkpt lat="49.144861" lon="20.173558"><ele>1446.4</ele></trkpt>
      <trkpt lat="49.144845" lon="20.173586"><ele>1446.2</ele></trkpt>
      <trkpt lat="49.144832" lon="20.173614"><ele>1446.0</ele></trkpt>
      <trkpt lat="49.144830" lon="20.173637"><ele>1445.6</ele></trkpt>
      <trkpt lat="49.144826" lon="20.173672"><ele>1445.2</ele></trkpt>
      <trkpt lat="49.144826" lon="20.173701"><ele>1445.0</ele></trkpt>
      <trkpt lat="49.144826" lon="20.173731"><ele>1444.6</ele></trkpt>
      <trkpt lat="49.144826" lon="20.173765"><ele>1444.4</ele></trkpt>
      <trkpt lat="49.144816" lon="20.173810"><ele>1444.2</ele></trkpt>
      <trkpt lat="49.144810" lon="20.173843"><ele>1444.0</ele></trkpt>
      <trkpt lat="49.144803" lon="20.173874"><ele>1443.6</ele></trkpt>
      <trkpt lat="49.144794" lon="20.173906"><ele>1443.2</ele></trkpt>
      <trkpt lat="49.144790" lon="20.173934"><ele>1443.0</ele></trkpt>
      <trkpt lat="49.144790" lon="20.173963"><ele>1442.6</ele></trkpt>
      <trkpt lat="49.144787" lon="20.174011"><ele>1442.0</ele></trkpt>
      <trkpt lat="49.144771" lon="20.174062"><ele>1441.4</ele></trkpt>
      <trkpt lat="49.144762" lon="20.174098"><ele>1441.0</ele></trkpt>
      <trkpt lat="49.144746" lon="20.174130"><ele>1440.8</ele></trkpt>
      <trkpt lat="49.144730" lon="20.174162"><ele>1440.6</ele></trkpt>
      <trkpt lat="49.144717" lon="20.174198"><ele>1440.4</ele></trkpt>
      <trkpt lat="49.144710" lon="20.174232"><ele>1440.2</ele></trkpt>
      <trkpt lat="49.144707" lon="20.174262"><ele>1440.0</ele></trkpt>
      <trkpt lat="49.144707" lon="20.174298"><ele>1439.8</ele></trkpt>
      <trkpt lat="49.144698" lon="20.174326"><ele>1439.6</ele></trkpt>
      <trkpt lat="49.144688" lon="20.174355"><ele>1439.4</ele></trkpt>
      <trkpt lat="49.144675" lon="20.174378"><ele>1439.2</ele></trkpt>
      <trkpt lat="49.144661" lon="20.174395"><ele>1438.8</ele></trkpt>
      <trkpt lat="49.144646" lon="20.174411"><ele>1438.4</ele></trkpt>
      <trkpt lat="49.144627" lon="20.174448"><ele>1437.8</ele></trkpt>
      <trkpt lat="49.144614" lon="20.174469"><ele>1437.4</ele></trkpt>
      <trkpt lat="49.144595" lon="20.174494"><ele>1436.6</ele></trkpt>
      <trkpt lat="49.144573" lon="20.174520"><ele>1436.0</ele></trkpt>
      <trkpt lat="49.144554" lon="20.174546"><ele>1435.4</ele></trkpt>
      <trkpt lat="49.144531" lon="20.174581"><ele>1434.6</ele></trkpt>
      <trkpt lat="49.144515" lon="20.174603"><ele>1434.4</ele></trkpt>
      <trkpt lat="49.144506" lon="20.174627"><ele>1434.0</ele></trkpt>
      <trkpt lat="49.144493" lon="20.174654"><ele>1433.8</ele></trkpt>
      <trkpt lat="49.144474" lon="20.174693"><ele>1433.4</ele></trkpt>
      <trkpt lat="49.144464" lon="20.174725"><ele>1433.2</ele></trkpt>
      <trkpt lat="49.144451" lon="20.174755"><ele>1432.8</ele></trkpt>
      <trkpt lat="49.144435" lon="20.174784"><ele>1432.4</ele></trkpt>
      <trkpt lat="49.144426" lon="20.174813"><ele>1432.0</ele></trkpt>
      <trkpt lat="49.144410" lon="20.174842"><ele>1431.6</ele></trkpt>
      <trkpt lat="49.144397" lon="20.174864"><ele>1431.2</ele></trkpt>
      <trkpt lat="49.144374" lon="20.174894"><ele>1430.4</ele></trkpt>
      <trkpt lat="49.144349" lon="20.174925"><ele>1429.6</ele></trkpt>
      <trkpt lat="49.144333" lon="20.174957"><ele>1428.8</ele></trkpt>
      <trkpt lat="49.144310" lon="20.174992"><ele>1428.0</ele></trkpt>
      <trkpt lat="49.144298" lon="20.175013"><ele>1427.6</ele></trkpt>
      <trkpt lat="49.144288" lon="20.175037"><ele>1427.2</ele></trkpt>
      <trkpt lat="49.144275" lon="20.175058"><ele>1426.8</ele></trkpt>
      <trkpt lat="49.144261" lon="20.175081"><ele>1426.4</ele></trkpt>
      <trkpt lat="49.144246" lon="20.175104"><ele>1426.0</ele></trkpt>
      <trkpt lat="49.144230" lon="20.175126"><ele>1425.8</ele></trkpt>
      <trkpt lat="49.144214" lon="20.175146"><ele>1425.4</ele></trkpt>
      <trkpt lat="49.144202" lon="20.175170"><ele>1425.0</ele></trkpt>
      <trkpt lat="49.144176" lon="20.175198"><ele>1424.6</ele></trkpt>
      <trkpt lat="49.144157" lon="20.175235"><ele>1424.0</ele></trkpt>
      <trkpt lat="49.144150" lon="20.175266"><ele>1423.6</ele></trkpt>
      <trkpt lat="49.144157" lon="20.175296"><ele>1423.0</ele></trkpt>
      <trkpt lat="49.144186" lon="20.175312"><ele>1422.6</ele></trkpt>
      <trkpt lat="49.144208" lon="20.175314"><ele>1422.6</ele></trkpt>
      <trkpt lat="49.144230" lon="20.175315"><ele>1422.4</ele></trkpt>
      <trkpt lat="49.144253" lon="20.175320"><ele>1422.4</ele></trkpt>
      <trkpt lat="49.144272" lon="20.175322"><ele>1422.2</ele></trkpt>
      <trkpt lat="49.144294" lon="20.175330"><ele>1422.0</ele></trkpt>
      <trkpt lat="49.144314" lon="20.175333"><ele>1422.0</ele></trkpt>
      <trkpt lat="49.144336" lon="20.175338"><ele>1421.8</ele></trkpt>
      <trkpt lat="49.144358" lon="20.175338"><ele>1421.6</ele></trkpt>
      <trkpt lat="49.144387" lon="20.175339"><ele>1421.2</ele></trkpt>
      <trkpt lat="49.144416" lon="20.175331"><ele>1420.8</ele></trkpt>
      <trkpt lat="49.144445" lon="20.175330"><ele>1420.4</ele></trkpt>
      <trkpt lat="49.144464" lon="20.175330"><ele>1420.4</ele></trkpt>
      <trkpt lat="49.144477" lon="20.175355"><ele>1420.4</ele></trkpt>
      <trkpt lat="49.144506" lon="20.175349"><ele>1420.0</ele></trkpt>
      <trkpt lat="49.144525" lon="20.175346"><ele>1419.6</ele></trkpt>
      <trkpt lat="49.144544" lon="20.175352"><ele>1419.4</ele></trkpt>
      <trkpt lat="49.144576" lon="20.175362"><ele>1418.8</ele></trkpt>
      <trkpt lat="49.144605" lon="20.175365"><ele>1418.4</ele></trkpt>
      <trkpt lat="49.144634" lon="20.175368"><ele>1417.8</ele></trkpt>
      <trkpt lat="49.144662" lon="20.175365"><ele>1417.2</ele></trkpt>
      <trkpt lat="49.144682" lon="20.175373"><ele>1417.0</ele></trkpt>
      <trkpt lat="49.144704" lon="20.175381"><ele>1416.8</ele></trkpt>
      <trkpt lat="49.144723" lon="20.175384"><ele>1416.4</ele></trkpt>
      <trkpt lat="49.144746" lon="20.175381"><ele>1416.4</ele></trkpt>
      <trkpt lat="49.144765" lon="20.175419"><ele>1415.8</ele></trkpt>
      <trkpt lat="49.144768" lon="20.175461"><ele>1415.6</ele></trkpt>
      <trkpt lat="49.144765" lon="20.175501"><ele>1415.2</ele></trkpt>
      <trkpt lat="49.144762" lon="20.175536"><ele>1414.8</ele></trkpt>
      <trkpt lat="49.144746" lon="20.175582"><ele>1414.4</ele></trkpt>
      <trkpt lat="49.144723" lon="20.175618"><ele>1414.0</ele></trkpt>
      <trkpt lat="49.144707" lon="20.175648"><ele>1413.8</ele></trkpt>
      <trkpt lat="49.144710" lon="20.175678"><ele>1413.8</ele></trkpt>
      <trkpt lat="49.144710" lon="20.175710"><ele>1413.6</ele></trkpt>
      <trkpt lat="49.144707" lon="20.175752"><ele>1413.2</ele></trkpt>
      <trkpt lat="49.144691" lon="20.175787"><ele>1413.0</ele></trkpt>
      <trkpt lat="49.144685" lon="20.175816"><ele>1412.6</ele></trkpt>
      <trkpt lat="49.144675" lon="20.175846"><ele>1412.6</ele></trkpt>
      <trkpt lat="49.144672" lon="20.175899"><ele>1411.4</ele></trkpt>
      <trkpt lat="49.144656" lon="20.175946"><ele>1410.4</ele></trkpt>
      <trkpt lat="49.144646" lon="20.175970"><ele>1410.0</ele></trkpt>
      <trkpt lat="49.144634" lon="20.176005"><ele>1409.6</ele></trkpt>
      <trkpt lat="49.144630" lon="20.176043"><ele>1409.4</ele></trkpt>
      <trkpt lat="49.144627" lon="20.176094"><ele>1409.0</ele></trkpt>
      <trkpt lat="49.144627" lon="20.176130"><ele>1408.8</ele></trkpt>
      <trkpt lat="49.144630" lon="20.176163"><ele>1408.4</ele></trkpt>
      <trkpt lat="49.144634" lon="20.176202"><ele>1408.2</ele></trkpt>
      <trkpt lat="49.144634" lon="20.176234"><ele>1407.8</ele></trkpt>
      <trkpt lat="49.144637" lon="20.176266"><ele>1407.4</ele></trkpt>
      <trkpt lat="49.144637" lon="20.176306"><ele>1407.2</ele></trkpt>
      <trkpt lat="49.144634" lon="20.176328"><ele>1406.8</ele></trkpt>
      <trkpt lat="49.144630" lon="20.176362"><ele>1406.4</ele></trkpt>
      <trkpt lat="49.144634" lon="20.176390"><ele>1405.6</ele></trkpt>
      <trkpt lat="49.144624" lon="20.176427"><ele>1404.8</ele></trkpt>
      <trkpt lat="49.144605" lon="20.176470"><ele>1404.2</ele></trkpt>
      <trkpt lat="49.144595" lon="20.176499"><ele>1404.0</ele></trkpt>
      <trkpt lat="49.144589" lon="20.176526"><ele>1403.6</ele></trkpt>
      <trkpt lat="49.144582" lon="20.176554"><ele>1403.6</ele></trkpt>
      <trkpt lat="49.144576" lon="20.176582"><ele>1403.4</ele></trkpt>
      <trkpt lat="49.144573" lon="20.176610"><ele>1403.2</ele></trkpt>
      <trkpt lat="49.144576" lon="20.176654"><ele>1402.8</ele></trkpt>
      <trkpt lat="49.144563" lon="20.176696"><ele>1402.4</ele></trkpt>
      <trkpt lat="49.144557" lon="20.176742"><ele>1402.0</ele></trkpt>
      <trkpt lat="49.144563" lon="20.176795"><ele>1401.2</ele></trkpt>
      <trkpt lat="49.144566" lon="20.176829"><ele>1401.0</ele></trkpt>
      <trkpt lat="49.144573" lon="20.176874"><ele>1400.2</ele></trkpt>
      <trkpt lat="49.144582" lon="20.176909"><ele>1399.6</ele></trkpt>
      <trkpt lat="49.144592" lon="20.176938"><ele>1399.0</ele></trkpt>
      <trkpt lat="49.144586" lon="20.176979"><ele>1398.2</ele></trkpt>
      <trkpt lat="49.144566" lon="20.177010"><ele>1398.0</ele></trkpt>
      <trkpt lat="49.144557" lon="20.177034"><ele>1397.6</ele></trkpt>
      <trkpt lat="49.144557" lon="20.177086"><ele>1396.8</ele></trkpt>
      <trkpt lat="49.144554" lon="20.177136"><ele>1396.0</ele></trkpt>
      <trkpt lat="49.144554" lon="20.177165"><ele>1395.6</ele></trkpt>
      <trkpt lat="49.144554" lon="20.177202"><ele>1395.0</ele></trkpt>
      <trkpt lat="49.144557" lon="20.177251"><ele>1394.2</ele></trkpt>
      <trkpt lat="49.144570" lon="20.177280"><ele>1393.6</ele></trkpt>
      <trkpt lat="49.144582" lon="20.177307"><ele>1393.2</ele></trkpt>
      <trkpt lat="49.144598" lon="20.177326"><ele>1392.6</ele></trkpt>
      <trkpt lat="49.144614" lon="20.177344"><ele>1392.2</ele></trkpt>
      <trkpt lat="49.144643" lon="20.177368"><ele>1391.4</ele></trkpt>
      <trkpt lat="49.144666" lon="20.177394"><ele>1391.0</ele></trkpt>
      <trkpt lat="49.144682" lon="20.177413"><ele>1390.4</ele></trkpt>
      <trkpt lat="49.144691" lon="20.177438"><ele>1390.0</ele></trkpt>
      <trkpt lat="49.144714" lon="20.177477"><ele>1389.0</ele></trkpt>
      <trkpt lat="49.144736" lon="20.177525"><ele>1388.2</ele></trkpt>
      <trkpt lat="49.144752" lon="20.177549"><ele>1387.8</ele></trkpt>
      <trkpt lat="49.144765" lon="20.177575"><ele>1387.2</ele></trkpt>
      <trkpt lat="49.144774" lon="20.177594"><ele>1386.8</ele></trkpt>
      <trkpt lat="49.144787" lon="20.177614"><ele>1386.4</ele></trkpt>
      <trkpt lat="49.144787" lon="20.177666"><ele>1385.4</ele></trkpt>
      <trkpt lat="49.144790" lon="20.177717"><ele>1384.4</ele></trkpt>
      <trkpt lat="49.144803" lon="20.177744"><ele>1384.0</ele></trkpt>
      <trkpt lat="49.144810" lon="20.177771"><ele>1383.6</ele></trkpt>
      <trkpt lat="49.144813" lon="20.177814"><ele>1382.8</ele></trkpt>
      <trkpt lat="49.144829" lon="20.177845"><ele>1380.8</ele></trkpt>
      <trkpt lat="49.144842" lon="20.177872"><ele>1380.6</ele></trkpt>
      <trkpt lat="49.144854" lon="20.177907"><ele>1380.2</ele></trkpt>
      <trkpt lat="49.144864" lon="20.177931"><ele>1380.0</ele></trkpt>
      <trkpt lat="49.144867" lon="20.177982"><ele>1379.8</ele></trkpt>
      <trkpt lat="49.144867" lon="20.178011"><ele>1379.6</ele></trkpt>
      <trkpt lat="49.144864" lon="20.178050"><ele>1379.4</ele></trkpt>
      <trkpt lat="49.144861" lon="20.178078"><ele>1379.0</ele></trkpt>
      <trkpt lat="49.144851" lon="20.178112"><ele>1378.8</ele></trkpt>
      <trkpt lat="49.144845" lon="20.178144"><ele>1378.4</ele></trkpt>
      <trkpt lat="49.144842" lon="20.178179"><ele>1378.2</ele></trkpt>
      <trkpt lat="49.144835" lon="20.178208"><ele>1378.0</ele></trkpt>
      <trkpt lat="49.144835" lon="20.178237"><ele>1377.6</ele></trkpt>
      <trkpt lat="49.144829" lon="20.178264"><ele>1377.4</ele></trkpt>
      <trkpt lat="49.144822" lon="20.178291"><ele>1377.2</ele></trkpt>
      <trkpt lat="49.144813" lon="20.178328"><ele>1377.0</ele></trkpt>
      <trkpt lat="49.144813" lon="20.178363"><ele>1376.6</ele></trkpt>
      <trkpt lat="49.144816" lon="20.178394"><ele>1376.4</ele></trkpt>
      <trkpt lat="49.144829" lon="20.178418"><ele>1376.0</ele></trkpt>
      <trkpt lat="49.144835" lon="20.178466"><ele>1375.6</ele></trkpt>
      <trkpt lat="49.144832" lon="20.178493"><ele>1375.2</ele></trkpt>
      <trkpt lat="49.144826" lon="20.178542"><ele>1374.6</ele></trkpt>
      <trkpt lat="49.144832" lon="20.178597"><ele>1373.8</ele></trkpt>
      <trkpt lat="49.144832" lon="20.178645"><ele>1373.0</ele></trkpt>
      <trkpt lat="49.144826" lon="20.178672"><ele>1372.6</ele></trkpt>
      <trkpt lat="49.144828" lon="20.178707"><ele>1372.2</ele></trkpt>
      <trkpt lat="49.144829" lon="20.178731"><ele>1371.8</ele></trkpt>
      <trkpt lat="49.144842" lon="20.178758"><ele>1371.4</ele></trkpt>
      <trkpt lat="49.144851" lon="20.178795"><ele>1370.6</ele></trkpt>
      <trkpt lat="49.144864" lon="20.178821"><ele>1369.6</ele></trkpt>
      <trkpt lat="49.144883" lon="20.178838"><ele>1369.0</ele></trkpt>
      <trkpt lat="49.144902" lon="20.178854"><ele>1368.6</ele></trkpt>
      <trkpt lat="49.144919" lon="20.178883"><ele>1368.2</ele></trkpt>
      <trkpt lat="49.144931" lon="20.178902"><ele>1368.0</ele></trkpt>
      <trkpt lat="49.144960" lon="20.178926"><ele>1367.8</ele></trkpt>
      <trkpt lat="49.144973" lon="20.178949"><ele>1367.4</ele></trkpt>
      <trkpt lat="49.144995" lon="20.178965"><ele>1367.2</ele></trkpt>
      <trkpt lat="49.145021" lon="20.178974"><ele>1367.0</ele></trkpt>
      <trkpt lat="49.145040" lon="20.178987"><ele>1366.8</ele></trkpt>
      <trkpt lat="49.145062" lon="20.178998"><ele>1366.8</ele></trkpt>
      <trkpt lat="49.145075" lon="20.179032"><ele>1366.4</ele></trkpt>
      <trkpt lat="49.145094" lon="20.179062"><ele>1366.4</ele></trkpt>
      <trkpt lat="49.145107" lon="20.179109"><ele>1366.6</ele></trkpt>
      <trkpt lat="49.145114" lon="20.179158"><ele>1366.6</ele></trkpt>
      <trkpt lat="49.145130" lon="20.179186"><ele>1366.6</ele></trkpt>
      <trkpt lat="49.145142" lon="20.179213"><ele>1366.6</ele></trkpt>
      <trkpt lat="49.145158" lon="20.179256"><ele>1366.6</ele></trkpt>
      <trkpt lat="49.145184" lon="20.179302"><ele>1366.4</ele></trkpt>
      <trkpt lat="49.145194" lon="20.179331"><ele>1366.2</ele></trkpt>
      <trkpt lat="49.145203" lon="20.179362"><ele>1366.0</ele></trkpt>
      <trkpt lat="49.145206" lon="20.179392"><ele>1365.8</ele></trkpt>
      <trkpt lat="49.145222" lon="20.179422"><ele>1365.2</ele></trkpt>
      <trkpt lat="49.145232" lon="20.179451"><ele>1364.4</ele></trkpt>
      <trkpt lat="49.145229" lon="20.179494"><ele>1363.6</ele></trkpt>
      <trkpt lat="49.145232" lon="20.179530"><ele>1362.8</ele></trkpt>
      <trkpt lat="49.145242" lon="20.179554"><ele>1362.6</ele></trkpt>
      <trkpt lat="49.145251" lon="20.179576"><ele>1362.2</ele></trkpt>
      <trkpt lat="49.145264" lon="20.179608"><ele>1361.8</ele></trkpt>
      <trkpt lat="49.145274" lon="20.179650"><ele>1361.0</ele></trkpt>
      <trkpt lat="49.145274" lon="20.179683"><ele>1360.0</ele></trkpt>
      <trkpt lat="49.145280" lon="20.179722"><ele>1359.8</ele></trkpt>
      <trkpt lat="49.145280" lon="20.179763"><ele>1359.6</ele></trkpt>
      <trkpt lat="49.145270" lon="20.179806"><ele>1359.4</ele></trkpt>
      <trkpt lat="49.145270" lon="20.179838"><ele>1359.2</ele></trkpt>
      <trkpt lat="49.145283" lon="20.179870"><ele>1359.2</ele></trkpt>
      <trkpt lat="49.145283" lon="20.179899"><ele>1358.8</ele></trkpt>
      <trkpt lat="49.145280" lon="20.179930"><ele>1358.2</ele></trkpt>
      <trkpt lat="49.145264" lon="20.179968"><ele>1358.0</ele></trkpt>
      <trkpt lat="49.145251" lon="20.180018"><ele>1357.8</ele></trkpt>
      <trkpt lat="49.145258" lon="20.180070"><ele>1357.6</ele></trkpt>
      <trkpt lat="49.145251" lon="20.180098"><ele>1357.6</ele></trkpt>
      <trkpt lat="49.145251" lon="20.180130"><ele>1357.6</ele></trkpt>
      <trkpt lat="49.145248" lon="20.180166"><ele>1357.4</ele></trkpt>
      <trkpt lat="49.145238" lon="20.180197"><ele>1357.4</ele></trkpt>
      <trkpt lat="49.145229" lon="20.180227"><ele>1357.4</ele></trkpt>
      <trkpt lat="49.145238" lon="20.180275"><ele>1357.4</ele></trkpt>
      <trkpt lat="49.145248" lon="20.180299"><ele>1357.2</ele></trkpt>
      <trkpt lat="49.145264" lon="20.180325"><ele>1357.2</ele></trkpt>
      <trkpt lat="49.145272" lon="20.180344"><ele>1357.2</ele></trkpt>
      <trkpt lat="49.145283" lon="20.180373"><ele>1357.2</ele></trkpt>
      <trkpt lat="49.145290" lon="20.180402"><ele>1357.0</ele></trkpt>
      <trkpt lat="49.145302" lon="20.180429"><ele>1356.8</ele></trkpt>
      <trkpt lat="49.145309" lon="20.180482"><ele>1356.2</ele></trkpt>
      <trkpt lat="49.145306" lon="20.180509"><ele>1355.8</ele></trkpt>
      <trkpt lat="49.145306" lon="20.180538"><ele>1355.4</ele></trkpt>
      <trkpt lat="49.145306" lon="20.180566"><ele>1355.2</ele></trkpt>
      <trkpt lat="49.145318" lon="20.180587"><ele>1354.8</ele></trkpt>
      <trkpt lat="49.145328" lon="20.180618"><ele>1354.4</ele></trkpt>
      <trkpt lat="49.145341" lon="20.180656"><ele>1354.2</ele></trkpt>
      <trkpt lat="49.145357" lon="20.180686"><ele>1354.0</ele></trkpt>
      <trkpt lat="49.145363" lon="20.180720"><ele>1353.8</ele></trkpt>
      <trkpt lat="49.145371" lon="20.180746"><ele>1353.6</ele></trkpt>
      <trkpt lat="49.145379" lon="20.180771"><ele>1353.4</ele></trkpt>
      <trkpt lat="49.145389" lon="20.180795"><ele>1353.2</ele></trkpt>
      <trkpt lat="49.145402" lon="20.180840"><ele>1352.6</ele></trkpt>
      <trkpt lat="49.145411" lon="20.180866"><ele>1352.2</ele></trkpt>
      <trkpt lat="49.145427" lon="20.180896"><ele>1352.0</ele></trkpt>
      <trkpt lat="49.145446" lon="20.180925"><ele>1351.8</ele></trkpt>
      <trkpt lat="49.145456" lon="20.180955"><ele>1351.6</ele></trkpt>
      <trkpt lat="49.145456" lon="20.180989"><ele>1351.4</ele></trkpt>
      <trkpt lat="49.145462" lon="20.181019"><ele>1351.2</ele></trkpt>
      <trkpt lat="49.145469" lon="20.181050"><ele>1351.0</ele></trkpt>
      <trkpt lat="49.145466" lon="20.181080"><ele>1350.8</ele></trkpt>
      <trkpt lat="49.145463" lon="20.181107"><ele>1350.6</ele></trkpt>
      <trkpt lat="49.145459" lon="20.181134"><ele>1350.4</ele></trkpt>
      <trkpt lat="49.145459" lon="20.181168"><ele>1350.2</ele></trkpt>
      <trkpt lat="49.145459" lon="20.181197"><ele>1350.0</ele></trkpt>
      <trkpt lat="49.145462" lon="20.181226"><ele>1349.8</ele></trkpt>
      <trkpt lat="49.145475" lon="20.181248"><ele>1349.6</ele></trkpt>
      <trkpt lat="49.145488" lon="20.181270"><ele>1349.4</ele></trkpt>
      <trkpt lat="49.145501" lon="20.181299"><ele>1349.2</ele></trkpt>
      <trkpt lat="49.145501" lon="20.181352"><ele>1349.4</ele></trkpt>
      <trkpt lat="49.145504" lon="20.181387"><ele>1349.4</ele></trkpt>
      <trkpt lat="49.145504" lon="20.181418"><ele>1349.4</ele></trkpt>
      <trkpt lat="49.145501" lon="20.181456"><ele>1349.4</ele></trkpt>
      <trkpt lat="49.145491" lon="20.181486"><ele>1349.4</ele></trkpt>
      <trkpt lat="49.145485" lon="20.181514"><ele>1349.4</ele></trkpt>
      <trkpt lat="49.145482" lon="20.181544"><ele>1349.0</ele></trkpt>
      <trkpt lat="49.145472" lon="20.181579"><ele>1348.8</ele></trkpt>
      <trkpt lat="49.145466" lon="20.181613"><ele>1348.4</ele></trkpt>
      <trkpt lat="49.145456" lon="20.181646"><ele>1348.2</ele></trkpt>
      <trkpt lat="49.145440" lon="20.181683"><ele>1347.8</ele></trkpt>
      <trkpt lat="49.145437" lon="20.181714"><ele>1347.6</ele></trkpt>
      <trkpt lat="49.145437" lon="20.181747"><ele>1347.4</ele></trkpt>
      <trkpt lat="49.145443" lon="20.181779"><ele>1347.2</ele></trkpt>
      <trkpt lat="49.145450" lon="20.181814"><ele>1347.0</ele></trkpt>
      <trkpt lat="49.145450" lon="20.181851"><ele>1347.0</ele></trkpt>
      <trkpt lat="49.145459" lon="20.181891"><ele>1346.8</ele></trkpt>
      <trkpt lat="49.145462" lon="20.181933"><ele>1346.6</ele></trkpt>
      <trkpt lat="49.145466" lon="20.181968"><ele>1346.4</ele></trkpt>
      <trkpt lat="49.145462" lon="20.182000"><ele>1346.4</ele></trkpt>
      <trkpt lat="49.145456" lon="20.182037"><ele>1346.4</ele></trkpt>
      <trkpt lat="49.145459" lon="20.182074"><ele>1346.4</ele></trkpt>
      <trkpt lat="49.145456" lon="20.182106"><ele>1346.2</ele></trkpt>
      <trkpt lat="49.145450" lon="20.182136"><ele>1346.0</ele></trkpt>
      <trkpt lat="49.145443" lon="20.182171"><ele>1345.8</ele></trkpt>
      <trkpt lat="49.145437" lon="20.182202"><ele>1345.4</ele></trkpt>
      <trkpt lat="49.145424" lon="20.182235"><ele>1345.2</ele></trkpt>
      <trkpt lat="49.145418" lon="20.182266"><ele>1344.8</ele></trkpt>
      <trkpt lat="49.145418" lon="20.182299"><ele>1344.6</ele></trkpt>
      <trkpt lat="49.145411" lon="20.182328"><ele>1344.2</ele></trkpt>
      <trkpt lat="49.145408" lon="20.182355"><ele>1343.8</ele></trkpt>
      <trkpt lat="49.145398" lon="20.182382"><ele>1343.6</ele></trkpt>
      <trkpt lat="49.145389" lon="20.182432"><ele>1342.8</ele></trkpt>
      <trkpt lat="49.145379" lon="20.182461"><ele>1342.6</ele></trkpt>
      <trkpt lat="49.145366" lon="20.182491"><ele>1342.2</ele></trkpt>
      <trkpt lat="49.145360" lon="20.182526"><ele>1342.0</ele></trkpt>
      <trkpt lat="49.145347" lon="20.182560"><ele>1341.6</ele></trkpt>
      <trkpt lat="49.145338" lon="20.182611"><ele>1340.8</ele></trkpt>
      <trkpt lat="49.145338" lon="20.182643"><ele>1340.4</ele></trkpt>
      <trkpt lat="49.145338" lon="20.182672"><ele>1340.0</ele></trkpt>
      <trkpt lat="49.145328" lon="20.182701"><ele>1339.6</ele></trkpt>
      <trkpt lat="49.145322" lon="20.182733"><ele>1339.2</ele></trkpt>
      <trkpt lat="49.145309" lon="20.182768"><ele>1338.8</ele></trkpt>
      <trkpt lat="49.145293" lon="20.182805"><ele>1338.4</ele></trkpt>
      <trkpt lat="49.145280" lon="20.182838"><ele>1338.0</ele></trkpt>
      <trkpt lat="49.145267" lon="20.182870"><ele>1337.8</ele></trkpt>
      <trkpt lat="49.145259" lon="20.182898"><ele>1337.4</ele></trkpt>
      <trkpt lat="49.145251" lon="20.182925"><ele>1337.0</ele></trkpt>
      <trkpt lat="49.145245" lon="20.182957"><ele>1336.8</ele></trkpt>
      <trkpt lat="49.145232" lon="20.182981"><ele>1336.4</ele></trkpt>
      <trkpt lat="49.145213" lon="20.183014"><ele>1335.8</ele></trkpt>
      <trkpt lat="49.145190" lon="20.183043"><ele>1334.8</ele></trkpt>
      <trkpt lat="49.145171" lon="20.183075"><ele>1333.8</ele></trkpt>
      <trkpt lat="49.145146" lon="20.183126"><ele>1332.8</ele></trkpt>
      <trkpt lat="49.145139" lon="20.183155"><ele>1332.4</ele></trkpt>
      <trkpt lat="49.145126" lon="20.183202"><ele>1331.6</ele></trkpt>
      <trkpt lat="49.145126" lon="20.183242"><ele>1331.0</ele></trkpt>
      <trkpt lat="49.145142" lon="20.183298"><ele>1330.8</ele></trkpt>
      <trkpt lat="49.145149" lon="20.183325"><ele>1330.4</ele></trkpt>
      <trkpt lat="49.145152" lon="20.183355"><ele>1330.2</ele></trkpt>
      <trkpt lat="49.145146" lon="20.183406"><ele>1329.8</ele></trkpt>
      <trkpt lat="49.145133" lon="20.183454"><ele>1329.6</ele></trkpt>
      <trkpt lat="49.145126" lon="20.183491"><ele>1329.4</ele></trkpt>
      <trkpt lat="49.145110" lon="20.183530"><ele>1329.2</ele></trkpt>
      <trkpt lat="49.145094" lon="20.183560"><ele>1329.0</ele></trkpt>
      <trkpt lat="49.145091" lon="20.183589"><ele>1328.8</ele></trkpt>
      <trkpt lat="49.145091" lon="20.183619"><ele>1328.6</ele></trkpt>
      <trkpt lat="49.145088" lon="20.183669"><ele>1327.8</ele></trkpt>
      <trkpt lat="49.145069" lon="20.183693"><ele>1327.4</ele></trkpt>
      <trkpt lat="49.145059" lon="20.183722"><ele>1326.8</ele></trkpt>
      <trkpt lat="49.145048" lon="20.183756"><ele>1326.4</ele></trkpt>
      <trkpt lat="49.145040" lon="20.183779"><ele>1325.8</ele></trkpt>
      <trkpt lat="49.145035" lon="20.183807"><ele>1325.6</ele></trkpt>
      <trkpt lat="49.145030" lon="20.183834"><ele>1325.2</ele></trkpt>
      <trkpt lat="49.145024" lon="20.183867"><ele>1324.8</ele></trkpt>
      <trkpt lat="49.145014" lon="20.183902"><ele>1324.4</ele></trkpt>
      <trkpt lat="49.145008" lon="20.183938"><ele>1324.0</ele></trkpt>
      <trkpt lat="49.144992" lon="20.183987"><ele>1323.4</ele></trkpt>
      <trkpt lat="49.144986" lon="20.184016"><ele>1322.8</ele></trkpt>
      <trkpt lat="49.144966" lon="20.184053"><ele>1322.4</ele></trkpt>
      <trkpt lat="49.144954" lon="20.184083"><ele>1322.0</ele></trkpt>
      <trkpt lat="49.144954" lon="20.184112"><ele>1321.6</ele></trkpt>
      <trkpt lat="49.144954" lon="20.184147"><ele>1321.2</ele></trkpt>
      <trkpt lat="49.144956" lon="20.184171"><ele>1320.8</ele></trkpt>
      <trkpt lat="49.144960" lon="20.184206"><ele>1320.4</ele></trkpt>
      <trkpt lat="49.144954" lon="20.184240"><ele>1320.0</ele></trkpt>
      <trkpt lat="49.144947" lon="20.184267"><ele>1319.8</ele></trkpt>
      <trkpt lat="49.144944" lon="20.184298"><ele>1319.4</ele></trkpt>
      <trkpt lat="49.144941" lon="20.184331"><ele>1319.0</ele></trkpt>
      <trkpt lat="49.144931" lon="20.184360"><ele>1318.6</ele></trkpt>
      <trkpt lat="49.144915" lon="20.184386"><ele>1318.0</ele></trkpt>
      <trkpt lat="49.144906" lon="20.184404"><ele>1317.6</ele></trkpt>
      <trkpt lat="49.144893" lon="20.184430"><ele>1317.2</ele></trkpt>
      <trkpt lat="49.144877" lon="20.184458"><ele>1316.6</ele></trkpt>
      <trkpt lat="49.144861" lon="20.184493"><ele>1315.6</ele></trkpt>
      <trkpt lat="49.144835" lon="20.184520"><ele>1314.8</ele></trkpt>
      <trkpt lat="49.144803" lon="20.184552"><ele>1314.0</ele></trkpt>
      <trkpt lat="49.144784" lon="20.184573"><ele>1313.6</ele></trkpt>
      <trkpt lat="49.144768" lon="20.184595"><ele>1313.0</ele></trkpt>
      <trkpt lat="49.144755" lon="20.184637"><ele>1312.0</ele></trkpt>
      <trkpt lat="49.144746" lon="20.184662"><ele>1311.4</ele></trkpt>
      <trkpt lat="49.144723" lon="20.184688"><ele>1311.0</ele></trkpt>
      <trkpt lat="49.144710" lon="20.184717"><ele>1310.6</ele></trkpt>
      <trkpt lat="49.144688" lon="20.184754"><ele>1310.2</ele></trkpt>
      <trkpt lat="49.144666" lon="20.184797"><ele>1309.6</ele></trkpt>
      <trkpt lat="49.144650" lon="20.184845"><ele>1309.2</ele></trkpt>
      <trkpt lat="49.144630" lon="20.184893"><ele>1308.8</ele></trkpt>
      <trkpt lat="49.144598" lon="20.184939"><ele>1308.6</ele></trkpt>
      <trkpt lat="49.144586" lon="20.184992"><ele>1308.2</ele></trkpt>
      <trkpt lat="49.144573" lon="20.185034"><ele>1307.8</ele></trkpt>
      <trkpt lat="49.144563" lon="20.185070"><ele>1307.4</ele></trkpt>
      <trkpt lat="49.144570" lon="20.185099"><ele>1307.0</ele></trkpt>
      <trkpt lat="49.144554" lon="20.185127"><ele>1306.4</ele></trkpt>
      <trkpt lat="49.144544" lon="20.185146"><ele>1306.0</ele></trkpt>
      <trkpt lat="49.144531" lon="20.185170"><ele>1305.6</ele></trkpt>
      <trkpt lat="49.144509" lon="20.185189"><ele>1305.2</ele></trkpt>
      <trkpt lat="49.144474" lon="20.185221"><ele>1304.8</ele></trkpt>
      <trkpt lat="49.144464" lon="20.185248"><ele>1304.4</ele></trkpt>
      <trkpt lat="49.144477" lon="20.185294"><ele>1304.0</ele></trkpt>
      <trkpt lat="49.144438" lon="20.185342"><ele>1303.8</ele></trkpt>
      <trkpt lat="49.144394" lon="20.185371"><ele>1303.4</ele></trkpt>
      <trkpt lat="49.144349" lon="20.185381"><ele>1303.0</ele></trkpt>
      <trkpt lat="49.144314" lon="20.185390"><ele>1302.6</ele></trkpt>
      <trkpt lat="49.144291" lon="20.185397"><ele>1302.2</ele></trkpt>
      <trkpt lat="49.144253" lon="20.185392"><ele>1301.8</ele></trkpt>
      <trkpt lat="49.144211" lon="20.185411"><ele>1301.6</ele></trkpt>
      <trkpt lat="49.144179" lon="20.185429"><ele>1301.0</ele></trkpt>
      <trkpt lat="49.144160" lon="20.185426"><ele>1300.2</ele></trkpt>
      <trkpt lat="49.144141" lon="20.185440"><ele>1299.4</ele></trkpt>
      <trkpt lat="49.144122" lon="20.185443"><ele>1299.2</ele></trkpt>
      <trkpt lat="49.144099" lon="20.185442"><ele>1298.8</ele></trkpt>
      <trkpt lat="49.144074" lon="20.185430"><ele>1298.0</ele></trkpt>
      <trkpt lat="49.144061" lon="20.185459"><ele>1296.8</ele></trkpt>
      <trkpt lat="49.144048" lon="20.185496"><ele>1296.4</ele></trkpt>
      <trkpt lat="49.144035" lon="20.185542"><ele>1295.6</ele></trkpt>
      <trkpt lat="49.144032" lon="20.185571"><ele>1295.4</ele></trkpt>
      <trkpt lat="49.144029" lon="20.185619"><ele>1294.8</ele></trkpt>
      <trkpt lat="49.144029" lon="20.185651"><ele>1294.4</ele></trkpt>
      <trkpt lat="49.144029" lon="20.185690"><ele>1294.2</ele></trkpt>
      <trkpt lat="49.144029" lon="20.185725"><ele>1293.8</ele></trkpt>
      <trkpt lat="49.144029" lon="20.185763"><ele>1293.6</ele></trkpt>
      <trkpt lat="49.144019" lon="20.185800"><ele>1293.4</ele></trkpt>
      <trkpt lat="49.144013" lon="20.185834"><ele>1293.2</ele></trkpt>
      <trkpt lat="49.144006" lon="20.185869"><ele>1293.0</ele></trkpt>
      <trkpt lat="49.143994" lon="20.185902"><ele>1292.8</ele></trkpt>
      <trkpt lat="49.143978" lon="20.185925"><ele>1292.6</ele></trkpt>
      <trkpt lat="49.143962" lon="20.185939"><ele>1292.4</ele></trkpt>
      <trkpt lat="49.143949" lon="20.185965"><ele>1292.0</ele></trkpt>
      <trkpt lat="49.143939" lon="20.185998"><ele>1291.8</ele></trkpt>
      <trkpt lat="49.143930" lon="20.186027"><ele>1291.4</ele></trkpt>
      <trkpt lat="49.143910" lon="20.186054"><ele>1291.0</ele></trkpt>
      <trkpt lat="49.143894" lon="20.186082"><ele>1290.6</ele></trkpt>
      <trkpt lat="49.143882" lon="20.186128"><ele>1290.2</ele></trkpt>
      <trkpt lat="49.143872" lon="20.186186"><ele>1289.6</ele></trkpt>
      <trkpt lat="49.143859" lon="20.186216"><ele>1289.4</ele></trkpt>
      <trkpt lat="49.143850" lon="20.186245"><ele>1289.0</ele></trkpt>
      <trkpt lat="49.143837" lon="20.186270"><ele>1288.6</ele></trkpt>
      <trkpt lat="49.143830" lon="20.186302"><ele>1288.4</ele></trkpt>
      <trkpt lat="49.143818" lon="20.186336"><ele>1288.0</ele></trkpt>
      <trkpt lat="49.143808" lon="20.186370"><ele>1287.8</ele></trkpt>
      <trkpt lat="49.143795" lon="20.186402"><ele>1287.4</ele></trkpt>
      <trkpt lat="49.143776" lon="20.186432"><ele>1287.2</ele></trkpt>
      <trkpt lat="49.143760" lon="20.186464"><ele>1287.0</ele></trkpt>
      <trkpt lat="49.143744" lon="20.186496"><ele>1286.8</ele></trkpt>
      <trkpt lat="49.143734" lon="20.186531"><ele>1286.4</ele></trkpt>
      <trkpt lat="49.143725" lon="20.186570"><ele>1286.2</ele></trkpt>
      <trkpt lat="49.143702" lon="20.186608"><ele>1285.8</ele></trkpt>
      <trkpt lat="49.143683" lon="20.186643"><ele>1285.6</ele></trkpt>
      <trkpt lat="49.143664" lon="20.186690"><ele>1285.2</ele></trkpt>
      <trkpt lat="49.143654" lon="20.186720"><ele>1284.8</ele></trkpt>
      <trkpt lat="49.143642" lon="20.186744"><ele>1284.4</ele></trkpt>
      <trkpt lat="49.143632" lon="20.186776"><ele>1284.2</ele></trkpt>
      <trkpt lat="49.143622" lon="20.186802"><ele>1283.8</ele></trkpt>
      <trkpt lat="49.143619" lon="20.186832"><ele>1283.4</ele></trkpt>
      <trkpt lat="49.143613" lon="20.186861"><ele>1283.2</ele></trkpt>
      <trkpt lat="49.143613" lon="20.186893"><ele>1282.8</ele></trkpt>
      <trkpt lat="49.143613" lon="20.186926"><ele>1282.6</ele></trkpt>
      <trkpt lat="49.143616" lon="20.186979"><ele>1281.6</ele></trkpt>
      <trkpt lat="49.143616" lon="20.187018"><ele>1281.4</ele></trkpt>
      <trkpt lat="49.143610" lon="20.187072"><ele>1280.6</ele></trkpt>
      <trkpt lat="49.143603" lon="20.187104"><ele>1280.4</ele></trkpt>
      <trkpt lat="49.143594" lon="20.187139"><ele>1280.0</ele></trkpt>
      <trkpt lat="49.143574" lon="20.187200"><ele>1279.4</ele></trkpt>
      <trkpt lat="49.143562" lon="20.187234"><ele>1279.0</ele></trkpt>
      <trkpt lat="49.143555" lon="20.187266"><ele>1278.6</ele></trkpt>
      <trkpt lat="49.143536" lon="20.187309"><ele>1278.4</ele></trkpt>
      <trkpt lat="49.143526" lon="20.187334"><ele>1278.0</ele></trkpt>
      <trkpt lat="49.143517" lon="20.187358"><ele>1277.8</ele></trkpt>
      <trkpt lat="49.143504" lon="20.187387"><ele>1277.4</ele></trkpt>
      <trkpt lat="49.143498" lon="20.187418"><ele>1277.0</ele></trkpt>
      <trkpt lat="49.143485" lon="20.187448"><ele>1276.8</ele></trkpt>
      <trkpt lat="49.143478" lon="20.187477"><ele>1276.4</ele></trkpt>
      <trkpt lat="49.143472" lon="20.187507"><ele>1276.2</ele></trkpt>
      <trkpt lat="49.143472" lon="20.187542"><ele>1276.0</ele></trkpt>
      <trkpt lat="49.143462" lon="20.187578"><ele>1275.8</ele></trkpt>
      <trkpt lat="49.143453" lon="20.187608"><ele>1275.6</ele></trkpt>
      <trkpt lat="49.143443" lon="20.187666"><ele>1275.4</ele></trkpt>
      <trkpt lat="49.143440" lon="20.187704"><ele>1275.4</ele></trkpt>
      <trkpt lat="49.143446" lon="20.187742"><ele>1275.2</ele></trkpt>
      <trkpt lat="49.143453" lon="20.187784"><ele>1275.0</ele></trkpt>
      <trkpt lat="49.143443" lon="20.187826"><ele>1274.8</ele></trkpt>
      <trkpt lat="49.143440" lon="20.187861"><ele>1274.6</ele></trkpt>
      <trkpt lat="49.143440" lon="20.187899"><ele>1274.4</ele></trkpt>
      <trkpt lat="49.143434" lon="20.187939"><ele>1274.0</ele></trkpt>
      <trkpt lat="49.143424" lon="20.187973"><ele>1273.8</ele></trkpt>
      <trkpt lat="49.143421" lon="20.188018"><ele>1273.4</ele></trkpt>
      <trkpt lat="49.143421" lon="20.188054"><ele>1273.0</ele></trkpt>
      <trkpt lat="49.143434" lon="20.188091"><ele>1272.8</ele></trkpt>
      <trkpt lat="49.143434" lon="20.188128"><ele>1272.4</ele></trkpt>
      <trkpt lat="49.143437" lon="20.188168"><ele>1272.0</ele></trkpt>
      <trkpt lat="49.143440" lon="20.188208"><ele>1271.8</ele></trkpt>
      <trkpt lat="49.143443" lon="20.188248"><ele>1271.6</ele></trkpt>
      <trkpt lat="49.143453" lon="20.188278"><ele>1271.4</ele></trkpt>
      <trkpt lat="49.143459" lon="20.188331"><ele>1271.0</ele></trkpt>
      <trkpt lat="49.143459" lon="20.188366"><ele>1270.8</ele></trkpt>
      <trkpt lat="49.143456" lon="20.188400"><ele>1270.6</ele></trkpt>
      <trkpt lat="49.143459" lon="20.188430"><ele>1270.4</ele></trkpt>
      <trkpt lat="49.143462" lon="20.188459"><ele>1270.2</ele></trkpt>
      <trkpt lat="49.143459" lon="20.188490"><ele>1270.0</ele></trkpt>
      <trkpt lat="49.143459" lon="20.188525"><ele>1269.8</ele></trkpt>
      <trkpt lat="49.143456" lon="20.188558"><ele>1269.4</ele></trkpt>
      <trkpt lat="49.143456" lon="20.188590"><ele>1269.2</ele></trkpt>
      <trkpt lat="49.143456" lon="20.188626"><ele>1269.0</ele></trkpt>
      <trkpt lat="49.143453" lon="20.188661"><ele>1268.6</ele></trkpt>
      <trkpt lat="49.143446" lon="20.188694"><ele>1268.4</ele></trkpt>
      <trkpt lat="49.143446" lon="20.188744"><ele>1268.0</ele></trkpt>
      <trkpt lat="49.143453" lon="20.188784"><ele>1267.6</ele></trkpt>
      <trkpt lat="49.143462" lon="20.188816"><ele>1267.2</ele></trkpt>
      <trkpt lat="49.143472" lon="20.188854"><ele>1266.8</ele></trkpt>
      <trkpt lat="49.143475" lon="20.188888"><ele>1266.4</ele></trkpt>
      <trkpt lat="49.143475" lon="20.188922"><ele>1266.0</ele></trkpt>
      <trkpt lat="49.143462" lon="20.188958"><ele>1265.6</ele></trkpt>
      <trkpt lat="49.143462" lon="20.188998"><ele>1265.2</ele></trkpt>
      <trkpt lat="49.143462" lon="20.189030"><ele>1264.8</ele></trkpt>
      <trkpt lat="49.143459" lon="20.189062"><ele>1264.6</ele></trkpt>
      <trkpt lat="49.143453" lon="20.189091"><ele>1264.4</ele></trkpt>
      <trkpt lat="49.143453" lon="20.189130"><ele>1264.2</ele></trkpt>
      <trkpt lat="49.143453" lon="20.189165"><ele>1263.8</ele></trkpt>
      <trkpt lat="49.143453" lon="20.189205"><ele>1263.6</ele></trkpt>
      <trkpt lat="49.143446" lon="20.189250"><ele>1263.4</ele></trkpt>
      <trkpt lat="49.143443" lon="20.189301"><ele>1263.0</ele></trkpt>
      <trkpt lat="49.143440" lon="20.189350"><ele>1262.6</ele></trkpt>
      <trkpt lat="49.143430" lon="20.189402"><ele>1262.2</ele></trkpt>
      <trkpt lat="49.143418" lon="20.189451"><ele>1261.8</ele></trkpt>
      <trkpt lat="49.143414" lon="20.189507"><ele>1261.6</ele></trkpt>
      <trkpt lat="49.143386" lon="20.189570"><ele>1261.2</ele></trkpt>
      <trkpt lat="49.143376" lon="20.189624"><ele>1260.8</ele></trkpt>
      <trkpt lat="49.143366" lon="20.189686"><ele>1260.6</ele></trkpt>
      <trkpt lat="49.143347" lon="20.189746"><ele>1260.2</ele></trkpt>
      <trkpt lat="49.143338" lon="20.189805"><ele>1259.8</ele></trkpt>
      <trkpt lat="49.143334" lon="20.189842"><ele>1259.6</ele></trkpt>
      <trkpt lat="49.143318" lon="20.189885"><ele>1259.2</ele></trkpt>
      <trkpt lat="49.143306" lon="20.189918"><ele>1259.0</ele></trkpt>
      <trkpt lat="49.143296" lon="20.189950"><ele>1258.8</ele></trkpt>
      <trkpt lat="49.143299" lon="20.189979"><ele>1258.6</ele></trkpt>
      <trkpt lat="49.143302" lon="20.190011"><ele>1258.4</ele></trkpt>
      <trkpt lat="49.143302" lon="20.190056"><ele>1258.2</ele></trkpt>
      <trkpt lat="49.143302" lon="20.190096"><ele>1258.0</ele></trkpt>
      <trkpt lat="49.143302" lon="20.190138"><ele>1257.6</ele></trkpt>
      <trkpt lat="49.143293" lon="20.190174"><ele>1257.4</ele></trkpt>
      <trkpt lat="49.143283" lon="20.190208"><ele>1257.4</ele></trkpt>
      <trkpt lat="49.143264" lon="20.190243"><ele>1257.0</ele></trkpt>
      <trkpt lat="49.143254" lon="20.190219"><ele>1256.8</ele></trkpt>
      <trkpt lat="49.143258" lon="20.190259"><ele>1256.6</ele></trkpt>
      <trkpt lat="49.143261" lon="20.190286"><ele>1256.2</ele></trkpt>
      <trkpt lat="49.143280" lon="20.190326"><ele>1256.0</ele></trkpt>
      <trkpt lat="49.143280" lon="20.190360"><ele>1255.8</ele></trkpt>
      <trkpt lat="49.143280" lon="20.190387"><ele>1255.6</ele></trkpt>
      <trkpt lat="49.143274" lon="20.190416"><ele>1255.4</ele></trkpt>
      <trkpt lat="49.143278" lon="20.190455"><ele>1255.2</ele></trkpt>
      <trkpt lat="49.143267" lon="20.190507"><ele>1254.8</ele></trkpt>
      <trkpt lat="49.143264" lon="20.190534"><ele>1254.6</ele></trkpt>
      <trkpt lat="49.143254" lon="20.190563"><ele>1254.0</ele></trkpt>
      <trkpt lat="49.143242" lon="20.190587"><ele>1253.8</ele></trkpt>
      <trkpt lat="49.143236" lon="20.190621"><ele>1253.4</ele></trkpt>
      <trkpt lat="49.143232" lon="20.190643"><ele>1253.0</ele></trkpt>
      <trkpt lat="49.143222" lon="20.190670"><ele>1252.6</ele></trkpt>
      <trkpt lat="49.143219" lon="20.190714"><ele>1251.8</ele></trkpt>
      <trkpt lat="49.143203" lon="20.190763"><ele>1251.0</ele></trkpt>
      <trkpt lat="49.143197" lon="20.190792"><ele>1250.6</ele></trkpt>
      <trkpt lat="49.143187" lon="20.190822"><ele>1250.2</ele></trkpt>
      <trkpt lat="49.143187" lon="20.190853"><ele>1249.8</ele></trkpt>
      <trkpt lat="49.143184" lon="20.190893"><ele>1249.4</ele></trkpt>
      <trkpt lat="49.143165" lon="20.190978"><ele>1248.8</ele></trkpt>
      <trkpt lat="49.143162" lon="20.191042"><ele>1248.6</ele></trkpt>
      <trkpt lat="49.143139" lon="20.191112"><ele>1248.2</ele></trkpt>
      <trkpt lat="49.143126" lon="20.191166"><ele>1248.0</ele></trkpt>
      <trkpt lat="49.143101" lon="20.191222"><ele>1247.6</ele></trkpt>
      <trkpt lat="49.143078" lon="20.191270"><ele>1247.4</ele></trkpt>
      <trkpt lat="49.143069" lon="20.191322"><ele>1247.0</ele></trkpt>
      <trkpt lat="49.143050" lon="20.191379"><ele>1246.6</ele></trkpt>
      <trkpt lat="49.143046" lon="20.191419"><ele>1246.4</ele></trkpt>
      <trkpt lat="49.143056" lon="20.191456"><ele>1246.2</ele></trkpt>
      <trkpt lat="49.143056" lon="20.191496"><ele>1245.8</ele></trkpt>
      <trkpt lat="49.143078" lon="20.191533"><ele>1245.6</ele></trkpt>
      <trkpt lat="49.143082" lon="20.191568"><ele>1245.2</ele></trkpt>
      <trkpt lat="49.143066" lon="20.191586"><ele>1245.0</ele></trkpt>
      <trkpt lat="49.143056" lon="20.191637"><ele>1244.4</ele></trkpt>
      <trkpt lat="49.143056" lon="20.191672"><ele>1244.0</ele></trkpt>
      <trkpt lat="49.143058" lon="20.191710"><ele>1243.8</ele></trkpt>
      <trkpt lat="49.143059" lon="20.191738"><ele>1243.4</ele></trkpt>
      <trkpt lat="49.143062" lon="20.191773"><ele>1243.0</ele></trkpt>
      <trkpt lat="49.143062" lon="20.191802"><ele>1242.8</ele></trkpt>
      <trkpt lat="49.143066" lon="20.191832"><ele>1242.4</ele></trkpt>
      <trkpt lat="49.143056" lon="20.191866"><ele>1242.2</ele></trkpt>
      <trkpt lat="49.143046" lon="20.191890"><ele>1241.8</ele></trkpt>
      <trkpt lat="49.143040" lon="20.191944"><ele>1241.2</ele></trkpt>
      <trkpt lat="49.143037" lon="20.191974"><ele>1240.8</ele></trkpt>
      <trkpt lat="49.143034" lon="20.192005"><ele>1240.4</ele></trkpt>
      <trkpt lat="49.143034" lon="20.192059"><ele>1239.6</ele></trkpt>
      <trkpt lat="49.143034" lon="20.192114"><ele>1238.8</ele></trkpt>
      <trkpt lat="49.143027" lon="20.192163"><ele>1238.0</ele></trkpt>
      <trkpt lat="49.143027" lon="20.192210"><ele>1237.4</ele></trkpt>
      <trkpt lat="49.143027" lon="20.192261"><ele>1236.6</ele></trkpt>
      <trkpt lat="49.143024" lon="20.192317"><ele>1236.0</ele></trkpt>
      <trkpt lat="49.143034" lon="20.192341"><ele>1235.8</ele></trkpt>
      <trkpt lat="49.143043" lon="20.192370"><ele>1235.6</ele></trkpt>
      <trkpt lat="49.143050" lon="20.192398"><ele>1235.4</ele></trkpt>
      <trkpt lat="49.143062" lon="20.192446"><ele>1234.8</ele></trkpt>
      <trkpt lat="49.143056" lon="20.192515"><ele>1234.2</ele></trkpt>
      <trkpt lat="49.143043" lon="20.192542"><ele>1233.8</ele></trkpt>
      <trkpt lat="49.143050" lon="20.192581"><ele>1233.2</ele></trkpt>
      <trkpt lat="49.143056" lon="20.192614"><ele>1233.2</ele></trkpt>
      <trkpt lat="49.143059" lon="20.192648"><ele>1232.4</ele></trkpt>
      <trkpt lat="49.143066" lon="20.192691"><ele>1232.4</ele></trkpt>
      <trkpt lat="49.143069" lon="20.192738"><ele>1232.0</ele></trkpt>
      <trkpt lat="49.143082" lon="20.192798"><ele>1232.0</ele></trkpt>
      <trkpt lat="49.143082" lon="20.192883"><ele>1232.0</ele></trkpt>
      <trkpt lat="49.143075" lon="20.192965"><ele>1232.0</ele></trkpt>
      <trkpt lat="49.143075" lon="20.193037"><ele>1231.8</ele></trkpt>
      <trkpt lat="49.143066" lon="20.193094"><ele>1231.6</ele></trkpt>
      <trkpt lat="49.143078" lon="20.193152"><ele>1231.4</ele></trkpt>
      <trkpt lat="49.143085" lon="20.193213"><ele>1231.0</ele></trkpt>
      <trkpt lat="49.143104" lon="20.193275"><ele>1230.8</ele></trkpt>
      <trkpt lat="49.143123" lon="20.193346"><ele>1230.4</ele></trkpt>
      <trkpt lat="49.143139" lon="20.193390"><ele>1230.2</ele></trkpt>
      <trkpt lat="49.143142" lon="20.193422"><ele>1229.8</ele></trkpt>
      <trkpt lat="49.143139" lon="20.193454"><ele>1229.4</ele></trkpt>
      <trkpt lat="49.143136" lon="20.193493"><ele>1229.0</ele></trkpt>
      <trkpt lat="49.143146" lon="20.193522"><ele>1228.6</ele></trkpt>
      <trkpt lat="49.143155" lon="20.193552"><ele>1228.2</ele></trkpt>
      <trkpt lat="49.143155" lon="20.193581"><ele>1227.8</ele></trkpt>
      <trkpt lat="49.143146" lon="20.193635"><ele>1227.6</ele></trkpt>
      <trkpt lat="49.143168" lon="20.193667"><ele>1227.2</ele></trkpt>
      <trkpt lat="49.143168" lon="20.193702"><ele>1227.0</ele></trkpt>
      <trkpt lat="49.143194" lon="20.193728"><ele>1226.8</ele></trkpt>
      <trkpt lat="49.143200" lon="20.193758"><ele>1226.2</ele></trkpt>
      <trkpt lat="49.143184" lon="20.193792"><ele>1225.8</ele></trkpt>
      <trkpt lat="49.143187" lon="20.193821"><ele>1225.6</ele></trkpt>
      <trkpt lat="49.143194" lon="20.193851"><ele>1225.4</ele></trkpt>
      <trkpt lat="49.143194" lon="20.193882"><ele>1225.4</ele></trkpt>
      <trkpt lat="49.143197" lon="20.193912"><ele>1225.2</ele></trkpt>
      <trkpt lat="49.143203" lon="20.193941"><ele>1225.0</ele></trkpt>
      <trkpt lat="49.143219" lon="20.193973"><ele>1224.6</ele></trkpt>
      <trkpt lat="49.143216" lon="20.194011"><ele>1224.4</ele></trkpt>
      <trkpt lat="49.143213" lon="20.194051"><ele>1224.2</ele></trkpt>
      <trkpt lat="49.143216" lon="20.194086"><ele>1223.8</ele></trkpt>
      <trkpt lat="49.143226" lon="20.194118"><ele>1223.6</ele></trkpt>
      <trkpt lat="49.143242" lon="20.194147"><ele>1223.2</ele></trkpt>
      <trkpt lat="49.143248" lon="20.194179"><ele>1223.0</ele></trkpt>
      <trkpt lat="49.143258" lon="20.194214"><ele>1222.8</ele></trkpt>
      <trkpt lat="49.143267" lon="20.194243"><ele>1222.6</ele></trkpt>
      <trkpt lat="49.143280" lon="20.194270"><ele>1222.6</ele></trkpt>
      <trkpt lat="49.143286" lon="20.194298"><ele>1222.0</ele></trkpt>
      <trkpt lat="49.143302" lon="20.194328"><ele>1221.6</ele></trkpt>
      <trkpt lat="49.143312" lon="20.194360"><ele>1221.2</ele></trkpt>
      <trkpt lat="49.143318" lon="20.194397"><ele>1221.0</ele></trkpt>
      <trkpt lat="49.143331" lon="20.194427"><ele>1220.6</ele></trkpt>
      <trkpt lat="49.143341" lon="20.194464"><ele>1220.4</ele></trkpt>
      <trkpt lat="49.143344" lon="20.194502"><ele>1220.2</ele></trkpt>
      <trkpt lat="49.143347" lon="20.194542"><ele>1219.8</ele></trkpt>
      <trkpt lat="49.143347" lon="20.194581"><ele>1219.6</ele></trkpt>
      <trkpt lat="49.143354" lon="20.194613"><ele>1219.4</ele></trkpt>
      <trkpt lat="49.143360" lon="20.194646"><ele>1219.0</ele></trkpt>
      <trkpt lat="49.143366" lon="20.194677"><ele>1218.8</ele></trkpt>
      <trkpt lat="49.143376" lon="20.194707"><ele>1218.6</ele></trkpt>
      <trkpt lat="49.143386" lon="20.194738"><ele>1218.2</ele></trkpt>
      <trkpt lat="49.143386" lon="20.194766"><ele>1217.8</ele></trkpt>
      <trkpt lat="49.143395" lon="20.194800"><ele>1217.6</ele></trkpt>
      <trkpt lat="49.143411" lon="20.194832"><ele>1217.4</ele></trkpt>
      <trkpt lat="49.143421" lon="20.194856"><ele>1217.2</ele></trkpt>
      <trkpt lat="49.143440" lon="20.194896"><ele>1217.0</ele></trkpt>
      <trkpt lat="49.143456" lon="20.194934"><ele>1216.8</ele></trkpt>
      <trkpt lat="49.143478" lon="20.194973"><ele>1216.4</ele></trkpt>
      <trkpt lat="49.143501" lon="20.195002"><ele>1216.2</ele></trkpt>
      <trkpt lat="49.143514" lon="20.195024"><ele>1216.0</ele></trkpt>
      <trkpt lat="49.143524" lon="20.195049"><ele>1215.8</ele></trkpt>
      <trkpt lat="49.143533" lon="20.195074"><ele>1215.6</ele></trkpt>
      <trkpt lat="49.143546" lon="20.195128"><ele>1215.0</ele></trkpt>
      <trkpt lat="49.143558" lon="20.195154"><ele>1214.8</ele></trkpt>
      <trkpt lat="49.143571" lon="20.195178"><ele>1214.2</ele></trkpt>
      <trkpt lat="49.143581" lon="20.195202"><ele>1213.8</ele></trkpt>
      <trkpt lat="49.143584" lon="20.195229"><ele>1213.6</ele></trkpt>
      <trkpt lat="49.143600" lon="20.195259"><ele>1213.2</ele></trkpt>
      <trkpt lat="49.143616" lon="20.195307"><ele>1213.0</ele></trkpt>
      <trkpt lat="49.143619" lon="20.195349"><ele>1212.6</ele></trkpt>
      <trkpt lat="49.143610" lon="20.195382"><ele>1212.2</ele></trkpt>
      <trkpt lat="49.143594" lon="20.195411"><ele>1211.8</ele></trkpt>
      <trkpt lat="49.143594" lon="20.195462"><ele>1211.0</ele></trkpt>
      <trkpt lat="49.143600" lon="20.195498"><ele>1210.6</ele></trkpt>
      <trkpt lat="49.143616" lon="20.195526"><ele>1210.2</ele></trkpt>
      <trkpt lat="49.143626" lon="20.195550"><ele>1209.8</ele></trkpt>
      <trkpt lat="49.143638" lon="20.195581"><ele>1209.4</ele></trkpt>
      <trkpt lat="49.143642" lon="20.195614"><ele>1209.0</ele></trkpt>
      <trkpt lat="49.143638" lon="20.195646"><ele>1208.6</ele></trkpt>
      <trkpt lat="49.143632" lon="20.195677"><ele>1208.2</ele></trkpt>
      <trkpt lat="49.143616" lon="20.195715"><ele>1207.8</ele></trkpt>
      <trkpt lat="49.143603" lon="20.195747"><ele>1207.4</ele></trkpt>
      <trkpt lat="49.143600" lon="20.195782"><ele>1207.0</ele></trkpt>
      <trkpt lat="49.143600" lon="20.195813"><ele>1206.6</ele></trkpt>
      <trkpt lat="49.143600" lon="20.195842"><ele>1206.2</ele></trkpt>
      <trkpt lat="49.143590" lon="20.195875"><ele>1205.8</ele></trkpt>
      <trkpt lat="49.143581" lon="20.195904"><ele>1205.4</ele></trkpt>
      <trkpt lat="49.143562" lon="20.195926"><ele>1205.0</ele></trkpt>
      <trkpt lat="49.143542" lon="20.195968"><ele>1204.0</ele></trkpt>
      <trkpt lat="49.143520" lon="20.196016"><ele>1203.0</ele></trkpt>
      <trkpt lat="49.143504" lon="20.196045"><ele>1202.4</ele></trkpt>
      <trkpt lat="49.143485" lon="20.196083"><ele>1202.0</ele></trkpt>
      <trkpt lat="49.143456" lon="20.196125"><ele>1201.4</ele></trkpt>
      <trkpt lat="49.143440" lon="20.196171"><ele>1200.8</ele></trkpt>
      <trkpt lat="49.143414" lon="20.196237"><ele>1200.2</ele></trkpt>
      <trkpt lat="49.143395" lon="20.196275"><ele>1199.6</ele></trkpt>
      <trkpt lat="49.143373" lon="20.196315"><ele>1199.2</ele></trkpt>
      <trkpt lat="49.143354" lon="20.196355"><ele>1198.6</ele></trkpt>
      <trkpt lat="49.143334" lon="20.196392"><ele>1198.2</ele></trkpt>
      <trkpt lat="49.143325" lon="20.196424"><ele>1197.6</ele></trkpt>
      <trkpt lat="49.143315" lon="20.196450"><ele>1197.0</ele></trkpt>
      <trkpt lat="49.143299" lon="20.196475"><ele>1196.6</ele></trkpt>
      <trkpt lat="49.143283" lon="20.196510"><ele>1196.0</ele></trkpt>
      <trkpt lat="49.143277" lon="20.196557"><ele>1195.4</ele></trkpt>
      <trkpt lat="49.143242" lon="20.196594"><ele>1195.0</ele></trkpt>
      <trkpt lat="49.143187" lon="20.196632"><ele>1194.4</ele></trkpt>
      <trkpt lat="49.143158" lon="20.196646"><ele>1194.0</ele></trkpt>
      <trkpt lat="49.143146" lon="20.196670"><ele>1192.8</ele></trkpt>
      <trkpt lat="49.143123" lon="20.196706"><ele>1191.8</ele></trkpt>
      <trkpt lat="49.143104" lon="20.196722"><ele>1190.8</ele></trkpt>
      <trkpt lat="49.143082" lon="20.196741"><ele>1189.8</ele></trkpt>
      <trkpt lat="49.143085" lon="20.196781"><ele>1188.8</ele></trkpt>
      <trkpt lat="49.143094" lon="20.196826"><ele>1187.6</ele></trkpt>
      <trkpt lat="49.143094" lon="20.196858"><ele>1187.0</ele></trkpt>
      <trkpt lat="49.143094" lon="20.196894"><ele>1186.6</ele></trkpt>
      <trkpt lat="49.143088" lon="20.196926"><ele>1186.0</ele></trkpt>
      <trkpt lat="49.143085" lon="20.196955"><ele>1185.6</ele></trkpt>
      <trkpt lat="49.143082" lon="20.196997"><ele>1185.0</ele></trkpt>
      <trkpt lat="49.143085" lon="20.197024"><ele>1184.6</ele></trkpt>
      <trkpt lat="49.143082" lon="20.197061"><ele>1184.2</ele></trkpt>
      <trkpt lat="49.143069" lon="20.197090"><ele>1183.8</ele></trkpt>
      <trkpt lat="49.143062" lon="20.197123"><ele>1183.6</ele></trkpt>
      <trkpt lat="49.143056" lon="20.197158"><ele>1183.4</ele></trkpt>
      <trkpt lat="49.143043" lon="20.197194"><ele>1183.0</ele></trkpt>
      <trkpt lat="49.143027" lon="20.197219"><ele>1182.6</ele></trkpt>
      <trkpt lat="49.143018" lon="20.197243"><ele>1182.2</ele></trkpt>
      <trkpt lat="49.143002" lon="20.197282"><ele>1181.4</ele></trkpt>
      <trkpt lat="49.142995" lon="20.197328"><ele>1180.4</ele></trkpt>
      <trkpt lat="49.142989" lon="20.197363"><ele>1179.8</ele></trkpt>
      <trkpt lat="49.142995" lon="20.197394"><ele>1179.4</ele></trkpt>
      <trkpt lat="49.142986" lon="20.197446"><ele>1178.2</ele></trkpt>
      <trkpt lat="49.142976" lon="20.197472"><ele>1177.8</ele></trkpt>
      <trkpt lat="49.142966" lon="20.197498"><ele>1177.2</ele></trkpt>
      <trkpt lat="49.142960" lon="20.197530"><ele>1176.8</ele></trkpt>
      <trkpt lat="49.142941" lon="20.197552"><ele>1176.4</ele></trkpt>
      <trkpt lat="49.142925" lon="20.197571"><ele>1176.0</ele></trkpt>
      <trkpt lat="49.142909" lon="20.197587"><ele>1175.6</ele></trkpt>
      <trkpt lat="49.142896" lon="20.197611"><ele>1175.0</ele></trkpt>
      <trkpt lat="49.142880" lon="20.197643"><ele>1174.6</ele></trkpt>
      <trkpt lat="49.142867" lon="20.197675"><ele>1174.0</ele></trkpt>
      <trkpt lat="49.142858" lon="20.197704"><ele>1173.6</ele></trkpt>
      <trkpt lat="49.142845" lon="20.197750"><ele>1172.4</ele></trkpt>
      <trkpt lat="49.142838" lon="20.197784"><ele>1171.4</ele></trkpt>
      <trkpt lat="49.142829" lon="20.197808"><ele>1171.0</ele></trkpt>
      <trkpt lat="49.142822" lon="20.197835"><ele>1170.4</ele></trkpt>
      <trkpt lat="49.142819" lon="20.197864"><ele>1170.0</ele></trkpt>
      <trkpt lat="49.142803" lon="20.197898"><ele>1169.4</ele></trkpt>
      <trkpt lat="49.142797" lon="20.197928"><ele>1169.0</ele></trkpt>
      <trkpt lat="49.142784" lon="20.197974"><ele>1168.0</ele></trkpt>
      <trkpt lat="49.142765" lon="20.198013"><ele>1167.2</ele></trkpt>
      <trkpt lat="49.142755" lon="20.198037"><ele>1166.8</ele></trkpt>
      <trkpt lat="49.142742" lon="20.198062"><ele>1166.2</ele></trkpt>
      <trkpt lat="49.142730" lon="20.198090"><ele>1165.8</ele></trkpt>
      <trkpt lat="49.142710" lon="20.198146"><ele>1165.4</ele></trkpt>
      <trkpt lat="49.142691" lon="20.198186"><ele>1165.0</ele></trkpt>
      <trkpt lat="49.142672" lon="20.198218"><ele>1164.6</ele></trkpt>
      <trkpt lat="49.142656" lon="20.198250"><ele>1164.2</ele></trkpt>
      <trkpt lat="49.142630" lon="20.198277"><ele>1164.0</ele></trkpt>
      <trkpt lat="49.142611" lon="20.198312"><ele>1163.6</ele></trkpt>
      <trkpt lat="49.142598" lon="20.198362"><ele>1163.2</ele></trkpt>
      <trkpt lat="49.142589" lon="20.198414"><ele>1163.0</ele></trkpt>
      <trkpt lat="49.142592" lon="20.198454"><ele>1162.6</ele></trkpt>
      <trkpt lat="49.142570" lon="20.198501"><ele>1162.2</ele></trkpt>
      <trkpt lat="49.142528" lon="20.198536"><ele>1161.8</ele></trkpt>
      <trkpt lat="49.142480" lon="20.198595"><ele>1161.4</ele></trkpt>
      <trkpt lat="49.142445" lon="20.198642"><ele>1161.0</ele></trkpt>
      <trkpt lat="49.142419" lon="20.198666"><ele>1160.6</ele></trkpt>
      <trkpt lat="49.142387" lon="20.198696"><ele>1160.2</ele></trkpt>
      <trkpt lat="49.142368" lon="20.198725"><ele>1159.6</ele></trkpt>
      <trkpt lat="49.142333" lon="20.198754"><ele>1159.0</ele></trkpt>
      <trkpt lat="49.142314" lon="20.198774"><ele>1158.6</ele></trkpt>
      <trkpt lat="49.142288" lon="20.198806"><ele>1157.6</ele></trkpt>
      <trkpt lat="49.142272" lon="20.198826"><ele>1157.0</ele></trkpt>
      <trkpt lat="49.142253" lon="20.198834"><ele>1156.4</ele></trkpt>
      <trkpt lat="49.142230" lon="20.198845"><ele>1156.0</ele></trkpt>
      <trkpt lat="49.142214" lon="20.198866"><ele>1155.4</ele></trkpt>
      <trkpt lat="49.142211" lon="20.198896"><ele>1154.6</ele></trkpt>
      <trkpt lat="49.142195" lon="20.198938"><ele>1153.4</ele></trkpt>
      <trkpt lat="49.142211" lon="20.198963"><ele>1152.8</ele></trkpt>
      <trkpt lat="49.142214" lon="20.199019"><ele>1152.2</ele></trkpt>
      <trkpt lat="49.142208" lon="20.199069"><ele>1151.2</ele></trkpt>
      <trkpt lat="49.142195" lon="20.199106"><ele>1150.2</ele></trkpt>
      <trkpt lat="49.142195" lon="20.199163"><ele>1149.0</ele></trkpt>
      <trkpt lat="49.142192" lon="20.199213"><ele>1148.0</ele></trkpt>
      <trkpt lat="49.142186" lon="20.199243"><ele>1147.6</ele></trkpt>
      <trkpt lat="49.142166" lon="20.199278"><ele>1146.6</ele></trkpt>
      <trkpt lat="49.142160" lon="20.199318"><ele>1145.6</ele></trkpt>
      <trkpt lat="49.142154" lon="20.199347"><ele>1145.2</ele></trkpt>
      <trkpt lat="49.142141" lon="20.199398"><ele>1144.4</ele></trkpt>
      <trkpt lat="49.142131" lon="20.199424"><ele>1144.0</ele></trkpt>
      <trkpt lat="49.142128" lon="20.199453"><ele>1143.6</ele></trkpt>
      <trkpt lat="49.142115" lon="20.199498"><ele>1142.8</ele></trkpt>
      <trkpt lat="49.142090" lon="20.199549"><ele>1142.0</ele></trkpt>
      <trkpt lat="49.142077" lon="20.199570"><ele>1141.8</ele></trkpt>
      <trkpt lat="49.142064" lon="20.199590"><ele>1141.4</ele></trkpt>
      <trkpt lat="49.142026" lon="20.199629"><ele>1140.8</ele></trkpt>
      <trkpt lat="49.141990" lon="20.199666"><ele>1140.4</ele></trkpt>
      <trkpt lat="49.141968" lon="20.199686"><ele>1140.0</ele></trkpt>
      <trkpt lat="49.141952" lon="20.199704"><ele>1139.6</ele></trkpt>
      <trkpt lat="49.141939" lon="20.199724"><ele>1139.4</ele></trkpt>
      <trkpt lat="49.141926" lon="20.199744"><ele>1139.0</ele></trkpt>
      <trkpt lat="49.141914" lon="20.199765"><ele>1138.6</ele></trkpt>
      <trkpt lat="49.141891" lon="20.199802"><ele>1137.8</ele></trkpt>
      <trkpt lat="49.141875" lon="20.199816"><ele>1137.2</ele></trkpt>
      <trkpt lat="49.141856" lon="20.199851"><ele>1136.6</ele></trkpt>
      <trkpt lat="49.141837" lon="20.199899"><ele>1135.8</ele></trkpt>
      <trkpt lat="49.141818" lon="20.199934"><ele>1135.4</ele></trkpt>
      <trkpt lat="49.141798" lon="20.199970"><ele>1135.0</ele></trkpt>
      <trkpt lat="49.141782" lon="20.200014"><ele>1134.6</ele></trkpt>
      <trkpt lat="49.141757" lon="20.200064"><ele>1134.0</ele></trkpt>
      <trkpt lat="49.141738" lon="20.200118"><ele>1133.6</ele></trkpt>
      <trkpt lat="49.141715" lon="20.200176"><ele>1133.0</ele></trkpt>
      <trkpt lat="49.141683" lon="20.200237"><ele>1132.6</ele></trkpt>
      <trkpt lat="49.141664" lon="20.200293"><ele>1132.0</ele></trkpt>
      <trkpt lat="49.141635" lon="20.200355"><ele>1131.6</ele></trkpt>
      <trkpt lat="49.141619" lon="20.200392"><ele>1131.2</ele></trkpt>
      <trkpt lat="49.141600" lon="20.200474"><ele>1130.8</ele></trkpt>
      <trkpt lat="49.141590" lon="20.200515"><ele>1130.6</ele></trkpt>
      <trkpt lat="49.141587" lon="20.200552"><ele>1130.2</ele></trkpt>
      <trkpt lat="49.141574" lon="20.200584"><ele>1130.0</ele></trkpt>
      <trkpt lat="49.141558" lon="20.200624"><ele>1129.6</ele></trkpt>
      <trkpt lat="49.141552" lon="20.200654"><ele>1129.2</ele></trkpt>
      <trkpt lat="49.141546" lon="20.200688"><ele>1128.6</ele></trkpt>
      <trkpt lat="49.141530" lon="20.200707"><ele>1128.2</ele></trkpt>
      <trkpt lat="49.141526" lon="20.200734"><ele>1127.8</ele></trkpt>
      <trkpt lat="49.141510" lon="20.200781"><ele>1127.4</ele></trkpt>
      <trkpt lat="49.141491" lon="20.200822"><ele>1126.8</ele></trkpt>
      <trkpt lat="49.141472" lon="20.200848"><ele>1126.4</ele></trkpt>
      <trkpt lat="49.141470" lon="20.200881"><ele>1125.8</ele></trkpt>
      <trkpt lat="49.141469" lon="20.200906"><ele>1125.4</ele></trkpt>
      <trkpt lat="49.141456" lon="20.200950"><ele>1124.6</ele></trkpt>
      <trkpt lat="49.141440" lon="20.200966"><ele>1124.2</ele></trkpt>
      <trkpt lat="49.141418" lon="20.200987"><ele>1123.8</ele></trkpt>
      <trkpt lat="49.141411" lon="20.201022"><ele>1123.4</ele></trkpt>
      <trkpt lat="49.141402" lon="20.201058"><ele>1123.2</ele></trkpt>
      <trkpt lat="49.141392" lon="20.201098"><ele>1122.4</ele></trkpt>
      <trkpt lat="49.141386" lon="20.201131"><ele>1122.0</ele></trkpt>
      <trkpt lat="49.141408" lon="20.201179"><ele>1121.6</ele></trkpt>
      <trkpt lat="49.141411" lon="20.201210"><ele>1121.2</ele></trkpt>
      <trkpt lat="49.141418" lon="20.201246"><ele>1121.0</ele></trkpt>
      <trkpt lat="49.141414" lon="20.201288"><ele>1120.4</ele></trkpt>
      <trkpt lat="49.141414" lon="20.201317"><ele>1120.2</ele></trkpt>
      <trkpt lat="49.141411" lon="20.201344"><ele>1120.0</ele></trkpt>
      <trkpt lat="49.141408" lon="20.201387"><ele>1119.4</ele></trkpt>
      <trkpt lat="49.141398" lon="20.201442"><ele>1118.8</ele></trkpt>
      <trkpt lat="49.141402" lon="20.201469"><ele>1118.4</ele></trkpt>
      <trkpt lat="49.141398" lon="20.201499"><ele>1118.2</ele></trkpt>
      <trkpt lat="49.141392" lon="20.201528"><ele>1117.8</ele></trkpt>
      <trkpt lat="49.141379" lon="20.201557"><ele>1117.6</ele></trkpt>
      <trkpt lat="49.141370" lon="20.201586"><ele>1117.2</ele></trkpt>
      <trkpt lat="49.141357" lon="20.201622"><ele>1116.8</ele></trkpt>
      <trkpt lat="49.141350" lon="20.201661"><ele>1116.6</ele></trkpt>
      <trkpt lat="49.141341" lon="20.201696"><ele>1116.2</ele></trkpt>
      <trkpt lat="49.141334" lon="20.201731"><ele>1116.0</ele></trkpt>
      <trkpt lat="49.141322" lon="20.201757"><ele>1115.6</ele></trkpt>
      <trkpt lat="49.141306" lon="20.201794"><ele>1115.4</ele></trkpt>
      <trkpt lat="49.141286" lon="20.201826"><ele>1115.2</ele></trkpt>
      <trkpt lat="49.141274" lon="20.201862"><ele>1114.8</ele></trkpt>
      <trkpt lat="49.141267" lon="20.201896"><ele>1114.6</ele></trkpt>
      <trkpt lat="49.141267" lon="20.201926"><ele>1114.2</ele></trkpt>
      <trkpt lat="49.141270" lon="20.201954"><ele>1113.8</ele></trkpt>
      <trkpt lat="49.141261" lon="20.201994"><ele>1113.0</ele></trkpt>
      <trkpt lat="49.141242" lon="20.202050"><ele>1112.6</ele></trkpt>
      <trkpt lat="49.141235" lon="20.202085"><ele>1112.4</ele></trkpt>
      <trkpt lat="49.141219" lon="20.202122"><ele>1112.2</ele></trkpt>
      <trkpt lat="49.141216" lon="20.202168"><ele>1112.2</ele></trkpt>
      <trkpt lat="49.141210" lon="20.202198"><ele>1112.2</ele></trkpt>
      <trkpt lat="49.141219" lon="20.202251"><ele>1111.8</ele></trkpt>
      <trkpt lat="49.141229" lon="20.202283"><ele>1111.8</ele></trkpt>
      <trkpt lat="49.141232" lon="20.202314"><ele>1111.6</ele></trkpt>
      <trkpt lat="49.141238" lon="20.202341"><ele>1111.6</ele></trkpt>
      <trkpt lat="49.141248" lon="20.202368"><ele>1111.4</ele></trkpt>
      <trkpt lat="49.141251" lon="20.202398"><ele>1111.4</ele></trkpt>
      <trkpt lat="49.141254" lon="20.202430"><ele>1111.4</ele></trkpt>
      <trkpt lat="49.141258" lon="20.202459"><ele>1111.4</ele></trkpt>
      <trkpt lat="49.141261" lon="20.202491"><ele>1111.4</ele></trkpt>
      <trkpt lat="49.141274" lon="20.202526"><ele>1111.4</ele></trkpt>
      <trkpt lat="49.141280" lon="20.202562"><ele>1111.2</ele></trkpt>
      <trkpt lat="49.141290" lon="20.202597"><ele>1111.2</ele></trkpt>
      <trkpt lat="49.141309" lon="20.202630"><ele>1111.0</ele></trkpt>
      <trkpt lat="49.141322" lon="20.202670"><ele>1110.6</ele></trkpt>
      <trkpt lat="49.141338" lon="20.202715"><ele>1110.4</ele></trkpt>
      <trkpt lat="49.141350" lon="20.202758"><ele>1110.2</ele></trkpt>
      <trkpt lat="49.141354" lon="20.202798"><ele>1110.0</ele></trkpt>
      <trkpt lat="49.141360" lon="20.202838"><ele>1109.8</ele></trkpt>
      <trkpt lat="49.141366" lon="20.202874"><ele>1109.6</ele></trkpt>
      <trkpt lat="49.141360" lon="20.202907"><ele>1109.6</ele></trkpt>
      <trkpt lat="49.141357" lon="20.202939"><ele>1109.6</ele></trkpt>
      <trkpt lat="49.141354" lon="20.202998"><ele>1109.6</ele></trkpt>
      <trkpt lat="49.141350" lon="20.203053"><ele>1109.6</ele></trkpt>
      <trkpt lat="49.141347" lon="20.203098"><ele>1109.6</ele></trkpt>
      <trkpt lat="49.141338" lon="20.203150"><ele>1109.6</ele></trkpt>
      <trkpt lat="49.141328" lon="20.203197"><ele>1109.4</ele></trkpt>
      <trkpt lat="49.141309" lon="20.203237"><ele>1109.2</ele></trkpt>
      <trkpt lat="49.141299" lon="20.203264"><ele>1109.0</ele></trkpt>
      <trkpt lat="49.141286" lon="20.203314"><ele>1108.4</ele></trkpt>
      <trkpt lat="49.141267" lon="20.203355"><ele>1107.8</ele></trkpt>
      <trkpt lat="49.141248" lon="20.203400"><ele>1107.2</ele></trkpt>
      <trkpt lat="49.141235" lon="20.203430"><ele>1106.8</ele></trkpt>
      <trkpt lat="49.141222" lon="20.203464"><ele>1106.6</ele></trkpt>
      <trkpt lat="49.141206" lon="20.203504"><ele>1106.2</ele></trkpt>
      <trkpt lat="49.141190" lon="20.203552"><ele>1106.0</ele></trkpt>
      <trkpt lat="49.141168" lon="20.203597"><ele>1105.6</ele></trkpt>
      <trkpt lat="49.141139" lon="20.203651"><ele>1105.2</ele></trkpt>
      <trkpt lat="49.141120" lon="20.203699"><ele>1104.8</ele></trkpt>
      <trkpt lat="49.141098" lon="20.203749"><ele>1104.4</ele></trkpt>
      <trkpt lat="49.141078" lon="20.203797"><ele>1104.0</ele></trkpt>
      <trkpt lat="49.141069" lon="20.203835"><ele>1103.6</ele></trkpt>
      <trkpt lat="49.141053" lon="20.203869"><ele>1103.2</ele></trkpt>
      <trkpt lat="49.141021" lon="20.203902"><ele>1102.8</ele></trkpt>
      <trkpt lat="49.141030" lon="20.203944"><ele>1102.4</ele></trkpt>
      <trkpt lat="49.141030" lon="20.203997"><ele>1101.8</ele></trkpt>
      <trkpt lat="49.141030" lon="20.204051"><ele>1101.4</ele></trkpt>
      <trkpt lat="49.141030" lon="20.204098"><ele>1101.0</ele></trkpt>
      <trkpt lat="49.141021" lon="20.204160"><ele>1100.6</ele></trkpt>
      <trkpt lat="49.141021" lon="20.204203"><ele>1100.2</ele></trkpt>
      <trkpt lat="49.141024" lon="20.204238"><ele>1099.6</ele></trkpt>
      <trkpt lat="49.141040" lon="20.204266"><ele>1099.2</ele></trkpt>
      <trkpt lat="49.141059" lon="20.204302"><ele>1099.0</ele></trkpt>
      <trkpt lat="49.141063" lon="20.204322"><ele>1098.8</ele></trkpt>
      <trkpt lat="49.141072" lon="20.204363"><ele>1098.4</ele></trkpt>
      <trkpt lat="49.141074" lon="20.204391"><ele>1098.2</ele></trkpt>
      <trkpt lat="49.141075" lon="20.204418"><ele>1098.2</ele></trkpt>
      <trkpt lat="49.141088" lon="20.204438"><ele>1098.0</ele></trkpt>
      <trkpt lat="49.141101" lon="20.204467"><ele>1097.8</ele></trkpt>
      <trkpt lat="49.141114" lon="20.204496"><ele>1097.6</ele></trkpt>
      <trkpt lat="49.141133" lon="20.204533"><ele>1097.2</ele></trkpt>
      <trkpt lat="49.141142" lon="20.204571"><ele>1097.0</ele></trkpt>
      <trkpt lat="49.141155" lon="20.204613"><ele>1096.6</ele></trkpt>
      <trkpt lat="49.141181" lon="20.204645"><ele>1096.2</ele></trkpt>
      <trkpt lat="49.141194" lon="20.204683"><ele>1096.0</ele></trkpt>
      <trkpt lat="49.141206" lon="20.204715"><ele>1095.8</ele></trkpt>
      <trkpt lat="49.141216" lon="20.204739"><ele>1095.6</ele></trkpt>
      <trkpt lat="49.141226" lon="20.204770"><ele>1095.4</ele></trkpt>
      <trkpt lat="49.141232" lon="20.204790"><ele>1095.2</ele></trkpt>
      <trkpt lat="49.141235" lon="20.204822"><ele>1095.2</ele></trkpt>
      <trkpt lat="49.141242" lon="20.204854"><ele>1094.8</ele></trkpt>
      <trkpt lat="49.141251" lon="20.204890"><ele>1094.6</ele></trkpt>
      <trkpt lat="49.141251" lon="20.204925"><ele>1094.4</ele></trkpt>
      <trkpt lat="49.141248" lon="20.204963"><ele>1094.2</ele></trkpt>
      <trkpt lat="49.141235" lon="20.205037"><ele>1094.2</ele></trkpt>
      <trkpt lat="49.141242" lon="20.205107"><ele>1094.0</ele></trkpt>
      <trkpt lat="49.141229" lon="20.205158"><ele>1093.6</ele></trkpt>
      <trkpt lat="49.141216" lon="20.205187"><ele>1093.2</ele></trkpt>
      <trkpt lat="49.141187" lon="20.205227"><ele>1093.0</ele></trkpt>
      <trkpt lat="49.141178" lon="20.205261"><ele>1092.8</ele></trkpt>
      <trkpt lat="49.141178" lon="20.205291"><ele>1092.4</ele></trkpt>
      <trkpt lat="49.141192" lon="20.205315"><ele>1092.2</ele></trkpt>
      <trkpt lat="49.141206" lon="20.205339"><ele>1091.8</ele></trkpt>
      <trkpt lat="49.141216" lon="20.205374"><ele>1091.4</ele></trkpt>
      <trkpt lat="49.141219" lon="20.205406"><ele>1091.2</ele></trkpt>
      <trkpt lat="49.141229" lon="20.205430"><ele>1091.0</ele></trkpt>
      <trkpt lat="49.141235" lon="20.205461"><ele>1090.8</ele></trkpt>
      <trkpt lat="49.141242" lon="20.205493"><ele>1090.6</ele></trkpt>
      <trkpt lat="49.141258" lon="20.205520"><ele>1090.6</ele></trkpt>
      <trkpt lat="49.141274" lon="20.205550"><ele>1090.6</ele></trkpt>
      <trkpt lat="49.141286" lon="20.205592"><ele>1090.6</ele></trkpt>
      <trkpt lat="49.141309" lon="20.205643"><ele>1090.6</ele></trkpt>
      <trkpt lat="49.141331" lon="20.205694"><ele>1090.4</ele></trkpt>
      <trkpt lat="49.141350" lon="20.205738"><ele>1090.2</ele></trkpt>
      <trkpt lat="49.141392" lon="20.205806"><ele>1090.2</ele></trkpt>
      <trkpt lat="49.141430" lon="20.205866"><ele>1090.0</ele></trkpt>
      <trkpt lat="49.141472" lon="20.205934"><ele>1089.8</ele></trkpt>
      <trkpt lat="49.141488" lon="20.205976"><ele>1089.6</ele></trkpt>
      <trkpt lat="49.141507" lon="20.206022"><ele>1089.2</ele></trkpt>
      <trkpt lat="49.141526" lon="20.206051"><ele>1089.0</ele></trkpt>
      <trkpt lat="49.141514" lon="20.206082"><ele>1088.8</ele></trkpt>
      <trkpt lat="49.141533" lon="20.206141"><ele>1088.4</ele></trkpt>
      <trkpt lat="49.141549" lon="20.206182"><ele>1088.2</ele></trkpt>
      <trkpt lat="49.141571" lon="20.206250"><ele>1088.0</ele></trkpt>
      <trkpt lat="49.141587" lon="20.206290"><ele>1087.6</ele></trkpt>
      <trkpt lat="49.141610" lon="20.206312"><ele>1087.2</ele></trkpt>
      <trkpt lat="49.141645" lon="20.206328"><ele>1087.0</ele></trkpt>
      <trkpt lat="49.141658" lon="20.206352"><ele>1086.6</ele></trkpt>
      <trkpt lat="49.141664" lon="20.206389"><ele>1086.2</ele></trkpt>
      <trkpt lat="49.141690" lon="20.206434"><ele>1085.6</ele></trkpt>
      <trkpt lat="49.141696" lon="20.206461"><ele>1085.4</ele></trkpt>
      <trkpt lat="49.141693" lon="20.206491"><ele>1085.2</ele></trkpt>
      <trkpt lat="49.141696" lon="20.206523"><ele>1085.0</ele></trkpt>
      <trkpt lat="49.141706" lon="20.206557"><ele>1084.8</ele></trkpt>
      <trkpt lat="49.141715" lon="20.206600"><ele>1084.6</ele></trkpt>
      <trkpt lat="49.141725" lon="20.206630"><ele>1084.4</ele></trkpt>
      <trkpt lat="49.141728" lon="20.206670"><ele>1084.2</ele></trkpt>
      <trkpt lat="49.141709" lon="20.206710"><ele>1084.0</ele></trkpt>
      <trkpt lat="49.141683" lon="20.206739"><ele>1083.8</ele></trkpt>
      <trkpt lat="49.141648" lon="20.206765"><ele>1083.6</ele></trkpt>
      <trkpt lat="49.141616" lon="20.206790"><ele>1083.6</ele></trkpt>
      <trkpt lat="49.141594" lon="20.206821"><ele>1083.4</ele></trkpt>
      <trkpt lat="49.141574" lon="20.206846"><ele>1083.2</ele></trkpt>
      <trkpt lat="49.141555" lon="20.206869"><ele>1083.0</ele></trkpt>
      <trkpt lat="49.141539" lon="20.206896"><ele>1082.8</ele></trkpt>
      <trkpt lat="49.141526" lon="20.206923"><ele>1082.8</ele></trkpt>
      <trkpt lat="49.141510" lon="20.206949"><ele>1082.6</ele></trkpt>
      <trkpt lat="49.141491" lon="20.206978"><ele>1082.6</ele></trkpt>
      <trkpt lat="49.141472" lon="20.207006"><ele>1082.4</ele></trkpt>
      <trkpt lat="49.141450" lon="20.207043"><ele>1082.2</ele></trkpt>
      <trkpt lat="49.141427" lon="20.207074"><ele>1082.0</ele></trkpt>
      <trkpt lat="49.141402" lon="20.207099"><ele>1082.0</ele></trkpt>
      <trkpt lat="49.141392" lon="20.207138"><ele>1081.8</ele></trkpt>
      <trkpt lat="49.141376" lon="20.207178"><ele>1081.8</ele></trkpt>
      <trkpt lat="49.141350" lon="20.207216"><ele>1081.6</ele></trkpt>
      <trkpt lat="49.141338" lon="20.207243"><ele>1081.6</ele></trkpt>
      <trkpt lat="49.141318" lon="20.207266"><ele>1081.4</ele></trkpt>
      <trkpt lat="49.141306" lon="20.207293"><ele>1081.2</ele></trkpt>
      <trkpt lat="49.141290" lon="20.207312"><ele>1081.0</ele></trkpt>
      <trkpt lat="49.141274" lon="20.207333"><ele>1080.8</ele></trkpt>
      <trkpt lat="49.141258" lon="20.207350"><ele>1080.6</ele></trkpt>
      <trkpt lat="49.141235" lon="20.207366"><ele>1080.4</ele></trkpt>
      <trkpt lat="49.141210" lon="20.207374"><ele>1080.2</ele></trkpt>
      <trkpt lat="49.141181" lon="20.207384"><ele>1080.0</ele></trkpt>
      <trkpt lat="49.141152" lon="20.207395"><ele>1079.6</ele></trkpt>
      <trkpt lat="49.141123" lon="20.207411"><ele>1079.2</ele></trkpt>
      <trkpt lat="49.141101" lon="20.207430"><ele>1078.8</ele></trkpt>
      <trkpt lat="49.141075" lon="20.207450"><ele>1078.4</ele></trkpt>
      <trkpt lat="49.141053" lon="20.207470"><ele>1077.8</ele></trkpt>
      <trkpt lat="49.141024" lon="20.207494"><ele>1077.4</ele></trkpt>
      <trkpt lat="49.141002" lon="20.207525"><ele>1077.0</ele></trkpt>
      <trkpt lat="49.140979" lon="20.207555"><ele>1076.8</ele></trkpt>
      <trkpt lat="49.140954" lon="20.207610"><ele>1076.4</ele></trkpt>
      <trkpt lat="49.140931" lon="20.207650"><ele>1076.0</ele></trkpt>
      <trkpt lat="49.140912" lon="20.207688"><ele>1075.8</ele></trkpt>
      <trkpt lat="49.140896" lon="20.207720"><ele>1075.4</ele></trkpt>
      <trkpt lat="49.140880" lon="20.207758"><ele>1075.0</ele></trkpt>
      <trkpt lat="49.140864" lon="20.207800"><ele>1074.6</ele></trkpt>
      <trkpt lat="49.140851" lon="20.207834"><ele>1074.4</ele></trkpt>
      <trkpt lat="49.140838" lon="20.207864"><ele>1074.0</ele></trkpt>
      <trkpt lat="49.140835" lon="20.207906"><ele>1073.6</ele></trkpt>
      <trkpt lat="49.140822" lon="20.207942"><ele>1073.4</ele></trkpt>
      <trkpt lat="49.140810" lon="20.207978"><ele>1073.0</ele></trkpt>
      <trkpt lat="49.140800" lon="20.208011"><ele>1072.6</ele></trkpt>
      <trkpt lat="49.140784" lon="20.208048"><ele>1072.2</ele></trkpt>
      <trkpt lat="49.140771" lon="20.208080"><ele>1071.8</ele></trkpt>
      <trkpt lat="49.140758" lon="20.208102"><ele>1071.4</ele></trkpt>
      <trkpt lat="49.140746" lon="20.208125"><ele>1071.0</ele></trkpt>
      <trkpt lat="49.140726" lon="20.208152"><ele>1070.4</ele></trkpt>
      <trkpt lat="49.140710" lon="20.208184"><ele>1070.0</ele></trkpt>
      <trkpt lat="49.140691" lon="20.208206"><ele>1069.4</ele></trkpt>
      <trkpt lat="49.140666" lon="20.208237"><ele>1069.0</ele></trkpt>
      <trkpt lat="49.140653" lon="20.208259"><ele>1068.4</ele></trkpt>
      <trkpt lat="49.140637" lon="20.208285"><ele>1068.0</ele></trkpt>
      <trkpt lat="49.140618" lon="20.208309"><ele>1067.8</ele></trkpt>
      <trkpt lat="49.140598" lon="20.208336"><ele>1067.4</ele></trkpt>
      <trkpt lat="49.140579" lon="20.208374"><ele>1067.2</ele></trkpt>
      <trkpt lat="49.140560" lon="20.208408"><ele>1066.8</ele></trkpt>
      <trkpt lat="49.140538" lon="20.208440"><ele>1066.4</ele></trkpt>
      <trkpt lat="49.140515" lon="20.208472"><ele>1066.2</ele></trkpt>
      <trkpt lat="49.140493" lon="20.208507"><ele>1065.8</ele></trkpt>
      <trkpt lat="49.140464" lon="20.208531"><ele>1065.6</ele></trkpt>
      <trkpt lat="49.140445" lon="20.208555"><ele>1065.2</ele></trkpt>
      <trkpt lat="49.140419" lon="20.208582"><ele>1064.8</ele></trkpt>
      <trkpt lat="49.140400" lon="20.208614"><ele>1064.4</ele></trkpt>
      <trkpt lat="49.140378" lon="20.208638"><ele>1064.0</ele></trkpt>
      <trkpt lat="49.140362" lon="20.208661"><ele>1063.8</ele></trkpt>
      <trkpt lat="49.140342" lon="20.208685"><ele>1063.4</ele></trkpt>
      <trkpt lat="49.140320" lon="20.208707"><ele>1063.0</ele></trkpt>
      <trkpt lat="49.140288" lon="20.208731"><ele>1062.6</ele></trkpt>
      <trkpt lat="49.140269" lon="20.208742"><ele>1062.2</ele></trkpt>
      <trkpt lat="49.140243" lon="20.208762"><ele>1061.6</ele></trkpt>
      <trkpt lat="49.140224" lon="20.208786"><ele>1061.2</ele></trkpt>
      <trkpt lat="49.140202" lon="20.208802"><ele>1060.8</ele></trkpt>
      <trkpt lat="49.140176" lon="20.208821"><ele>1060.2</ele></trkpt>
      <trkpt lat="49.140157" lon="20.208842"><ele>1059.8</ele></trkpt>
      <trkpt lat="49.140138" lon="20.208869"><ele>1059.4</ele></trkpt>
      <trkpt lat="49.140118" lon="20.208901"><ele>1058.8</ele></trkpt>
      <trkpt lat="49.140106" lon="20.208949"><ele>1058.2</ele></trkpt>
      <trkpt lat="49.140083" lon="20.208968"><ele>1057.6</ele></trkpt>
      <trkpt lat="49.140067" lon="20.208998"><ele>1057.2</ele></trkpt>
      <trkpt lat="49.140045" lon="20.209035"><ele>1056.8</ele></trkpt>
      <trkpt lat="49.140029" lon="20.209074"><ele>1056.4</ele></trkpt>
      <trkpt lat="49.140016" lon="20.209114"><ele>1056.0</ele></trkpt>
      <trkpt lat="49.139990" lon="20.209150"><ele>1055.4</ele></trkpt>
      <trkpt lat="49.139968" lon="20.209171"><ele>1055.0</ele></trkpt>
      <trkpt lat="49.139949" lon="20.209192"><ele>1054.4</ele></trkpt>
      <trkpt lat="49.139926" lon="20.209206"><ele>1054.0</ele></trkpt>
      <trkpt lat="49.139904" lon="20.209221"><ele>1053.8</ele></trkpt>
      <trkpt lat="49.139882" lon="20.209250"><ele>1053.4</ele></trkpt>
      <trkpt lat="49.139862" lon="20.209272"><ele>1053.2</ele></trkpt>
      <trkpt lat="49.139840" lon="20.209301"><ele>1052.8</ele></trkpt>
      <trkpt lat="49.139818" lon="20.209326"><ele>1052.4</ele></trkpt>
      <trkpt lat="49.139798" lon="20.209341"><ele>1052.2</ele></trkpt>
      <trkpt lat="49.139782" lon="20.209357"><ele>1051.8</ele></trkpt>
      <trkpt lat="49.139763" lon="20.209392"><ele>1051.4</ele></trkpt>
      <trkpt lat="49.139741" lon="20.209419"><ele>1051.0</ele></trkpt>
      <trkpt lat="49.139718" lon="20.209440"><ele>1050.4</ele></trkpt>
      <trkpt lat="49.139702" lon="20.209466"><ele>1050.0</ele></trkpt>
      <trkpt lat="49.139683" lon="20.209491"><ele>1049.6</ele></trkpt>
      <trkpt lat="49.139661" lon="20.209512"><ele>1049.4</ele></trkpt>
      <trkpt lat="49.139632" lon="20.209526"><ele>1048.8</ele></trkpt>
      <trkpt lat="49.139610" lon="20.209536"><ele>1048.4</ele></trkpt>
      <trkpt lat="49.139584" lon="20.209539"><ele>1047.8</ele></trkpt>
      <trkpt lat="49.139558" lon="20.209546"><ele>1047.4</ele></trkpt>
      <trkpt lat="49.139533" lon="20.209549"><ele>1047.0</ele></trkpt>
      <trkpt lat="49.139504" lon="20.209549"><ele>1046.6</ele></trkpt>
      <trkpt lat="49.139475" lon="20.209550"><ele>1046.2</ele></trkpt>
      <trkpt lat="49.139450" lon="20.209562"><ele>1046.0</ele></trkpt>
      <trkpt lat="49.139421" lon="20.209587"><ele>1045.6</ele></trkpt>
      <trkpt lat="49.139402" lon="20.209618"><ele>1045.2</ele></trkpt>
      <trkpt lat="49.139373" lon="20.209654"><ele>1044.6</ele></trkpt>
      <trkpt lat="49.139347" lon="20.209685"><ele>1044.2</ele></trkpt>
      <trkpt lat="49.139312" lon="20.209714"><ele>1043.8</ele></trkpt>
      <trkpt lat="49.139283" lon="20.209734"><ele>1043.4</ele></trkpt>
      <trkpt lat="49.139248" lon="20.209749"><ele>1042.8</ele></trkpt>
      <trkpt lat="49.139222" lon="20.209763"><ele>1042.6</ele></trkpt>
      <trkpt lat="49.139184" lon="20.209789"><ele>1042.2</ele></trkpt>
      <trkpt lat="49.139155" lon="20.209813"><ele>1041.6</ele></trkpt>
      <trkpt lat="49.139126" lon="20.209827"><ele>1041.2</ele></trkpt>
      <trkpt lat="49.139094" lon="20.209840"><ele>1041.0</ele></trkpt>
      <trkpt lat="49.139072" lon="20.209859"><ele>1040.6</ele></trkpt>
      <trkpt lat="49.139050" lon="20.209888"><ele>1040.0</ele></trkpt>
      <trkpt lat="49.139024" lon="20.209917"><ele>1039.6</ele></trkpt>
      <trkpt lat="49.138998" lon="20.209952"><ele>1039.2</ele></trkpt>
      <trkpt lat="49.138970" lon="20.209982"><ele>1038.6</ele></trkpt>
      <trkpt lat="49.138947" lon="20.210002"><ele>1038.2</ele></trkpt>
      <trkpt lat="49.138925" lon="20.210034"><ele>1037.6</ele></trkpt>
      <trkpt lat="49.138896" lon="20.210066"><ele>1037.0</ele></trkpt>
      <trkpt lat="49.138877" lon="20.210091"><ele>1036.6</ele></trkpt>
      <trkpt lat="49.138848" lon="20.210120"><ele>1036.2</ele></trkpt>
      <trkpt lat="49.138826" lon="20.210146"><ele>1035.6</ele></trkpt>
      <trkpt lat="49.138800" lon="20.210176"><ele>1035.2</ele></trkpt>
      <trkpt lat="49.138784" lon="20.210210"><ele>1034.8</ele></trkpt>
      <trkpt lat="49.138758" lon="20.210234"><ele>1034.4</ele></trkpt>
      <trkpt lat="49.138736" lon="20.210262"><ele>1034.0</ele></trkpt>
      <trkpt lat="49.138714" lon="20.210286"><ele>1033.6</ele></trkpt>
      <trkpt lat="49.138691" lon="20.210306"><ele>1033.2</ele></trkpt>
      <trkpt lat="49.138672" lon="20.210330"><ele>1032.8</ele></trkpt>
      <trkpt lat="49.138650" lon="20.210346"><ele>1032.4</ele></trkpt>
      <trkpt lat="49.138627" lon="20.210370"><ele>1032.0</ele></trkpt>
      <trkpt lat="49.138611" lon="20.210390"><ele>1031.6</ele></trkpt>
      <trkpt lat="49.138589" lon="20.210421"><ele>1031.2</ele></trkpt>
      <trkpt lat="49.138566" lon="20.210448"><ele>1030.8</ele></trkpt>
      <trkpt lat="49.138550" lon="20.210472"><ele>1030.4</ele></trkpt>
      <trkpt lat="49.138522" lon="20.210504"><ele>1030.0</ele></trkpt>
      <trkpt lat="49.138493" lon="20.210525"><ele>1029.6</ele></trkpt>
      <trkpt lat="49.138461" lon="20.210542"><ele>1028.8</ele></trkpt>
      <trkpt lat="49.138435" lon="20.210554"><ele>1028.0</ele></trkpt>
      <trkpt lat="49.138410" lon="20.210568"><ele>1027.2</ele></trkpt>
      <trkpt lat="49.138390" lon="20.210579"><ele>1026.8</ele></trkpt>
      <trkpt lat="49.138374" lon="20.210594"><ele>1026.4</ele></trkpt>
      <trkpt lat="49.138355" lon="20.210606"><ele>1026.4</ele></trkpt>
      <trkpt lat="49.138336" lon="20.210614"><ele>1025.6</ele></trkpt>
      <trkpt lat="49.138314" lon="20.210630"><ele>1025.2</ele></trkpt>
      <trkpt lat="49.138291" lon="20.210667"><ele>1024.6</ele></trkpt>
      <trkpt lat="49.138269" lon="20.210702"><ele>1024.6</ele></trkpt>
      <trkpt lat="49.138250" lon="20.210750"><ele>1023.8</ele></trkpt>
      <trkpt lat="49.138218" lon="20.210832"><ele>1023.4</ele></trkpt>
      <trkpt lat="49.138195" lon="20.210886"><ele>1023.2</ele></trkpt>
      <trkpt lat="49.138176" lon="20.210928"><ele>1022.8</ele></trkpt>
      <trkpt lat="49.138157" lon="20.210978"><ele>1022.4</ele></trkpt>
      <trkpt lat="49.138141" lon="20.211037"><ele>1022.0</ele></trkpt>
      <trkpt lat="49.138125" lon="20.211096"><ele>1021.6</ele></trkpt>
      <trkpt lat="49.138115" lon="20.211136"><ele>1021.4</ele></trkpt>
      <trkpt lat="49.138102" lon="20.211178"><ele>1021.2</ele></trkpt>
      <trkpt lat="49.138090" lon="20.211222"><ele>1020.8</ele></trkpt>
      <trkpt lat="49.138074" lon="20.211259"><ele>1020.4</ele></trkpt>
      <trkpt lat="49.138064" lon="20.211296"><ele>1020.2</ele></trkpt>
      <trkpt lat="49.138061" lon="20.211326"><ele>1019.8</ele></trkpt>
      <trkpt lat="49.138054" lon="20.211363"><ele>1019.6</ele></trkpt>
      <trkpt lat="49.138042" lon="20.211397"><ele>1019.2</ele></trkpt>
      <trkpt lat="49.138026" lon="20.211438"><ele>1018.8</ele></trkpt>
      <trkpt lat="49.138013" lon="20.211475"><ele>1018.6</ele></trkpt>
      <trkpt lat="49.138000" lon="20.211512"><ele>1018.2</ele></trkpt>
      <trkpt lat="49.137984" lon="20.211547"><ele>1018.0</ele></trkpt>
      <trkpt lat="49.137971" lon="20.211584"><ele>1017.6</ele></trkpt>
      <trkpt lat="49.137952" lon="20.211622"><ele>1017.4</ele></trkpt>
      <trkpt lat="49.137923" lon="20.211653"><ele>1017.0</ele></trkpt>
      <trkpt lat="49.137901" lon="20.211680"><ele>1016.8</ele></trkpt>
      <trkpt lat="49.137872" lon="20.211709"><ele>1016.4</ele></trkpt>
      <trkpt lat="49.137843" lon="20.211730"><ele>1016.2</ele></trkpt>
      <trkpt lat="49.137818" lon="20.211752"><ele>1015.8</ele></trkpt>
      <trkpt lat="49.137792" lon="20.211774"><ele>1015.6</ele></trkpt>
      <trkpt lat="49.137766" lon="20.211802"><ele>1015.2</ele></trkpt>
      <trkpt lat="49.137741" lon="20.211824"><ele>1014.8</ele></trkpt>
      <trkpt lat="49.137715" lon="20.211851"><ele>1014.6</ele></trkpt>
      <trkpt lat="49.137680" lon="20.211875"><ele>1014.2</ele></trkpt>
      <trkpt lat="49.137654" lon="20.211893"><ele>1013.8</ele></trkpt>
      <trkpt lat="49.137626" lon="20.211914"><ele>1013.4</ele></trkpt>
      <trkpt lat="49.137600" lon="20.211933"><ele>1013.2</ele></trkpt>
      <trkpt lat="49.137574" lon="20.211944"><ele>1012.8</ele></trkpt>
      <trkpt lat="49.137546" lon="20.211960"><ele>1012.6</ele></trkpt>
      <trkpt lat="49.137526" lon="20.211981"><ele>1012.4</ele></trkpt>
      <trkpt lat="49.137507" lon="20.212003"><ele>1012.0</ele></trkpt>
      <trkpt lat="49.137488" lon="20.212034"><ele>1011.6</ele></trkpt>
      <trkpt lat="49.137469" lon="20.212062"><ele>1011.4</ele></trkpt>
      <trkpt lat="49.137450" lon="20.212093"><ele>1011.0</ele></trkpt>
      <trkpt lat="49.137434" lon="20.212128"><ele>1010.8</ele></trkpt>
      <trkpt lat="49.137418" lon="20.212170"><ele>1010.6</ele></trkpt>
      <trkpt lat="49.137402" lon="20.212206"><ele>1010.4</ele></trkpt>
      <trkpt lat="49.137395" lon="20.212246"><ele>1010.2</ele></trkpt>
      <trkpt lat="49.137386" lon="20.212309"><ele>1010.0</ele></trkpt>
      <trkpt lat="49.137376" lon="20.212350"><ele>1009.8</ele></trkpt>
      <trkpt lat="49.137366" lon="20.212384"><ele>1009.6</ele></trkpt>
      <trkpt lat="49.137363" lon="20.212440"><ele>1009.4</ele></trkpt>
      <trkpt lat="49.137350" lon="20.212486"><ele>1009.4</ele></trkpt>
      <trkpt lat="49.137347" lon="20.212538"><ele>1009.0</ele></trkpt>
      <trkpt lat="49.137347" lon="20.212579"><ele>1008.8</ele></trkpt>
      <trkpt lat="49.137350" lon="20.212626"><ele>1008.6</ele></trkpt>
      <trkpt lat="49.137350" lon="20.212666"><ele>1008.4</ele></trkpt>
      <trkpt lat="49.137360" lon="20.212715"><ele>1008.2</ele></trkpt>
      <trkpt lat="49.137360" lon="20.212768"><ele>1008.0</ele></trkpt>
      <trkpt lat="49.137366" lon="20.212813"><ele>1008.0</ele></trkpt>
      <trkpt lat="49.137370" lon="20.212842"><ele>1008.0</ele></trkpt>
      <trkpt lat="49.137379" lon="20.212875"><ele>1007.8</ele></trkpt>
      <trkpt lat="49.137386" lon="20.212907"><ele>1007.8</ele></trkpt>
      <trkpt lat="49.137398" lon="20.212944"><ele>1007.8</ele></trkpt>
      <trkpt lat="49.137414" lon="20.212971"><ele>1007.8</ele></trkpt>
      <trkpt lat="49.137421" lon="20.213002"><ele>1008.0</ele></trkpt>
      <trkpt lat="49.137434" lon="20.213027"><ele>1008.0</ele></trkpt>
      <trkpt lat="49.137443" lon="20.213069"><ele>1008.0</ele></trkpt>
      <trkpt lat="49.137450" lon="20.213104"><ele>1008.0</ele></trkpt>
      <trkpt lat="49.137466" lon="20.213136"><ele>1008.0</ele></trkpt>
      <trkpt lat="49.137482" lon="20.213174"><ele>1008.2</ele></trkpt>
      <trkpt lat="49.137494" lon="20.213210"><ele>1008.0</ele></trkpt>
      <trkpt lat="49.137507" lon="20.213242"><ele>1008.0</ele></trkpt>
      <trkpt lat="49.137523" lon="20.213278"><ele>1008.0</ele></trkpt>
      <trkpt lat="49.137539" lon="20.213314"><ele>1008.0</ele></trkpt>
      <trkpt lat="49.137558" lon="20.213352"><ele>1008.0</ele></trkpt>
      <trkpt lat="49.137574" lon="20.213389"><ele>1007.8</ele></trkpt>
      <trkpt lat="49.137594" lon="20.213424"><ele>1007.8</ele></trkpt>
      <trkpt lat="49.137613" lon="20.213459"><ele>1007.8</ele></trkpt>
      <trkpt lat="49.137626" lon="20.213486"><ele>1007.8</ele></trkpt>
      <trkpt lat="49.137648" lon="20.213517"><ele>1007.8</ele></trkpt>
      <trkpt lat="49.137664" lon="20.213542"><ele>1008.0</ele></trkpt>
      <trkpt lat="49.137683" lon="20.213576"><ele>1008.0</ele></trkpt>
      <trkpt lat="49.137702" lon="20.213610"><ele>1008.0</ele></trkpt>
      <trkpt lat="49.137722" lon="20.213640"><ele>1007.8</ele></trkpt>
      <trkpt lat="49.137738" lon="20.213659"><ele>1007.8</ele></trkpt>
      <trkpt lat="49.137760" lon="20.213690"><ele>1007.8</ele></trkpt>
      <trkpt lat="49.137779" lon="20.213718"><ele>1007.8</ele></trkpt>
      <trkpt lat="49.137798" lon="20.213747"><ele>1007.8</ele></trkpt>
      <trkpt lat="49.137814" lon="20.213776"><ele>1007.8</ele></trkpt>
      <trkpt lat="49.137834" lon="20.213805"><ele>1007.6</ele></trkpt>
      <trkpt lat="49.137853" lon="20.213838"><ele>1007.6</ele></trkpt>
      <trkpt lat="49.137872" lon="20.213866"><ele>1007.6</ele></trkpt>
      <trkpt lat="49.137885" lon="20.213896"><ele>1007.6</ele></trkpt>
      <trkpt lat="49.137901" lon="20.213926"><ele>1007.6</ele></trkpt>
      <trkpt lat="49.137917" lon="20.213955"><ele>1007.6</ele></trkpt>
      <trkpt lat="49.137933" lon="20.213986"><ele>1007.6</ele></trkpt>
      <trkpt lat="49.137946" lon="20.214018"><ele>1007.6</ele></trkpt>
      <trkpt lat="49.137962" lon="20.214040"><ele>1007.4</ele></trkpt>
      <trkpt lat="49.137978" lon="20.214067"><ele>1007.4</ele></trkpt>
      <trkpt lat="49.137997" lon="20.214093"><ele>1007.2</ele></trkpt>
      <trkpt lat="49.138016" lon="20.214128"><ele>1007.2</ele></trkpt>
      <trkpt lat="49.138035" lon="20.214158"><ele>1007.0</ele></trkpt>
      <trkpt lat="49.138054" lon="20.214184"><ele>1007.0</ele></trkpt>
      <trkpt lat="49.138077" lon="20.214208"><ele>1007.0</ele></trkpt>
      <trkpt lat="49.138093" lon="20.214234"><ele>1007.0</ele></trkpt>
      <trkpt lat="49.138109" lon="20.214261"><ele>1007.0</ele></trkpt>
      <trkpt lat="49.138122" lon="20.214291"><ele>1007.0</ele></trkpt>
      <trkpt lat="49.138138" lon="20.214322"><ele>1007.0</ele></trkpt>
      <trkpt lat="49.138157" lon="20.214355"><ele>1007.0</ele></trkpt>
      <trkpt lat="49.138173" lon="20.214382"><ele>1007.0</ele></trkpt>
      <trkpt lat="49.138189" lon="20.214410"><ele>1006.8</ele></trkpt>
      <trkpt lat="49.138202" lon="20.214445"><ele>1006.8</ele></trkpt>
      <trkpt lat="49.138218" lon="20.214477"><ele>1006.8</ele></trkpt>
      <trkpt lat="49.138230" lon="20.214506"><ele>1006.8</ele></trkpt>
      <trkpt lat="49.138243" lon="20.214534"><ele>1006.8</ele></trkpt>
      <trkpt lat="49.138256" lon="20.214560"><ele>1006.6</ele></trkpt>
      <trkpt lat="49.138275" lon="20.214586"><ele>1006.6</ele></trkpt>
      <trkpt lat="49.138291" lon="20.214614"><ele>1006.4</ele></trkpt>
      <trkpt lat="49.138307" lon="20.214642"><ele>1006.4</ele></trkpt>
      <trkpt lat="49.138317" lon="20.214680"><ele>1006.2</ele></trkpt>
      <trkpt lat="49.138330" lon="20.214714"><ele>1006.2</ele></trkpt>
      <trkpt lat="49.138336" lon="20.214744"><ele>1006.2</ele></trkpt>
      <trkpt lat="49.138342" lon="20.214781"><ele>1006.2</ele></trkpt>
      <trkpt lat="49.138352" lon="20.214818"><ele>1006.2</ele></trkpt>
      <trkpt lat="49.138355" lon="20.214850"><ele>1006.2</ele></trkpt>
      <trkpt lat="49.138352" lon="20.214886"><ele>1006.2</ele></trkpt>
      <trkpt lat="49.138349" lon="20.214922"><ele>1006.2</ele></trkpt>
      <trkpt lat="49.138339" lon="20.214958"><ele>1006.2</ele></trkpt>
      <trkpt lat="49.138336" lon="20.215002"><ele>1006.2</ele></trkpt>
      <trkpt lat="49.138330" lon="20.215048"><ele>1006.0</ele></trkpt>
      <trkpt lat="49.138330" lon="20.215094"><ele>1006.0</ele></trkpt>
      <trkpt lat="49.138333" lon="20.215134"><ele>1005.8</ele></trkpt>
      <trkpt lat="49.138339" lon="20.215171"><ele>1005.6</ele></trkpt>
      <trkpt lat="49.138349" lon="20.215211"><ele>1005.4</ele></trkpt>
      <trkpt lat="49.138358" lon="20.215246"><ele>1005.4</ele></trkpt>
      <trkpt lat="49.138371" lon="20.215280"><ele>1005.2</ele></trkpt>
      <trkpt lat="49.138390" lon="20.215325"><ele>1005.2</ele></trkpt>
      <trkpt lat="49.138410" lon="20.215363"><ele>1005.2</ele></trkpt>
      <trkpt lat="49.138429" lon="20.215394"><ele>1005.2</ele></trkpt>
      <trkpt lat="49.138448" lon="20.215419"><ele>1005.2</ele></trkpt>
      <trkpt lat="49.138458" lon="20.215445"><ele>1005.2</ele></trkpt>
      <trkpt lat="49.138477" lon="20.215482"><ele>1005.2</ele></trkpt>
      <trkpt lat="49.138486" lon="20.215506"><ele>1005.2</ele></trkpt>
      <trkpt lat="49.138493" lon="20.215538"><ele>1005.2</ele></trkpt>
      <trkpt lat="49.138499" lon="20.215576"><ele>1005.2</ele></trkpt>
      <trkpt lat="49.138515" lon="20.215613"><ele>1005.4</ele></trkpt>
      <trkpt lat="49.138522" lon="20.215653"><ele>1005.4</ele></trkpt>
      <trkpt lat="49.138534" lon="20.215686"><ele>1005.4</ele></trkpt>
      <trkpt lat="49.138547" lon="20.215723"><ele>1005.6</ele></trkpt>
      <trkpt lat="49.138554" lon="20.215760"><ele>1005.6</ele></trkpt>
      <trkpt lat="49.138570" lon="20.215790"><ele>1005.6</ele></trkpt>
      <trkpt lat="49.138579" lon="20.215824"><ele>1005.6</ele></trkpt>
      <trkpt lat="49.138595" lon="20.215859"><ele>1005.8</ele></trkpt>
      <trkpt lat="49.138614" lon="20.215891"><ele>1005.8</ele></trkpt>
      <trkpt lat="49.138630" lon="20.215917"><ele>1005.8</ele></trkpt>
      <trkpt lat="49.138646" lon="20.215954"><ele>1006.0</ele></trkpt>
      <trkpt lat="49.138659" lon="20.215995"><ele>1006.0</ele></trkpt>
      <trkpt lat="49.138672" lon="20.216034"><ele>1006.2</ele></trkpt>
      <trkpt lat="49.138691" lon="20.216064"><ele>1006.4</ele></trkpt>
      <trkpt lat="49.138710" lon="20.216093"><ele>1006.4</ele></trkpt>
      <trkpt lat="49.138722" lon="20.216121"><ele>1006.4</ele></trkpt>
      <trkpt lat="49.138733" lon="20.216149"><ele>1006.4</ele></trkpt>
      <trkpt lat="49.138749" lon="20.216182"><ele>1006.4</ele></trkpt>
      <trkpt lat="49.138771" lon="20.216230"><ele>1006.2</ele></trkpt>
      <trkpt lat="49.138787" lon="20.216261"><ele>1006.2</ele></trkpt>
      <trkpt lat="49.138810" lon="20.216307"><ele>1006.4</ele></trkpt>
      <trkpt lat="49.138826" lon="20.216338"><ele>1006.4</ele></trkpt>
      <trkpt lat="49.138845" lon="20.216371"><ele>1006.4</ele></trkpt>
      <trkpt lat="49.138867" lon="20.216406"><ele>1006.4</ele></trkpt>
      <trkpt lat="49.138883" lon="20.216440"><ele>1006.4</ele></trkpt>
      <trkpt lat="49.138899" lon="20.216470"><ele>1006.4</ele></trkpt>
      <trkpt lat="49.138915" lon="20.216499"><ele>1006.4</ele></trkpt>
      <trkpt lat="49.138934" lon="20.216538"><ele>1006.4</ele></trkpt>
      <trkpt lat="49.138947" lon="20.216574"><ele>1006.4</ele></trkpt>
      <trkpt lat="49.138966" lon="20.216610"><ele>1006.6</ele></trkpt>
      <trkpt lat="49.138973" lon="20.216646"><ele>1006.8</ele></trkpt>
      <trkpt lat="49.138989" lon="20.216678"><ele>1007.0</ele></trkpt>
      <trkpt lat="49.138998" lon="20.216709"><ele>1006.8</ele></trkpt>
      <trkpt lat="49.139024" lon="20.216750"><ele>1006.8</ele></trkpt>
      <trkpt lat="49.139043" lon="20.216794"><ele>1007.0</ele></trkpt>
      <trkpt lat="49.139066" lon="20.216832"><ele>1007.0</ele></trkpt>
      <trkpt lat="49.139085" lon="20.216874"><ele>1007.2</ele></trkpt>
      <trkpt lat="49.139091" lon="20.216907"><ele>1007.4</ele></trkpt>
      <trkpt lat="49.139088" lon="20.216939"><ele>1007.8</ele></trkpt>
      <trkpt lat="49.139066" lon="20.216971"><ele>1008.0</ele></trkpt>
      <trkpt lat="49.139046" lon="20.216992"><ele>1008.2</ele></trkpt>
      <trkpt lat="49.139018" lon="20.217011"><ele>1008.0</ele></trkpt>
      <trkpt lat="49.138989" lon="20.217024"><ele>1007.6</ele></trkpt>
      <trkpt lat="49.138957" lon="20.217045"><ele>1007.2</ele></trkpt>
      <trkpt lat="49.138931" lon="20.217053"><ele>1007.0</ele></trkpt>
      <trkpt lat="49.138906" lon="20.217054"><ele>1006.8</ele></trkpt>
      <trkpt lat="49.138877" lon="20.217062"><ele>1006.8</ele></trkpt>
      <trkpt lat="49.138851" lon="20.217067"><ele>1006.6</ele></trkpt>
      <trkpt lat="49.138819" lon="20.217072"><ele>1006.4</ele></trkpt>
      <trkpt lat="49.138790" lon="20.217075"><ele>1006.2</ele></trkpt>
      <trkpt lat="49.138765" lon="20.217082"><ele>1006.0</ele></trkpt>
      <trkpt lat="49.138730" lon="20.217091"><ele>1005.8</ele></trkpt>
      <trkpt lat="49.138701" lon="20.217098"><ele>1005.8</ele></trkpt>
      <trkpt lat="49.138675" lon="20.217106"><ele>1005.8</ele></trkpt>
      <trkpt lat="49.138646" lon="20.217110"><ele>1005.6</ele></trkpt>
      <trkpt lat="49.138614" lon="20.217117"><ele>1005.4</ele></trkpt>
      <trkpt lat="49.138586" lon="20.217131"><ele>1005.0</ele></trkpt>
      <trkpt lat="49.138560" lon="20.217142"><ele>1004.8</ele></trkpt>
      <trkpt lat="49.138528" lon="20.217152"><ele>1004.6</ele></trkpt>
      <trkpt lat="49.138499" lon="20.217160"><ele>1004.2</ele></trkpt>
      <trkpt lat="49.138470" lon="20.217165"><ele>1004.0</ele></trkpt>
      <trkpt lat="49.138438" lon="20.217173"><ele>1003.6</ele></trkpt>
      <trkpt lat="49.138413" lon="20.217182"><ele>1003.2</ele></trkpt>
      <trkpt lat="49.138390" lon="20.217184"><ele>1003.0</ele></trkpt>
      <trkpt lat="49.138355" lon="20.217187"><ele>1002.6</ele></trkpt>
      <trkpt lat="49.138330" lon="20.217190"><ele>1002.4</ele></trkpt>
      <trkpt lat="49.138307" lon="20.217190"><ele>1002.0</ele></trkpt>
      <trkpt lat="49.138288" lon="20.217187"><ele>1001.6</ele></trkpt>
      <trkpt lat="49.138259" lon="20.217195"><ele>1001.2</ele></trkpt>
      <trkpt lat="49.138237" lon="20.217202"><ele>1000.8</ele></trkpt>
      <trkpt lat="49.138214" lon="20.217211"><ele>1000.4</ele></trkpt>
      <trkpt lat="49.138179" lon="20.217222"><ele>999.8</ele></trkpt>
      <trkpt lat="49.138157" lon="20.217230"><ele>999.4</ele></trkpt>
      <trkpt lat="49.138134" lon="20.217237"><ele>999.2</ele></trkpt>
      <trkpt lat="49.138102" lon="20.217243"><ele>998.8</ele></trkpt>
      <trkpt lat="49.138077" lon="20.217251"><ele>998.4</ele></trkpt>
      <trkpt lat="49.138051" lon="20.217261"><ele>998.2</ele></trkpt>
      <trkpt lat="49.138019" lon="20.217274"><ele>998.0</ele></trkpt>
      <trkpt lat="49.137990" lon="20.217285"><ele>997.8</ele></trkpt>
      <trkpt lat="49.137958" lon="20.217291"><ele>997.6</ele></trkpt>
      <trkpt lat="49.137923" lon="20.217302"><ele>997.4</ele></trkpt>
      <trkpt lat="49.137894" lon="20.217315"><ele>997.0</ele></trkpt>
      <trkpt lat="49.137856" lon="20.217323"><ele>996.8</ele></trkpt>
      <trkpt lat="49.137824" lon="20.217330"><ele>996.4</ele></trkpt>
      <trkpt lat="49.137792" lon="20.217330"><ele>996.0</ele></trkpt>
      <trkpt lat="49.137760" lon="20.217317"><ele>995.8</ele></trkpt>
      <trkpt lat="49.137734" lon="20.217304"><ele>995.6</ele></trkpt>
      <trkpt lat="49.137699" lon="20.217291"><ele>995.2</ele></trkpt>
      <trkpt lat="49.137667" lon="20.217282"><ele>995.0</ele></trkpt>
      <trkpt lat="49.137648" lon="20.217270"><ele>994.8</ele></trkpt>
      <trkpt lat="49.137626" lon="20.217251"><ele>994.6</ele></trkpt>
      <trkpt lat="49.137606" lon="20.217240"><ele>994.4</ele></trkpt>
      <trkpt lat="49.137578" lon="20.217237"><ele>994.4</ele></trkpt>
      <trkpt lat="49.137555" lon="20.217251"><ele>994.2</ele></trkpt>
      <trkpt lat="49.137526" lon="20.217266"><ele>994.0</ele></trkpt>
      <trkpt lat="49.137504" lon="20.217286"><ele>993.8</ele></trkpt>
      <trkpt lat="49.137478" lon="20.217310"><ele>993.4</ele></trkpt>
      <trkpt lat="49.137450" lon="20.217341"><ele>993.2</ele></trkpt>
      <trkpt lat="49.137427" lon="20.217370"><ele>993.0</ele></trkpt>
      <trkpt lat="49.137408" lon="20.217394"><ele>992.8</ele></trkpt>
      <trkpt lat="49.137389" lon="20.217419"><ele>992.6</ele></trkpt>
      <trkpt lat="49.137366" lon="20.217445"><ele>992.2</ele></trkpt>
      <trkpt lat="49.137344" lon="20.217469"><ele>992.0</ele></trkpt>
      <trkpt lat="49.137325" lon="20.217485"><ele>991.8</ele></trkpt>
      <trkpt lat="49.137309" lon="20.217499"><ele>991.2</ele></trkpt>
      <trkpt lat="49.137280" lon="20.217518"><ele>990.0</ele></trkpt>
      <trkpt lat="49.137261" lon="20.217534"><ele>989.8</ele></trkpt>
      <trkpt lat="49.137235" lon="20.217550"><ele>989.6</ele></trkpt>
      <trkpt lat="49.137216" lon="20.217571"><ele>989.6</ele></trkpt>
      <trkpt lat="49.137187" lon="20.217597"><ele>989.6</ele></trkpt>
      <trkpt lat="49.137162" lon="20.217621"><ele>989.4</ele></trkpt>
      <trkpt lat="49.137139" lon="20.217648"><ele>989.4</ele></trkpt>
      <trkpt lat="49.137120" lon="20.217670"><ele>989.4</ele></trkpt>
      <trkpt lat="49.137088" lon="20.217704"><ele>989.2</ele></trkpt>
      <trkpt lat="49.137059" lon="20.217733"><ele>989.0</ele></trkpt>
      <trkpt lat="49.137030" lon="20.217758"><ele>988.8</ele></trkpt>
      <trkpt lat="49.137002" lon="20.217779"><ele>988.6</ele></trkpt>
      <trkpt lat="49.136973" lon="20.217798"><ele>988.2</ele></trkpt>
      <trkpt lat="49.136944" lon="20.217811"><ele>987.8</ele></trkpt>
      <trkpt lat="49.136912" lon="20.217827"><ele>987.4</ele></trkpt>
      <trkpt lat="49.136883" lon="20.217840"><ele>987.0</ele></trkpt>
      <trkpt lat="49.136851" lon="20.217856"><ele>986.8</ele></trkpt>
      <trkpt lat="49.136822" lon="20.217870"><ele>986.4</ele></trkpt>
      <trkpt lat="49.136794" lon="20.217878"><ele>986.0</ele></trkpt>
      <trkpt lat="49.136765" lon="20.217890"><ele>985.6</ele></trkpt>
      <trkpt lat="49.136739" lon="20.217899"><ele>985.2</ele></trkpt>
      <trkpt lat="49.136707" lon="20.217898"><ele>985.0</ele></trkpt>
      <trkpt lat="49.136672" lon="20.217885"><ele>984.8</ele></trkpt>
      <trkpt lat="49.136634" lon="20.217869"><ele>984.6</ele></trkpt>
      <trkpt lat="49.136602" lon="20.217851"><ele>984.4</ele></trkpt>
      <trkpt lat="49.136570" lon="20.217822"><ele>984.2</ele></trkpt>
      <trkpt lat="49.136547" lon="20.217782"><ele>984.0</ele></trkpt>
      <trkpt lat="49.136528" lon="20.217749"><ele>983.8</ele></trkpt>
      <trkpt lat="49.136515" lon="20.217712"><ele>983.6</ele></trkpt>
      <trkpt lat="49.136509" lon="20.217682"><ele>983.6</ele></trkpt>
      <trkpt lat="49.136496" lon="20.217650"><ele>983.4</ele></trkpt>
      <trkpt lat="49.136490" lon="20.217614"><ele>983.4</ele></trkpt>
      <trkpt lat="49.136480" lon="20.217581"><ele>983.4</ele></trkpt>
      <trkpt lat="49.136467" lon="20.217542"><ele>983.2</ele></trkpt>
      <trkpt lat="49.136461" lon="20.217502"><ele>983.0</ele></trkpt>
      <trkpt lat="49.136448" lon="20.217469"><ele>982.8</ele></trkpt>
      <trkpt lat="49.136432" lon="20.217435"><ele>982.8</ele></trkpt>
      <trkpt lat="49.136416" lon="20.217400"><ele>982.8</ele></trkpt>
      <trkpt lat="49.136403" lon="20.217366"><ele>982.8</ele></trkpt>
      <trkpt lat="49.136384" lon="20.217342"><ele>982.8</ele></trkpt>
      <trkpt lat="49.136365" lon="20.217330"><ele>982.6</ele></trkpt>
      <trkpt lat="49.136342" lon="20.217331"><ele>982.6</ele></trkpt>
      <trkpt lat="49.136317" lon="20.217334"><ele>982.6</ele></trkpt>
      <trkpt lat="49.136291" lon="20.217342"><ele>982.6</ele></trkpt>
      <trkpt lat="49.136256" lon="20.217360"><ele>982.6</ele></trkpt>
      <trkpt lat="49.136224" lon="20.217376"><ele>982.4</ele></trkpt>
      <trkpt lat="49.136195" lon="20.217389"><ele>982.0</ele></trkpt>
      <trkpt lat="49.136166" lon="20.217403"><ele>981.6</ele></trkpt>
      <trkpt lat="49.136134" lon="20.217416"><ele>981.2</ele></trkpt>
      <trkpt lat="49.136112" lon="20.217432"><ele>980.8</ele></trkpt>
      <trkpt lat="49.136093" lon="20.217458"><ele>980.6</ele></trkpt>
      <trkpt lat="49.136074" lon="20.217474"><ele>980.4</ele></trkpt>
      <trkpt lat="49.136051" lon="20.217488"><ele>980.2</ele></trkpt>
      <trkpt lat="49.136029" lon="20.217501"><ele>980.0</ele></trkpt>
      <trkpt lat="49.136000" lon="20.217512"><ele>980.0</ele></trkpt>
      <trkpt lat="49.135984" lon="20.217528"><ele>979.8</ele></trkpt>
      <trkpt lat="49.135955" lon="20.217541"><ele>979.8</ele></trkpt>
      <trkpt lat="49.135930" lon="20.217555"><ele>979.6</ele></trkpt>
      <trkpt lat="49.135904" lon="20.217574"><ele>979.6</ele></trkpt>
      <trkpt lat="49.135878" lon="20.217592"><ele>979.6</ele></trkpt>
      <trkpt lat="49.135856" lon="20.217608"><ele>979.6</ele></trkpt>
      <trkpt lat="49.135837" lon="20.217621"><ele>979.4</ele></trkpt>
      <trkpt lat="49.135818" lon="20.217638"><ele>979.6</ele></trkpt>
      <trkpt lat="49.135805" lon="20.217659"><ele>979.4</ele></trkpt>
      <trkpt lat="49.135792" lon="20.217701"><ele>979.2</ele></trkpt>
      <trkpt lat="49.135779" lon="20.217730"><ele>979.2</ele></trkpt>
      <trkpt lat="49.135779" lon="20.217730"><ele>979.0</ele></trkpt>
    </trkseg>
  </trk>
</gpx>
